ISO-10303-21;
HEADER;
/* Generated by software containing ST-Developer
 * from STEP Tools, Inc. (www.steptools.com) 
 */

FILE_DESCRIPTION(
/* description */ (''),
/* implementation_level */ '2;1');

FILE_NAME(
/* name */ 
'Z:\\\X2\041F0440043E0435043A0442043D044B0439\X0\ \X2\043E044204340435043B\X0\\\
4INVENTOR \X2\041C043E04340435043B0438\X0\ \X2\043A043E043C043F043B0435043A04420443044E044904380445\X0\\\
\X2\041A043E043C043F043B0435043A04420443044E044904380435\X0\ \X2\043A\X0\ 
\X2\0427041F0423\X0\\\\X2\0428043004400438043A043E\X0\-\X2\04320438043D0442043E0432044B0435\X0\ 
\X2\043F0435044004350434043004470438\X0\\\\X2\041E043F043E0440044B\X0\ 
\X2\0445043E0434043E0432044B0445\X0\ \X2\04320438043D0442043E0432\X0\\\
\X2\041E043F043E0440044B\X0\ \X2\04320438043D0442043E0432\X0\ \X2\0428041F0412\X0\ 
\X2\0441043504400438044F\X0\ BK\\BK 12\\BK-12.stp',
/* time_stamp */ '2023-11-23T16:48:00+03:00',
/* author */ ('User'),
/* organization */ (''),
/* preprocessor_version */ 'ST-DEVELOPER v18',
/* originating_system */ 'Autodesk Inventor 2020',
/* authorisation */ '');

FILE_SCHEMA (('AUTOMOTIVE_DESIGN { 1 0 10303 214 3 1 1 }'));
ENDSEC;

DATA;
#10=MECHANICAL_DESIGN_GEOMETRIC_PRESENTATION_REPRESENTATION('',(#16,#17,
#18,#19,#20,#21,#22,#23,#24,#25,#26,#27,#28,#29,#30,#31,#32,#33,#34,#35,
#36,#37,#38,#39,#40,#41,#42,#43,#44,#45,#46,#47,#48,#49,#50,#51,#52,#53,
#54,#55,#56,#57,#58,#59),#7237);
#11=SHAPE_REPRESENTATION_RELATIONSHIP('SRR','None',#7244,#12);
#12=ADVANCED_BREP_SHAPE_REPRESENTATION('',(#13),#7236);
#13=MANIFOLD_SOLID_BREP('\X2\04220432043504400434043E0435\X0\ \X2\04420435043B043E\X0\1',
#3916);
#14=TOROIDAL_SURFACE('',#4174,7.,1.);
#15=TOROIDAL_SURFACE('',#4180,7.,1.);
#16=STYLED_ITEM('',(#7254),#3840);
#17=STYLED_ITEM('',(#7254),#3843);
#18=STYLED_ITEM('',(#7254),#3844);
#19=STYLED_ITEM('',(#7254),#3845);
#20=STYLED_ITEM('',(#7254),#3846);
#21=STYLED_ITEM('',(#7254),#3847);
#22=STYLED_ITEM('',(#7254),#3848);
#23=STYLED_ITEM('',(#7254),#3849);
#24=STYLED_ITEM('',(#7254),#3850);
#25=STYLED_ITEM('',(#7254),#3851);
#26=STYLED_ITEM('',(#7254),#3852);
#27=STYLED_ITEM('',(#7254),#3853);
#28=STYLED_ITEM('',(#7254),#3854);
#29=STYLED_ITEM('',(#7254),#3855);
#30=STYLED_ITEM('',(#7254),#3856);
#31=STYLED_ITEM('',(#7254),#3857);
#32=STYLED_ITEM('',(#7254),#3860);
#33=STYLED_ITEM('',(#7254),#3863);
#34=STYLED_ITEM('',(#7254),#3864);
#35=STYLED_ITEM('',(#7254),#3865);
#36=STYLED_ITEM('',(#7254),#3866);
#37=STYLED_ITEM('',(#7254),#3867);
#38=STYLED_ITEM('',(#7254),#3868);
#39=STYLED_ITEM('',(#7254),#3869);
#40=STYLED_ITEM('',(#7254),#3870);
#41=STYLED_ITEM('',(#7254),#3871);
#42=STYLED_ITEM('',(#7254),#3872);
#43=STYLED_ITEM('',(#7254),#3873);
#44=STYLED_ITEM('',(#7254),#3874);
#45=STYLED_ITEM('',(#7254),#3875);
#46=STYLED_ITEM('',(#7254),#3876);
#47=STYLED_ITEM('',(#7254),#3877);
#48=STYLED_ITEM('',(#7254),#3884);
#49=STYLED_ITEM('',(#7254),#3885);
#50=STYLED_ITEM('',(#7254),#3886);
#51=STYLED_ITEM('',(#7254),#3887);
#52=STYLED_ITEM('',(#7255),#3888);
#53=STYLED_ITEM('',(#7255),#3889);
#54=STYLED_ITEM('',(#7255),#3890);
#55=STYLED_ITEM('',(#7255),#3891);
#56=STYLED_ITEM('',(#7256),#3896);
#57=STYLED_ITEM('',(#7256),#3897);
#58=STYLED_ITEM('',(#7256),#3898);
#59=STYLED_ITEM('',(#7253),#13);
#60=CYLINDRICAL_SURFACE('',#3988,6.05);
#61=CYLINDRICAL_SURFACE('',#3996,6.05);
#62=CYLINDRICAL_SURFACE('',#4024,3.3);
#63=CYLINDRICAL_SURFACE('',#4028,3.3);
#64=CYLINDRICAL_SURFACE('',#4032,3.3);
#65=CYLINDRICAL_SURFACE('',#4036,3.3);
#66=CYLINDRICAL_SURFACE('',#4046,2.75);
#67=CYLINDRICAL_SURFACE('',#4049,2.75);
#68=CYLINDRICAL_SURFACE('',#4052,2.75);
#69=CYLINDRICAL_SURFACE('',#4055,2.75);
#70=CYLINDRICAL_SURFACE('',#4059,2.75);
#71=CYLINDRICAL_SURFACE('',#4062,2.75);
#72=CYLINDRICAL_SURFACE('',#4065,2.75);
#73=CYLINDRICAL_SURFACE('',#4068,2.75);
#74=CYLINDRICAL_SURFACE('',#4094,3.);
#75=CYLINDRICAL_SURFACE('',#4097,3.5);
#76=CYLINDRICAL_SURFACE('',#4116,3.);
#77=CYLINDRICAL_SURFACE('',#4121,3.5);
#78=CYLINDRICAL_SURFACE('',#4123,3.);
#79=CYLINDRICAL_SURFACE('',#4126,3.5);
#80=CYLINDRICAL_SURFACE('',#4145,3.);
#81=CYLINDRICAL_SURFACE('',#4148,3.5);
#82=CYLINDRICAL_SURFACE('',#4160,12.8);
#83=CYLINDRICAL_SURFACE('',#4165,13.);
#84=CYLINDRICAL_SURFACE('',#4172,7.5);
#85=CYLINDRICAL_SURFACE('',#4173,7.5);
#86=CYLINDRICAL_SURFACE('',#4177,6.);
#87=CYLINDRICAL_SURFACE('',#4186,5.5);
#88=CYLINDRICAL_SURFACE('',#4190,5.4);
#89=CYLINDRICAL_SURFACE('',#4194,2.75);
#90=CYLINDRICAL_SURFACE('',#4195,2.75);
#91=CYLINDRICAL_SURFACE('',#4196,5.5);
#92=CYLINDRICAL_SURFACE('',#4199,5.4);
#93=CYLINDRICAL_SURFACE('',#4202,2.75);
#94=CYLINDRICAL_SURFACE('',#4203,2.75);
#95=CONICAL_SURFACE('',#3983,6.15,0.785398163397449);
#96=CONICAL_SURFACE('',#3991,6.15,0.785398163397448);
#97=CONICAL_SURFACE('',#4017,3.45,0.785398163397452);
#98=CONICAL_SURFACE('',#4026,3.45,0.785398163397452);
#99=CONICAL_SURFACE('',#4030,3.45,0.785398163397453);
#100=CONICAL_SURFACE('',#4034,3.45,0.785398163397453);
#101=CONICAL_SURFACE('',#4038,2.85,0.785398163397448);
#102=CONICAL_SURFACE('',#4047,2.85,0.785398163397448);
#103=CONICAL_SURFACE('',#4050,2.85,0.785398163397448);
#104=CONICAL_SURFACE('',#4053,2.85,0.785398163397448);
#105=CONICAL_SURFACE('',#4056,2.85,0.785398163397448);
#106=CONICAL_SURFACE('',#4060,2.85,0.785398163397448);
#107=CONICAL_SURFACE('',#4063,2.85,0.785398163397448);
#108=CONICAL_SURFACE('',#4066,2.85,0.785398163397448);
#109=CONICAL_SURFACE('',#4152,3.6,0.785398163397448);
#110=CONICAL_SURFACE('',#4153,3.6,0.785398163397448);
#111=CONICAL_SURFACE('',#4154,3.6,0.785398163397448);
#112=CONICAL_SURFACE('',#4155,3.6,0.785398163397448);
#113=CONICAL_SURFACE('',#4170,12.9,0.785398163397449);
#114=CONICAL_SURFACE('',#4171,13.1,0.785398163397448);
#115=CIRCLE('',#3978,2.95);
#116=CIRCLE('',#3979,2.95);
#117=CIRCLE('',#3980,2.95);
#118=CIRCLE('',#3981,2.95);
#119=CIRCLE('',#3984,6.25);
#120=CIRCLE('',#3985,6.05);
#121=CIRCLE('',#3987,7.5);
#122=CIRCLE('',#3989,6.05);
#123=CIRCLE('',#3990,6.05);
#124=CIRCLE('',#3992,6.25);
#125=CIRCLE('',#3993,6.05);
#126=CIRCLE('',#3995,7.5);
#127=CIRCLE('',#3997,6.05);
#128=CIRCLE('',#3998,6.05);
#129=CIRCLE('',#4012,3.7);
#130=CIRCLE('',#4013,3.7);
#131=CIRCLE('',#4014,13.2);
#132=CIRCLE('',#4015,3.7);
#133=CIRCLE('',#4016,3.7);
#134=CIRCLE('',#4018,3.6);
#135=CIRCLE('',#4019,3.3);
#136=CIRCLE('',#4021,3.6);
#137=CIRCLE('',#4022,3.6);
#138=CIRCLE('',#4023,3.6);
#139=CIRCLE('',#4025,3.3);
#140=CIRCLE('',#4027,3.3);
#141=CIRCLE('',#4029,3.3);
#142=CIRCLE('',#4031,3.3);
#143=CIRCLE('',#4033,3.3);
#144=CIRCLE('',#4035,3.3);
#145=CIRCLE('',#4037,3.3);
#146=CIRCLE('',#4039,2.95);
#147=CIRCLE('',#4040,2.75);
#148=CIRCLE('',#4042,2.95);
#149=CIRCLE('',#4043,2.95);
#150=CIRCLE('',#4044,13.);
#151=CIRCLE('',#4045,2.95);
#152=CIRCLE('',#4048,2.75);
#153=CIRCLE('',#4051,2.75);
#154=CIRCLE('',#4054,2.75);
#155=CIRCLE('',#4057,2.75);
#156=CIRCLE('',#4061,2.75);
#157=CIRCLE('',#4064,2.75);
#158=CIRCLE('',#4067,2.75);
#159=CIRCLE('',#4084,5.4);
#160=CIRCLE('',#4085,5.5);
#161=CIRCLE('',#4095,3.);
#162=CIRCLE('',#4096,3.);
#163=CIRCLE('',#4098,3.5);
#164=CIRCLE('',#4099,3.5);
#165=CIRCLE('',#4100,3.5);
#166=CIRCLE('',#4117,3.);
#167=CIRCLE('',#4118,3.);
#168=CIRCLE('',#4120,3.5);
#169=CIRCLE('',#4122,3.5);
#170=CIRCLE('',#4124,3.);
#171=CIRCLE('',#4125,3.);
#172=CIRCLE('',#4127,3.5);
#173=CIRCLE('',#4128,3.5);
#174=CIRCLE('',#4129,3.5);
#175=CIRCLE('',#4146,3.);
#176=CIRCLE('',#4147,3.);
#177=CIRCLE('',#4149,3.5);
#178=CIRCLE('',#4150,3.5);
#179=CIRCLE('',#4161,12.8);
#180=CIRCLE('',#4162,12.8);
#181=CIRCLE('',#4164,7.5);
#182=CIRCLE('',#4166,13.);
#183=CIRCLE('',#4167,13.);
#184=CIRCLE('',#4169,7.5);
#185=CIRCLE('',#4175,6.);
#186=CIRCLE('',#4176,1.);
#187=CIRCLE('',#4178,6.);
#188=CIRCLE('',#4179,6.);
#189=CIRCLE('',#4181,1.);
#190=CIRCLE('',#4187,5.5);
#191=CIRCLE('',#4188,5.5);
#192=CIRCLE('',#4191,5.4);
#193=CIRCLE('',#4192,5.4);
#194=CIRCLE('',#4197,5.5);
#195=CIRCLE('',#4200,5.4);
#196=FACE_BOUND('',#629,.T.);
#197=FACE_BOUND('',#630,.T.);
#198=FACE_BOUND('',#655,.T.);
#199=FACE_BOUND('',#656,.T.);
#200=FACE_BOUND('',#657,.T.);
#201=FACE_BOUND('',#658,.T.);
#202=FACE_BOUND('',#659,.T.);
#203=FACE_BOUND('',#660,.T.);
#204=FACE_BOUND('',#661,.T.);
#205=FACE_BOUND('',#662,.T.);
#206=FACE_BOUND('',#663,.T.);
#207=FACE_BOUND('',#667,.T.);
#208=FACE_BOUND('',#671,.T.);
#209=FACE_BOUND('',#686,.T.);
#210=FACE_BOUND('',#687,.T.);
#211=FACE_BOUND('',#688,.T.);
#212=FACE_BOUND('',#689,.T.);
#213=FACE_BOUND('',#690,.T.);
#214=FACE_BOUND('',#693,.T.);
#215=FACE_BOUND('',#694,.T.);
#216=FACE_BOUND('',#695,.T.);
#217=FACE_BOUND('',#696,.T.);
#218=FACE_BOUND('',#698,.T.);
#219=FACE_BOUND('',#699,.T.);
#220=FACE_BOUND('',#700,.T.);
#221=FACE_BOUND('',#701,.T.);
#222=FACE_BOUND('',#704,.T.);
#223=FACE_BOUND('',#705,.T.);
#224=FACE_BOUND('',#706,.T.);
#225=FACE_BOUND('',#707,.T.);
#226=FACE_BOUND('',#710,.T.);
#227=FACE_BOUND('',#711,.T.);
#228=FACE_BOUND('',#712,.T.);
#229=FACE_BOUND('',#713,.T.);
#230=FACE_BOUND('',#716,.T.);
#231=FACE_BOUND('',#717,.T.);
#232=FACE_BOUND('',#718,.T.);
#233=FACE_BOUND('',#719,.T.);
#234=FACE_BOUND('',#722,.T.);
#235=FACE_BOUND('',#723,.T.);
#236=FACE_BOUND('',#724,.T.);
#237=FACE_BOUND('',#725,.T.);
#238=FACE_BOUND('',#726,.T.);
#239=FACE_BOUND('',#758,.T.);
#240=FACE_BOUND('',#759,.T.);
#241=FACE_BOUND('',#771,.T.);
#242=FACE_BOUND('',#788,.T.);
#243=FACE_BOUND('',#793,.T.);
#244=FACE_BOUND('',#811,.T.);
#245=FACE_BOUND('',#817,.T.);
#246=FACE_BOUND('',#819,.T.);
#247=FACE_BOUND('',#821,.T.);
#248=FACE_BOUND('',#823,.T.);
#249=FACE_BOUND('',#826,.T.);
#250=FACE_BOUND('',#829,.T.);
#251=FACE_BOUND('',#843,.T.);
#252=FACE_BOUND('',#846,.T.);
#253=FACE_BOUND('',#851,.T.);
#254=FACE_BOUND('',#854,.T.);
#255=FACE_BOUND('',#858,.T.);
#256=FACE_BOUND('',#859,.T.);
#257=B_SPLINE_CURVE_WITH_KNOTS('',2,(#5177,#5178,#5179,#5180),
 .UNSPECIFIED.,.F.,.F.,(3,1,3),(0.,1.,2.),.UNSPECIFIED.);
#258=B_SPLINE_CURVE_WITH_KNOTS('',2,(#5182,#5183,#5184,#5185),
 .UNSPECIFIED.,.F.,.F.,(3,1,3),(-2.,-1.,0.),.UNSPECIFIED.);
#259=B_SPLINE_CURVE_WITH_KNOTS('',2,(#5298,#5299,#5300,#5301),
 .UNSPECIFIED.,.F.,.F.,(3,1,3),(0.,1.,2.),.UNSPECIFIED.);
#260=B_SPLINE_CURVE_WITH_KNOTS('',2,(#5305,#5306,#5307,#5308),
 .UNSPECIFIED.,.F.,.F.,(3,1,3),(-2.,-1.,0.),.UNSPECIFIED.);
#261=B_SPLINE_CURVE_WITH_KNOTS('',2,(#5319,#5320,#5321,#5322),
 .UNSPECIFIED.,.F.,.F.,(3,1,3),(0.,1.,2.),.UNSPECIFIED.);
#262=B_SPLINE_CURVE_WITH_KNOTS('',2,(#5325,#5326,#5327,#5328),
 .UNSPECIFIED.,.F.,.F.,(3,1,3),(-2.,-1.,0.),.UNSPECIFIED.);
#263=B_SPLINE_CURVE_WITH_KNOTS('',2,(#5356,#5357,#5358,#5359),
 .UNSPECIFIED.,.F.,.F.,(3,1,3),(0.,1.,2.),.UNSPECIFIED.);
#264=B_SPLINE_CURVE_WITH_KNOTS('',2,(#5362,#5363,#5364,#5365),
 .UNSPECIFIED.,.F.,.F.,(3,1,3),(-2.,-1.,0.),.UNSPECIFIED.);
#265=B_SPLINE_CURVE_WITH_KNOTS('',2,(#5374,#5375,#5376,#5377),
 .UNSPECIFIED.,.F.,.F.,(3,1,3),(0.,1.,2.),.UNSPECIFIED.);
#266=B_SPLINE_CURVE_WITH_KNOTS('',2,(#5378,#5379,#5380,#5381),
 .UNSPECIFIED.,.F.,.F.,(3,1,3),(-2.,-1.,0.),.UNSPECIFIED.);
#267=B_SPLINE_CURVE_WITH_KNOTS('',2,(#5392,#5393,#5394,#5395),
 .UNSPECIFIED.,.F.,.F.,(3,1,3),(0.,1.,2.),.UNSPECIFIED.);
#268=B_SPLINE_CURVE_WITH_KNOTS('',2,(#5399,#5400,#5401,#5402),
 .UNSPECIFIED.,.F.,.F.,(3,1,3),(-2.,-1.,0.),.UNSPECIFIED.);
#269=B_SPLINE_CURVE_WITH_KNOTS('',2,(#5413,#5414,#5415,#5416),
 .UNSPECIFIED.,.F.,.F.,(3,1,3),(0.,1.,2.),.UNSPECIFIED.);
#270=B_SPLINE_CURVE_WITH_KNOTS('',2,(#5419,#5420,#5421,#5422),
 .UNSPECIFIED.,.F.,.F.,(3,1,3),(-2.,-1.,0.),.UNSPECIFIED.);
#271=B_SPLINE_CURVE_WITH_KNOTS('',2,(#5450,#5451,#5452,#5453),
 .UNSPECIFIED.,.F.,.F.,(3,1,3),(0.,1.,2.),.UNSPECIFIED.);
#272=B_SPLINE_CURVE_WITH_KNOTS('',2,(#5456,#5457,#5458,#5459),
 .UNSPECIFIED.,.F.,.F.,(3,1,3),(-2.,-1.,0.),.UNSPECIFIED.);
#273=B_SPLINE_CURVE_WITH_KNOTS('',2,(#5468,#5469,#5470,#5471),
 .UNSPECIFIED.,.F.,.F.,(3,1,3),(0.,1.,2.),.UNSPECIFIED.);
#274=B_SPLINE_CURVE_WITH_KNOTS('',2,(#5472,#5473,#5474,#5475),
 .UNSPECIFIED.,.F.,.F.,(3,1,3),(-2.,-1.,0.),.UNSPECIFIED.);
#275=B_SPLINE_CURVE_WITH_KNOTS('',2,(#5486,#5487,#5488,#5489),
 .UNSPECIFIED.,.F.,.F.,(3,1,3),(0.,1.,2.),.UNSPECIFIED.);
#276=B_SPLINE_CURVE_WITH_KNOTS('',2,(#5493,#5494,#5495,#5496),
 .UNSPECIFIED.,.F.,.F.,(3,1,3),(-2.,-1.,0.),.UNSPECIFIED.);
#277=B_SPLINE_CURVE_WITH_KNOTS('',2,(#5525,#5526,#5527,#5528),
 .UNSPECIFIED.,.F.,.F.,(3,1,3),(0.,1.,2.),.UNSPECIFIED.);
#278=B_SPLINE_CURVE_WITH_KNOTS('',2,(#5530,#5531,#5532,#5533),
 .UNSPECIFIED.,.F.,.F.,(3,1,3),(-2.,-1.,0.),.UNSPECIFIED.);
#279=B_SPLINE_CURVE_WITH_KNOTS('',2,(#5544,#5545,#5546,#5547),
 .UNSPECIFIED.,.F.,.F.,(3,1,3),(0.,1.,2.),.UNSPECIFIED.);
#280=B_SPLINE_CURVE_WITH_KNOTS('',2,(#5549,#5550,#5551,#5552),
 .UNSPECIFIED.,.F.,.F.,(3,1,3),(-2.,-1.,0.),.UNSPECIFIED.);
#281=B_SPLINE_CURVE_WITH_KNOTS('',2,(#5563,#5564,#5565,#5566),
 .UNSPECIFIED.,.F.,.F.,(3,1,3),(0.,1.,2.),.UNSPECIFIED.);
#282=B_SPLINE_CURVE_WITH_KNOTS('',2,(#5568,#5569,#5570,#5571),
 .UNSPECIFIED.,.F.,.F.,(3,1,3),(-2.,-1.,0.),.UNSPECIFIED.);
#283=B_SPLINE_CURVE_WITH_KNOTS('',2,(#5588,#5589,#5590,#5591),
 .UNSPECIFIED.,.F.,.F.,(3,1,3),(0.,1.,2.),.UNSPECIFIED.);
#284=B_SPLINE_CURVE_WITH_KNOTS('',2,(#5593,#5594,#5595,#5596),
 .UNSPECIFIED.,.F.,.F.,(3,1,3),(-2.,-1.,0.),.UNSPECIFIED.);
#285=B_SPLINE_CURVE_WITH_KNOTS('',2,(#5606,#5607,#5608,#5609),
 .UNSPECIFIED.,.F.,.F.,(3,1,3),(0.,1.,2.),.UNSPECIFIED.);
#286=B_SPLINE_CURVE_WITH_KNOTS('',2,(#5610,#5611,#5612,#5613),
 .UNSPECIFIED.,.F.,.F.,(3,1,3),(-2.,-1.,0.),.UNSPECIFIED.);
#287=B_SPLINE_CURVE_WITH_KNOTS('',2,(#5658,#5659,#5660,#5661),
 .UNSPECIFIED.,.F.,.F.,(3,1,3),(0.,1.,2.),.UNSPECIFIED.);
#288=B_SPLINE_CURVE_WITH_KNOTS('',2,(#5663,#5664,#5665,#5666),
 .UNSPECIFIED.,.F.,.F.,(3,1,3),(-2.,-1.,0.),.UNSPECIFIED.);
#289=B_SPLINE_CURVE_WITH_KNOTS('',2,(#5677,#5678,#5679,#5680),
 .UNSPECIFIED.,.F.,.F.,(3,1,3),(0.,1.,2.),.UNSPECIFIED.);
#290=B_SPLINE_CURVE_WITH_KNOTS('',2,(#5682,#5683,#5684,#5685),
 .UNSPECIFIED.,.F.,.F.,(3,1,3),(-2.,-1.,0.),.UNSPECIFIED.);
#291=B_SPLINE_CURVE_WITH_KNOTS('',2,(#5696,#5697,#5698,#5699),
 .UNSPECIFIED.,.F.,.F.,(3,1,3),(0.,1.,2.),.UNSPECIFIED.);
#292=B_SPLINE_CURVE_WITH_KNOTS('',2,(#5701,#5702,#5703,#5704),
 .UNSPECIFIED.,.F.,.F.,(3,1,3),(-2.,-1.,0.),.UNSPECIFIED.);
#293=B_SPLINE_CURVE_WITH_KNOTS('',2,(#5715,#5716,#5717,#5718),
 .UNSPECIFIED.,.F.,.F.,(3,1,3),(0.,1.,2.),.UNSPECIFIED.);
#294=B_SPLINE_CURVE_WITH_KNOTS('',2,(#5720,#5721,#5722,#5723),
 .UNSPECIFIED.,.F.,.F.,(3,1,3),(-2.,-1.,0.),.UNSPECIFIED.);
#295=B_SPLINE_CURVE_WITH_KNOTS('',2,(#5734,#5735,#5736,#5737),
 .UNSPECIFIED.,.F.,.F.,(3,1,3),(0.,1.,2.),.UNSPECIFIED.);
#296=B_SPLINE_CURVE_WITH_KNOTS('',2,(#5739,#5740,#5741,#5742),
 .UNSPECIFIED.,.F.,.F.,(3,1,3),(-2.,-1.,0.),.UNSPECIFIED.);
#297=B_SPLINE_CURVE_WITH_KNOTS('',2,(#5753,#5754,#5755,#5756),
 .UNSPECIFIED.,.F.,.F.,(3,1,3),(0.,1.,2.),.UNSPECIFIED.);
#298=B_SPLINE_CURVE_WITH_KNOTS('',2,(#5758,#5759,#5760,#5761),
 .UNSPECIFIED.,.F.,.F.,(3,1,3),(-2.,-1.,0.),.UNSPECIFIED.);
#299=B_SPLINE_CURVE_WITH_KNOTS('',2,(#5784,#5785,#5786,#5787),
 .UNSPECIFIED.,.F.,.F.,(3,1,3),(0.,1.,2.),.UNSPECIFIED.);
#300=B_SPLINE_CURVE_WITH_KNOTS('',2,(#5789,#5790,#5791,#5792),
 .UNSPECIFIED.,.F.,.F.,(3,1,3),(-2.,-1.,0.),.UNSPECIFIED.);
#301=B_SPLINE_CURVE_WITH_KNOTS('',2,(#5803,#5804,#5805,#5806),
 .UNSPECIFIED.,.F.,.F.,(3,1,3),(0.,1.,2.),.UNSPECIFIED.);
#302=B_SPLINE_CURVE_WITH_KNOTS('',2,(#5808,#5809,#5810,#5811),
 .UNSPECIFIED.,.F.,.F.,(3,1,3),(-2.,-1.,0.),.UNSPECIFIED.);
#303=B_SPLINE_CURVE_WITH_KNOTS('',2,(#5822,#5823,#5824,#5825),
 .UNSPECIFIED.,.F.,.F.,(3,1,3),(0.,1.,2.),.UNSPECIFIED.);
#304=B_SPLINE_CURVE_WITH_KNOTS('',2,(#5827,#5828,#5829,#5830),
 .UNSPECIFIED.,.F.,.F.,(3,1,3),(-2.,-1.,0.),.UNSPECIFIED.);
#305=B_SPLINE_CURVE_WITH_KNOTS('',2,(#5841,#5842,#5843,#5844),
 .UNSPECIFIED.,.F.,.F.,(3,1,3),(0.,1.,2.),.UNSPECIFIED.);
#306=B_SPLINE_CURVE_WITH_KNOTS('',2,(#5846,#5847,#5848,#5849),
 .UNSPECIFIED.,.F.,.F.,(3,1,3),(-2.,-1.,0.),.UNSPECIFIED.);
#307=B_SPLINE_CURVE_WITH_KNOTS('',2,(#5860,#5861,#5862,#5863),
 .UNSPECIFIED.,.F.,.F.,(3,1,3),(0.,1.,2.),.UNSPECIFIED.);
#308=B_SPLINE_CURVE_WITH_KNOTS('',2,(#5865,#5866,#5867,#5868),
 .UNSPECIFIED.,.F.,.F.,(3,1,3),(-2.,-1.,0.),.UNSPECIFIED.);
#309=B_SPLINE_CURVE_WITH_KNOTS('',3,(#6050,#6051,#6052,#6053,#6054,#6055,
#6056,#6057,#6058,#6059,#6060,#6061,#6062,#6063,#6064,#6065,#6066,#6067,
#6068,#6069,#6070,#6071,#6072,#6073,#6074,#6075,#6076,#6077,#6078,#6079,
#6080,#6081,#6082,#6083,#6084,#6085,#6086,#6087,#6088,#6089,#6090,#6091),
 .UNSPECIFIED.,.T.,.F.,(4,2,2,2,2,2,2,2,2,2,2,2,2,2,2,2,2,2,2,2,4),(0.,
0.0572696564891427,0.114539312978285,0.229078625956571,0.338963242957434,
0.448847859958296,0.558732476959158,0.66861709396002,0.783156406938305,
0.840426063427447,0.897695719916589,0.954965376405731,1.01223503289487,
1.12677434587316,1.23665896287402,1.34654357987488,1.45642819687574,1.56631281387661,
1.68085212685489,1.73812178334404,1.79539143983318),.UNSPECIFIED.);
#310=B_SPLINE_CURVE_WITH_KNOTS('',3,(#6093,#6094,#6095,#6096,#6097,#6098,
#6099,#6100,#6101,#6102,#6103,#6104,#6105,#6106,#6107,#6108,#6109,#6110,
#6111,#6112,#6113,#6114,#6115,#6116,#6117,#6118,#6119,#6120,#6121,#6122,
#6123,#6124,#6125,#6126,#6127,#6128,#6129,#6130,#6131,#6132,#6133,#6134),
 .UNSPECIFIED.,.T.,.F.,(4,2,2,2,2,2,2,2,2,2,2,2,2,2,2,2,2,2,2,2,4),(0.,
0.0572696564891427,0.114539312978285,0.229078625956571,0.338963242957434,
0.448847859958296,0.558732476959158,0.668617093960021,0.783156406938305,
0.840426063427447,0.897695719916589,0.954965376405731,1.01223503289487,
1.12677434587316,1.23665896287402,1.34654357987488,1.45642819687574,1.56631281387661,
1.68085212685489,1.73812178334404,1.79539143983318),.UNSPECIFIED.);
#311=B_SPLINE_CURVE_WITH_KNOTS('',3,(#6136,#6137,#6138,#6139,#6140,#6141,
#6142,#6143,#6144,#6145,#6146,#6147,#6148,#6149,#6150,#6151,#6152,#6153,
#6154,#6155,#6156,#6157,#6158,#6159,#6160,#6161,#6162,#6163,#6164,#6165,
#6166,#6167,#6168,#6169,#6170,#6171,#6172,#6173,#6174,#6175,#6176,#6177),
 .UNSPECIFIED.,.T.,.F.,(4,2,2,2,2,2,2,2,2,2,2,2,2,2,2,2,2,2,2,2,4),(0.,
0.0572696564891427,0.114539312978285,0.229078625956571,0.338963242957433,
0.448847859958296,0.558732476959159,0.668617093960021,0.783156406938305,
0.840426063427448,0.89769571991659,0.954965376405732,1.01223503289487,1.12677434587316,
1.23665896287402,1.34654357987488,1.45642819687575,1.56631281387661,1.68085212685489,
1.73812178334404,1.79539143983318),.UNSPECIFIED.);
#312=B_SPLINE_CURVE_WITH_KNOTS('',3,(#6179,#6180,#6181,#6182,#6183,#6184,
#6185,#6186,#6187,#6188,#6189,#6190,#6191,#6192,#6193,#6194,#6195,#6196,
#6197,#6198,#6199,#6200,#6201,#6202,#6203,#6204,#6205,#6206,#6207,#6208,
#6209,#6210,#6211,#6212,#6213,#6214,#6215,#6216,#6217,#6218,#6219,#6220),
 .UNSPECIFIED.,.T.,.F.,(4,2,2,2,2,2,2,2,2,2,2,2,2,2,2,2,2,2,2,2,4),(0.,
0.0572696564891427,0.114539312978285,0.229078625956571,0.338963242957433,
0.448847859958296,0.558732476959158,0.66861709396002,0.783156406938304,
0.840426063427447,0.897695719916589,0.954965376405731,1.01223503289487,
1.12677434587316,1.23665896287402,1.34654357987488,1.45642819687575,1.56631281387661,
1.68085212685489,1.73812178334404,1.79539143983318),.UNSPECIFIED.);
#313=B_SPLINE_CURVE_WITH_KNOTS('',3,(#6230,#6231,#6232,#6233,#6234,#6235,
#6236,#6237,#6238,#6239,#6240,#6241,#6242,#6243,#6244,#6245,#6246,#6247,
#6248,#6249,#6250,#6251,#6252,#6253,#6254,#6255,#6256,#6257,#6258,#6259,
#6260,#6261,#6262,#6263,#6264,#6265,#6266,#6267,#6268,#6269,#6270,#6271),
 .UNSPECIFIED.,.T.,.F.,(4,2,2,2,2,2,2,2,2,2,2,2,2,2,2,2,2,2,2,2,4),(0.,
0.0572696564891427,0.114539312978285,0.229078625956571,0.338963242957433,
0.448847859958296,0.558732476959158,0.66861709396002,0.783156406938305,
0.840426063427447,0.897695719916589,0.954965376405731,1.01223503289487,
1.12677434587316,1.23665896287402,1.34654357987488,1.45642819687574,1.56631281387661,
1.68085212685489,1.73812178334404,1.79539143983318),.UNSPECIFIED.);
#314=B_SPLINE_CURVE_WITH_KNOTS('',3,(#6273,#6274,#6275,#6276,#6277,#6278,
#6279,#6280,#6281,#6282,#6283,#6284,#6285,#6286,#6287,#6288,#6289,#6290,
#6291,#6292,#6293,#6294,#6295,#6296,#6297,#6298,#6299,#6300,#6301,#6302,
#6303,#6304,#6305,#6306,#6307,#6308,#6309,#6310,#6311,#6312,#6313,#6314),
 .UNSPECIFIED.,.T.,.F.,(4,2,2,2,2,2,2,2,2,2,2,2,2,2,2,2,2,2,2,2,4),(0.,
0.0572696564891427,0.114539312978285,0.229078625956571,0.338963242957434,
0.448847859958296,0.558732476959158,0.668617093960021,0.783156406938305,
0.840426063427447,0.897695719916589,0.954965376405732,1.01223503289487,
1.12677434587316,1.23665896287402,1.34654357987488,1.45642819687575,1.56631281387661,
1.68085212685489,1.73812178334404,1.79539143983318),.UNSPECIFIED.);
#315=B_SPLINE_CURVE_WITH_KNOTS('',3,(#6316,#6317,#6318,#6319,#6320,#6321,
#6322,#6323,#6324,#6325,#6326,#6327,#6328,#6329,#6330,#6331,#6332,#6333,
#6334,#6335,#6336,#6337,#6338,#6339,#6340,#6341,#6342,#6343,#6344,#6345,
#6346,#6347,#6348,#6349,#6350,#6351,#6352,#6353,#6354,#6355,#6356,#6357),
 .UNSPECIFIED.,.T.,.F.,(4,2,2,2,2,2,2,2,2,2,2,2,2,2,2,2,2,2,2,2,4),(0.,
0.0572696564891427,0.114539312978285,0.229078625956571,0.338963242957433,
0.448847859958296,0.558732476959159,0.668617093960021,0.783156406938305,
0.840426063427448,0.89769571991659,0.954965376405732,1.01223503289487,1.12677434587316,
1.23665896287402,1.34654357987488,1.45642819687575,1.56631281387661,1.68085212685489,
1.73812178334404,1.79539143983318),.UNSPECIFIED.);
#316=B_SPLINE_CURVE_WITH_KNOTS('',3,(#6359,#6360,#6361,#6362,#6363,#6364,
#6365,#6366,#6367,#6368,#6369,#6370,#6371,#6372,#6373,#6374,#6375,#6376,
#6377,#6378,#6379,#6380,#6381,#6382,#6383,#6384,#6385,#6386,#6387,#6388,
#6389,#6390,#6391,#6392,#6393,#6394,#6395,#6396,#6397,#6398,#6399,#6400),
 .UNSPECIFIED.,.T.,.F.,(4,2,2,2,2,2,2,2,2,2,2,2,2,2,2,2,2,2,2,2,4),(0.,
0.0572696564891427,0.114539312978285,0.229078625956571,0.338963242957433,
0.448847859958296,0.558732476959158,0.66861709396002,0.783156406938304,
0.840426063427446,0.897695719916589,0.954965376405731,1.01223503289487,
1.12677434587316,1.23665896287402,1.34654357987488,1.45642819687575,1.56631281387661,
1.68085212685489,1.73812178334404,1.79539143983318),.UNSPECIFIED.);
#317=B_SPLINE_CURVE_WITH_KNOTS('',3,(#6411,#6412,#6413,#6414,#6415,#6416,
#6417,#6418,#6419,#6420,#6421,#6422,#6423,#6424,#6425,#6426,#6427,#6428,
#6429,#6430,#6431,#6432),.UNSPECIFIED.,.F.,.F.,(4,2,2,2,2,2,2,2,2,2,4),
(0.,0.0572696564891427,0.114539312978285,0.229078625956571,0.338963242957433,
0.448847859958296,0.558732476959158,0.66861709396002,0.783156406938305,
0.840426063427447,0.897695719916589),.UNSPECIFIED.);
#318=B_SPLINE_CURVE_WITH_KNOTS('',3,(#6433,#6434,#6435,#6436,#6437,#6438,
#6439,#6440,#6441,#6442,#6443,#6444,#6445,#6446,#6447,#6448,#6449,#6450,
#6451,#6452,#6453,#6454),.UNSPECIFIED.,.F.,.F.,(4,2,2,2,2,2,2,2,2,2,4),
(0.897695719916589,0.954965376405732,1.01223503289487,1.12677434587316,
1.23665896287402,1.34654357987488,1.45642819687575,1.56631281387661,1.68085212685489,
1.73812178334404,1.79539143983318),.UNSPECIFIED.);
#319=B_SPLINE_CURVE_WITH_KNOTS('',3,(#6457,#6458,#6459,#6460,#6461,#6462,
#6463,#6464,#6465,#6466,#6467,#6468,#6469,#6470,#6471,#6472,#6473,#6474,
#6475,#6476,#6477,#6478),.UNSPECIFIED.,.F.,.F.,(4,2,2,2,2,2,2,2,2,2,4),
(0.,0.0572696564891426,0.114539312978285,0.229078625956571,0.338963242957433,
0.448847859958296,0.558732476959158,0.66861709396002,0.783156406938305,
0.840426063427447,0.897695719916589),.UNSPECIFIED.);
#320=B_SPLINE_CURVE_WITH_KNOTS('',3,(#6479,#6480,#6481,#6482,#6483,#6484,
#6485,#6486,#6487,#6488,#6489,#6490,#6491,#6492,#6493,#6494,#6495,#6496,
#6497,#6498,#6499,#6500),.UNSPECIFIED.,.F.,.F.,(4,2,2,2,2,2,2,2,2,2,4),
(0.897695719916589,0.954965376405732,1.01223503289487,1.12677434587316,
1.23665896287402,1.34654357987488,1.45642819687575,1.56631281387661,1.68085212685489,
1.73812178334404,1.79539143983318),.UNSPECIFIED.);
#321=B_SPLINE_CURVE_WITH_KNOTS('',3,(#6503,#6504,#6505,#6506,#6507,#6508,
#6509,#6510,#6511,#6512,#6513,#6514,#6515,#6516,#6517,#6518,#6519,#6520,
#6521,#6522,#6523,#6524),.UNSPECIFIED.,.F.,.F.,(4,2,2,2,2,2,2,2,2,2,4),
(0.,0.0572696564891427,0.114539312978285,0.229078625956571,0.338963242957433,
0.448847859958296,0.558732476959158,0.66861709396002,0.783156406938305,
0.840426063427447,0.897695719916589),.UNSPECIFIED.);
#322=B_SPLINE_CURVE_WITH_KNOTS('',3,(#6525,#6526,#6527,#6528,#6529,#6530,
#6531,#6532,#6533,#6534,#6535,#6536,#6537,#6538,#6539,#6540,#6541,#6542,
#6543,#6544,#6545,#6546),.UNSPECIFIED.,.F.,.F.,(4,2,2,2,2,2,2,2,2,2,4),
(0.897695719916589,0.954965376405732,1.01223503289487,1.12677434587316,
1.23665896287402,1.34654357987488,1.45642819687575,1.56631281387661,1.68085212685489,
1.73812178334404,1.79539143983318),.UNSPECIFIED.);
#323=B_SPLINE_CURVE_WITH_KNOTS('',3,(#6549,#6550,#6551,#6552,#6553,#6554,
#6555,#6556,#6557,#6558,#6559,#6560,#6561,#6562,#6563,#6564,#6565,#6566,
#6567,#6568,#6569,#6570),.UNSPECIFIED.,.F.,.F.,(4,2,2,2,2,2,2,2,2,2,4),
(0.,0.0572696564891427,0.114539312978285,0.229078625956571,0.338963242957433,
0.448847859958296,0.558732476959159,0.668617093960021,0.783156406938305,
0.840426063427448,0.89769571991659),.UNSPECIFIED.);
#324=B_SPLINE_CURVE_WITH_KNOTS('',3,(#6571,#6572,#6573,#6574,#6575,#6576,
#6577,#6578,#6579,#6580,#6581,#6582,#6583,#6584,#6585,#6586,#6587,#6588,
#6589,#6590,#6591,#6592),.UNSPECIFIED.,.F.,.F.,(4,2,2,2,2,2,2,2,2,2,4),
(0.89769571991659,0.954965376405732,1.01223503289487,1.12677434587316,1.23665896287402,
1.34654357987488,1.45642819687575,1.56631281387661,1.68085212685489,1.73812178334404,
1.79539143983318),.UNSPECIFIED.);
#325=B_SPLINE_CURVE_WITH_KNOTS('',3,(#6603,#6604,#6605,#6606,#6607,#6608,
#6609,#6610,#6611,#6612,#6613,#6614,#6615,#6616,#6617,#6618,#6619,#6620,
#6621,#6622,#6623,#6624),.UNSPECIFIED.,.F.,.F.,(4,2,2,2,2,2,2,2,2,2,4),
(0.,0.0572696564891426,0.114539312978285,0.229078625956571,0.338963242957433,
0.448847859958296,0.558732476959158,0.66861709396002,0.783156406938305,
0.840426063427447,0.897695719916589),.UNSPECIFIED.);
#326=B_SPLINE_CURVE_WITH_KNOTS('',3,(#6625,#6626,#6627,#6628,#6629,#6630,
#6631,#6632,#6633,#6634,#6635,#6636,#6637,#6638,#6639,#6640,#6641,#6642,
#6643,#6644,#6645,#6646),.UNSPECIFIED.,.F.,.F.,(4,2,2,2,2,2,2,2,2,2,4),
(0.897695719916589,0.954965376405732,1.01223503289487,1.12677434587316,
1.23665896287402,1.34654357987488,1.45642819687575,1.56631281387661,1.68085212685489,
1.73812178334404,1.79539143983318),.UNSPECIFIED.);
#327=B_SPLINE_CURVE_WITH_KNOTS('',3,(#6649,#6650,#6651,#6652,#6653,#6654,
#6655,#6656,#6657,#6658,#6659,#6660,#6661,#6662,#6663,#6664,#6665,#6666,
#6667,#6668,#6669,#6670),.UNSPECIFIED.,.F.,.F.,(4,2,2,2,2,2,2,2,2,2,4),
(0.,0.0572696564891426,0.114539312978285,0.229078625956571,0.338963242957433,
0.448847859958296,0.558732476959158,0.66861709396002,0.783156406938305,
0.840426063427447,0.897695719916589),.UNSPECIFIED.);
#328=B_SPLINE_CURVE_WITH_KNOTS('',3,(#6671,#6672,#6673,#6674,#6675,#6676,
#6677,#6678,#6679,#6680,#6681,#6682,#6683,#6684,#6685,#6686,#6687,#6688,
#6689,#6690,#6691,#6692),.UNSPECIFIED.,.F.,.F.,(4,2,2,2,2,2,2,2,2,2,4),
(0.897695719916589,0.954965376405732,1.01223503289487,1.12677434587316,
1.23665896287402,1.34654357987488,1.45642819687575,1.56631281387661,1.68085212685489,
1.73812178334404,1.79539143983318),.UNSPECIFIED.);
#329=B_SPLINE_CURVE_WITH_KNOTS('',3,(#6695,#6696,#6697,#6698,#6699,#6700,
#6701,#6702,#6703,#6704,#6705,#6706,#6707,#6708,#6709,#6710,#6711,#6712,
#6713,#6714,#6715,#6716),.UNSPECIFIED.,.F.,.F.,(4,2,2,2,2,2,2,2,2,2,4),
(0.,0.0572696564891427,0.114539312978285,0.229078625956571,0.338963242957433,
0.448847859958296,0.558732476959158,0.66861709396002,0.783156406938305,
0.840426063427447,0.897695719916589),.UNSPECIFIED.);
#330=B_SPLINE_CURVE_WITH_KNOTS('',3,(#6717,#6718,#6719,#6720,#6721,#6722,
#6723,#6724,#6725,#6726,#6727,#6728,#6729,#6730,#6731,#6732,#6733,#6734,
#6735,#6736,#6737,#6738),.UNSPECIFIED.,.F.,.F.,(4,2,2,2,2,2,2,2,2,2,4),
(0.897695719916589,0.954965376405731,1.01223503289487,1.12677434587316,
1.23665896287402,1.34654357987488,1.45642819687575,1.56631281387661,1.68085212685489,
1.73812178334404,1.79539143983318),.UNSPECIFIED.);
#331=B_SPLINE_CURVE_WITH_KNOTS('',3,(#6741,#6742,#6743,#6744,#6745,#6746,
#6747,#6748,#6749,#6750,#6751,#6752,#6753,#6754,#6755,#6756,#6757,#6758,
#6759,#6760,#6761,#6762),.UNSPECIFIED.,.F.,.F.,(4,2,2,2,2,2,2,2,2,2,4),
(0.,0.0572696564891427,0.114539312978285,0.229078625956571,0.338963242957433,
0.448847859958296,0.558732476959159,0.668617093960021,0.783156406938305,
0.840426063427448,0.89769571991659),.UNSPECIFIED.);
#332=B_SPLINE_CURVE_WITH_KNOTS('',3,(#6763,#6764,#6765,#6766,#6767,#6768,
#6769,#6770,#6771,#6772,#6773,#6774,#6775,#6776,#6777,#6778,#6779,#6780,
#6781,#6782,#6783,#6784),.UNSPECIFIED.,.F.,.F.,(4,2,2,2,2,2,2,2,2,2,4),
(0.89769571991659,0.954965376405732,1.01223503289487,1.12677434587316,1.23665896287402,
1.34654357987488,1.45642819687575,1.56631281387661,1.68085212685489,1.73812178334404,
1.79539143983318),.UNSPECIFIED.);
#333=B_SPLINE_SURFACE_WITH_KNOTS('',2,1,((#5168,#5169),(#5170,#5171),(#5172,
#5173),(#5174,#5175)),.UNSPECIFIED.,.F.,.F.,.F.,(3,1,3),(2,2),(-2.,-1.,
0.),(0.,0.02),.UNSPECIFIED.);
#334=B_SPLINE_SURFACE_WITH_KNOTS('',2,1,((#5288,#5289),(#5290,#5291),(#5292,
#5293),(#5294,#5295)),.UNSPECIFIED.,.F.,.F.,.F.,(3,1,3),(2,2),(0.,1.,2.),
(0.,0.02),.UNSPECIFIED.);
#335=B_SPLINE_SURFACE_WITH_KNOTS('',2,1,((#5310,#5311),(#5312,#5313),(#5314,
#5315),(#5316,#5317)),.UNSPECIFIED.,.F.,.F.,.F.,(3,1,3),(2,2),(0.,1.,2.),
(0.,0.02),.UNSPECIFIED.);
#336=B_SPLINE_SURFACE_WITH_KNOTS('',2,1,((#5347,#5348),(#5349,#5350),(#5351,
#5352),(#5353,#5354)),.UNSPECIFIED.,.F.,.F.,.F.,(3,1,3),(2,2),(0.,1.,2.),
(0.,0.02),.UNSPECIFIED.);
#337=B_SPLINE_SURFACE_WITH_KNOTS('',2,1,((#5366,#5367),(#5368,#5369),(#5370,
#5371),(#5372,#5373)),.UNSPECIFIED.,.F.,.F.,.F.,(3,1,3),(2,2),(0.,1.,2.),
(0.,0.02),.UNSPECIFIED.);
#338=B_SPLINE_SURFACE_WITH_KNOTS('',2,1,((#5382,#5383),(#5384,#5385),(#5386,
#5387),(#5388,#5389)),.UNSPECIFIED.,.F.,.F.,.F.,(3,1,3),(2,2),(0.,1.,2.),
(0.,0.02),.UNSPECIFIED.);
#339=B_SPLINE_SURFACE_WITH_KNOTS('',2,1,((#5404,#5405),(#5406,#5407),(#5408,
#5409),(#5410,#5411)),.UNSPECIFIED.,.F.,.F.,.F.,(3,1,3),(2,2),(0.,1.,2.),
(0.,0.02),.UNSPECIFIED.);
#340=B_SPLINE_SURFACE_WITH_KNOTS('',2,1,((#5441,#5442),(#5443,#5444),(#5445,
#5446),(#5447,#5448)),.UNSPECIFIED.,.F.,.F.,.F.,(3,1,3),(2,2),(0.,1.,2.),
(0.,0.02),.UNSPECIFIED.);
#341=B_SPLINE_SURFACE_WITH_KNOTS('',2,1,((#5460,#5461),(#5462,#5463),(#5464,
#5465),(#5466,#5467)),.UNSPECIFIED.,.F.,.F.,.F.,(3,1,3),(2,2),(0.,1.,2.),
(0.,0.02),.UNSPECIFIED.);
#342=B_SPLINE_SURFACE_WITH_KNOTS('',2,1,((#5476,#5477),(#5478,#5479),(#5480,
#5481),(#5482,#5483)),.UNSPECIFIED.,.F.,.F.,.F.,(3,1,3),(2,2),(-2.,-1.,
0.),(0.,0.02),.UNSPECIFIED.);
#343=B_SPLINE_SURFACE_WITH_KNOTS('',2,1,((#5516,#5517),(#5518,#5519),(#5520,
#5521),(#5522,#5523)),.UNSPECIFIED.,.F.,.F.,.F.,(3,1,3),(2,2),(-2.,-1.,
0.),(0.,0.02),.UNSPECIFIED.);
#344=B_SPLINE_SURFACE_WITH_KNOTS('',2,1,((#5535,#5536),(#5537,#5538),(#5539,
#5540),(#5541,#5542)),.UNSPECIFIED.,.F.,.F.,.F.,(3,1,3),(2,2),(-2.,-1.,
0.),(0.,0.02),.UNSPECIFIED.);
#345=B_SPLINE_SURFACE_WITH_KNOTS('',2,1,((#5554,#5555),(#5556,#5557),(#5558,
#5559),(#5560,#5561)),.UNSPECIFIED.,.F.,.F.,.F.,(3,1,3),(2,2),(-2.,-1.,
0.),(0.,0.02),.UNSPECIFIED.);
#346=B_SPLINE_SURFACE_WITH_KNOTS('',2,1,((#5579,#5580),(#5581,#5582),(#5583,
#5584),(#5585,#5586)),.UNSPECIFIED.,.F.,.F.,.F.,(3,1,3),(2,2),(-2.,-1.,
0.),(0.,0.02),.UNSPECIFIED.);
#347=B_SPLINE_SURFACE_WITH_KNOTS('',2,1,((#5598,#5599),(#5600,#5601),(#5602,
#5603),(#5604,#5605)),.UNSPECIFIED.,.F.,.F.,.F.,(3,1,3),(2,2),(-2.,-1.,
0.),(0.,0.02),.UNSPECIFIED.);
#348=B_SPLINE_SURFACE_WITH_KNOTS('',2,1,((#5649,#5650),(#5651,#5652),(#5653,
#5654),(#5655,#5656)),.UNSPECIFIED.,.F.,.F.,.F.,(3,1,3),(2,2),(-2.,-1.,
0.),(0.,0.02),.UNSPECIFIED.);
#349=B_SPLINE_SURFACE_WITH_KNOTS('',2,1,((#5668,#5669),(#5670,#5671),(#5672,
#5673),(#5674,#5675)),.UNSPECIFIED.,.F.,.F.,.F.,(3,1,3),(2,2),(-2.,-1.,
0.),(0.,0.02),.UNSPECIFIED.);
#350=B_SPLINE_SURFACE_WITH_KNOTS('',2,1,((#5687,#5688),(#5689,#5690),(#5691,
#5692),(#5693,#5694)),.UNSPECIFIED.,.F.,.F.,.F.,(3,1,3),(2,2),(-2.,-1.,
0.),(0.,0.02),.UNSPECIFIED.);
#351=B_SPLINE_SURFACE_WITH_KNOTS('',2,1,((#5706,#5707),(#5708,#5709),(#5710,
#5711),(#5712,#5713)),.UNSPECIFIED.,.F.,.F.,.F.,(3,1,3),(2,2),(-2.,-1.,
0.),(0.,0.02),.UNSPECIFIED.);
#352=B_SPLINE_SURFACE_WITH_KNOTS('',2,1,((#5725,#5726),(#5727,#5728),(#5729,
#5730),(#5731,#5732)),.UNSPECIFIED.,.F.,.F.,.F.,(3,1,3),(2,2),(-2.,-1.,
0.),(0.,0.02),.UNSPECIFIED.);
#353=B_SPLINE_SURFACE_WITH_KNOTS('',2,1,((#5744,#5745),(#5746,#5747),(#5748,
#5749),(#5750,#5751)),.UNSPECIFIED.,.F.,.F.,.F.,(3,1,3),(2,2),(-2.,-1.,
0.),(0.,0.02),.UNSPECIFIED.);
#354=B_SPLINE_SURFACE_WITH_KNOTS('',2,1,((#5775,#5776),(#5777,#5778),(#5779,
#5780),(#5781,#5782)),.UNSPECIFIED.,.F.,.F.,.F.,(3,1,3),(2,2),(-2.,-1.,
0.),(0.,0.02),.UNSPECIFIED.);
#355=B_SPLINE_SURFACE_WITH_KNOTS('',2,1,((#5794,#5795),(#5796,#5797),(#5798,
#5799),(#5800,#5801)),.UNSPECIFIED.,.F.,.F.,.F.,(3,1,3),(2,2),(-2.,-1.,
0.),(0.,0.02),.UNSPECIFIED.);
#356=B_SPLINE_SURFACE_WITH_KNOTS('',2,1,((#5813,#5814),(#5815,#5816),(#5817,
#5818),(#5819,#5820)),.UNSPECIFIED.,.F.,.F.,.F.,(3,1,3),(2,2),(-2.,-1.,
0.),(0.,0.02),.UNSPECIFIED.);
#357=B_SPLINE_SURFACE_WITH_KNOTS('',2,1,((#5832,#5833),(#5834,#5835),(#5836,
#5837),(#5838,#5839)),.UNSPECIFIED.,.F.,.F.,.F.,(3,1,3),(2,2),(-2.,-1.,
0.),(0.,0.02),.UNSPECIFIED.);
#358=B_SPLINE_SURFACE_WITH_KNOTS('',2,1,((#5851,#5852),(#5853,#5854),(#5855,
#5856),(#5857,#5858)),.UNSPECIFIED.,.F.,.F.,.F.,(3,1,3),(2,2),(-2.,-1.,
0.),(0.,0.02),.UNSPECIFIED.);
#359=FACE_OUTER_BOUND('',#579,.T.);
#360=FACE_OUTER_BOUND('',#580,.T.);
#361=FACE_OUTER_BOUND('',#581,.T.);
#362=FACE_OUTER_BOUND('',#582,.T.);
#363=FACE_OUTER_BOUND('',#583,.T.);
#364=FACE_OUTER_BOUND('',#584,.T.);
#365=FACE_OUTER_BOUND('',#585,.T.);
#366=FACE_OUTER_BOUND('',#586,.T.);
#367=FACE_OUTER_BOUND('',#587,.T.);
#368=FACE_OUTER_BOUND('',#588,.T.);
#369=FACE_OUTER_BOUND('',#589,.T.);
#370=FACE_OUTER_BOUND('',#590,.T.);
#371=FACE_OUTER_BOUND('',#591,.T.);
#372=FACE_OUTER_BOUND('',#592,.T.);
#373=FACE_OUTER_BOUND('',#593,.T.);
#374=FACE_OUTER_BOUND('',#594,.T.);
#375=FACE_OUTER_BOUND('',#595,.T.);
#376=FACE_OUTER_BOUND('',#596,.T.);
#377=FACE_OUTER_BOUND('',#597,.T.);
#378=FACE_OUTER_BOUND('',#598,.T.);
#379=FACE_OUTER_BOUND('',#599,.T.);
#380=FACE_OUTER_BOUND('',#600,.T.);
#381=FACE_OUTER_BOUND('',#601,.T.);
#382=FACE_OUTER_BOUND('',#602,.T.);
#383=FACE_OUTER_BOUND('',#603,.T.);
#384=FACE_OUTER_BOUND('',#604,.T.);
#385=FACE_OUTER_BOUND('',#605,.T.);
#386=FACE_OUTER_BOUND('',#606,.T.);
#387=FACE_OUTER_BOUND('',#607,.T.);
#388=FACE_OUTER_BOUND('',#608,.T.);
#389=FACE_OUTER_BOUND('',#609,.T.);
#390=FACE_OUTER_BOUND('',#610,.T.);
#391=FACE_OUTER_BOUND('',#611,.T.);
#392=FACE_OUTER_BOUND('',#612,.T.);
#393=FACE_OUTER_BOUND('',#613,.T.);
#394=FACE_OUTER_BOUND('',#614,.T.);
#395=FACE_OUTER_BOUND('',#615,.T.);
#396=FACE_OUTER_BOUND('',#616,.T.);
#397=FACE_OUTER_BOUND('',#617,.T.);
#398=FACE_OUTER_BOUND('',#618,.T.);
#399=FACE_OUTER_BOUND('',#619,.T.);
#400=FACE_OUTER_BOUND('',#620,.T.);
#401=FACE_OUTER_BOUND('',#621,.T.);
#402=FACE_OUTER_BOUND('',#622,.T.);
#403=FACE_OUTER_BOUND('',#623,.T.);
#404=FACE_OUTER_BOUND('',#624,.T.);
#405=FACE_OUTER_BOUND('',#625,.T.);
#406=FACE_OUTER_BOUND('',#626,.T.);
#407=FACE_OUTER_BOUND('',#627,.T.);
#408=FACE_OUTER_BOUND('',#628,.T.);
#409=FACE_OUTER_BOUND('',#631,.T.);
#410=FACE_OUTER_BOUND('',#632,.T.);
#411=FACE_OUTER_BOUND('',#633,.T.);
#412=FACE_OUTER_BOUND('',#634,.T.);
#413=FACE_OUTER_BOUND('',#635,.T.);
#414=FACE_OUTER_BOUND('',#636,.T.);
#415=FACE_OUTER_BOUND('',#637,.T.);
#416=FACE_OUTER_BOUND('',#638,.T.);
#417=FACE_OUTER_BOUND('',#639,.T.);
#418=FACE_OUTER_BOUND('',#640,.T.);
#419=FACE_OUTER_BOUND('',#641,.T.);
#420=FACE_OUTER_BOUND('',#642,.T.);
#421=FACE_OUTER_BOUND('',#643,.T.);
#422=FACE_OUTER_BOUND('',#644,.T.);
#423=FACE_OUTER_BOUND('',#645,.T.);
#424=FACE_OUTER_BOUND('',#646,.T.);
#425=FACE_OUTER_BOUND('',#647,.T.);
#426=FACE_OUTER_BOUND('',#648,.T.);
#427=FACE_OUTER_BOUND('',#649,.T.);
#428=FACE_OUTER_BOUND('',#650,.T.);
#429=FACE_OUTER_BOUND('',#651,.T.);
#430=FACE_OUTER_BOUND('',#652,.T.);
#431=FACE_OUTER_BOUND('',#653,.T.);
#432=FACE_OUTER_BOUND('',#654,.T.);
#433=FACE_OUTER_BOUND('',#664,.T.);
#434=FACE_OUTER_BOUND('',#665,.T.);
#435=FACE_OUTER_BOUND('',#666,.T.);
#436=FACE_OUTER_BOUND('',#668,.T.);
#437=FACE_OUTER_BOUND('',#669,.T.);
#438=FACE_OUTER_BOUND('',#670,.T.);
#439=FACE_OUTER_BOUND('',#672,.T.);
#440=FACE_OUTER_BOUND('',#673,.T.);
#441=FACE_OUTER_BOUND('',#674,.T.);
#442=FACE_OUTER_BOUND('',#675,.T.);
#443=FACE_OUTER_BOUND('',#676,.T.);
#444=FACE_OUTER_BOUND('',#677,.T.);
#445=FACE_OUTER_BOUND('',#678,.T.);
#446=FACE_OUTER_BOUND('',#679,.T.);
#447=FACE_OUTER_BOUND('',#680,.T.);
#448=FACE_OUTER_BOUND('',#681,.T.);
#449=FACE_OUTER_BOUND('',#682,.T.);
#450=FACE_OUTER_BOUND('',#683,.T.);
#451=FACE_OUTER_BOUND('',#684,.T.);
#452=FACE_OUTER_BOUND('',#685,.T.);
#453=FACE_OUTER_BOUND('',#691,.T.);
#454=FACE_OUTER_BOUND('',#692,.T.);
#455=FACE_OUTER_BOUND('',#697,.T.);
#456=FACE_OUTER_BOUND('',#702,.T.);
#457=FACE_OUTER_BOUND('',#703,.T.);
#458=FACE_OUTER_BOUND('',#708,.T.);
#459=FACE_OUTER_BOUND('',#709,.T.);
#460=FACE_OUTER_BOUND('',#714,.T.);
#461=FACE_OUTER_BOUND('',#715,.T.);
#462=FACE_OUTER_BOUND('',#720,.T.);
#463=FACE_OUTER_BOUND('',#721,.T.);
#464=FACE_OUTER_BOUND('',#727,.T.);
#465=FACE_OUTER_BOUND('',#728,.T.);
#466=FACE_OUTER_BOUND('',#729,.T.);
#467=FACE_OUTER_BOUND('',#730,.T.);
#468=FACE_OUTER_BOUND('',#731,.T.);
#469=FACE_OUTER_BOUND('',#732,.T.);
#470=FACE_OUTER_BOUND('',#733,.T.);
#471=FACE_OUTER_BOUND('',#734,.T.);
#472=FACE_OUTER_BOUND('',#735,.T.);
#473=FACE_OUTER_BOUND('',#736,.T.);
#474=FACE_OUTER_BOUND('',#737,.T.);
#475=FACE_OUTER_BOUND('',#738,.T.);
#476=FACE_OUTER_BOUND('',#739,.T.);
#477=FACE_OUTER_BOUND('',#740,.T.);
#478=FACE_OUTER_BOUND('',#741,.T.);
#479=FACE_OUTER_BOUND('',#742,.T.);
#480=FACE_OUTER_BOUND('',#743,.T.);
#481=FACE_OUTER_BOUND('',#744,.T.);
#482=FACE_OUTER_BOUND('',#745,.T.);
#483=FACE_OUTER_BOUND('',#746,.T.);
#484=FACE_OUTER_BOUND('',#747,.T.);
#485=FACE_OUTER_BOUND('',#748,.T.);
#486=FACE_OUTER_BOUND('',#749,.T.);
#487=FACE_OUTER_BOUND('',#750,.T.);
#488=FACE_OUTER_BOUND('',#751,.T.);
#489=FACE_OUTER_BOUND('',#752,.T.);
#490=FACE_OUTER_BOUND('',#753,.T.);
#491=FACE_OUTER_BOUND('',#754,.T.);
#492=FACE_OUTER_BOUND('',#755,.T.);
#493=FACE_OUTER_BOUND('',#756,.T.);
#494=FACE_OUTER_BOUND('',#757,.T.);
#495=FACE_OUTER_BOUND('',#760,.T.);
#496=FACE_OUTER_BOUND('',#761,.T.);
#497=FACE_OUTER_BOUND('',#762,.T.);
#498=FACE_OUTER_BOUND('',#763,.T.);
#499=FACE_OUTER_BOUND('',#764,.T.);
#500=FACE_OUTER_BOUND('',#765,.T.);
#501=FACE_OUTER_BOUND('',#766,.T.);
#502=FACE_OUTER_BOUND('',#767,.T.);
#503=FACE_OUTER_BOUND('',#768,.T.);
#504=FACE_OUTER_BOUND('',#769,.T.);
#505=FACE_OUTER_BOUND('',#770,.T.);
#506=FACE_OUTER_BOUND('',#772,.T.);
#507=FACE_OUTER_BOUND('',#773,.T.);
#508=FACE_OUTER_BOUND('',#774,.T.);
#509=FACE_OUTER_BOUND('',#775,.T.);
#510=FACE_OUTER_BOUND('',#776,.T.);
#511=FACE_OUTER_BOUND('',#777,.T.);
#512=FACE_OUTER_BOUND('',#778,.T.);
#513=FACE_OUTER_BOUND('',#779,.T.);
#514=FACE_OUTER_BOUND('',#780,.T.);
#515=FACE_OUTER_BOUND('',#781,.T.);
#516=FACE_OUTER_BOUND('',#782,.T.);
#517=FACE_OUTER_BOUND('',#783,.T.);
#518=FACE_OUTER_BOUND('',#784,.T.);
#519=FACE_OUTER_BOUND('',#785,.T.);
#520=FACE_OUTER_BOUND('',#786,.T.);
#521=FACE_OUTER_BOUND('',#787,.T.);
#522=FACE_OUTER_BOUND('',#789,.T.);
#523=FACE_OUTER_BOUND('',#790,.T.);
#524=FACE_OUTER_BOUND('',#791,.T.);
#525=FACE_OUTER_BOUND('',#792,.T.);
#526=FACE_OUTER_BOUND('',#794,.T.);
#527=FACE_OUTER_BOUND('',#795,.T.);
#528=FACE_OUTER_BOUND('',#796,.T.);
#529=FACE_OUTER_BOUND('',#797,.T.);
#530=FACE_OUTER_BOUND('',#798,.T.);
#531=FACE_OUTER_BOUND('',#799,.T.);
#532=FACE_OUTER_BOUND('',#800,.T.);
#533=FACE_OUTER_BOUND('',#801,.T.);
#534=FACE_OUTER_BOUND('',#802,.T.);
#535=FACE_OUTER_BOUND('',#803,.T.);
#536=FACE_OUTER_BOUND('',#804,.T.);
#537=FACE_OUTER_BOUND('',#805,.T.);
#538=FACE_OUTER_BOUND('',#806,.T.);
#539=FACE_OUTER_BOUND('',#807,.T.);
#540=FACE_OUTER_BOUND('',#808,.T.);
#541=FACE_OUTER_BOUND('',#809,.T.);
#542=FACE_OUTER_BOUND('',#810,.T.);
#543=FACE_OUTER_BOUND('',#812,.T.);
#544=FACE_OUTER_BOUND('',#813,.T.);
#545=FACE_OUTER_BOUND('',#814,.T.);
#546=FACE_OUTER_BOUND('',#815,.T.);
#547=FACE_OUTER_BOUND('',#816,.T.);
#548=FACE_OUTER_BOUND('',#818,.T.);
#549=FACE_OUTER_BOUND('',#820,.T.);
#550=FACE_OUTER_BOUND('',#822,.T.);
#551=FACE_OUTER_BOUND('',#824,.T.);
#552=FACE_OUTER_BOUND('',#825,.T.);
#553=FACE_OUTER_BOUND('',#827,.T.);
#554=FACE_OUTER_BOUND('',#828,.T.);
#555=FACE_OUTER_BOUND('',#830,.T.);
#556=FACE_OUTER_BOUND('',#831,.T.);
#557=FACE_OUTER_BOUND('',#832,.T.);
#558=FACE_OUTER_BOUND('',#833,.T.);
#559=FACE_OUTER_BOUND('',#834,.T.);
#560=FACE_OUTER_BOUND('',#835,.T.);
#561=FACE_OUTER_BOUND('',#836,.T.);
#562=FACE_OUTER_BOUND('',#837,.T.);
#563=FACE_OUTER_BOUND('',#838,.T.);
#564=FACE_OUTER_BOUND('',#839,.T.);
#565=FACE_OUTER_BOUND('',#840,.T.);
#566=FACE_OUTER_BOUND('',#841,.T.);
#567=FACE_OUTER_BOUND('',#842,.T.);
#568=FACE_OUTER_BOUND('',#844,.T.);
#569=FACE_OUTER_BOUND('',#845,.T.);
#570=FACE_OUTER_BOUND('',#847,.T.);
#571=FACE_OUTER_BOUND('',#848,.T.);
#572=FACE_OUTER_BOUND('',#849,.T.);
#573=FACE_OUTER_BOUND('',#850,.T.);
#574=FACE_OUTER_BOUND('',#852,.T.);
#575=FACE_OUTER_BOUND('',#853,.T.);
#576=FACE_OUTER_BOUND('',#855,.T.);
#577=FACE_OUTER_BOUND('',#856,.T.);
#578=FACE_OUTER_BOUND('',#857,.T.);
#579=EDGE_LOOP('',(#2491,#2492,#2493,#2494));
#580=EDGE_LOOP('',(#2495,#2496,#2497,#2498));
#581=EDGE_LOOP('',(#2499,#2500,#2501,#2502));
#582=EDGE_LOOP('',(#2503,#2504,#2505,#2506));
#583=EDGE_LOOP('',(#2507,#2508,#2509,#2510));
#584=EDGE_LOOP('',(#2511,#2512,#2513,#2514));
#585=EDGE_LOOP('',(#2515,#2516,#2517,#2518));
#586=EDGE_LOOP('',(#2519,#2520,#2521,#2522));
#587=EDGE_LOOP('',(#2523,#2524,#2525,#2526));
#588=EDGE_LOOP('',(#2527,#2528,#2529,#2530));
#589=EDGE_LOOP('',(#2531,#2532,#2533,#2534));
#590=EDGE_LOOP('',(#2535,#2536,#2537,#2538,#2539,#2540,#2541,#2542,#2543,
#2544,#2545));
#591=EDGE_LOOP('',(#2546,#2547,#2548,#2549));
#592=EDGE_LOOP('',(#2550,#2551,#2552,#2553));
#593=EDGE_LOOP('',(#2554,#2555,#2556,#2557));
#594=EDGE_LOOP('',(#2558,#2559,#2560,#2561));
#595=EDGE_LOOP('',(#2562,#2563,#2564,#2565));
#596=EDGE_LOOP('',(#2566,#2567,#2568,#2569));
#597=EDGE_LOOP('',(#2570,#2571,#2572,#2573));
#598=EDGE_LOOP('',(#2574,#2575,#2576,#2577));
#599=EDGE_LOOP('',(#2578,#2579,#2580,#2581));
#600=EDGE_LOOP('',(#2582,#2583,#2584,#2585));
#601=EDGE_LOOP('',(#2586,#2587,#2588,#2589));
#602=EDGE_LOOP('',(#2590,#2591,#2592,#2593));
#603=EDGE_LOOP('',(#2594,#2595,#2596,#2597,#2598,#2599,#2600,#2601,#2602,
#2603,#2604,#2605));
#604=EDGE_LOOP('',(#2606,#2607,#2608,#2609));
#605=EDGE_LOOP('',(#2610,#2611,#2612,#2613));
#606=EDGE_LOOP('',(#2614,#2615,#2616,#2617));
#607=EDGE_LOOP('',(#2618,#2619,#2620,#2621));
#608=EDGE_LOOP('',(#2622,#2623,#2624,#2625));
#609=EDGE_LOOP('',(#2626,#2627,#2628,#2629));
#610=EDGE_LOOP('',(#2630,#2631,#2632,#2633));
#611=EDGE_LOOP('',(#2634,#2635,#2636,#2637));
#612=EDGE_LOOP('',(#2638,#2639,#2640,#2641));
#613=EDGE_LOOP('',(#2642,#2643,#2644,#2645));
#614=EDGE_LOOP('',(#2646,#2647,#2648,#2649));
#615=EDGE_LOOP('',(#2650,#2651,#2652,#2653));
#616=EDGE_LOOP('',(#2654,#2655,#2656,#2657));
#617=EDGE_LOOP('',(#2658,#2659,#2660,#2661));
#618=EDGE_LOOP('',(#2662,#2663,#2664,#2665));
#619=EDGE_LOOP('',(#2666,#2667,#2668,#2669));
#620=EDGE_LOOP('',(#2670,#2671,#2672,#2673));
#621=EDGE_LOOP('',(#2674,#2675,#2676,#2677));
#622=EDGE_LOOP('',(#2678,#2679,#2680,#2681));
#623=EDGE_LOOP('',(#2682,#2683,#2684,#2685));
#624=EDGE_LOOP('',(#2686,#2687,#2688,#2689));
#625=EDGE_LOOP('',(#2690,#2691,#2692,#2693));
#626=EDGE_LOOP('',(#2694,#2695,#2696,#2697));
#627=EDGE_LOOP('',(#2698,#2699,#2700,#2701));
#628=EDGE_LOOP('',(#2702,#2703,#2704,#2705,#2706,#2707,#2708,#2709,#2710,
#2711));
#629=EDGE_LOOP('',(#2712,#2713,#2714,#2715,#2716,#2717,#2718));
#630=EDGE_LOOP('',(#2719,#2720,#2721,#2722,#2723,#2724,#2725));
#631=EDGE_LOOP('',(#2726,#2727,#2728,#2729));
#632=EDGE_LOOP('',(#2730,#2731,#2732,#2733));
#633=EDGE_LOOP('',(#2734,#2735,#2736,#2737));
#634=EDGE_LOOP('',(#2738,#2739,#2740,#2741));
#635=EDGE_LOOP('',(#2742,#2743,#2744,#2745));
#636=EDGE_LOOP('',(#2746,#2747,#2748,#2749));
#637=EDGE_LOOP('',(#2750,#2751,#2752,#2753));
#638=EDGE_LOOP('',(#2754,#2755,#2756,#2757));
#639=EDGE_LOOP('',(#2758,#2759,#2760,#2761));
#640=EDGE_LOOP('',(#2762,#2763,#2764,#2765));
#641=EDGE_LOOP('',(#2766,#2767,#2768,#2769));
#642=EDGE_LOOP('',(#2770,#2771,#2772,#2773));
#643=EDGE_LOOP('',(#2774,#2775,#2776,#2777));
#644=EDGE_LOOP('',(#2778,#2779,#2780,#2781));
#645=EDGE_LOOP('',(#2782,#2783,#2784,#2785));
#646=EDGE_LOOP('',(#2786,#2787,#2788,#2789));
#647=EDGE_LOOP('',(#2790,#2791,#2792,#2793));
#648=EDGE_LOOP('',(#2794,#2795,#2796,#2797));
#649=EDGE_LOOP('',(#2798,#2799,#2800,#2801));
#650=EDGE_LOOP('',(#2802,#2803,#2804,#2805));
#651=EDGE_LOOP('',(#2806,#2807,#2808,#2809));
#652=EDGE_LOOP('',(#2810,#2811,#2812,#2813));
#653=EDGE_LOOP('',(#2814,#2815,#2816,#2817,#2818,#2819,#2820,#2821,#2822,
#2823,#2824,#2825,#2826,#2827,#2828,#2829,#2830));
#654=EDGE_LOOP('',(#2831,#2832,#2833,#2834,#2835,#2836,#2837,#2838,#2839,
#2840));
#655=EDGE_LOOP('',(#2841,#2842,#2843,#2844,#2845,#2846,#2847,#2848,#2849,
#2850,#2851));
#656=EDGE_LOOP('',(#2852,#2853,#2854,#2855,#2856,#2857,#2858,#2859,#2860,
#2861,#2862,#2863));
#657=EDGE_LOOP('',(#2864,#2865,#2866,#2867,#2868,#2869,#2870,#2871,#2872,
#2873));
#658=EDGE_LOOP('',(#2874,#2875,#2876,#2877));
#659=EDGE_LOOP('',(#2878,#2879,#2880,#2881,#2882,#2883,#2884,#2885,#2886,
#2887,#2888,#2889,#2890,#2891,#2892,#2893,#2894));
#660=EDGE_LOOP('',(#2895));
#661=EDGE_LOOP('',(#2896));
#662=EDGE_LOOP('',(#2897));
#663=EDGE_LOOP('',(#2898));
#664=EDGE_LOOP('',(#2899,#2900,#2901,#2902,#2903,#2904,#2905));
#665=EDGE_LOOP('',(#2906,#2907,#2908,#2909));
#666=EDGE_LOOP('',(#2910));
#667=EDGE_LOOP('',(#2911));
#668=EDGE_LOOP('',(#2912,#2913,#2914,#2915,#2916));
#669=EDGE_LOOP('',(#2917,#2918,#2919,#2920));
#670=EDGE_LOOP('',(#2921));
#671=EDGE_LOOP('',(#2922));
#672=EDGE_LOOP('',(#2923,#2924,#2925,#2926,#2927));
#673=EDGE_LOOP('',(#2928,#2929,#2930,#2931));
#674=EDGE_LOOP('',(#2932,#2933,#2934,#2935));
#675=EDGE_LOOP('',(#2936,#2937,#2938,#2939));
#676=EDGE_LOOP('',(#2940,#2941,#2942,#2943));
#677=EDGE_LOOP('',(#2944,#2945,#2946,#2947));
#678=EDGE_LOOP('',(#2948,#2949,#2950,#2951));
#679=EDGE_LOOP('',(#2952,#2953,#2954,#2955));
#680=EDGE_LOOP('',(#2956,#2957,#2958,#2959));
#681=EDGE_LOOP('',(#2960,#2961,#2962,#2963));
#682=EDGE_LOOP('',(#2964,#2965,#2966,#2967,#2968,#2969,#2970,#2971));
#683=EDGE_LOOP('',(#2972,#2973,#2974,#2975));
#684=EDGE_LOOP('',(#2976,#2977,#2978,#2979));
#685=EDGE_LOOP('',(#2980,#2981,#2982,#2983,#2984,#2985,#2986,#2987));
#686=EDGE_LOOP('',(#2988));
#687=EDGE_LOOP('',(#2989));
#688=EDGE_LOOP('',(#2990));
#689=EDGE_LOOP('',(#2991));
#690=EDGE_LOOP('',(#2992));
#691=EDGE_LOOP('',(#2993,#2994,#2995,#2996));
#692=EDGE_LOOP('',(#2997,#2998,#2999,#3000));
#693=EDGE_LOOP('',(#3001));
#694=EDGE_LOOP('',(#3002));
#695=EDGE_LOOP('',(#3003));
#696=EDGE_LOOP('',(#3004));
#697=EDGE_LOOP('',(#3005,#3006,#3007,#3008));
#698=EDGE_LOOP('',(#3009));
#699=EDGE_LOOP('',(#3010));
#700=EDGE_LOOP('',(#3011));
#701=EDGE_LOOP('',(#3012));
#702=EDGE_LOOP('',(#3013,#3014,#3015,#3016));
#703=EDGE_LOOP('',(#3017,#3018,#3019,#3020));
#704=EDGE_LOOP('',(#3021));
#705=EDGE_LOOP('',(#3022));
#706=EDGE_LOOP('',(#3023));
#707=EDGE_LOOP('',(#3024));
#708=EDGE_LOOP('',(#3025,#3026,#3027,#3028));
#709=EDGE_LOOP('',(#3029,#3030,#3031,#3032));
#710=EDGE_LOOP('',(#3033,#3034));
#711=EDGE_LOOP('',(#3035,#3036));
#712=EDGE_LOOP('',(#3037,#3038));
#713=EDGE_LOOP('',(#3039,#3040));
#714=EDGE_LOOP('',(#3041,#3042,#3043,#3044));
#715=EDGE_LOOP('',(#3045,#3046,#3047,#3048));
#716=EDGE_LOOP('',(#3049,#3050));
#717=EDGE_LOOP('',(#3051,#3052));
#718=EDGE_LOOP('',(#3053,#3054));
#719=EDGE_LOOP('',(#3055,#3056));
#720=EDGE_LOOP('',(#3057,#3058,#3059,#3060));
#721=EDGE_LOOP('',(#3061,#3062,#3063,#3064,#3065,#3066,#3067,#3068));
#722=EDGE_LOOP('',(#3069));
#723=EDGE_LOOP('',(#3070));
#724=EDGE_LOOP('',(#3071));
#725=EDGE_LOOP('',(#3072));
#726=EDGE_LOOP('',(#3073));
#727=EDGE_LOOP('',(#3074,#3075,#3076,#3077,#3078));
#728=EDGE_LOOP('',(#3079,#3080,#3081,#3082));
#729=EDGE_LOOP('',(#3083,#3084,#3085,#3086,#3087));
#730=EDGE_LOOP('',(#3088,#3089,#3090,#3091));
#731=EDGE_LOOP('',(#3092,#3093,#3094,#3095));
#732=EDGE_LOOP('',(#3096,#3097,#3098,#3099));
#733=EDGE_LOOP('',(#3100,#3101,#3102,#3103));
#734=EDGE_LOOP('',(#3104,#3105,#3106,#3107));
#735=EDGE_LOOP('',(#3108,#3109,#3110,#3111,#3112,#3113,#3114));
#736=EDGE_LOOP('',(#3115,#3116,#3117,#3118));
#737=EDGE_LOOP('',(#3119,#3120,#3121,#3122));
#738=EDGE_LOOP('',(#3123,#3124,#3125,#3126));
#739=EDGE_LOOP('',(#3127,#3128,#3129,#3130));
#740=EDGE_LOOP('',(#3131,#3132,#3133,#3134,#3135));
#741=EDGE_LOOP('',(#3136,#3137,#3138,#3139));
#742=EDGE_LOOP('',(#3140,#3141,#3142,#3143,#3144));
#743=EDGE_LOOP('',(#3145,#3146,#3147));
#744=EDGE_LOOP('',(#3148,#3149,#3150));
#745=EDGE_LOOP('',(#3151,#3152,#3153));
#746=EDGE_LOOP('',(#3154,#3155,#3156));
#747=EDGE_LOOP('',(#3157,#3158,#3159,#3160));
#748=EDGE_LOOP('',(#3161,#3162,#3163,#3164));
#749=EDGE_LOOP('',(#3165,#3166,#3167,#3168));
#750=EDGE_LOOP('',(#3169,#3170,#3171,#3172));
#751=EDGE_LOOP('',(#3173,#3174,#3175,#3176));
#752=EDGE_LOOP('',(#3177,#3178,#3179,#3180));
#753=EDGE_LOOP('',(#3181,#3182,#3183,#3184));
#754=EDGE_LOOP('',(#3185,#3186,#3187,#3188));
#755=EDGE_LOOP('',(#3189,#3190,#3191,#3192));
#756=EDGE_LOOP('',(#3193,#3194,#3195,#3196));
#757=EDGE_LOOP('',(#3197,#3198,#3199,#3200));
#758=EDGE_LOOP('',(#3201));
#759=EDGE_LOOP('',(#3202));
#760=EDGE_LOOP('',(#3203,#3204,#3205,#3206));
#761=EDGE_LOOP('',(#3207,#3208,#3209,#3210));
#762=EDGE_LOOP('',(#3211,#3212,#3213,#3214));
#763=EDGE_LOOP('',(#3215,#3216,#3217,#3218));
#764=EDGE_LOOP('',(#3219,#3220,#3221,#3222));
#765=EDGE_LOOP('',(#3223,#3224,#3225,#3226));
#766=EDGE_LOOP('',(#3227,#3228,#3229,#3230,#3231,#3232,#3233,#3234));
#767=EDGE_LOOP('',(#3235,#3236,#3237,#3238));
#768=EDGE_LOOP('',(#3239,#3240,#3241,#3242));
#769=EDGE_LOOP('',(#3243,#3244,#3245,#3246,#3247));
#770=EDGE_LOOP('',(#3248));
#771=EDGE_LOOP('',(#3249));
#772=EDGE_LOOP('',(#3250,#3251,#3252,#3253));
#773=EDGE_LOOP('',(#3254,#3255,#3256,#3257));
#774=EDGE_LOOP('',(#3258,#3259,#3260,#3261));
#775=EDGE_LOOP('',(#3262,#3263,#3264,#3265));
#776=EDGE_LOOP('',(#3266,#3267,#3268,#3269));
#777=EDGE_LOOP('',(#3270,#3271,#3272,#3273));
#778=EDGE_LOOP('',(#3274,#3275,#3276,#3277,#3278,#3279));
#779=EDGE_LOOP('',(#3280,#3281,#3282,#3283));
#780=EDGE_LOOP('',(#3284,#3285,#3286,#3287));
#781=EDGE_LOOP('',(#3288,#3289,#3290,#3291));
#782=EDGE_LOOP('',(#3292,#3293,#3294,#3295));
#783=EDGE_LOOP('',(#3296,#3297,#3298,#3299));
#784=EDGE_LOOP('',(#3300,#3301,#3302,#3303));
#785=EDGE_LOOP('',(#3304,#3305,#3306,#3307,#3308,#3309));
#786=EDGE_LOOP('',(#3310,#3311,#3312,#3313));
#787=EDGE_LOOP('',(#3314));
#788=EDGE_LOOP('',(#3315));
#789=EDGE_LOOP('',(#3316,#3317,#3318,#3319));
#790=EDGE_LOOP('',(#3320,#3321,#3322,#3323));
#791=EDGE_LOOP('',(#3324,#3325,#3326,#3327,#3328));
#792=EDGE_LOOP('',(#3329));
#793=EDGE_LOOP('',(#3330));
#794=EDGE_LOOP('',(#3331,#3332,#3333,#3334));
#795=EDGE_LOOP('',(#3335,#3336,#3337,#3338));
#796=EDGE_LOOP('',(#3339,#3340,#3341,#3342));
#797=EDGE_LOOP('',(#3343,#3344,#3345,#3346));
#798=EDGE_LOOP('',(#3347,#3348,#3349,#3350));
#799=EDGE_LOOP('',(#3351,#3352,#3353,#3354));
#800=EDGE_LOOP('',(#3355,#3356,#3357,#3358,#3359,#3360));
#801=EDGE_LOOP('',(#3361,#3362,#3363,#3364));
#802=EDGE_LOOP('',(#3365,#3366,#3367,#3368));
#803=EDGE_LOOP('',(#3369,#3370,#3371,#3372));
#804=EDGE_LOOP('',(#3373,#3374,#3375,#3376));
#805=EDGE_LOOP('',(#3377,#3378,#3379,#3380));
#806=EDGE_LOOP('',(#3381,#3382,#3383,#3384));
#807=EDGE_LOOP('',(#3385,#3386,#3387,#3388,#3389,#3390));
#808=EDGE_LOOP('',(#3391,#3392,#3393,#3394));
#809=EDGE_LOOP('',(#3395,#3396,#3397,#3398));
#810=EDGE_LOOP('',(#3399));
#811=EDGE_LOOP('',(#3400));
#812=EDGE_LOOP('',(#3401,#3402,#3403,#3404));
#813=EDGE_LOOP('',(#3405,#3406,#3407,#3408,#3409));
#814=EDGE_LOOP('',(#3410,#3411,#3412,#3413,#3414));
#815=EDGE_LOOP('',(#3415,#3416,#3417,#3418));
#816=EDGE_LOOP('',(#3419));
#817=EDGE_LOOP('',(#3420,#3421,#3422,#3423,#3424,#3425));
#818=EDGE_LOOP('',(#3426));
#819=EDGE_LOOP('',(#3427,#3428,#3429,#3430,#3431,#3432));
#820=EDGE_LOOP('',(#3433));
#821=EDGE_LOOP('',(#3434,#3435,#3436,#3437,#3438,#3439));
#822=EDGE_LOOP('',(#3440));
#823=EDGE_LOOP('',(#3441,#3442,#3443,#3444,#3445,#3446));
#824=EDGE_LOOP('',(#3447,#3448,#3449,#3450));
#825=EDGE_LOOP('',(#3451));
#826=EDGE_LOOP('',(#3452));
#827=EDGE_LOOP('',(#3453,#3454,#3455,#3456));
#828=EDGE_LOOP('',(#3457));
#829=EDGE_LOOP('',(#3458));
#830=EDGE_LOOP('',(#3459,#3460,#3461,#3462));
#831=EDGE_LOOP('',(#3463,#3464,#3465,#3466));
#832=EDGE_LOOP('',(#3467,#3468,#3469,#3470));
#833=EDGE_LOOP('',(#3471,#3472,#3473,#3474));
#834=EDGE_LOOP('',(#3475,#3476,#3477,#3478,#3479));
#835=EDGE_LOOP('',(#3480,#3481,#3482,#3483,#3484));
#836=EDGE_LOOP('',(#3485,#3486,#3487,#3488,#3489,#3490));
#837=EDGE_LOOP('',(#3491,#3492,#3493,#3494));
#838=EDGE_LOOP('',(#3495,#3496,#3497,#3498));
#839=EDGE_LOOP('',(#3499,#3500,#3501,#3502));
#840=EDGE_LOOP('',(#3503,#3504,#3505,#3506,#3507,#3508));
#841=EDGE_LOOP('',(#3509,#3510,#3511,#3512));
#842=EDGE_LOOP('',(#3513));
#843=EDGE_LOOP('',(#3514));
#844=EDGE_LOOP('',(#3515,#3516,#3517,#3518));
#845=EDGE_LOOP('',(#3519));
#846=EDGE_LOOP('',(#3520));
#847=EDGE_LOOP('',(#3521,#3522,#3523,#3524,#3525,#3526));
#848=EDGE_LOOP('',(#3527,#3528,#3529,#3530,#3531,#3532));
#849=EDGE_LOOP('',(#3533,#3534,#3535,#3536));
#850=EDGE_LOOP('',(#3537));
#851=EDGE_LOOP('',(#3538));
#852=EDGE_LOOP('',(#3539,#3540,#3541,#3542));
#853=EDGE_LOOP('',(#3543));
#854=EDGE_LOOP('',(#3544));
#855=EDGE_LOOP('',(#3545,#3546,#3547,#3548));
#856=EDGE_LOOP('',(#3549,#3550,#3551,#3552));
#857=EDGE_LOOP('',(#3553,#3554,#3555,#3556));
#858=EDGE_LOOP('',(#3557));
#859=EDGE_LOOP('',(#3558));
#860=LINE('',#5138,#1237);
#861=LINE('',#5140,#1238);
#862=LINE('',#5142,#1239);
#863=LINE('',#5143,#1240);
#864=LINE('',#5146,#1241);
#865=LINE('',#5148,#1242);
#866=LINE('',#5149,#1243);
#867=LINE('',#5152,#1244);
#868=LINE('',#5154,#1245);
#869=LINE('',#5155,#1246);
#870=LINE('',#5158,#1247);
#871=LINE('',#5160,#1248);
#872=LINE('',#5161,#1249);
#873=LINE('',#5164,#1250);
#874=LINE('',#5166,#1251);
#875=LINE('',#5167,#1252);
#876=LINE('',#5186,#1253);
#877=LINE('',#5189,#1254);
#878=LINE('',#5191,#1255);
#879=LINE('',#5192,#1256);
#880=LINE('',#5195,#1257);
#881=LINE('',#5197,#1258);
#882=LINE('',#5198,#1259);
#883=LINE('',#5201,#1260);
#884=LINE('',#5203,#1261);
#885=LINE('',#5204,#1262);
#886=LINE('',#5207,#1263);
#887=LINE('',#5209,#1264);
#888=LINE('',#5210,#1265);
#889=LINE('',#5212,#1266);
#890=LINE('',#5213,#1267);
#891=LINE('',#5218,#1268);
#892=LINE('',#5220,#1269);
#893=LINE('',#5222,#1270);
#894=LINE('',#5223,#1271);
#895=LINE('',#5226,#1272);
#896=LINE('',#5228,#1273);
#897=LINE('',#5229,#1274);
#898=LINE('',#5232,#1275);
#899=LINE('',#5234,#1276);
#900=LINE('',#5235,#1277);
#901=LINE('',#5238,#1278);
#902=LINE('',#5240,#1279);
#903=LINE('',#5241,#1280);
#904=LINE('',#5244,#1281);
#905=LINE('',#5246,#1282);
#906=LINE('',#5247,#1283);
#907=LINE('',#5250,#1284);
#908=LINE('',#5252,#1285);
#909=LINE('',#5253,#1286);
#910=LINE('',#5256,#1287);
#911=LINE('',#5258,#1288);
#912=LINE('',#5259,#1289);
#913=LINE('',#5262,#1290);
#914=LINE('',#5264,#1291);
#915=LINE('',#5265,#1292);
#916=LINE('',#5268,#1293);
#917=LINE('',#5270,#1294);
#918=LINE('',#5271,#1295);
#919=LINE('',#5274,#1296);
#920=LINE('',#5276,#1297);
#921=LINE('',#5277,#1298);
#922=LINE('',#5280,#1299);
#923=LINE('',#5282,#1300);
#924=LINE('',#5283,#1301);
#925=LINE('',#5285,#1302);
#926=LINE('',#5286,#1303);
#927=LINE('',#5303,#1304);
#928=LINE('',#5309,#1305);
#929=LINE('',#5324,#1306);
#930=LINE('',#5331,#1307);
#931=LINE('',#5333,#1308);
#932=LINE('',#5334,#1309);
#933=LINE('',#5337,#1310);
#934=LINE('',#5339,#1311);
#935=LINE('',#5340,#1312);
#936=LINE('',#5343,#1313);
#937=LINE('',#5345,#1314);
#938=LINE('',#5346,#1315);
#939=LINE('',#5361,#1316);
#940=LINE('',#5397,#1317);
#941=LINE('',#5403,#1318);
#942=LINE('',#5418,#1319);
#943=LINE('',#5425,#1320);
#944=LINE('',#5427,#1321);
#945=LINE('',#5428,#1322);
#946=LINE('',#5431,#1323);
#947=LINE('',#5433,#1324);
#948=LINE('',#5434,#1325);
#949=LINE('',#5437,#1326);
#950=LINE('',#5439,#1327);
#951=LINE('',#5440,#1328);
#952=LINE('',#5455,#1329);
#953=LINE('',#5491,#1330);
#954=LINE('',#5497,#1331);
#955=LINE('',#5500,#1332);
#956=LINE('',#5502,#1333);
#957=LINE('',#5503,#1334);
#958=LINE('',#5506,#1335);
#959=LINE('',#5508,#1336);
#960=LINE('',#5509,#1337);
#961=LINE('',#5512,#1338);
#962=LINE('',#5514,#1339);
#963=LINE('',#5515,#1340);
#964=LINE('',#5534,#1341);
#965=LINE('',#5553,#1342);
#966=LINE('',#5572,#1343);
#967=LINE('',#5575,#1344);
#968=LINE('',#5577,#1345);
#969=LINE('',#5578,#1346);
#970=LINE('',#5597,#1347);
#971=LINE('',#5618,#1348);
#972=LINE('',#5620,#1349);
#973=LINE('',#5622,#1350);
#974=LINE('',#5623,#1351);
#975=LINE('',#5626,#1352);
#976=LINE('',#5628,#1353);
#977=LINE('',#5629,#1354);
#978=LINE('',#5632,#1355);
#979=LINE('',#5634,#1356);
#980=LINE('',#5635,#1357);
#981=LINE('',#5637,#1358);
#982=LINE('',#5638,#1359);
#983=LINE('',#5643,#1360);
#984=LINE('',#5645,#1361);
#985=LINE('',#5647,#1362);
#986=LINE('',#5648,#1363);
#987=LINE('',#5667,#1364);
#988=LINE('',#5686,#1365);
#989=LINE('',#5705,#1366);
#990=LINE('',#5724,#1367);
#991=LINE('',#5743,#1368);
#992=LINE('',#5762,#1369);
#993=LINE('',#5765,#1370);
#994=LINE('',#5767,#1371);
#995=LINE('',#5768,#1372);
#996=LINE('',#5771,#1373);
#997=LINE('',#5773,#1374);
#998=LINE('',#5774,#1375);
#999=LINE('',#5793,#1376);
#1000=LINE('',#5812,#1377);
#1001=LINE('',#5831,#1378);
#1002=LINE('',#5850,#1379);
#1003=LINE('',#5869,#1380);
#1004=LINE('',#5872,#1381);
#1005=LINE('',#5874,#1382);
#1006=LINE('',#5875,#1383);
#1007=LINE('',#5878,#1384);
#1008=LINE('',#5880,#1385);
#1009=LINE('',#5881,#1386);
#1010=LINE('',#5883,#1387);
#1011=LINE('',#5884,#1388);
#1012=LINE('',#5889,#1389);
#1013=LINE('',#5891,#1390);
#1014=LINE('',#5893,#1391);
#1015=LINE('',#5895,#1392);
#1016=LINE('',#5897,#1393);
#1017=LINE('',#5899,#1394);
#1018=LINE('',#5901,#1395);
#1019=LINE('',#5903,#1396);
#1020=LINE('',#5905,#1397);
#1021=LINE('',#5906,#1398);
#1022=LINE('',#5920,#1399);
#1023=LINE('',#5927,#1400);
#1024=LINE('',#5935,#1401);
#1025=LINE('',#5942,#1402);
#1026=LINE('',#5949,#1403);
#1027=LINE('',#5951,#1404);
#1028=LINE('',#5953,#1405);
#1029=LINE('',#5954,#1406);
#1030=LINE('',#5957,#1407);
#1031=LINE('',#5959,#1408);
#1032=LINE('',#5960,#1409);
#1033=LINE('',#5963,#1410);
#1034=LINE('',#5965,#1411);
#1035=LINE('',#5966,#1412);
#1036=LINE('',#5969,#1413);
#1037=LINE('',#5971,#1414);
#1038=LINE('',#5972,#1415);
#1039=LINE('',#5975,#1416);
#1040=LINE('',#5977,#1417);
#1041=LINE('',#5978,#1418);
#1042=LINE('',#5981,#1419);
#1043=LINE('',#5983,#1420);
#1044=LINE('',#5984,#1421);
#1045=LINE('',#5987,#1422);
#1046=LINE('',#5989,#1423);
#1047=LINE('',#5990,#1424);
#1048=LINE('',#5992,#1425);
#1049=LINE('',#5993,#1426);
#1050=LINE('',#5996,#1427);
#1051=LINE('',#5998,#1428);
#1052=LINE('',#5999,#1429);
#1053=LINE('',#6001,#1430);
#1054=LINE('',#6003,#1431);
#1055=LINE('',#6005,#1432);
#1056=LINE('',#6007,#1433);
#1057=LINE('',#6008,#1434);
#1058=LINE('',#6010,#1435);
#1059=LINE('',#6012,#1436);
#1060=LINE('',#6028,#1437);
#1061=LINE('',#6033,#1438);
#1062=LINE('',#6035,#1439);
#1063=LINE('',#6037,#1440);
#1064=LINE('',#6038,#1441);
#1065=LINE('',#6048,#1442);
#1066=LINE('',#6223,#1443);
#1067=LINE('',#6228,#1444);
#1068=LINE('',#6403,#1445);
#1069=LINE('',#6408,#1446);
#1070=LINE('',#6595,#1447);
#1071=LINE('',#6600,#1448);
#1072=LINE('',#6789,#1449);
#1073=LINE('',#6794,#1450);
#1074=LINE('',#6796,#1451);
#1075=LINE('',#6798,#1452);
#1076=LINE('',#6800,#1453);
#1077=LINE('',#6802,#1454);
#1078=LINE('',#6803,#1455);
#1079=LINE('',#6804,#1456);
#1080=LINE('',#6814,#1457);
#1081=LINE('',#6817,#1458);
#1082=LINE('',#6820,#1459);
#1083=LINE('',#6823,#1460);
#1084=LINE('',#6826,#1461);
#1085=LINE('',#6829,#1462);
#1086=LINE('',#6832,#1463);
#1087=LINE('',#6835,#1464);
#1088=LINE('',#6839,#1465);
#1089=LINE('',#6842,#1466);
#1090=LINE('',#6845,#1467);
#1091=LINE('',#6848,#1468);
#1092=LINE('',#6851,#1469);
#1093=LINE('',#6854,#1470);
#1094=LINE('',#6857,#1471);
#1095=LINE('',#6860,#1472);
#1096=LINE('',#6861,#1473);
#1097=LINE('',#6862,#1474);
#1098=LINE('',#6865,#1475);
#1099=LINE('',#6866,#1476);
#1100=LINE('',#6867,#1477);
#1101=LINE('',#6869,#1478);
#1102=LINE('',#6871,#1479);
#1103=LINE('',#6872,#1480);
#1104=LINE('',#6875,#1481);
#1105=LINE('',#6876,#1482);
#1106=LINE('',#6877,#1483);
#1107=LINE('',#6881,#1484);
#1108=LINE('',#6882,#1485);
#1109=LINE('',#6885,#1486);
#1110=LINE('',#6886,#1487);
#1111=LINE('',#6887,#1488);
#1112=LINE('',#6889,#1489);
#1113=LINE('',#6891,#1490);
#1114=LINE('',#6894,#1491);
#1115=LINE('',#6897,#1492);
#1116=LINE('',#6898,#1493);
#1117=LINE('',#6901,#1494);
#1118=LINE('',#6902,#1495);
#1119=LINE('',#6904,#1496);
#1120=LINE('',#6905,#1497);
#1121=LINE('',#6916,#1498);
#1122=LINE('',#6917,#1499);
#1123=LINE('',#6918,#1500);
#1124=LINE('',#6921,#1501);
#1125=LINE('',#6922,#1502);
#1126=LINE('',#6925,#1503);
#1127=LINE('',#6927,#1504);
#1128=LINE('',#6928,#1505);
#1129=LINE('',#6930,#1506);
#1130=LINE('',#6931,#1507);
#1131=LINE('',#6934,#1508);
#1132=LINE('',#6935,#1509);
#1133=LINE('',#6936,#1510);
#1134=LINE('',#6937,#1511);
#1135=LINE('',#6943,#1512);
#1136=LINE('',#6951,#1513);
#1137=LINE('',#6957,#1514);
#1138=LINE('',#6959,#1515);
#1139=LINE('',#6961,#1516);
#1140=LINE('',#6962,#1517);
#1141=LINE('',#6965,#1518);
#1142=LINE('',#6967,#1519);
#1143=LINE('',#6968,#1520);
#1144=LINE('',#6971,#1521);
#1145=LINE('',#6973,#1522);
#1146=LINE('',#6974,#1523);
#1147=LINE('',#6977,#1524);
#1148=LINE('',#6979,#1525);
#1149=LINE('',#6980,#1526);
#1150=LINE('',#6983,#1527);
#1151=LINE('',#6985,#1528);
#1152=LINE('',#6986,#1529);
#1153=LINE('',#6988,#1530);
#1154=LINE('',#6989,#1531);
#1155=LINE('',#6994,#1532);
#1156=LINE('',#6996,#1533);
#1157=LINE('',#6998,#1534);
#1158=LINE('',#6999,#1535);
#1159=LINE('',#7002,#1536);
#1160=LINE('',#7004,#1537);
#1161=LINE('',#7005,#1538);
#1162=LINE('',#7008,#1539);
#1163=LINE('',#7010,#1540);
#1164=LINE('',#7011,#1541);
#1165=LINE('',#7014,#1542);
#1166=LINE('',#7016,#1543);
#1167=LINE('',#7017,#1544);
#1168=LINE('',#7020,#1545);
#1169=LINE('',#7022,#1546);
#1170=LINE('',#7023,#1547);
#1171=LINE('',#7025,#1548);
#1172=LINE('',#7026,#1549);
#1173=LINE('',#7032,#1550);
#1174=LINE('',#7040,#1551);
#1175=LINE('',#7045,#1552);
#1176=LINE('',#7053,#1553);
#1177=LINE('',#7059,#1554);
#1178=LINE('',#7061,#1555);
#1179=LINE('',#7063,#1556);
#1180=LINE('',#7064,#1557);
#1181=LINE('',#7067,#1558);
#1182=LINE('',#7069,#1559);
#1183=LINE('',#7070,#1560);
#1184=LINE('',#7073,#1561);
#1185=LINE('',#7075,#1562);
#1186=LINE('',#7076,#1563);
#1187=LINE('',#7079,#1564);
#1188=LINE('',#7081,#1565);
#1189=LINE('',#7082,#1566);
#1190=LINE('',#7085,#1567);
#1191=LINE('',#7087,#1568);
#1192=LINE('',#7088,#1569);
#1193=LINE('',#7090,#1570);
#1194=LINE('',#7091,#1571);
#1195=LINE('',#7096,#1572);
#1196=LINE('',#7098,#1573);
#1197=LINE('',#7100,#1574);
#1198=LINE('',#7101,#1575);
#1199=LINE('',#7104,#1576);
#1200=LINE('',#7106,#1577);
#1201=LINE('',#7107,#1578);
#1202=LINE('',#7110,#1579);
#1203=LINE('',#7112,#1580);
#1204=LINE('',#7113,#1581);
#1205=LINE('',#7116,#1582);
#1206=LINE('',#7118,#1583);
#1207=LINE('',#7119,#1584);
#1208=LINE('',#7122,#1585);
#1209=LINE('',#7124,#1586);
#1210=LINE('',#7125,#1587);
#1211=LINE('',#7127,#1588);
#1212=LINE('',#7128,#1589);
#1213=LINE('',#7134,#1590);
#1214=LINE('',#7140,#1591);
#1215=LINE('',#7144,#1592);
#1216=LINE('',#7146,#1593);
#1217=LINE('',#7148,#1594);
#1218=LINE('',#7150,#1595);
#1219=LINE('',#7159,#1596);
#1220=LINE('',#7168,#1597);
#1221=LINE('',#7174,#1598);
#1222=LINE('',#7176,#1599);
#1223=LINE('',#7178,#1600);
#1224=LINE('',#7180,#1601);
#1225=LINE('',#7190,#1602);
#1226=LINE('',#7195,#1603);
#1227=LINE('',#7196,#1604);
#1228=LINE('',#7199,#1605);
#1229=LINE('',#7205,#1606);
#1230=LINE('',#7212,#1607);
#1231=LINE('',#7216,#1608);
#1232=LINE('',#7218,#1609);
#1233=LINE('',#7221,#1610);
#1234=LINE('',#7226,#1611);
#1235=LINE('',#7230,#1612);
#1236=LINE('',#7232,#1613);
#1237=VECTOR('',#4209,10.);
#1238=VECTOR('',#4210,10.);
#1239=VECTOR('',#4211,10.);
#1240=VECTOR('',#4212,10.);
#1241=VECTOR('',#4215,10.);
#1242=VECTOR('',#4216,10.);
#1243=VECTOR('',#4217,10.);
#1244=VECTOR('',#4220,10.);
#1245=VECTOR('',#4221,10.);
#1246=VECTOR('',#4222,10.);
#1247=VECTOR('',#4225,10.);
#1248=VECTOR('',#4226,10.);
#1249=VECTOR('',#4227,10.);
#1250=VECTOR('',#4230,10.);
#1251=VECTOR('',#4231,10.);
#1252=VECTOR('',#4232,10.);
#1253=VECTOR('',#4233,10.);
#1254=VECTOR('',#4236,10.);
#1255=VECTOR('',#4237,10.);
#1256=VECTOR('',#4238,10.);
#1257=VECTOR('',#4241,10.);
#1258=VECTOR('',#4242,10.);
#1259=VECTOR('',#4243,10.);
#1260=VECTOR('',#4246,10.);
#1261=VECTOR('',#4247,10.);
#1262=VECTOR('',#4248,10.);
#1263=VECTOR('',#4251,10.);
#1264=VECTOR('',#4252,10.);
#1265=VECTOR('',#4253,10.);
#1266=VECTOR('',#4256,10.);
#1267=VECTOR('',#4257,10.);
#1268=VECTOR('',#4262,10.);
#1269=VECTOR('',#4263,10.);
#1270=VECTOR('',#4264,10.);
#1271=VECTOR('',#4265,10.);
#1272=VECTOR('',#4268,10.);
#1273=VECTOR('',#4269,10.);
#1274=VECTOR('',#4270,10.);
#1275=VECTOR('',#4273,10.);
#1276=VECTOR('',#4274,10.);
#1277=VECTOR('',#4275,10.);
#1278=VECTOR('',#4278,10.);
#1279=VECTOR('',#4279,10.);
#1280=VECTOR('',#4280,10.);
#1281=VECTOR('',#4283,10.);
#1282=VECTOR('',#4284,10.);
#1283=VECTOR('',#4285,10.);
#1284=VECTOR('',#4288,10.);
#1285=VECTOR('',#4289,10.);
#1286=VECTOR('',#4290,10.);
#1287=VECTOR('',#4293,10.);
#1288=VECTOR('',#4294,10.);
#1289=VECTOR('',#4295,10.);
#1290=VECTOR('',#4298,10.);
#1291=VECTOR('',#4299,10.);
#1292=VECTOR('',#4300,10.);
#1293=VECTOR('',#4303,10.);
#1294=VECTOR('',#4304,10.);
#1295=VECTOR('',#4305,10.);
#1296=VECTOR('',#4308,10.);
#1297=VECTOR('',#4309,10.);
#1298=VECTOR('',#4310,10.);
#1299=VECTOR('',#4313,10.);
#1300=VECTOR('',#4314,10.);
#1301=VECTOR('',#4315,10.);
#1302=VECTOR('',#4318,10.);
#1303=VECTOR('',#4319,10.);
#1304=VECTOR('',#4322,10.);
#1305=VECTOR('',#4323,10.);
#1306=VECTOR('',#4324,10.);
#1307=VECTOR('',#4327,10.);
#1308=VECTOR('',#4328,10.);
#1309=VECTOR('',#4329,10.);
#1310=VECTOR('',#4332,10.);
#1311=VECTOR('',#4333,10.);
#1312=VECTOR('',#4334,10.);
#1313=VECTOR('',#4337,10.);
#1314=VECTOR('',#4338,10.);
#1315=VECTOR('',#4339,10.);
#1316=VECTOR('',#4340,10.);
#1317=VECTOR('',#4341,10.);
#1318=VECTOR('',#4342,10.);
#1319=VECTOR('',#4343,10.);
#1320=VECTOR('',#4346,10.);
#1321=VECTOR('',#4347,10.);
#1322=VECTOR('',#4348,10.);
#1323=VECTOR('',#4351,10.);
#1324=VECTOR('',#4352,10.);
#1325=VECTOR('',#4353,10.);
#1326=VECTOR('',#4356,10.);
#1327=VECTOR('',#4357,10.);
#1328=VECTOR('',#4358,10.);
#1329=VECTOR('',#4359,10.);
#1330=VECTOR('',#4360,10.);
#1331=VECTOR('',#4361,10.);
#1332=VECTOR('',#4364,10.);
#1333=VECTOR('',#4365,10.);
#1334=VECTOR('',#4366,10.);
#1335=VECTOR('',#4369,10.);
#1336=VECTOR('',#4370,10.);
#1337=VECTOR('',#4371,10.);
#1338=VECTOR('',#4374,10.);
#1339=VECTOR('',#4375,10.);
#1340=VECTOR('',#4376,10.);
#1341=VECTOR('',#4377,10.);
#1342=VECTOR('',#4378,10.);
#1343=VECTOR('',#4379,10.);
#1344=VECTOR('',#4382,10.);
#1345=VECTOR('',#4383,10.);
#1346=VECTOR('',#4384,10.);
#1347=VECTOR('',#4385,10.);
#1348=VECTOR('',#4390,10.);
#1349=VECTOR('',#4391,10.);
#1350=VECTOR('',#4392,10.);
#1351=VECTOR('',#4393,10.);
#1352=VECTOR('',#4396,10.);
#1353=VECTOR('',#4397,10.);
#1354=VECTOR('',#4398,10.);
#1355=VECTOR('',#4401,10.);
#1356=VECTOR('',#4402,10.);
#1357=VECTOR('',#4403,10.);
#1358=VECTOR('',#4406,10.);
#1359=VECTOR('',#4407,10.);
#1360=VECTOR('',#4412,10.);
#1361=VECTOR('',#4413,10.);
#1362=VECTOR('',#4414,10.);
#1363=VECTOR('',#4415,10.);
#1364=VECTOR('',#4416,10.);
#1365=VECTOR('',#4417,10.);
#1366=VECTOR('',#4418,10.);
#1367=VECTOR('',#4419,10.);
#1368=VECTOR('',#4420,10.);
#1369=VECTOR('',#4421,10.);
#1370=VECTOR('',#4424,10.);
#1371=VECTOR('',#4425,10.);
#1372=VECTOR('',#4426,10.);
#1373=VECTOR('',#4429,10.);
#1374=VECTOR('',#4430,10.);
#1375=VECTOR('',#4431,10.);
#1376=VECTOR('',#4432,10.);
#1377=VECTOR('',#4433,10.);
#1378=VECTOR('',#4434,10.);
#1379=VECTOR('',#4435,10.);
#1380=VECTOR('',#4436,10.);
#1381=VECTOR('',#4439,10.);
#1382=VECTOR('',#4440,10.);
#1383=VECTOR('',#4441,10.);
#1384=VECTOR('',#4444,10.);
#1385=VECTOR('',#4445,10.);
#1386=VECTOR('',#4446,10.);
#1387=VECTOR('',#4449,10.);
#1388=VECTOR('',#4450,10.);
#1389=VECTOR('',#4455,10.);
#1390=VECTOR('',#4456,10.);
#1391=VECTOR('',#4457,10.);
#1392=VECTOR('',#4458,10.);
#1393=VECTOR('',#4459,10.);
#1394=VECTOR('',#4460,10.);
#1395=VECTOR('',#4461,10.);
#1396=VECTOR('',#4462,10.);
#1397=VECTOR('',#4463,10.);
#1398=VECTOR('',#4464,10.);
#1399=VECTOR('',#4479,6.15);
#1400=VECTOR('',#4488,6.05);
#1401=VECTOR('',#4497,6.15);
#1402=VECTOR('',#4506,6.05);
#1403=VECTOR('',#4513,10.);
#1404=VECTOR('',#4514,10.);
#1405=VECTOR('',#4515,10.);
#1406=VECTOR('',#4516,10.);
#1407=VECTOR('',#4519,10.);
#1408=VECTOR('',#4520,10.);
#1409=VECTOR('',#4521,10.);
#1410=VECTOR('',#4524,10.);
#1411=VECTOR('',#4525,10.);
#1412=VECTOR('',#4526,10.);
#1413=VECTOR('',#4529,10.);
#1414=VECTOR('',#4530,10.);
#1415=VECTOR('',#4531,10.);
#1416=VECTOR('',#4534,10.);
#1417=VECTOR('',#4535,10.);
#1418=VECTOR('',#4536,10.);
#1419=VECTOR('',#4539,10.);
#1420=VECTOR('',#4540,10.);
#1421=VECTOR('',#4541,10.);
#1422=VECTOR('',#4544,10.);
#1423=VECTOR('',#4545,10.);
#1424=VECTOR('',#4546,10.);
#1425=VECTOR('',#4549,10.);
#1426=VECTOR('',#4550,10.);
#1427=VECTOR('',#4553,10.);
#1428=VECTOR('',#4554,10.);
#1429=VECTOR('',#4555,10.);
#1430=VECTOR('',#4558,10.);
#1431=VECTOR('',#4559,10.);
#1432=VECTOR('',#4560,10.);
#1433=VECTOR('',#4561,10.);
#1434=VECTOR('',#4562,10.);
#1435=VECTOR('',#4565,10.);
#1436=VECTOR('',#4568,10.);
#1437=VECTOR('',#4585,3.45);
#1438=VECTOR('',#4590,10.);
#1439=VECTOR('',#4591,10.);
#1440=VECTOR('',#4592,10.);
#1441=VECTOR('',#4593,10.);
#1442=VECTOR('',#4604,3.3);
#1443=VECTOR('',#4607,3.45);
#1444=VECTOR('',#4614,3.3);
#1445=VECTOR('',#4617,3.45);
#1446=VECTOR('',#4624,3.3);
#1447=VECTOR('',#4627,3.45);
#1448=VECTOR('',#4634,3.3);
#1449=VECTOR('',#4639,2.85);
#1450=VECTOR('',#4644,10.);
#1451=VECTOR('',#4645,10.);
#1452=VECTOR('',#4646,10.);
#1453=VECTOR('',#4647,10.);
#1454=VECTOR('',#4648,10.);
#1455=VECTOR('',#4649,10.);
#1456=VECTOR('',#4650,10.);
#1457=VECTOR('',#4661,2.75);
#1458=VECTOR('',#4664,2.85);
#1459=VECTOR('',#4669,2.75);
#1460=VECTOR('',#4672,2.85);
#1461=VECTOR('',#4677,2.75);
#1462=VECTOR('',#4680,2.85);
#1463=VECTOR('',#4685,2.75);
#1464=VECTOR('',#4688,2.85);
#1465=VECTOR('',#4695,2.75);
#1466=VECTOR('',#4698,2.85);
#1467=VECTOR('',#4703,2.75);
#1468=VECTOR('',#4706,2.85);
#1469=VECTOR('',#4711,2.75);
#1470=VECTOR('',#4714,2.85);
#1471=VECTOR('',#4719,2.75);
#1472=VECTOR('',#4722,10.);
#1473=VECTOR('',#4723,10.);
#1474=VECTOR('',#4724,10.);
#1475=VECTOR('',#4727,10.);
#1476=VECTOR('',#4728,10.);
#1477=VECTOR('',#4729,10.);
#1478=VECTOR('',#4732,10.);
#1479=VECTOR('',#4733,10.);
#1480=VECTOR('',#4734,10.);
#1481=VECTOR('',#4737,10.);
#1482=VECTOR('',#4738,10.);
#1483=VECTOR('',#4739,10.);
#1484=VECTOR('',#4744,10.);
#1485=VECTOR('',#4745,10.);
#1486=VECTOR('',#4748,10.);
#1487=VECTOR('',#4749,10.);
#1488=VECTOR('',#4750,10.);
#1489=VECTOR('',#4753,10.);
#1490=VECTOR('',#4756,10.);
#1491=VECTOR('',#4761,10.);
#1492=VECTOR('',#4764,10.);
#1493=VECTOR('',#4765,10.);
#1494=VECTOR('',#4768,10.);
#1495=VECTOR('',#4769,10.);
#1496=VECTOR('',#4772,10.);
#1497=VECTOR('',#4773,10.);
#1498=VECTOR('',#4786,10.);
#1499=VECTOR('',#4787,10.);
#1500=VECTOR('',#4788,10.);
#1501=VECTOR('',#4791,10.);
#1502=VECTOR('',#4792,10.);
#1503=VECTOR('',#4795,10.);
#1504=VECTOR('',#4796,10.);
#1505=VECTOR('',#4797,10.);
#1506=VECTOR('',#4800,10.);
#1507=VECTOR('',#4801,10.);
#1508=VECTOR('',#4804,10.);
#1509=VECTOR('',#4805,10.);
#1510=VECTOR('',#4806,10.);
#1511=VECTOR('',#4807,10.);
#1512=VECTOR('',#4814,3.);
#1513=VECTOR('',#4823,3.5);
#1514=VECTOR('',#4830,10.);
#1515=VECTOR('',#4831,10.);
#1516=VECTOR('',#4832,10.);
#1517=VECTOR('',#4833,10.);
#1518=VECTOR('',#4836,10.);
#1519=VECTOR('',#4837,10.);
#1520=VECTOR('',#4838,10.);
#1521=VECTOR('',#4841,10.);
#1522=VECTOR('',#4842,10.);
#1523=VECTOR('',#4843,10.);
#1524=VECTOR('',#4846,10.);
#1525=VECTOR('',#4847,10.);
#1526=VECTOR('',#4848,10.);
#1527=VECTOR('',#4851,10.);
#1528=VECTOR('',#4852,10.);
#1529=VECTOR('',#4853,10.);
#1530=VECTOR('',#4856,10.);
#1531=VECTOR('',#4857,10.);
#1532=VECTOR('',#4862,10.);
#1533=VECTOR('',#4863,10.);
#1534=VECTOR('',#4864,10.);
#1535=VECTOR('',#4865,10.);
#1536=VECTOR('',#4868,10.);
#1537=VECTOR('',#4869,10.);
#1538=VECTOR('',#4870,10.);
#1539=VECTOR('',#4873,10.);
#1540=VECTOR('',#4874,10.);
#1541=VECTOR('',#4875,10.);
#1542=VECTOR('',#4878,10.);
#1543=VECTOR('',#4879,10.);
#1544=VECTOR('',#4880,10.);
#1545=VECTOR('',#4883,10.);
#1546=VECTOR('',#4884,10.);
#1547=VECTOR('',#4885,10.);
#1548=VECTOR('',#4888,10.);
#1549=VECTOR('',#4889,10.);
#1550=VECTOR('',#4896,3.);
#1551=VECTOR('',#4907,3.5);
#1552=VECTOR('',#4912,3.);
#1553=VECTOR('',#4921,3.5);
#1554=VECTOR('',#4928,10.);
#1555=VECTOR('',#4929,10.);
#1556=VECTOR('',#4930,10.);
#1557=VECTOR('',#4931,10.);
#1558=VECTOR('',#4934,10.);
#1559=VECTOR('',#4935,10.);
#1560=VECTOR('',#4936,10.);
#1561=VECTOR('',#4939,10.);
#1562=VECTOR('',#4940,10.);
#1563=VECTOR('',#4941,10.);
#1564=VECTOR('',#4944,10.);
#1565=VECTOR('',#4945,10.);
#1566=VECTOR('',#4946,10.);
#1567=VECTOR('',#4949,10.);
#1568=VECTOR('',#4950,10.);
#1569=VECTOR('',#4951,10.);
#1570=VECTOR('',#4954,10.);
#1571=VECTOR('',#4955,10.);
#1572=VECTOR('',#4960,10.);
#1573=VECTOR('',#4961,10.);
#1574=VECTOR('',#4962,10.);
#1575=VECTOR('',#4963,10.);
#1576=VECTOR('',#4966,10.);
#1577=VECTOR('',#4967,10.);
#1578=VECTOR('',#4968,10.);
#1579=VECTOR('',#4971,10.);
#1580=VECTOR('',#4972,10.);
#1581=VECTOR('',#4973,10.);
#1582=VECTOR('',#4976,10.);
#1583=VECTOR('',#4977,10.);
#1584=VECTOR('',#4978,10.);
#1585=VECTOR('',#4981,10.);
#1586=VECTOR('',#4982,10.);
#1587=VECTOR('',#4983,10.);
#1588=VECTOR('',#4986,10.);
#1589=VECTOR('',#4987,10.);
#1590=VECTOR('',#4994,3.);
#1591=VECTOR('',#5001,3.5);
#1592=VECTOR('',#5008,3.6);
#1593=VECTOR('',#5011,3.6);
#1594=VECTOR('',#5014,3.6);
#1595=VECTOR('',#5017,3.6);
#1596=VECTOR('',#5030,12.8);
#1597=VECTOR('',#5041,13.);
#1598=VECTOR('',#5050,12.9);
#1599=VECTOR('',#5053,13.1);
#1600=VECTOR('',#5056,7.5);
#1601=VECTOR('',#5059,7.5);
#1602=VECTOR('',#5072,6.);
#1603=VECTOR('',#5079,10.);
#1604=VECTOR('',#5080,10.);
#1605=VECTOR('',#5085,10.);
#1606=VECTOR('',#5092,5.5);
#1607=VECTOR('',#5101,5.4);
#1608=VECTOR('',#5108,2.75);
#1609=VECTOR('',#5111,2.75);
#1610=VECTOR('',#5114,5.5);
#1611=VECTOR('',#5121,5.4);
#1612=VECTOR('',#5128,2.75);
#1613=VECTOR('',#5131,2.75);
#1614=VERTEX_POINT('',#5136);
#1615=VERTEX_POINT('',#5137);
#1616=VERTEX_POINT('',#5139);
#1617=VERTEX_POINT('',#5141);
#1618=VERTEX_POINT('',#5145);
#1619=VERTEX_POINT('',#5147);
#1620=VERTEX_POINT('',#5151);
#1621=VERTEX_POINT('',#5153);
#1622=VERTEX_POINT('',#5157);
#1623=VERTEX_POINT('',#5159);
#1624=VERTEX_POINT('',#5163);
#1625=VERTEX_POINT('',#5165);
#1626=VERTEX_POINT('',#5176);
#1627=VERTEX_POINT('',#5181);
#1628=VERTEX_POINT('',#5188);
#1629=VERTEX_POINT('',#5190);
#1630=VERTEX_POINT('',#5194);
#1631=VERTEX_POINT('',#5196);
#1632=VERTEX_POINT('',#5200);
#1633=VERTEX_POINT('',#5202);
#1634=VERTEX_POINT('',#5206);
#1635=VERTEX_POINT('',#5208);
#1636=VERTEX_POINT('',#5216);
#1637=VERTEX_POINT('',#5217);
#1638=VERTEX_POINT('',#5219);
#1639=VERTEX_POINT('',#5221);
#1640=VERTEX_POINT('',#5225);
#1641=VERTEX_POINT('',#5227);
#1642=VERTEX_POINT('',#5231);
#1643=VERTEX_POINT('',#5233);
#1644=VERTEX_POINT('',#5237);
#1645=VERTEX_POINT('',#5239);
#1646=VERTEX_POINT('',#5243);
#1647=VERTEX_POINT('',#5245);
#1648=VERTEX_POINT('',#5249);
#1649=VERTEX_POINT('',#5251);
#1650=VERTEX_POINT('',#5255);
#1651=VERTEX_POINT('',#5257);
#1652=VERTEX_POINT('',#5261);
#1653=VERTEX_POINT('',#5263);
#1654=VERTEX_POINT('',#5267);
#1655=VERTEX_POINT('',#5269);
#1656=VERTEX_POINT('',#5273);
#1657=VERTEX_POINT('',#5275);
#1658=VERTEX_POINT('',#5279);
#1659=VERTEX_POINT('',#5281);
#1660=VERTEX_POINT('',#5296);
#1661=VERTEX_POINT('',#5297);
#1662=VERTEX_POINT('',#5302);
#1663=VERTEX_POINT('',#5304);
#1664=VERTEX_POINT('',#5318);
#1665=VERTEX_POINT('',#5323);
#1666=VERTEX_POINT('',#5330);
#1667=VERTEX_POINT('',#5332);
#1668=VERTEX_POINT('',#5336);
#1669=VERTEX_POINT('',#5338);
#1670=VERTEX_POINT('',#5342);
#1671=VERTEX_POINT('',#5344);
#1672=VERTEX_POINT('',#5355);
#1673=VERTEX_POINT('',#5360);
#1674=VERTEX_POINT('',#5390);
#1675=VERTEX_POINT('',#5391);
#1676=VERTEX_POINT('',#5396);
#1677=VERTEX_POINT('',#5398);
#1678=VERTEX_POINT('',#5412);
#1679=VERTEX_POINT('',#5417);
#1680=VERTEX_POINT('',#5424);
#1681=VERTEX_POINT('',#5426);
#1682=VERTEX_POINT('',#5430);
#1683=VERTEX_POINT('',#5432);
#1684=VERTEX_POINT('',#5436);
#1685=VERTEX_POINT('',#5438);
#1686=VERTEX_POINT('',#5449);
#1687=VERTEX_POINT('',#5454);
#1688=VERTEX_POINT('',#5484);
#1689=VERTEX_POINT('',#5485);
#1690=VERTEX_POINT('',#5490);
#1691=VERTEX_POINT('',#5492);
#1692=VERTEX_POINT('',#5499);
#1693=VERTEX_POINT('',#5501);
#1694=VERTEX_POINT('',#5505);
#1695=VERTEX_POINT('',#5507);
#1696=VERTEX_POINT('',#5511);
#1697=VERTEX_POINT('',#5513);
#1698=VERTEX_POINT('',#5524);
#1699=VERTEX_POINT('',#5529);
#1700=VERTEX_POINT('',#5543);
#1701=VERTEX_POINT('',#5548);
#1702=VERTEX_POINT('',#5562);
#1703=VERTEX_POINT('',#5567);
#1704=VERTEX_POINT('',#5574);
#1705=VERTEX_POINT('',#5576);
#1706=VERTEX_POINT('',#5587);
#1707=VERTEX_POINT('',#5592);
#1708=VERTEX_POINT('',#5616);
#1709=VERTEX_POINT('',#5617);
#1710=VERTEX_POINT('',#5619);
#1711=VERTEX_POINT('',#5621);
#1712=VERTEX_POINT('',#5625);
#1713=VERTEX_POINT('',#5627);
#1714=VERTEX_POINT('',#5631);
#1715=VERTEX_POINT('',#5633);
#1716=VERTEX_POINT('',#5641);
#1717=VERTEX_POINT('',#5642);
#1718=VERTEX_POINT('',#5644);
#1719=VERTEX_POINT('',#5646);
#1720=VERTEX_POINT('',#5657);
#1721=VERTEX_POINT('',#5662);
#1722=VERTEX_POINT('',#5676);
#1723=VERTEX_POINT('',#5681);
#1724=VERTEX_POINT('',#5695);
#1725=VERTEX_POINT('',#5700);
#1726=VERTEX_POINT('',#5714);
#1727=VERTEX_POINT('',#5719);
#1728=VERTEX_POINT('',#5733);
#1729=VERTEX_POINT('',#5738);
#1730=VERTEX_POINT('',#5752);
#1731=VERTEX_POINT('',#5757);
#1732=VERTEX_POINT('',#5764);
#1733=VERTEX_POINT('',#5766);
#1734=VERTEX_POINT('',#5770);
#1735=VERTEX_POINT('',#5772);
#1736=VERTEX_POINT('',#5783);
#1737=VERTEX_POINT('',#5788);
#1738=VERTEX_POINT('',#5802);
#1739=VERTEX_POINT('',#5807);
#1740=VERTEX_POINT('',#5821);
#1741=VERTEX_POINT('',#5826);
#1742=VERTEX_POINT('',#5840);
#1743=VERTEX_POINT('',#5845);
#1744=VERTEX_POINT('',#5859);
#1745=VERTEX_POINT('',#5864);
#1746=VERTEX_POINT('',#5871);
#1747=VERTEX_POINT('',#5873);
#1748=VERTEX_POINT('',#5877);
#1749=VERTEX_POINT('',#5879);
#1750=VERTEX_POINT('',#5887);
#1751=VERTEX_POINT('',#5888);
#1752=VERTEX_POINT('',#5890);
#1753=VERTEX_POINT('',#5892);
#1754=VERTEX_POINT('',#5894);
#1755=VERTEX_POINT('',#5896);
#1756=VERTEX_POINT('',#5898);
#1757=VERTEX_POINT('',#5900);
#1758=VERTEX_POINT('',#5902);
#1759=VERTEX_POINT('',#5904);
#1760=VERTEX_POINT('',#5907);
#1761=VERTEX_POINT('',#5909);
#1762=VERTEX_POINT('',#5911);
#1763=VERTEX_POINT('',#5913);
#1764=VERTEX_POINT('',#5917);
#1765=VERTEX_POINT('',#5919);
#1766=VERTEX_POINT('',#5923);
#1767=VERTEX_POINT('',#5926);
#1768=VERTEX_POINT('',#5928);
#1769=VERTEX_POINT('',#5932);
#1770=VERTEX_POINT('',#5934);
#1771=VERTEX_POINT('',#5938);
#1772=VERTEX_POINT('',#5941);
#1773=VERTEX_POINT('',#5943);
#1774=VERTEX_POINT('',#5947);
#1775=VERTEX_POINT('',#5948);
#1776=VERTEX_POINT('',#5950);
#1777=VERTEX_POINT('',#5952);
#1778=VERTEX_POINT('',#5956);
#1779=VERTEX_POINT('',#5958);
#1780=VERTEX_POINT('',#5962);
#1781=VERTEX_POINT('',#5964);
#1782=VERTEX_POINT('',#5968);
#1783=VERTEX_POINT('',#5970);
#1784=VERTEX_POINT('',#5974);
#1785=VERTEX_POINT('',#5976);
#1786=VERTEX_POINT('',#5980);
#1787=VERTEX_POINT('',#5982);
#1788=VERTEX_POINT('',#5986);
#1789=VERTEX_POINT('',#5988);
#1790=VERTEX_POINT('',#5995);
#1791=VERTEX_POINT('',#5997);
#1792=VERTEX_POINT('',#6002);
#1793=VERTEX_POINT('',#6004);
#1794=VERTEX_POINT('',#6006);
#1795=VERTEX_POINT('',#6014);
#1796=VERTEX_POINT('',#6016);
#1797=VERTEX_POINT('',#6018);
#1798=VERTEX_POINT('',#6020);
#1799=VERTEX_POINT('',#6022);
#1800=VERTEX_POINT('',#6025);
#1801=VERTEX_POINT('',#6027);
#1802=VERTEX_POINT('',#6031);
#1803=VERTEX_POINT('',#6032);
#1804=VERTEX_POINT('',#6034);
#1805=VERTEX_POINT('',#6036);
#1806=VERTEX_POINT('',#6039);
#1807=VERTEX_POINT('',#6041);
#1808=VERTEX_POINT('',#6043);
#1809=VERTEX_POINT('',#6046);
#1810=VERTEX_POINT('',#6049);
#1811=VERTEX_POINT('',#6092);
#1812=VERTEX_POINT('',#6135);
#1813=VERTEX_POINT('',#6178);
#1814=VERTEX_POINT('',#6222);
#1815=VERTEX_POINT('',#6226);
#1816=VERTEX_POINT('',#6229);
#1817=VERTEX_POINT('',#6272);
#1818=VERTEX_POINT('',#6315);
#1819=VERTEX_POINT('',#6358);
#1820=VERTEX_POINT('',#6402);
#1821=VERTEX_POINT('',#6406);
#1822=VERTEX_POINT('',#6409);
#1823=VERTEX_POINT('',#6410);
#1824=VERTEX_POINT('',#6455);
#1825=VERTEX_POINT('',#6456);
#1826=VERTEX_POINT('',#6501);
#1827=VERTEX_POINT('',#6502);
#1828=VERTEX_POINT('',#6547);
#1829=VERTEX_POINT('',#6548);
#1830=VERTEX_POINT('',#6594);
#1831=VERTEX_POINT('',#6598);
#1832=VERTEX_POINT('',#6601);
#1833=VERTEX_POINT('',#6602);
#1834=VERTEX_POINT('',#6647);
#1835=VERTEX_POINT('',#6648);
#1836=VERTEX_POINT('',#6693);
#1837=VERTEX_POINT('',#6694);
#1838=VERTEX_POINT('',#6739);
#1839=VERTEX_POINT('',#6740);
#1840=VERTEX_POINT('',#6786);
#1841=VERTEX_POINT('',#6788);
#1842=VERTEX_POINT('',#6792);
#1843=VERTEX_POINT('',#6793);
#1844=VERTEX_POINT('',#6795);
#1845=VERTEX_POINT('',#6797);
#1846=VERTEX_POINT('',#6799);
#1847=VERTEX_POINT('',#6801);
#1848=VERTEX_POINT('',#6805);
#1849=VERTEX_POINT('',#6807);
#1850=VERTEX_POINT('',#6809);
#1851=VERTEX_POINT('',#6811);
#1852=VERTEX_POINT('',#6816);
#1853=VERTEX_POINT('',#6822);
#1854=VERTEX_POINT('',#6828);
#1855=VERTEX_POINT('',#6834);
#1856=VERTEX_POINT('',#6841);
#1857=VERTEX_POINT('',#6847);
#1858=VERTEX_POINT('',#6853);
#1859=VERTEX_POINT('',#6859);
#1860=VERTEX_POINT('',#6864);
#1861=VERTEX_POINT('',#6870);
#1862=VERTEX_POINT('',#6874);
#1863=VERTEX_POINT('',#6880);
#1864=VERTEX_POINT('',#6884);
#1865=VERTEX_POINT('',#6896);
#1866=VERTEX_POINT('',#6900);
#1867=VERTEX_POINT('',#6907);
#1868=VERTEX_POINT('',#6909);
#1869=VERTEX_POINT('',#6914);
#1870=VERTEX_POINT('',#6915);
#1871=VERTEX_POINT('',#6920);
#1872=VERTEX_POINT('',#6924);
#1873=VERTEX_POINT('',#6926);
#1874=VERTEX_POINT('',#6933);
#1875=VERTEX_POINT('',#6940);
#1876=VERTEX_POINT('',#6942);
#1877=VERTEX_POINT('',#6946);
#1878=VERTEX_POINT('',#6947);
#1879=VERTEX_POINT('',#6950);
#1880=VERTEX_POINT('',#6955);
#1881=VERTEX_POINT('',#6956);
#1882=VERTEX_POINT('',#6958);
#1883=VERTEX_POINT('',#6960);
#1884=VERTEX_POINT('',#6964);
#1885=VERTEX_POINT('',#6966);
#1886=VERTEX_POINT('',#6970);
#1887=VERTEX_POINT('',#6972);
#1888=VERTEX_POINT('',#6976);
#1889=VERTEX_POINT('',#6978);
#1890=VERTEX_POINT('',#6982);
#1891=VERTEX_POINT('',#6984);
#1892=VERTEX_POINT('',#6992);
#1893=VERTEX_POINT('',#6993);
#1894=VERTEX_POINT('',#6995);
#1895=VERTEX_POINT('',#6997);
#1896=VERTEX_POINT('',#7001);
#1897=VERTEX_POINT('',#7003);
#1898=VERTEX_POINT('',#7007);
#1899=VERTEX_POINT('',#7009);
#1900=VERTEX_POINT('',#7013);
#1901=VERTEX_POINT('',#7015);
#1902=VERTEX_POINT('',#7019);
#1903=VERTEX_POINT('',#7021);
#1904=VERTEX_POINT('',#7029);
#1905=VERTEX_POINT('',#7031);
#1906=VERTEX_POINT('',#7035);
#1907=VERTEX_POINT('',#7038);
#1908=VERTEX_POINT('',#7042);
#1909=VERTEX_POINT('',#7044);
#1910=VERTEX_POINT('',#7048);
#1911=VERTEX_POINT('',#7049);
#1912=VERTEX_POINT('',#7052);
#1913=VERTEX_POINT('',#7057);
#1914=VERTEX_POINT('',#7058);
#1915=VERTEX_POINT('',#7060);
#1916=VERTEX_POINT('',#7062);
#1917=VERTEX_POINT('',#7066);
#1918=VERTEX_POINT('',#7068);
#1919=VERTEX_POINT('',#7072);
#1920=VERTEX_POINT('',#7074);
#1921=VERTEX_POINT('',#7078);
#1922=VERTEX_POINT('',#7080);
#1923=VERTEX_POINT('',#7084);
#1924=VERTEX_POINT('',#7086);
#1925=VERTEX_POINT('',#7094);
#1926=VERTEX_POINT('',#7095);
#1927=VERTEX_POINT('',#7097);
#1928=VERTEX_POINT('',#7099);
#1929=VERTEX_POINT('',#7103);
#1930=VERTEX_POINT('',#7105);
#1931=VERTEX_POINT('',#7109);
#1932=VERTEX_POINT('',#7111);
#1933=VERTEX_POINT('',#7115);
#1934=VERTEX_POINT('',#7117);
#1935=VERTEX_POINT('',#7121);
#1936=VERTEX_POINT('',#7123);
#1937=VERTEX_POINT('',#7131);
#1938=VERTEX_POINT('',#7133);
#1939=VERTEX_POINT('',#7137);
#1940=VERTEX_POINT('',#7139);
#1941=VERTEX_POINT('',#7156);
#1942=VERTEX_POINT('',#7158);
#1943=VERTEX_POINT('',#7162);
#1944=VERTEX_POINT('',#7165);
#1945=VERTEX_POINT('',#7167);
#1946=VERTEX_POINT('',#7171);
#1947=VERTEX_POINT('',#7182);
#1948=VERTEX_POINT('',#7186);
#1949=VERTEX_POINT('',#7187);
#1950=VERTEX_POINT('',#7194);
#1951=VERTEX_POINT('',#7202);
#1952=VERTEX_POINT('',#7204);
#1953=VERTEX_POINT('',#7209);
#1954=VERTEX_POINT('',#7211);
#1955=VERTEX_POINT('',#7220);
#1956=VERTEX_POINT('',#7225);
#1957=EDGE_CURVE('',#1614,#1615,#860,.T.);
#1958=EDGE_CURVE('',#1614,#1616,#861,.T.);
#1959=EDGE_CURVE('',#1617,#1616,#862,.T.);
#1960=EDGE_CURVE('',#1615,#1617,#863,.T.);
#1961=EDGE_CURVE('',#1615,#1618,#864,.T.);
#1962=EDGE_CURVE('',#1619,#1617,#865,.T.);
#1963=EDGE_CURVE('',#1618,#1619,#866,.T.);
#1964=EDGE_CURVE('',#1618,#1620,#867,.T.);
#1965=EDGE_CURVE('',#1621,#1619,#868,.T.);
#1966=EDGE_CURVE('',#1620,#1621,#869,.T.);
#1967=EDGE_CURVE('',#1620,#1622,#870,.T.);
#1968=EDGE_CURVE('',#1623,#1621,#871,.T.);
#1969=EDGE_CURVE('',#1622,#1623,#872,.T.);
#1970=EDGE_CURVE('',#1622,#1624,#873,.T.);
#1971=EDGE_CURVE('',#1625,#1623,#874,.T.);
#1972=EDGE_CURVE('',#1624,#1625,#875,.T.);
#1973=EDGE_CURVE('',#1624,#1626,#257,.T.);
#1974=EDGE_CURVE('',#1627,#1625,#258,.T.);
#1975=EDGE_CURVE('',#1626,#1627,#876,.T.);
#1976=EDGE_CURVE('',#1626,#1628,#877,.T.);
#1977=EDGE_CURVE('',#1629,#1627,#878,.T.);
#1978=EDGE_CURVE('',#1628,#1629,#879,.T.);
#1979=EDGE_CURVE('',#1628,#1630,#880,.T.);
#1980=EDGE_CURVE('',#1631,#1629,#881,.T.);
#1981=EDGE_CURVE('',#1630,#1631,#882,.T.);
#1982=EDGE_CURVE('',#1630,#1632,#883,.T.);
#1983=EDGE_CURVE('',#1633,#1631,#884,.T.);
#1984=EDGE_CURVE('',#1632,#1633,#885,.T.);
#1985=EDGE_CURVE('',#1632,#1634,#886,.T.);
#1986=EDGE_CURVE('',#1635,#1633,#887,.T.);
#1987=EDGE_CURVE('',#1634,#1635,#888,.T.);
#1988=EDGE_CURVE('',#1634,#1614,#889,.T.);
#1989=EDGE_CURVE('',#1616,#1635,#890,.T.);
#1990=EDGE_CURVE('',#1636,#1637,#891,.T.);
#1991=EDGE_CURVE('',#1636,#1638,#892,.T.);
#1992=EDGE_CURVE('',#1639,#1638,#893,.T.);
#1993=EDGE_CURVE('',#1637,#1639,#894,.T.);
#1994=EDGE_CURVE('',#1637,#1640,#895,.T.);
#1995=EDGE_CURVE('',#1641,#1639,#896,.T.);
#1996=EDGE_CURVE('',#1640,#1641,#897,.T.);
#1997=EDGE_CURVE('',#1640,#1642,#898,.T.);
#1998=EDGE_CURVE('',#1643,#1641,#899,.T.);
#1999=EDGE_CURVE('',#1642,#1643,#900,.T.);
#2000=EDGE_CURVE('',#1642,#1644,#901,.T.);
#2001=EDGE_CURVE('',#1645,#1643,#902,.T.);
#2002=EDGE_CURVE('',#1644,#1645,#903,.T.);
#2003=EDGE_CURVE('',#1644,#1646,#904,.T.);
#2004=EDGE_CURVE('',#1647,#1645,#905,.T.);
#2005=EDGE_CURVE('',#1646,#1647,#906,.T.);
#2006=EDGE_CURVE('',#1646,#1648,#907,.T.);
#2007=EDGE_CURVE('',#1649,#1647,#908,.T.);
#2008=EDGE_CURVE('',#1648,#1649,#909,.T.);
#2009=EDGE_CURVE('',#1648,#1650,#910,.T.);
#2010=EDGE_CURVE('',#1651,#1649,#911,.T.);
#2011=EDGE_CURVE('',#1650,#1651,#912,.T.);
#2012=EDGE_CURVE('',#1650,#1652,#913,.T.);
#2013=EDGE_CURVE('',#1653,#1651,#914,.T.);
#2014=EDGE_CURVE('',#1652,#1653,#915,.T.);
#2015=EDGE_CURVE('',#1652,#1654,#916,.T.);
#2016=EDGE_CURVE('',#1655,#1653,#917,.T.);
#2017=EDGE_CURVE('',#1654,#1655,#918,.T.);
#2018=EDGE_CURVE('',#1654,#1656,#919,.T.);
#2019=EDGE_CURVE('',#1657,#1655,#920,.T.);
#2020=EDGE_CURVE('',#1656,#1657,#921,.T.);
#2021=EDGE_CURVE('',#1656,#1658,#922,.T.);
#2022=EDGE_CURVE('',#1659,#1657,#923,.T.);
#2023=EDGE_CURVE('',#1658,#1659,#924,.T.);
#2024=EDGE_CURVE('',#1658,#1636,#925,.T.);
#2025=EDGE_CURVE('',#1638,#1659,#926,.T.);
#2026=EDGE_CURVE('',#1660,#1661,#259,.T.);
#2027=EDGE_CURVE('',#1660,#1662,#927,.T.);
#2028=EDGE_CURVE('',#1663,#1662,#260,.T.);
#2029=EDGE_CURVE('',#1661,#1663,#928,.T.);
#2030=EDGE_CURVE('',#1664,#1660,#261,.T.);
#2031=EDGE_CURVE('',#1664,#1665,#929,.T.);
#2032=EDGE_CURVE('',#1662,#1665,#262,.T.);
#2033=EDGE_CURVE('',#1666,#1664,#930,.T.);
#2034=EDGE_CURVE('',#1666,#1667,#931,.T.);
#2035=EDGE_CURVE('',#1665,#1667,#932,.T.);
#2036=EDGE_CURVE('',#1668,#1666,#933,.T.);
#2037=EDGE_CURVE('',#1668,#1669,#934,.T.);
#2038=EDGE_CURVE('',#1667,#1669,#935,.T.);
#2039=EDGE_CURVE('',#1670,#1668,#936,.T.);
#2040=EDGE_CURVE('',#1670,#1671,#937,.T.);
#2041=EDGE_CURVE('',#1669,#1671,#938,.T.);
#2042=EDGE_CURVE('',#1672,#1670,#263,.T.);
#2043=EDGE_CURVE('',#1672,#1673,#939,.T.);
#2044=EDGE_CURVE('',#1671,#1673,#264,.T.);
#2045=EDGE_CURVE('',#1661,#1672,#265,.T.);
#2046=EDGE_CURVE('',#1673,#1663,#266,.T.);
#2047=EDGE_CURVE('',#1674,#1675,#267,.T.);
#2048=EDGE_CURVE('',#1674,#1676,#940,.T.);
#2049=EDGE_CURVE('',#1677,#1676,#268,.T.);
#2050=EDGE_CURVE('',#1675,#1677,#941,.T.);
#2051=EDGE_CURVE('',#1678,#1674,#269,.T.);
#2052=EDGE_CURVE('',#1678,#1679,#942,.T.);
#2053=EDGE_CURVE('',#1676,#1679,#270,.T.);
#2054=EDGE_CURVE('',#1680,#1678,#943,.T.);
#2055=EDGE_CURVE('',#1680,#1681,#944,.T.);
#2056=EDGE_CURVE('',#1679,#1681,#945,.T.);
#2057=EDGE_CURVE('',#1682,#1680,#946,.T.);
#2058=EDGE_CURVE('',#1682,#1683,#947,.T.);
#2059=EDGE_CURVE('',#1681,#1683,#948,.T.);
#2060=EDGE_CURVE('',#1684,#1682,#949,.T.);
#2061=EDGE_CURVE('',#1684,#1685,#950,.T.);
#2062=EDGE_CURVE('',#1683,#1685,#951,.T.);
#2063=EDGE_CURVE('',#1686,#1684,#271,.T.);
#2064=EDGE_CURVE('',#1686,#1687,#952,.T.);
#2065=EDGE_CURVE('',#1685,#1687,#272,.T.);
#2066=EDGE_CURVE('',#1675,#1686,#273,.T.);
#2067=EDGE_CURVE('',#1687,#1677,#274,.T.);
#2068=EDGE_CURVE('',#1688,#1689,#275,.T.);
#2069=EDGE_CURVE('',#1688,#1690,#953,.T.);
#2070=EDGE_CURVE('',#1691,#1690,#276,.T.);
#2071=EDGE_CURVE('',#1689,#1691,#954,.T.);
#2072=EDGE_CURVE('',#1689,#1692,#955,.T.);
#2073=EDGE_CURVE('',#1693,#1691,#956,.T.);
#2074=EDGE_CURVE('',#1692,#1693,#957,.T.);
#2075=EDGE_CURVE('',#1692,#1694,#958,.T.);
#2076=EDGE_CURVE('',#1695,#1693,#959,.T.);
#2077=EDGE_CURVE('',#1694,#1695,#960,.T.);
#2078=EDGE_CURVE('',#1694,#1696,#961,.T.);
#2079=EDGE_CURVE('',#1697,#1695,#962,.T.);
#2080=EDGE_CURVE('',#1696,#1697,#963,.T.);
#2081=EDGE_CURVE('',#1696,#1698,#277,.T.);
#2082=EDGE_CURVE('',#1699,#1697,#278,.T.);
#2083=EDGE_CURVE('',#1698,#1699,#964,.T.);
#2084=EDGE_CURVE('',#1698,#1700,#279,.T.);
#2085=EDGE_CURVE('',#1701,#1699,#280,.T.);
#2086=EDGE_CURVE('',#1700,#1701,#965,.T.);
#2087=EDGE_CURVE('',#1700,#1702,#281,.T.);
#2088=EDGE_CURVE('',#1703,#1701,#282,.T.);
#2089=EDGE_CURVE('',#1702,#1703,#966,.T.);
#2090=EDGE_CURVE('',#1702,#1704,#967,.T.);
#2091=EDGE_CURVE('',#1705,#1703,#968,.T.);
#2092=EDGE_CURVE('',#1704,#1705,#969,.T.);
#2093=EDGE_CURVE('',#1704,#1706,#283,.T.);
#2094=EDGE_CURVE('',#1707,#1705,#284,.T.);
#2095=EDGE_CURVE('',#1706,#1707,#970,.T.);
#2096=EDGE_CURVE('',#1706,#1688,#285,.T.);
#2097=EDGE_CURVE('',#1690,#1707,#286,.T.);
#2098=EDGE_CURVE('',#1708,#1709,#971,.T.);
#2099=EDGE_CURVE('',#1708,#1710,#972,.T.);
#2100=EDGE_CURVE('',#1711,#1710,#973,.T.);
#2101=EDGE_CURVE('',#1709,#1711,#974,.T.);
#2102=EDGE_CURVE('',#1709,#1712,#975,.T.);
#2103=EDGE_CURVE('',#1713,#1711,#976,.T.);
#2104=EDGE_CURVE('',#1712,#1713,#977,.T.);
#2105=EDGE_CURVE('',#1712,#1714,#978,.T.);
#2106=EDGE_CURVE('',#1715,#1713,#979,.T.);
#2107=EDGE_CURVE('',#1714,#1715,#980,.T.);
#2108=EDGE_CURVE('',#1714,#1708,#981,.T.);
#2109=EDGE_CURVE('',#1710,#1715,#982,.T.);
#2110=EDGE_CURVE('',#1716,#1717,#983,.T.);
#2111=EDGE_CURVE('',#1716,#1718,#984,.T.);
#2112=EDGE_CURVE('',#1719,#1718,#985,.T.);
#2113=EDGE_CURVE('',#1717,#1719,#986,.T.);
#2114=EDGE_CURVE('',#1717,#1720,#287,.T.);
#2115=EDGE_CURVE('',#1721,#1719,#288,.T.);
#2116=EDGE_CURVE('',#1720,#1721,#987,.T.);
#2117=EDGE_CURVE('',#1720,#1722,#289,.T.);
#2118=EDGE_CURVE('',#1723,#1721,#290,.T.);
#2119=EDGE_CURVE('',#1722,#1723,#988,.T.);
#2120=EDGE_CURVE('',#1722,#1724,#291,.T.);
#2121=EDGE_CURVE('',#1725,#1723,#292,.T.);
#2122=EDGE_CURVE('',#1724,#1725,#989,.T.);
#2123=EDGE_CURVE('',#1724,#1726,#293,.T.);
#2124=EDGE_CURVE('',#1727,#1725,#294,.T.);
#2125=EDGE_CURVE('',#1726,#1727,#990,.T.);
#2126=EDGE_CURVE('',#1726,#1728,#295,.T.);
#2127=EDGE_CURVE('',#1729,#1727,#296,.T.);
#2128=EDGE_CURVE('',#1728,#1729,#991,.T.);
#2129=EDGE_CURVE('',#1728,#1730,#297,.T.);
#2130=EDGE_CURVE('',#1731,#1729,#298,.T.);
#2131=EDGE_CURVE('',#1730,#1731,#992,.T.);
#2132=EDGE_CURVE('',#1730,#1732,#993,.T.);
#2133=EDGE_CURVE('',#1733,#1731,#994,.T.);
#2134=EDGE_CURVE('',#1732,#1733,#995,.T.);
#2135=EDGE_CURVE('',#1732,#1734,#996,.T.);
#2136=EDGE_CURVE('',#1735,#1733,#997,.T.);
#2137=EDGE_CURVE('',#1734,#1735,#998,.T.);
#2138=EDGE_CURVE('',#1734,#1736,#299,.T.);
#2139=EDGE_CURVE('',#1737,#1735,#300,.T.);
#2140=EDGE_CURVE('',#1736,#1737,#999,.T.);
#2141=EDGE_CURVE('',#1736,#1738,#301,.T.);
#2142=EDGE_CURVE('',#1739,#1737,#302,.T.);
#2143=EDGE_CURVE('',#1738,#1739,#1000,.T.);
#2144=EDGE_CURVE('',#1738,#1740,#303,.T.);
#2145=EDGE_CURVE('',#1741,#1739,#304,.T.);
#2146=EDGE_CURVE('',#1740,#1741,#1001,.T.);
#2147=EDGE_CURVE('',#1740,#1742,#305,.T.);
#2148=EDGE_CURVE('',#1743,#1741,#306,.T.);
#2149=EDGE_CURVE('',#1742,#1743,#1002,.T.);
#2150=EDGE_CURVE('',#1742,#1744,#307,.T.);
#2151=EDGE_CURVE('',#1745,#1743,#308,.T.);
#2152=EDGE_CURVE('',#1744,#1745,#1003,.T.);
#2153=EDGE_CURVE('',#1744,#1746,#1004,.T.);
#2154=EDGE_CURVE('',#1747,#1745,#1005,.T.);
#2155=EDGE_CURVE('',#1746,#1747,#1006,.T.);
#2156=EDGE_CURVE('',#1746,#1748,#1007,.T.);
#2157=EDGE_CURVE('',#1749,#1747,#1008,.T.);
#2158=EDGE_CURVE('',#1748,#1749,#1009,.T.);
#2159=EDGE_CURVE('',#1748,#1716,#1010,.T.);
#2160=EDGE_CURVE('',#1718,#1749,#1011,.T.);
#2161=EDGE_CURVE('',#1750,#1751,#1012,.T.);
#2162=EDGE_CURVE('',#1750,#1752,#1013,.T.);
#2163=EDGE_CURVE('',#1752,#1753,#1014,.T.);
#2164=EDGE_CURVE('',#1753,#1754,#1015,.T.);
#2165=EDGE_CURVE('',#1754,#1755,#1016,.T.);
#2166=EDGE_CURVE('',#1755,#1756,#1017,.T.);
#2167=EDGE_CURVE('',#1756,#1757,#1018,.T.);
#2168=EDGE_CURVE('',#1757,#1758,#1019,.T.);
#2169=EDGE_CURVE('',#1759,#1758,#1020,.T.);
#2170=EDGE_CURVE('',#1751,#1759,#1021,.T.);
#2171=EDGE_CURVE('',#1760,#1760,#115,.T.);
#2172=EDGE_CURVE('',#1761,#1761,#116,.T.);
#2173=EDGE_CURVE('',#1762,#1762,#117,.T.);
#2174=EDGE_CURVE('',#1763,#1763,#118,.T.);
#2175=EDGE_CURVE('',#1764,#1764,#119,.T.);
#2176=EDGE_CURVE('',#1764,#1765,#1022,.T.);
#2177=EDGE_CURVE('',#1765,#1765,#120,.T.);
#2178=EDGE_CURVE('',#1766,#1766,#121,.T.);
#2179=EDGE_CURVE('',#1765,#1767,#1023,.T.);
#2180=EDGE_CURVE('',#1767,#1768,#122,.T.);
#2181=EDGE_CURVE('',#1768,#1767,#123,.T.);
#2182=EDGE_CURVE('',#1769,#1769,#124,.T.);
#2183=EDGE_CURVE('',#1769,#1770,#1024,.T.);
#2184=EDGE_CURVE('',#1770,#1770,#125,.T.);
#2185=EDGE_CURVE('',#1771,#1771,#126,.T.);
#2186=EDGE_CURVE('',#1770,#1772,#1025,.T.);
#2187=EDGE_CURVE('',#1772,#1773,#127,.T.);
#2188=EDGE_CURVE('',#1773,#1772,#128,.T.);
#2189=EDGE_CURVE('',#1774,#1775,#1026,.T.);
#2190=EDGE_CURVE('',#1775,#1776,#1027,.T.);
#2191=EDGE_CURVE('',#1776,#1777,#1028,.T.);
#2192=EDGE_CURVE('',#1774,#1777,#1029,.T.);
#2193=EDGE_CURVE('',#1775,#1778,#1030,.T.);
#2194=EDGE_CURVE('',#1778,#1779,#1031,.T.);
#2195=EDGE_CURVE('',#1779,#1776,#1032,.T.);
#2196=EDGE_CURVE('',#1778,#1780,#1033,.T.);
#2197=EDGE_CURVE('',#1780,#1781,#1034,.T.);
#2198=EDGE_CURVE('',#1781,#1779,#1035,.T.);
#2199=EDGE_CURVE('',#1780,#1782,#1036,.T.);
#2200=EDGE_CURVE('',#1782,#1783,#1037,.T.);
#2201=EDGE_CURVE('',#1783,#1781,#1038,.T.);
#2202=EDGE_CURVE('',#1782,#1784,#1039,.T.);
#2203=EDGE_CURVE('',#1784,#1785,#1040,.T.);
#2204=EDGE_CURVE('',#1785,#1783,#1041,.T.);
#2205=EDGE_CURVE('',#1786,#1785,#1042,.T.);
#2206=EDGE_CURVE('',#1784,#1787,#1043,.T.);
#2207=EDGE_CURVE('',#1787,#1786,#1044,.T.);
#2208=EDGE_CURVE('',#1788,#1786,#1045,.T.);
#2209=EDGE_CURVE('',#1787,#1789,#1046,.T.);
#2210=EDGE_CURVE('',#1789,#1788,#1047,.T.);
#2211=EDGE_CURVE('',#1777,#1788,#1048,.T.);
#2212=EDGE_CURVE('',#1789,#1774,#1049,.T.);
#2213=EDGE_CURVE('',#1790,#1786,#1050,.T.);
#2214=EDGE_CURVE('',#1791,#1790,#1051,.T.);
#2215=EDGE_CURVE('',#1791,#1785,#1052,.T.);
#2216=EDGE_CURVE('',#1753,#1788,#1053,.T.);
#2217=EDGE_CURVE('',#1792,#1752,#1054,.T.);
#2218=EDGE_CURVE('',#1792,#1793,#1055,.T.);
#2219=EDGE_CURVE('',#1794,#1793,#1056,.T.);
#2220=EDGE_CURVE('',#1790,#1794,#1057,.T.);
#2221=EDGE_CURVE('',#1754,#1777,#1058,.T.);
#2222=EDGE_CURVE('',#1755,#1776,#1059,.T.);
#2223=EDGE_CURVE('',#1795,#1795,#129,.T.);
#2224=EDGE_CURVE('',#1796,#1796,#130,.T.);
#2225=EDGE_CURVE('',#1797,#1797,#131,.T.);
#2226=EDGE_CURVE('',#1798,#1798,#132,.T.);
#2227=EDGE_CURVE('',#1799,#1799,#133,.T.);
#2228=EDGE_CURVE('',#1800,#1800,#134,.T.);
#2229=EDGE_CURVE('',#1800,#1801,#1060,.T.);
#2230=EDGE_CURVE('',#1801,#1801,#135,.T.);
#2231=EDGE_CURVE('',#1802,#1803,#1061,.T.);
#2232=EDGE_CURVE('',#1804,#1802,#1062,.T.);
#2233=EDGE_CURVE('',#1805,#1804,#1063,.T.);
#2234=EDGE_CURVE('',#1803,#1805,#1064,.T.);
#2235=EDGE_CURVE('',#1806,#1806,#136,.T.);
#2236=EDGE_CURVE('',#1807,#1807,#137,.T.);
#2237=EDGE_CURVE('',#1808,#1808,#138,.T.);
#2238=EDGE_CURVE('',#1809,#1809,#139,.T.);
#2239=EDGE_CURVE('',#1809,#1801,#1065,.T.);
#2240=EDGE_CURVE('',#1810,#1810,#309,.T.);
#2241=EDGE_CURVE('',#1811,#1811,#310,.T.);
#2242=EDGE_CURVE('',#1812,#1812,#311,.T.);
#2243=EDGE_CURVE('',#1813,#1813,#312,.T.);
#2244=EDGE_CURVE('',#1806,#1814,#1066,.T.);
#2245=EDGE_CURVE('',#1814,#1814,#140,.T.);
#2246=EDGE_CURVE('',#1815,#1815,#141,.T.);
#2247=EDGE_CURVE('',#1815,#1814,#1067,.T.);
#2248=EDGE_CURVE('',#1816,#1816,#313,.T.);
#2249=EDGE_CURVE('',#1817,#1817,#314,.T.);
#2250=EDGE_CURVE('',#1818,#1818,#315,.T.);
#2251=EDGE_CURVE('',#1819,#1819,#316,.T.);
#2252=EDGE_CURVE('',#1808,#1820,#1068,.T.);
#2253=EDGE_CURVE('',#1820,#1820,#142,.T.);
#2254=EDGE_CURVE('',#1821,#1821,#143,.T.);
#2255=EDGE_CURVE('',#1821,#1820,#1069,.T.);
#2256=EDGE_CURVE('',#1822,#1823,#317,.T.);
#2257=EDGE_CURVE('',#1823,#1822,#318,.T.);
#2258=EDGE_CURVE('',#1824,#1825,#319,.T.);
#2259=EDGE_CURVE('',#1825,#1824,#320,.T.);
#2260=EDGE_CURVE('',#1826,#1827,#321,.T.);
#2261=EDGE_CURVE('',#1827,#1826,#322,.T.);
#2262=EDGE_CURVE('',#1828,#1829,#323,.T.);
#2263=EDGE_CURVE('',#1829,#1828,#324,.T.);
#2264=EDGE_CURVE('',#1807,#1830,#1070,.T.);
#2265=EDGE_CURVE('',#1830,#1830,#144,.T.);
#2266=EDGE_CURVE('',#1831,#1831,#145,.T.);
#2267=EDGE_CURVE('',#1831,#1830,#1071,.T.);
#2268=EDGE_CURVE('',#1832,#1833,#325,.T.);
#2269=EDGE_CURVE('',#1833,#1832,#326,.T.);
#2270=EDGE_CURVE('',#1834,#1835,#327,.T.);
#2271=EDGE_CURVE('',#1835,#1834,#328,.T.);
#2272=EDGE_CURVE('',#1836,#1837,#329,.T.);
#2273=EDGE_CURVE('',#1837,#1836,#330,.T.);
#2274=EDGE_CURVE('',#1838,#1839,#331,.T.);
#2275=EDGE_CURVE('',#1839,#1838,#332,.T.);
#2276=EDGE_CURVE('',#1840,#1840,#146,.T.);
#2277=EDGE_CURVE('',#1840,#1841,#1072,.T.);
#2278=EDGE_CURVE('',#1841,#1841,#147,.T.);
#2279=EDGE_CURVE('',#1842,#1843,#1073,.T.);
#2280=EDGE_CURVE('',#1844,#1842,#1074,.T.);
#2281=EDGE_CURVE('',#1845,#1844,#1075,.T.);
#2282=EDGE_CURVE('',#1846,#1845,#1076,.T.);
#2283=EDGE_CURVE('',#1847,#1846,#1077,.T.);
#2284=EDGE_CURVE('',#1793,#1847,#1078,.T.);
#2285=EDGE_CURVE('',#1843,#1792,#1079,.T.);
#2286=EDGE_CURVE('',#1848,#1848,#148,.T.);
#2287=EDGE_CURVE('',#1849,#1849,#149,.T.);
#2288=EDGE_CURVE('',#1850,#1850,#150,.T.);
#2289=EDGE_CURVE('',#1851,#1851,#151,.T.);
#2290=EDGE_CURVE('',#1835,#1841,#1080,.T.);
#2291=EDGE_CURVE('',#1848,#1852,#1081,.T.);
#2292=EDGE_CURVE('',#1852,#1852,#152,.T.);
#2293=EDGE_CURVE('',#1839,#1852,#1082,.T.);
#2294=EDGE_CURVE('',#1851,#1853,#1083,.T.);
#2295=EDGE_CURVE('',#1853,#1853,#153,.T.);
#2296=EDGE_CURVE('',#1813,#1853,#1084,.T.);
#2297=EDGE_CURVE('',#1849,#1854,#1085,.T.);
#2298=EDGE_CURVE('',#1854,#1854,#154,.T.);
#2299=EDGE_CURVE('',#1811,#1854,#1086,.T.);
#2300=EDGE_CURVE('',#1763,#1855,#1087,.T.);
#2301=EDGE_CURVE('',#1855,#1855,#155,.T.);
#2302=EDGE_CURVE('',#1855,#1816,#1088,.T.);
#2303=EDGE_CURVE('',#1760,#1856,#1089,.T.);
#2304=EDGE_CURVE('',#1856,#1856,#156,.T.);
#2305=EDGE_CURVE('',#1856,#1818,#1090,.T.);
#2306=EDGE_CURVE('',#1762,#1857,#1091,.T.);
#2307=EDGE_CURVE('',#1857,#1857,#157,.T.);
#2308=EDGE_CURVE('',#1857,#1827,#1092,.T.);
#2309=EDGE_CURVE('',#1761,#1858,#1093,.T.);
#2310=EDGE_CURVE('',#1858,#1858,#158,.T.);
#2311=EDGE_CURVE('',#1858,#1823,#1094,.T.);
#2312=EDGE_CURVE('',#1859,#1759,#1095,.T.);
#2313=EDGE_CURVE('',#1805,#1859,#1096,.T.);
#2314=EDGE_CURVE('',#1759,#1805,#1097,.T.);
#2315=EDGE_CURVE('',#1844,#1860,#1098,.T.);
#2316=EDGE_CURVE('',#1803,#1844,#1099,.T.);
#2317=EDGE_CURVE('',#1860,#1803,#1100,.T.);
#2318=EDGE_CURVE('',#1804,#1751,#1101,.T.);
#2319=EDGE_CURVE('',#1861,#1804,#1102,.T.);
#2320=EDGE_CURVE('',#1751,#1861,#1103,.T.);
#2321=EDGE_CURVE('',#1802,#1862,#1104,.T.);
#2322=EDGE_CURVE('',#1842,#1802,#1105,.T.);
#2323=EDGE_CURVE('',#1862,#1842,#1106,.T.);
#2324=EDGE_CURVE('',#1863,#1862,#1107,.T.);
#2325=EDGE_CURVE('',#1843,#1863,#1108,.T.);
#2326=EDGE_CURVE('',#1864,#1863,#1109,.T.);
#2327=EDGE_CURVE('',#1843,#1750,#1110,.T.);
#2328=EDGE_CURVE('',#1750,#1864,#1111,.T.);
#2329=EDGE_CURVE('',#1861,#1864,#1112,.T.);
#2330=EDGE_CURVE('',#1862,#1861,#1113,.T.);
#2331=EDGE_CURVE('',#1859,#1860,#1114,.T.);
#2332=EDGE_CURVE('',#1860,#1865,#1115,.T.);
#2333=EDGE_CURVE('',#1865,#1845,#1116,.T.);
#2334=EDGE_CURVE('',#1866,#1859,#1117,.T.);
#2335=EDGE_CURVE('',#1866,#1758,#1118,.T.);
#2336=EDGE_CURVE('',#1758,#1845,#1119,.T.);
#2337=EDGE_CURVE('',#1865,#1866,#1120,.T.);
#2338=EDGE_CURVE('',#1867,#1867,#159,.T.);
#2339=EDGE_CURVE('',#1868,#1868,#160,.T.);
#2340=EDGE_CURVE('',#1869,#1870,#1121,.T.);
#2341=EDGE_CURVE('',#1870,#1793,#1122,.T.);
#2342=EDGE_CURVE('',#1847,#1869,#1123,.T.);
#2343=EDGE_CURVE('',#1870,#1871,#1124,.T.);
#2344=EDGE_CURVE('',#1871,#1794,#1125,.T.);
#2345=EDGE_CURVE('',#1872,#1794,#1126,.T.);
#2346=EDGE_CURVE('',#1871,#1873,#1127,.T.);
#2347=EDGE_CURVE('',#1872,#1873,#1128,.T.);
#2348=EDGE_CURVE('',#1873,#1869,#1129,.T.);
#2349=EDGE_CURVE('',#1847,#1872,#1130,.T.);
#2350=EDGE_CURVE('',#1874,#1781,#1131,.T.);
#2351=EDGE_CURVE('',#1872,#1874,#1132,.T.);
#2352=EDGE_CURVE('',#1846,#1757,#1133,.T.);
#2353=EDGE_CURVE('',#1756,#1779,#1134,.T.);
#2354=EDGE_CURVE('',#1875,#1875,#161,.T.);
#2355=EDGE_CURVE('',#1875,#1876,#1135,.T.);
#2356=EDGE_CURVE('',#1876,#1876,#162,.T.);
#2357=EDGE_CURVE('',#1877,#1878,#163,.T.);
#2358=EDGE_CURVE('',#1878,#1877,#164,.T.);
#2359=EDGE_CURVE('',#1878,#1879,#1136,.T.);
#2360=EDGE_CURVE('',#1879,#1879,#165,.T.);
#2361=EDGE_CURVE('',#1880,#1881,#1137,.T.);
#2362=EDGE_CURVE('',#1880,#1882,#1138,.T.);
#2363=EDGE_CURVE('',#1882,#1883,#1139,.T.);
#2364=EDGE_CURVE('',#1881,#1883,#1140,.T.);
#2365=EDGE_CURVE('',#1884,#1880,#1141,.T.);
#2366=EDGE_CURVE('',#1884,#1885,#1142,.T.);
#2367=EDGE_CURVE('',#1885,#1882,#1143,.T.);
#2368=EDGE_CURVE('',#1886,#1884,#1144,.T.);
#2369=EDGE_CURVE('',#1886,#1887,#1145,.T.);
#2370=EDGE_CURVE('',#1887,#1885,#1146,.T.);
#2371=EDGE_CURVE('',#1888,#1886,#1147,.T.);
#2372=EDGE_CURVE('',#1888,#1889,#1148,.T.);
#2373=EDGE_CURVE('',#1889,#1887,#1149,.T.);
#2374=EDGE_CURVE('',#1890,#1888,#1150,.T.);
#2375=EDGE_CURVE('',#1890,#1891,#1151,.T.);
#2376=EDGE_CURVE('',#1891,#1889,#1152,.T.);
#2377=EDGE_CURVE('',#1881,#1890,#1153,.T.);
#2378=EDGE_CURVE('',#1883,#1891,#1154,.T.);
#2379=EDGE_CURVE('',#1892,#1893,#1155,.T.);
#2380=EDGE_CURVE('',#1892,#1894,#1156,.T.);
#2381=EDGE_CURVE('',#1895,#1894,#1157,.T.);
#2382=EDGE_CURVE('',#1893,#1895,#1158,.T.);
#2383=EDGE_CURVE('',#1893,#1896,#1159,.T.);
#2384=EDGE_CURVE('',#1897,#1895,#1160,.T.);
#2385=EDGE_CURVE('',#1896,#1897,#1161,.T.);
#2386=EDGE_CURVE('',#1896,#1898,#1162,.T.);
#2387=EDGE_CURVE('',#1899,#1897,#1163,.T.);
#2388=EDGE_CURVE('',#1898,#1899,#1164,.T.);
#2389=EDGE_CURVE('',#1898,#1900,#1165,.T.);
#2390=EDGE_CURVE('',#1901,#1899,#1166,.T.);
#2391=EDGE_CURVE('',#1900,#1901,#1167,.T.);
#2392=EDGE_CURVE('',#1900,#1902,#1168,.T.);
#2393=EDGE_CURVE('',#1903,#1901,#1169,.T.);
#2394=EDGE_CURVE('',#1902,#1903,#1170,.T.);
#2395=EDGE_CURVE('',#1902,#1892,#1171,.T.);
#2396=EDGE_CURVE('',#1894,#1903,#1172,.T.);
#2397=EDGE_CURVE('',#1904,#1904,#166,.T.);
#2398=EDGE_CURVE('',#1904,#1905,#1173,.T.);
#2399=EDGE_CURVE('',#1905,#1905,#167,.T.);
#2400=EDGE_CURVE('',#1906,#1906,#168,.T.);
#2401=EDGE_CURVE('',#1907,#1907,#169,.T.);
#2402=EDGE_CURVE('',#1907,#1906,#1174,.T.);
#2403=EDGE_CURVE('',#1908,#1908,#170,.T.);
#2404=EDGE_CURVE('',#1908,#1909,#1175,.T.);
#2405=EDGE_CURVE('',#1909,#1909,#171,.T.);
#2406=EDGE_CURVE('',#1910,#1911,#172,.T.);
#2407=EDGE_CURVE('',#1911,#1910,#173,.T.);
#2408=EDGE_CURVE('',#1911,#1912,#1176,.T.);
#2409=EDGE_CURVE('',#1912,#1912,#174,.T.);
#2410=EDGE_CURVE('',#1913,#1914,#1177,.T.);
#2411=EDGE_CURVE('',#1913,#1915,#1178,.T.);
#2412=EDGE_CURVE('',#1916,#1915,#1179,.T.);
#2413=EDGE_CURVE('',#1914,#1916,#1180,.T.);
#2414=EDGE_CURVE('',#1914,#1917,#1181,.T.);
#2415=EDGE_CURVE('',#1918,#1916,#1182,.T.);
#2416=EDGE_CURVE('',#1917,#1918,#1183,.T.);
#2417=EDGE_CURVE('',#1917,#1919,#1184,.T.);
#2418=EDGE_CURVE('',#1920,#1918,#1185,.T.);
#2419=EDGE_CURVE('',#1919,#1920,#1186,.T.);
#2420=EDGE_CURVE('',#1919,#1921,#1187,.T.);
#2421=EDGE_CURVE('',#1922,#1920,#1188,.T.);
#2422=EDGE_CURVE('',#1921,#1922,#1189,.T.);
#2423=EDGE_CURVE('',#1921,#1923,#1190,.T.);
#2424=EDGE_CURVE('',#1924,#1922,#1191,.T.);
#2425=EDGE_CURVE('',#1923,#1924,#1192,.T.);
#2426=EDGE_CURVE('',#1923,#1913,#1193,.T.);
#2427=EDGE_CURVE('',#1915,#1924,#1194,.T.);
#2428=EDGE_CURVE('',#1925,#1926,#1195,.T.);
#2429=EDGE_CURVE('',#1925,#1927,#1196,.T.);
#2430=EDGE_CURVE('',#1927,#1928,#1197,.T.);
#2431=EDGE_CURVE('',#1926,#1928,#1198,.T.);
#2432=EDGE_CURVE('',#1929,#1925,#1199,.T.);
#2433=EDGE_CURVE('',#1929,#1930,#1200,.T.);
#2434=EDGE_CURVE('',#1930,#1927,#1201,.T.);
#2435=EDGE_CURVE('',#1931,#1929,#1202,.T.);
#2436=EDGE_CURVE('',#1931,#1932,#1203,.T.);
#2437=EDGE_CURVE('',#1932,#1930,#1204,.T.);
#2438=EDGE_CURVE('',#1933,#1931,#1205,.T.);
#2439=EDGE_CURVE('',#1933,#1934,#1206,.T.);
#2440=EDGE_CURVE('',#1934,#1932,#1207,.T.);
#2441=EDGE_CURVE('',#1935,#1933,#1208,.T.);
#2442=EDGE_CURVE('',#1935,#1936,#1209,.T.);
#2443=EDGE_CURVE('',#1936,#1934,#1210,.T.);
#2444=EDGE_CURVE('',#1926,#1935,#1211,.T.);
#2445=EDGE_CURVE('',#1928,#1936,#1212,.T.);
#2446=EDGE_CURVE('',#1937,#1937,#175,.T.);
#2447=EDGE_CURVE('',#1937,#1938,#1213,.T.);
#2448=EDGE_CURVE('',#1938,#1938,#176,.T.);
#2449=EDGE_CURVE('',#1939,#1939,#177,.T.);
#2450=EDGE_CURVE('',#1939,#1940,#1214,.T.);
#2451=EDGE_CURVE('',#1940,#1940,#178,.T.);
#2452=EDGE_CURVE('',#1795,#1907,#1215,.T.);
#2453=EDGE_CURVE('',#1799,#1877,#1216,.T.);
#2454=EDGE_CURVE('',#1796,#1910,#1217,.T.);
#2455=EDGE_CURVE('',#1798,#1939,#1218,.T.);
#2456=EDGE_CURVE('',#1941,#1941,#179,.T.);
#2457=EDGE_CURVE('',#1941,#1942,#1219,.T.);
#2458=EDGE_CURVE('',#1942,#1942,#180,.T.);
#2459=EDGE_CURVE('',#1943,#1943,#181,.T.);
#2460=EDGE_CURVE('',#1944,#1944,#182,.T.);
#2461=EDGE_CURVE('',#1944,#1945,#1220,.T.);
#2462=EDGE_CURVE('',#1945,#1945,#183,.T.);
#2463=EDGE_CURVE('',#1946,#1946,#184,.T.);
#2464=EDGE_CURVE('',#1850,#1942,#1221,.T.);
#2465=EDGE_CURVE('',#1797,#1945,#1222,.T.);
#2466=EDGE_CURVE('',#1766,#1943,#1223,.T.);
#2467=EDGE_CURVE('',#1771,#1946,#1224,.T.);
#2468=EDGE_CURVE('',#1947,#1947,#185,.T.);
#2469=EDGE_CURVE('',#1947,#1768,#186,.T.);
#2470=EDGE_CURVE('',#1948,#1949,#187,.T.);
#2471=EDGE_CURVE('',#1949,#1948,#188,.T.);
#2472=EDGE_CURVE('',#1949,#1947,#1225,.T.);
#2473=EDGE_CURVE('',#1948,#1773,#189,.T.);
#2474=EDGE_CURVE('',#1950,#1791,#1226,.T.);
#2475=EDGE_CURVE('',#1950,#1783,#1227,.T.);
#2476=EDGE_CURVE('',#1874,#1950,#1228,.T.);
#2477=EDGE_CURVE('',#1951,#1951,#190,.T.);
#2478=EDGE_CURVE('',#1951,#1952,#1229,.T.);
#2479=EDGE_CURVE('',#1952,#1952,#191,.T.);
#2480=EDGE_CURVE('',#1953,#1953,#192,.T.);
#2481=EDGE_CURVE('',#1953,#1954,#1230,.T.);
#2482=EDGE_CURVE('',#1954,#1954,#193,.T.);
#2483=EDGE_CURVE('',#1825,#1833,#1231,.T.);
#2484=EDGE_CURVE('',#1829,#1837,#1232,.T.);
#2485=EDGE_CURVE('',#1868,#1955,#1233,.T.);
#2486=EDGE_CURVE('',#1955,#1955,#194,.T.);
#2487=EDGE_CURVE('',#1867,#1956,#1234,.T.);
#2488=EDGE_CURVE('',#1956,#1956,#195,.T.);
#2489=EDGE_CURVE('',#1819,#1812,#1235,.T.);
#2490=EDGE_CURVE('',#1817,#1810,#1236,.T.);
#2491=ORIENTED_EDGE('',*,*,#1957,.F.);
#2492=ORIENTED_EDGE('',*,*,#1958,.T.);
#2493=ORIENTED_EDGE('',*,*,#1959,.F.);
#2494=ORIENTED_EDGE('',*,*,#1960,.F.);
#2495=ORIENTED_EDGE('',*,*,#1961,.F.);
#2496=ORIENTED_EDGE('',*,*,#1960,.T.);
#2497=ORIENTED_EDGE('',*,*,#1962,.F.);
#2498=ORIENTED_EDGE('',*,*,#1963,.F.);
#2499=ORIENTED_EDGE('',*,*,#1964,.F.);
#2500=ORIENTED_EDGE('',*,*,#1963,.T.);
#2501=ORIENTED_EDGE('',*,*,#1965,.F.);
#2502=ORIENTED_EDGE('',*,*,#1966,.F.);
#2503=ORIENTED_EDGE('',*,*,#1967,.F.);
#2504=ORIENTED_EDGE('',*,*,#1966,.T.);
#2505=ORIENTED_EDGE('',*,*,#1968,.F.);
#2506=ORIENTED_EDGE('',*,*,#1969,.F.);
#2507=ORIENTED_EDGE('',*,*,#1970,.F.);
#2508=ORIENTED_EDGE('',*,*,#1969,.T.);
#2509=ORIENTED_EDGE('',*,*,#1971,.F.);
#2510=ORIENTED_EDGE('',*,*,#1972,.F.);
#2511=ORIENTED_EDGE('',*,*,#1973,.F.);
#2512=ORIENTED_EDGE('',*,*,#1972,.T.);
#2513=ORIENTED_EDGE('',*,*,#1974,.F.);
#2514=ORIENTED_EDGE('',*,*,#1975,.F.);
#2515=ORIENTED_EDGE('',*,*,#1976,.F.);
#2516=ORIENTED_EDGE('',*,*,#1975,.T.);
#2517=ORIENTED_EDGE('',*,*,#1977,.F.);
#2518=ORIENTED_EDGE('',*,*,#1978,.F.);
#2519=ORIENTED_EDGE('',*,*,#1979,.F.);
#2520=ORIENTED_EDGE('',*,*,#1978,.T.);
#2521=ORIENTED_EDGE('',*,*,#1980,.F.);
#2522=ORIENTED_EDGE('',*,*,#1981,.F.);
#2523=ORIENTED_EDGE('',*,*,#1982,.F.);
#2524=ORIENTED_EDGE('',*,*,#1981,.T.);
#2525=ORIENTED_EDGE('',*,*,#1983,.F.);
#2526=ORIENTED_EDGE('',*,*,#1984,.F.);
#2527=ORIENTED_EDGE('',*,*,#1985,.F.);
#2528=ORIENTED_EDGE('',*,*,#1984,.T.);
#2529=ORIENTED_EDGE('',*,*,#1986,.F.);
#2530=ORIENTED_EDGE('',*,*,#1987,.F.);
#2531=ORIENTED_EDGE('',*,*,#1988,.F.);
#2532=ORIENTED_EDGE('',*,*,#1987,.T.);
#2533=ORIENTED_EDGE('',*,*,#1989,.F.);
#2534=ORIENTED_EDGE('',*,*,#1958,.F.);
#2535=ORIENTED_EDGE('',*,*,#1989,.T.);
#2536=ORIENTED_EDGE('',*,*,#1986,.T.);
#2537=ORIENTED_EDGE('',*,*,#1983,.T.);
#2538=ORIENTED_EDGE('',*,*,#1980,.T.);
#2539=ORIENTED_EDGE('',*,*,#1977,.T.);
#2540=ORIENTED_EDGE('',*,*,#1974,.T.);
#2541=ORIENTED_EDGE('',*,*,#1971,.T.);
#2542=ORIENTED_EDGE('',*,*,#1968,.T.);
#2543=ORIENTED_EDGE('',*,*,#1965,.T.);
#2544=ORIENTED_EDGE('',*,*,#1962,.T.);
#2545=ORIENTED_EDGE('',*,*,#1959,.T.);
#2546=ORIENTED_EDGE('',*,*,#1990,.F.);
#2547=ORIENTED_EDGE('',*,*,#1991,.T.);
#2548=ORIENTED_EDGE('',*,*,#1992,.F.);
#2549=ORIENTED_EDGE('',*,*,#1993,.F.);
#2550=ORIENTED_EDGE('',*,*,#1994,.F.);
#2551=ORIENTED_EDGE('',*,*,#1993,.T.);
#2552=ORIENTED_EDGE('',*,*,#1995,.F.);
#2553=ORIENTED_EDGE('',*,*,#1996,.F.);
#2554=ORIENTED_EDGE('',*,*,#1997,.F.);
#2555=ORIENTED_EDGE('',*,*,#1996,.T.);
#2556=ORIENTED_EDGE('',*,*,#1998,.F.);
#2557=ORIENTED_EDGE('',*,*,#1999,.F.);
#2558=ORIENTED_EDGE('',*,*,#2000,.F.);
#2559=ORIENTED_EDGE('',*,*,#1999,.T.);
#2560=ORIENTED_EDGE('',*,*,#2001,.F.);
#2561=ORIENTED_EDGE('',*,*,#2002,.F.);
#2562=ORIENTED_EDGE('',*,*,#2003,.F.);
#2563=ORIENTED_EDGE('',*,*,#2002,.T.);
#2564=ORIENTED_EDGE('',*,*,#2004,.F.);
#2565=ORIENTED_EDGE('',*,*,#2005,.F.);
#2566=ORIENTED_EDGE('',*,*,#2006,.F.);
#2567=ORIENTED_EDGE('',*,*,#2005,.T.);
#2568=ORIENTED_EDGE('',*,*,#2007,.F.);
#2569=ORIENTED_EDGE('',*,*,#2008,.F.);
#2570=ORIENTED_EDGE('',*,*,#2009,.F.);
#2571=ORIENTED_EDGE('',*,*,#2008,.T.);
#2572=ORIENTED_EDGE('',*,*,#2010,.F.);
#2573=ORIENTED_EDGE('',*,*,#2011,.F.);
#2574=ORIENTED_EDGE('',*,*,#2012,.F.);
#2575=ORIENTED_EDGE('',*,*,#2011,.T.);
#2576=ORIENTED_EDGE('',*,*,#2013,.F.);
#2577=ORIENTED_EDGE('',*,*,#2014,.F.);
#2578=ORIENTED_EDGE('',*,*,#2015,.F.);
#2579=ORIENTED_EDGE('',*,*,#2014,.T.);
#2580=ORIENTED_EDGE('',*,*,#2016,.F.);
#2581=ORIENTED_EDGE('',*,*,#2017,.F.);
#2582=ORIENTED_EDGE('',*,*,#2018,.F.);
#2583=ORIENTED_EDGE('',*,*,#2017,.T.);
#2584=ORIENTED_EDGE('',*,*,#2019,.F.);
#2585=ORIENTED_EDGE('',*,*,#2020,.F.);
#2586=ORIENTED_EDGE('',*,*,#2021,.F.);
#2587=ORIENTED_EDGE('',*,*,#2020,.T.);
#2588=ORIENTED_EDGE('',*,*,#2022,.F.);
#2589=ORIENTED_EDGE('',*,*,#2023,.F.);
#2590=ORIENTED_EDGE('',*,*,#2024,.F.);
#2591=ORIENTED_EDGE('',*,*,#2023,.T.);
#2592=ORIENTED_EDGE('',*,*,#2025,.F.);
#2593=ORIENTED_EDGE('',*,*,#1991,.F.);
#2594=ORIENTED_EDGE('',*,*,#2025,.T.);
#2595=ORIENTED_EDGE('',*,*,#2022,.T.);
#2596=ORIENTED_EDGE('',*,*,#2019,.T.);
#2597=ORIENTED_EDGE('',*,*,#2016,.T.);
#2598=ORIENTED_EDGE('',*,*,#2013,.T.);
#2599=ORIENTED_EDGE('',*,*,#2010,.T.);
#2600=ORIENTED_EDGE('',*,*,#2007,.T.);
#2601=ORIENTED_EDGE('',*,*,#2004,.T.);
#2602=ORIENTED_EDGE('',*,*,#2001,.T.);
#2603=ORIENTED_EDGE('',*,*,#1998,.T.);
#2604=ORIENTED_EDGE('',*,*,#1995,.T.);
#2605=ORIENTED_EDGE('',*,*,#1992,.T.);
#2606=ORIENTED_EDGE('',*,*,#2026,.F.);
#2607=ORIENTED_EDGE('',*,*,#2027,.T.);
#2608=ORIENTED_EDGE('',*,*,#2028,.F.);
#2609=ORIENTED_EDGE('',*,*,#2029,.F.);
#2610=ORIENTED_EDGE('',*,*,#2030,.F.);
#2611=ORIENTED_EDGE('',*,*,#2031,.T.);
#2612=ORIENTED_EDGE('',*,*,#2032,.F.);
#2613=ORIENTED_EDGE('',*,*,#2027,.F.);
#2614=ORIENTED_EDGE('',*,*,#2033,.F.);
#2615=ORIENTED_EDGE('',*,*,#2034,.T.);
#2616=ORIENTED_EDGE('',*,*,#2035,.F.);
#2617=ORIENTED_EDGE('',*,*,#2031,.F.);
#2618=ORIENTED_EDGE('',*,*,#2036,.F.);
#2619=ORIENTED_EDGE('',*,*,#2037,.T.);
#2620=ORIENTED_EDGE('',*,*,#2038,.F.);
#2621=ORIENTED_EDGE('',*,*,#2034,.F.);
#2622=ORIENTED_EDGE('',*,*,#2039,.F.);
#2623=ORIENTED_EDGE('',*,*,#2040,.T.);
#2624=ORIENTED_EDGE('',*,*,#2041,.F.);
#2625=ORIENTED_EDGE('',*,*,#2037,.F.);
#2626=ORIENTED_EDGE('',*,*,#2042,.F.);
#2627=ORIENTED_EDGE('',*,*,#2043,.T.);
#2628=ORIENTED_EDGE('',*,*,#2044,.F.);
#2629=ORIENTED_EDGE('',*,*,#2040,.F.);
#2630=ORIENTED_EDGE('',*,*,#2045,.F.);
#2631=ORIENTED_EDGE('',*,*,#2029,.T.);
#2632=ORIENTED_EDGE('',*,*,#2046,.F.);
#2633=ORIENTED_EDGE('',*,*,#2043,.F.);
#2634=ORIENTED_EDGE('',*,*,#2047,.F.);
#2635=ORIENTED_EDGE('',*,*,#2048,.T.);
#2636=ORIENTED_EDGE('',*,*,#2049,.F.);
#2637=ORIENTED_EDGE('',*,*,#2050,.F.);
#2638=ORIENTED_EDGE('',*,*,#2051,.F.);
#2639=ORIENTED_EDGE('',*,*,#2052,.T.);
#2640=ORIENTED_EDGE('',*,*,#2053,.F.);
#2641=ORIENTED_EDGE('',*,*,#2048,.F.);
#2642=ORIENTED_EDGE('',*,*,#2054,.F.);
#2643=ORIENTED_EDGE('',*,*,#2055,.T.);
#2644=ORIENTED_EDGE('',*,*,#2056,.F.);
#2645=ORIENTED_EDGE('',*,*,#2052,.F.);
#2646=ORIENTED_EDGE('',*,*,#2057,.F.);
#2647=ORIENTED_EDGE('',*,*,#2058,.T.);
#2648=ORIENTED_EDGE('',*,*,#2059,.F.);
#2649=ORIENTED_EDGE('',*,*,#2055,.F.);
#2650=ORIENTED_EDGE('',*,*,#2060,.F.);
#2651=ORIENTED_EDGE('',*,*,#2061,.T.);
#2652=ORIENTED_EDGE('',*,*,#2062,.F.);
#2653=ORIENTED_EDGE('',*,*,#2058,.F.);
#2654=ORIENTED_EDGE('',*,*,#2063,.F.);
#2655=ORIENTED_EDGE('',*,*,#2064,.T.);
#2656=ORIENTED_EDGE('',*,*,#2065,.F.);
#2657=ORIENTED_EDGE('',*,*,#2061,.F.);
#2658=ORIENTED_EDGE('',*,*,#2066,.F.);
#2659=ORIENTED_EDGE('',*,*,#2050,.T.);
#2660=ORIENTED_EDGE('',*,*,#2067,.F.);
#2661=ORIENTED_EDGE('',*,*,#2064,.F.);
#2662=ORIENTED_EDGE('',*,*,#2068,.F.);
#2663=ORIENTED_EDGE('',*,*,#2069,.T.);
#2664=ORIENTED_EDGE('',*,*,#2070,.F.);
#2665=ORIENTED_EDGE('',*,*,#2071,.F.);
#2666=ORIENTED_EDGE('',*,*,#2072,.F.);
#2667=ORIENTED_EDGE('',*,*,#2071,.T.);
#2668=ORIENTED_EDGE('',*,*,#2073,.F.);
#2669=ORIENTED_EDGE('',*,*,#2074,.F.);
#2670=ORIENTED_EDGE('',*,*,#2075,.F.);
#2671=ORIENTED_EDGE('',*,*,#2074,.T.);
#2672=ORIENTED_EDGE('',*,*,#2076,.F.);
#2673=ORIENTED_EDGE('',*,*,#2077,.F.);
#2674=ORIENTED_EDGE('',*,*,#2078,.F.);
#2675=ORIENTED_EDGE('',*,*,#2077,.T.);
#2676=ORIENTED_EDGE('',*,*,#2079,.F.);
#2677=ORIENTED_EDGE('',*,*,#2080,.F.);
#2678=ORIENTED_EDGE('',*,*,#2081,.F.);
#2679=ORIENTED_EDGE('',*,*,#2080,.T.);
#2680=ORIENTED_EDGE('',*,*,#2082,.F.);
#2681=ORIENTED_EDGE('',*,*,#2083,.F.);
#2682=ORIENTED_EDGE('',*,*,#2084,.F.);
#2683=ORIENTED_EDGE('',*,*,#2083,.T.);
#2684=ORIENTED_EDGE('',*,*,#2085,.F.);
#2685=ORIENTED_EDGE('',*,*,#2086,.F.);
#2686=ORIENTED_EDGE('',*,*,#2087,.F.);
#2687=ORIENTED_EDGE('',*,*,#2086,.T.);
#2688=ORIENTED_EDGE('',*,*,#2088,.F.);
#2689=ORIENTED_EDGE('',*,*,#2089,.F.);
#2690=ORIENTED_EDGE('',*,*,#2090,.F.);
#2691=ORIENTED_EDGE('',*,*,#2089,.T.);
#2692=ORIENTED_EDGE('',*,*,#2091,.F.);
#2693=ORIENTED_EDGE('',*,*,#2092,.F.);
#2694=ORIENTED_EDGE('',*,*,#2093,.F.);
#2695=ORIENTED_EDGE('',*,*,#2092,.T.);
#2696=ORIENTED_EDGE('',*,*,#2094,.F.);
#2697=ORIENTED_EDGE('',*,*,#2095,.F.);
#2698=ORIENTED_EDGE('',*,*,#2096,.F.);
#2699=ORIENTED_EDGE('',*,*,#2095,.T.);
#2700=ORIENTED_EDGE('',*,*,#2097,.F.);
#2701=ORIENTED_EDGE('',*,*,#2069,.F.);
#2702=ORIENTED_EDGE('',*,*,#2097,.T.);
#2703=ORIENTED_EDGE('',*,*,#2094,.T.);
#2704=ORIENTED_EDGE('',*,*,#2091,.T.);
#2705=ORIENTED_EDGE('',*,*,#2088,.T.);
#2706=ORIENTED_EDGE('',*,*,#2085,.T.);
#2707=ORIENTED_EDGE('',*,*,#2082,.T.);
#2708=ORIENTED_EDGE('',*,*,#2079,.T.);
#2709=ORIENTED_EDGE('',*,*,#2076,.T.);
#2710=ORIENTED_EDGE('',*,*,#2073,.T.);
#2711=ORIENTED_EDGE('',*,*,#2070,.T.);
#2712=ORIENTED_EDGE('',*,*,#2028,.T.);
#2713=ORIENTED_EDGE('',*,*,#2032,.T.);
#2714=ORIENTED_EDGE('',*,*,#2035,.T.);
#2715=ORIENTED_EDGE('',*,*,#2038,.T.);
#2716=ORIENTED_EDGE('',*,*,#2041,.T.);
#2717=ORIENTED_EDGE('',*,*,#2044,.T.);
#2718=ORIENTED_EDGE('',*,*,#2046,.T.);
#2719=ORIENTED_EDGE('',*,*,#2049,.T.);
#2720=ORIENTED_EDGE('',*,*,#2053,.T.);
#2721=ORIENTED_EDGE('',*,*,#2056,.T.);
#2722=ORIENTED_EDGE('',*,*,#2059,.T.);
#2723=ORIENTED_EDGE('',*,*,#2062,.T.);
#2724=ORIENTED_EDGE('',*,*,#2065,.T.);
#2725=ORIENTED_EDGE('',*,*,#2067,.T.);
#2726=ORIENTED_EDGE('',*,*,#2098,.F.);
#2727=ORIENTED_EDGE('',*,*,#2099,.T.);
#2728=ORIENTED_EDGE('',*,*,#2100,.F.);
#2729=ORIENTED_EDGE('',*,*,#2101,.F.);
#2730=ORIENTED_EDGE('',*,*,#2102,.F.);
#2731=ORIENTED_EDGE('',*,*,#2101,.T.);
#2732=ORIENTED_EDGE('',*,*,#2103,.F.);
#2733=ORIENTED_EDGE('',*,*,#2104,.F.);
#2734=ORIENTED_EDGE('',*,*,#2105,.F.);
#2735=ORIENTED_EDGE('',*,*,#2104,.T.);
#2736=ORIENTED_EDGE('',*,*,#2106,.F.);
#2737=ORIENTED_EDGE('',*,*,#2107,.F.);
#2738=ORIENTED_EDGE('',*,*,#2108,.F.);
#2739=ORIENTED_EDGE('',*,*,#2107,.T.);
#2740=ORIENTED_EDGE('',*,*,#2109,.F.);
#2741=ORIENTED_EDGE('',*,*,#2099,.F.);
#2742=ORIENTED_EDGE('',*,*,#2109,.T.);
#2743=ORIENTED_EDGE('',*,*,#2106,.T.);
#2744=ORIENTED_EDGE('',*,*,#2103,.T.);
#2745=ORIENTED_EDGE('',*,*,#2100,.T.);
#2746=ORIENTED_EDGE('',*,*,#2110,.F.);
#2747=ORIENTED_EDGE('',*,*,#2111,.T.);
#2748=ORIENTED_EDGE('',*,*,#2112,.F.);
#2749=ORIENTED_EDGE('',*,*,#2113,.F.);
#2750=ORIENTED_EDGE('',*,*,#2114,.F.);
#2751=ORIENTED_EDGE('',*,*,#2113,.T.);
#2752=ORIENTED_EDGE('',*,*,#2115,.F.);
#2753=ORIENTED_EDGE('',*,*,#2116,.F.);
#2754=ORIENTED_EDGE('',*,*,#2117,.F.);
#2755=ORIENTED_EDGE('',*,*,#2116,.T.);
#2756=ORIENTED_EDGE('',*,*,#2118,.F.);
#2757=ORIENTED_EDGE('',*,*,#2119,.F.);
#2758=ORIENTED_EDGE('',*,*,#2120,.F.);
#2759=ORIENTED_EDGE('',*,*,#2119,.T.);
#2760=ORIENTED_EDGE('',*,*,#2121,.F.);
#2761=ORIENTED_EDGE('',*,*,#2122,.F.);
#2762=ORIENTED_EDGE('',*,*,#2123,.F.);
#2763=ORIENTED_EDGE('',*,*,#2122,.T.);
#2764=ORIENTED_EDGE('',*,*,#2124,.F.);
#2765=ORIENTED_EDGE('',*,*,#2125,.F.);
#2766=ORIENTED_EDGE('',*,*,#2126,.F.);
#2767=ORIENTED_EDGE('',*,*,#2125,.T.);
#2768=ORIENTED_EDGE('',*,*,#2127,.F.);
#2769=ORIENTED_EDGE('',*,*,#2128,.F.);
#2770=ORIENTED_EDGE('',*,*,#2129,.F.);
#2771=ORIENTED_EDGE('',*,*,#2128,.T.);
#2772=ORIENTED_EDGE('',*,*,#2130,.F.);
#2773=ORIENTED_EDGE('',*,*,#2131,.F.);
#2774=ORIENTED_EDGE('',*,*,#2132,.F.);
#2775=ORIENTED_EDGE('',*,*,#2131,.T.);
#2776=ORIENTED_EDGE('',*,*,#2133,.F.);
#2777=ORIENTED_EDGE('',*,*,#2134,.F.);
#2778=ORIENTED_EDGE('',*,*,#2135,.F.);
#2779=ORIENTED_EDGE('',*,*,#2134,.T.);
#2780=ORIENTED_EDGE('',*,*,#2136,.F.);
#2781=ORIENTED_EDGE('',*,*,#2137,.F.);
#2782=ORIENTED_EDGE('',*,*,#2138,.F.);
#2783=ORIENTED_EDGE('',*,*,#2137,.T.);
#2784=ORIENTED_EDGE('',*,*,#2139,.F.);
#2785=ORIENTED_EDGE('',*,*,#2140,.F.);
#2786=ORIENTED_EDGE('',*,*,#2141,.F.);
#2787=ORIENTED_EDGE('',*,*,#2140,.T.);
#2788=ORIENTED_EDGE('',*,*,#2142,.F.);
#2789=ORIENTED_EDGE('',*,*,#2143,.F.);
#2790=ORIENTED_EDGE('',*,*,#2144,.F.);
#2791=ORIENTED_EDGE('',*,*,#2143,.T.);
#2792=ORIENTED_EDGE('',*,*,#2145,.F.);
#2793=ORIENTED_EDGE('',*,*,#2146,.F.);
#2794=ORIENTED_EDGE('',*,*,#2147,.F.);
#2795=ORIENTED_EDGE('',*,*,#2146,.T.);
#2796=ORIENTED_EDGE('',*,*,#2148,.F.);
#2797=ORIENTED_EDGE('',*,*,#2149,.F.);
#2798=ORIENTED_EDGE('',*,*,#2150,.F.);
#2799=ORIENTED_EDGE('',*,*,#2149,.T.);
#2800=ORIENTED_EDGE('',*,*,#2151,.F.);
#2801=ORIENTED_EDGE('',*,*,#2152,.F.);
#2802=ORIENTED_EDGE('',*,*,#2153,.F.);
#2803=ORIENTED_EDGE('',*,*,#2152,.T.);
#2804=ORIENTED_EDGE('',*,*,#2154,.F.);
#2805=ORIENTED_EDGE('',*,*,#2155,.F.);
#2806=ORIENTED_EDGE('',*,*,#2156,.F.);
#2807=ORIENTED_EDGE('',*,*,#2155,.T.);
#2808=ORIENTED_EDGE('',*,*,#2157,.F.);
#2809=ORIENTED_EDGE('',*,*,#2158,.F.);
#2810=ORIENTED_EDGE('',*,*,#2159,.F.);
#2811=ORIENTED_EDGE('',*,*,#2158,.T.);
#2812=ORIENTED_EDGE('',*,*,#2160,.F.);
#2813=ORIENTED_EDGE('',*,*,#2111,.F.);
#2814=ORIENTED_EDGE('',*,*,#2160,.T.);
#2815=ORIENTED_EDGE('',*,*,#2157,.T.);
#2816=ORIENTED_EDGE('',*,*,#2154,.T.);
#2817=ORIENTED_EDGE('',*,*,#2151,.T.);
#2818=ORIENTED_EDGE('',*,*,#2148,.T.);
#2819=ORIENTED_EDGE('',*,*,#2145,.T.);
#2820=ORIENTED_EDGE('',*,*,#2142,.T.);
#2821=ORIENTED_EDGE('',*,*,#2139,.T.);
#2822=ORIENTED_EDGE('',*,*,#2136,.T.);
#2823=ORIENTED_EDGE('',*,*,#2133,.T.);
#2824=ORIENTED_EDGE('',*,*,#2130,.T.);
#2825=ORIENTED_EDGE('',*,*,#2127,.T.);
#2826=ORIENTED_EDGE('',*,*,#2124,.T.);
#2827=ORIENTED_EDGE('',*,*,#2121,.T.);
#2828=ORIENTED_EDGE('',*,*,#2118,.T.);
#2829=ORIENTED_EDGE('',*,*,#2115,.T.);
#2830=ORIENTED_EDGE('',*,*,#2112,.T.);
#2831=ORIENTED_EDGE('',*,*,#2161,.F.);
#2832=ORIENTED_EDGE('',*,*,#2162,.T.);
#2833=ORIENTED_EDGE('',*,*,#2163,.T.);
#2834=ORIENTED_EDGE('',*,*,#2164,.T.);
#2835=ORIENTED_EDGE('',*,*,#2165,.T.);
#2836=ORIENTED_EDGE('',*,*,#2166,.T.);
#2837=ORIENTED_EDGE('',*,*,#2167,.T.);
#2838=ORIENTED_EDGE('',*,*,#2168,.T.);
#2839=ORIENTED_EDGE('',*,*,#2169,.F.);
#2840=ORIENTED_EDGE('',*,*,#2170,.F.);
#2841=ORIENTED_EDGE('',*,*,#1957,.T.);
#2842=ORIENTED_EDGE('',*,*,#1961,.T.);
#2843=ORIENTED_EDGE('',*,*,#1964,.T.);
#2844=ORIENTED_EDGE('',*,*,#1967,.T.);
#2845=ORIENTED_EDGE('',*,*,#1970,.T.);
#2846=ORIENTED_EDGE('',*,*,#1973,.T.);
#2847=ORIENTED_EDGE('',*,*,#1976,.T.);
#2848=ORIENTED_EDGE('',*,*,#1979,.T.);
#2849=ORIENTED_EDGE('',*,*,#1982,.T.);
#2850=ORIENTED_EDGE('',*,*,#1985,.T.);
#2851=ORIENTED_EDGE('',*,*,#1988,.T.);
#2852=ORIENTED_EDGE('',*,*,#1990,.T.);
#2853=ORIENTED_EDGE('',*,*,#1994,.T.);
#2854=ORIENTED_EDGE('',*,*,#1997,.T.);
#2855=ORIENTED_EDGE('',*,*,#2000,.T.);
#2856=ORIENTED_EDGE('',*,*,#2003,.T.);
#2857=ORIENTED_EDGE('',*,*,#2006,.T.);
#2858=ORIENTED_EDGE('',*,*,#2009,.T.);
#2859=ORIENTED_EDGE('',*,*,#2012,.T.);
#2860=ORIENTED_EDGE('',*,*,#2015,.T.);
#2861=ORIENTED_EDGE('',*,*,#2018,.T.);
#2862=ORIENTED_EDGE('',*,*,#2021,.T.);
#2863=ORIENTED_EDGE('',*,*,#2024,.T.);
#2864=ORIENTED_EDGE('',*,*,#2068,.T.);
#2865=ORIENTED_EDGE('',*,*,#2072,.T.);
#2866=ORIENTED_EDGE('',*,*,#2075,.T.);
#2867=ORIENTED_EDGE('',*,*,#2078,.T.);
#2868=ORIENTED_EDGE('',*,*,#2081,.T.);
#2869=ORIENTED_EDGE('',*,*,#2084,.T.);
#2870=ORIENTED_EDGE('',*,*,#2087,.T.);
#2871=ORIENTED_EDGE('',*,*,#2090,.T.);
#2872=ORIENTED_EDGE('',*,*,#2093,.T.);
#2873=ORIENTED_EDGE('',*,*,#2096,.T.);
#2874=ORIENTED_EDGE('',*,*,#2098,.T.);
#2875=ORIENTED_EDGE('',*,*,#2102,.T.);
#2876=ORIENTED_EDGE('',*,*,#2105,.T.);
#2877=ORIENTED_EDGE('',*,*,#2108,.T.);
#2878=ORIENTED_EDGE('',*,*,#2110,.T.);
#2879=ORIENTED_EDGE('',*,*,#2114,.T.);
#2880=ORIENTED_EDGE('',*,*,#2117,.T.);
#2881=ORIENTED_EDGE('',*,*,#2120,.T.);
#2882=ORIENTED_EDGE('',*,*,#2123,.T.);
#2883=ORIENTED_EDGE('',*,*,#2126,.T.);
#2884=ORIENTED_EDGE('',*,*,#2129,.T.);
#2885=ORIENTED_EDGE('',*,*,#2132,.T.);
#2886=ORIENTED_EDGE('',*,*,#2135,.T.);
#2887=ORIENTED_EDGE('',*,*,#2138,.T.);
#2888=ORIENTED_EDGE('',*,*,#2141,.T.);
#2889=ORIENTED_EDGE('',*,*,#2144,.T.);
#2890=ORIENTED_EDGE('',*,*,#2147,.T.);
#2891=ORIENTED_EDGE('',*,*,#2150,.T.);
#2892=ORIENTED_EDGE('',*,*,#2153,.T.);
#2893=ORIENTED_EDGE('',*,*,#2156,.T.);
#2894=ORIENTED_EDGE('',*,*,#2159,.T.);
#2895=ORIENTED_EDGE('',*,*,#2171,.F.);
#2896=ORIENTED_EDGE('',*,*,#2172,.F.);
#2897=ORIENTED_EDGE('',*,*,#2173,.F.);
#2898=ORIENTED_EDGE('',*,*,#2174,.F.);
#2899=ORIENTED_EDGE('',*,*,#2047,.T.);
#2900=ORIENTED_EDGE('',*,*,#2066,.T.);
#2901=ORIENTED_EDGE('',*,*,#2063,.T.);
#2902=ORIENTED_EDGE('',*,*,#2060,.T.);
#2903=ORIENTED_EDGE('',*,*,#2057,.T.);
#2904=ORIENTED_EDGE('',*,*,#2054,.T.);
#2905=ORIENTED_EDGE('',*,*,#2051,.T.);
#2906=ORIENTED_EDGE('',*,*,#2175,.T.);
#2907=ORIENTED_EDGE('',*,*,#2176,.T.);
#2908=ORIENTED_EDGE('',*,*,#2177,.T.);
#2909=ORIENTED_EDGE('',*,*,#2176,.F.);
#2910=ORIENTED_EDGE('',*,*,#2178,.T.);
#2911=ORIENTED_EDGE('',*,*,#2175,.F.);
#2912=ORIENTED_EDGE('',*,*,#2177,.F.);
#2913=ORIENTED_EDGE('',*,*,#2179,.T.);
#2914=ORIENTED_EDGE('',*,*,#2180,.T.);
#2915=ORIENTED_EDGE('',*,*,#2181,.T.);
#2916=ORIENTED_EDGE('',*,*,#2179,.F.);
#2917=ORIENTED_EDGE('',*,*,#2182,.T.);
#2918=ORIENTED_EDGE('',*,*,#2183,.T.);
#2919=ORIENTED_EDGE('',*,*,#2184,.T.);
#2920=ORIENTED_EDGE('',*,*,#2183,.F.);
#2921=ORIENTED_EDGE('',*,*,#2185,.T.);
#2922=ORIENTED_EDGE('',*,*,#2182,.F.);
#2923=ORIENTED_EDGE('',*,*,#2184,.F.);
#2924=ORIENTED_EDGE('',*,*,#2186,.T.);
#2925=ORIENTED_EDGE('',*,*,#2187,.T.);
#2926=ORIENTED_EDGE('',*,*,#2188,.T.);
#2927=ORIENTED_EDGE('',*,*,#2186,.F.);
#2928=ORIENTED_EDGE('',*,*,#2189,.T.);
#2929=ORIENTED_EDGE('',*,*,#2190,.T.);
#2930=ORIENTED_EDGE('',*,*,#2191,.T.);
#2931=ORIENTED_EDGE('',*,*,#2192,.F.);
#2932=ORIENTED_EDGE('',*,*,#2193,.T.);
#2933=ORIENTED_EDGE('',*,*,#2194,.T.);
#2934=ORIENTED_EDGE('',*,*,#2195,.T.);
#2935=ORIENTED_EDGE('',*,*,#2190,.F.);
#2936=ORIENTED_EDGE('',*,*,#2196,.T.);
#2937=ORIENTED_EDGE('',*,*,#2197,.T.);
#2938=ORIENTED_EDGE('',*,*,#2198,.T.);
#2939=ORIENTED_EDGE('',*,*,#2194,.F.);
#2940=ORIENTED_EDGE('',*,*,#2199,.T.);
#2941=ORIENTED_EDGE('',*,*,#2200,.T.);
#2942=ORIENTED_EDGE('',*,*,#2201,.T.);
#2943=ORIENTED_EDGE('',*,*,#2197,.F.);
#2944=ORIENTED_EDGE('',*,*,#2202,.T.);
#2945=ORIENTED_EDGE('',*,*,#2203,.T.);
#2946=ORIENTED_EDGE('',*,*,#2204,.T.);
#2947=ORIENTED_EDGE('',*,*,#2200,.F.);
#2948=ORIENTED_EDGE('',*,*,#2205,.T.);
#2949=ORIENTED_EDGE('',*,*,#2203,.F.);
#2950=ORIENTED_EDGE('',*,*,#2206,.T.);
#2951=ORIENTED_EDGE('',*,*,#2207,.T.);
#2952=ORIENTED_EDGE('',*,*,#2208,.T.);
#2953=ORIENTED_EDGE('',*,*,#2207,.F.);
#2954=ORIENTED_EDGE('',*,*,#2209,.T.);
#2955=ORIENTED_EDGE('',*,*,#2210,.T.);
#2956=ORIENTED_EDGE('',*,*,#2211,.T.);
#2957=ORIENTED_EDGE('',*,*,#2210,.F.);
#2958=ORIENTED_EDGE('',*,*,#2212,.T.);
#2959=ORIENTED_EDGE('',*,*,#2192,.T.);
#2960=ORIENTED_EDGE('',*,*,#2205,.F.);
#2961=ORIENTED_EDGE('',*,*,#2213,.F.);
#2962=ORIENTED_EDGE('',*,*,#2214,.F.);
#2963=ORIENTED_EDGE('',*,*,#2215,.T.);
#2964=ORIENTED_EDGE('',*,*,#2208,.F.);
#2965=ORIENTED_EDGE('',*,*,#2216,.F.);
#2966=ORIENTED_EDGE('',*,*,#2163,.F.);
#2967=ORIENTED_EDGE('',*,*,#2217,.F.);
#2968=ORIENTED_EDGE('',*,*,#2218,.T.);
#2969=ORIENTED_EDGE('',*,*,#2219,.F.);
#2970=ORIENTED_EDGE('',*,*,#2220,.F.);
#2971=ORIENTED_EDGE('',*,*,#2213,.T.);
#2972=ORIENTED_EDGE('',*,*,#2211,.F.);
#2973=ORIENTED_EDGE('',*,*,#2221,.F.);
#2974=ORIENTED_EDGE('',*,*,#2164,.F.);
#2975=ORIENTED_EDGE('',*,*,#2216,.T.);
#2976=ORIENTED_EDGE('',*,*,#2191,.F.);
#2977=ORIENTED_EDGE('',*,*,#2222,.F.);
#2978=ORIENTED_EDGE('',*,*,#2165,.F.);
#2979=ORIENTED_EDGE('',*,*,#2221,.T.);
#2980=ORIENTED_EDGE('',*,*,#2189,.F.);
#2981=ORIENTED_EDGE('',*,*,#2212,.F.);
#2982=ORIENTED_EDGE('',*,*,#2209,.F.);
#2983=ORIENTED_EDGE('',*,*,#2206,.F.);
#2984=ORIENTED_EDGE('',*,*,#2202,.F.);
#2985=ORIENTED_EDGE('',*,*,#2199,.F.);
#2986=ORIENTED_EDGE('',*,*,#2196,.F.);
#2987=ORIENTED_EDGE('',*,*,#2193,.F.);
#2988=ORIENTED_EDGE('',*,*,#2223,.F.);
#2989=ORIENTED_EDGE('',*,*,#2224,.F.);
#2990=ORIENTED_EDGE('',*,*,#2225,.F.);
#2991=ORIENTED_EDGE('',*,*,#2226,.F.);
#2992=ORIENTED_EDGE('',*,*,#2227,.F.);
#2993=ORIENTED_EDGE('',*,*,#2228,.T.);
#2994=ORIENTED_EDGE('',*,*,#2229,.T.);
#2995=ORIENTED_EDGE('',*,*,#2230,.T.);
#2996=ORIENTED_EDGE('',*,*,#2229,.F.);
#2997=ORIENTED_EDGE('',*,*,#2231,.F.);
#2998=ORIENTED_EDGE('',*,*,#2232,.F.);
#2999=ORIENTED_EDGE('',*,*,#2233,.F.);
#3000=ORIENTED_EDGE('',*,*,#2234,.F.);
#3001=ORIENTED_EDGE('',*,*,#2235,.F.);
#3002=ORIENTED_EDGE('',*,*,#2236,.F.);
#3003=ORIENTED_EDGE('',*,*,#2237,.F.);
#3004=ORIENTED_EDGE('',*,*,#2228,.F.);
#3005=ORIENTED_EDGE('',*,*,#2238,.T.);
#3006=ORIENTED_EDGE('',*,*,#2239,.T.);
#3007=ORIENTED_EDGE('',*,*,#2230,.F.);
#3008=ORIENTED_EDGE('',*,*,#2239,.F.);
#3009=ORIENTED_EDGE('',*,*,#2240,.F.);
#3010=ORIENTED_EDGE('',*,*,#2241,.F.);
#3011=ORIENTED_EDGE('',*,*,#2242,.F.);
#3012=ORIENTED_EDGE('',*,*,#2243,.F.);
#3013=ORIENTED_EDGE('',*,*,#2235,.T.);
#3014=ORIENTED_EDGE('',*,*,#2244,.T.);
#3015=ORIENTED_EDGE('',*,*,#2245,.T.);
#3016=ORIENTED_EDGE('',*,*,#2244,.F.);
#3017=ORIENTED_EDGE('',*,*,#2246,.T.);
#3018=ORIENTED_EDGE('',*,*,#2247,.T.);
#3019=ORIENTED_EDGE('',*,*,#2245,.F.);
#3020=ORIENTED_EDGE('',*,*,#2247,.F.);
#3021=ORIENTED_EDGE('',*,*,#2248,.F.);
#3022=ORIENTED_EDGE('',*,*,#2249,.F.);
#3023=ORIENTED_EDGE('',*,*,#2250,.F.);
#3024=ORIENTED_EDGE('',*,*,#2251,.F.);
#3025=ORIENTED_EDGE('',*,*,#2237,.T.);
#3026=ORIENTED_EDGE('',*,*,#2252,.T.);
#3027=ORIENTED_EDGE('',*,*,#2253,.T.);
#3028=ORIENTED_EDGE('',*,*,#2252,.F.);
#3029=ORIENTED_EDGE('',*,*,#2254,.T.);
#3030=ORIENTED_EDGE('',*,*,#2255,.T.);
#3031=ORIENTED_EDGE('',*,*,#2253,.F.);
#3032=ORIENTED_EDGE('',*,*,#2255,.F.);
#3033=ORIENTED_EDGE('',*,*,#2256,.F.);
#3034=ORIENTED_EDGE('',*,*,#2257,.F.);
#3035=ORIENTED_EDGE('',*,*,#2258,.F.);
#3036=ORIENTED_EDGE('',*,*,#2259,.F.);
#3037=ORIENTED_EDGE('',*,*,#2260,.F.);
#3038=ORIENTED_EDGE('',*,*,#2261,.F.);
#3039=ORIENTED_EDGE('',*,*,#2262,.F.);
#3040=ORIENTED_EDGE('',*,*,#2263,.F.);
#3041=ORIENTED_EDGE('',*,*,#2236,.T.);
#3042=ORIENTED_EDGE('',*,*,#2264,.T.);
#3043=ORIENTED_EDGE('',*,*,#2265,.T.);
#3044=ORIENTED_EDGE('',*,*,#2264,.F.);
#3045=ORIENTED_EDGE('',*,*,#2266,.T.);
#3046=ORIENTED_EDGE('',*,*,#2267,.T.);
#3047=ORIENTED_EDGE('',*,*,#2265,.F.);
#3048=ORIENTED_EDGE('',*,*,#2267,.F.);
#3049=ORIENTED_EDGE('',*,*,#2268,.F.);
#3050=ORIENTED_EDGE('',*,*,#2269,.F.);
#3051=ORIENTED_EDGE('',*,*,#2270,.F.);
#3052=ORIENTED_EDGE('',*,*,#2271,.F.);
#3053=ORIENTED_EDGE('',*,*,#2272,.F.);
#3054=ORIENTED_EDGE('',*,*,#2273,.F.);
#3055=ORIENTED_EDGE('',*,*,#2274,.F.);
#3056=ORIENTED_EDGE('',*,*,#2275,.F.);
#3057=ORIENTED_EDGE('',*,*,#2276,.T.);
#3058=ORIENTED_EDGE('',*,*,#2277,.T.);
#3059=ORIENTED_EDGE('',*,*,#2278,.T.);
#3060=ORIENTED_EDGE('',*,*,#2277,.F.);
#3061=ORIENTED_EDGE('',*,*,#2279,.F.);
#3062=ORIENTED_EDGE('',*,*,#2280,.F.);
#3063=ORIENTED_EDGE('',*,*,#2281,.F.);
#3064=ORIENTED_EDGE('',*,*,#2282,.F.);
#3065=ORIENTED_EDGE('',*,*,#2283,.F.);
#3066=ORIENTED_EDGE('',*,*,#2284,.F.);
#3067=ORIENTED_EDGE('',*,*,#2218,.F.);
#3068=ORIENTED_EDGE('',*,*,#2285,.F.);
#3069=ORIENTED_EDGE('',*,*,#2286,.F.);
#3070=ORIENTED_EDGE('',*,*,#2287,.F.);
#3071=ORIENTED_EDGE('',*,*,#2288,.T.);
#3072=ORIENTED_EDGE('',*,*,#2289,.F.);
#3073=ORIENTED_EDGE('',*,*,#2276,.F.);
#3074=ORIENTED_EDGE('',*,*,#2270,.T.);
#3075=ORIENTED_EDGE('',*,*,#2290,.T.);
#3076=ORIENTED_EDGE('',*,*,#2278,.F.);
#3077=ORIENTED_EDGE('',*,*,#2290,.F.);
#3078=ORIENTED_EDGE('',*,*,#2271,.T.);
#3079=ORIENTED_EDGE('',*,*,#2286,.T.);
#3080=ORIENTED_EDGE('',*,*,#2291,.T.);
#3081=ORIENTED_EDGE('',*,*,#2292,.T.);
#3082=ORIENTED_EDGE('',*,*,#2291,.F.);
#3083=ORIENTED_EDGE('',*,*,#2274,.T.);
#3084=ORIENTED_EDGE('',*,*,#2293,.T.);
#3085=ORIENTED_EDGE('',*,*,#2292,.F.);
#3086=ORIENTED_EDGE('',*,*,#2293,.F.);
#3087=ORIENTED_EDGE('',*,*,#2275,.T.);
#3088=ORIENTED_EDGE('',*,*,#2289,.T.);
#3089=ORIENTED_EDGE('',*,*,#2294,.T.);
#3090=ORIENTED_EDGE('',*,*,#2295,.T.);
#3091=ORIENTED_EDGE('',*,*,#2294,.F.);
#3092=ORIENTED_EDGE('',*,*,#2243,.T.);
#3093=ORIENTED_EDGE('',*,*,#2296,.T.);
#3094=ORIENTED_EDGE('',*,*,#2295,.F.);
#3095=ORIENTED_EDGE('',*,*,#2296,.F.);
#3096=ORIENTED_EDGE('',*,*,#2287,.T.);
#3097=ORIENTED_EDGE('',*,*,#2297,.T.);
#3098=ORIENTED_EDGE('',*,*,#2298,.T.);
#3099=ORIENTED_EDGE('',*,*,#2297,.F.);
#3100=ORIENTED_EDGE('',*,*,#2241,.T.);
#3101=ORIENTED_EDGE('',*,*,#2299,.T.);
#3102=ORIENTED_EDGE('',*,*,#2298,.F.);
#3103=ORIENTED_EDGE('',*,*,#2299,.F.);
#3104=ORIENTED_EDGE('',*,*,#2174,.T.);
#3105=ORIENTED_EDGE('',*,*,#2300,.T.);
#3106=ORIENTED_EDGE('',*,*,#2301,.T.);
#3107=ORIENTED_EDGE('',*,*,#2300,.F.);
#3108=ORIENTED_EDGE('',*,*,#2026,.T.);
#3109=ORIENTED_EDGE('',*,*,#2045,.T.);
#3110=ORIENTED_EDGE('',*,*,#2042,.T.);
#3111=ORIENTED_EDGE('',*,*,#2039,.T.);
#3112=ORIENTED_EDGE('',*,*,#2036,.T.);
#3113=ORIENTED_EDGE('',*,*,#2033,.T.);
#3114=ORIENTED_EDGE('',*,*,#2030,.T.);
#3115=ORIENTED_EDGE('',*,*,#2301,.F.);
#3116=ORIENTED_EDGE('',*,*,#2302,.T.);
#3117=ORIENTED_EDGE('',*,*,#2248,.T.);
#3118=ORIENTED_EDGE('',*,*,#2302,.F.);
#3119=ORIENTED_EDGE('',*,*,#2171,.T.);
#3120=ORIENTED_EDGE('',*,*,#2303,.T.);
#3121=ORIENTED_EDGE('',*,*,#2304,.T.);
#3122=ORIENTED_EDGE('',*,*,#2303,.F.);
#3123=ORIENTED_EDGE('',*,*,#2304,.F.);
#3124=ORIENTED_EDGE('',*,*,#2305,.T.);
#3125=ORIENTED_EDGE('',*,*,#2250,.T.);
#3126=ORIENTED_EDGE('',*,*,#2305,.F.);
#3127=ORIENTED_EDGE('',*,*,#2173,.T.);
#3128=ORIENTED_EDGE('',*,*,#2306,.T.);
#3129=ORIENTED_EDGE('',*,*,#2307,.T.);
#3130=ORIENTED_EDGE('',*,*,#2306,.F.);
#3131=ORIENTED_EDGE('',*,*,#2307,.F.);
#3132=ORIENTED_EDGE('',*,*,#2308,.T.);
#3133=ORIENTED_EDGE('',*,*,#2261,.T.);
#3134=ORIENTED_EDGE('',*,*,#2260,.T.);
#3135=ORIENTED_EDGE('',*,*,#2308,.F.);
#3136=ORIENTED_EDGE('',*,*,#2172,.T.);
#3137=ORIENTED_EDGE('',*,*,#2309,.T.);
#3138=ORIENTED_EDGE('',*,*,#2310,.T.);
#3139=ORIENTED_EDGE('',*,*,#2309,.F.);
#3140=ORIENTED_EDGE('',*,*,#2310,.F.);
#3141=ORIENTED_EDGE('',*,*,#2311,.T.);
#3142=ORIENTED_EDGE('',*,*,#2257,.T.);
#3143=ORIENTED_EDGE('',*,*,#2256,.T.);
#3144=ORIENTED_EDGE('',*,*,#2311,.F.);
#3145=ORIENTED_EDGE('',*,*,#2312,.F.);
#3146=ORIENTED_EDGE('',*,*,#2313,.F.);
#3147=ORIENTED_EDGE('',*,*,#2314,.F.);
#3148=ORIENTED_EDGE('',*,*,#2315,.F.);
#3149=ORIENTED_EDGE('',*,*,#2316,.F.);
#3150=ORIENTED_EDGE('',*,*,#2317,.F.);
#3151=ORIENTED_EDGE('',*,*,#2318,.F.);
#3152=ORIENTED_EDGE('',*,*,#2319,.F.);
#3153=ORIENTED_EDGE('',*,*,#2320,.F.);
#3154=ORIENTED_EDGE('',*,*,#2321,.F.);
#3155=ORIENTED_EDGE('',*,*,#2322,.F.);
#3156=ORIENTED_EDGE('',*,*,#2323,.F.);
#3157=ORIENTED_EDGE('',*,*,#2322,.T.);
#3158=ORIENTED_EDGE('',*,*,#2231,.T.);
#3159=ORIENTED_EDGE('',*,*,#2316,.T.);
#3160=ORIENTED_EDGE('',*,*,#2280,.T.);
#3161=ORIENTED_EDGE('',*,*,#2324,.T.);
#3162=ORIENTED_EDGE('',*,*,#2323,.T.);
#3163=ORIENTED_EDGE('',*,*,#2279,.T.);
#3164=ORIENTED_EDGE('',*,*,#2325,.T.);
#3165=ORIENTED_EDGE('',*,*,#2326,.T.);
#3166=ORIENTED_EDGE('',*,*,#2325,.F.);
#3167=ORIENTED_EDGE('',*,*,#2327,.T.);
#3168=ORIENTED_EDGE('',*,*,#2328,.T.);
#3169=ORIENTED_EDGE('',*,*,#2161,.T.);
#3170=ORIENTED_EDGE('',*,*,#2320,.T.);
#3171=ORIENTED_EDGE('',*,*,#2329,.T.);
#3172=ORIENTED_EDGE('',*,*,#2328,.F.);
#3173=ORIENTED_EDGE('',*,*,#2319,.T.);
#3174=ORIENTED_EDGE('',*,*,#2232,.T.);
#3175=ORIENTED_EDGE('',*,*,#2321,.T.);
#3176=ORIENTED_EDGE('',*,*,#2330,.T.);
#3177=ORIENTED_EDGE('',*,*,#2318,.T.);
#3178=ORIENTED_EDGE('',*,*,#2170,.T.);
#3179=ORIENTED_EDGE('',*,*,#2314,.T.);
#3180=ORIENTED_EDGE('',*,*,#2233,.T.);
#3181=ORIENTED_EDGE('',*,*,#2313,.T.);
#3182=ORIENTED_EDGE('',*,*,#2331,.T.);
#3183=ORIENTED_EDGE('',*,*,#2317,.T.);
#3184=ORIENTED_EDGE('',*,*,#2234,.T.);
#3185=ORIENTED_EDGE('',*,*,#2281,.T.);
#3186=ORIENTED_EDGE('',*,*,#2315,.T.);
#3187=ORIENTED_EDGE('',*,*,#2332,.T.);
#3188=ORIENTED_EDGE('',*,*,#2333,.T.);
#3189=ORIENTED_EDGE('',*,*,#2334,.T.);
#3190=ORIENTED_EDGE('',*,*,#2312,.T.);
#3191=ORIENTED_EDGE('',*,*,#2169,.T.);
#3192=ORIENTED_EDGE('',*,*,#2335,.F.);
#3193=ORIENTED_EDGE('',*,*,#2336,.T.);
#3194=ORIENTED_EDGE('',*,*,#2333,.F.);
#3195=ORIENTED_EDGE('',*,*,#2337,.T.);
#3196=ORIENTED_EDGE('',*,*,#2335,.T.);
#3197=ORIENTED_EDGE('',*,*,#2327,.F.);
#3198=ORIENTED_EDGE('',*,*,#2285,.T.);
#3199=ORIENTED_EDGE('',*,*,#2217,.T.);
#3200=ORIENTED_EDGE('',*,*,#2162,.F.);
#3201=ORIENTED_EDGE('',*,*,#2338,.T.);
#3202=ORIENTED_EDGE('',*,*,#2339,.T.);
#3203=ORIENTED_EDGE('',*,*,#2324,.F.);
#3204=ORIENTED_EDGE('',*,*,#2326,.F.);
#3205=ORIENTED_EDGE('',*,*,#2329,.F.);
#3206=ORIENTED_EDGE('',*,*,#2330,.F.);
#3207=ORIENTED_EDGE('',*,*,#2331,.F.);
#3208=ORIENTED_EDGE('',*,*,#2334,.F.);
#3209=ORIENTED_EDGE('',*,*,#2337,.F.);
#3210=ORIENTED_EDGE('',*,*,#2332,.F.);
#3211=ORIENTED_EDGE('',*,*,#2340,.T.);
#3212=ORIENTED_EDGE('',*,*,#2341,.T.);
#3213=ORIENTED_EDGE('',*,*,#2284,.T.);
#3214=ORIENTED_EDGE('',*,*,#2342,.T.);
#3215=ORIENTED_EDGE('',*,*,#2219,.T.);
#3216=ORIENTED_EDGE('',*,*,#2341,.F.);
#3217=ORIENTED_EDGE('',*,*,#2343,.T.);
#3218=ORIENTED_EDGE('',*,*,#2344,.T.);
#3219=ORIENTED_EDGE('',*,*,#2345,.T.);
#3220=ORIENTED_EDGE('',*,*,#2344,.F.);
#3221=ORIENTED_EDGE('',*,*,#2346,.T.);
#3222=ORIENTED_EDGE('',*,*,#2347,.F.);
#3223=ORIENTED_EDGE('',*,*,#2348,.T.);
#3224=ORIENTED_EDGE('',*,*,#2342,.F.);
#3225=ORIENTED_EDGE('',*,*,#2349,.T.);
#3226=ORIENTED_EDGE('',*,*,#2347,.T.);
#3227=ORIENTED_EDGE('',*,*,#2198,.F.);
#3228=ORIENTED_EDGE('',*,*,#2350,.F.);
#3229=ORIENTED_EDGE('',*,*,#2351,.F.);
#3230=ORIENTED_EDGE('',*,*,#2349,.F.);
#3231=ORIENTED_EDGE('',*,*,#2283,.T.);
#3232=ORIENTED_EDGE('',*,*,#2352,.T.);
#3233=ORIENTED_EDGE('',*,*,#2167,.F.);
#3234=ORIENTED_EDGE('',*,*,#2353,.T.);
#3235=ORIENTED_EDGE('',*,*,#2340,.F.);
#3236=ORIENTED_EDGE('',*,*,#2348,.F.);
#3237=ORIENTED_EDGE('',*,*,#2346,.F.);
#3238=ORIENTED_EDGE('',*,*,#2343,.F.);
#3239=ORIENTED_EDGE('',*,*,#2354,.T.);
#3240=ORIENTED_EDGE('',*,*,#2355,.T.);
#3241=ORIENTED_EDGE('',*,*,#2356,.F.);
#3242=ORIENTED_EDGE('',*,*,#2355,.F.);
#3243=ORIENTED_EDGE('',*,*,#2357,.F.);
#3244=ORIENTED_EDGE('',*,*,#2358,.F.);
#3245=ORIENTED_EDGE('',*,*,#2359,.T.);
#3246=ORIENTED_EDGE('',*,*,#2360,.T.);
#3247=ORIENTED_EDGE('',*,*,#2359,.F.);
#3248=ORIENTED_EDGE('',*,*,#2360,.F.);
#3249=ORIENTED_EDGE('',*,*,#2354,.F.);
#3250=ORIENTED_EDGE('',*,*,#2361,.F.);
#3251=ORIENTED_EDGE('',*,*,#2362,.T.);
#3252=ORIENTED_EDGE('',*,*,#2363,.T.);
#3253=ORIENTED_EDGE('',*,*,#2364,.F.);
#3254=ORIENTED_EDGE('',*,*,#2365,.F.);
#3255=ORIENTED_EDGE('',*,*,#2366,.T.);
#3256=ORIENTED_EDGE('',*,*,#2367,.T.);
#3257=ORIENTED_EDGE('',*,*,#2362,.F.);
#3258=ORIENTED_EDGE('',*,*,#2368,.F.);
#3259=ORIENTED_EDGE('',*,*,#2369,.T.);
#3260=ORIENTED_EDGE('',*,*,#2370,.T.);
#3261=ORIENTED_EDGE('',*,*,#2366,.F.);
#3262=ORIENTED_EDGE('',*,*,#2371,.F.);
#3263=ORIENTED_EDGE('',*,*,#2372,.T.);
#3264=ORIENTED_EDGE('',*,*,#2373,.T.);
#3265=ORIENTED_EDGE('',*,*,#2369,.F.);
#3266=ORIENTED_EDGE('',*,*,#2374,.F.);
#3267=ORIENTED_EDGE('',*,*,#2375,.T.);
#3268=ORIENTED_EDGE('',*,*,#2376,.T.);
#3269=ORIENTED_EDGE('',*,*,#2372,.F.);
#3270=ORIENTED_EDGE('',*,*,#2377,.F.);
#3271=ORIENTED_EDGE('',*,*,#2364,.T.);
#3272=ORIENTED_EDGE('',*,*,#2378,.T.);
#3273=ORIENTED_EDGE('',*,*,#2375,.F.);
#3274=ORIENTED_EDGE('',*,*,#2378,.F.);
#3275=ORIENTED_EDGE('',*,*,#2363,.F.);
#3276=ORIENTED_EDGE('',*,*,#2367,.F.);
#3277=ORIENTED_EDGE('',*,*,#2370,.F.);
#3278=ORIENTED_EDGE('',*,*,#2373,.F.);
#3279=ORIENTED_EDGE('',*,*,#2376,.F.);
#3280=ORIENTED_EDGE('',*,*,#2379,.F.);
#3281=ORIENTED_EDGE('',*,*,#2380,.T.);
#3282=ORIENTED_EDGE('',*,*,#2381,.F.);
#3283=ORIENTED_EDGE('',*,*,#2382,.F.);
#3284=ORIENTED_EDGE('',*,*,#2383,.F.);
#3285=ORIENTED_EDGE('',*,*,#2382,.T.);
#3286=ORIENTED_EDGE('',*,*,#2384,.F.);
#3287=ORIENTED_EDGE('',*,*,#2385,.F.);
#3288=ORIENTED_EDGE('',*,*,#2386,.F.);
#3289=ORIENTED_EDGE('',*,*,#2385,.T.);
#3290=ORIENTED_EDGE('',*,*,#2387,.F.);
#3291=ORIENTED_EDGE('',*,*,#2388,.F.);
#3292=ORIENTED_EDGE('',*,*,#2389,.F.);
#3293=ORIENTED_EDGE('',*,*,#2388,.T.);
#3294=ORIENTED_EDGE('',*,*,#2390,.F.);
#3295=ORIENTED_EDGE('',*,*,#2391,.F.);
#3296=ORIENTED_EDGE('',*,*,#2392,.F.);
#3297=ORIENTED_EDGE('',*,*,#2391,.T.);
#3298=ORIENTED_EDGE('',*,*,#2393,.F.);
#3299=ORIENTED_EDGE('',*,*,#2394,.F.);
#3300=ORIENTED_EDGE('',*,*,#2395,.F.);
#3301=ORIENTED_EDGE('',*,*,#2394,.T.);
#3302=ORIENTED_EDGE('',*,*,#2396,.F.);
#3303=ORIENTED_EDGE('',*,*,#2380,.F.);
#3304=ORIENTED_EDGE('',*,*,#2396,.T.);
#3305=ORIENTED_EDGE('',*,*,#2393,.T.);
#3306=ORIENTED_EDGE('',*,*,#2390,.T.);
#3307=ORIENTED_EDGE('',*,*,#2387,.T.);
#3308=ORIENTED_EDGE('',*,*,#2384,.T.);
#3309=ORIENTED_EDGE('',*,*,#2381,.T.);
#3310=ORIENTED_EDGE('',*,*,#2397,.F.);
#3311=ORIENTED_EDGE('',*,*,#2398,.T.);
#3312=ORIENTED_EDGE('',*,*,#2399,.F.);
#3313=ORIENTED_EDGE('',*,*,#2398,.F.);
#3314=ORIENTED_EDGE('',*,*,#2400,.T.);
#3315=ORIENTED_EDGE('',*,*,#2397,.T.);
#3316=ORIENTED_EDGE('',*,*,#2401,.F.);
#3317=ORIENTED_EDGE('',*,*,#2402,.T.);
#3318=ORIENTED_EDGE('',*,*,#2400,.F.);
#3319=ORIENTED_EDGE('',*,*,#2402,.F.);
#3320=ORIENTED_EDGE('',*,*,#2403,.F.);
#3321=ORIENTED_EDGE('',*,*,#2404,.T.);
#3322=ORIENTED_EDGE('',*,*,#2405,.F.);
#3323=ORIENTED_EDGE('',*,*,#2404,.F.);
#3324=ORIENTED_EDGE('',*,*,#2406,.F.);
#3325=ORIENTED_EDGE('',*,*,#2407,.F.);
#3326=ORIENTED_EDGE('',*,*,#2408,.T.);
#3327=ORIENTED_EDGE('',*,*,#2409,.F.);
#3328=ORIENTED_EDGE('',*,*,#2408,.F.);
#3329=ORIENTED_EDGE('',*,*,#2409,.T.);
#3330=ORIENTED_EDGE('',*,*,#2403,.T.);
#3331=ORIENTED_EDGE('',*,*,#2410,.F.);
#3332=ORIENTED_EDGE('',*,*,#2411,.T.);
#3333=ORIENTED_EDGE('',*,*,#2412,.F.);
#3334=ORIENTED_EDGE('',*,*,#2413,.F.);
#3335=ORIENTED_EDGE('',*,*,#2414,.F.);
#3336=ORIENTED_EDGE('',*,*,#2413,.T.);
#3337=ORIENTED_EDGE('',*,*,#2415,.F.);
#3338=ORIENTED_EDGE('',*,*,#2416,.F.);
#3339=ORIENTED_EDGE('',*,*,#2417,.F.);
#3340=ORIENTED_EDGE('',*,*,#2416,.T.);
#3341=ORIENTED_EDGE('',*,*,#2418,.F.);
#3342=ORIENTED_EDGE('',*,*,#2419,.F.);
#3343=ORIENTED_EDGE('',*,*,#2420,.F.);
#3344=ORIENTED_EDGE('',*,*,#2419,.T.);
#3345=ORIENTED_EDGE('',*,*,#2421,.F.);
#3346=ORIENTED_EDGE('',*,*,#2422,.F.);
#3347=ORIENTED_EDGE('',*,*,#2423,.F.);
#3348=ORIENTED_EDGE('',*,*,#2422,.T.);
#3349=ORIENTED_EDGE('',*,*,#2424,.F.);
#3350=ORIENTED_EDGE('',*,*,#2425,.F.);
#3351=ORIENTED_EDGE('',*,*,#2426,.F.);
#3352=ORIENTED_EDGE('',*,*,#2425,.T.);
#3353=ORIENTED_EDGE('',*,*,#2427,.F.);
#3354=ORIENTED_EDGE('',*,*,#2411,.F.);
#3355=ORIENTED_EDGE('',*,*,#2427,.T.);
#3356=ORIENTED_EDGE('',*,*,#2424,.T.);
#3357=ORIENTED_EDGE('',*,*,#2421,.T.);
#3358=ORIENTED_EDGE('',*,*,#2418,.T.);
#3359=ORIENTED_EDGE('',*,*,#2415,.T.);
#3360=ORIENTED_EDGE('',*,*,#2412,.T.);
#3361=ORIENTED_EDGE('',*,*,#2428,.F.);
#3362=ORIENTED_EDGE('',*,*,#2429,.T.);
#3363=ORIENTED_EDGE('',*,*,#2430,.T.);
#3364=ORIENTED_EDGE('',*,*,#2431,.F.);
#3365=ORIENTED_EDGE('',*,*,#2432,.F.);
#3366=ORIENTED_EDGE('',*,*,#2433,.T.);
#3367=ORIENTED_EDGE('',*,*,#2434,.T.);
#3368=ORIENTED_EDGE('',*,*,#2429,.F.);
#3369=ORIENTED_EDGE('',*,*,#2435,.F.);
#3370=ORIENTED_EDGE('',*,*,#2436,.T.);
#3371=ORIENTED_EDGE('',*,*,#2437,.T.);
#3372=ORIENTED_EDGE('',*,*,#2433,.F.);
#3373=ORIENTED_EDGE('',*,*,#2438,.F.);
#3374=ORIENTED_EDGE('',*,*,#2439,.T.);
#3375=ORIENTED_EDGE('',*,*,#2440,.T.);
#3376=ORIENTED_EDGE('',*,*,#2436,.F.);
#3377=ORIENTED_EDGE('',*,*,#2441,.F.);
#3378=ORIENTED_EDGE('',*,*,#2442,.T.);
#3379=ORIENTED_EDGE('',*,*,#2443,.T.);
#3380=ORIENTED_EDGE('',*,*,#2439,.F.);
#3381=ORIENTED_EDGE('',*,*,#2444,.F.);
#3382=ORIENTED_EDGE('',*,*,#2431,.T.);
#3383=ORIENTED_EDGE('',*,*,#2445,.T.);
#3384=ORIENTED_EDGE('',*,*,#2442,.F.);
#3385=ORIENTED_EDGE('',*,*,#2445,.F.);
#3386=ORIENTED_EDGE('',*,*,#2430,.F.);
#3387=ORIENTED_EDGE('',*,*,#2434,.F.);
#3388=ORIENTED_EDGE('',*,*,#2437,.F.);
#3389=ORIENTED_EDGE('',*,*,#2440,.F.);
#3390=ORIENTED_EDGE('',*,*,#2443,.F.);
#3391=ORIENTED_EDGE('',*,*,#2446,.T.);
#3392=ORIENTED_EDGE('',*,*,#2447,.T.);
#3393=ORIENTED_EDGE('',*,*,#2448,.F.);
#3394=ORIENTED_EDGE('',*,*,#2447,.F.);
#3395=ORIENTED_EDGE('',*,*,#2449,.F.);
#3396=ORIENTED_EDGE('',*,*,#2450,.T.);
#3397=ORIENTED_EDGE('',*,*,#2451,.T.);
#3398=ORIENTED_EDGE('',*,*,#2450,.F.);
#3399=ORIENTED_EDGE('',*,*,#2451,.F.);
#3400=ORIENTED_EDGE('',*,*,#2446,.F.);
#3401=ORIENTED_EDGE('',*,*,#2223,.T.);
#3402=ORIENTED_EDGE('',*,*,#2452,.T.);
#3403=ORIENTED_EDGE('',*,*,#2401,.T.);
#3404=ORIENTED_EDGE('',*,*,#2452,.F.);
#3405=ORIENTED_EDGE('',*,*,#2227,.T.);
#3406=ORIENTED_EDGE('',*,*,#2453,.T.);
#3407=ORIENTED_EDGE('',*,*,#2357,.T.);
#3408=ORIENTED_EDGE('',*,*,#2358,.T.);
#3409=ORIENTED_EDGE('',*,*,#2453,.F.);
#3410=ORIENTED_EDGE('',*,*,#2224,.T.);
#3411=ORIENTED_EDGE('',*,*,#2454,.T.);
#3412=ORIENTED_EDGE('',*,*,#2406,.T.);
#3413=ORIENTED_EDGE('',*,*,#2407,.T.);
#3414=ORIENTED_EDGE('',*,*,#2454,.F.);
#3415=ORIENTED_EDGE('',*,*,#2226,.T.);
#3416=ORIENTED_EDGE('',*,*,#2455,.T.);
#3417=ORIENTED_EDGE('',*,*,#2449,.T.);
#3418=ORIENTED_EDGE('',*,*,#2455,.F.);
#3419=ORIENTED_EDGE('',*,*,#2356,.T.);
#3420=ORIENTED_EDGE('',*,*,#2361,.T.);
#3421=ORIENTED_EDGE('',*,*,#2377,.T.);
#3422=ORIENTED_EDGE('',*,*,#2374,.T.);
#3423=ORIENTED_EDGE('',*,*,#2371,.T.);
#3424=ORIENTED_EDGE('',*,*,#2368,.T.);
#3425=ORIENTED_EDGE('',*,*,#2365,.T.);
#3426=ORIENTED_EDGE('',*,*,#2448,.T.);
#3427=ORIENTED_EDGE('',*,*,#2428,.T.);
#3428=ORIENTED_EDGE('',*,*,#2444,.T.);
#3429=ORIENTED_EDGE('',*,*,#2441,.T.);
#3430=ORIENTED_EDGE('',*,*,#2438,.T.);
#3431=ORIENTED_EDGE('',*,*,#2435,.T.);
#3432=ORIENTED_EDGE('',*,*,#2432,.T.);
#3433=ORIENTED_EDGE('',*,*,#2405,.T.);
#3434=ORIENTED_EDGE('',*,*,#2410,.T.);
#3435=ORIENTED_EDGE('',*,*,#2414,.T.);
#3436=ORIENTED_EDGE('',*,*,#2417,.T.);
#3437=ORIENTED_EDGE('',*,*,#2420,.T.);
#3438=ORIENTED_EDGE('',*,*,#2423,.T.);
#3439=ORIENTED_EDGE('',*,*,#2426,.T.);
#3440=ORIENTED_EDGE('',*,*,#2399,.T.);
#3441=ORIENTED_EDGE('',*,*,#2379,.T.);
#3442=ORIENTED_EDGE('',*,*,#2383,.T.);
#3443=ORIENTED_EDGE('',*,*,#2386,.T.);
#3444=ORIENTED_EDGE('',*,*,#2389,.T.);
#3445=ORIENTED_EDGE('',*,*,#2392,.T.);
#3446=ORIENTED_EDGE('',*,*,#2395,.T.);
#3447=ORIENTED_EDGE('',*,*,#2456,.F.);
#3448=ORIENTED_EDGE('',*,*,#2457,.T.);
#3449=ORIENTED_EDGE('',*,*,#2458,.F.);
#3450=ORIENTED_EDGE('',*,*,#2457,.F.);
#3451=ORIENTED_EDGE('',*,*,#2456,.T.);
#3452=ORIENTED_EDGE('',*,*,#2459,.F.);
#3453=ORIENTED_EDGE('',*,*,#2460,.F.);
#3454=ORIENTED_EDGE('',*,*,#2461,.T.);
#3455=ORIENTED_EDGE('',*,*,#2462,.F.);
#3456=ORIENTED_EDGE('',*,*,#2461,.F.);
#3457=ORIENTED_EDGE('',*,*,#2460,.T.);
#3458=ORIENTED_EDGE('',*,*,#2463,.F.);
#3459=ORIENTED_EDGE('',*,*,#2288,.F.);
#3460=ORIENTED_EDGE('',*,*,#2464,.T.);
#3461=ORIENTED_EDGE('',*,*,#2458,.T.);
#3462=ORIENTED_EDGE('',*,*,#2464,.F.);
#3463=ORIENTED_EDGE('',*,*,#2225,.T.);
#3464=ORIENTED_EDGE('',*,*,#2465,.T.);
#3465=ORIENTED_EDGE('',*,*,#2462,.T.);
#3466=ORIENTED_EDGE('',*,*,#2465,.F.);
#3467=ORIENTED_EDGE('',*,*,#2178,.F.);
#3468=ORIENTED_EDGE('',*,*,#2466,.T.);
#3469=ORIENTED_EDGE('',*,*,#2459,.T.);
#3470=ORIENTED_EDGE('',*,*,#2466,.F.);
#3471=ORIENTED_EDGE('',*,*,#2185,.F.);
#3472=ORIENTED_EDGE('',*,*,#2467,.T.);
#3473=ORIENTED_EDGE('',*,*,#2463,.T.);
#3474=ORIENTED_EDGE('',*,*,#2467,.F.);
#3475=ORIENTED_EDGE('',*,*,#2468,.T.);
#3476=ORIENTED_EDGE('',*,*,#2469,.T.);
#3477=ORIENTED_EDGE('',*,*,#2180,.F.);
#3478=ORIENTED_EDGE('',*,*,#2181,.F.);
#3479=ORIENTED_EDGE('',*,*,#2469,.F.);
#3480=ORIENTED_EDGE('',*,*,#2470,.F.);
#3481=ORIENTED_EDGE('',*,*,#2471,.F.);
#3482=ORIENTED_EDGE('',*,*,#2472,.T.);
#3483=ORIENTED_EDGE('',*,*,#2468,.F.);
#3484=ORIENTED_EDGE('',*,*,#2472,.F.);
#3485=ORIENTED_EDGE('',*,*,#2470,.T.);
#3486=ORIENTED_EDGE('',*,*,#2471,.T.);
#3487=ORIENTED_EDGE('',*,*,#2473,.T.);
#3488=ORIENTED_EDGE('',*,*,#2187,.F.);
#3489=ORIENTED_EDGE('',*,*,#2188,.F.);
#3490=ORIENTED_EDGE('',*,*,#2473,.F.);
#3491=ORIENTED_EDGE('',*,*,#2204,.F.);
#3492=ORIENTED_EDGE('',*,*,#2215,.F.);
#3493=ORIENTED_EDGE('',*,*,#2474,.F.);
#3494=ORIENTED_EDGE('',*,*,#2475,.T.);
#3495=ORIENTED_EDGE('',*,*,#2195,.F.);
#3496=ORIENTED_EDGE('',*,*,#2353,.F.);
#3497=ORIENTED_EDGE('',*,*,#2166,.F.);
#3498=ORIENTED_EDGE('',*,*,#2222,.T.);
#3499=ORIENTED_EDGE('',*,*,#2201,.F.);
#3500=ORIENTED_EDGE('',*,*,#2475,.F.);
#3501=ORIENTED_EDGE('',*,*,#2476,.F.);
#3502=ORIENTED_EDGE('',*,*,#2350,.T.);
#3503=ORIENTED_EDGE('',*,*,#2345,.F.);
#3504=ORIENTED_EDGE('',*,*,#2351,.T.);
#3505=ORIENTED_EDGE('',*,*,#2476,.T.);
#3506=ORIENTED_EDGE('',*,*,#2474,.T.);
#3507=ORIENTED_EDGE('',*,*,#2214,.T.);
#3508=ORIENTED_EDGE('',*,*,#2220,.T.);
#3509=ORIENTED_EDGE('',*,*,#2477,.F.);
#3510=ORIENTED_EDGE('',*,*,#2478,.T.);
#3511=ORIENTED_EDGE('',*,*,#2479,.F.);
#3512=ORIENTED_EDGE('',*,*,#2478,.F.);
#3513=ORIENTED_EDGE('',*,*,#2479,.T.);
#3514=ORIENTED_EDGE('',*,*,#2254,.F.);
#3515=ORIENTED_EDGE('',*,*,#2480,.F.);
#3516=ORIENTED_EDGE('',*,*,#2481,.T.);
#3517=ORIENTED_EDGE('',*,*,#2482,.F.);
#3518=ORIENTED_EDGE('',*,*,#2481,.F.);
#3519=ORIENTED_EDGE('',*,*,#2482,.T.);
#3520=ORIENTED_EDGE('',*,*,#2266,.F.);
#3521=ORIENTED_EDGE('',*,*,#2258,.T.);
#3522=ORIENTED_EDGE('',*,*,#2483,.T.);
#3523=ORIENTED_EDGE('',*,*,#2269,.T.);
#3524=ORIENTED_EDGE('',*,*,#2268,.T.);
#3525=ORIENTED_EDGE('',*,*,#2483,.F.);
#3526=ORIENTED_EDGE('',*,*,#2259,.T.);
#3527=ORIENTED_EDGE('',*,*,#2262,.T.);
#3528=ORIENTED_EDGE('',*,*,#2484,.T.);
#3529=ORIENTED_EDGE('',*,*,#2273,.T.);
#3530=ORIENTED_EDGE('',*,*,#2272,.T.);
#3531=ORIENTED_EDGE('',*,*,#2484,.F.);
#3532=ORIENTED_EDGE('',*,*,#2263,.T.);
#3533=ORIENTED_EDGE('',*,*,#2339,.F.);
#3534=ORIENTED_EDGE('',*,*,#2485,.T.);
#3535=ORIENTED_EDGE('',*,*,#2486,.T.);
#3536=ORIENTED_EDGE('',*,*,#2485,.F.);
#3537=ORIENTED_EDGE('',*,*,#2486,.F.);
#3538=ORIENTED_EDGE('',*,*,#2246,.F.);
#3539=ORIENTED_EDGE('',*,*,#2338,.F.);
#3540=ORIENTED_EDGE('',*,*,#2487,.T.);
#3541=ORIENTED_EDGE('',*,*,#2488,.T.);
#3542=ORIENTED_EDGE('',*,*,#2487,.F.);
#3543=ORIENTED_EDGE('',*,*,#2488,.F.);
#3544=ORIENTED_EDGE('',*,*,#2238,.F.);
#3545=ORIENTED_EDGE('',*,*,#2251,.T.);
#3546=ORIENTED_EDGE('',*,*,#2489,.T.);
#3547=ORIENTED_EDGE('',*,*,#2242,.T.);
#3548=ORIENTED_EDGE('',*,*,#2489,.F.);
#3549=ORIENTED_EDGE('',*,*,#2249,.T.);
#3550=ORIENTED_EDGE('',*,*,#2490,.T.);
#3551=ORIENTED_EDGE('',*,*,#2240,.T.);
#3552=ORIENTED_EDGE('',*,*,#2490,.F.);
#3553=ORIENTED_EDGE('',*,*,#2336,.F.);
#3554=ORIENTED_EDGE('',*,*,#2168,.F.);
#3555=ORIENTED_EDGE('',*,*,#2352,.F.);
#3556=ORIENTED_EDGE('',*,*,#2282,.T.);
#3557=ORIENTED_EDGE('',*,*,#2477,.T.);
#3558=ORIENTED_EDGE('',*,*,#2480,.T.);
#3559=PLANE('',#3930);
#3560=PLANE('',#3931);
#3561=PLANE('',#3932);
#3562=PLANE('',#3933);
#3563=PLANE('',#3934);
#3564=PLANE('',#3935);
#3565=PLANE('',#3936);
#3566=PLANE('',#3937);
#3567=PLANE('',#3938);
#3568=PLANE('',#3939);
#3569=PLANE('',#3940);
#3570=PLANE('',#3941);
#3571=PLANE('',#3942);
#3572=PLANE('',#3943);
#3573=PLANE('',#3944);
#3574=PLANE('',#3945);
#3575=PLANE('',#3946);
#3576=PLANE('',#3947);
#3577=PLANE('',#3948);
#3578=PLANE('',#3949);
#3579=PLANE('',#3950);
#3580=PLANE('',#3951);
#3581=PLANE('',#3952);
#3582=PLANE('',#3953);
#3583=PLANE('',#3954);
#3584=PLANE('',#3955);
#3585=PLANE('',#3956);
#3586=PLANE('',#3957);
#3587=PLANE('',#3958);
#3588=PLANE('',#3959);
#3589=PLANE('',#3960);
#3590=PLANE('',#3961);
#3591=PLANE('',#3962);
#3592=PLANE('',#3963);
#3593=PLANE('',#3964);
#3594=PLANE('',#3965);
#3595=PLANE('',#3966);
#3596=PLANE('',#3967);
#3597=PLANE('',#3968);
#3598=PLANE('',#3969);
#3599=PLANE('',#3970);
#3600=PLANE('',#3971);
#3601=PLANE('',#3972);
#3602=PLANE('',#3973);
#3603=PLANE('',#3974);
#3604=PLANE('',#3975);
#3605=PLANE('',#3976);
#3606=PLANE('',#3977);
#3607=PLANE('',#3982);
#3608=PLANE('',#3986);
#3609=PLANE('',#3994);
#3610=PLANE('',#3999);
#3611=PLANE('',#4000);
#3612=PLANE('',#4001);
#3613=PLANE('',#4002);
#3614=PLANE('',#4003);
#3615=PLANE('',#4004);
#3616=PLANE('',#4005);
#3617=PLANE('',#4006);
#3618=PLANE('',#4007);
#3619=PLANE('',#4008);
#3620=PLANE('',#4009);
#3621=PLANE('',#4010);
#3622=PLANE('',#4011);
#3623=PLANE('',#4020);
#3624=PLANE('',#4041);
#3625=PLANE('',#4058);
#3626=PLANE('',#4069);
#3627=PLANE('',#4070);
#3628=PLANE('',#4071);
#3629=PLANE('',#4072);
#3630=PLANE('',#4073);
#3631=PLANE('',#4074);
#3632=PLANE('',#4075);
#3633=PLANE('',#4076);
#3634=PLANE('',#4077);
#3635=PLANE('',#4078);
#3636=PLANE('',#4079);
#3637=PLANE('',#4080);
#3638=PLANE('',#4081);
#3639=PLANE('',#4082);
#3640=PLANE('',#4083);
#3641=PLANE('',#4086);
#3642=PLANE('',#4087);
#3643=PLANE('',#4088);
#3644=PLANE('',#4089);
#3645=PLANE('',#4090);
#3646=PLANE('',#4091);
#3647=PLANE('',#4092);
#3648=PLANE('',#4093);
#3649=PLANE('',#4101);
#3650=PLANE('',#4102);
#3651=PLANE('',#4103);
#3652=PLANE('',#4104);
#3653=PLANE('',#4105);
#3654=PLANE('',#4106);
#3655=PLANE('',#4107);
#3656=PLANE('',#4108);
#3657=PLANE('',#4109);
#3658=PLANE('',#4110);
#3659=PLANE('',#4111);
#3660=PLANE('',#4112);
#3661=PLANE('',#4113);
#3662=PLANE('',#4114);
#3663=PLANE('',#4115);
#3664=PLANE('',#4119);
#3665=PLANE('',#4130);
#3666=PLANE('',#4131);
#3667=PLANE('',#4132);
#3668=PLANE('',#4133);
#3669=PLANE('',#4134);
#3670=PLANE('',#4135);
#3671=PLANE('',#4136);
#3672=PLANE('',#4137);
#3673=PLANE('',#4138);
#3674=PLANE('',#4139);
#3675=PLANE('',#4140);
#3676=PLANE('',#4141);
#3677=PLANE('',#4142);
#3678=PLANE('',#4143);
#3679=PLANE('',#4144);
#3680=PLANE('',#4151);
#3681=PLANE('',#4156);
#3682=PLANE('',#4157);
#3683=PLANE('',#4158);
#3684=PLANE('',#4159);
#3685=PLANE('',#4163);
#3686=PLANE('',#4168);
#3687=PLANE('',#4182);
#3688=PLANE('',#4183);
#3689=PLANE('',#4184);
#3690=PLANE('',#4185);
#3691=PLANE('',#4189);
#3692=PLANE('',#4193);
#3693=PLANE('',#4198);
#3694=PLANE('',#4201);
#3695=PLANE('',#4204);
#3696=ADVANCED_FACE('',(#359),#3559,.T.);
#3697=ADVANCED_FACE('',(#360),#3560,.T.);
#3698=ADVANCED_FACE('',(#361),#3561,.T.);
#3699=ADVANCED_FACE('',(#362),#3562,.T.);
#3700=ADVANCED_FACE('',(#363),#3563,.T.);
#3701=ADVANCED_FACE('',(#364),#333,.T.);
#3702=ADVANCED_FACE('',(#365),#3564,.T.);
#3703=ADVANCED_FACE('',(#366),#3565,.T.);
#3704=ADVANCED_FACE('',(#367),#3566,.T.);
#3705=ADVANCED_FACE('',(#368),#3567,.T.);
#3706=ADVANCED_FACE('',(#369),#3568,.T.);
#3707=ADVANCED_FACE('',(#370),#3569,.T.);
#3708=ADVANCED_FACE('',(#371),#3570,.T.);
#3709=ADVANCED_FACE('',(#372),#3571,.T.);
#3710=ADVANCED_FACE('',(#373),#3572,.T.);
#3711=ADVANCED_FACE('',(#374),#3573,.T.);
#3712=ADVANCED_FACE('',(#375),#3574,.T.);
#3713=ADVANCED_FACE('',(#376),#3575,.T.);
#3714=ADVANCED_FACE('',(#377),#3576,.T.);
#3715=ADVANCED_FACE('',(#378),#3577,.T.);
#3716=ADVANCED_FACE('',(#379),#3578,.T.);
#3717=ADVANCED_FACE('',(#380),#3579,.T.);
#3718=ADVANCED_FACE('',(#381),#3580,.T.);
#3719=ADVANCED_FACE('',(#382),#3581,.T.);
#3720=ADVANCED_FACE('',(#383),#3582,.T.);
#3721=ADVANCED_FACE('',(#384),#334,.F.);
#3722=ADVANCED_FACE('',(#385),#335,.F.);
#3723=ADVANCED_FACE('',(#386),#3583,.F.);
#3724=ADVANCED_FACE('',(#387),#3584,.F.);
#3725=ADVANCED_FACE('',(#388),#3585,.F.);
#3726=ADVANCED_FACE('',(#389),#336,.F.);
#3727=ADVANCED_FACE('',(#390),#337,.F.);
#3728=ADVANCED_FACE('',(#391),#338,.F.);
#3729=ADVANCED_FACE('',(#392),#339,.F.);
#3730=ADVANCED_FACE('',(#393),#3586,.F.);
#3731=ADVANCED_FACE('',(#394),#3587,.F.);
#3732=ADVANCED_FACE('',(#395),#3588,.F.);
#3733=ADVANCED_FACE('',(#396),#340,.F.);
#3734=ADVANCED_FACE('',(#397),#341,.F.);
#3735=ADVANCED_FACE('',(#398),#342,.T.);
#3736=ADVANCED_FACE('',(#399),#3589,.T.);
#3737=ADVANCED_FACE('',(#400),#3590,.T.);
#3738=ADVANCED_FACE('',(#401),#3591,.T.);
#3739=ADVANCED_FACE('',(#402),#343,.T.);
#3740=ADVANCED_FACE('',(#403),#344,.T.);
#3741=ADVANCED_FACE('',(#404),#345,.T.);
#3742=ADVANCED_FACE('',(#405),#3592,.T.);
#3743=ADVANCED_FACE('',(#406),#346,.T.);
#3744=ADVANCED_FACE('',(#407),#347,.T.);
#3745=ADVANCED_FACE('',(#408,#196,#197),#3593,.T.);
#3746=ADVANCED_FACE('',(#409),#3594,.T.);
#3747=ADVANCED_FACE('',(#410),#3595,.T.);
#3748=ADVANCED_FACE('',(#411),#3596,.T.);
#3749=ADVANCED_FACE('',(#412),#3597,.T.);
#3750=ADVANCED_FACE('',(#413),#3598,.T.);
#3751=ADVANCED_FACE('',(#414),#3599,.T.);
#3752=ADVANCED_FACE('',(#415),#348,.T.);
#3753=ADVANCED_FACE('',(#416),#349,.T.);
#3754=ADVANCED_FACE('',(#417),#350,.T.);
#3755=ADVANCED_FACE('',(#418),#351,.T.);
#3756=ADVANCED_FACE('',(#419),#352,.T.);
#3757=ADVANCED_FACE('',(#420),#353,.T.);
#3758=ADVANCED_FACE('',(#421),#3600,.T.);
#3759=ADVANCED_FACE('',(#422),#3601,.T.);
#3760=ADVANCED_FACE('',(#423),#354,.T.);
#3761=ADVANCED_FACE('',(#424),#355,.T.);
#3762=ADVANCED_FACE('',(#425),#356,.T.);
#3763=ADVANCED_FACE('',(#426),#357,.T.);
#3764=ADVANCED_FACE('',(#427),#358,.T.);
#3765=ADVANCED_FACE('',(#428),#3602,.T.);
#3766=ADVANCED_FACE('',(#429),#3603,.T.);
#3767=ADVANCED_FACE('',(#430),#3604,.T.);
#3768=ADVANCED_FACE('',(#431),#3605,.T.);
#3769=ADVANCED_FACE('',(#432,#198,#199,#200,#201,#202,#203,#204,#205,#206),
#3606,.T.);
#3770=ADVANCED_FACE('',(#433),#3607,.T.);
#3771=ADVANCED_FACE('',(#434),#95,.F.);
#3772=ADVANCED_FACE('',(#435,#207),#3608,.F.);
#3773=ADVANCED_FACE('',(#436),#60,.F.);
#3774=ADVANCED_FACE('',(#437),#96,.F.);
#3775=ADVANCED_FACE('',(#438,#208),#3609,.T.);
#3776=ADVANCED_FACE('',(#439),#61,.F.);
#3777=ADVANCED_FACE('',(#440),#3610,.T.);
#3778=ADVANCED_FACE('',(#441),#3611,.T.);
#3779=ADVANCED_FACE('',(#442),#3612,.T.);
#3780=ADVANCED_FACE('',(#443),#3613,.T.);
#3781=ADVANCED_FACE('',(#444),#3614,.T.);
#3782=ADVANCED_FACE('',(#445),#3615,.T.);
#3783=ADVANCED_FACE('',(#446),#3616,.T.);
#3784=ADVANCED_FACE('',(#447),#3617,.T.);
#3785=ADVANCED_FACE('',(#448),#3618,.T.);
#3786=ADVANCED_FACE('',(#449),#3619,.T.);
#3787=ADVANCED_FACE('',(#450),#3620,.T.);
#3788=ADVANCED_FACE('',(#451),#3621,.T.);
#3789=ADVANCED_FACE('',(#452,#209,#210,#211,#212,#213),#3622,.T.);
#3790=ADVANCED_FACE('',(#453),#97,.F.);
#3791=ADVANCED_FACE('',(#454,#214,#215,#216,#217),#3623,.T.);
#3792=ADVANCED_FACE('',(#455,#218,#219,#220,#221),#62,.F.);
#3793=ADVANCED_FACE('',(#456),#98,.F.);
#3794=ADVANCED_FACE('',(#457,#222,#223,#224,#225),#63,.F.);
#3795=ADVANCED_FACE('',(#458),#99,.F.);
#3796=ADVANCED_FACE('',(#459,#226,#227,#228,#229),#64,.F.);
#3797=ADVANCED_FACE('',(#460),#100,.F.);
#3798=ADVANCED_FACE('',(#461,#230,#231,#232,#233),#65,.F.);
#3799=ADVANCED_FACE('',(#462),#101,.F.);
#3800=ADVANCED_FACE('',(#463,#234,#235,#236,#237,#238),#3624,.F.);
#3801=ADVANCED_FACE('',(#464),#66,.F.);
#3802=ADVANCED_FACE('',(#465),#102,.F.);
#3803=ADVANCED_FACE('',(#466),#67,.F.);
#3804=ADVANCED_FACE('',(#467),#103,.F.);
#3805=ADVANCED_FACE('',(#468),#68,.F.);
#3806=ADVANCED_FACE('',(#469),#104,.F.);
#3807=ADVANCED_FACE('',(#470),#69,.F.);
#3808=ADVANCED_FACE('',(#471),#105,.F.);
#3809=ADVANCED_FACE('',(#472),#3625,.T.);
#3810=ADVANCED_FACE('',(#473),#70,.F.);
#3811=ADVANCED_FACE('',(#474),#106,.F.);
#3812=ADVANCED_FACE('',(#475),#71,.F.);
#3813=ADVANCED_FACE('',(#476),#107,.F.);
#3814=ADVANCED_FACE('',(#477),#72,.F.);
#3815=ADVANCED_FACE('',(#478),#108,.F.);
#3816=ADVANCED_FACE('',(#479),#73,.F.);
#3817=ADVANCED_FACE('',(#480),#3626,.T.);
#3818=ADVANCED_FACE('',(#481),#3627,.T.);
#3819=ADVANCED_FACE('',(#482),#3628,.T.);
#3820=ADVANCED_FACE('',(#483),#3629,.T.);
#3821=ADVANCED_FACE('',(#484),#3630,.T.);
#3822=ADVANCED_FACE('',(#485),#3631,.T.);
#3823=ADVANCED_FACE('',(#486),#3632,.T.);
#3824=ADVANCED_FACE('',(#487),#3633,.T.);
#3825=ADVANCED_FACE('',(#488),#3634,.T.);
#3826=ADVANCED_FACE('',(#489),#3635,.T.);
#3827=ADVANCED_FACE('',(#490),#3636,.T.);
#3828=ADVANCED_FACE('',(#491),#3637,.T.);
#3829=ADVANCED_FACE('',(#492),#3638,.T.);
#3830=ADVANCED_FACE('',(#493),#3639,.T.);
#3831=ADVANCED_FACE('',(#494,#239,#240),#3640,.T.);
#3832=ADVANCED_FACE('',(#495),#3641,.T.);
#3833=ADVANCED_FACE('',(#496),#3642,.T.);
#3834=ADVANCED_FACE('',(#497),#3643,.T.);
#3835=ADVANCED_FACE('',(#498),#3644,.T.);
#3836=ADVANCED_FACE('',(#499),#3645,.T.);
#3837=ADVANCED_FACE('',(#500),#3646,.T.);
#3838=ADVANCED_FACE('',(#501),#3647,.T.);
#3839=ADVANCED_FACE('',(#502),#3648,.T.);
#3840=ADVANCED_FACE('',(#503),#74,.T.);
#3841=ADVANCED_FACE('',(#504),#75,.F.);
#3842=ADVANCED_FACE('',(#505,#241),#3649,.T.);
#3843=ADVANCED_FACE('',(#506),#3650,.F.);
#3844=ADVANCED_FACE('',(#507),#3651,.F.);
#3845=ADVANCED_FACE('',(#508),#3652,.F.);
#3846=ADVANCED_FACE('',(#509),#3653,.F.);
#3847=ADVANCED_FACE('',(#510),#3654,.F.);
#3848=ADVANCED_FACE('',(#511),#3655,.F.);
#3849=ADVANCED_FACE('',(#512),#3656,.F.);
#3850=ADVANCED_FACE('',(#513),#3657,.T.);
#3851=ADVANCED_FACE('',(#514),#3658,.T.);
#3852=ADVANCED_FACE('',(#515),#3659,.T.);
#3853=ADVANCED_FACE('',(#516),#3660,.T.);
#3854=ADVANCED_FACE('',(#517),#3661,.T.);
#3855=ADVANCED_FACE('',(#518),#3662,.T.);
#3856=ADVANCED_FACE('',(#519),#3663,.T.);
#3857=ADVANCED_FACE('',(#520),#76,.T.);
#3858=ADVANCED_FACE('',(#521,#242),#3664,.F.);
#3859=ADVANCED_FACE('',(#522),#77,.F.);
#3860=ADVANCED_FACE('',(#523),#78,.T.);
#3861=ADVANCED_FACE('',(#524),#79,.F.);
#3862=ADVANCED_FACE('',(#525,#243),#3665,.F.);
#3863=ADVANCED_FACE('',(#526),#3666,.T.);
#3864=ADVANCED_FACE('',(#527),#3667,.T.);
#3865=ADVANCED_FACE('',(#528),#3668,.T.);
#3866=ADVANCED_FACE('',(#529),#3669,.T.);
#3867=ADVANCED_FACE('',(#530),#3670,.T.);
#3868=ADVANCED_FACE('',(#531),#3671,.T.);
#3869=ADVANCED_FACE('',(#532),#3672,.T.);
#3870=ADVANCED_FACE('',(#533),#3673,.F.);
#3871=ADVANCED_FACE('',(#534),#3674,.F.);
#3872=ADVANCED_FACE('',(#535),#3675,.F.);
#3873=ADVANCED_FACE('',(#536),#3676,.F.);
#3874=ADVANCED_FACE('',(#537),#3677,.F.);
#3875=ADVANCED_FACE('',(#538),#3678,.F.);
#3876=ADVANCED_FACE('',(#539),#3679,.F.);
#3877=ADVANCED_FACE('',(#540),#80,.T.);
#3878=ADVANCED_FACE('',(#541),#81,.F.);
#3879=ADVANCED_FACE('',(#542,#244),#3680,.T.);
#3880=ADVANCED_FACE('',(#543),#109,.F.);
#3881=ADVANCED_FACE('',(#544),#110,.F.);
#3882=ADVANCED_FACE('',(#545),#111,.F.);
#3883=ADVANCED_FACE('',(#546),#112,.F.);
#3884=ADVANCED_FACE('',(#547,#245),#3681,.T.);
#3885=ADVANCED_FACE('',(#548,#246),#3682,.T.);
#3886=ADVANCED_FACE('',(#549,#247),#3683,.T.);
#3887=ADVANCED_FACE('',(#550,#248),#3684,.T.);
#3888=ADVANCED_FACE('',(#551),#82,.T.);
#3889=ADVANCED_FACE('',(#552,#249),#3685,.F.);
#3890=ADVANCED_FACE('',(#553),#83,.T.);
#3891=ADVANCED_FACE('',(#554,#250),#3686,.T.);
#3892=ADVANCED_FACE('',(#555),#113,.F.);
#3893=ADVANCED_FACE('',(#556),#114,.F.);
#3894=ADVANCED_FACE('',(#557),#84,.T.);
#3895=ADVANCED_FACE('',(#558),#85,.T.);
#3896=ADVANCED_FACE('',(#559),#14,.T.);
#3897=ADVANCED_FACE('',(#560),#86,.F.);
#3898=ADVANCED_FACE('',(#561),#15,.T.);
#3899=ADVANCED_FACE('',(#562),#3687,.T.);
#3900=ADVANCED_FACE('',(#563),#3688,.T.);
#3901=ADVANCED_FACE('',(#564),#3689,.T.);
#3902=ADVANCED_FACE('',(#565),#3690,.T.);
#3903=ADVANCED_FACE('',(#566),#87,.F.);
#3904=ADVANCED_FACE('',(#567,#251),#3691,.F.);
#3905=ADVANCED_FACE('',(#568),#88,.F.);
#3906=ADVANCED_FACE('',(#569,#252),#3692,.F.);
#3907=ADVANCED_FACE('',(#570),#89,.F.);
#3908=ADVANCED_FACE('',(#571),#90,.F.);
#3909=ADVANCED_FACE('',(#572),#91,.F.);
#3910=ADVANCED_FACE('',(#573,#253),#3693,.T.);
#3911=ADVANCED_FACE('',(#574),#92,.F.);
#3912=ADVANCED_FACE('',(#575,#254),#3694,.T.);
#3913=ADVANCED_FACE('',(#576),#93,.F.);
#3914=ADVANCED_FACE('',(#577),#94,.F.);
#3915=ADVANCED_FACE('',(#578,#255,#256),#3695,.T.);
#3916=CLOSED_SHELL('',(#3696,#3697,#3698,#3699,#3700,#3701,#3702,#3703,
#3704,#3705,#3706,#3707,#3708,#3709,#3710,#3711,#3712,#3713,#3714,#3715,
#3716,#3717,#3718,#3719,#3720,#3721,#3722,#3723,#3724,#3725,#3726,#3727,
#3728,#3729,#3730,#3731,#3732,#3733,#3734,#3735,#3736,#3737,#3738,#3739,
#3740,#3741,#3742,#3743,#3744,#3745,#3746,#3747,#3748,#3749,#3750,#3751,
#3752,#3753,#3754,#3755,#3756,#3757,#3758,#3759,#3760,#3761,#3762,#3763,
#3764,#3765,#3766,#3767,#3768,#3769,#3770,#3771,#3772,#3773,#3774,#3775,
#3776,#3777,#3778,#3779,#3780,#3781,#3782,#3783,#3784,#3785,#3786,#3787,
#3788,#3789,#3790,#3791,#3792,#3793,#3794,#3795,#3796,#3797,#3798,#3799,
#3800,#3801,#3802,#3803,#3804,#3805,#3806,#3807,#3808,#3809,#3810,#3811,
#3812,#3813,#3814,#3815,#3816,#3817,#3818,#3819,#3820,#3821,#3822,#3823,
#3824,#3825,#3826,#3827,#3828,#3829,#3830,#3831,#3832,#3833,#3834,#3835,
#3836,#3837,#3838,#3839,#3840,#3841,#3842,#3843,#3844,#3845,#3846,#3847,
#3848,#3849,#3850,#3851,#3852,#3853,#3854,#3855,#3856,#3857,#3858,#3859,
#3860,#3861,#3862,#3863,#3864,#3865,#3866,#3867,#3868,#3869,#3870,#3871,
#3872,#3873,#3874,#3875,#3876,#3877,#3878,#3879,#3880,#3881,#3882,#3883,
#3884,#3885,#3886,#3887,#3888,#3889,#3890,#3891,#3892,#3893,#3894,#3895,
#3896,#3897,#3898,#3899,#3900,#3901,#3902,#3903,#3904,#3905,#3906,#3907,
#3908,#3909,#3910,#3911,#3912,#3913,#3914,#3915));
#3917=DERIVED_UNIT_ELEMENT(#3919,1.);
#3918=DERIVED_UNIT_ELEMENT(#7239,3.);
#3919=(
MASS_UNIT()
NAMED_UNIT(*)
SI_UNIT($,.GRAM.)
);
#3920=DERIVED_UNIT((#3917,#3918));
#3921=MEASURE_REPRESENTATION_ITEM('density measure',
POSITIVE_RATIO_MEASURE(7.85),#3920);
#3922=PROPERTY_DEFINITION_REPRESENTATION(#3927,#3924);
#3923=PROPERTY_DEFINITION_REPRESENTATION(#3928,#3925);
#3924=REPRESENTATION('material name',(#3926),#7236);
#3925=REPRESENTATION('density',(#3921),#7236);
#3926=DESCRIPTIVE_REPRESENTATION_ITEM('\X2\042104420430043B044C\X0\, \X2\043C044F0433043A0430044F\X0\',
'\X2\042104420430043B044C\X0\, \X2\043C044F0433043A0430044F\X0\');
#3927=PROPERTY_DEFINITION('material property','material name',#7246);
#3928=PROPERTY_DEFINITION('material property','density of part',#7246);
#3929=AXIS2_PLACEMENT_3D('placement',#5134,#4205,#4206);
#3930=AXIS2_PLACEMENT_3D('',#5135,#4207,#4208);
#3931=AXIS2_PLACEMENT_3D('',#5144,#4213,#4214);
#3932=AXIS2_PLACEMENT_3D('',#5150,#4218,#4219);
#3933=AXIS2_PLACEMENT_3D('',#5156,#4223,#4224);
#3934=AXIS2_PLACEMENT_3D('',#5162,#4228,#4229);
#3935=AXIS2_PLACEMENT_3D('',#5187,#4234,#4235);
#3936=AXIS2_PLACEMENT_3D('',#5193,#4239,#4240);
#3937=AXIS2_PLACEMENT_3D('',#5199,#4244,#4245);
#3938=AXIS2_PLACEMENT_3D('',#5205,#4249,#4250);
#3939=AXIS2_PLACEMENT_3D('',#5211,#4254,#4255);
#3940=AXIS2_PLACEMENT_3D('',#5214,#4258,#4259);
#3941=AXIS2_PLACEMENT_3D('',#5215,#4260,#4261);
#3942=AXIS2_PLACEMENT_3D('',#5224,#4266,#4267);
#3943=AXIS2_PLACEMENT_3D('',#5230,#4271,#4272);
#3944=AXIS2_PLACEMENT_3D('',#5236,#4276,#4277);
#3945=AXIS2_PLACEMENT_3D('',#5242,#4281,#4282);
#3946=AXIS2_PLACEMENT_3D('',#5248,#4286,#4287);
#3947=AXIS2_PLACEMENT_3D('',#5254,#4291,#4292);
#3948=AXIS2_PLACEMENT_3D('',#5260,#4296,#4297);
#3949=AXIS2_PLACEMENT_3D('',#5266,#4301,#4302);
#3950=AXIS2_PLACEMENT_3D('',#5272,#4306,#4307);
#3951=AXIS2_PLACEMENT_3D('',#5278,#4311,#4312);
#3952=AXIS2_PLACEMENT_3D('',#5284,#4316,#4317);
#3953=AXIS2_PLACEMENT_3D('',#5287,#4320,#4321);
#3954=AXIS2_PLACEMENT_3D('',#5329,#4325,#4326);
#3955=AXIS2_PLACEMENT_3D('',#5335,#4330,#4331);
#3956=AXIS2_PLACEMENT_3D('',#5341,#4335,#4336);
#3957=AXIS2_PLACEMENT_3D('',#5423,#4344,#4345);
#3958=AXIS2_PLACEMENT_3D('',#5429,#4349,#4350);
#3959=AXIS2_PLACEMENT_3D('',#5435,#4354,#4355);
#3960=AXIS2_PLACEMENT_3D('',#5498,#4362,#4363);
#3961=AXIS2_PLACEMENT_3D('',#5504,#4367,#4368);
#3962=AXIS2_PLACEMENT_3D('',#5510,#4372,#4373);
#3963=AXIS2_PLACEMENT_3D('',#5573,#4380,#4381);
#3964=AXIS2_PLACEMENT_3D('',#5614,#4386,#4387);
#3965=AXIS2_PLACEMENT_3D('',#5615,#4388,#4389);
#3966=AXIS2_PLACEMENT_3D('',#5624,#4394,#4395);
#3967=AXIS2_PLACEMENT_3D('',#5630,#4399,#4400);
#3968=AXIS2_PLACEMENT_3D('',#5636,#4404,#4405);
#3969=AXIS2_PLACEMENT_3D('',#5639,#4408,#4409);
#3970=AXIS2_PLACEMENT_3D('',#5640,#4410,#4411);
#3971=AXIS2_PLACEMENT_3D('',#5763,#4422,#4423);
#3972=AXIS2_PLACEMENT_3D('',#5769,#4427,#4428);
#3973=AXIS2_PLACEMENT_3D('',#5870,#4437,#4438);
#3974=AXIS2_PLACEMENT_3D('',#5876,#4442,#4443);
#3975=AXIS2_PLACEMENT_3D('',#5882,#4447,#4448);
#3976=AXIS2_PLACEMENT_3D('',#5885,#4451,#4452);
#3977=AXIS2_PLACEMENT_3D('',#5886,#4453,#4454);
#3978=AXIS2_PLACEMENT_3D('',#5908,#4465,#4466);
#3979=AXIS2_PLACEMENT_3D('',#5910,#4467,#4468);
#3980=AXIS2_PLACEMENT_3D('',#5912,#4469,#4470);
#3981=AXIS2_PLACEMENT_3D('',#5914,#4471,#4472);
#3982=AXIS2_PLACEMENT_3D('',#5915,#4473,#4474);
#3983=AXIS2_PLACEMENT_3D('',#5916,#4475,#4476);
#3984=AXIS2_PLACEMENT_3D('',#5918,#4477,#4478);
#3985=AXIS2_PLACEMENT_3D('',#5921,#4480,#4481);
#3986=AXIS2_PLACEMENT_3D('',#5922,#4482,#4483);
#3987=AXIS2_PLACEMENT_3D('',#5924,#4484,#4485);
#3988=AXIS2_PLACEMENT_3D('',#5925,#4486,#4487);
#3989=AXIS2_PLACEMENT_3D('',#5929,#4489,#4490);
#3990=AXIS2_PLACEMENT_3D('',#5930,#4491,#4492);
#3991=AXIS2_PLACEMENT_3D('',#5931,#4493,#4494);
#3992=AXIS2_PLACEMENT_3D('',#5933,#4495,#4496);
#3993=AXIS2_PLACEMENT_3D('',#5936,#4498,#4499);
#3994=AXIS2_PLACEMENT_3D('',#5937,#4500,#4501);
#3995=AXIS2_PLACEMENT_3D('',#5939,#4502,#4503);
#3996=AXIS2_PLACEMENT_3D('',#5940,#4504,#4505);
#3997=AXIS2_PLACEMENT_3D('',#5944,#4507,#4508);
#3998=AXIS2_PLACEMENT_3D('',#5945,#4509,#4510);
#3999=AXIS2_PLACEMENT_3D('',#5946,#4511,#4512);
#4000=AXIS2_PLACEMENT_3D('',#5955,#4517,#4518);
#4001=AXIS2_PLACEMENT_3D('',#5961,#4522,#4523);
#4002=AXIS2_PLACEMENT_3D('',#5967,#4527,#4528);
#4003=AXIS2_PLACEMENT_3D('',#5973,#4532,#4533);
#4004=AXIS2_PLACEMENT_3D('',#5979,#4537,#4538);
#4005=AXIS2_PLACEMENT_3D('',#5985,#4542,#4543);
#4006=AXIS2_PLACEMENT_3D('',#5991,#4547,#4548);
#4007=AXIS2_PLACEMENT_3D('',#5994,#4551,#4552);
#4008=AXIS2_PLACEMENT_3D('',#6000,#4556,#4557);
#4009=AXIS2_PLACEMENT_3D('',#6009,#4563,#4564);
#4010=AXIS2_PLACEMENT_3D('',#6011,#4566,#4567);
#4011=AXIS2_PLACEMENT_3D('',#6013,#4569,#4570);
#4012=AXIS2_PLACEMENT_3D('',#6015,#4571,#4572);
#4013=AXIS2_PLACEMENT_3D('',#6017,#4573,#4574);
#4014=AXIS2_PLACEMENT_3D('',#6019,#4575,#4576);
#4015=AXIS2_PLACEMENT_3D('',#6021,#4577,#4578);
#4016=AXIS2_PLACEMENT_3D('',#6023,#4579,#4580);
#4017=AXIS2_PLACEMENT_3D('',#6024,#4581,#4582);
#4018=AXIS2_PLACEMENT_3D('',#6026,#4583,#4584);
#4019=AXIS2_PLACEMENT_3D('',#6029,#4586,#4587);
#4020=AXIS2_PLACEMENT_3D('',#6030,#4588,#4589);
#4021=AXIS2_PLACEMENT_3D('',#6040,#4594,#4595);
#4022=AXIS2_PLACEMENT_3D('',#6042,#4596,#4597);
#4023=AXIS2_PLACEMENT_3D('',#6044,#4598,#4599);
#4024=AXIS2_PLACEMENT_3D('',#6045,#4600,#4601);
#4025=AXIS2_PLACEMENT_3D('',#6047,#4602,#4603);
#4026=AXIS2_PLACEMENT_3D('',#6221,#4605,#4606);
#4027=AXIS2_PLACEMENT_3D('',#6224,#4608,#4609);
#4028=AXIS2_PLACEMENT_3D('',#6225,#4610,#4611);
#4029=AXIS2_PLACEMENT_3D('',#6227,#4612,#4613);
#4030=AXIS2_PLACEMENT_3D('',#6401,#4615,#4616);
#4031=AXIS2_PLACEMENT_3D('',#6404,#4618,#4619);
#4032=AXIS2_PLACEMENT_3D('',#6405,#4620,#4621);
#4033=AXIS2_PLACEMENT_3D('',#6407,#4622,#4623);
#4034=AXIS2_PLACEMENT_3D('',#6593,#4625,#4626);
#4035=AXIS2_PLACEMENT_3D('',#6596,#4628,#4629);
#4036=AXIS2_PLACEMENT_3D('',#6597,#4630,#4631);
#4037=AXIS2_PLACEMENT_3D('',#6599,#4632,#4633);
#4038=AXIS2_PLACEMENT_3D('',#6785,#4635,#4636);
#4039=AXIS2_PLACEMENT_3D('',#6787,#4637,#4638);
#4040=AXIS2_PLACEMENT_3D('',#6790,#4640,#4641);
#4041=AXIS2_PLACEMENT_3D('',#6791,#4642,#4643);
#4042=AXIS2_PLACEMENT_3D('',#6806,#4651,#4652);
#4043=AXIS2_PLACEMENT_3D('',#6808,#4653,#4654);
#4044=AXIS2_PLACEMENT_3D('',#6810,#4655,#4656);
#4045=AXIS2_PLACEMENT_3D('',#6812,#4657,#4658);
#4046=AXIS2_PLACEMENT_3D('',#6813,#4659,#4660);
#4047=AXIS2_PLACEMENT_3D('',#6815,#4662,#4663);
#4048=AXIS2_PLACEMENT_3D('',#6818,#4665,#4666);
#4049=AXIS2_PLACEMENT_3D('',#6819,#4667,#4668);
#4050=AXIS2_PLACEMENT_3D('',#6821,#4670,#4671);
#4051=AXIS2_PLACEMENT_3D('',#6824,#4673,#4674);
#4052=AXIS2_PLACEMENT_3D('',#6825,#4675,#4676);
#4053=AXIS2_PLACEMENT_3D('',#6827,#4678,#4679);
#4054=AXIS2_PLACEMENT_3D('',#6830,#4681,#4682);
#4055=AXIS2_PLACEMENT_3D('',#6831,#4683,#4684);
#4056=AXIS2_PLACEMENT_3D('',#6833,#4686,#4687);
#4057=AXIS2_PLACEMENT_3D('',#6836,#4689,#4690);
#4058=AXIS2_PLACEMENT_3D('',#6837,#4691,#4692);
#4059=AXIS2_PLACEMENT_3D('',#6838,#4693,#4694);
#4060=AXIS2_PLACEMENT_3D('',#6840,#4696,#4697);
#4061=AXIS2_PLACEMENT_3D('',#6843,#4699,#4700);
#4062=AXIS2_PLACEMENT_3D('',#6844,#4701,#4702);
#4063=AXIS2_PLACEMENT_3D('',#6846,#4704,#4705);
#4064=AXIS2_PLACEMENT_3D('',#6849,#4707,#4708);
#4065=AXIS2_PLACEMENT_3D('',#6850,#4709,#4710);
#4066=AXIS2_PLACEMENT_3D('',#6852,#4712,#4713);
#4067=AXIS2_PLACEMENT_3D('',#6855,#4715,#4716);
#4068=AXIS2_PLACEMENT_3D('',#6856,#4717,#4718);
#4069=AXIS2_PLACEMENT_3D('',#6858,#4720,#4721);
#4070=AXIS2_PLACEMENT_3D('',#6863,#4725,#4726);
#4071=AXIS2_PLACEMENT_3D('',#6868,#4730,#4731);
#4072=AXIS2_PLACEMENT_3D('',#6873,#4735,#4736);
#4073=AXIS2_PLACEMENT_3D('',#6878,#4740,#4741);
#4074=AXIS2_PLACEMENT_3D('',#6879,#4742,#4743);
#4075=AXIS2_PLACEMENT_3D('',#6883,#4746,#4747);
#4076=AXIS2_PLACEMENT_3D('',#6888,#4751,#4752);
#4077=AXIS2_PLACEMENT_3D('',#6890,#4754,#4755);
#4078=AXIS2_PLACEMENT_3D('',#6892,#4757,#4758);
#4079=AXIS2_PLACEMENT_3D('',#6893,#4759,#4760);
#4080=AXIS2_PLACEMENT_3D('',#6895,#4762,#4763);
#4081=AXIS2_PLACEMENT_3D('',#6899,#4766,#4767);
#4082=AXIS2_PLACEMENT_3D('',#6903,#4770,#4771);
#4083=AXIS2_PLACEMENT_3D('',#6906,#4774,#4775);
#4084=AXIS2_PLACEMENT_3D('',#6908,#4776,#4777);
#4085=AXIS2_PLACEMENT_3D('',#6910,#4778,#4779);
#4086=AXIS2_PLACEMENT_3D('',#6911,#4780,#4781);
#4087=AXIS2_PLACEMENT_3D('',#6912,#4782,#4783);
#4088=AXIS2_PLACEMENT_3D('',#6913,#4784,#4785);
#4089=AXIS2_PLACEMENT_3D('',#6919,#4789,#4790);
#4090=AXIS2_PLACEMENT_3D('',#6923,#4793,#4794);
#4091=AXIS2_PLACEMENT_3D('',#6929,#4798,#4799);
#4092=AXIS2_PLACEMENT_3D('',#6932,#4802,#4803);
#4093=AXIS2_PLACEMENT_3D('',#6938,#4808,#4809);
#4094=AXIS2_PLACEMENT_3D('',#6939,#4810,#4811);
#4095=AXIS2_PLACEMENT_3D('',#6941,#4812,#4813);
#4096=AXIS2_PLACEMENT_3D('',#6944,#4815,#4816);
#4097=AXIS2_PLACEMENT_3D('',#6945,#4817,#4818);
#4098=AXIS2_PLACEMENT_3D('',#6948,#4819,#4820);
#4099=AXIS2_PLACEMENT_3D('',#6949,#4821,#4822);
#4100=AXIS2_PLACEMENT_3D('',#6952,#4824,#4825);
#4101=AXIS2_PLACEMENT_3D('',#6953,#4826,#4827);
#4102=AXIS2_PLACEMENT_3D('',#6954,#4828,#4829);
#4103=AXIS2_PLACEMENT_3D('',#6963,#4834,#4835);
#4104=AXIS2_PLACEMENT_3D('',#6969,#4839,#4840);
#4105=AXIS2_PLACEMENT_3D('',#6975,#4844,#4845);
#4106=AXIS2_PLACEMENT_3D('',#6981,#4849,#4850);
#4107=AXIS2_PLACEMENT_3D('',#6987,#4854,#4855);
#4108=AXIS2_PLACEMENT_3D('',#6990,#4858,#4859);
#4109=AXIS2_PLACEMENT_3D('',#6991,#4860,#4861);
#4110=AXIS2_PLACEMENT_3D('',#7000,#4866,#4867);
#4111=AXIS2_PLACEMENT_3D('',#7006,#4871,#4872);
#4112=AXIS2_PLACEMENT_3D('',#7012,#4876,#4877);
#4113=AXIS2_PLACEMENT_3D('',#7018,#4881,#4882);
#4114=AXIS2_PLACEMENT_3D('',#7024,#4886,#4887);
#4115=AXIS2_PLACEMENT_3D('',#7027,#4890,#4891);
#4116=AXIS2_PLACEMENT_3D('',#7028,#4892,#4893);
#4117=AXIS2_PLACEMENT_3D('',#7030,#4894,#4895);
#4118=AXIS2_PLACEMENT_3D('',#7033,#4897,#4898);
#4119=AXIS2_PLACEMENT_3D('',#7034,#4899,#4900);
#4120=AXIS2_PLACEMENT_3D('',#7036,#4901,#4902);
#4121=AXIS2_PLACEMENT_3D('',#7037,#4903,#4904);
#4122=AXIS2_PLACEMENT_3D('',#7039,#4905,#4906);
#4123=AXIS2_PLACEMENT_3D('',#7041,#4908,#4909);
#4124=AXIS2_PLACEMENT_3D('',#7043,#4910,#4911);
#4125=AXIS2_PLACEMENT_3D('',#7046,#4913,#4914);
#4126=AXIS2_PLACEMENT_3D('',#7047,#4915,#4916);
#4127=AXIS2_PLACEMENT_3D('',#7050,#4917,#4918);
#4128=AXIS2_PLACEMENT_3D('',#7051,#4919,#4920);
#4129=AXIS2_PLACEMENT_3D('',#7054,#4922,#4923);
#4130=AXIS2_PLACEMENT_3D('',#7055,#4924,#4925);
#4131=AXIS2_PLACEMENT_3D('',#7056,#4926,#4927);
#4132=AXIS2_PLACEMENT_3D('',#7065,#4932,#4933);
#4133=AXIS2_PLACEMENT_3D('',#7071,#4937,#4938);
#4134=AXIS2_PLACEMENT_3D('',#7077,#4942,#4943);
#4135=AXIS2_PLACEMENT_3D('',#7083,#4947,#4948);
#4136=AXIS2_PLACEMENT_3D('',#7089,#4952,#4953);
#4137=AXIS2_PLACEMENT_3D('',#7092,#4956,#4957);
#4138=AXIS2_PLACEMENT_3D('',#7093,#4958,#4959);
#4139=AXIS2_PLACEMENT_3D('',#7102,#4964,#4965);
#4140=AXIS2_PLACEMENT_3D('',#7108,#4969,#4970);
#4141=AXIS2_PLACEMENT_3D('',#7114,#4974,#4975);
#4142=AXIS2_PLACEMENT_3D('',#7120,#4979,#4980);
#4143=AXIS2_PLACEMENT_3D('',#7126,#4984,#4985);
#4144=AXIS2_PLACEMENT_3D('',#7129,#4988,#4989);
#4145=AXIS2_PLACEMENT_3D('',#7130,#4990,#4991);
#4146=AXIS2_PLACEMENT_3D('',#7132,#4992,#4993);
#4147=AXIS2_PLACEMENT_3D('',#7135,#4995,#4996);
#4148=AXIS2_PLACEMENT_3D('',#7136,#4997,#4998);
#4149=AXIS2_PLACEMENT_3D('',#7138,#4999,#5000);
#4150=AXIS2_PLACEMENT_3D('',#7141,#5002,#5003);
#4151=AXIS2_PLACEMENT_3D('',#7142,#5004,#5005);
#4152=AXIS2_PLACEMENT_3D('',#7143,#5006,#5007);
#4153=AXIS2_PLACEMENT_3D('',#7145,#5009,#5010);
#4154=AXIS2_PLACEMENT_3D('',#7147,#5012,#5013);
#4155=AXIS2_PLACEMENT_3D('',#7149,#5015,#5016);
#4156=AXIS2_PLACEMENT_3D('',#7151,#5018,#5019);
#4157=AXIS2_PLACEMENT_3D('',#7152,#5020,#5021);
#4158=AXIS2_PLACEMENT_3D('',#7153,#5022,#5023);
#4159=AXIS2_PLACEMENT_3D('',#7154,#5024,#5025);
#4160=AXIS2_PLACEMENT_3D('',#7155,#5026,#5027);
#4161=AXIS2_PLACEMENT_3D('',#7157,#5028,#5029);
#4162=AXIS2_PLACEMENT_3D('',#7160,#5031,#5032);
#4163=AXIS2_PLACEMENT_3D('',#7161,#5033,#5034);
#4164=AXIS2_PLACEMENT_3D('',#7163,#5035,#5036);
#4165=AXIS2_PLACEMENT_3D('',#7164,#5037,#5038);
#4166=AXIS2_PLACEMENT_3D('',#7166,#5039,#5040);
#4167=AXIS2_PLACEMENT_3D('',#7169,#5042,#5043);
#4168=AXIS2_PLACEMENT_3D('',#7170,#5044,#5045);
#4169=AXIS2_PLACEMENT_3D('',#7172,#5046,#5047);
#4170=AXIS2_PLACEMENT_3D('',#7173,#5048,#5049);
#4171=AXIS2_PLACEMENT_3D('',#7175,#5051,#5052);
#4172=AXIS2_PLACEMENT_3D('',#7177,#5054,#5055);
#4173=AXIS2_PLACEMENT_3D('',#7179,#5057,#5058);
#4174=AXIS2_PLACEMENT_3D('',#7181,#5060,#5061);
#4175=AXIS2_PLACEMENT_3D('',#7183,#5062,#5063);
#4176=AXIS2_PLACEMENT_3D('',#7184,#5064,#5065);
#4177=AXIS2_PLACEMENT_3D('',#7185,#5066,#5067);
#4178=AXIS2_PLACEMENT_3D('',#7188,#5068,#5069);
#4179=AXIS2_PLACEMENT_3D('',#7189,#5070,#5071);
#4180=AXIS2_PLACEMENT_3D('',#7191,#5073,#5074);
#4181=AXIS2_PLACEMENT_3D('',#7192,#5075,#5076);
#4182=AXIS2_PLACEMENT_3D('',#7193,#5077,#5078);
#4183=AXIS2_PLACEMENT_3D('',#7197,#5081,#5082);
#4184=AXIS2_PLACEMENT_3D('',#7198,#5083,#5084);
#4185=AXIS2_PLACEMENT_3D('',#7200,#5086,#5087);
#4186=AXIS2_PLACEMENT_3D('',#7201,#5088,#5089);
#4187=AXIS2_PLACEMENT_3D('',#7203,#5090,#5091);
#4188=AXIS2_PLACEMENT_3D('',#7206,#5093,#5094);
#4189=AXIS2_PLACEMENT_3D('',#7207,#5095,#5096);
#4190=AXIS2_PLACEMENT_3D('',#7208,#5097,#5098);
#4191=AXIS2_PLACEMENT_3D('',#7210,#5099,#5100);
#4192=AXIS2_PLACEMENT_3D('',#7213,#5102,#5103);
#4193=AXIS2_PLACEMENT_3D('',#7214,#5104,#5105);
#4194=AXIS2_PLACEMENT_3D('',#7215,#5106,#5107);
#4195=AXIS2_PLACEMENT_3D('',#7217,#5109,#5110);
#4196=AXIS2_PLACEMENT_3D('',#7219,#5112,#5113);
#4197=AXIS2_PLACEMENT_3D('',#7222,#5115,#5116);
#4198=AXIS2_PLACEMENT_3D('',#7223,#5117,#5118);
#4199=AXIS2_PLACEMENT_3D('',#7224,#5119,#5120);
#4200=AXIS2_PLACEMENT_3D('',#7227,#5122,#5123);
#4201=AXIS2_PLACEMENT_3D('',#7228,#5124,#5125);
#4202=AXIS2_PLACEMENT_3D('',#7229,#5126,#5127);
#4203=AXIS2_PLACEMENT_3D('',#7231,#5129,#5130);
#4204=AXIS2_PLACEMENT_3D('',#7233,#5132,#5133);
#4205=DIRECTION('axis',(0.,0.,1.));
#4206=DIRECTION('refdir',(1.,0.,0.));
#4207=DIRECTION('center_axis',(-1.,0.,0.));
#4208=DIRECTION('ref_axis',(0.,-1.,0.));
#4209=DIRECTION('',(0.,1.,0.));
#4210=DIRECTION('',(0.,0.,1.));
#4211=DIRECTION('',(0.,-1.,0.));
#4212=DIRECTION('',(0.,0.,1.));
#4213=DIRECTION('center_axis',(0.,1.,0.));
#4214=DIRECTION('ref_axis',(-1.,0.,0.));
#4215=DIRECTION('',(1.,0.,0.));
#4216=DIRECTION('',(-1.,0.,0.));
#4217=DIRECTION('',(0.,0.,1.));
#4218=DIRECTION('center_axis',(-1.,0.,0.));
#4219=DIRECTION('ref_axis',(0.,-1.,0.));
#4220=DIRECTION('',(0.,1.,0.));
#4221=DIRECTION('',(0.,-1.,0.));
#4222=DIRECTION('',(0.,0.,1.));
#4223=DIRECTION('center_axis',(0.,-1.,0.));
#4224=DIRECTION('ref_axis',(1.,0.,0.));
#4225=DIRECTION('',(-1.,0.,0.));
#4226=DIRECTION('',(1.,0.,0.));
#4227=DIRECTION('',(0.,0.,1.));
#4228=DIRECTION('center_axis',(-1.,0.,0.));
#4229=DIRECTION('ref_axis',(0.,-1.,0.));
#4230=DIRECTION('',(0.,1.,0.));
#4231=DIRECTION('',(0.,-1.,0.));
#4232=DIRECTION('',(0.,0.,1.));
#4233=DIRECTION('',(0.,0.,1.));
#4234=DIRECTION('center_axis',(0.,1.,0.));
#4235=DIRECTION('ref_axis',(-1.,0.,0.));
#4236=DIRECTION('',(1.,0.,0.));
#4237=DIRECTION('',(-1.,0.,0.));
#4238=DIRECTION('',(0.,0.,1.));
#4239=DIRECTION('center_axis',(1.,0.,0.));
#4240=DIRECTION('ref_axis',(0.,1.,0.));
#4241=DIRECTION('',(0.,-1.,0.));
#4242=DIRECTION('',(0.,1.,0.));
#4243=DIRECTION('',(0.,0.,1.));
#4244=DIRECTION('center_axis',(0.,1.,0.));
#4245=DIRECTION('ref_axis',(-1.,0.,0.));
#4246=DIRECTION('',(1.,0.,0.));
#4247=DIRECTION('',(-1.,0.,0.));
#4248=DIRECTION('',(0.,0.,1.));
#4249=DIRECTION('center_axis',(1.,0.,0.));
#4250=DIRECTION('ref_axis',(0.,1.,0.));
#4251=DIRECTION('',(0.,-1.,0.));
#4252=DIRECTION('',(0.,1.,0.));
#4253=DIRECTION('',(0.,0.,1.));
#4254=DIRECTION('center_axis',(0.,-1.,0.));
#4255=DIRECTION('ref_axis',(1.,0.,0.));
#4256=DIRECTION('',(-1.,0.,0.));
#4257=DIRECTION('',(1.,0.,0.));
#4258=DIRECTION('center_axis',(0.,0.,1.));
#4259=DIRECTION('ref_axis',(1.,0.,0.));
#4260=DIRECTION('center_axis',(-0.786318338822422,-0.617821551931905,0.));
#4261=DIRECTION('ref_axis',(0.617821551931905,-0.786318338822422,0.));
#4262=DIRECTION('',(-0.617821551931905,0.786318338822422,0.));
#4263=DIRECTION('',(0.,0.,1.));
#4264=DIRECTION('',(0.617821551931905,-0.786318338822422,0.));
#4265=DIRECTION('',(0.,0.,1.));
#4266=DIRECTION('center_axis',(0.747409318683663,-0.664363838829917,0.));
#4267=DIRECTION('ref_axis',(0.664363838829917,0.747409318683663,0.));
#4268=DIRECTION('',(-0.664363838829917,-0.747409318683663,0.));
#4269=DIRECTION('',(0.664363838829917,0.747409318683663,0.));
#4270=DIRECTION('',(0.,0.,1.));
#4271=DIRECTION('center_axis',(1.,0.,0.));
#4272=DIRECTION('ref_axis',(0.,1.,0.));
#4273=DIRECTION('',(0.,-1.,0.));
#4274=DIRECTION('',(0.,1.,0.));
#4275=DIRECTION('',(0.,0.,1.));
#4276=DIRECTION('center_axis',(0.,-1.,0.));
#4277=DIRECTION('ref_axis',(1.,0.,0.));
#4278=DIRECTION('',(-1.,0.,0.));
#4279=DIRECTION('',(1.,0.,0.));
#4280=DIRECTION('',(0.,0.,1.));
#4281=DIRECTION('center_axis',(-1.,0.,0.));
#4282=DIRECTION('ref_axis',(0.,-1.,0.));
#4283=DIRECTION('',(0.,1.,0.));
#4284=DIRECTION('',(0.,-1.,0.));
#4285=DIRECTION('',(0.,0.,1.));
#4286=DIRECTION('center_axis',(0.,1.,0.));
#4287=DIRECTION('ref_axis',(-1.,0.,0.));
#4288=DIRECTION('',(1.,0.,0.));
#4289=DIRECTION('',(-1.,0.,0.));
#4290=DIRECTION('',(0.,0.,1.));
#4291=DIRECTION('center_axis',(1.,0.,0.));
#4292=DIRECTION('ref_axis',(0.,1.,0.));
#4293=DIRECTION('',(0.,-1.,0.));
#4294=DIRECTION('',(0.,1.,0.));
#4295=DIRECTION('',(0.,0.,1.));
#4296=DIRECTION('center_axis',(-0.746101072885279,0.665832703491977,0.));
#4297=DIRECTION('ref_axis',(-0.665832703491977,-0.746101072885279,0.));
#4298=DIRECTION('',(0.665832703491977,0.746101072885279,0.));
#4299=DIRECTION('',(-0.665832703491977,-0.746101072885279,0.));
#4300=DIRECTION('',(0.,0.,1.));
#4301=DIRECTION('center_axis',(0.,1.,0.));
#4302=DIRECTION('ref_axis',(-1.,0.,0.));
#4303=DIRECTION('',(1.,0.,0.));
#4304=DIRECTION('',(-1.,0.,0.));
#4305=DIRECTION('',(0.,0.,1.));
#4306=DIRECTION('center_axis',(0.733219903239951,-0.679991598104563,0.));
#4307=DIRECTION('ref_axis',(0.679991598104563,0.733219903239951,0.));
#4308=DIRECTION('',(-0.679991598104563,-0.733219903239951,0.));
#4309=DIRECTION('',(0.679991598104563,0.733219903239951,0.));
#4310=DIRECTION('',(0.,0.,1.));
#4311=DIRECTION('center_axis',(0.783882889412984,0.620908701570167,0.));
#4312=DIRECTION('ref_axis',(-0.620908701570167,0.783882889412984,0.));
#4313=DIRECTION('',(0.620908701570167,-0.783882889412984,0.));
#4314=DIRECTION('',(-0.620908701570167,0.783882889412984,0.));
#4315=DIRECTION('',(0.,0.,1.));
#4316=DIRECTION('center_axis',(0.,-1.,0.));
#4317=DIRECTION('ref_axis',(1.,0.,0.));
#4318=DIRECTION('',(-1.,0.,0.));
#4319=DIRECTION('',(1.,0.,0.));
#4320=DIRECTION('center_axis',(0.,0.,1.));
#4321=DIRECTION('ref_axis',(1.,0.,0.));
#4322=DIRECTION('',(0.,0.,1.));
#4323=DIRECTION('',(0.,0.,1.));
#4324=DIRECTION('',(0.,0.,1.));
#4325=DIRECTION('center_axis',(0.,-1.,0.));
#4326=DIRECTION('ref_axis',(1.,0.,0.));
#4327=DIRECTION('',(1.,0.,0.));
#4328=DIRECTION('',(0.,0.,1.));
#4329=DIRECTION('',(-1.,0.,0.));
#4330=DIRECTION('center_axis',(-1.,0.,0.));
#4331=DIRECTION('ref_axis',(0.,-1.,0.));
#4332=DIRECTION('',(0.,-1.,0.));
#4333=DIRECTION('',(0.,0.,1.));
#4334=DIRECTION('',(0.,1.,0.));
#4335=DIRECTION('center_axis',(0.,1.,0.));
#4336=DIRECTION('ref_axis',(-1.,0.,0.));
#4337=DIRECTION('',(-1.,0.,0.));
#4338=DIRECTION('',(0.,0.,1.));
#4339=DIRECTION('',(1.,0.,0.));
#4340=DIRECTION('',(0.,0.,1.));
#4341=DIRECTION('',(0.,0.,1.));
#4342=DIRECTION('',(0.,0.,1.));
#4343=DIRECTION('',(0.,0.,1.));
#4344=DIRECTION('center_axis',(0.,-1.,0.));
#4345=DIRECTION('ref_axis',(1.,0.,0.));
#4346=DIRECTION('',(1.,0.,0.));
#4347=DIRECTION('',(0.,0.,1.));
#4348=DIRECTION('',(-1.,0.,0.));
#4349=DIRECTION('center_axis',(-1.,0.,0.));
#4350=DIRECTION('ref_axis',(0.,-1.,0.));
#4351=DIRECTION('',(0.,-1.,0.));
#4352=DIRECTION('',(0.,0.,1.));
#4353=DIRECTION('',(0.,1.,0.));
#4354=DIRECTION('center_axis',(0.,1.,0.));
#4355=DIRECTION('ref_axis',(-1.,0.,0.));
#4356=DIRECTION('',(-1.,0.,0.));
#4357=DIRECTION('',(0.,0.,1.));
#4358=DIRECTION('',(1.,0.,0.));
#4359=DIRECTION('',(0.,0.,1.));
#4360=DIRECTION('',(0.,0.,1.));
#4361=DIRECTION('',(0.,0.,1.));
#4362=DIRECTION('center_axis',(0.,-1.,0.));
#4363=DIRECTION('ref_axis',(1.,0.,0.));
#4364=DIRECTION('',(-1.,0.,0.));
#4365=DIRECTION('',(1.,0.,0.));
#4366=DIRECTION('',(0.,0.,1.));
#4367=DIRECTION('center_axis',(-1.,0.,0.));
#4368=DIRECTION('ref_axis',(0.,-1.,0.));
#4369=DIRECTION('',(0.,1.,0.));
#4370=DIRECTION('',(0.,-1.,0.));
#4371=DIRECTION('',(0.,0.,1.));
#4372=DIRECTION('center_axis',(0.,1.,0.));
#4373=DIRECTION('ref_axis',(-1.,0.,0.));
#4374=DIRECTION('',(1.,0.,0.));
#4375=DIRECTION('',(-1.,0.,0.));
#4376=DIRECTION('',(0.,0.,1.));
#4377=DIRECTION('',(0.,0.,1.));
#4378=DIRECTION('',(0.,0.,1.));
#4379=DIRECTION('',(0.,0.,1.));
#4380=DIRECTION('center_axis',(1.,0.,0.));
#4381=DIRECTION('ref_axis',(0.,1.,0.));
#4382=DIRECTION('',(0.,-1.,0.));
#4383=DIRECTION('',(0.,1.,0.));
#4384=DIRECTION('',(0.,0.,1.));
#4385=DIRECTION('',(0.,0.,1.));
#4386=DIRECTION('center_axis',(0.,0.,1.));
#4387=DIRECTION('ref_axis',(1.,0.,0.));
#4388=DIRECTION('center_axis',(-1.,0.,0.));
#4389=DIRECTION('ref_axis',(0.,-1.,0.));
#4390=DIRECTION('',(0.,1.,0.));
#4391=DIRECTION('',(0.,0.,1.));
#4392=DIRECTION('',(0.,-1.,0.));
#4393=DIRECTION('',(0.,0.,1.));
#4394=DIRECTION('center_axis',(0.,1.,0.));
#4395=DIRECTION('ref_axis',(-1.,0.,0.));
#4396=DIRECTION('',(1.,0.,0.));
#4397=DIRECTION('',(-1.,0.,0.));
#4398=DIRECTION('',(0.,0.,1.));
#4399=DIRECTION('center_axis',(1.,0.,0.));
#4400=DIRECTION('ref_axis',(0.,1.,0.));
#4401=DIRECTION('',(0.,-1.,0.));
#4402=DIRECTION('',(0.,1.,0.));
#4403=DIRECTION('',(0.,0.,1.));
#4404=DIRECTION('center_axis',(0.,-1.,0.));
#4405=DIRECTION('ref_axis',(1.,0.,0.));
#4406=DIRECTION('',(-1.,0.,0.));
#4407=DIRECTION('',(1.,0.,0.));
#4408=DIRECTION('center_axis',(0.,0.,1.));
#4409=DIRECTION('ref_axis',(1.,0.,0.));
#4410=DIRECTION('center_axis',(-1.,0.,0.));
#4411=DIRECTION('ref_axis',(0.,-1.,0.));
#4412=DIRECTION('',(0.,1.,0.));
#4413=DIRECTION('',(0.,0.,1.));
#4414=DIRECTION('',(0.,-1.,0.));
#4415=DIRECTION('',(0.,0.,1.));
#4416=DIRECTION('',(0.,0.,1.));
#4417=DIRECTION('',(0.,0.,1.));
#4418=DIRECTION('',(0.,0.,1.));
#4419=DIRECTION('',(0.,0.,1.));
#4420=DIRECTION('',(0.,0.,1.));
#4421=DIRECTION('',(0.,0.,1.));
#4422=DIRECTION('center_axis',(0.,-1.,0.));
#4423=DIRECTION('ref_axis',(1.,0.,0.));
#4424=DIRECTION('',(-1.,0.,0.));
#4425=DIRECTION('',(1.,0.,0.));
#4426=DIRECTION('',(0.,0.,1.));
#4427=DIRECTION('center_axis',(-1.,0.,0.));
#4428=DIRECTION('ref_axis',(0.,-1.,0.));
#4429=DIRECTION('',(0.,1.,0.));
#4430=DIRECTION('',(0.,-1.,0.));
#4431=DIRECTION('',(0.,0.,1.));
#4432=DIRECTION('',(0.,0.,1.));
#4433=DIRECTION('',(0.,0.,1.));
#4434=DIRECTION('',(0.,0.,1.));
#4435=DIRECTION('',(0.,0.,1.));
#4436=DIRECTION('',(0.,0.,1.));
#4437=DIRECTION('center_axis',(0.,1.,0.));
#4438=DIRECTION('ref_axis',(-1.,0.,0.));
#4439=DIRECTION('',(1.,0.,0.));
#4440=DIRECTION('',(-1.,0.,0.));
#4441=DIRECTION('',(0.,0.,1.));
#4442=DIRECTION('center_axis',(1.,0.,0.));
#4443=DIRECTION('ref_axis',(0.,1.,0.));
#4444=DIRECTION('',(0.,-1.,0.));
#4445=DIRECTION('',(0.,1.,0.));
#4446=DIRECTION('',(0.,0.,1.));
#4447=DIRECTION('center_axis',(0.,-1.,0.));
#4448=DIRECTION('ref_axis',(1.,0.,0.));
#4449=DIRECTION('',(-1.,0.,0.));
#4450=DIRECTION('',(1.,0.,0.));
#4451=DIRECTION('center_axis',(0.,0.,1.));
#4452=DIRECTION('ref_axis',(1.,0.,0.));
#4453=DIRECTION('center_axis',(0.,0.,1.));
#4454=DIRECTION('ref_axis',(1.,0.,0.));
#4455=DIRECTION('',(1.36642833800019E-16,-1.,0.));
#4456=DIRECTION('',(-1.,0.,0.));
#4457=DIRECTION('',(0.,-1.,0.));
#4458=DIRECTION('',(-0.707106781186548,-0.707106781186548,0.));
#4459=DIRECTION('',(-1.,0.,0.));
#4460=DIRECTION('',(-0.707106781186548,0.707106781186548,0.));
#4461=DIRECTION('',(0.,1.,0.));
#4462=DIRECTION('',(-1.,-3.41607084500048E-16,0.));
#4463=DIRECTION('',(-6.83214169000097E-16,1.,0.));
#4464=DIRECTION('',(-1.,1.18638171013741E-17,0.));
#4465=DIRECTION('center_axis',(0.,0.,1.));
#4466=DIRECTION('ref_axis',(-1.,0.,0.));
#4467=DIRECTION('center_axis',(0.,0.,1.));
#4468=DIRECTION('ref_axis',(-1.,0.,0.));
#4469=DIRECTION('center_axis',(0.,0.,1.));
#4470=DIRECTION('ref_axis',(-1.,0.,0.));
#4471=DIRECTION('center_axis',(0.,0.,1.));
#4472=DIRECTION('ref_axis',(-1.,0.,0.));
#4473=DIRECTION('center_axis',(0.,0.,1.));
#4474=DIRECTION('ref_axis',(1.,0.,0.));
#4475=DIRECTION('center_axis',(0.,0.,-1.));
#4476=DIRECTION('ref_axis',(1.,0.,0.));
#4477=DIRECTION('center_axis',(0.,0.,-1.));
#4478=DIRECTION('ref_axis',(1.,0.,0.));
#4479=DIRECTION('',(0.707106781186548,-8.65956056235494E-17,0.707106781186547));
#4480=DIRECTION('center_axis',(0.,0.,1.));
#4481=DIRECTION('ref_axis',(1.,0.,0.));
#4482=DIRECTION('center_axis',(0.,0.,1.));
#4483=DIRECTION('ref_axis',(1.,0.,0.));
#4484=DIRECTION('center_axis',(0.,0.,-1.));
#4485=DIRECTION('ref_axis',(1.,0.,0.));
#4486=DIRECTION('center_axis',(0.,0.,1.));
#4487=DIRECTION('ref_axis',(1.,0.,0.));
#4488=DIRECTION('',(0.,0.,1.));
#4489=DIRECTION('center_axis',(0.,0.,1.));
#4490=DIRECTION('ref_axis',(1.,0.,0.));
#4491=DIRECTION('center_axis',(0.,0.,1.));
#4492=DIRECTION('ref_axis',(1.,0.,0.));
#4493=DIRECTION('center_axis',(0.,0.,1.));
#4494=DIRECTION('ref_axis',(-1.,0.,0.));
#4495=DIRECTION('center_axis',(0.,0.,1.));
#4496=DIRECTION('ref_axis',(-1.,0.,0.));
#4497=DIRECTION('',(-0.707106781186548,-8.65956056235493E-17,-0.707106781186548));
#4498=DIRECTION('center_axis',(0.,0.,-1.));
#4499=DIRECTION('ref_axis',(-1.,0.,0.));
#4500=DIRECTION('center_axis',(0.,0.,1.));
#4501=DIRECTION('ref_axis',(1.,0.,0.));
#4502=DIRECTION('center_axis',(0.,0.,1.));
#4503=DIRECTION('ref_axis',(-1.,0.,0.));
#4504=DIRECTION('center_axis',(0.,0.,-1.));
#4505=DIRECTION('ref_axis',(-1.,0.,0.));
#4506=DIRECTION('',(0.,0.,-1.));
#4507=DIRECTION('center_axis',(0.,0.,-1.));
#4508=DIRECTION('ref_axis',(-1.,0.,0.));
#4509=DIRECTION('center_axis',(0.,0.,-1.));
#4510=DIRECTION('ref_axis',(-1.,0.,0.));
#4511=DIRECTION('center_axis',(0.,-0.707106781186545,0.70710678118655));
#4512=DIRECTION('ref_axis',(1.,0.,0.));
#4513=DIRECTION('',(-1.,0.,0.));
#4514=DIRECTION('',(-0.281084637714824,-0.67859834454585,-0.678598344545843));
#4515=DIRECTION('',(1.,0.,0.));
#4516=DIRECTION('',(0.281084637714824,-0.678598344545849,-0.678598344545844));
#4517=DIRECTION('center_axis',(-0.499999999999995,-0.499999999999995,0.707106781186555));
#4518=DIRECTION('ref_axis',(0.816496580927732,0.,0.577350269189618));
#4519=DIRECTION('',(-0.707106781186548,0.707106781186548,0.));
#4520=DIRECTION('',(-0.678598344545859,-0.281084637714812,-0.678598344545839));
#4521=DIRECTION('',(0.707106781186548,-0.707106781186548,0.));
#4522=DIRECTION('center_axis',(-0.707106781186529,-2.99065230225473E-16,
0.707106781186566));
#4523=DIRECTION('ref_axis',(0.707106781186566,0.,0.707106781186529));
#4524=DIRECTION('',(-4.22942104619107E-16,1.,0.));
#4525=DIRECTION('',(-0.678598344545842,0.281084637714831,-0.678598344545847));
#4526=DIRECTION('',(4.22942104619107E-16,-1.,0.));
#4527=DIRECTION('center_axis',(-0.499999999999996,0.499999999999996,0.707106781186553));
#4528=DIRECTION('ref_axis',(0.81649658092773,0.,0.577350269189619));
#4529=DIRECTION('',(0.707106781186548,0.707106781186547,0.));
#4530=DIRECTION('',(-0.281084637714814,0.678598344545853,-0.678598344545843));
#4531=DIRECTION('',(-0.707106781186548,-0.707106781186547,0.));
#4532=DIRECTION('center_axis',(0.,0.707106781186542,0.707106781186553));
#4533=DIRECTION('ref_axis',(1.,0.,0.));
#4534=DIRECTION('',(1.,0.,0.));
#4535=DIRECTION('',(0.281084637714823,0.678598344545851,-0.678598344545841));
#4536=DIRECTION('',(-1.,0.,0.));
#4537=DIRECTION('center_axis',(0.499999999999995,0.499999999999995,0.707106781186555));
#4538=DIRECTION('ref_axis',(0.816496580927732,0.,-0.577350269189618));
#4539=DIRECTION('',(-0.707106781186548,0.707106781186547,0.));
#4540=DIRECTION('',(0.707106781186548,-0.707106781186547,0.));
#4541=DIRECTION('',(0.678598344545858,0.281084637714817,-0.678598344545838));
#4542=DIRECTION('center_axis',(0.707106781186558,2.99065230225485E-16,0.707106781186537));
#4543=DIRECTION('ref_axis',(0.707106781186537,0.,-0.707106781186558));
#4544=DIRECTION('',(-4.22942104619107E-16,1.,0.));
#4545=DIRECTION('',(4.22942104619107E-16,-1.,0.));
#4546=DIRECTION('',(0.678598344545841,-0.281084637714835,-0.678598344545846));
#4547=DIRECTION('center_axis',(0.499999999999997,-0.499999999999997,0.707106781186551));
#4548=DIRECTION('ref_axis',(0.816496580927729,0.,-0.577350269189622));
#4549=DIRECTION('',(0.707106781186548,0.707106781186548,0.));
#4550=DIRECTION('',(-0.707106781186548,-0.707106781186548,0.));
#4551=DIRECTION('center_axis',(0.707106781186547,0.707106781186548,0.));
#4552=DIRECTION('ref_axis',(-0.707106781186548,0.707106781186547,0.));
#4553=DIRECTION('',(0.,0.,1.));
#4554=DIRECTION('',(0.707106781186548,-0.707106781186547,0.));
#4555=DIRECTION('',(0.,0.,1.));
#4556=DIRECTION('center_axis',(1.,4.22942104619107E-16,0.));
#4557=DIRECTION('ref_axis',(-4.22942104619107E-16,1.,0.));
#4558=DIRECTION('',(0.,0.,1.));
#4559=DIRECTION('',(0.,0.,1.));
#4560=DIRECTION('',(-4.22942104619107E-16,1.,0.));
#4561=DIRECTION('',(0.,0.,-1.));
#4562=DIRECTION('',(-4.22942104619107E-16,1.,0.));
#4563=DIRECTION('center_axis',(0.707106781186548,-0.707106781186548,0.));
#4564=DIRECTION('ref_axis',(0.707106781186548,0.707106781186548,0.));
#4565=DIRECTION('',(0.,0.,1.));
#4566=DIRECTION('center_axis',(0.,-1.,0.));
#4567=DIRECTION('ref_axis',(1.,0.,0.));
#4568=DIRECTION('',(0.,0.,1.));
#4569=DIRECTION('center_axis',(0.,0.,1.));
#4570=DIRECTION('ref_axis',(1.,0.,0.));
#4571=DIRECTION('center_axis',(0.,0.,1.));
#4572=DIRECTION('ref_axis',(-1.,0.,0.));
#4573=DIRECTION('center_axis',(0.,0.,1.));
#4574=DIRECTION('ref_axis',(-1.,0.,0.));
#4575=DIRECTION('center_axis',(0.,0.,1.));
#4576=DIRECTION('ref_axis',(-1.,0.,0.));
#4577=DIRECTION('center_axis',(0.,0.,1.));
#4578=DIRECTION('ref_axis',(-1.,0.,0.));
#4579=DIRECTION('center_axis',(0.,0.,1.));
#4580=DIRECTION('ref_axis',(-1.,0.,0.));
#4581=DIRECTION('center_axis',(0.,-1.,0.));
#4582=DIRECTION('ref_axis',(-1.,6.18981761810821E-18,0.));
#4583=DIRECTION('center_axis',(-1.18638171013741E-17,-1.,0.));
#4584=DIRECTION('ref_axis',(-1.,1.18638171013741E-17,0.));
#4585=DIRECTION('',(-0.70710678118655,0.707106781186545,-8.65956056235497E-17));
#4586=DIRECTION('center_axis',(1.18638171013741E-17,1.,0.));
#4587=DIRECTION('ref_axis',(-1.,0.,0.));
#4588=DIRECTION('center_axis',(-1.18638171013741E-17,-1.,0.));
#4589=DIRECTION('ref_axis',(1.,-1.18638171013741E-17,0.));
#4590=DIRECTION('',(-1.,1.18638171013741E-17,0.));
#4591=DIRECTION('',(0.,0.,-1.));
#4592=DIRECTION('',(1.,-1.18638171013741E-17,0.));
#4593=DIRECTION('',(0.,0.,1.));
#4594=DIRECTION('center_axis',(-1.18638171013741E-17,-1.,0.));
#4595=DIRECTION('ref_axis',(-1.,1.18638171013741E-17,0.));
#4596=DIRECTION('center_axis',(-1.18638171013741E-17,-1.,0.));
#4597=DIRECTION('ref_axis',(1.,-1.18638171013741E-17,0.));
#4598=DIRECTION('center_axis',(-1.18638171013741E-17,-1.,0.));
#4599=DIRECTION('ref_axis',(1.,-1.18638171013741E-17,0.));
#4600=DIRECTION('center_axis',(0.,-1.,0.));
#4601=DIRECTION('ref_axis',(-1.,0.,0.));
#4602=DIRECTION('center_axis',(0.,1.,0.));
#4603=DIRECTION('ref_axis',(-1.,0.,0.));
#4604=DIRECTION('',(0.,-1.,0.));
#4605=DIRECTION('center_axis',(0.,-1.,0.));
#4606=DIRECTION('ref_axis',(-1.,6.18981761810821E-18,0.));
#4607=DIRECTION('',(-0.70710678118655,0.707106781186545,-8.65956056235497E-17));
#4608=DIRECTION('center_axis',(1.18638171013741E-17,1.,0.));
#4609=DIRECTION('ref_axis',(-1.,0.,0.));
#4610=DIRECTION('center_axis',(0.,-1.,0.));
#4611=DIRECTION('ref_axis',(-1.,0.,0.));
#4612=DIRECTION('center_axis',(0.,1.,0.));
#4613=DIRECTION('ref_axis',(-1.,0.,0.));
#4614=DIRECTION('',(0.,-1.,0.));
#4615=DIRECTION('center_axis',(0.,-1.,0.));
#4616=DIRECTION('ref_axis',(1.,-6.18981761810821E-18,0.));
#4617=DIRECTION('',(0.707106781186551,0.707106781186544,8.65956056235498E-17));
#4618=DIRECTION('center_axis',(1.18638171013741E-17,1.,0.));
#4619=DIRECTION('ref_axis',(1.,0.,0.));
#4620=DIRECTION('center_axis',(0.,1.,0.));
#4621=DIRECTION('ref_axis',(1.,0.,0.));
#4622=DIRECTION('center_axis',(0.,1.,0.));
#4623=DIRECTION('ref_axis',(1.,0.,0.));
#4624=DIRECTION('',(0.,-1.,0.));
#4625=DIRECTION('center_axis',(0.,-1.,0.));
#4626=DIRECTION('ref_axis',(1.,-6.18981761810821E-18,0.));
#4627=DIRECTION('',(0.707106781186551,0.707106781186544,8.65956056235498E-17));
#4628=DIRECTION('center_axis',(1.18638171013741E-17,1.,0.));
#4629=DIRECTION('ref_axis',(1.,0.,0.));
#4630=DIRECTION('center_axis',(0.,1.,0.));
#4631=DIRECTION('ref_axis',(1.,0.,0.));
#4632=DIRECTION('center_axis',(0.,1.,0.));
#4633=DIRECTION('ref_axis',(1.,0.,0.));
#4634=DIRECTION('',(0.,-1.,0.));
#4635=DIRECTION('center_axis',(0.,0.,-1.));
#4636=DIRECTION('ref_axis',(-1.,0.,0.));
#4637=DIRECTION('center_axis',(0.,0.,-1.));
#4638=DIRECTION('ref_axis',(-1.,0.,0.));
#4639=DIRECTION('',(-0.707106781186548,8.65956056235493E-17,0.707106781186548));
#4640=DIRECTION('center_axis',(0.,0.,1.));
#4641=DIRECTION('ref_axis',(-1.,0.,0.));
#4642=DIRECTION('center_axis',(0.,0.,1.));
#4643=DIRECTION('ref_axis',(1.,0.,0.));
#4644=DIRECTION('',(-1.36642833800019E-16,1.,0.));
#4645=DIRECTION('',(1.,-1.18638171013741E-17,0.));
#4646=DIRECTION('',(6.83214169000097E-16,-1.,0.));
#4647=DIRECTION('',(-1.,-3.41607084500048E-16,0.));
#4648=DIRECTION('',(4.22942104619107E-16,-1.,0.));
#4649=DIRECTION('',(-1.,0.,0.));
#4650=DIRECTION('',(-1.,0.,0.));
#4651=DIRECTION('center_axis',(0.,0.,-1.));
#4652=DIRECTION('ref_axis',(-1.,0.,0.));
#4653=DIRECTION('center_axis',(0.,0.,-1.));
#4654=DIRECTION('ref_axis',(-1.,0.,0.));
#4655=DIRECTION('center_axis',(0.,0.,1.));
#4656=DIRECTION('ref_axis',(1.,0.,0.));
#4657=DIRECTION('center_axis',(0.,0.,-1.));
#4658=DIRECTION('ref_axis',(-1.,0.,0.));
#4659=DIRECTION('center_axis',(0.,0.,-1.));
#4660=DIRECTION('ref_axis',(-1.,0.,0.));
#4661=DIRECTION('',(0.,0.,-1.));
#4662=DIRECTION('center_axis',(0.,0.,-1.));
#4663=DIRECTION('ref_axis',(-1.,0.,0.));
#4664=DIRECTION('',(-0.707106781186548,8.65956056235493E-17,0.707106781186548));
#4665=DIRECTION('center_axis',(0.,0.,1.));
#4666=DIRECTION('ref_axis',(-1.,0.,0.));
#4667=DIRECTION('center_axis',(0.,0.,-1.));
#4668=DIRECTION('ref_axis',(-1.,0.,0.));
#4669=DIRECTION('',(0.,0.,-1.));
#4670=DIRECTION('center_axis',(0.,0.,-1.));
#4671=DIRECTION('ref_axis',(-1.,0.,0.));
#4672=DIRECTION('',(-0.707106781186548,8.65956056235493E-17,0.707106781186548));
#4673=DIRECTION('center_axis',(0.,0.,1.));
#4674=DIRECTION('ref_axis',(-1.,0.,0.));
#4675=DIRECTION('center_axis',(0.,0.,-1.));
#4676=DIRECTION('ref_axis',(-1.,0.,0.));
#4677=DIRECTION('',(0.,0.,-1.));
#4678=DIRECTION('center_axis',(0.,0.,-1.));
#4679=DIRECTION('ref_axis',(-1.,0.,0.));
#4680=DIRECTION('',(-0.707106781186548,8.65956056235493E-17,0.707106781186548));
#4681=DIRECTION('center_axis',(0.,0.,1.));
#4682=DIRECTION('ref_axis',(-1.,0.,0.));
#4683=DIRECTION('center_axis',(0.,0.,-1.));
#4684=DIRECTION('ref_axis',(-1.,0.,0.));
#4685=DIRECTION('',(0.,0.,-1.));
#4686=DIRECTION('center_axis',(0.,0.,1.));
#4687=DIRECTION('ref_axis',(-1.,0.,0.));
#4688=DIRECTION('',(-0.707106781186548,-8.65956056235493E-17,-0.707106781186548));
#4689=DIRECTION('center_axis',(0.,0.,-1.));
#4690=DIRECTION('ref_axis',(-1.,0.,0.));
#4691=DIRECTION('center_axis',(0.,0.,1.));
#4692=DIRECTION('ref_axis',(1.,0.,0.));
#4693=DIRECTION('center_axis',(0.,0.,-1.));
#4694=DIRECTION('ref_axis',(-1.,0.,0.));
#4695=DIRECTION('',(0.,0.,-1.));
#4696=DIRECTION('center_axis',(0.,0.,1.));
#4697=DIRECTION('ref_axis',(-1.,0.,0.));
#4698=DIRECTION('',(-0.707106781186548,-8.65956056235493E-17,-0.707106781186548));
#4699=DIRECTION('center_axis',(0.,0.,-1.));
#4700=DIRECTION('ref_axis',(-1.,0.,0.));
#4701=DIRECTION('center_axis',(0.,0.,-1.));
#4702=DIRECTION('ref_axis',(-1.,0.,0.));
#4703=DIRECTION('',(0.,0.,-1.));
#4704=DIRECTION('center_axis',(0.,0.,1.));
#4705=DIRECTION('ref_axis',(-1.,0.,0.));
#4706=DIRECTION('',(-0.707106781186548,-8.65956056235493E-17,-0.707106781186548));
#4707=DIRECTION('center_axis',(0.,0.,-1.));
#4708=DIRECTION('ref_axis',(-1.,0.,0.));
#4709=DIRECTION('center_axis',(0.,0.,-1.));
#4710=DIRECTION('ref_axis',(-1.,0.,0.));
#4711=DIRECTION('',(0.,0.,-1.));
#4712=DIRECTION('center_axis',(0.,0.,1.));
#4713=DIRECTION('ref_axis',(-1.,0.,0.));
#4714=DIRECTION('',(-0.707106781186548,-8.65956056235493E-17,-0.707106781186548));
#4715=DIRECTION('center_axis',(0.,0.,-1.));
#4716=DIRECTION('ref_axis',(-1.,0.,0.));
#4717=DIRECTION('center_axis',(0.,0.,-1.));
#4718=DIRECTION('ref_axis',(-1.,0.,0.));
#4719=DIRECTION('',(0.,0.,-1.));
#4720=DIRECTION('center_axis',(-0.577350269189627,-0.577350269189623,0.577350269189628));
#4721=DIRECTION('ref_axis',(0.707106781186548,0.,0.707106781186547));
#4722=DIRECTION('',(0.707106781186548,4.48597845338222E-15,0.707106781186548));
#4723=DIRECTION('',(-0.707106781186545,0.70710678118655,0.));
#4724=DIRECTION('',(-4.48597845338222E-15,-0.707106781186548,-0.707106781186547));
#4725=DIRECTION('center_axis',(-0.577350269189628,-0.577350269189623,-0.577350269189626));
#4726=DIRECTION('ref_axis',(-0.707106781186546,0.,0.707106781186549));
#4727=DIRECTION('',(-0.707106781186547,0.,0.707106781186548));
#4728=DIRECTION('',(4.48597845338222E-15,0.707106781186547,-0.707106781186548));
#4729=DIRECTION('',(0.707106781186545,-0.70710678118655,0.));
#4730=DIRECTION('center_axis',(0.577350269189626,-0.577350269189625,0.577350269189627));
#4731=DIRECTION('ref_axis',(0.707106781186548,0.,-0.707106781186547));
#4732=DIRECTION('',(0.,0.707106781186548,0.707106781186547));
#4733=DIRECTION('',(-0.707106781186547,-0.707106781186548,0.));
#4734=DIRECTION('',(0.707106781186548,-1.12149461334556E-15,-0.707106781186548));
#4735=DIRECTION('center_axis',(0.577350269189627,-0.577350269189626,-0.577350269189625));
#4736=DIRECTION('ref_axis',(-0.707106781186546,0.,-0.707106781186549));
#4737=DIRECTION('',(0.707106781186547,0.707106781186548,0.));
#4738=DIRECTION('',(0.,-0.707106781186547,0.707106781186548));
#4739=DIRECTION('',(-0.707106781186547,-1.12149461334556E-15,-0.707106781186548));
#4740=DIRECTION('center_axis',(-8.38898552313854E-18,-0.707106781186548,
-0.707106781186547));
#4741=DIRECTION('ref_axis',(-1.,0.,1.18638171013741E-17));
#4742=DIRECTION('center_axis',(0.707106781186548,9.66210743805401E-17,-0.707106781186547));
#4743=DIRECTION('ref_axis',(-0.707106781186547,0.,-0.707106781186548));
#4744=DIRECTION('',(1.36642833800019E-16,-1.,0.));
#4745=DIRECTION('',(0.577350269189623,-0.577350269189627,0.577350269189628));
#4746=DIRECTION('center_axis',(0.70710678118655,0.707106781186545,0.));
#4747=DIRECTION('ref_axis',(0.,0.,-1.));
#4748=DIRECTION('',(0.,0.,-1.));
#4749=DIRECTION('',(0.,0.,1.));
#4750=DIRECTION('',(0.577350269189623,-0.577350269189627,-0.577350269189627));
#4751=DIRECTION('center_axis',(0.707106781186548,9.662107438054E-17,0.707106781186548));
#4752=DIRECTION('ref_axis',(0.707106781186548,0.,-0.707106781186548));
#4753=DIRECTION('',(-1.36642833800019E-16,1.,0.));
#4754=DIRECTION('center_axis',(0.707106781186548,-0.707106781186547,0.));
#4755=DIRECTION('ref_axis',(0.,0.,-1.));
#4756=DIRECTION('',(0.,0.,1.));
#4757=DIRECTION('center_axis',(-8.38898552313852E-18,-0.707106781186547,
0.707106781186548));
#4758=DIRECTION('ref_axis',(1.,0.,1.1863817101374E-17));
#4759=DIRECTION('center_axis',(-0.70710678118655,-0.707106781186545,0.));
#4760=DIRECTION('ref_axis',(0.,0.,1.));
#4761=DIRECTION('',(0.,0.,-1.));
#4762=DIRECTION('center_axis',(-0.707106781186548,-4.83105371902701E-16,
-0.707106781186547));
#4763=DIRECTION('ref_axis',(-0.707106781186547,0.,0.707106781186548));
#4764=DIRECTION('',(-6.83214169000097E-16,1.,0.));
#4765=DIRECTION('',(0.577350269189627,0.577350269189623,-0.577350269189628));
#4766=DIRECTION('center_axis',(-0.707106781186548,-4.831053719027E-16,0.707106781186548));
#4767=DIRECTION('ref_axis',(0.707106781186548,0.,0.707106781186548));
#4768=DIRECTION('',(6.83214169000097E-16,-1.,0.));
#4769=DIRECTION('',(0.577350269189627,0.577350269189623,0.577350269189627));
#4770=DIRECTION('center_axis',(-0.707106781186545,0.70710678118655,0.));
#4771=DIRECTION('ref_axis',(0.,0.,1.));
#4772=DIRECTION('',(0.,0.,-1.));
#4773=DIRECTION('',(0.,0.,1.));
#4774=DIRECTION('center_axis',(0.,1.,0.));
#4775=DIRECTION('ref_axis',(-1.,0.,0.));
#4776=DIRECTION('center_axis',(0.,-1.,0.));
#4777=DIRECTION('ref_axis',(-1.,0.,0.));
#4778=DIRECTION('center_axis',(0.,-1.,0.));
#4779=DIRECTION('ref_axis',(-1.,0.,0.));
#4780=DIRECTION('center_axis',(1.,1.36642833800019E-16,0.));
#4781=DIRECTION('ref_axis',(-1.36642833800019E-16,1.,0.));
#4782=DIRECTION('center_axis',(-1.,-6.83214169000097E-16,0.));
#4783=DIRECTION('ref_axis',(6.83214169000097E-16,-1.,0.));
#4784=DIRECTION('center_axis',(0.,0.707106781186546,-0.707106781186549));
#4785=DIRECTION('ref_axis',(-1.,0.,0.));
#4786=DIRECTION('',(1.,0.,0.));
#4787=DIRECTION('',(0.577350269189625,-0.577350269189627,-0.577350269189625));
#4788=DIRECTION('',(0.577350269189625,0.577350269189627,0.577350269189625));
#4789=DIRECTION('center_axis',(0.707106781186549,0.707106781186546,0.));
#4790=DIRECTION('ref_axis',(0.,0.,-1.));
#4791=DIRECTION('',(0.,0.,1.));
#4792=DIRECTION('',(0.577350269189626,-0.577350269189628,0.577350269189624));
#4793=DIRECTION('center_axis',(0.,0.707106781186545,0.70710678118655));
#4794=DIRECTION('ref_axis',(1.,0.,0.));
#4795=DIRECTION('',(1.,0.,0.));
#4796=DIRECTION('',(-1.,0.,0.));
#4797=DIRECTION('',(0.577350269189626,0.577350269189628,-0.577350269189624));
#4798=DIRECTION('center_axis',(-0.707106781186549,0.707106781186546,0.));
#4799=DIRECTION('ref_axis',(0.,0.,1.));
#4800=DIRECTION('',(0.,0.,-1.));
#4801=DIRECTION('',(0.,0.,1.));
#4802=DIRECTION('center_axis',(-1.,-4.22942104619107E-16,0.));
#4803=DIRECTION('ref_axis',(4.22942104619107E-16,-1.,0.));
#4804=DIRECTION('',(0.,0.,1.));
#4805=DIRECTION('',(4.22942104619107E-16,-1.,0.));
#4806=DIRECTION('',(0.,0.,1.));
#4807=DIRECTION('',(0.,0.,1.));
#4808=DIRECTION('center_axis',(0.,1.,0.));
#4809=DIRECTION('ref_axis',(-1.,0.,0.));
#4810=DIRECTION('center_axis',(0.,0.,-1.));
#4811=DIRECTION('ref_axis',(1.,0.,0.));
#4812=DIRECTION('center_axis',(0.,0.,1.));
#4813=DIRECTION('ref_axis',(1.,0.,0.));
#4814=DIRECTION('',(0.,0.,1.));
#4815=DIRECTION('center_axis',(0.,0.,1.));
#4816=DIRECTION('ref_axis',(1.,0.,0.));
#4817=DIRECTION('center_axis',(0.,0.,-1.));
#4818=DIRECTION('ref_axis',(1.,0.,0.));
#4819=DIRECTION('center_axis',(0.,0.,-1.));
#4820=DIRECTION('ref_axis',(-1.,0.,0.));
#4821=DIRECTION('center_axis',(0.,0.,-1.));
#4822=DIRECTION('ref_axis',(-1.,0.,0.));
#4823=DIRECTION('',(0.,0.,-1.));
#4824=DIRECTION('center_axis',(0.,0.,-1.));
#4825=DIRECTION('ref_axis',(1.,0.,0.));
#4826=DIRECTION('center_axis',(0.,0.,1.));
#4827=DIRECTION('ref_axis',(-1.,0.,0.));
#4828=DIRECTION('center_axis',(0.5,-0.866025403784439,0.));
#4829=DIRECTION('ref_axis',(-0.866025403784438,-0.5,0.));
#4830=DIRECTION('',(-0.866025403784438,-0.5,0.));
#4831=DIRECTION('',(0.,0.,-1.));
#4832=DIRECTION('',(-0.866025403784438,-0.5,0.));
#4833=DIRECTION('',(0.,0.,-1.));
#4834=DIRECTION('center_axis',(1.,1.85037170770859E-16,0.));
#4835=DIRECTION('ref_axis',(1.85037170770859E-16,-1.,0.));
#4836=DIRECTION('',(1.85037170770859E-16,-1.,0.));
#4837=DIRECTION('',(0.,0.,-1.));
#4838=DIRECTION('',(1.85037170770859E-16,-1.,0.));
#4839=DIRECTION('center_axis',(0.5,0.866025403784439,0.));
#4840=DIRECTION('ref_axis',(0.866025403784439,-0.5,0.));
#4841=DIRECTION('',(0.866025403784439,-0.5,0.));
#4842=DIRECTION('',(0.,0.,-1.));
#4843=DIRECTION('',(0.866025403784439,-0.5,0.));
#4844=DIRECTION('center_axis',(-0.5,0.866025403784439,0.));
#4845=DIRECTION('ref_axis',(0.866025403784439,0.5,0.));
#4846=DIRECTION('',(0.866025403784439,0.5,0.));
#4847=DIRECTION('',(0.,0.,-1.));
#4848=DIRECTION('',(0.866025403784439,0.5,0.));
#4849=DIRECTION('center_axis',(-1.,-3.70074341541719E-16,0.));
#4850=DIRECTION('ref_axis',(-3.70074341541718E-16,1.,0.));
#4851=DIRECTION('',(-3.70074341541718E-16,1.,0.));
#4852=DIRECTION('',(0.,0.,-1.));
#4853=DIRECTION('',(-3.70074341541718E-16,1.,0.));
#4854=DIRECTION('center_axis',(-0.5,-0.866025403784439,0.));
#4855=DIRECTION('ref_axis',(-0.866025403784439,0.5,0.));
#4856=DIRECTION('',(-0.866025403784439,0.5,0.));
#4857=DIRECTION('',(-0.866025403784439,0.5,0.));
#4858=DIRECTION('center_axis',(0.,0.,-1.));
#4859=DIRECTION('ref_axis',(1.,0.,0.));
#4860=DIRECTION('center_axis',(0.5,0.866025403784439,0.));
#4861=DIRECTION('ref_axis',(0.866025403784438,-0.5,0.));
#4862=DIRECTION('',(-0.866025403784438,0.5,0.));
#4863=DIRECTION('',(0.,0.,-1.));
#4864=DIRECTION('',(0.866025403784438,-0.5,0.));
#4865=DIRECTION('',(0.,0.,-1.));
#4866=DIRECTION('center_axis',(1.,-1.85037170770859E-16,0.));
#4867=DIRECTION('ref_axis',(-1.85037170770859E-16,-1.,0.));
#4868=DIRECTION('',(1.85037170770859E-16,1.,0.));
#4869=DIRECTION('',(-1.85037170770859E-16,-1.,0.));
#4870=DIRECTION('',(0.,0.,-1.));
#4871=DIRECTION('center_axis',(0.5,-0.866025403784439,0.));
#4872=DIRECTION('ref_axis',(-0.866025403784439,-0.5,0.));
#4873=DIRECTION('',(0.866025403784439,0.5,0.));
#4874=DIRECTION('',(-0.866025403784439,-0.5,0.));
#4875=DIRECTION('',(0.,0.,-1.));
#4876=DIRECTION('center_axis',(-0.5,-0.866025403784439,0.));
#4877=DIRECTION('ref_axis',(-0.866025403784439,0.5,0.));
#4878=DIRECTION('',(0.866025403784439,-0.5,0.));
#4879=DIRECTION('',(-0.866025403784439,0.5,0.));
#4880=DIRECTION('',(0.,0.,-1.));
#4881=DIRECTION('center_axis',(-1.,3.70074341541719E-16,0.));
#4882=DIRECTION('ref_axis',(3.70074341541718E-16,1.,0.));
#4883=DIRECTION('',(-3.70074341541718E-16,-1.,0.));
#4884=DIRECTION('',(3.70074341541718E-16,1.,0.));
#4885=DIRECTION('',(0.,0.,-1.));
#4886=DIRECTION('center_axis',(-0.5,0.866025403784439,0.));
#4887=DIRECTION('ref_axis',(0.866025403784439,0.5,0.));
#4888=DIRECTION('',(-0.866025403784439,-0.5,0.));
#4889=DIRECTION('',(0.866025403784439,0.5,0.));
#4890=DIRECTION('center_axis',(0.,0.,1.));
#4891=DIRECTION('ref_axis',(-1.,0.,0.));
#4892=DIRECTION('center_axis',(0.,0.,1.));
#4893=DIRECTION('ref_axis',(-1.,0.,0.));
#4894=DIRECTION('center_axis',(0.,0.,-1.));
#4895=DIRECTION('ref_axis',(-1.,0.,0.));
#4896=DIRECTION('',(0.,0.,1.));
#4897=DIRECTION('center_axis',(0.,0.,1.));
#4898=DIRECTION('ref_axis',(-1.,0.,0.));
#4899=DIRECTION('center_axis',(0.,0.,-1.));
#4900=DIRECTION('ref_axis',(1.,0.,0.));
#4901=DIRECTION('center_axis',(0.,0.,1.));
#4902=DIRECTION('ref_axis',(-1.,0.,0.));
#4903=DIRECTION('center_axis',(0.,0.,1.));
#4904=DIRECTION('ref_axis',(-1.,0.,0.));
#4905=DIRECTION('center_axis',(0.,0.,-1.));
#4906=DIRECTION('ref_axis',(-1.,0.,0.));
#4907=DIRECTION('',(0.,0.,-1.));
#4908=DIRECTION('center_axis',(0.,0.,1.));
#4909=DIRECTION('ref_axis',(1.,0.,0.));
#4910=DIRECTION('center_axis',(0.,0.,-1.));
#4911=DIRECTION('ref_axis',(1.,0.,0.));
#4912=DIRECTION('',(0.,0.,1.));
#4913=DIRECTION('center_axis',(0.,0.,1.));
#4914=DIRECTION('ref_axis',(1.,0.,0.));
#4915=DIRECTION('center_axis',(0.,0.,1.));
#4916=DIRECTION('ref_axis',(1.,0.,0.));
#4917=DIRECTION('center_axis',(0.,0.,-1.));
#4918=DIRECTION('ref_axis',(-1.,0.,0.));
#4919=DIRECTION('center_axis',(0.,0.,-1.));
#4920=DIRECTION('ref_axis',(-1.,0.,0.));
#4921=DIRECTION('',(0.,0.,-1.));
#4922=DIRECTION('center_axis',(0.,0.,1.));
#4923=DIRECTION('ref_axis',(1.,0.,0.));
#4924=DIRECTION('center_axis',(0.,0.,-1.));
#4925=DIRECTION('ref_axis',(-1.,0.,0.));
#4926=DIRECTION('center_axis',(-0.5,-0.866025403784439,0.));
#4927=DIRECTION('ref_axis',(-0.866025403784438,0.5,0.));
#4928=DIRECTION('',(0.866025403784438,-0.5,0.));
#4929=DIRECTION('',(0.,0.,-1.));
#4930=DIRECTION('',(-0.866025403784438,0.5,0.));
#4931=DIRECTION('',(0.,0.,-1.));
#4932=DIRECTION('center_axis',(-1.,1.85037170770859E-16,0.));
#4933=DIRECTION('ref_axis',(1.85037170770859E-16,1.,0.));
#4934=DIRECTION('',(-1.85037170770859E-16,-1.,0.));
#4935=DIRECTION('',(1.85037170770859E-16,1.,0.));
#4936=DIRECTION('',(0.,0.,-1.));
#4937=DIRECTION('center_axis',(-0.5,0.866025403784439,0.));
#4938=DIRECTION('ref_axis',(0.866025403784439,0.5,0.));
#4939=DIRECTION('',(-0.866025403784439,-0.5,0.));
#4940=DIRECTION('',(0.866025403784439,0.5,0.));
#4941=DIRECTION('',(0.,0.,-1.));
#4942=DIRECTION('center_axis',(0.5,0.866025403784439,0.));
#4943=DIRECTION('ref_axis',(0.866025403784439,-0.5,0.));
#4944=DIRECTION('',(-0.866025403784439,0.5,0.));
#4945=DIRECTION('',(0.866025403784439,-0.5,0.));
#4946=DIRECTION('',(0.,0.,-1.));
#4947=DIRECTION('center_axis',(1.,-3.70074341541719E-16,0.));
#4948=DIRECTION('ref_axis',(-3.70074341541718E-16,-1.,0.));
#4949=DIRECTION('',(3.70074341541718E-16,1.,0.));
#4950=DIRECTION('',(-3.70074341541718E-16,-1.,0.));
#4951=DIRECTION('',(0.,0.,-1.));
#4952=DIRECTION('center_axis',(0.5,-0.866025403784439,0.));
#4953=DIRECTION('ref_axis',(-0.866025403784439,-0.5,0.));
#4954=DIRECTION('',(0.866025403784439,0.5,0.));
#4955=DIRECTION('',(-0.866025403784439,-0.5,0.));
#4956=DIRECTION('center_axis',(0.,0.,1.));
#4957=DIRECTION('ref_axis',(1.,0.,0.));
#4958=DIRECTION('center_axis',(-0.5,0.866025403784439,0.));
#4959=DIRECTION('ref_axis',(0.866025403784438,0.5,0.));
#4960=DIRECTION('',(0.866025403784438,0.5,0.));
#4961=DIRECTION('',(0.,0.,-1.));
#4962=DIRECTION('',(0.866025403784438,0.5,0.));
#4963=DIRECTION('',(0.,0.,-1.));
#4964=DIRECTION('center_axis',(-1.,-1.85037170770859E-16,0.));
#4965=DIRECTION('ref_axis',(-1.85037170770859E-16,1.,0.));
#4966=DIRECTION('',(-1.85037170770859E-16,1.,0.));
#4967=DIRECTION('',(0.,0.,-1.));
#4968=DIRECTION('',(-1.85037170770859E-16,1.,0.));
#4969=DIRECTION('center_axis',(-0.5,-0.866025403784439,0.));
#4970=DIRECTION('ref_axis',(-0.866025403784439,0.5,0.));
#4971=DIRECTION('',(-0.866025403784439,0.5,0.));
#4972=DIRECTION('',(0.,0.,-1.));
#4973=DIRECTION('',(-0.866025403784439,0.5,0.));
#4974=DIRECTION('center_axis',(0.5,-0.866025403784439,0.));
#4975=DIRECTION('ref_axis',(-0.866025403784439,-0.5,0.));
#4976=DIRECTION('',(-0.866025403784439,-0.5,0.));
#4977=DIRECTION('',(0.,0.,-1.));
#4978=DIRECTION('',(-0.866025403784439,-0.5,0.));
#4979=DIRECTION('center_axis',(1.,3.70074341541719E-16,0.));
#4980=DIRECTION('ref_axis',(3.70074341541718E-16,-1.,0.));
#4981=DIRECTION('',(3.70074341541718E-16,-1.,0.));
#4982=DIRECTION('',(0.,0.,-1.));
#4983=DIRECTION('',(3.70074341541718E-16,-1.,0.));
#4984=DIRECTION('center_axis',(0.5,0.866025403784439,0.));
#4985=DIRECTION('ref_axis',(0.866025403784439,-0.5,0.));
#4986=DIRECTION('',(0.866025403784439,-0.5,0.));
#4987=DIRECTION('',(0.866025403784439,-0.5,0.));
#4988=DIRECTION('center_axis',(0.,0.,-1.));
#4989=DIRECTION('ref_axis',(-1.,0.,0.));
#4990=DIRECTION('center_axis',(0.,0.,-1.));
#4991=DIRECTION('ref_axis',(-1.,0.,0.));
#4992=DIRECTION('center_axis',(0.,0.,1.));
#4993=DIRECTION('ref_axis',(-1.,0.,0.));
#4994=DIRECTION('',(0.,0.,1.));
#4995=DIRECTION('center_axis',(0.,0.,1.));
#4996=DIRECTION('ref_axis',(-1.,0.,0.));
#4997=DIRECTION('center_axis',(0.,0.,-1.));
#4998=DIRECTION('ref_axis',(-1.,0.,0.));
#4999=DIRECTION('center_axis',(0.,0.,-1.));
#5000=DIRECTION('ref_axis',(-1.,0.,0.));
#5001=DIRECTION('',(0.,0.,-1.));
#5002=DIRECTION('center_axis',(0.,0.,-1.));
#5003=DIRECTION('ref_axis',(-1.,0.,0.));
#5004=DIRECTION('center_axis',(0.,0.,1.));
#5005=DIRECTION('ref_axis',(1.,0.,0.));
#5006=DIRECTION('center_axis',(0.,0.,1.));
#5007=DIRECTION('ref_axis',(-1.,0.,0.));
#5008=DIRECTION('',(-0.707106781186547,-8.65956056235493E-17,-0.707106781186547));
#5009=DIRECTION('center_axis',(0.,0.,1.));
#5010=DIRECTION('ref_axis',(-1.,0.,0.));
#5011=DIRECTION('',(-0.707106781186547,-8.65956056235493E-17,-0.707106781186547));
#5012=DIRECTION('center_axis',(0.,0.,1.));
#5013=DIRECTION('ref_axis',(-1.,0.,0.));
#5014=DIRECTION('',(-0.707106781186548,-8.65956056235493E-17,-0.707106781186548));
#5015=DIRECTION('center_axis',(0.,0.,1.));
#5016=DIRECTION('ref_axis',(-1.,0.,0.));
#5017=DIRECTION('',(-0.707106781186547,-8.65956056235493E-17,-0.707106781186547));
#5018=DIRECTION('center_axis',(0.,0.,1.));
#5019=DIRECTION('ref_axis',(1.,0.,0.));
#5020=DIRECTION('center_axis',(0.,0.,1.));
#5021=DIRECTION('ref_axis',(1.,0.,0.));
#5022=DIRECTION('center_axis',(0.,0.,1.));
#5023=DIRECTION('ref_axis',(1.,0.,0.));
#5024=DIRECTION('center_axis',(0.,0.,1.));
#5025=DIRECTION('ref_axis',(1.,0.,0.));
#5026=DIRECTION('center_axis',(0.,0.,-1.));
#5027=DIRECTION('ref_axis',(1.,0.,0.));
#5028=DIRECTION('center_axis',(0.,0.,-1.));
#5029=DIRECTION('ref_axis',(1.,0.,0.));
#5030=DIRECTION('',(0.,0.,1.));
#5031=DIRECTION('center_axis',(0.,0.,1.));
#5032=DIRECTION('ref_axis',(1.,0.,0.));
#5033=DIRECTION('center_axis',(0.,0.,1.));
#5034=DIRECTION('ref_axis',(1.,0.,0.));
#5035=DIRECTION('center_axis',(0.,0.,-1.));
#5036=DIRECTION('ref_axis',(1.,0.,0.));
#5037=DIRECTION('center_axis',(0.,0.,1.));
#5038=DIRECTION('ref_axis',(-1.,0.,0.));
#5039=DIRECTION('center_axis',(0.,0.,1.));
#5040=DIRECTION('ref_axis',(-1.,0.,0.));
#5041=DIRECTION('',(0.,0.,-1.));
#5042=DIRECTION('center_axis',(0.,0.,-1.));
#5043=DIRECTION('ref_axis',(-1.,0.,0.));
#5044=DIRECTION('center_axis',(0.,0.,1.));
#5045=DIRECTION('ref_axis',(1.,0.,0.));
#5046=DIRECTION('center_axis',(0.,0.,1.));
#5047=DIRECTION('ref_axis',(-1.,0.,0.));
#5048=DIRECTION('center_axis',(0.,0.,-1.));
#5049=DIRECTION('ref_axis',(1.,0.,0.));
#5050=DIRECTION('',(0.707106781186548,-8.65956056235494E-17,0.707106781186547));
#5051=DIRECTION('center_axis',(0.,0.,1.));
#5052=DIRECTION('ref_axis',(-1.,0.,0.));
#5053=DIRECTION('',(-0.707106781186547,-8.65956056235493E-17,-0.707106781186547));
#5054=DIRECTION('center_axis',(0.,0.,-1.));
#5055=DIRECTION('ref_axis',(1.,0.,0.));
#5056=DIRECTION('',(0.,0.,1.));
#5057=DIRECTION('center_axis',(0.,0.,1.));
#5058=DIRECTION('ref_axis',(-1.,0.,0.));
#5059=DIRECTION('',(0.,0.,-1.));
#5060=DIRECTION('center_axis',(0.,0.,-1.));
#5061=DIRECTION('ref_axis',(-1.,0.,0.));
#5062=DIRECTION('center_axis',(0.,0.,1.));
#5063=DIRECTION('ref_axis',(-1.,0.,0.));
#5064=DIRECTION('center_axis',(0.,-1.,0.));
#5065=DIRECTION('ref_axis',(1.,0.,0.));
#5066=DIRECTION('center_axis',(0.,0.,-1.));
#5067=DIRECTION('ref_axis',(-1.,0.,0.));
#5068=DIRECTION('center_axis',(0.,0.,-1.));
#5069=DIRECTION('ref_axis',(1.,0.,0.));
#5070=DIRECTION('center_axis',(0.,0.,-1.));
#5071=DIRECTION('ref_axis',(1.,0.,0.));
#5072=DIRECTION('',(0.,0.,-1.));
#5073=DIRECTION('center_axis',(0.,0.,1.));
#5074=DIRECTION('ref_axis',(1.,0.,0.));
#5075=DIRECTION('center_axis',(0.,-1.,0.));
#5076=DIRECTION('ref_axis',(-1.,0.,0.));
#5077=DIRECTION('center_axis',(0.,1.,0.));
#5078=DIRECTION('ref_axis',(-1.,0.,0.));
#5079=DIRECTION('',(1.,0.,0.));
#5080=DIRECTION('',(0.,0.,1.));
#5081=DIRECTION('center_axis',(-0.707106781186548,-0.707106781186548,0.));
#5082=DIRECTION('ref_axis',(0.707106781186548,-0.707106781186548,0.));
#5083=DIRECTION('center_axis',(-0.707106781186547,0.707106781186548,0.));
#5084=DIRECTION('ref_axis',(-0.707106781186548,-0.707106781186547,0.));
#5085=DIRECTION('',(0.707106781186548,0.707106781186547,0.));
#5086=DIRECTION('center_axis',(0.,0.,1.));
#5087=DIRECTION('ref_axis',(1.,0.,0.));
#5088=DIRECTION('center_axis',(0.,1.,0.));
#5089=DIRECTION('ref_axis',(1.,0.,0.));
#5090=DIRECTION('center_axis',(3.41607084500048E-16,-1.,0.));
#5091=DIRECTION('ref_axis',(1.,0.,0.));
#5092=DIRECTION('',(0.,-1.,0.));
#5093=DIRECTION('center_axis',(0.,1.,0.));
#5094=DIRECTION('ref_axis',(1.,0.,0.));
#5095=DIRECTION('center_axis',(0.,-1.,0.));
#5096=DIRECTION('ref_axis',(0.,0.,1.));
#5097=DIRECTION('center_axis',(0.,1.,0.));
#5098=DIRECTION('ref_axis',(1.,0.,0.));
#5099=DIRECTION('center_axis',(3.41607084500048E-16,-1.,0.));
#5100=DIRECTION('ref_axis',(1.,0.,0.));
#5101=DIRECTION('',(0.,-1.,0.));
#5102=DIRECTION('center_axis',(0.,1.,0.));
#5103=DIRECTION('ref_axis',(1.,0.,0.));
#5104=DIRECTION('center_axis',(0.,-1.,0.));
#5105=DIRECTION('ref_axis',(0.,0.,1.));
#5106=DIRECTION('center_axis',(0.,0.,-1.));
#5107=DIRECTION('ref_axis',(-1.,0.,0.));
#5108=DIRECTION('',(0.,0.,-1.));
#5109=DIRECTION('center_axis',(0.,0.,-1.));
#5110=DIRECTION('ref_axis',(-1.,0.,0.));
#5111=DIRECTION('',(0.,0.,-1.));
#5112=DIRECTION('center_axis',(0.,-1.,0.));
#5113=DIRECTION('ref_axis',(-1.,0.,0.));
#5114=DIRECTION('',(0.,-1.,0.));
#5115=DIRECTION('center_axis',(0.,-1.,0.));
#5116=DIRECTION('ref_axis',(-1.,0.,0.));
#5117=DIRECTION('center_axis',(0.,1.,0.));
#5118=DIRECTION('ref_axis',(0.,0.,1.));
#5119=DIRECTION('center_axis',(0.,-1.,0.));
#5120=DIRECTION('ref_axis',(-1.,0.,0.));
#5121=DIRECTION('',(0.,-1.,0.));
#5122=DIRECTION('center_axis',(0.,-1.,0.));
#5123=DIRECTION('ref_axis',(-1.,0.,0.));
#5124=DIRECTION('center_axis',(0.,1.,0.));
#5125=DIRECTION('ref_axis',(0.,0.,1.));
#5126=DIRECTION('center_axis',(0.,0.,-1.));
#5127=DIRECTION('ref_axis',(-1.,0.,0.));
#5128=DIRECTION('',(0.,0.,-1.));
#5129=DIRECTION('center_axis',(0.,0.,-1.));
#5130=DIRECTION('ref_axis',(-1.,0.,0.));
#5131=DIRECTION('',(0.,0.,-1.));
#5132=DIRECTION('center_axis',(-3.41607084500048E-16,1.,0.));
#5133=DIRECTION('ref_axis',(-1.,-3.41607084500048E-16,0.));
#5134=CARTESIAN_POINT('',(0.,0.,0.));
#5135=CARTESIAN_POINT('Origin',(-23.7107706806979,30.1968365901227,25.));
#5136=CARTESIAN_POINT('',(-23.7107706806979,29.992622648668,25.));
#5137=CARTESIAN_POINT('',(-23.7107706806979,30.1968365901227,25.));
#5138=CARTESIAN_POINT('',(-23.7107706806979,25.185796935838,25.));
#5139=CARTESIAN_POINT('',(-23.7107706806979,29.992622648668,25.2));
#5140=CARTESIAN_POINT('',(-23.7107706806979,29.992622648668,25.));
#5141=CARTESIAN_POINT('',(-23.7107706806979,30.1968365901227,25.2));
#5142=CARTESIAN_POINT('',(-23.7107706806979,29.992622648668,25.2));
#5143=CARTESIAN_POINT('',(-23.7107706806979,30.1968365901227,25.));
#5144=CARTESIAN_POINT('Origin',(-23.3477236736674,30.1968365901227,25.));
#5145=CARTESIAN_POINT('',(-23.3477236736674,30.1968365901227,25.));
#5146=CARTESIAN_POINT('',(-11.6738618368337,30.1968365901227,25.));
#5147=CARTESIAN_POINT('',(-23.3477236736674,30.1968365901227,25.2));
#5148=CARTESIAN_POINT('',(-23.7107706806979,30.1968365901227,25.2));
#5149=CARTESIAN_POINT('',(-23.3477236736674,30.1968365901227,25.));
#5150=CARTESIAN_POINT('Origin',(-23.3477236736674,31.537193174115,25.));
#5151=CARTESIAN_POINT('',(-23.3477236736674,31.537193174115,25.));
#5152=CARTESIAN_POINT('',(-23.3477236736674,25.8559752278342,25.));
#5153=CARTESIAN_POINT('',(-23.3477236736674,31.537193174115,25.2));
#5154=CARTESIAN_POINT('',(-23.3477236736674,30.1968365901227,25.2));
#5155=CARTESIAN_POINT('',(-23.3477236736674,31.537193174115,25.));
#5156=CARTESIAN_POINT('Origin',(-23.7107706806979,31.537193174115,25.));
#5157=CARTESIAN_POINT('',(-23.7107706806979,31.537193174115,25.));
#5158=CARTESIAN_POINT('',(-11.855385340349,31.537193174115,25.));
#5159=CARTESIAN_POINT('',(-23.7107706806979,31.537193174115,25.2));
#5160=CARTESIAN_POINT('',(-23.3477236736674,31.537193174115,25.2));
#5161=CARTESIAN_POINT('',(-23.7107706806979,31.537193174115,25.));
#5162=CARTESIAN_POINT('Origin',(-23.7107706806979,31.7203374231974,25.));
#5163=CARTESIAN_POINT('',(-23.7107706806979,31.7203374231974,25.));
#5164=CARTESIAN_POINT('',(-23.7107706806979,25.9475473523754,25.));
#5165=CARTESIAN_POINT('',(-23.7107706806979,31.7203374231974,25.2));
#5166=CARTESIAN_POINT('',(-23.7107706806979,31.537193174115,25.2));
#5167=CARTESIAN_POINT('',(-23.7107706806979,31.7203374231974,25.));
#5168=CARTESIAN_POINT('Ctrl Pts',(-23.2974805610872,31.9991056607387,25.));
#5169=CARTESIAN_POINT('Ctrl Pts',(-23.2974805610872,31.9991056607387,25.2));
#5170=CARTESIAN_POINT('Ctrl Pts',(-23.310446525624,31.8370311040286,25.));
#5171=CARTESIAN_POINT('Ctrl Pts',(-23.310446525624,31.8370311040286,25.2));
#5172=CARTESIAN_POINT('Ctrl Pts',(-23.5049359936761,31.7203374231974,25.));
#5173=CARTESIAN_POINT('Ctrl Pts',(-23.5049359936761,31.7203374231974,25.2));
#5174=CARTESIAN_POINT('Ctrl Pts',(-23.7107706806979,31.7203374231974,25.));
#5175=CARTESIAN_POINT('Ctrl Pts',(-23.7107706806979,31.7203374231974,25.2));
#5176=CARTESIAN_POINT('',(-23.2974805610872,31.9991056607387,25.));
#5177=CARTESIAN_POINT('Ctrl Pts',(-23.7107706806979,31.7203374231974,25.));
#5178=CARTESIAN_POINT('Ctrl Pts',(-23.5049359936761,31.7203374231974,25.));
#5179=CARTESIAN_POINT('Ctrl Pts',(-23.310446525624,31.8370311040286,25.));
#5180=CARTESIAN_POINT('Ctrl Pts',(-23.2974805610872,31.9991056607387,25.));
#5181=CARTESIAN_POINT('',(-23.2974805610872,31.9991056607387,25.2));
#5182=CARTESIAN_POINT('Ctrl Pts',(-23.2974805610872,31.9991056607387,25.2));
#5183=CARTESIAN_POINT('Ctrl Pts',(-23.310446525624,31.8370311040286,25.2));
#5184=CARTESIAN_POINT('Ctrl Pts',(-23.5049359936761,31.7203374231974,25.2));
#5185=CARTESIAN_POINT('Ctrl Pts',(-23.7107706806979,31.7203374231974,25.2));
#5186=CARTESIAN_POINT('',(-23.2974805610872,31.9991056607387,25.));
#5187=CARTESIAN_POINT('Origin',(-23.0900251284983,31.9991056607387,25.));
#5188=CARTESIAN_POINT('',(-23.0900251284983,31.9991056607387,25.));
#5189=CARTESIAN_POINT('',(-11.5450125642492,31.9991056607387,25.));
#5190=CARTESIAN_POINT('',(-23.0900251284983,31.9991056607387,25.2));
#5191=CARTESIAN_POINT('',(-23.2974805610872,31.9991056607387,25.2));
#5192=CARTESIAN_POINT('',(-23.0900251284983,31.9991056607387,25.));
#5193=CARTESIAN_POINT('Origin',(-23.0900251284983,30.1968365901227,25.));
#5194=CARTESIAN_POINT('',(-23.0900251284983,30.1968365901227,25.));
#5195=CARTESIAN_POINT('',(-23.0900251284983,25.185796935838,25.));
#5196=CARTESIAN_POINT('',(-23.0900251284983,30.1968365901227,25.2));
#5197=CARTESIAN_POINT('',(-23.0900251284983,31.9991056607387,25.2));
#5198=CARTESIAN_POINT('',(-23.0900251284983,30.1968365901227,25.));
#5199=CARTESIAN_POINT('Origin',(-22.7350818493033,30.1968365901227,25.));
#5200=CARTESIAN_POINT('',(-22.7350818493033,30.1968365901227,25.));
#5201=CARTESIAN_POINT('',(-11.3675409246516,30.1968365901227,25.));
#5202=CARTESIAN_POINT('',(-22.7350818493033,30.1968365901227,25.2));
#5203=CARTESIAN_POINT('',(-23.0900251284983,30.1968365901227,25.2));
#5204=CARTESIAN_POINT('',(-22.7350818493033,30.1968365901227,25.));
#5205=CARTESIAN_POINT('Origin',(-22.7350818493033,29.992622648668,25.));
#5206=CARTESIAN_POINT('',(-22.7350818493033,29.992622648668,25.));
#5207=CARTESIAN_POINT('',(-22.7350818493033,25.0836899651107,25.));
#5208=CARTESIAN_POINT('',(-22.7350818493033,29.992622648668,25.2));
#5209=CARTESIAN_POINT('',(-22.7350818493033,30.1968365901227,25.2));
#5210=CARTESIAN_POINT('',(-22.7350818493033,29.992622648668,25.));
#5211=CARTESIAN_POINT('Origin',(-23.7107706806979,29.992622648668,25.));
#5212=CARTESIAN_POINT('',(-11.855385340349,29.992622648668,25.));
#5213=CARTESIAN_POINT('',(-22.7350818493033,29.992622648668,25.2));
#5214=CARTESIAN_POINT('Origin',(-23.2576214491341,30.8331476079905,25.2));
#5215=CARTESIAN_POINT('Origin',(-26.044644297323,30.9229306041838,25.));
#5216=CARTESIAN_POINT('',(-25.3136880465606,29.992622648668,25.));
#5217=CARTESIAN_POINT('',(-26.044644297323,30.9229306041838,25.));
#5218=CARTESIAN_POINT('',(-18.4632237111066,21.2738498580903,25.));
#5219=CARTESIAN_POINT('',(-25.3136880465606,29.992622648668,25.2));
#5220=CARTESIAN_POINT('',(-25.3136880465606,29.992622648668,25.));
#5221=CARTESIAN_POINT('',(-26.044644297323,30.9229306041838,25.2));
#5222=CARTESIAN_POINT('',(-25.3136880465606,29.992622648668,25.2));
#5223=CARTESIAN_POINT('',(-26.044644297323,30.9229306041838,25.));
#5224=CARTESIAN_POINT('Origin',(-26.1613379781543,30.7916502132486,25.));
#5225=CARTESIAN_POINT('',(-26.1613379781543,30.7916502132486,25.));
#5226=CARTESIAN_POINT('',(-23.023719566017,34.3214709269031,25.));
#5227=CARTESIAN_POINT('',(-26.1613379781543,30.7916502132486,25.2));
#5228=CARTESIAN_POINT('',(-26.044644297323,30.9229306041838,25.2));
#5229=CARTESIAN_POINT('',(-26.1613379781543,30.7916502132486,25.));
#5230=CARTESIAN_POINT('Origin',(-26.1613379781543,29.992622648668,25.));
#5231=CARTESIAN_POINT('',(-26.1613379781543,29.992622648668,25.));
#5232=CARTESIAN_POINT('',(-26.1613379781543,25.0836899651107,25.));
#5233=CARTESIAN_POINT('',(-26.1613379781543,29.992622648668,25.2));
#5234=CARTESIAN_POINT('',(-26.1613379781543,30.7916502132486,25.2));
#5235=CARTESIAN_POINT('',(-26.1613379781543,29.992622648668,25.));
#5236=CARTESIAN_POINT('Origin',(-26.4271402511588,29.992622648668,25.));
#5237=CARTESIAN_POINT('',(-26.4271402511588,29.992622648668,25.));
#5238=CARTESIAN_POINT('',(-13.2135701255794,29.992622648668,25.));
#5239=CARTESIAN_POINT('',(-26.4271402511588,29.992622648668,25.2));
#5240=CARTESIAN_POINT('',(-26.1613379781543,29.992622648668,25.2));
#5241=CARTESIAN_POINT('',(-26.4271402511588,29.992622648668,25.));
#5242=CARTESIAN_POINT('Origin',(-26.4271402511588,31.9926226784703,25.));
#5243=CARTESIAN_POINT('',(-26.4271402511588,31.9926226784703,25.));
#5244=CARTESIAN_POINT('',(-26.4271402511588,26.0836899800118,25.));
#5245=CARTESIAN_POINT('',(-26.4271402511588,31.9926226784703,25.2));
#5246=CARTESIAN_POINT('',(-26.4271402511588,29.992622648668,25.2));
#5247=CARTESIAN_POINT('',(-26.4271402511588,31.9926226784703,25.));
#5248=CARTESIAN_POINT('Origin',(-26.1613379781543,31.9926226784703,25.));
#5249=CARTESIAN_POINT('',(-26.1613379781543,31.9926226784703,25.));
#5250=CARTESIAN_POINT('',(-13.0806689890771,31.9926226784703,25.));
#5251=CARTESIAN_POINT('',(-26.1613379781543,31.9926226784703,25.2));
#5252=CARTESIAN_POINT('',(-26.4271402511588,31.9926226784703,25.2));
#5253=CARTESIAN_POINT('',(-26.1613379781543,31.9926226784703,25.));
#5254=CARTESIAN_POINT('Origin',(-26.1613379781543,31.0736599419242,25.));
#5255=CARTESIAN_POINT('',(-26.1613379781543,31.0736599419242,25.));
#5256=CARTESIAN_POINT('',(-26.1613379781543,25.6242086117388,25.));
#5257=CARTESIAN_POINT('',(-26.1613379781543,31.0736599419242,25.2));
#5258=CARTESIAN_POINT('',(-26.1613379781543,31.9926226784703,25.2));
#5259=CARTESIAN_POINT('',(-26.1613379781543,31.0736599419242,25.));
#5260=CARTESIAN_POINT('Origin',(-25.3412407212013,31.9926226784703,25.));
#5261=CARTESIAN_POINT('',(-25.3412407212013,31.9926226784703,25.));
#5262=CARTESIAN_POINT('',(-22.6593648793007,34.9978076633667,25.));
#5263=CARTESIAN_POINT('',(-25.3412407212013,31.9926226784703,25.2));
#5264=CARTESIAN_POINT('',(-26.1613379781543,31.0736599419242,25.2));
#5265=CARTESIAN_POINT('',(-25.3412407212013,31.9926226784703,25.));
#5266=CARTESIAN_POINT('Origin',(-25.0170916077811,31.9926226784703,25.));
#5267=CARTESIAN_POINT('',(-25.0170916077811,31.9926226784703,25.));
#5268=CARTESIAN_POINT('',(-12.5085458038906,31.9926226784703,25.));
#5269=CARTESIAN_POINT('',(-25.0170916077811,31.9926226784703,25.2));
#5270=CARTESIAN_POINT('',(-25.3412407212013,31.9926226784703,25.2));
#5271=CARTESIAN_POINT('',(-25.0170916077811,31.9926226784703,25.));
#5272=CARTESIAN_POINT('Origin',(-25.8452925925696,31.0995918709978,25.));
#5273=CARTESIAN_POINT('',(-25.8452925925696,31.0995918709978,25.));
#5274=CARTESIAN_POINT('',(-22.5934790496,34.6059505053936,25.));
#5275=CARTESIAN_POINT('',(-25.8452925925696,31.0995918709978,25.2));
#5276=CARTESIAN_POINT('',(-25.0170916077811,31.9926226784703,25.2));
#5277=CARTESIAN_POINT('',(-25.8452925925696,31.0995918709978,25.));
#5278=CARTESIAN_POINT('Origin',(-24.9684692407681,29.992622648668,25.));
#5279=CARTESIAN_POINT('',(-24.9684692407681,29.992622648668,25.));
#5280=CARTESIAN_POINT('',(-17.7661777562507,20.8998960610055,25.));
#5281=CARTESIAN_POINT('',(-24.9684692407681,29.992622648668,25.2));
#5282=CARTESIAN_POINT('',(-25.8452925925696,31.0995918709978,25.2));
#5283=CARTESIAN_POINT('',(-24.9684692407681,29.992622648668,25.));
#5284=CARTESIAN_POINT('Origin',(-25.3136880465606,29.992622648668,25.));
#5285=CARTESIAN_POINT('',(-12.6568440232803,29.992622648668,25.));
#5286=CARTESIAN_POINT('',(-24.9684692407681,29.992622648668,25.2));
#5287=CARTESIAN_POINT('Origin',(-25.8547365497767,30.9974161012463,25.2));
#5288=CARTESIAN_POINT('Ctrl Pts',(-27.1743039575922,31.2470797176039,25.));
#5289=CARTESIAN_POINT('Ctrl Pts',(-27.1743039575922,31.2470797176039,25.2));
#5290=CARTESIAN_POINT('Ctrl Pts',(-27.1127156260424,31.2859776112144,25.));
#5291=CARTESIAN_POINT('Ctrl Pts',(-27.1127156260424,31.2859776112144,25.2));
#5292=CARTESIAN_POINT('Ctrl Pts',(-27.0624725134623,31.4107750198811,25.));
#5293=CARTESIAN_POINT('Ctrl Pts',(-27.0624725134623,31.4107750198811,25.2));
#5294=CARTESIAN_POINT('Ctrl Pts',(-27.0624725134623,31.504778262773,25.));
#5295=CARTESIAN_POINT('Ctrl Pts',(-27.0624725134623,31.504778262773,25.2));
#5296=CARTESIAN_POINT('',(-27.1743039575922,31.2470797176039,25.));
#5297=CARTESIAN_POINT('',(-27.0624725134623,31.504778262773,25.));
#5298=CARTESIAN_POINT('Ctrl Pts',(-27.1743039575922,31.2470797176039,25.));
#5299=CARTESIAN_POINT('Ctrl Pts',(-27.1127156260424,31.2859776112144,25.));
#5300=CARTESIAN_POINT('Ctrl Pts',(-27.0624725134623,31.4107750198811,25.));
#5301=CARTESIAN_POINT('Ctrl Pts',(-27.0624725134623,31.504778262773,25.));
#5302=CARTESIAN_POINT('',(-27.1743039575922,31.2470797176039,25.2));
#5303=CARTESIAN_POINT('',(-27.1743039575922,31.2470797176039,25.));
#5304=CARTESIAN_POINT('',(-27.0624725134623,31.504778262773,25.2));
#5305=CARTESIAN_POINT('Ctrl Pts',(-27.0624725134623,31.504778262773,25.2));
#5306=CARTESIAN_POINT('Ctrl Pts',(-27.0624725134623,31.4107750198811,25.2));
#5307=CARTESIAN_POINT('Ctrl Pts',(-27.1127156260424,31.2859776112144,25.2));
#5308=CARTESIAN_POINT('Ctrl Pts',(-27.1743039575922,31.2470797176039,25.2));
#5309=CARTESIAN_POINT('',(-27.0624725134623,31.504778262773,25.));
#5310=CARTESIAN_POINT('Ctrl Pts',(-27.4806248697743,31.1806291493528,25.));
#5311=CARTESIAN_POINT('Ctrl Pts',(-27.4806248697743,31.1806291493528,25.2));
#5312=CARTESIAN_POINT('Ctrl Pts',(-27.3558274611075,31.1806291493528,25.));
#5313=CARTESIAN_POINT('Ctrl Pts',(-27.3558274611075,31.1806291493528,25.2));
#5314=CARTESIAN_POINT('Ctrl Pts',(-27.2375130347092,31.2065610784264,25.));
#5315=CARTESIAN_POINT('Ctrl Pts',(-27.2375130347092,31.2065610784264,25.2));
#5316=CARTESIAN_POINT('Ctrl Pts',(-27.1743039575922,31.2470797176039,25.));
#5317=CARTESIAN_POINT('Ctrl Pts',(-27.1743039575922,31.2470797176039,25.2));
#5318=CARTESIAN_POINT('',(-27.4806248697743,31.1806291493528,25.));
#5319=CARTESIAN_POINT('Ctrl Pts',(-27.4806248697743,31.1806291493528,25.));
#5320=CARTESIAN_POINT('Ctrl Pts',(-27.3558274611075,31.1806291493528,25.));
#5321=CARTESIAN_POINT('Ctrl Pts',(-27.2375130347092,31.2065610784264,25.));
#5322=CARTESIAN_POINT('Ctrl Pts',(-27.1743039575922,31.2470797176039,25.));
#5323=CARTESIAN_POINT('',(-27.4806248697743,31.1806291493528,25.2));
#5324=CARTESIAN_POINT('',(-27.4806248697743,31.1806291493528,25.));
#5325=CARTESIAN_POINT('Ctrl Pts',(-27.1743039575922,31.2470797176039,25.2));
#5326=CARTESIAN_POINT('Ctrl Pts',(-27.2375130347092,31.2065610784264,25.2));
#5327=CARTESIAN_POINT('Ctrl Pts',(-27.3558274611075,31.1806291493528,25.2));
#5328=CARTESIAN_POINT('Ctrl Pts',(-27.4806248697743,31.1806291493528,25.2));
#5329=CARTESIAN_POINT('Origin',(-27.782083545255,31.1806291493528,25.));
#5330=CARTESIAN_POINT('',(-27.782083545255,31.1806291493528,25.));
#5331=CARTESIAN_POINT('',(-13.8910417726275,31.1806291493528,25.));
#5332=CARTESIAN_POINT('',(-27.782083545255,31.1806291493528,25.2));
#5333=CARTESIAN_POINT('',(-27.782083545255,31.1806291493528,25.));
#5334=CARTESIAN_POINT('',(-27.6449143487444,31.1806291493528,25.2));
#5335=CARTESIAN_POINT('Origin',(-27.782083545255,31.7657182990762,25.));
#5336=CARTESIAN_POINT('',(-27.782083545255,31.7657182990762,25.));
#5337=CARTESIAN_POINT('',(-27.782083545255,25.9702377903148,25.));
#5338=CARTESIAN_POINT('',(-27.782083545255,31.7657182990762,25.2));
#5339=CARTESIAN_POINT('',(-27.782083545255,31.7657182990762,25.));
#5340=CARTESIAN_POINT('',(-27.782083545255,31.3797802749563,25.2));
#5341=CARTESIAN_POINT('Origin',(-27.5276264912202,31.7657182990762,25.));
#5342=CARTESIAN_POINT('',(-27.5276264912202,31.7657182990762,25.));
#5343=CARTESIAN_POINT('',(-13.7638132456101,31.7657182990762,25.));
#5344=CARTESIAN_POINT('',(-27.5276264912202,31.7657182990762,25.2));
#5345=CARTESIAN_POINT('',(-27.5276264912202,31.7657182990762,25.));
#5346=CARTESIAN_POINT('',(-27.517685821727,31.7657182990762,25.2));
#5347=CARTESIAN_POINT('Ctrl Pts',(-27.1645794841896,31.713854440929,25.));
#5348=CARTESIAN_POINT('Ctrl Pts',(-27.1645794841896,31.713854440929,25.2));
#5349=CARTESIAN_POINT('Ctrl Pts',(-27.2294093068736,31.7495108434052,25.));
#5350=CARTESIAN_POINT('Ctrl Pts',(-27.2294093068736,31.7495108434052,25.2));
#5351=CARTESIAN_POINT('Ctrl Pts',(-27.3866216268824,31.7657182990762,25.));
#5352=CARTESIAN_POINT('Ctrl Pts',(-27.3866216268824,31.7657182990762,25.2));
#5353=CARTESIAN_POINT('Ctrl Pts',(-27.5276264912202,31.7657182990762,25.));
#5354=CARTESIAN_POINT('Ctrl Pts',(-27.5276264912202,31.7657182990762,25.2));
#5355=CARTESIAN_POINT('',(-27.1645794841896,31.713854440929,25.));
#5356=CARTESIAN_POINT('Ctrl Pts',(-27.1645794841896,31.713854440929,25.));
#5357=CARTESIAN_POINT('Ctrl Pts',(-27.2294093068736,31.7495108434052,25.));
#5358=CARTESIAN_POINT('Ctrl Pts',(-27.3866216268824,31.7657182990762,25.));
#5359=CARTESIAN_POINT('Ctrl Pts',(-27.5276264912202,31.7657182990762,25.));
#5360=CARTESIAN_POINT('',(-27.1645794841896,31.713854440929,25.2));
#5361=CARTESIAN_POINT('',(-27.1645794841896,31.713854440929,25.));
#5362=CARTESIAN_POINT('Ctrl Pts',(-27.5276264912202,31.7657182990762,25.2));
#5363=CARTESIAN_POINT('Ctrl Pts',(-27.3866216268824,31.7657182990762,25.2));
#5364=CARTESIAN_POINT('Ctrl Pts',(-27.2294093068736,31.7495108434052,25.2));
#5365=CARTESIAN_POINT('Ctrl Pts',(-27.1645794841896,31.713854440929,25.2));
#5366=CARTESIAN_POINT('Ctrl Pts',(-27.0624725134623,31.504778262773,25.));
#5367=CARTESIAN_POINT('Ctrl Pts',(-27.0624725134623,31.504778262773,25.2));
#5368=CARTESIAN_POINT('Ctrl Pts',(-27.0624725134623,31.5760910677254,25.));
#5369=CARTESIAN_POINT('Ctrl Pts',(-27.0624725134623,31.5760910677254,25.2));
#5370=CARTESIAN_POINT('Ctrl Pts',(-27.1110948804753,31.683060275154,25.));
#5371=CARTESIAN_POINT('Ctrl Pts',(-27.1110948804753,31.683060275154,25.2));
#5372=CARTESIAN_POINT('Ctrl Pts',(-27.1645794841896,31.713854440929,25.));
#5373=CARTESIAN_POINT('Ctrl Pts',(-27.1645794841896,31.713854440929,25.2));
#5374=CARTESIAN_POINT('Ctrl Pts',(-27.0624725134623,31.504778262773,25.));
#5375=CARTESIAN_POINT('Ctrl Pts',(-27.0624725134623,31.5760910677254,25.));
#5376=CARTESIAN_POINT('Ctrl Pts',(-27.1110948804753,31.683060275154,25.));
#5377=CARTESIAN_POINT('Ctrl Pts',(-27.1645794841896,31.713854440929,25.));
#5378=CARTESIAN_POINT('Ctrl Pts',(-27.1645794841896,31.713854440929,25.2));
#5379=CARTESIAN_POINT('Ctrl Pts',(-27.1110948804753,31.683060275154,25.2));
#5380=CARTESIAN_POINT('Ctrl Pts',(-27.0624725134623,31.5760910677254,25.2));
#5381=CARTESIAN_POINT('Ctrl Pts',(-27.0624725134623,31.504778262773,25.2));
#5382=CARTESIAN_POINT('Ctrl Pts',(-27.1127156260424,30.3038057975513,25.));
#5383=CARTESIAN_POINT('Ctrl Pts',(-27.1127156260424,30.3038057975513,25.2));
#5384=CARTESIAN_POINT('Ctrl Pts',(-27.0381613299558,30.3572904012656,25.));
#5385=CARTESIAN_POINT('Ctrl Pts',(-27.0381613299558,30.3572904012656,25.2));
#5386=CARTESIAN_POINT('Ctrl Pts',(-26.9684692705704,30.4901915377679,25.));
#5387=CARTESIAN_POINT('Ctrl Pts',(-26.9684692705704,30.4901915377679,25.2));
#5388=CARTESIAN_POINT('Ctrl Pts',(-26.9684692705704,30.5955399996294,25.));
#5389=CARTESIAN_POINT('Ctrl Pts',(-26.9684692705704,30.5955399996294,25.2));
#5390=CARTESIAN_POINT('',(-27.1127156260424,30.3038057975513,25.));
#5391=CARTESIAN_POINT('',(-26.9684692705704,30.5955399996294,25.));
#5392=CARTESIAN_POINT('Ctrl Pts',(-27.1127156260424,30.3038057975513,25.));
#5393=CARTESIAN_POINT('Ctrl Pts',(-27.0381613299558,30.3572904012656,25.));
#5394=CARTESIAN_POINT('Ctrl Pts',(-26.9684692705704,30.4901915377679,25.));
#5395=CARTESIAN_POINT('Ctrl Pts',(-26.9684692705704,30.5955399996294,25.));
#5396=CARTESIAN_POINT('',(-27.1127156260424,30.3038057975513,25.2));
#5397=CARTESIAN_POINT('',(-27.1127156260424,30.3038057975513,25.));
#5398=CARTESIAN_POINT('',(-26.9684692705704,30.5955399996294,25.2));
#5399=CARTESIAN_POINT('Ctrl Pts',(-26.9684692705704,30.5955399996294,25.2));
#5400=CARTESIAN_POINT('Ctrl Pts',(-26.9684692705704,30.4901915377679,25.2));
#5401=CARTESIAN_POINT('Ctrl Pts',(-27.0381613299558,30.3572904012656,25.2));
#5402=CARTESIAN_POINT('Ctrl Pts',(-27.1127156260424,30.3038057975513,25.2));
#5403=CARTESIAN_POINT('',(-26.9684692705704,30.5955399996294,25.));
#5404=CARTESIAN_POINT('Ctrl Pts',(-27.5665243848306,30.2195270280621,25.));
#5405=CARTESIAN_POINT('Ctrl Pts',(-27.5665243848306,30.2195270280621,25.2));
#5406=CARTESIAN_POINT('Ctrl Pts',(-27.3914838635837,30.2195270280621,25.));
#5407=CARTESIAN_POINT('Ctrl Pts',(-27.3914838635837,30.2195270280621,25.2));
#5408=CARTESIAN_POINT('Ctrl Pts',(-27.1905114132632,30.2519419394041,25.));
#5409=CARTESIAN_POINT('Ctrl Pts',(-27.1905114132632,30.2519419394041,25.2));
#5410=CARTESIAN_POINT('Ctrl Pts',(-27.1127156260424,30.3038057975513,25.));
#5411=CARTESIAN_POINT('Ctrl Pts',(-27.1127156260424,30.3038057975513,25.2));
#5412=CARTESIAN_POINT('',(-27.5665243848306,30.2195270280621,25.));
#5413=CARTESIAN_POINT('Ctrl Pts',(-27.5665243848306,30.2195270280621,25.));
#5414=CARTESIAN_POINT('Ctrl Pts',(-27.3914838635837,30.2195270280621,25.));
#5415=CARTESIAN_POINT('Ctrl Pts',(-27.1905114132632,30.2519419394041,25.));
#5416=CARTESIAN_POINT('Ctrl Pts',(-27.1127156260424,30.3038057975513,25.));
#5417=CARTESIAN_POINT('',(-27.5665243848306,30.2195270280621,25.2));
#5418=CARTESIAN_POINT('',(-27.5665243848306,30.2195270280621,25.));
#5419=CARTESIAN_POINT('Ctrl Pts',(-27.1127156260424,30.3038057975513,25.2));
#5420=CARTESIAN_POINT('Ctrl Pts',(-27.1905114132632,30.2519419394041,25.2));
#5421=CARTESIAN_POINT('Ctrl Pts',(-27.3914838635837,30.2195270280621,25.2));
#5422=CARTESIAN_POINT('Ctrl Pts',(-27.5665243848306,30.2195270280621,25.2));
#5423=CARTESIAN_POINT('Origin',(-27.782083545255,30.2195270280621,25.));
#5424=CARTESIAN_POINT('',(-27.782083545255,30.2195270280621,25.));
#5425=CARTESIAN_POINT('',(-13.8910417726275,30.2195270280621,25.));
#5426=CARTESIAN_POINT('',(-27.782083545255,30.2195270280621,25.2));
#5427=CARTESIAN_POINT('',(-27.782083545255,30.2195270280621,25.));
#5428=CARTESIAN_POINT('',(-27.6449143487444,30.2195270280621,25.2));
#5429=CARTESIAN_POINT('Origin',(-27.782083545255,30.95858700666,25.));
#5430=CARTESIAN_POINT('',(-27.782083545255,30.95858700666,25.));
#5431=CARTESIAN_POINT('',(-27.782083545255,25.5666721441067,25.));
#5432=CARTESIAN_POINT('',(-27.782083545255,30.95858700666,25.2));
#5433=CARTESIAN_POINT('',(-27.782083545255,30.95858700666,25.));
#5434=CARTESIAN_POINT('',(-27.782083545255,30.9762146287482,25.2));
#5435=CARTESIAN_POINT('Origin',(-27.4806248697743,30.95858700666,25.));
#5436=CARTESIAN_POINT('',(-27.4806248697743,30.95858700666,25.));
#5437=CARTESIAN_POINT('',(-13.7403124348871,30.95858700666,25.));
#5438=CARTESIAN_POINT('',(-27.4806248697743,30.95858700666,25.2));
#5439=CARTESIAN_POINT('',(-27.4806248697743,30.95858700666,25.));
#5440=CARTESIAN_POINT('',(-27.494185011004,30.95858700666,25.2));
#5441=CARTESIAN_POINT('Ctrl Pts',(-27.1305438272805,30.9067231485128,25.));
#5442=CARTESIAN_POINT('Ctrl Pts',(-27.1305438272805,30.9067231485128,25.2));
#5443=CARTESIAN_POINT('Ctrl Pts',(-27.1937529043974,30.9391380598548,25.));
#5444=CARTESIAN_POINT('Ctrl Pts',(-27.1937529043974,30.9391380598548,25.2));
#5445=CARTESIAN_POINT('Ctrl Pts',(-27.3428614965707,30.95858700666,25.));
#5446=CARTESIAN_POINT('Ctrl Pts',(-27.3428614965707,30.95858700666,25.2));
#5447=CARTESIAN_POINT('Ctrl Pts',(-27.4806248697743,30.95858700666,25.));
#5448=CARTESIAN_POINT('Ctrl Pts',(-27.4806248697743,30.95858700666,25.2));
#5449=CARTESIAN_POINT('',(-27.1305438272805,30.9067231485128,25.));
#5450=CARTESIAN_POINT('Ctrl Pts',(-27.1305438272805,30.9067231485128,25.));
#5451=CARTESIAN_POINT('Ctrl Pts',(-27.1937529043974,30.9391380598548,25.));
#5452=CARTESIAN_POINT('Ctrl Pts',(-27.3428614965707,30.95858700666,25.));
#5453=CARTESIAN_POINT('Ctrl Pts',(-27.4806248697743,30.95858700666,25.));
#5454=CARTESIAN_POINT('',(-27.1305438272805,30.9067231485128,25.2));
#5455=CARTESIAN_POINT('',(-27.1305438272805,30.9067231485128,25.));
#5456=CARTESIAN_POINT('Ctrl Pts',(-27.4806248697743,30.95858700666,25.2));
#5457=CARTESIAN_POINT('Ctrl Pts',(-27.3428614965707,30.95858700666,25.2));
#5458=CARTESIAN_POINT('Ctrl Pts',(-27.1937529043974,30.9391380598548,25.2));
#5459=CARTESIAN_POINT('Ctrl Pts',(-27.1305438272805,30.9067231485128,25.2));
#5460=CARTESIAN_POINT('Ctrl Pts',(-26.9684692705704,30.5955399996294,25.));
#5461=CARTESIAN_POINT('Ctrl Pts',(-26.9684692705704,30.5955399996294,25.2));
#5462=CARTESIAN_POINT('Ctrl Pts',(-26.9684692705704,30.7089921893265,25.));
#5463=CARTESIAN_POINT('Ctrl Pts',(-26.9684692705704,30.7089921893265,25.2));
#5464=CARTESIAN_POINT('Ctrl Pts',(-27.0332990932545,30.8548592903656,25.));
#5465=CARTESIAN_POINT('Ctrl Pts',(-27.0332990932545,30.8548592903656,25.2));
#5466=CARTESIAN_POINT('Ctrl Pts',(-27.1305438272805,30.9067231485128,25.));
#5467=CARTESIAN_POINT('Ctrl Pts',(-27.1305438272805,30.9067231485128,25.2));
#5468=CARTESIAN_POINT('Ctrl Pts',(-26.9684692705704,30.5955399996294,25.));
#5469=CARTESIAN_POINT('Ctrl Pts',(-26.9684692705704,30.7089921893265,25.));
#5470=CARTESIAN_POINT('Ctrl Pts',(-27.0332990932545,30.8548592903656,25.));
#5471=CARTESIAN_POINT('Ctrl Pts',(-27.1305438272805,30.9067231485128,25.));
#5472=CARTESIAN_POINT('Ctrl Pts',(-27.1305438272805,30.9067231485128,25.2));
#5473=CARTESIAN_POINT('Ctrl Pts',(-27.0332990932545,30.8548592903656,25.2));
#5474=CARTESIAN_POINT('Ctrl Pts',(-26.9684692705704,30.7089921893265,25.2));
#5475=CARTESIAN_POINT('Ctrl Pts',(-26.9684692705704,30.5955399996294,25.2));
#5476=CARTESIAN_POINT('Ctrl Pts',(-27.4741418875059,29.992622648668,25.));
#5477=CARTESIAN_POINT('Ctrl Pts',(-27.4741418875059,29.992622648668,25.2));
#5478=CARTESIAN_POINT('Ctrl Pts',(-27.2699279460512,29.992622648668,25.));
#5479=CARTESIAN_POINT('Ctrl Pts',(-27.2699279460512,29.992622648668,25.2));
#5480=CARTESIAN_POINT('Ctrl Pts',(-27.0122294008821,30.0671769447546,25.));
#5481=CARTESIAN_POINT('Ctrl Pts',(-27.0122294008821,30.0671769447546,25.2));
#5482=CARTESIAN_POINT('Ctrl Pts',(-26.8987772111851,30.154697205378,25.));
#5483=CARTESIAN_POINT('Ctrl Pts',(-26.8987772111851,30.154697205378,25.2));
#5484=CARTESIAN_POINT('',(-26.8987772111851,30.154697205378,25.));
#5485=CARTESIAN_POINT('',(-27.4741418875059,29.992622648668,25.));
#5486=CARTESIAN_POINT('Ctrl Pts',(-26.8987772111851,30.154697205378,25.));
#5487=CARTESIAN_POINT('Ctrl Pts',(-27.0122294008821,30.0671769447546,25.));
#5488=CARTESIAN_POINT('Ctrl Pts',(-27.2699279460512,29.992622648668,25.));
#5489=CARTESIAN_POINT('Ctrl Pts',(-27.4741418875059,29.992622648668,25.));
#5490=CARTESIAN_POINT('',(-26.8987772111851,30.154697205378,25.2));
#5491=CARTESIAN_POINT('',(-26.8987772111851,30.154697205378,25.));
#5492=CARTESIAN_POINT('',(-27.4741418875059,29.992622648668,25.2));
#5493=CARTESIAN_POINT('Ctrl Pts',(-27.4741418875059,29.992622648668,25.2));
#5494=CARTESIAN_POINT('Ctrl Pts',(-27.2699279460512,29.992622648668,25.2));
#5495=CARTESIAN_POINT('Ctrl Pts',(-27.0122294008821,30.0671769447546,25.2));
#5496=CARTESIAN_POINT('Ctrl Pts',(-26.8987772111851,30.154697205378,25.2));
#5497=CARTESIAN_POINT('',(-27.4741418875059,29.992622648668,25.));
#5498=CARTESIAN_POINT('Origin',(-28.0478858182595,29.992622648668,25.));
#5499=CARTESIAN_POINT('',(-28.0478858182595,29.992622648668,25.));
#5500=CARTESIAN_POINT('',(-14.0239429091298,29.992622648668,25.));
#5501=CARTESIAN_POINT('',(-28.0478858182595,29.992622648668,25.2));
#5502=CARTESIAN_POINT('',(-27.4741418875059,29.992622648668,25.2));
#5503=CARTESIAN_POINT('',(-28.0478858182595,29.992622648668,25.));
#5504=CARTESIAN_POINT('Origin',(-28.0478858182595,31.9926226784703,25.));
#5505=CARTESIAN_POINT('',(-28.0478858182595,31.9926226784703,25.));
#5506=CARTESIAN_POINT('',(-28.0478858182595,26.0836899800118,25.));
#5507=CARTESIAN_POINT('',(-28.0478858182595,31.9926226784703,25.2));
#5508=CARTESIAN_POINT('',(-28.0478858182595,29.992622648668,25.2));
#5509=CARTESIAN_POINT('',(-28.0478858182595,31.9926226784703,25.));
#5510=CARTESIAN_POINT('Origin',(-27.5179020178176,31.9926226784703,25.));
#5511=CARTESIAN_POINT('',(-27.5179020178176,31.9926226784703,25.));
#5512=CARTESIAN_POINT('',(-13.7589510089088,31.9926226784703,25.));
#5513=CARTESIAN_POINT('',(-27.5179020178176,31.9926226784703,25.2));
#5514=CARTESIAN_POINT('',(-28.0478858182595,31.9926226784703,25.2));
#5515=CARTESIAN_POINT('',(-27.5179020178176,31.9926226784703,25.));
#5516=CARTESIAN_POINT('Ctrl Pts',(-26.9927804540769,31.9115854001152,25.));
#5517=CARTESIAN_POINT('Ctrl Pts',(-26.9927804540769,31.9115854001152,25.2));
#5518=CARTESIAN_POINT('Ctrl Pts',(-27.090025188103,31.9650700038296,25.));
#5519=CARTESIAN_POINT('Ctrl Pts',(-27.090025188103,31.9650700038296,25.2));
#5520=CARTESIAN_POINT('Ctrl Pts',(-27.3039636029603,31.9926226784703,25.));
#5521=CARTESIAN_POINT('Ctrl Pts',(-27.3039636029603,31.9926226784703,25.2));
#5522=CARTESIAN_POINT('Ctrl Pts',(-27.5179020178176,31.9926226784703,25.));
#5523=CARTESIAN_POINT('Ctrl Pts',(-27.5179020178176,31.9926226784703,25.2));
#5524=CARTESIAN_POINT('',(-26.9927804540769,31.9115854001152,25.));
#5525=CARTESIAN_POINT('Ctrl Pts',(-27.5179020178176,31.9926226784703,25.));
#5526=CARTESIAN_POINT('Ctrl Pts',(-27.3039636029603,31.9926226784703,25.));
#5527=CARTESIAN_POINT('Ctrl Pts',(-27.090025188103,31.9650700038296,25.));
#5528=CARTESIAN_POINT('Ctrl Pts',(-26.9927804540769,31.9115854001152,25.));
#5529=CARTESIAN_POINT('',(-26.9927804540769,31.9115854001152,25.2));
#5530=CARTESIAN_POINT('Ctrl Pts',(-26.9927804540769,31.9115854001152,25.2));
#5531=CARTESIAN_POINT('Ctrl Pts',(-27.090025188103,31.9650700038296,25.2));
#5532=CARTESIAN_POINT('Ctrl Pts',(-27.3039636029603,31.9926226784703,25.2));
#5533=CARTESIAN_POINT('Ctrl Pts',(-27.5179020178176,31.9926226784703,25.2));
#5534=CARTESIAN_POINT('',(-26.9927804540769,31.9115854001152,25.));
#5535=CARTESIAN_POINT('Ctrl Pts',(-26.785325021488,31.5420554108163,25.));
#5536=CARTESIAN_POINT('Ctrl Pts',(-26.785325021488,31.5420554108163,25.2));
#5537=CARTESIAN_POINT('Ctrl Pts',(-26.785325021488,31.6684735650501,25.));
#5538=CARTESIAN_POINT('Ctrl Pts',(-26.785325021488,31.6684735650501,25.2));
#5539=CARTESIAN_POINT('Ctrl Pts',(-26.8841905010812,31.8548593052667,25.));
#5540=CARTESIAN_POINT('Ctrl Pts',(-26.8841905010812,31.8548593052667,25.2));
#5541=CARTESIAN_POINT('Ctrl Pts',(-26.9927804540769,31.9115854001152,25.));
#5542=CARTESIAN_POINT('Ctrl Pts',(-26.9927804540769,31.9115854001152,25.2));
#5543=CARTESIAN_POINT('',(-26.785325021488,31.5420554108163,25.));
#5544=CARTESIAN_POINT('Ctrl Pts',(-26.9927804540769,31.9115854001152,25.));
#5545=CARTESIAN_POINT('Ctrl Pts',(-26.8841905010812,31.8548593052667,25.));
#5546=CARTESIAN_POINT('Ctrl Pts',(-26.785325021488,31.6684735650501,25.));
#5547=CARTESIAN_POINT('Ctrl Pts',(-26.785325021488,31.5420554108163,25.));
#5548=CARTESIAN_POINT('',(-26.785325021488,31.5420554108163,25.2));
#5549=CARTESIAN_POINT('Ctrl Pts',(-26.785325021488,31.5420554108163,25.2));
#5550=CARTESIAN_POINT('Ctrl Pts',(-26.785325021488,31.6684735650501,25.2));
#5551=CARTESIAN_POINT('Ctrl Pts',(-26.8841905010812,31.8548593052667,25.2));
#5552=CARTESIAN_POINT('Ctrl Pts',(-26.9927804540769,31.9115854001152,25.2));
#5553=CARTESIAN_POINT('',(-26.785325021488,31.5420554108163,25.));
#5554=CARTESIAN_POINT('Ctrl Pts',(-27.0657140045965,31.1141785811017,25.));
#5555=CARTESIAN_POINT('Ctrl Pts',(-27.0657140045965,31.1141785811017,25.2));
#5556=CARTESIAN_POINT('Ctrl Pts',(-26.9344336136613,31.1773876582186,25.));
#5557=CARTESIAN_POINT('Ctrl Pts',(-26.9344336136613,31.1773876582186,25.2));
#5558=CARTESIAN_POINT('Ctrl Pts',(-26.785325021488,31.4010505464785,25.));
#5559=CARTESIAN_POINT('Ctrl Pts',(-26.785325021488,31.4010505464785,25.2));
#5560=CARTESIAN_POINT('Ctrl Pts',(-26.785325021488,31.5420554108163,25.));
#5561=CARTESIAN_POINT('Ctrl Pts',(-26.785325021488,31.5420554108163,25.2));
#5562=CARTESIAN_POINT('',(-27.0657140045965,31.1141785811017,25.));
#5563=CARTESIAN_POINT('Ctrl Pts',(-26.785325021488,31.5420554108163,25.));
#5564=CARTESIAN_POINT('Ctrl Pts',(-26.785325021488,31.4010505464785,25.));
#5565=CARTESIAN_POINT('Ctrl Pts',(-26.9344336136613,31.1773876582186,25.));
#5566=CARTESIAN_POINT('Ctrl Pts',(-27.0657140045965,31.1141785811017,25.));
#5567=CARTESIAN_POINT('',(-27.0657140045965,31.1141785811017,25.2));
#5568=CARTESIAN_POINT('Ctrl Pts',(-27.0657140045965,31.1141785811017,25.2));
#5569=CARTESIAN_POINT('Ctrl Pts',(-26.9344336136613,31.1773876582186,25.2));
#5570=CARTESIAN_POINT('Ctrl Pts',(-26.785325021488,31.4010505464785,25.2));
#5571=CARTESIAN_POINT('Ctrl Pts',(-26.785325021488,31.5420554108163,25.2));
#5572=CARTESIAN_POINT('',(-27.0657140045965,31.1141785811017,25.));
#5573=CARTESIAN_POINT('Origin',(-27.0657140045965,31.1044541076991,25.));
#5574=CARTESIAN_POINT('',(-27.0657140045965,31.1044541076991,25.));
#5575=CARTESIAN_POINT('',(-27.0657140045965,25.6396056946262,25.));
#5576=CARTESIAN_POINT('',(-27.0657140045965,31.1044541076991,25.2));
#5577=CARTESIAN_POINT('',(-27.0657140045965,31.1141785811017,25.2));
#5578=CARTESIAN_POINT('',(-27.0657140045965,31.1044541076991,25.));
#5579=CARTESIAN_POINT('Ctrl Pts',(-26.6913217785962,30.6068852185991,25.));
#5580=CARTESIAN_POINT('Ctrl Pts',(-26.6913217785962,30.6068852185991,25.2));
#5581=CARTESIAN_POINT('Ctrl Pts',(-26.6913217785962,30.798133195517,25.));
#5582=CARTESIAN_POINT('Ctrl Pts',(-26.6913217785962,30.798133195517,25.2));
#5583=CARTESIAN_POINT('Ctrl Pts',(-26.8874319922154,31.0558317406861,25.));
#5584=CARTESIAN_POINT('Ctrl Pts',(-26.8874319922154,31.0558317406861,25.2));
#5585=CARTESIAN_POINT('Ctrl Pts',(-27.0657140045965,31.1044541076991,25.));
#5586=CARTESIAN_POINT('Ctrl Pts',(-27.0657140045965,31.1044541076991,25.2));
#5587=CARTESIAN_POINT('',(-26.6913217785962,30.6068852185991,25.));
#5588=CARTESIAN_POINT('Ctrl Pts',(-27.0657140045965,31.1044541076991,25.));
#5589=CARTESIAN_POINT('Ctrl Pts',(-26.8874319922154,31.0558317406861,25.));
#5590=CARTESIAN_POINT('Ctrl Pts',(-26.6913217785962,30.798133195517,25.));
#5591=CARTESIAN_POINT('Ctrl Pts',(-26.6913217785962,30.6068852185991,25.));
#5592=CARTESIAN_POINT('',(-26.6913217785962,30.6068852185991,25.2));
#5593=CARTESIAN_POINT('Ctrl Pts',(-26.6913217785962,30.6068852185991,25.2));
#5594=CARTESIAN_POINT('Ctrl Pts',(-26.6913217785962,30.798133195517,25.2));
#5595=CARTESIAN_POINT('Ctrl Pts',(-26.8874319922154,31.0558317406861,25.2));
#5596=CARTESIAN_POINT('Ctrl Pts',(-27.0657140045965,31.1044541076991,25.2));
#5597=CARTESIAN_POINT('',(-26.6913217785962,30.6068852185991,25.));
#5598=CARTESIAN_POINT('Ctrl Pts',(-26.8987772111851,30.154697205378,25.));
#5599=CARTESIAN_POINT('Ctrl Pts',(-26.8987772111851,30.154697205378,25.2));
#5600=CARTESIAN_POINT('Ctrl Pts',(-26.8047739682933,30.2292515014647,25.));
#5601=CARTESIAN_POINT('Ctrl Pts',(-26.8047739682933,30.2292515014647,25.2));
#5602=CARTESIAN_POINT('Ctrl Pts',(-26.6913217785962,30.4577766264259,25.));
#5603=CARTESIAN_POINT('Ctrl Pts',(-26.6913217785962,30.4577766264259,25.2));
#5604=CARTESIAN_POINT('Ctrl Pts',(-26.6913217785962,30.6068852185991,25.));
#5605=CARTESIAN_POINT('Ctrl Pts',(-26.6913217785962,30.6068852185991,25.2));
#5606=CARTESIAN_POINT('Ctrl Pts',(-26.6913217785962,30.6068852185991,25.));
#5607=CARTESIAN_POINT('Ctrl Pts',(-26.6913217785962,30.4577766264259,25.));
#5608=CARTESIAN_POINT('Ctrl Pts',(-26.8047739682933,30.2292515014647,25.));
#5609=CARTESIAN_POINT('Ctrl Pts',(-26.8987772111851,30.154697205378,25.));
#5610=CARTESIAN_POINT('Ctrl Pts',(-26.8987772111851,30.154697205378,25.2));
#5611=CARTESIAN_POINT('Ctrl Pts',(-26.8047739682933,30.2292515014647,25.2));
#5612=CARTESIAN_POINT('Ctrl Pts',(-26.6913217785962,30.4577766264259,25.2));
#5613=CARTESIAN_POINT('Ctrl Pts',(-26.6913217785962,30.6068852185991,25.2));
#5614=CARTESIAN_POINT('Origin',(-27.5077451522338,30.9938422508364,25.2));
#5615=CARTESIAN_POINT('Origin',(-24.8906734535473,30.9893811724349,25.));
#5616=CARTESIAN_POINT('',(-24.8906734535473,30.7462693373698,25.));
#5617=CARTESIAN_POINT('',(-24.8906734535473,30.9893811724349,25.));
#5618=CARTESIAN_POINT('',(-24.8906734535473,25.5820692269942,25.));
#5619=CARTESIAN_POINT('',(-24.8906734535473,30.7462693373698,25.2));
#5620=CARTESIAN_POINT('',(-24.8906734535473,30.7462693373698,25.));
#5621=CARTESIAN_POINT('',(-24.8906734535473,30.9893811724349,25.2));
#5622=CARTESIAN_POINT('',(-24.8906734535473,30.7462693373698,25.2));
#5623=CARTESIAN_POINT('',(-24.8906734535473,30.9893811724349,25.));
#5624=CARTESIAN_POINT('Origin',(-24.1337852737112,30.9893811724349,25.));
#5625=CARTESIAN_POINT('',(-24.1337852737112,30.9893811724349,25.));
#5626=CARTESIAN_POINT('',(-12.0668926368556,30.9893811724349,25.));
#5627=CARTESIAN_POINT('',(-24.1337852737112,30.9893811724349,25.2));
#5628=CARTESIAN_POINT('',(-24.8906734535473,30.9893811724349,25.2));
#5629=CARTESIAN_POINT('',(-24.1337852737112,30.9893811724349,25.));
#5630=CARTESIAN_POINT('Origin',(-24.1337852737112,30.7462693373698,25.));
#5631=CARTESIAN_POINT('',(-24.1337852737112,30.7462693373698,25.));
#5632=CARTESIAN_POINT('',(-24.1337852737112,25.4605133094616,25.));
#5633=CARTESIAN_POINT('',(-24.1337852737112,30.7462693373698,25.2));
#5634=CARTESIAN_POINT('',(-24.1337852737112,30.9893811724349,25.2));
#5635=CARTESIAN_POINT('',(-24.1337852737112,30.7462693373698,25.));
#5636=CARTESIAN_POINT('Origin',(-24.8906734535473,30.7462693373698,25.));
#5637=CARTESIAN_POINT('',(-12.4453367267736,30.7462693373698,25.));
#5638=CARTESIAN_POINT('',(-24.1337852737112,30.7462693373698,25.2));
#5639=CARTESIAN_POINT('Origin',(-24.5122293636292,30.8678252549024,25.2));
#5640=CARTESIAN_POINT('Origin',(-22.3671726055714,30.2762531229106,25.));
#5641=CARTESIAN_POINT('',(-22.3671726055714,29.992622648668,25.));
#5642=CARTESIAN_POINT('',(-22.3671726055714,30.2762531229106,25.));
#5643=CARTESIAN_POINT('',(-22.3671726055714,25.225505202232,25.));
#5644=CARTESIAN_POINT('',(-22.3671726055714,29.992622648668,25.2));
#5645=CARTESIAN_POINT('',(-22.3671726055714,29.992622648668,25.));
#5646=CARTESIAN_POINT('',(-22.3671726055714,30.2762531229106,25.2));
#5647=CARTESIAN_POINT('',(-22.3671726055714,29.992622648668,25.2));
#5648=CARTESIAN_POINT('',(-22.3671726055714,30.2762531229106,25.));
#5649=CARTESIAN_POINT('Ctrl Pts',(-21.8841904265754,30.7576145563395,25.));
#5650=CARTESIAN_POINT('Ctrl Pts',(-21.8841904265754,30.7576145563395,25.2));
#5651=CARTESIAN_POINT('Ctrl Pts',(-21.9976426162724,30.6328171476728,25.));
#5652=CARTESIAN_POINT('Ctrl Pts',(-21.9976426162724,30.6328171476728,25.2));
#5653=CARTESIAN_POINT('Ctrl Pts',(-22.2342714690691,30.4010505315773,25.));
#5654=CARTESIAN_POINT('Ctrl Pts',(-22.2342714690691,30.4010505315773,25.2));
#5655=CARTESIAN_POINT('Ctrl Pts',(-22.3671726055714,30.2762531229106,25.));
#5656=CARTESIAN_POINT('Ctrl Pts',(-22.3671726055714,30.2762531229106,25.2));
#5657=CARTESIAN_POINT('',(-21.8841904265754,30.7576145563395,25.));
#5658=CARTESIAN_POINT('Ctrl Pts',(-22.3671726055714,30.2762531229106,25.));
#5659=CARTESIAN_POINT('Ctrl Pts',(-22.2342714690691,30.4010505315773,25.));
#5660=CARTESIAN_POINT('Ctrl Pts',(-21.9976426162724,30.6328171476728,25.));
#5661=CARTESIAN_POINT('Ctrl Pts',(-21.8841904265754,30.7576145563395,25.));
#5662=CARTESIAN_POINT('',(-21.8841904265754,30.7576145563395,25.2));
#5663=CARTESIAN_POINT('Ctrl Pts',(-21.8841904265754,30.7576145563395,25.2));
#5664=CARTESIAN_POINT('Ctrl Pts',(-21.9976426162724,30.6328171476728,25.2));
#5665=CARTESIAN_POINT('Ctrl Pts',(-22.2342714690691,30.4010505315773,25.2));
#5666=CARTESIAN_POINT('Ctrl Pts',(-22.3671726055714,30.2762531229106,25.2));
#5667=CARTESIAN_POINT('',(-21.8841904265754,30.7576145563395,25.));
#5668=CARTESIAN_POINT('Ctrl Pts',(-21.4887285082028,31.4707426058638,25.));
#5669=CARTESIAN_POINT('Ctrl Pts',(-21.4887285082028,31.4707426058638,25.2));
#5670=CARTESIAN_POINT('Ctrl Pts',(-21.4887285082028,31.3102887947209,25.));
#5671=CARTESIAN_POINT('Ctrl Pts',(-21.4887285082028,31.3102887947209,25.2));
#5672=CARTESIAN_POINT('Ctrl Pts',(-21.6556653016142,31.0088301192401,25.));
#5673=CARTESIAN_POINT('Ctrl Pts',(-21.6556653016142,31.0088301192401,25.2));
#5674=CARTESIAN_POINT('Ctrl Pts',(-21.8841904265754,30.7576145563395,25.));
#5675=CARTESIAN_POINT('Ctrl Pts',(-21.8841904265754,30.7576145563395,25.2));
#5676=CARTESIAN_POINT('',(-21.4887285082028,31.4707426058638,25.));
#5677=CARTESIAN_POINT('Ctrl Pts',(-21.8841904265754,30.7576145563395,25.));
#5678=CARTESIAN_POINT('Ctrl Pts',(-21.6556653016142,31.0088301192401,25.));
#5679=CARTESIAN_POINT('Ctrl Pts',(-21.4887285082028,31.3102887947209,25.));
#5680=CARTESIAN_POINT('Ctrl Pts',(-21.4887285082028,31.4707426058638,25.));
#5681=CARTESIAN_POINT('',(-21.4887285082028,31.4707426058638,25.2));
#5682=CARTESIAN_POINT('Ctrl Pts',(-21.4887285082028,31.4707426058638,25.2));
#5683=CARTESIAN_POINT('Ctrl Pts',(-21.4887285082028,31.3102887947209,25.2));
#5684=CARTESIAN_POINT('Ctrl Pts',(-21.6556653016142,31.0088301192401,25.2));
#5685=CARTESIAN_POINT('Ctrl Pts',(-21.8841904265754,30.7576145563395,25.2));
#5686=CARTESIAN_POINT('',(-21.4887285082028,31.4707426058638,25.));
#5687=CARTESIAN_POINT('Ctrl Pts',(-21.5875939877959,31.7219581687645,25.));
#5688=CARTESIAN_POINT('Ctrl Pts',(-21.5875939877959,31.7219581687645,25.2));
#5689=CARTESIAN_POINT('Ctrl Pts',(-21.54059236635,31.6814395295869,25.));
#5690=CARTESIAN_POINT('Ctrl Pts',(-21.54059236635,31.6814395295869,25.2));
#5691=CARTESIAN_POINT('Ctrl Pts',(-21.4887285082028,31.5550213753531,25.));
#5692=CARTESIAN_POINT('Ctrl Pts',(-21.4887285082028,31.5550213753531,25.2));
#5693=CARTESIAN_POINT('Ctrl Pts',(-21.4887285082028,31.4707426058638,25.));
#5694=CARTESIAN_POINT('Ctrl Pts',(-21.4887285082028,31.4707426058638,25.2));
#5695=CARTESIAN_POINT('',(-21.5875939877959,31.7219581687645,25.));
#5696=CARTESIAN_POINT('Ctrl Pts',(-21.4887285082028,31.4707426058638,25.));
#5697=CARTESIAN_POINT('Ctrl Pts',(-21.4887285082028,31.5550213753531,25.));
#5698=CARTESIAN_POINT('Ctrl Pts',(-21.54059236635,31.6814395295869,25.));
#5699=CARTESIAN_POINT('Ctrl Pts',(-21.5875939877959,31.7219581687645,25.));
#5700=CARTESIAN_POINT('',(-21.5875939877959,31.7219581687645,25.2));
#5701=CARTESIAN_POINT('Ctrl Pts',(-21.5875939877959,31.7219581687645,25.2));
#5702=CARTESIAN_POINT('Ctrl Pts',(-21.54059236635,31.6814395295869,25.2));
#5703=CARTESIAN_POINT('Ctrl Pts',(-21.4887285082028,31.5550213753531,25.2));
#5704=CARTESIAN_POINT('Ctrl Pts',(-21.4887285082028,31.4707426058638,25.2));
#5705=CARTESIAN_POINT('',(-21.5875939877959,31.7219581687645,25.));
#5706=CARTESIAN_POINT('Ctrl Pts',(-21.8323265684282,31.8029954471195,25.));
#5707=CARTESIAN_POINT('Ctrl Pts',(-21.8323265684282,31.8029954471195,25.2));
#5708=CARTESIAN_POINT('Ctrl Pts',(-21.7577722723415,31.8029954471195,25.));
#5709=CARTESIAN_POINT('Ctrl Pts',(-21.7577722723415,31.8029954471195,25.2));
#5710=CARTESIAN_POINT('Ctrl Pts',(-21.6345956092419,31.762476807942,25.));
#5711=CARTESIAN_POINT('Ctrl Pts',(-21.6345956092419,31.762476807942,25.2));
#5712=CARTESIAN_POINT('Ctrl Pts',(-21.5875939877959,31.7219581687645,25.));
#5713=CARTESIAN_POINT('Ctrl Pts',(-21.5875939877959,31.7219581687645,25.2));
#5714=CARTESIAN_POINT('',(-21.8323265684282,31.8029954471195,25.));
#5715=CARTESIAN_POINT('Ctrl Pts',(-21.5875939877959,31.7219581687645,25.));
#5716=CARTESIAN_POINT('Ctrl Pts',(-21.6345956092419,31.762476807942,25.));
#5717=CARTESIAN_POINT('Ctrl Pts',(-21.7577722723415,31.8029954471195,25.));
#5718=CARTESIAN_POINT('Ctrl Pts',(-21.8323265684282,31.8029954471195,25.));
#5719=CARTESIAN_POINT('',(-21.8323265684282,31.8029954471195,25.2));
#5720=CARTESIAN_POINT('Ctrl Pts',(-21.8323265684282,31.8029954471195,25.2));
#5721=CARTESIAN_POINT('Ctrl Pts',(-21.7577722723415,31.8029954471195,25.2));
#5722=CARTESIAN_POINT('Ctrl Pts',(-21.6345956092419,31.762476807942,25.2));
#5723=CARTESIAN_POINT('Ctrl Pts',(-21.5875939877959,31.7219581687645,25.2));
#5724=CARTESIAN_POINT('',(-21.8323265684282,31.8029954471195,25.));
#5725=CARTESIAN_POINT('Ctrl Pts',(-22.1159570426708,31.7397863700026,25.));
#5726=CARTESIAN_POINT('Ctrl Pts',(-22.1159570426708,31.7397863700026,25.2));
#5727=CARTESIAN_POINT('Ctrl Pts',(-22.0495064744197,31.7673390446433,25.));
#5728=CARTESIAN_POINT('Ctrl Pts',(-22.0495064744197,31.7673390446433,25.2));
#5729=CARTESIAN_POINT('Ctrl Pts',(-21.9036393733806,31.8029954471195,25.));
#5730=CARTESIAN_POINT('Ctrl Pts',(-21.9036393733806,31.8029954471195,25.2));
#5731=CARTESIAN_POINT('Ctrl Pts',(-21.8323265684282,31.8029954471195,25.));
#5732=CARTESIAN_POINT('Ctrl Pts',(-21.8323265684282,31.8029954471195,25.2));
#5733=CARTESIAN_POINT('',(-22.1159570426708,31.7397863700026,25.));
#5734=CARTESIAN_POINT('Ctrl Pts',(-21.8323265684282,31.8029954471195,25.));
#5735=CARTESIAN_POINT('Ctrl Pts',(-21.9036393733806,31.8029954471195,25.));
#5736=CARTESIAN_POINT('Ctrl Pts',(-22.0495064744197,31.7673390446433,25.));
#5737=CARTESIAN_POINT('Ctrl Pts',(-22.1159570426708,31.7397863700026,25.));
#5738=CARTESIAN_POINT('',(-22.1159570426708,31.7397863700026,25.2));
#5739=CARTESIAN_POINT('Ctrl Pts',(-22.1159570426708,31.7397863700026,25.2));
#5740=CARTESIAN_POINT('Ctrl Pts',(-22.0495064744197,31.7673390446433,25.2));
#5741=CARTESIAN_POINT('Ctrl Pts',(-21.9036393733806,31.8029954471195,25.2));
#5742=CARTESIAN_POINT('Ctrl Pts',(-21.8323265684282,31.8029954471195,25.2));
#5743=CARTESIAN_POINT('',(-22.1159570426708,31.7397863700026,25.));
#5744=CARTESIAN_POINT('Ctrl Pts',(-22.3104465107229,31.6295756714397,25.));
#5745=CARTESIAN_POINT('Ctrl Pts',(-22.3104465107229,31.6295756714397,25.2));
#5746=CARTESIAN_POINT('Ctrl Pts',(-22.2780315993809,31.6522661093791,25.));
#5747=CARTESIAN_POINT('Ctrl Pts',(-22.2780315993809,31.6522661093791,25.2));
#5748=CARTESIAN_POINT('Ctrl Pts',(-22.1726831375193,31.7170959320632,25.));
#5749=CARTESIAN_POINT('Ctrl Pts',(-22.1726831375193,31.7170959320632,25.2));
#5750=CARTESIAN_POINT('Ctrl Pts',(-22.1159570426708,31.7397863700026,25.));
#5751=CARTESIAN_POINT('Ctrl Pts',(-22.1159570426708,31.7397863700026,25.2));
#5752=CARTESIAN_POINT('',(-22.3104465107229,31.6295756714397,25.));
#5753=CARTESIAN_POINT('Ctrl Pts',(-22.1159570426708,31.7397863700026,25.));
#5754=CARTESIAN_POINT('Ctrl Pts',(-22.1726831375193,31.7170959320632,25.));
#5755=CARTESIAN_POINT('Ctrl Pts',(-22.2780315993809,31.6522661093791,25.));
#5756=CARTESIAN_POINT('Ctrl Pts',(-22.3104465107229,31.6295756714397,25.));
#5757=CARTESIAN_POINT('',(-22.3104465107229,31.6295756714397,25.2));
#5758=CARTESIAN_POINT('Ctrl Pts',(-22.3104465107229,31.6295756714397,25.2));
#5759=CARTESIAN_POINT('Ctrl Pts',(-22.2780315993809,31.6522661093791,25.2));
#5760=CARTESIAN_POINT('Ctrl Pts',(-22.1726831375193,31.7170959320632,25.2));
#5761=CARTESIAN_POINT('Ctrl Pts',(-22.1159570426708,31.7397863700026,25.2));
#5762=CARTESIAN_POINT('',(-22.3104465107229,31.6295756714397,25.));
#5763=CARTESIAN_POINT('Origin',(-22.3250332208268,31.6295756714397,25.));
#5764=CARTESIAN_POINT('',(-22.3250332208268,31.6295756714397,25.));
#5765=CARTESIAN_POINT('',(-11.1625166104134,31.6295756714397,25.));
#5766=CARTESIAN_POINT('',(-22.3250332208268,31.6295756714397,25.2));
#5767=CARTESIAN_POINT('',(-22.3104465107229,31.6295756714397,25.2));
#5768=CARTESIAN_POINT('',(-22.3250332208268,31.6295756714397,25.));
#5769=CARTESIAN_POINT('Origin',(-22.3250332208268,31.9148268912494,25.));
#5770=CARTESIAN_POINT('',(-22.3250332208268,31.9148268912494,25.));
#5771=CARTESIAN_POINT('',(-22.3250332208268,26.0447920864014,25.));
#5772=CARTESIAN_POINT('',(-22.3250332208268,31.9148268912494,25.2));
#5773=CARTESIAN_POINT('',(-22.3250332208268,31.6295756714397,25.2));
#5774=CARTESIAN_POINT('',(-22.3250332208268,31.9148268912494,25.));
#5775=CARTESIAN_POINT('Ctrl Pts',(-21.812877621623,32.0347620632149,25.));
#5776=CARTESIAN_POINT('Ctrl Pts',(-21.812877621623,32.0347620632149,25.2));
#5777=CARTESIAN_POINT('Ctrl Pts',(-21.9457787581252,32.0347620632149,25.));
#5778=CARTESIAN_POINT('Ctrl Pts',(-21.9457787581252,32.0347620632149,25.2));
#5779=CARTESIAN_POINT('Ctrl Pts',(-22.2423751969046,31.955345530427,25.));
#5780=CARTESIAN_POINT('Ctrl Pts',(-22.2423751969046,31.955345530427,25.2));
#5781=CARTESIAN_POINT('Ctrl Pts',(-22.3250332208268,31.9148268912494,25.));
#5782=CARTESIAN_POINT('Ctrl Pts',(-22.3250332208268,31.9148268912494,25.2));
#5783=CARTESIAN_POINT('',(-21.812877621623,32.0347620632149,25.));
#5784=CARTESIAN_POINT('Ctrl Pts',(-22.3250332208268,31.9148268912494,25.));
#5785=CARTESIAN_POINT('Ctrl Pts',(-22.2423751969046,31.955345530427,25.));
#5786=CARTESIAN_POINT('Ctrl Pts',(-21.9457787581252,32.0347620632149,25.));
#5787=CARTESIAN_POINT('Ctrl Pts',(-21.812877621623,32.0347620632149,25.));
#5788=CARTESIAN_POINT('',(-21.812877621623,32.0347620632149,25.2));
#5789=CARTESIAN_POINT('Ctrl Pts',(-21.812877621623,32.0347620632149,25.2));
#5790=CARTESIAN_POINT('Ctrl Pts',(-21.9457787581252,32.0347620632149,25.2));
#5791=CARTESIAN_POINT('Ctrl Pts',(-22.2423751969046,31.955345530427,25.2));
#5792=CARTESIAN_POINT('Ctrl Pts',(-22.3250332208268,31.9148268912494,25.2));
#5793=CARTESIAN_POINT('',(-21.812877621623,32.0347620632149,25.));
#5794=CARTESIAN_POINT('Ctrl Pts',(-21.2164432529299,31.4853293159677,25.));
#5795=CARTESIAN_POINT('Ctrl Pts',(-21.2164432529299,31.4853293159677,25.2));
#5796=CARTESIAN_POINT('Ctrl Pts',(-21.2164432529299,31.7381656244355,25.));
#5797=CARTESIAN_POINT('Ctrl Pts',(-21.2164432529299,31.7381656244355,25.2));
#5798=CARTESIAN_POINT('Ctrl Pts',(-21.5324886385145,32.0347620632149,25.));
#5799=CARTESIAN_POINT('Ctrl Pts',(-21.5324886385145,32.0347620632149,25.2));
#5800=CARTESIAN_POINT('Ctrl Pts',(-21.812877621623,32.0347620632149,25.));
#5801=CARTESIAN_POINT('Ctrl Pts',(-21.812877621623,32.0347620632149,25.2));
#5802=CARTESIAN_POINT('',(-21.2164432529299,31.4853293159678,25.));
#5803=CARTESIAN_POINT('Ctrl Pts',(-21.812877621623,32.0347620632149,25.));
#5804=CARTESIAN_POINT('Ctrl Pts',(-21.5324886385145,32.0347620632149,25.));
#5805=CARTESIAN_POINT('Ctrl Pts',(-21.2164432529299,31.7381656244355,25.));
#5806=CARTESIAN_POINT('Ctrl Pts',(-21.2164432529299,31.4853293159677,25.));
#5807=CARTESIAN_POINT('',(-21.2164432529299,31.4853293159678,25.2));
#5808=CARTESIAN_POINT('Ctrl Pts',(-21.2164432529299,31.4853293159677,25.2));
#5809=CARTESIAN_POINT('Ctrl Pts',(-21.2164432529299,31.7381656244355,25.2));
#5810=CARTESIAN_POINT('Ctrl Pts',(-21.5324886385145,32.0347620632149,25.2));
#5811=CARTESIAN_POINT('Ctrl Pts',(-21.812877621623,32.0347620632149,25.2));
#5812=CARTESIAN_POINT('',(-21.2164432529299,31.4853293159678,25.));
#5813=CARTESIAN_POINT('Ctrl Pts',(-21.3201709692243,31.0850051608939,25.));
#5814=CARTESIAN_POINT('Ctrl Pts',(-21.3201709692243,31.0850051608939,25.2));
#5815=CARTESIAN_POINT('Ctrl Pts',(-21.2715486022113,31.1692839303831,25.));
#5816=CARTESIAN_POINT('Ctrl Pts',(-21.2715486022113,31.1692839303831,25.2));
#5817=CARTESIAN_POINT('Ctrl Pts',(-21.2164432529299,31.3670148895694,25.));
#5818=CARTESIAN_POINT('Ctrl Pts',(-21.2164432529299,31.3670148895694,25.2));
#5819=CARTESIAN_POINT('Ctrl Pts',(-21.2164432529299,31.4853293159677,25.));
#5820=CARTESIAN_POINT('Ctrl Pts',(-21.2164432529299,31.4853293159677,25.2));
#5821=CARTESIAN_POINT('',(-21.3201709692243,31.0850051608939,25.));
#5822=CARTESIAN_POINT('Ctrl Pts',(-21.2164432529299,31.4853293159677,25.));
#5823=CARTESIAN_POINT('Ctrl Pts',(-21.2164432529299,31.3670148895694,25.));
#5824=CARTESIAN_POINT('Ctrl Pts',(-21.2715486022113,31.1692839303831,25.));
#5825=CARTESIAN_POINT('Ctrl Pts',(-21.3201709692243,31.0850051608939,25.));
#5826=CARTESIAN_POINT('',(-21.3201709692243,31.0850051608939,25.2));
#5827=CARTESIAN_POINT('Ctrl Pts',(-21.3201709692243,31.0850051608939,25.2));
#5828=CARTESIAN_POINT('Ctrl Pts',(-21.2715486022113,31.1692839303831,25.2));
#5829=CARTESIAN_POINT('Ctrl Pts',(-21.2164432529299,31.3670148895694,25.2));
#5830=CARTESIAN_POINT('Ctrl Pts',(-21.2164432529299,31.4853293159677,25.2));
#5831=CARTESIAN_POINT('',(-21.3201709692243,31.0850051608939,25.));
#5832=CARTESIAN_POINT('Ctrl Pts',(-21.5875939877959,30.7430278462356,25.));
#5833=CARTESIAN_POINT('Ctrl Pts',(-21.5875939877959,30.7430278462356,25.2));
#5834=CARTESIAN_POINT('Ctrl Pts',(-21.5097982005751,30.8256858701577,25.));
#5835=CARTESIAN_POINT('Ctrl Pts',(-21.5097982005751,30.8256858701577,25.2));
#5836=CARTESIAN_POINT('Ctrl Pts',(-21.3687933362373,30.9974849002704,25.));
#5837=CARTESIAN_POINT('Ctrl Pts',(-21.3687933362373,30.9974849002704,25.2));
#5838=CARTESIAN_POINT('Ctrl Pts',(-21.3201709692243,31.0850051608939,25.));
#5839=CARTESIAN_POINT('Ctrl Pts',(-21.3201709692243,31.0850051608939,25.2));
#5840=CARTESIAN_POINT('',(-21.5875939877959,30.7430278462356,25.));
#5841=CARTESIAN_POINT('Ctrl Pts',(-21.3201709692243,31.0850051608939,25.));
#5842=CARTESIAN_POINT('Ctrl Pts',(-21.3687933362373,30.9974849002704,25.));
#5843=CARTESIAN_POINT('Ctrl Pts',(-21.5097982005751,30.8256858701577,25.));
#5844=CARTESIAN_POINT('Ctrl Pts',(-21.5875939877959,30.7430278462356,25.));
#5845=CARTESIAN_POINT('',(-21.5875939877959,30.7430278462356,25.2));
#5846=CARTESIAN_POINT('Ctrl Pts',(-21.5875939877959,30.7430278462356,25.2));
#5847=CARTESIAN_POINT('Ctrl Pts',(-21.5097982005751,30.8256858701577,25.2));
#5848=CARTESIAN_POINT('Ctrl Pts',(-21.3687933362373,30.9974849002704,25.2));
#5849=CARTESIAN_POINT('Ctrl Pts',(-21.3201709692243,31.0850051608939,25.2));
#5850=CARTESIAN_POINT('',(-21.5875939877959,30.7430278462356,25.));
#5851=CARTESIAN_POINT('Ctrl Pts',(-22.1159570426708,30.2243892647634,25.));
#5852=CARTESIAN_POINT('Ctrl Pts',(-22.1159570426708,30.2243892647634,25.2));
#5853=CARTESIAN_POINT('Ctrl Pts',(-22.0235745453461,30.3102887798197,25.));
#5854=CARTESIAN_POINT('Ctrl Pts',(-22.0235745453461,30.3102887798197,25.2));
#5855=CARTESIAN_POINT('Ctrl Pts',(-21.7140121420298,30.605264473032,25.));
#5856=CARTESIAN_POINT('Ctrl Pts',(-21.7140121420298,30.605264473032,25.2));
#5857=CARTESIAN_POINT('Ctrl Pts',(-21.5875939877959,30.7430278462356,25.));
#5858=CARTESIAN_POINT('Ctrl Pts',(-21.5875939877959,30.7430278462356,25.2));
#5859=CARTESIAN_POINT('',(-22.1159570426708,30.2243892647634,25.));
#5860=CARTESIAN_POINT('Ctrl Pts',(-21.5875939877959,30.7430278462356,25.));
#5861=CARTESIAN_POINT('Ctrl Pts',(-21.7140121420298,30.605264473032,25.));
#5862=CARTESIAN_POINT('Ctrl Pts',(-22.0235745453461,30.3102887798197,25.));
#5863=CARTESIAN_POINT('Ctrl Pts',(-22.1159570426708,30.2243892647634,25.));
#5864=CARTESIAN_POINT('',(-22.1159570426708,30.2243892647634,25.2));
#5865=CARTESIAN_POINT('Ctrl Pts',(-22.1159570426708,30.2243892647634,25.2));
#5866=CARTESIAN_POINT('Ctrl Pts',(-22.0235745453461,30.3102887798197,25.2));
#5867=CARTESIAN_POINT('Ctrl Pts',(-21.7140121420298,30.605264473032,25.2));
#5868=CARTESIAN_POINT('Ctrl Pts',(-21.5875939877959,30.7430278462356,25.2));
#5869=CARTESIAN_POINT('',(-22.1159570426708,30.2243892647634,25.));
#5870=CARTESIAN_POINT('Origin',(-21.1337852290077,30.2243892647634,25.));
#5871=CARTESIAN_POINT('',(-21.1337852290077,30.2243892647634,25.));
#5872=CARTESIAN_POINT('',(-10.5668926145039,30.2243892647634,25.));
#5873=CARTESIAN_POINT('',(-21.1337852290077,30.2243892647634,25.2));
#5874=CARTESIAN_POINT('',(-22.1159570426708,30.2243892647634,25.2));
#5875=CARTESIAN_POINT('',(-21.1337852290077,30.2243892647634,25.));
#5876=CARTESIAN_POINT('Origin',(-21.1337852290077,29.992622648668,25.));
#5877=CARTESIAN_POINT('',(-21.1337852290077,29.992622648668,25.));
#5878=CARTESIAN_POINT('',(-21.1337852290077,25.0836899651107,25.));
#5879=CARTESIAN_POINT('',(-21.1337852290077,29.992622648668,25.2));
#5880=CARTESIAN_POINT('',(-21.1337852290077,30.2243892647634,25.2));
#5881=CARTESIAN_POINT('',(-21.1337852290077,29.992622648668,25.));
#5882=CARTESIAN_POINT('Origin',(-22.3671726055714,29.992622648668,25.));
#5883=CARTESIAN_POINT('',(-11.1835863027857,29.992622648668,25.));
#5884=CARTESIAN_POINT('',(-21.1337852290077,29.992622648668,25.2));
#5885=CARTESIAN_POINT('Origin',(-21.7476303534939,30.8477542493346,25.2));
#5886=CARTESIAN_POINT('Origin',(-2.22044604925031E-14,20.1747572815534,
25.));
#5887=CARTESIAN_POINT('',(29.3,32.5,25.));
#5888=CARTESIAN_POINT('',(29.3,0.7,25.));
#5889=CARTESIAN_POINT('',(29.3,10.0873786407767,25.));
#5890=CARTESIAN_POINT('',(17.,32.5,25.));
#5891=CARTESIAN_POINT('',(30.,32.5,25.));
#5892=CARTESIAN_POINT('',(17.,11.,25.));
#5893=CARTESIAN_POINT('',(17.,15.5873786407767,25.));
#5894=CARTESIAN_POINT('',(14.,8.,25.));
#5895=CARTESIAN_POINT('',(13.5436893203883,7.54368932038834,25.));
#5896=CARTESIAN_POINT('',(-14.,8.,25.));
#5897=CARTESIAN_POINT('',(-7.00000000000001,8.,25.));
#5898=CARTESIAN_POINT('',(-17.,11.,25.));
#5899=CARTESIAN_POINT('',(-15.0436893203884,9.04368932038835,25.));
#5900=CARTESIAN_POINT('',(-17.,32.5,25.));
#5901=CARTESIAN_POINT('',(-17.,29.5873786407767,25.));
#5902=CARTESIAN_POINT('',(-29.3,32.5,25.));
#5903=CARTESIAN_POINT('',(-17.,32.5,25.));
#5904=CARTESIAN_POINT('',(-29.3,0.700000000000003,25.));
#5905=CARTESIAN_POINT('',(-29.3,26.3373786407767,25.));
#5906=CARTESIAN_POINT('',(-15.,0.700000000000001,25.));
#5907=CARTESIAN_POINT('',(25.95,7.,25.));
#5908=CARTESIAN_POINT('Origin',(23.,7.,25.));
#5909=CARTESIAN_POINT('',(-20.05,25.,25.));
#5910=CARTESIAN_POINT('Origin',(-23.,25.,25.));
#5911=CARTESIAN_POINT('',(-20.05,7.,25.));
#5912=CARTESIAN_POINT('Origin',(-23.,7.,25.));
#5913=CARTESIAN_POINT('',(25.95,25.,25.));
#5914=CARTESIAN_POINT('Origin',(23.,25.,25.));
#5915=CARTESIAN_POINT('Origin',(-2.22044604925031E-14,20.1747572815534,
25.));
#5916=CARTESIAN_POINT('Origin',(0.,25.,-0.4));
#5917=CARTESIAN_POINT('',(-6.25,25.,-0.5));
#5918=CARTESIAN_POINT('Origin',(0.,25.,-0.5));
#5919=CARTESIAN_POINT('',(-6.05,25.,-0.3));
#5920=CARTESIAN_POINT('',(-6.15,25.,-0.4));
#5921=CARTESIAN_POINT('Origin',(0.,25.,-0.3));
#5922=CARTESIAN_POINT('Origin',(5.69972880335668E-16,25.,-0.5));
#5923=CARTESIAN_POINT('',(-7.5,25.,-0.5));
#5924=CARTESIAN_POINT('Origin',(0.,25.,-0.5));
#5925=CARTESIAN_POINT('Origin',(0.,25.,0.));
#5926=CARTESIAN_POINT('',(-6.05,25.,7.));
#5927=CARTESIAN_POINT('',(-6.05,25.,0.));
#5928=CARTESIAN_POINT('',(6.05,25.,7.));
#5929=CARTESIAN_POINT('Origin',(0.,25.,7.));
#5930=CARTESIAN_POINT('Origin',(0.,25.,7.));
#5931=CARTESIAN_POINT('Origin',(0.,25.,31.4));
#5932=CARTESIAN_POINT('',(6.25,25.,31.5));
#5933=CARTESIAN_POINT('Origin',(0.,25.,31.5));
#5934=CARTESIAN_POINT('',(6.05,25.,31.3));
#5935=CARTESIAN_POINT('',(6.15,25.,31.4));
#5936=CARTESIAN_POINT('Origin',(0.,25.,31.3));
#5937=CARTESIAN_POINT('Origin',(-5.69972880335668E-16,25.,31.5));
#5938=CARTESIAN_POINT('',(7.5,25.,31.5));
#5939=CARTESIAN_POINT('Origin',(0.,25.,31.5));
#5940=CARTESIAN_POINT('Origin',(0.,25.,31.));
#5941=CARTESIAN_POINT('',(6.05,25.,23.));
#5942=CARTESIAN_POINT('',(6.05,25.,31.));
#5943=CARTESIAN_POINT('',(-6.05,25.,23.));
#5944=CARTESIAN_POINT('Origin',(0.,25.,23.));
#5945=CARTESIAN_POINT('Origin',(0.,25.,23.));
#5946=CARTESIAN_POINT('Origin',(-7.,8.15,30.85));
#5947=CARTESIAN_POINT('',(13.8757359312881,8.3,31.));
#5948=CARTESIAN_POINT('',(-13.8757359312881,8.3,31.));
#5949=CARTESIAN_POINT('',(-7.,8.3,31.));
#5950=CARTESIAN_POINT('',(-14.,8.,30.7));
#5951=CARTESIAN_POINT('',(-13.8757359312881,8.3,31.));
#5952=CARTESIAN_POINT('',(14.,8.,30.7));
#5953=CARTESIAN_POINT('',(-7.,8.,30.7));
#5954=CARTESIAN_POINT('',(13.8757359312881,8.3,31.));
#5955=CARTESIAN_POINT('Origin',(-16.143933982822,10.356066017178,30.85));
#5956=CARTESIAN_POINT('',(-16.7,11.1242640687119,31.));
#5957=CARTESIAN_POINT('',(-16.037867965644,10.462132034356,31.));
#5958=CARTESIAN_POINT('',(-17.,11.,30.7));
#5959=CARTESIAN_POINT('',(-16.7,11.1242640687119,31.));
#5960=CARTESIAN_POINT('',(-16.25,10.25,30.7));
#5961=CARTESIAN_POINT('Origin',(-16.85,34.,30.85));
#5962=CARTESIAN_POINT('',(-16.7,38.8757359312881,31.));
#5963=CARTESIAN_POINT('',(-16.7,34.,31.));
#5964=CARTESIAN_POINT('',(-17.,39.,30.7));
#5965=CARTESIAN_POINT('',(-16.7,38.8757359312881,31.));
#5966=CARTESIAN_POINT('',(-17.,34.,30.7));
#5967=CARTESIAN_POINT('Origin',(-14.643933982822,41.143933982822,30.85));
#5968=CARTESIAN_POINT('',(-13.8757359312881,41.7,31.));
#5969=CARTESIAN_POINT('',(-14.537867965644,41.0378679656441,31.));
#5970=CARTESIAN_POINT('',(-14.,42.,30.7));
#5971=CARTESIAN_POINT('',(-13.8757359312881,41.7,31.));
#5972=CARTESIAN_POINT('',(-14.75,41.25,30.7));
#5973=CARTESIAN_POINT('Origin',(7.,41.85,30.85));
#5974=CARTESIAN_POINT('',(13.8757359312881,41.7,31.));
#5975=CARTESIAN_POINT('',(7.,41.7,31.));
#5976=CARTESIAN_POINT('',(14.,42.,30.7));
#5977=CARTESIAN_POINT('',(13.8757359312881,41.7,31.));
#5978=CARTESIAN_POINT('',(7.,42.,30.7));
#5979=CARTESIAN_POINT('Origin',(16.143933982822,39.643933982822,30.85));
#5980=CARTESIAN_POINT('',(17.,39.,30.7));
#5981=CARTESIAN_POINT('',(16.25,39.75,30.7));
#5982=CARTESIAN_POINT('',(16.7,38.8757359312881,31.));
#5983=CARTESIAN_POINT('',(16.037867965644,39.537867965644,31.));
#5984=CARTESIAN_POINT('',(16.7,38.8757359312881,31.));
#5985=CARTESIAN_POINT('Origin',(16.85,28.75,30.85));
#5986=CARTESIAN_POINT('',(17.,11.,30.7));
#5987=CARTESIAN_POINT('',(17.,28.75,30.7));
#5988=CARTESIAN_POINT('',(16.7,11.1242640687119,31.));
#5989=CARTESIAN_POINT('',(16.7,28.75,31.));
#5990=CARTESIAN_POINT('',(16.7,11.1242640687119,31.));
#5991=CARTESIAN_POINT('Origin',(14.643933982822,8.85606601717799,30.85));
#5992=CARTESIAN_POINT('',(14.75,8.75,30.7));
#5993=CARTESIAN_POINT('',(14.537867965644,8.96213203435597,31.));
#5994=CARTESIAN_POINT('Origin',(17.,39.,25.));
#5995=CARTESIAN_POINT('',(17.,39.,25.));
#5996=CARTESIAN_POINT('',(17.,39.,25.));
#5997=CARTESIAN_POINT('',(14.,42.,25.));
#5998=CARTESIAN_POINT('',(17.4563106796116,38.5436893203884,25.));
#5999=CARTESIAN_POINT('',(14.,42.,25.));
#6000=CARTESIAN_POINT('Origin',(17.,32.5,0.));
#6001=CARTESIAN_POINT('',(17.,11.,25.));
#6002=CARTESIAN_POINT('',(17.,32.5,0.));
#6003=CARTESIAN_POINT('',(17.,32.5,0.));
#6004=CARTESIAN_POINT('',(17.,42.3,0.));
#6005=CARTESIAN_POINT('',(17.,32.5,0.));
#6006=CARTESIAN_POINT('',(17.,42.3,25.));
#6007=CARTESIAN_POINT('',(17.,42.3,0.));
#6008=CARTESIAN_POINT('',(17.,32.5,25.));
#6009=CARTESIAN_POINT('Origin',(14.,8.,25.));
#6010=CARTESIAN_POINT('',(14.,8.,25.));
#6011=CARTESIAN_POINT('Origin',(-14.,8.,25.));
#6012=CARTESIAN_POINT('',(-14.,8.,25.));
#6013=CARTESIAN_POINT('Origin',(0.,25.,31.));
#6014=CARTESIAN_POINT('',(-8.8,12.5,31.));
#6015=CARTESIAN_POINT('Origin',(-12.5,12.5,31.));
#6016=CARTESIAN_POINT('',(16.2,37.5,31.));
#6017=CARTESIAN_POINT('Origin',(12.5,37.5,31.));
#6018=CARTESIAN_POINT('',(13.2,25.,31.));
#6019=CARTESIAN_POINT('Origin',(0.,25.,31.));
#6020=CARTESIAN_POINT('',(-8.8,37.5,31.));
#6021=CARTESIAN_POINT('Origin',(-12.5,37.5,31.));
#6022=CARTESIAN_POINT('',(16.2,12.5,31.));
#6023=CARTESIAN_POINT('Origin',(12.5,12.5,31.));
#6024=CARTESIAN_POINT('Origin',(23.,0.149999999999999,6.));
#6025=CARTESIAN_POINT('',(26.6,6.13736669936618E-17,6.));
#6026=CARTESIAN_POINT('Origin',(23.,1.04083408558608E-16,6.));
#6027=CARTESIAN_POINT('',(26.3,0.299999999999998,6.));
#6028=CARTESIAN_POINT('',(26.45,0.149999999999999,6.));
#6029=CARTESIAN_POINT('Origin',(23.,0.299999999999998,6.));
#6030=CARTESIAN_POINT('Origin',(-30.,7.11829026082445E-16,0.));
#6031=CARTESIAN_POINT('',(29.3,2.9544414721707E-17,0.7));
#6032=CARTESIAN_POINT('',(-29.3,6.93889390390723E-16,0.7));
#6033=CARTESIAN_POINT('',(-15.,5.55111512312578E-16,0.7));
#6034=CARTESIAN_POINT('',(29.3,0.,24.3));
#6035=CARTESIAN_POINT('',(29.3,0.,0.));
#6036=CARTESIAN_POINT('',(-29.3,7.24764096862227E-16,24.3));
#6037=CARTESIAN_POINT('',(-15.,5.55111512312578E-16,24.3));
#6038=CARTESIAN_POINT('',(-29.3,6.93889390390723E-16,0.));
#6039=CARTESIAN_POINT('',(26.6,6.13736669936618E-17,19.));
#6040=CARTESIAN_POINT('Origin',(23.,1.04083408558608E-16,19.));
#6041=CARTESIAN_POINT('',(-26.6,7.01904662436133E-16,6.));
#6042=CARTESIAN_POINT('Origin',(-23.,6.59194920871187E-16,6.));
#6043=CARTESIAN_POINT('',(-26.6,7.01904662436133E-16,19.));
#6044=CARTESIAN_POINT('Origin',(-23.,6.59194920871187E-16,19.));
#6045=CARTESIAN_POINT('Origin',(23.,32.5,6.));
#6046=CARTESIAN_POINT('',(26.3,30.5,6.));
#6047=CARTESIAN_POINT('Origin',(23.,30.5,6.));
#6048=CARTESIAN_POINT('',(26.3,32.5,6.));
#6049=CARTESIAN_POINT('',(25.75,25.,7.82414363469543));
#6050=CARTESIAN_POINT('Ctrl Pts',(25.75,25.,7.82414363469543));
#6051=CARTESIAN_POINT('Ctrl Pts',(25.75,24.8091011450362,7.82414363469543));
#6052=CARTESIAN_POINT('Ctrl Pts',(25.7301136987401,24.6220882610981,7.85491970661524));
#6053=CARTESIAN_POINT('Ctrl Pts',(25.6553743160277,24.2614355800601,7.96038107266462));
#6054=CARTESIAN_POINT('Ctrl Pts',(25.6004602117964,24.0876733322849,8.03460381696618));
#6055=CARTESIAN_POINT('Ctrl Pts',(25.3894221732712,23.5921312145106,8.28663214238646));
#6056=CARTESIAN_POINT('Ctrl Pts',(25.1844870255363,23.2953997290103,8.49122722814923));
#6057=CARTESIAN_POINT('Ctrl Pts',(24.7143511892025,22.8252638926765,8.83410902699765));
#6058=CARTESIAN_POINT('Ctrl Pts',(24.4179210993746,22.6154268880085,9.00109817615324));
#6059=CARTESIAN_POINT('Ctrl Pts',(23.7442719563366,22.3274077805202,9.23467933670228));
#6060=CARTESIAN_POINT('Ctrl Pts',(23.3662820566695,22.25,9.3));
#6061=CARTESIAN_POINT('Ctrl Pts',(22.6337179433305,22.25,9.3));
#6062=CARTESIAN_POINT('Ctrl Pts',(22.2557280436634,22.3274077805202,9.23467933670229));
#6063=CARTESIAN_POINT('Ctrl Pts',(21.5820789006254,22.6154268880085,9.00109817615327));
#6064=CARTESIAN_POINT('Ctrl Pts',(21.2856488107975,22.8252638926765,8.83410902699768));
#6065=CARTESIAN_POINT('Ctrl Pts',(20.8155129744637,23.2953997290103,8.49122722814928));
#6066=CARTESIAN_POINT('Ctrl Pts',(20.6105778267289,23.5921312145106,8.28663214238652));
#6067=CARTESIAN_POINT('Ctrl Pts',(20.3995397882036,24.0876733322849,8.03460381696625));
#6068=CARTESIAN_POINT('Ctrl Pts',(20.3446256839723,24.2614355800601,7.96038107266469));
#6069=CARTESIAN_POINT('Ctrl Pts',(20.2698863012599,24.6220882610981,7.85491970661532));
#6070=CARTESIAN_POINT('Ctrl Pts',(20.25,24.8091011450362,7.82414363469551));
#6071=CARTESIAN_POINT('Ctrl Pts',(20.25,25.1908988549638,7.82414363469551));
#6072=CARTESIAN_POINT('Ctrl Pts',(20.2698863012599,25.3779117389019,7.85491970661531));
#6073=CARTESIAN_POINT('Ctrl Pts',(20.3446256839723,25.7385644199399,7.96038107266468));
#6074=CARTESIAN_POINT('Ctrl Pts',(20.3995397882036,25.912326667715,8.03460381696625));
#6075=CARTESIAN_POINT('Ctrl Pts',(20.6105778267289,26.4078687854894,8.28663214238652));
#6076=CARTESIAN_POINT('Ctrl Pts',(20.8155129744637,26.7046002709897,8.49122722814928));
#6077=CARTESIAN_POINT('Ctrl Pts',(21.2856488107975,27.1747361073235,8.83410902699768));
#6078=CARTESIAN_POINT('Ctrl Pts',(21.5820789006254,27.3845731119915,9.00109817615327));
#6079=CARTESIAN_POINT('Ctrl Pts',(22.2557280436634,27.6725922194798,9.23467933670229));
#6080=CARTESIAN_POINT('Ctrl Pts',(22.6337179433305,27.75,9.3));
#6081=CARTESIAN_POINT('Ctrl Pts',(23.3662820566695,27.75,9.3));
#6082=CARTESIAN_POINT('Ctrl Pts',(23.7442719563366,27.6725922194798,9.23467933670228));
#6083=CARTESIAN_POINT('Ctrl Pts',(24.4179210993746,27.3845731119915,9.00109817615324));
#6084=CARTESIAN_POINT('Ctrl Pts',(24.7143511892025,27.1747361073235,8.83410902699765));
#6085=CARTESIAN_POINT('Ctrl Pts',(25.1844870255363,26.7046002709897,8.49122722814923));
#6086=CARTESIAN_POINT('Ctrl Pts',(25.3894221732712,26.4078687854894,8.28663214238646));
#6087=CARTESIAN_POINT('Ctrl Pts',(25.6004602117964,25.9123266677151,8.03460381696618));
#6088=CARTESIAN_POINT('Ctrl Pts',(25.6553743160277,25.7385644199399,7.96038107266462));
#6089=CARTESIAN_POINT('Ctrl Pts',(25.7301136987401,25.3779117389019,7.85491970661524));
#6090=CARTESIAN_POINT('Ctrl Pts',(25.75,25.1908988549638,7.82414363469543));
#6091=CARTESIAN_POINT('Ctrl Pts',(25.75,25.,7.82414363469543));
#6092=CARTESIAN_POINT('',(25.75,25.,4.17585636530457));
#6093=CARTESIAN_POINT('Ctrl Pts',(25.75,25.,4.17585636530457));
#6094=CARTESIAN_POINT('Ctrl Pts',(25.75,25.1908988549638,4.17585636530457));
#6095=CARTESIAN_POINT('Ctrl Pts',(25.7301136987401,25.3779117389019,4.14508029338477));
#6096=CARTESIAN_POINT('Ctrl Pts',(25.6553743160277,25.7385644199399,4.03961892733539));
#6097=CARTESIAN_POINT('Ctrl Pts',(25.6004602117964,25.9123266677151,3.96539618303382));
#6098=CARTESIAN_POINT('Ctrl Pts',(25.3894221732712,26.4078687854894,3.71336785761354));
#6099=CARTESIAN_POINT('Ctrl Pts',(25.1844870255363,26.7046002709897,3.50877277185077));
#6100=CARTESIAN_POINT('Ctrl Pts',(24.7143511892025,27.1747361073235,3.16589097300235));
#6101=CARTESIAN_POINT('Ctrl Pts',(24.4179210993746,27.3845731119915,2.99890182384676));
#6102=CARTESIAN_POINT('Ctrl Pts',(23.7442719563366,27.6725922194798,2.76532066329772));
#6103=CARTESIAN_POINT('Ctrl Pts',(23.3662820566695,27.75,2.7));
#6104=CARTESIAN_POINT('Ctrl Pts',(22.6337179433305,27.75,2.7));
#6105=CARTESIAN_POINT('Ctrl Pts',(22.2557280436634,27.6725922194798,2.76532066329771));
#6106=CARTESIAN_POINT('Ctrl Pts',(21.5820789006254,27.3845731119915,2.99890182384673));
#6107=CARTESIAN_POINT('Ctrl Pts',(21.2856488107975,27.1747361073235,3.16589097300232));
#6108=CARTESIAN_POINT('Ctrl Pts',(20.8155129744637,26.7046002709897,3.50877277185073));
#6109=CARTESIAN_POINT('Ctrl Pts',(20.6105778267289,26.4078687854894,3.71336785761349));
#6110=CARTESIAN_POINT('Ctrl Pts',(20.3995397882036,25.912326667715,3.96539618303375));
#6111=CARTESIAN_POINT('Ctrl Pts',(20.3446256839723,25.7385644199399,4.03961892733531));
#6112=CARTESIAN_POINT('Ctrl Pts',(20.2698863012599,25.3779117389019,4.14508029338468));
#6113=CARTESIAN_POINT('Ctrl Pts',(20.25,25.1908988549638,4.17585636530449));
#6114=CARTESIAN_POINT('Ctrl Pts',(20.25,24.8091011450362,4.17585636530449));
#6115=CARTESIAN_POINT('Ctrl Pts',(20.2698863012599,24.6220882610981,4.14508029338469));
#6116=CARTESIAN_POINT('Ctrl Pts',(20.3446256839723,24.2614355800601,4.03961892733532));
#6117=CARTESIAN_POINT('Ctrl Pts',(20.3995397882036,24.0876733322849,3.96539618303375));
#6118=CARTESIAN_POINT('Ctrl Pts',(20.6105778267289,23.5921312145106,3.71336785761348));
#6119=CARTESIAN_POINT('Ctrl Pts',(20.8155129744637,23.2953997290103,3.50877277185073));
#6120=CARTESIAN_POINT('Ctrl Pts',(21.2856488107975,22.8252638926765,3.16589097300232));
#6121=CARTESIAN_POINT('Ctrl Pts',(21.5820789006254,22.6154268880085,2.99890182384673));
#6122=CARTESIAN_POINT('Ctrl Pts',(22.2557280436634,22.3274077805202,2.76532066329771));
#6123=CARTESIAN_POINT('Ctrl Pts',(22.6337179433305,22.25,2.7));
#6124=CARTESIAN_POINT('Ctrl Pts',(23.3662820566695,22.25,2.7));
#6125=CARTESIAN_POINT('Ctrl Pts',(23.7442719563366,22.3274077805202,2.76532066329772));
#6126=CARTESIAN_POINT('Ctrl Pts',(24.4179210993746,22.6154268880085,2.99890182384676));
#6127=CARTESIAN_POINT('Ctrl Pts',(24.7143511892025,22.8252638926765,3.16589097300235));
#6128=CARTESIAN_POINT('Ctrl Pts',(25.1844870255363,23.2953997290103,3.50877277185077));
#6129=CARTESIAN_POINT('Ctrl Pts',(25.3894221732712,23.5921312145106,3.71336785761354));
#6130=CARTESIAN_POINT('Ctrl Pts',(25.6004602117964,24.0876733322849,3.96539618303381));
#6131=CARTESIAN_POINT('Ctrl Pts',(25.6553743160277,24.2614355800601,4.03961892733538));
#6132=CARTESIAN_POINT('Ctrl Pts',(25.7301136987401,24.6220882610981,4.14508029338476));
#6133=CARTESIAN_POINT('Ctrl Pts',(25.75,24.8091011450362,4.17585636530457));
#6134=CARTESIAN_POINT('Ctrl Pts',(25.75,25.,4.17585636530457));
#6135=CARTESIAN_POINT('',(25.75,7.,7.82414363469544));
#6136=CARTESIAN_POINT('Ctrl Pts',(25.75,7.,7.82414363469544));
#6137=CARTESIAN_POINT('Ctrl Pts',(25.75,6.80910114503619,7.82414363469544));
#6138=CARTESIAN_POINT('Ctrl Pts',(25.7301136987401,6.62208826109808,7.85491970661524));
#6139=CARTESIAN_POINT('Ctrl Pts',(25.6553743160277,6.26143558006008,7.96038107266462));
#6140=CARTESIAN_POINT('Ctrl Pts',(25.6004602117964,6.08767333228495,8.03460381696619));
#6141=CARTESIAN_POINT('Ctrl Pts',(25.3894221732711,5.59213121451058,8.28663214238647));
#6142=CARTESIAN_POINT('Ctrl Pts',(25.1844870255363,5.2953997290103,8.49122722814923));
#6143=CARTESIAN_POINT('Ctrl Pts',(24.7143511892025,4.82526389267651,8.83410902699765));
#6144=CARTESIAN_POINT('Ctrl Pts',(24.4179210993746,4.61542688800854,9.00109817615325));
#6145=CARTESIAN_POINT('Ctrl Pts',(23.7442719563366,4.32740778052017,9.23467933670228));
#6146=CARTESIAN_POINT('Ctrl Pts',(23.3662820566695,4.25,9.3));
#6147=CARTESIAN_POINT('Ctrl Pts',(22.6337179433305,4.25,9.3));
#6148=CARTESIAN_POINT('Ctrl Pts',(22.2557280436634,4.32740778052018,9.23467933670229));
#6149=CARTESIAN_POINT('Ctrl Pts',(21.5820789006254,4.61542688800855,9.00109817615326));
#6150=CARTESIAN_POINT('Ctrl Pts',(21.2856488107975,4.82526389267651,8.83410902699768));
#6151=CARTESIAN_POINT('Ctrl Pts',(20.8155129744637,5.2953997290103,8.49122722814927));
#6152=CARTESIAN_POINT('Ctrl Pts',(20.6105778267289,5.59213121451058,8.28663214238651));
#6153=CARTESIAN_POINT('Ctrl Pts',(20.3995397882036,6.08767333228495,8.03460381696625));
#6154=CARTESIAN_POINT('Ctrl Pts',(20.3446256839723,6.26143558006008,7.96038107266468));
#6155=CARTESIAN_POINT('Ctrl Pts',(20.2698863012599,6.62208826109808,7.85491970661531));
#6156=CARTESIAN_POINT('Ctrl Pts',(20.25,6.80910114503619,7.82414363469551));
#6157=CARTESIAN_POINT('Ctrl Pts',(20.25,7.19089885496381,7.82414363469551));
#6158=CARTESIAN_POINT('Ctrl Pts',(20.2698863012599,7.37791173890193,7.85491970661531));
#6159=CARTESIAN_POINT('Ctrl Pts',(20.3446256839723,7.73856441993992,7.96038107266469));
#6160=CARTESIAN_POINT('Ctrl Pts',(20.3995397882036,7.91232666771505,8.03460381696625));
#6161=CARTESIAN_POINT('Ctrl Pts',(20.6105778267289,8.40786878548942,8.28663214238652));
#6162=CARTESIAN_POINT('Ctrl Pts',(20.8155129744637,8.70460027098971,8.49122722814928));
#6163=CARTESIAN_POINT('Ctrl Pts',(21.2856488107975,9.17473610732349,8.83410902699768));
#6164=CARTESIAN_POINT('Ctrl Pts',(21.5820789006254,9.38457311199146,9.00109817615327));
#6165=CARTESIAN_POINT('Ctrl Pts',(22.2557280436634,9.67259221947982,9.23467933670229));
#6166=CARTESIAN_POINT('Ctrl Pts',(22.6337179433305,9.75,9.3));
#6167=CARTESIAN_POINT('Ctrl Pts',(23.3662820566695,9.75,9.3));
#6168=CARTESIAN_POINT('Ctrl Pts',(23.7442719563366,9.67259221947982,9.23467933670228));
#6169=CARTESIAN_POINT('Ctrl Pts',(24.4179210993746,9.38457311199146,9.00109817615325));
#6170=CARTESIAN_POINT('Ctrl Pts',(24.7143511892025,9.17473610732349,8.83410902699766));
#6171=CARTESIAN_POINT('Ctrl Pts',(25.1844870255363,8.70460027098971,8.49122722814924));
#6172=CARTESIAN_POINT('Ctrl Pts',(25.3894221732711,8.40786878548942,8.28663214238647));
#6173=CARTESIAN_POINT('Ctrl Pts',(25.6004602117964,7.91232666771505,8.03460381696619));
#6174=CARTESIAN_POINT('Ctrl Pts',(25.6553743160277,7.73856441993991,7.96038107266463));
#6175=CARTESIAN_POINT('Ctrl Pts',(25.7301136987401,7.37791173890192,7.85491970661525));
#6176=CARTESIAN_POINT('Ctrl Pts',(25.75,7.19089885496381,7.82414363469544));
#6177=CARTESIAN_POINT('Ctrl Pts',(25.75,7.,7.82414363469544));
#6178=CARTESIAN_POINT('',(25.75,7.,4.17585636530456));
#6179=CARTESIAN_POINT('Ctrl Pts',(25.75,7.,4.17585636530456));
#6180=CARTESIAN_POINT('Ctrl Pts',(25.75,7.19089885496381,4.17585636530456));
#6181=CARTESIAN_POINT('Ctrl Pts',(25.7301136987401,7.37791173890193,4.14508029338475));
#6182=CARTESIAN_POINT('Ctrl Pts',(25.6553743160277,7.73856441993992,4.03961892733537));
#6183=CARTESIAN_POINT('Ctrl Pts',(25.6004602117964,7.91232666771505,3.96539618303381));
#6184=CARTESIAN_POINT('Ctrl Pts',(25.3894221732711,8.40786878548943,3.71336785761353));
#6185=CARTESIAN_POINT('Ctrl Pts',(25.1844870255363,8.70460027098971,3.50877277185077));
#6186=CARTESIAN_POINT('Ctrl Pts',(24.7143511892025,9.17473610732349,3.16589097300235));
#6187=CARTESIAN_POINT('Ctrl Pts',(24.4179210993746,9.38457311199146,2.99890182384675));
#6188=CARTESIAN_POINT('Ctrl Pts',(23.7442719563366,9.67259221947982,2.76532066329772));
#6189=CARTESIAN_POINT('Ctrl Pts',(23.3662820566695,9.75,2.7));
#6190=CARTESIAN_POINT('Ctrl Pts',(22.6337179433305,9.75,2.7));
#6191=CARTESIAN_POINT('Ctrl Pts',(22.2557280436634,9.67259221947982,2.76532066329771));
#6192=CARTESIAN_POINT('Ctrl Pts',(21.5820789006254,9.38457311199146,2.99890182384674));
#6193=CARTESIAN_POINT('Ctrl Pts',(21.2856488107975,9.17473610732349,3.16589097300232));
#6194=CARTESIAN_POINT('Ctrl Pts',(20.8155129744637,8.70460027098971,3.50877277185073));
#6195=CARTESIAN_POINT('Ctrl Pts',(20.6105778267289,8.40786878548942,3.71336785761348));
#6196=CARTESIAN_POINT('Ctrl Pts',(20.3995397882036,7.91232666771505,3.96539618303375));
#6197=CARTESIAN_POINT('Ctrl Pts',(20.3446256839723,7.73856441993992,4.03961892733531));
#6198=CARTESIAN_POINT('Ctrl Pts',(20.2698863012599,7.37791173890193,4.14508029338469));
#6199=CARTESIAN_POINT('Ctrl Pts',(20.25,7.19089885496381,4.17585636530449));
#6200=CARTESIAN_POINT('Ctrl Pts',(20.25,6.80910114503619,4.1758563653045));
#6201=CARTESIAN_POINT('Ctrl Pts',(20.2698863012599,6.62208826109808,4.1450802933847));
#6202=CARTESIAN_POINT('Ctrl Pts',(20.3446256839723,6.26143558006009,4.03961892733532));
#6203=CARTESIAN_POINT('Ctrl Pts',(20.3995397882036,6.08767333228495,3.96539618303376));
#6204=CARTESIAN_POINT('Ctrl Pts',(20.6105778267288,5.59213121451058,3.71336785761349));
#6205=CARTESIAN_POINT('Ctrl Pts',(20.8155129744637,5.2953997290103,3.50877277185073));
#6206=CARTESIAN_POINT('Ctrl Pts',(21.2856488107975,4.82526389267651,3.16589097300232));
#6207=CARTESIAN_POINT('Ctrl Pts',(21.5820789006254,4.61542688800854,2.99890182384674));
#6208=CARTESIAN_POINT('Ctrl Pts',(22.2557280436634,4.32740778052018,2.76532066329771));
#6209=CARTESIAN_POINT('Ctrl Pts',(22.6337179433305,4.25,2.7));
#6210=CARTESIAN_POINT('Ctrl Pts',(23.3662820566695,4.25,2.7));
#6211=CARTESIAN_POINT('Ctrl Pts',(23.7442719563366,4.32740778052018,2.76532066329772));
#6212=CARTESIAN_POINT('Ctrl Pts',(24.4179210993746,4.61542688800854,2.99890182384675));
#6213=CARTESIAN_POINT('Ctrl Pts',(24.7143511892025,4.82526389267651,3.16589097300235));
#6214=CARTESIAN_POINT('Ctrl Pts',(25.1844870255363,5.2953997290103,3.50877277185077));
#6215=CARTESIAN_POINT('Ctrl Pts',(25.3894221732711,5.59213121451058,3.71336785761353));
#6216=CARTESIAN_POINT('Ctrl Pts',(25.6004602117964,6.08767333228495,3.96539618303381));
#6217=CARTESIAN_POINT('Ctrl Pts',(25.6553743160277,6.26143558006008,4.03961892733538));
#6218=CARTESIAN_POINT('Ctrl Pts',(25.7301136987401,6.62208826109808,4.14508029338476));
#6219=CARTESIAN_POINT('Ctrl Pts',(25.75,6.80910114503619,4.17585636530456));
#6220=CARTESIAN_POINT('Ctrl Pts',(25.75,7.,4.17585636530456));
#6221=CARTESIAN_POINT('Origin',(23.,0.149999999999999,19.));
#6222=CARTESIAN_POINT('',(26.3,0.299999999999998,19.));
#6223=CARTESIAN_POINT('',(26.45,0.149999999999999,19.));
#6224=CARTESIAN_POINT('Origin',(23.,0.299999999999998,19.));
#6225=CARTESIAN_POINT('Origin',(23.,32.5,19.));
#6226=CARTESIAN_POINT('',(26.3,30.5,19.));
#6227=CARTESIAN_POINT('Origin',(23.,30.5,19.));
#6228=CARTESIAN_POINT('',(26.3,32.5,19.));
#6229=CARTESIAN_POINT('',(25.75,25.,20.8241436346954));
#6230=CARTESIAN_POINT('Ctrl Pts',(25.75,25.,20.8241436346954));
#6231=CARTESIAN_POINT('Ctrl Pts',(25.75,24.8091011450362,20.8241436346954));
#6232=CARTESIAN_POINT('Ctrl Pts',(25.7301136987401,24.6220882610981,20.8549197066152));
#6233=CARTESIAN_POINT('Ctrl Pts',(25.6553743160277,24.2614355800601,20.9603810726646));
#6234=CARTESIAN_POINT('Ctrl Pts',(25.6004602117964,24.0876733322849,21.0346038169662));
#6235=CARTESIAN_POINT('Ctrl Pts',(25.3894221732712,23.5921312145106,21.2866321423865));
#6236=CARTESIAN_POINT('Ctrl Pts',(25.1844870255363,23.2953997290103,21.4912272281492));
#6237=CARTESIAN_POINT('Ctrl Pts',(24.7143511892025,22.8252638926765,21.8341090269977));
#6238=CARTESIAN_POINT('Ctrl Pts',(24.4179210993746,22.6154268880085,22.0010981761532));
#6239=CARTESIAN_POINT('Ctrl Pts',(23.7442719563366,22.3274077805202,22.2346793367023));
#6240=CARTESIAN_POINT('Ctrl Pts',(23.3662820566695,22.25,22.3));
#6241=CARTESIAN_POINT('Ctrl Pts',(22.6337179433305,22.25,22.3));
#6242=CARTESIAN_POINT('Ctrl Pts',(22.2557280436634,22.3274077805202,22.2346793367023));
#6243=CARTESIAN_POINT('Ctrl Pts',(21.5820789006254,22.6154268880085,22.0010981761533));
#6244=CARTESIAN_POINT('Ctrl Pts',(21.2856488107975,22.8252638926765,21.8341090269977));
#6245=CARTESIAN_POINT('Ctrl Pts',(20.8155129744637,23.2953997290103,21.4912272281493));
#6246=CARTESIAN_POINT('Ctrl Pts',(20.6105778267289,23.5921312145106,21.2866321423865));
#6247=CARTESIAN_POINT('Ctrl Pts',(20.3995397882036,24.0876733322849,21.0346038169662));
#6248=CARTESIAN_POINT('Ctrl Pts',(20.3446256839723,24.2614355800601,20.9603810726647));
#6249=CARTESIAN_POINT('Ctrl Pts',(20.2698863012599,24.6220882610981,20.8549197066153));
#6250=CARTESIAN_POINT('Ctrl Pts',(20.25,24.8091011450362,20.8241436346955));
#6251=CARTESIAN_POINT('Ctrl Pts',(20.25,25.1908988549638,20.8241436346955));
#6252=CARTESIAN_POINT('Ctrl Pts',(20.2698863012599,25.3779117389019,20.8549197066153));
#6253=CARTESIAN_POINT('Ctrl Pts',(20.3446256839723,25.7385644199399,20.9603810726647));
#6254=CARTESIAN_POINT('Ctrl Pts',(20.3995397882036,25.912326667715,21.0346038169662));
#6255=CARTESIAN_POINT('Ctrl Pts',(20.6105778267289,26.4078687854894,21.2866321423865));
#6256=CARTESIAN_POINT('Ctrl Pts',(20.8155129744637,26.7046002709897,21.4912272281493));
#6257=CARTESIAN_POINT('Ctrl Pts',(21.2856488107975,27.1747361073235,21.8341090269977));
#6258=CARTESIAN_POINT('Ctrl Pts',(21.5820789006254,27.3845731119915,22.0010981761533));
#6259=CARTESIAN_POINT('Ctrl Pts',(22.2557280436634,27.6725922194798,22.2346793367023));
#6260=CARTESIAN_POINT('Ctrl Pts',(22.6337179433305,27.75,22.3));
#6261=CARTESIAN_POINT('Ctrl Pts',(23.3662820566695,27.75,22.3));
#6262=CARTESIAN_POINT('Ctrl Pts',(23.7442719563366,27.6725922194798,22.2346793367023));
#6263=CARTESIAN_POINT('Ctrl Pts',(24.4179210993746,27.3845731119915,22.0010981761532));
#6264=CARTESIAN_POINT('Ctrl Pts',(24.7143511892025,27.1747361073235,21.8341090269977));
#6265=CARTESIAN_POINT('Ctrl Pts',(25.1844870255363,26.7046002709897,21.4912272281492));
#6266=CARTESIAN_POINT('Ctrl Pts',(25.3894221732712,26.4078687854894,21.2866321423865));
#6267=CARTESIAN_POINT('Ctrl Pts',(25.6004602117964,25.912326667715,21.0346038169662));
#6268=CARTESIAN_POINT('Ctrl Pts',(25.6553743160277,25.7385644199399,20.9603810726646));
#6269=CARTESIAN_POINT('Ctrl Pts',(25.7301136987401,25.3779117389019,20.8549197066152));
#6270=CARTESIAN_POINT('Ctrl Pts',(25.75,25.1908988549638,20.8241436346954));
#6271=CARTESIAN_POINT('Ctrl Pts',(25.75,25.,20.8241436346954));
#6272=CARTESIAN_POINT('',(25.75,25.,17.1758563653046));
#6273=CARTESIAN_POINT('Ctrl Pts',(25.75,25.,17.1758563653046));
#6274=CARTESIAN_POINT('Ctrl Pts',(25.75,25.1908988549638,17.1758563653046));
#6275=CARTESIAN_POINT('Ctrl Pts',(25.7301136987401,25.3779117389019,17.1450802933848));
#6276=CARTESIAN_POINT('Ctrl Pts',(25.6553743160277,25.7385644199399,17.0396189273354));
#6277=CARTESIAN_POINT('Ctrl Pts',(25.6004602117964,25.9123266677151,16.9653961830338));
#6278=CARTESIAN_POINT('Ctrl Pts',(25.3894221732712,26.4078687854894,16.7133678576135));
#6279=CARTESIAN_POINT('Ctrl Pts',(25.1844870255363,26.7046002709897,16.5087727718508));
#6280=CARTESIAN_POINT('Ctrl Pts',(24.7143511892025,27.1747361073235,16.1658909730023));
#6281=CARTESIAN_POINT('Ctrl Pts',(24.4179210993746,27.3845731119915,15.9989018238468));
#6282=CARTESIAN_POINT('Ctrl Pts',(23.7442719563366,27.6725922194798,15.7653206632977));
#6283=CARTESIAN_POINT('Ctrl Pts',(23.3662820566695,27.75,15.7));
#6284=CARTESIAN_POINT('Ctrl Pts',(22.6337179433305,27.75,15.7));
#6285=CARTESIAN_POINT('Ctrl Pts',(22.2557280436634,27.6725922194798,15.7653206632977));
#6286=CARTESIAN_POINT('Ctrl Pts',(21.5820789006254,27.3845731119915,15.9989018238467));
#6287=CARTESIAN_POINT('Ctrl Pts',(21.2856488107975,27.1747361073235,16.1658909730023));
#6288=CARTESIAN_POINT('Ctrl Pts',(20.8155129744637,26.7046002709897,16.5087727718507));
#6289=CARTESIAN_POINT('Ctrl Pts',(20.6105778267289,26.4078687854894,16.7133678576135));
#6290=CARTESIAN_POINT('Ctrl Pts',(20.3995397882036,25.912326667715,16.9653961830337));
#6291=CARTESIAN_POINT('Ctrl Pts',(20.3446256839723,25.7385644199399,17.0396189273353));
#6292=CARTESIAN_POINT('Ctrl Pts',(20.2698863012599,25.3779117389019,17.1450802933847));
#6293=CARTESIAN_POINT('Ctrl Pts',(20.25,25.1908988549638,17.1758563653045));
#6294=CARTESIAN_POINT('Ctrl Pts',(20.25,24.8091011450362,17.1758563653045));
#6295=CARTESIAN_POINT('Ctrl Pts',(20.2698863012599,24.6220882610981,17.1450802933847));
#6296=CARTESIAN_POINT('Ctrl Pts',(20.3446256839723,24.2614355800601,17.0396189273353));
#6297=CARTESIAN_POINT('Ctrl Pts',(20.3995397882036,24.0876733322849,16.9653961830338));
#6298=CARTESIAN_POINT('Ctrl Pts',(20.6105778267289,23.5921312145106,16.7133678576135));
#6299=CARTESIAN_POINT('Ctrl Pts',(20.8155129744637,23.2953997290103,16.5087727718507));
#6300=CARTESIAN_POINT('Ctrl Pts',(21.2856488107975,22.8252638926765,16.1658909730023));
#6301=CARTESIAN_POINT('Ctrl Pts',(21.5820789006254,22.6154268880085,15.9989018238467));
#6302=CARTESIAN_POINT('Ctrl Pts',(22.2557280436634,22.3274077805202,15.7653206632977));
#6303=CARTESIAN_POINT('Ctrl Pts',(22.6337179433305,22.25,15.7));
#6304=CARTESIAN_POINT('Ctrl Pts',(23.3662820566695,22.25,15.7));
#6305=CARTESIAN_POINT('Ctrl Pts',(23.7442719563366,22.3274077805202,15.7653206632977));
#6306=CARTESIAN_POINT('Ctrl Pts',(24.4179210993746,22.6154268880085,15.9989018238468));
#6307=CARTESIAN_POINT('Ctrl Pts',(24.7143511892025,22.8252638926765,16.1658909730023));
#6308=CARTESIAN_POINT('Ctrl Pts',(25.1844870255363,23.2953997290103,16.5087727718508));
#6309=CARTESIAN_POINT('Ctrl Pts',(25.3894221732712,23.5921312145106,16.7133678576135));
#6310=CARTESIAN_POINT('Ctrl Pts',(25.6004602117964,24.0876733322849,16.9653961830338));
#6311=CARTESIAN_POINT('Ctrl Pts',(25.6553743160277,24.2614355800601,17.0396189273354));
#6312=CARTESIAN_POINT('Ctrl Pts',(25.7301136987401,24.6220882610981,17.1450802933848));
#6313=CARTESIAN_POINT('Ctrl Pts',(25.75,24.8091011450362,17.1758563653046));
#6314=CARTESIAN_POINT('Ctrl Pts',(25.75,25.,17.1758563653046));
#6315=CARTESIAN_POINT('',(25.75,7.,20.8241436346954));
#6316=CARTESIAN_POINT('Ctrl Pts',(25.75,7.,20.8241436346954));
#6317=CARTESIAN_POINT('Ctrl Pts',(25.75,6.80910114503619,20.8241436346954));
#6318=CARTESIAN_POINT('Ctrl Pts',(25.7301136987401,6.62208826109808,20.8549197066152));
#6319=CARTESIAN_POINT('Ctrl Pts',(25.6553743160277,6.26143558006008,20.9603810726646));
#6320=CARTESIAN_POINT('Ctrl Pts',(25.6004602117964,6.08767333228495,21.0346038169662));
#6321=CARTESIAN_POINT('Ctrl Pts',(25.3894221732711,5.59213121451058,21.2866321423865));
#6322=CARTESIAN_POINT('Ctrl Pts',(25.1844870255363,5.2953997290103,21.4912272281492));
#6323=CARTESIAN_POINT('Ctrl Pts',(24.7143511892025,4.82526389267651,21.8341090269977));
#6324=CARTESIAN_POINT('Ctrl Pts',(24.4179210993746,4.61542688800854,22.0010981761532));
#6325=CARTESIAN_POINT('Ctrl Pts',(23.7442719563366,4.32740778052018,22.2346793367023));
#6326=CARTESIAN_POINT('Ctrl Pts',(23.3662820566695,4.25,22.3));
#6327=CARTESIAN_POINT('Ctrl Pts',(22.6337179433305,4.25,22.3));
#6328=CARTESIAN_POINT('Ctrl Pts',(22.2557280436634,4.32740778052018,22.2346793367023));
#6329=CARTESIAN_POINT('Ctrl Pts',(21.5820789006254,4.61542688800855,22.0010981761533));
#6330=CARTESIAN_POINT('Ctrl Pts',(21.2856488107975,4.82526389267651,21.8341090269977));
#6331=CARTESIAN_POINT('Ctrl Pts',(20.8155129744637,5.2953997290103,21.4912272281493));
#6332=CARTESIAN_POINT('Ctrl Pts',(20.6105778267289,5.59213121451058,21.2866321423865));
#6333=CARTESIAN_POINT('Ctrl Pts',(20.3995397882036,6.08767333228495,21.0346038169662));
#6334=CARTESIAN_POINT('Ctrl Pts',(20.3446256839723,6.26143558006009,20.9603810726647));
#6335=CARTESIAN_POINT('Ctrl Pts',(20.2698863012599,6.62208826109808,20.8549197066153));
#6336=CARTESIAN_POINT('Ctrl Pts',(20.25,6.80910114503619,20.8241436346955));
#6337=CARTESIAN_POINT('Ctrl Pts',(20.25,7.19089885496381,20.8241436346955));
#6338=CARTESIAN_POINT('Ctrl Pts',(20.2698863012599,7.37791173890192,20.8549197066153));
#6339=CARTESIAN_POINT('Ctrl Pts',(20.3446256839723,7.73856441993991,20.9603810726647));
#6340=CARTESIAN_POINT('Ctrl Pts',(20.3995397882036,7.91232666771505,21.0346038169662));
#6341=CARTESIAN_POINT('Ctrl Pts',(20.6105778267288,8.40786878548942,21.2866321423865));
#6342=CARTESIAN_POINT('Ctrl Pts',(20.8155129744637,8.70460027098971,21.4912272281493));
#6343=CARTESIAN_POINT('Ctrl Pts',(21.2856488107975,9.17473610732349,21.8341090269977));
#6344=CARTESIAN_POINT('Ctrl Pts',(21.5820789006254,9.38457311199145,22.0010981761533));
#6345=CARTESIAN_POINT('Ctrl Pts',(22.2557280436634,9.67259221947982,22.2346793367023));
#6346=CARTESIAN_POINT('Ctrl Pts',(22.6337179433305,9.75,22.3));
#6347=CARTESIAN_POINT('Ctrl Pts',(23.3662820566695,9.75,22.3));
#6348=CARTESIAN_POINT('Ctrl Pts',(23.7442719563366,9.67259221947982,22.2346793367023));
#6349=CARTESIAN_POINT('Ctrl Pts',(24.4179210993746,9.38457311199146,22.0010981761532));
#6350=CARTESIAN_POINT('Ctrl Pts',(24.7143511892025,9.17473610732349,21.8341090269977));
#6351=CARTESIAN_POINT('Ctrl Pts',(25.1844870255363,8.70460027098971,21.4912272281492));
#6352=CARTESIAN_POINT('Ctrl Pts',(25.3894221732711,8.40786878548942,21.2866321423865));
#6353=CARTESIAN_POINT('Ctrl Pts',(25.6004602117964,7.91232666771505,21.0346038169662));
#6354=CARTESIAN_POINT('Ctrl Pts',(25.6553743160277,7.73856441993992,20.9603810726646));
#6355=CARTESIAN_POINT('Ctrl Pts',(25.7301136987401,7.37791173890193,20.8549197066152));
#6356=CARTESIAN_POINT('Ctrl Pts',(25.75,7.19089885496381,20.8241436346954));
#6357=CARTESIAN_POINT('Ctrl Pts',(25.75,7.,20.8241436346954));
#6358=CARTESIAN_POINT('',(25.75,7.,17.1758563653046));
#6359=CARTESIAN_POINT('Ctrl Pts',(25.75,7.,17.1758563653046));
#6360=CARTESIAN_POINT('Ctrl Pts',(25.75,7.19089885496381,17.1758563653046));
#6361=CARTESIAN_POINT('Ctrl Pts',(25.7301136987401,7.37791173890193,17.1450802933848));
#6362=CARTESIAN_POINT('Ctrl Pts',(25.6553743160277,7.73856441993992,17.0396189273354));
#6363=CARTESIAN_POINT('Ctrl Pts',(25.6004602117964,7.91232666771505,16.9653961830338));
#6364=CARTESIAN_POINT('Ctrl Pts',(25.3894221732711,8.40786878548942,16.7133678576135));
#6365=CARTESIAN_POINT('Ctrl Pts',(25.1844870255363,8.70460027098971,16.5087727718508));
#6366=CARTESIAN_POINT('Ctrl Pts',(24.7143511892025,9.17473610732349,16.1658909730023));
#6367=CARTESIAN_POINT('Ctrl Pts',(24.4179210993746,9.38457311199146,15.9989018238468));
#6368=CARTESIAN_POINT('Ctrl Pts',(23.7442719563366,9.67259221947982,15.7653206632977));
#6369=CARTESIAN_POINT('Ctrl Pts',(23.3662820566695,9.75,15.7));
#6370=CARTESIAN_POINT('Ctrl Pts',(22.6337179433305,9.75,15.7));
#6371=CARTESIAN_POINT('Ctrl Pts',(22.2557280436634,9.67259221947982,15.7653206632977));
#6372=CARTESIAN_POINT('Ctrl Pts',(21.5820789006254,9.38457311199146,15.9989018238467));
#6373=CARTESIAN_POINT('Ctrl Pts',(21.2856488107975,9.17473610732349,16.1658909730023));
#6374=CARTESIAN_POINT('Ctrl Pts',(20.8155129744637,8.70460027098971,16.5087727718507));
#6375=CARTESIAN_POINT('Ctrl Pts',(20.6105778267289,8.40786878548942,16.7133678576135));
#6376=CARTESIAN_POINT('Ctrl Pts',(20.3995397882036,7.91232666771505,16.9653961830338));
#6377=CARTESIAN_POINT('Ctrl Pts',(20.3446256839723,7.73856441993992,17.0396189273353));
#6378=CARTESIAN_POINT('Ctrl Pts',(20.2698863012599,7.37791173890193,17.1450802933847));
#6379=CARTESIAN_POINT('Ctrl Pts',(20.25,7.19089885496381,17.1758563653045));
#6380=CARTESIAN_POINT('Ctrl Pts',(20.25,6.80910114503619,17.1758563653045));
#6381=CARTESIAN_POINT('Ctrl Pts',(20.2698863012599,6.62208826109808,17.1450802933847));
#6382=CARTESIAN_POINT('Ctrl Pts',(20.3446256839723,6.26143558006009,17.0396189273353));
#6383=CARTESIAN_POINT('Ctrl Pts',(20.3995397882036,6.08767333228495,16.9653961830338));
#6384=CARTESIAN_POINT('Ctrl Pts',(20.6105778267288,5.59213121451058,16.7133678576135));
#6385=CARTESIAN_POINT('Ctrl Pts',(20.8155129744637,5.2953997290103,16.5087727718507));
#6386=CARTESIAN_POINT('Ctrl Pts',(21.2856488107975,4.82526389267651,16.1658909730023));
#6387=CARTESIAN_POINT('Ctrl Pts',(21.5820789006254,4.61542688800855,15.9989018238467));
#6388=CARTESIAN_POINT('Ctrl Pts',(22.2557280436634,4.32740778052018,15.7653206632977));
#6389=CARTESIAN_POINT('Ctrl Pts',(22.6337179433305,4.25,15.7));
#6390=CARTESIAN_POINT('Ctrl Pts',(23.3662820566695,4.25,15.7));
#6391=CARTESIAN_POINT('Ctrl Pts',(23.7442719563366,4.32740778052017,15.7653206632977));
#6392=CARTESIAN_POINT('Ctrl Pts',(24.4179210993746,4.61542688800854,15.9989018238467));
#6393=CARTESIAN_POINT('Ctrl Pts',(24.7143511892025,4.82526389267651,16.1658909730023));
#6394=CARTESIAN_POINT('Ctrl Pts',(25.1844870255363,5.2953997290103,16.5087727718508));
#6395=CARTESIAN_POINT('Ctrl Pts',(25.3894221732711,5.59213121451058,16.7133678576135));
#6396=CARTESIAN_POINT('Ctrl Pts',(25.6004602117964,6.08767333228495,16.9653961830338));
#6397=CARTESIAN_POINT('Ctrl Pts',(25.6553743160277,6.26143558006008,17.0396189273354));
#6398=CARTESIAN_POINT('Ctrl Pts',(25.7301136987401,6.62208826109808,17.1450802933848));
#6399=CARTESIAN_POINT('Ctrl Pts',(25.75,6.80910114503619,17.1758563653046));
#6400=CARTESIAN_POINT('Ctrl Pts',(25.75,7.,17.1758563653046));
#6401=CARTESIAN_POINT('Origin',(-23.,0.149999999999999,19.));
#6402=CARTESIAN_POINT('',(-26.3,0.299999999999998,19.));
#6403=CARTESIAN_POINT('',(-26.45,0.149999999999999,19.));
#6404=CARTESIAN_POINT('Origin',(-23.,0.299999999999998,19.));
#6405=CARTESIAN_POINT('Origin',(-23.,32.5,19.));
#6406=CARTESIAN_POINT('',(-26.3,30.5,19.));
#6407=CARTESIAN_POINT('Origin',(-23.,30.5,19.));
#6408=CARTESIAN_POINT('',(-26.3,32.5,19.));
#6409=CARTESIAN_POINT('',(-25.75,25.,20.8241436346954));
#6410=CARTESIAN_POINT('',(-20.25,25.,20.8241436346954));
#6411=CARTESIAN_POINT('Ctrl Pts',(-25.75,25.,20.8241436346954));
#6412=CARTESIAN_POINT('Ctrl Pts',(-25.75,25.1908988549638,20.8241436346954));
#6413=CARTESIAN_POINT('Ctrl Pts',(-25.7301136987401,25.3779117389019,20.8549197066152));
#6414=CARTESIAN_POINT('Ctrl Pts',(-25.6553743160277,25.7385644199399,20.9603810726646));
#6415=CARTESIAN_POINT('Ctrl Pts',(-25.6004602117964,25.9123266677151,21.0346038169662));
#6416=CARTESIAN_POINT('Ctrl Pts',(-25.3894221732711,26.4078687854894,21.2866321423865));
#6417=CARTESIAN_POINT('Ctrl Pts',(-25.1844870255363,26.7046002709897,21.4912272281492));
#6418=CARTESIAN_POINT('Ctrl Pts',(-24.7143511892025,27.1747361073235,21.8341090269977));
#6419=CARTESIAN_POINT('Ctrl Pts',(-24.4179210993746,27.3845731119915,22.0010981761532));
#6420=CARTESIAN_POINT('Ctrl Pts',(-23.7442719563366,27.6725922194798,22.2346793367023));
#6421=CARTESIAN_POINT('Ctrl Pts',(-23.3662820566695,27.75,22.3));
#6422=CARTESIAN_POINT('Ctrl Pts',(-22.6337179433305,27.75,22.3));
#6423=CARTESIAN_POINT('Ctrl Pts',(-22.2557280436634,27.6725922194798,22.2346793367023));
#6424=CARTESIAN_POINT('Ctrl Pts',(-21.5820789006254,27.3845731119915,22.0010981761533));
#6425=CARTESIAN_POINT('Ctrl Pts',(-21.2856488107975,27.1747361073235,21.8341090269977));
#6426=CARTESIAN_POINT('Ctrl Pts',(-20.8155129744637,26.7046002709897,21.4912272281493));
#6427=CARTESIAN_POINT('Ctrl Pts',(-20.6105778267289,26.4078687854894,21.2866321423865));
#6428=CARTESIAN_POINT('Ctrl Pts',(-20.3995397882036,25.9123266677151,21.0346038169662));
#6429=CARTESIAN_POINT('Ctrl Pts',(-20.3446256839723,25.7385644199399,20.9603810726647));
#6430=CARTESIAN_POINT('Ctrl Pts',(-20.2698863012599,25.3779117389019,20.8549197066153));
#6431=CARTESIAN_POINT('Ctrl Pts',(-20.25,25.1908988549638,20.8241436346955));
#6432=CARTESIAN_POINT('Ctrl Pts',(-20.25,25.,20.8241436346955));
#6433=CARTESIAN_POINT('Ctrl Pts',(-20.25,25.,20.8241436346955));
#6434=CARTESIAN_POINT('Ctrl Pts',(-20.25,24.8091011450362,20.8241436346955));
#6435=CARTESIAN_POINT('Ctrl Pts',(-20.2698863012599,24.6220882610981,20.8549197066153));
#6436=CARTESIAN_POINT('Ctrl Pts',(-20.3446256839723,24.2614355800601,20.9603810726647));
#6437=CARTESIAN_POINT('Ctrl Pts',(-20.3995397882036,24.087673332285,21.0346038169662));
#6438=CARTESIAN_POINT('Ctrl Pts',(-20.6105778267288,23.5921312145106,21.2866321423865));
#6439=CARTESIAN_POINT('Ctrl Pts',(-20.8155129744637,23.2953997290103,21.4912272281493));
#6440=CARTESIAN_POINT('Ctrl Pts',(-21.2856488107975,22.8252638926765,21.8341090269977));
#6441=CARTESIAN_POINT('Ctrl Pts',(-21.5820789006254,22.6154268880085,22.0010981761533));
#6442=CARTESIAN_POINT('Ctrl Pts',(-22.2557280436634,22.3274077805202,22.2346793367023));
#6443=CARTESIAN_POINT('Ctrl Pts',(-22.6337179433305,22.25,22.3));
#6444=CARTESIAN_POINT('Ctrl Pts',(-23.3662820566695,22.25,22.3));
#6445=CARTESIAN_POINT('Ctrl Pts',(-23.7442719563366,22.3274077805202,22.2346793367023));
#6446=CARTESIAN_POINT('Ctrl Pts',(-24.4179210993746,22.6154268880085,22.0010981761532));
#6447=CARTESIAN_POINT('Ctrl Pts',(-24.7143511892025,22.8252638926765,21.8341090269977));
#6448=CARTESIAN_POINT('Ctrl Pts',(-25.1844870255363,23.2953997290103,21.4912272281492));
#6449=CARTESIAN_POINT('Ctrl Pts',(-25.3894221732711,23.5921312145106,21.2866321423865));
#6450=CARTESIAN_POINT('Ctrl Pts',(-25.6004602117964,24.0876733322849,21.0346038169662));
#6451=CARTESIAN_POINT('Ctrl Pts',(-25.6553743160277,24.2614355800601,20.9603810726646));
#6452=CARTESIAN_POINT('Ctrl Pts',(-25.7301136987401,24.6220882610981,20.8549197066152));
#6453=CARTESIAN_POINT('Ctrl Pts',(-25.75,24.8091011450362,20.8241436346954));
#6454=CARTESIAN_POINT('Ctrl Pts',(-25.75,25.,20.8241436346954));
#6455=CARTESIAN_POINT('',(-25.75,25.,17.1758563653046));
#6456=CARTESIAN_POINT('',(-20.25,25.,17.1758563653046));
#6457=CARTESIAN_POINT('Ctrl Pts',(-25.75,25.,17.1758563653046));
#6458=CARTESIAN_POINT('Ctrl Pts',(-25.75,24.8091011450362,17.1758563653046));
#6459=CARTESIAN_POINT('Ctrl Pts',(-25.7301136987401,24.6220882610981,17.1450802933848));
#6460=CARTESIAN_POINT('Ctrl Pts',(-25.6553743160277,24.2614355800601,17.0396189273354));
#6461=CARTESIAN_POINT('Ctrl Pts',(-25.6004602117964,24.087673332285,16.9653961830338));
#6462=CARTESIAN_POINT('Ctrl Pts',(-25.3894221732711,23.5921312145106,16.7133678576135));
#6463=CARTESIAN_POINT('Ctrl Pts',(-25.1844870255363,23.2953997290103,16.5087727718508));
#6464=CARTESIAN_POINT('Ctrl Pts',(-24.7143511892025,22.8252638926765,16.1658909730023));
#6465=CARTESIAN_POINT('Ctrl Pts',(-24.4179210993746,22.6154268880085,15.9989018238468));
#6466=CARTESIAN_POINT('Ctrl Pts',(-23.7442719563366,22.3274077805202,15.7653206632977));
#6467=CARTESIAN_POINT('Ctrl Pts',(-23.3662820566695,22.25,15.7));
#6468=CARTESIAN_POINT('Ctrl Pts',(-22.6337179433305,22.25,15.7));
#6469=CARTESIAN_POINT('Ctrl Pts',(-22.2557280436634,22.3274077805202,15.7653206632977));
#6470=CARTESIAN_POINT('Ctrl Pts',(-21.5820789006254,22.6154268880085,15.9989018238467));
#6471=CARTESIAN_POINT('Ctrl Pts',(-21.2856488107975,22.8252638926765,16.1658909730023));
#6472=CARTESIAN_POINT('Ctrl Pts',(-20.8155129744637,23.2953997290103,16.5087727718507));
#6473=CARTESIAN_POINT('Ctrl Pts',(-20.6105778267289,23.5921312145106,16.7133678576135));
#6474=CARTESIAN_POINT('Ctrl Pts',(-20.3995397882036,24.0876733322849,16.9653961830338));
#6475=CARTESIAN_POINT('Ctrl Pts',(-20.3446256839723,24.2614355800601,17.0396189273353));
#6476=CARTESIAN_POINT('Ctrl Pts',(-20.2698863012599,24.6220882610981,17.1450802933847));
#6477=CARTESIAN_POINT('Ctrl Pts',(-20.25,24.8091011450362,17.1758563653045));
#6478=CARTESIAN_POINT('Ctrl Pts',(-20.25,25.,17.1758563653045));
#6479=CARTESIAN_POINT('Ctrl Pts',(-20.25,25.,17.1758563653045));
#6480=CARTESIAN_POINT('Ctrl Pts',(-20.25,25.1908988549638,17.1758563653045));
#6481=CARTESIAN_POINT('Ctrl Pts',(-20.2698863012599,25.3779117389019,17.1450802933847));
#6482=CARTESIAN_POINT('Ctrl Pts',(-20.3446256839723,25.7385644199399,17.0396189273353));
#6483=CARTESIAN_POINT('Ctrl Pts',(-20.3995397882036,25.912326667715,16.9653961830338));
#6484=CARTESIAN_POINT('Ctrl Pts',(-20.6105778267288,26.4078687854894,16.7133678576135));
#6485=CARTESIAN_POINT('Ctrl Pts',(-20.8155129744637,26.7046002709897,16.5087727718507));
#6486=CARTESIAN_POINT('Ctrl Pts',(-21.2856488107975,27.1747361073235,16.1658909730023));
#6487=CARTESIAN_POINT('Ctrl Pts',(-21.5820789006254,27.3845731119915,15.9989018238467));
#6488=CARTESIAN_POINT('Ctrl Pts',(-22.2557280436634,27.6725922194798,15.7653206632977));
#6489=CARTESIAN_POINT('Ctrl Pts',(-22.6337179433305,27.75,15.7));
#6490=CARTESIAN_POINT('Ctrl Pts',(-23.3662820566695,27.75,15.7));
#6491=CARTESIAN_POINT('Ctrl Pts',(-23.7442719563366,27.6725922194798,15.7653206632977));
#6492=CARTESIAN_POINT('Ctrl Pts',(-24.4179210993746,27.3845731119915,15.9989018238468));
#6493=CARTESIAN_POINT('Ctrl Pts',(-24.7143511892025,27.1747361073235,16.1658909730023));
#6494=CARTESIAN_POINT('Ctrl Pts',(-25.1844870255363,26.7046002709897,16.5087727718508));
#6495=CARTESIAN_POINT('Ctrl Pts',(-25.3894221732711,26.4078687854894,16.7133678576135));
#6496=CARTESIAN_POINT('Ctrl Pts',(-25.6004602117964,25.912326667715,16.9653961830338));
#6497=CARTESIAN_POINT('Ctrl Pts',(-25.6553743160277,25.7385644199399,17.0396189273354));
#6498=CARTESIAN_POINT('Ctrl Pts',(-25.7301136987401,25.3779117389019,17.1450802933848));
#6499=CARTESIAN_POINT('Ctrl Pts',(-25.75,25.1908988549638,17.1758563653046));
#6500=CARTESIAN_POINT('Ctrl Pts',(-25.75,25.,17.1758563653046));
#6501=CARTESIAN_POINT('',(-25.75,7.,20.8241436346954));
#6502=CARTESIAN_POINT('',(-20.25,7.,20.8241436346954));
#6503=CARTESIAN_POINT('Ctrl Pts',(-25.75,7.,20.8241436346954));
#6504=CARTESIAN_POINT('Ctrl Pts',(-25.75,7.19089885496381,20.8241436346954));
#6505=CARTESIAN_POINT('Ctrl Pts',(-25.7301136987401,7.37791173890193,20.8549197066152));
#6506=CARTESIAN_POINT('Ctrl Pts',(-25.6553743160277,7.73856441993992,20.9603810726646));
#6507=CARTESIAN_POINT('Ctrl Pts',(-25.6004602117964,7.91232666771505,21.0346038169662));
#6508=CARTESIAN_POINT('Ctrl Pts',(-25.3894221732711,8.40786878548942,21.2866321423865));
#6509=CARTESIAN_POINT('Ctrl Pts',(-25.1844870255363,8.70460027098971,21.4912272281492));
#6510=CARTESIAN_POINT('Ctrl Pts',(-24.7143511892025,9.17473610732349,21.8341090269977));
#6511=CARTESIAN_POINT('Ctrl Pts',(-24.4179210993746,9.38457311199146,22.0010981761532));
#6512=CARTESIAN_POINT('Ctrl Pts',(-23.7442719563366,9.67259221947982,22.2346793367023));
#6513=CARTESIAN_POINT('Ctrl Pts',(-23.3662820566695,9.75,22.3));
#6514=CARTESIAN_POINT('Ctrl Pts',(-22.6337179433305,9.75,22.3));
#6515=CARTESIAN_POINT('Ctrl Pts',(-22.2557280436634,9.67259221947982,22.2346793367023));
#6516=CARTESIAN_POINT('Ctrl Pts',(-21.5820789006254,9.38457311199146,22.0010981761533));
#6517=CARTESIAN_POINT('Ctrl Pts',(-21.2856488107975,9.17473610732349,21.8341090269977));
#6518=CARTESIAN_POINT('Ctrl Pts',(-20.8155129744637,8.70460027098971,21.4912272281493));
#6519=CARTESIAN_POINT('Ctrl Pts',(-20.6105778267289,8.40786878548942,21.2866321423865));
#6520=CARTESIAN_POINT('Ctrl Pts',(-20.3995397882036,7.91232666771505,21.0346038169662));
#6521=CARTESIAN_POINT('Ctrl Pts',(-20.3446256839723,7.73856441993991,20.9603810726647));
#6522=CARTESIAN_POINT('Ctrl Pts',(-20.2698863012599,7.37791173890192,20.8549197066153));
#6523=CARTESIAN_POINT('Ctrl Pts',(-20.25,7.19089885496381,20.8241436346955));
#6524=CARTESIAN_POINT('Ctrl Pts',(-20.25,7.,20.8241436346955));
#6525=CARTESIAN_POINT('Ctrl Pts',(-20.25,7.,20.8241436346955));
#6526=CARTESIAN_POINT('Ctrl Pts',(-20.25,6.80910114503619,20.8241436346955));
#6527=CARTESIAN_POINT('Ctrl Pts',(-20.2698863012599,6.62208826109808,20.8549197066153));
#6528=CARTESIAN_POINT('Ctrl Pts',(-20.3446256839723,6.26143558006009,20.9603810726647));
#6529=CARTESIAN_POINT('Ctrl Pts',(-20.3995397882036,6.08767333228495,21.0346038169662));
#6530=CARTESIAN_POINT('Ctrl Pts',(-20.6105778267288,5.59213121451058,21.2866321423865));
#6531=CARTESIAN_POINT('Ctrl Pts',(-20.8155129744637,5.2953997290103,21.4912272281493));
#6532=CARTESIAN_POINT('Ctrl Pts',(-21.2856488107975,4.82526389267651,21.8341090269977));
#6533=CARTESIAN_POINT('Ctrl Pts',(-21.5820789006254,4.61542688800855,22.0010981761533));
#6534=CARTESIAN_POINT('Ctrl Pts',(-22.2557280436634,4.32740778052018,22.2346793367023));
#6535=CARTESIAN_POINT('Ctrl Pts',(-22.6337179433305,4.25,22.3));
#6536=CARTESIAN_POINT('Ctrl Pts',(-23.3662820566695,4.25,22.3));
#6537=CARTESIAN_POINT('Ctrl Pts',(-23.7442719563366,4.32740778052018,22.2346793367023));
#6538=CARTESIAN_POINT('Ctrl Pts',(-24.4179210993746,4.61542688800854,22.0010981761532));
#6539=CARTESIAN_POINT('Ctrl Pts',(-24.7143511892025,4.82526389267651,21.8341090269977));
#6540=CARTESIAN_POINT('Ctrl Pts',(-25.1844870255363,5.2953997290103,21.4912272281492));
#6541=CARTESIAN_POINT('Ctrl Pts',(-25.3894221732711,5.59213121451058,21.2866321423865));
#6542=CARTESIAN_POINT('Ctrl Pts',(-25.6004602117964,6.08767333228495,21.0346038169662));
#6543=CARTESIAN_POINT('Ctrl Pts',(-25.6553743160277,6.26143558006008,20.9603810726646));
#6544=CARTESIAN_POINT('Ctrl Pts',(-25.7301136987401,6.62208826109808,20.8549197066152));
#6545=CARTESIAN_POINT('Ctrl Pts',(-25.75,6.80910114503619,20.8241436346954));
#6546=CARTESIAN_POINT('Ctrl Pts',(-25.75,7.,20.8241436346954));
#6547=CARTESIAN_POINT('',(-25.75,7.,17.1758563653046));
#6548=CARTESIAN_POINT('',(-20.25,7.,17.1758563653046));
#6549=CARTESIAN_POINT('Ctrl Pts',(-25.75,7.,17.1758563653046));
#6550=CARTESIAN_POINT('Ctrl Pts',(-25.75,6.80910114503619,17.1758563653046));
#6551=CARTESIAN_POINT('Ctrl Pts',(-25.7301136987401,6.62208826109808,17.1450802933848));
#6552=CARTESIAN_POINT('Ctrl Pts',(-25.6553743160277,6.26143558006008,17.0396189273354));
#6553=CARTESIAN_POINT('Ctrl Pts',(-25.6004602117964,6.08767333228495,16.9653961830338));
#6554=CARTESIAN_POINT('Ctrl Pts',(-25.3894221732711,5.59213121451058,16.7133678576135));
#6555=CARTESIAN_POINT('Ctrl Pts',(-25.1844870255363,5.2953997290103,16.5087727718508));
#6556=CARTESIAN_POINT('Ctrl Pts',(-24.7143511892025,4.82526389267651,16.1658909730023));
#6557=CARTESIAN_POINT('Ctrl Pts',(-24.4179210993746,4.61542688800854,15.9989018238467));
#6558=CARTESIAN_POINT('Ctrl Pts',(-23.7442719563366,4.32740778052017,15.7653206632977));
#6559=CARTESIAN_POINT('Ctrl Pts',(-23.3662820566695,4.25,15.7));
#6560=CARTESIAN_POINT('Ctrl Pts',(-22.6337179433305,4.25,15.7));
#6561=CARTESIAN_POINT('Ctrl Pts',(-22.2557280436634,4.32740778052018,15.7653206632977));
#6562=CARTESIAN_POINT('Ctrl Pts',(-21.5820789006254,4.61542688800855,15.9989018238467));
#6563=CARTESIAN_POINT('Ctrl Pts',(-21.2856488107975,4.82526389267651,16.1658909730023));
#6564=CARTESIAN_POINT('Ctrl Pts',(-20.8155129744637,5.2953997290103,16.5087727718507));
#6565=CARTESIAN_POINT('Ctrl Pts',(-20.6105778267288,5.59213121451058,16.7133678576135));
#6566=CARTESIAN_POINT('Ctrl Pts',(-20.3995397882036,6.08767333228495,16.9653961830338));
#6567=CARTESIAN_POINT('Ctrl Pts',(-20.3446256839723,6.26143558006008,17.0396189273353));
#6568=CARTESIAN_POINT('Ctrl Pts',(-20.2698863012599,6.62208826109807,17.1450802933847));
#6569=CARTESIAN_POINT('Ctrl Pts',(-20.25,6.80910114503619,17.1758563653045));
#6570=CARTESIAN_POINT('Ctrl Pts',(-20.25,7.,17.1758563653045));
#6571=CARTESIAN_POINT('Ctrl Pts',(-20.25,7.,17.1758563653045));
#6572=CARTESIAN_POINT('Ctrl Pts',(-20.25,7.19089885496381,17.1758563653045));
#6573=CARTESIAN_POINT('Ctrl Pts',(-20.2698863012599,7.37791173890193,17.1450802933847));
#6574=CARTESIAN_POINT('Ctrl Pts',(-20.3446256839723,7.73856441993992,17.0396189273353));
#6575=CARTESIAN_POINT('Ctrl Pts',(-20.3995397882036,7.91232666771505,16.9653961830338));
#6576=CARTESIAN_POINT('Ctrl Pts',(-20.6105778267289,8.40786878548942,16.7133678576135));
#6577=CARTESIAN_POINT('Ctrl Pts',(-20.8155129744637,8.70460027098971,16.5087727718507));
#6578=CARTESIAN_POINT('Ctrl Pts',(-21.2856488107975,9.17473610732349,16.1658909730023));
#6579=CARTESIAN_POINT('Ctrl Pts',(-21.5820789006254,9.38457311199146,15.9989018238467));
#6580=CARTESIAN_POINT('Ctrl Pts',(-22.2557280436634,9.67259221947982,15.7653206632977));
#6581=CARTESIAN_POINT('Ctrl Pts',(-22.6337179433305,9.75,15.7));
#6582=CARTESIAN_POINT('Ctrl Pts',(-23.3662820566695,9.75,15.7));
#6583=CARTESIAN_POINT('Ctrl Pts',(-23.7442719563366,9.67259221947982,15.7653206632977));
#6584=CARTESIAN_POINT('Ctrl Pts',(-24.4179210993746,9.38457311199146,15.9989018238468));
#6585=CARTESIAN_POINT('Ctrl Pts',(-24.7143511892025,9.17473610732349,16.1658909730023));
#6586=CARTESIAN_POINT('Ctrl Pts',(-25.1844870255363,8.70460027098971,16.5087727718508));
#6587=CARTESIAN_POINT('Ctrl Pts',(-25.3894221732711,8.40786878548942,16.7133678576135));
#6588=CARTESIAN_POINT('Ctrl Pts',(-25.6004602117964,7.91232666771505,16.9653961830338));
#6589=CARTESIAN_POINT('Ctrl Pts',(-25.6553743160277,7.73856441993992,17.0396189273354));
#6590=CARTESIAN_POINT('Ctrl Pts',(-25.7301136987401,7.37791173890193,17.1450802933848));
#6591=CARTESIAN_POINT('Ctrl Pts',(-25.75,7.19089885496381,17.1758563653046));
#6592=CARTESIAN_POINT('Ctrl Pts',(-25.75,7.,17.1758563653046));
#6593=CARTESIAN_POINT('Origin',(-23.,0.149999999999999,6.));
#6594=CARTESIAN_POINT('',(-26.3,0.299999999999998,6.));
#6595=CARTESIAN_POINT('',(-26.45,0.149999999999999,6.));
#6596=CARTESIAN_POINT('Origin',(-23.,0.299999999999998,6.));
#6597=CARTESIAN_POINT('Origin',(-23.,32.5,6.));
#6598=CARTESIAN_POINT('',(-26.3,30.5,6.));
#6599=CARTESIAN_POINT('Origin',(-23.,30.5,6.));
#6600=CARTESIAN_POINT('',(-26.3,32.5,6.));
#6601=CARTESIAN_POINT('',(-25.75,25.,7.82414363469543));
#6602=CARTESIAN_POINT('',(-20.25,25.,7.82414363469544));
#6603=CARTESIAN_POINT('Ctrl Pts',(-25.75,25.,7.82414363469544));
#6604=CARTESIAN_POINT('Ctrl Pts',(-25.75,25.1908988549638,7.82414363469544));
#6605=CARTESIAN_POINT('Ctrl Pts',(-25.7301136987401,25.3779117389019,7.85491970661525));
#6606=CARTESIAN_POINT('Ctrl Pts',(-25.6553743160277,25.7385644199399,7.96038107266462));
#6607=CARTESIAN_POINT('Ctrl Pts',(-25.6004602117964,25.912326667715,8.03460381696619));
#6608=CARTESIAN_POINT('Ctrl Pts',(-25.3894221732711,26.4078687854894,8.28663214238647));
#6609=CARTESIAN_POINT('Ctrl Pts',(-25.1844870255363,26.7046002709897,8.49122722814923));
#6610=CARTESIAN_POINT('Ctrl Pts',(-24.7143511892025,27.1747361073235,8.83410902699765));
#6611=CARTESIAN_POINT('Ctrl Pts',(-24.4179210993746,27.3845731119915,9.00109817615325));
#6612=CARTESIAN_POINT('Ctrl Pts',(-23.7442719563366,27.6725922194798,9.23467933670228));
#6613=CARTESIAN_POINT('Ctrl Pts',(-23.3662820566695,27.75,9.3));
#6614=CARTESIAN_POINT('Ctrl Pts',(-22.6337179433305,27.75,9.3));
#6615=CARTESIAN_POINT('Ctrl Pts',(-22.2557280436634,27.6725922194798,9.23467933670229));
#6616=CARTESIAN_POINT('Ctrl Pts',(-21.5820789006254,27.3845731119915,9.00109817615327));
#6617=CARTESIAN_POINT('Ctrl Pts',(-21.2856488107975,27.1747361073235,8.83410902699768));
#6618=CARTESIAN_POINT('Ctrl Pts',(-20.8155129744637,26.7046002709897,8.49122722814927));
#6619=CARTESIAN_POINT('Ctrl Pts',(-20.6105778267288,26.4078687854894,8.28663214238651));
#6620=CARTESIAN_POINT('Ctrl Pts',(-20.3995397882036,25.912326667715,8.03460381696624));
#6621=CARTESIAN_POINT('Ctrl Pts',(-20.3446256839723,25.7385644199399,7.96038107266468));
#6622=CARTESIAN_POINT('Ctrl Pts',(-20.2698863012599,25.3779117389019,7.85491970661531));
#6623=CARTESIAN_POINT('Ctrl Pts',(-20.25,25.1908988549638,7.82414363469551));
#6624=CARTESIAN_POINT('Ctrl Pts',(-20.25,25.,7.82414363469551));
#6625=CARTESIAN_POINT('Ctrl Pts',(-20.25,25.,7.82414363469551));
#6626=CARTESIAN_POINT('Ctrl Pts',(-20.25,24.8091011450362,7.82414363469551));
#6627=CARTESIAN_POINT('Ctrl Pts',(-20.2698863012599,24.6220882610981,7.85491970661531));
#6628=CARTESIAN_POINT('Ctrl Pts',(-20.3446256839723,24.2614355800601,7.96038107266468));
#6629=CARTESIAN_POINT('Ctrl Pts',(-20.3995397882036,24.087673332285,8.03460381696624));
#6630=CARTESIAN_POINT('Ctrl Pts',(-20.6105778267288,23.5921312145106,8.28663214238651));
#6631=CARTESIAN_POINT('Ctrl Pts',(-20.8155129744637,23.2953997290103,8.49122722814927));
#6632=CARTESIAN_POINT('Ctrl Pts',(-21.2856488107975,22.8252638926765,8.83410902699768));
#6633=CARTESIAN_POINT('Ctrl Pts',(-21.5820789006254,22.6154268880085,9.00109817615327));
#6634=CARTESIAN_POINT('Ctrl Pts',(-22.2557280436634,22.3274077805202,9.23467933670229));
#6635=CARTESIAN_POINT('Ctrl Pts',(-22.6337179433305,22.25,9.3));
#6636=CARTESIAN_POINT('Ctrl Pts',(-23.3662820566695,22.25,9.3));
#6637=CARTESIAN_POINT('Ctrl Pts',(-23.7442719563366,22.3274077805202,9.23467933670228));
#6638=CARTESIAN_POINT('Ctrl Pts',(-24.4179210993746,22.6154268880085,9.00109817615325));
#6639=CARTESIAN_POINT('Ctrl Pts',(-24.7143511892025,22.8252638926765,8.83410902699765));
#6640=CARTESIAN_POINT('Ctrl Pts',(-25.1844870255363,23.2953997290103,8.49122722814923));
#6641=CARTESIAN_POINT('Ctrl Pts',(-25.3894221732711,23.5921312145106,8.28663214238647));
#6642=CARTESIAN_POINT('Ctrl Pts',(-25.6004602117964,24.087673332285,8.03460381696619));
#6643=CARTESIAN_POINT('Ctrl Pts',(-25.6553743160277,24.2614355800601,7.96038107266462));
#6644=CARTESIAN_POINT('Ctrl Pts',(-25.7301136987401,24.6220882610981,7.85491970661525));
#6645=CARTESIAN_POINT('Ctrl Pts',(-25.75,24.8091011450362,7.82414363469544));
#6646=CARTESIAN_POINT('Ctrl Pts',(-25.75,25.,7.82414363469544));
#6647=CARTESIAN_POINT('',(-25.75,25.,4.17585636530457));
#6648=CARTESIAN_POINT('',(-20.25,25.,4.17585636530456));
#6649=CARTESIAN_POINT('Ctrl Pts',(-25.75,25.,4.17585636530456));
#6650=CARTESIAN_POINT('Ctrl Pts',(-25.75,24.8091011450362,4.17585636530456));
#6651=CARTESIAN_POINT('Ctrl Pts',(-25.7301136987401,24.6220882610981,4.14508029338476));
#6652=CARTESIAN_POINT('Ctrl Pts',(-25.6553743160277,24.2614355800601,4.03961892733538));
#6653=CARTESIAN_POINT('Ctrl Pts',(-25.6004602117964,24.087673332285,3.96539618303381));
#6654=CARTESIAN_POINT('Ctrl Pts',(-25.3894221732711,23.5921312145106,3.71336785761353));
#6655=CARTESIAN_POINT('Ctrl Pts',(-25.1844870255363,23.2953997290103,3.50877277185077));
#6656=CARTESIAN_POINT('Ctrl Pts',(-24.7143511892025,22.8252638926765,3.16589097300235));
#6657=CARTESIAN_POINT('Ctrl Pts',(-24.4179210993746,22.6154268880085,2.99890182384676));
#6658=CARTESIAN_POINT('Ctrl Pts',(-23.7442719563366,22.3274077805202,2.76532066329772));
#6659=CARTESIAN_POINT('Ctrl Pts',(-23.3662820566695,22.25,2.7));
#6660=CARTESIAN_POINT('Ctrl Pts',(-22.6337179433305,22.25,2.7));
#6661=CARTESIAN_POINT('Ctrl Pts',(-22.2557280436634,22.3274077805202,2.76532066329771));
#6662=CARTESIAN_POINT('Ctrl Pts',(-21.5820789006254,22.6154268880085,2.99890182384674));
#6663=CARTESIAN_POINT('Ctrl Pts',(-21.2856488107975,22.8252638926765,3.16589097300232));
#6664=CARTESIAN_POINT('Ctrl Pts',(-20.8155129744637,23.2953997290103,3.50877277185073));
#6665=CARTESIAN_POINT('Ctrl Pts',(-20.6105778267288,23.5921312145106,3.71336785761349));
#6666=CARTESIAN_POINT('Ctrl Pts',(-20.3995397882036,24.087673332285,3.96539618303376));
#6667=CARTESIAN_POINT('Ctrl Pts',(-20.3446256839723,24.2614355800601,4.03961892733532));
#6668=CARTESIAN_POINT('Ctrl Pts',(-20.2698863012599,24.6220882610981,4.14508029338469));
#6669=CARTESIAN_POINT('Ctrl Pts',(-20.25,24.8091011450362,4.17585636530449));
#6670=CARTESIAN_POINT('Ctrl Pts',(-20.25,25.,4.17585636530449));
#6671=CARTESIAN_POINT('Ctrl Pts',(-20.25,25.,4.17585636530449));
#6672=CARTESIAN_POINT('Ctrl Pts',(-20.25,25.1908988549638,4.17585636530449));
#6673=CARTESIAN_POINT('Ctrl Pts',(-20.2698863012599,25.3779117389019,4.14508029338469));
#6674=CARTESIAN_POINT('Ctrl Pts',(-20.3446256839723,25.7385644199399,4.03961892733532));
#6675=CARTESIAN_POINT('Ctrl Pts',(-20.3995397882036,25.912326667715,3.96539618303376));
#6676=CARTESIAN_POINT('Ctrl Pts',(-20.6105778267288,26.4078687854894,3.71336785761349));
#6677=CARTESIAN_POINT('Ctrl Pts',(-20.8155129744637,26.7046002709897,3.50877277185073));
#6678=CARTESIAN_POINT('Ctrl Pts',(-21.2856488107975,27.1747361073235,3.16589097300232));
#6679=CARTESIAN_POINT('Ctrl Pts',(-21.5820789006254,27.3845731119915,2.99890182384674));
#6680=CARTESIAN_POINT('Ctrl Pts',(-22.2557280436634,27.6725922194798,2.76532066329771));
#6681=CARTESIAN_POINT('Ctrl Pts',(-22.6337179433305,27.75,2.7));
#6682=CARTESIAN_POINT('Ctrl Pts',(-23.3662820566695,27.75,2.7));
#6683=CARTESIAN_POINT('Ctrl Pts',(-23.7442719563366,27.6725922194798,2.76532066329772));
#6684=CARTESIAN_POINT('Ctrl Pts',(-24.4179210993746,27.3845731119915,2.99890182384676));
#6685=CARTESIAN_POINT('Ctrl Pts',(-24.7143511892025,27.1747361073235,3.16589097300235));
#6686=CARTESIAN_POINT('Ctrl Pts',(-25.1844870255363,26.7046002709897,3.50877277185077));
#6687=CARTESIAN_POINT('Ctrl Pts',(-25.3894221732712,26.4078687854894,3.71336785761354));
#6688=CARTESIAN_POINT('Ctrl Pts',(-25.6004602117964,25.912326667715,3.96539618303382));
#6689=CARTESIAN_POINT('Ctrl Pts',(-25.6553743160277,25.7385644199399,4.03961892733538));
#6690=CARTESIAN_POINT('Ctrl Pts',(-25.7301136987401,25.3779117389019,4.14508029338475));
#6691=CARTESIAN_POINT('Ctrl Pts',(-25.75,25.1908988549638,4.17585636530456));
#6692=CARTESIAN_POINT('Ctrl Pts',(-25.75,25.,4.17585636530456));
#6693=CARTESIAN_POINT('',(-25.75,7.,7.82414363469544));
#6694=CARTESIAN_POINT('',(-20.25,7.,7.82414363469544));
#6695=CARTESIAN_POINT('Ctrl Pts',(-25.75,7.,7.82414363469544));
#6696=CARTESIAN_POINT('Ctrl Pts',(-25.75,7.19089885496381,7.82414363469544));
#6697=CARTESIAN_POINT('Ctrl Pts',(-25.7301136987401,7.37791173890193,7.85491970661524));
#6698=CARTESIAN_POINT('Ctrl Pts',(-25.6553743160277,7.73856441993992,7.96038107266462));
#6699=CARTESIAN_POINT('Ctrl Pts',(-25.6004602117964,7.91232666771505,8.03460381696619));
#6700=CARTESIAN_POINT('Ctrl Pts',(-25.3894221732711,8.40786878548942,8.28663214238647));
#6701=CARTESIAN_POINT('Ctrl Pts',(-25.1844870255363,8.70460027098971,8.49122722814923));
#6702=CARTESIAN_POINT('Ctrl Pts',(-24.7143511892025,9.17473610732349,8.83410902699765));
#6703=CARTESIAN_POINT('Ctrl Pts',(-24.4179210993746,9.38457311199146,9.00109817615325));
#6704=CARTESIAN_POINT('Ctrl Pts',(-23.7442719563366,9.67259221947982,9.23467933670228));
#6705=CARTESIAN_POINT('Ctrl Pts',(-23.3662820566695,9.75,9.3));
#6706=CARTESIAN_POINT('Ctrl Pts',(-22.6337179433305,9.75,9.3));
#6707=CARTESIAN_POINT('Ctrl Pts',(-22.2557280436634,9.67259221947982,9.23467933670229));
#6708=CARTESIAN_POINT('Ctrl Pts',(-21.5820789006254,9.38457311199145,9.00109817615326));
#6709=CARTESIAN_POINT('Ctrl Pts',(-21.2856488107975,9.17473610732349,8.83410902699768));
#6710=CARTESIAN_POINT('Ctrl Pts',(-20.8155129744637,8.70460027098971,8.49122722814927));
#6711=CARTESIAN_POINT('Ctrl Pts',(-20.6105778267289,8.40786878548942,8.28663214238652));
#6712=CARTESIAN_POINT('Ctrl Pts',(-20.3995397882036,7.91232666771505,8.03460381696625));
#6713=CARTESIAN_POINT('Ctrl Pts',(-20.3446256839723,7.73856441993992,7.96038107266468));
#6714=CARTESIAN_POINT('Ctrl Pts',(-20.2698863012599,7.37791173890193,7.85491970661531));
#6715=CARTESIAN_POINT('Ctrl Pts',(-20.25,7.19089885496381,7.8241436346955));
#6716=CARTESIAN_POINT('Ctrl Pts',(-20.25,7.,7.8241436346955));
#6717=CARTESIAN_POINT('Ctrl Pts',(-20.25,7.,7.8241436346955));
#6718=CARTESIAN_POINT('Ctrl Pts',(-20.25,6.80910114503619,7.8241436346955));
#6719=CARTESIAN_POINT('Ctrl Pts',(-20.2698863012599,6.62208826109808,7.85491970661531));
#6720=CARTESIAN_POINT('Ctrl Pts',(-20.3446256839723,6.26143558006009,7.96038107266468));
#6721=CARTESIAN_POINT('Ctrl Pts',(-20.3995397882036,6.08767333228495,8.03460381696624));
#6722=CARTESIAN_POINT('Ctrl Pts',(-20.6105778267288,5.59213121451058,8.28663214238651));
#6723=CARTESIAN_POINT('Ctrl Pts',(-20.8155129744637,5.2953997290103,8.49122722814927));
#6724=CARTESIAN_POINT('Ctrl Pts',(-21.2856488107975,4.82526389267651,8.83410902699768));
#6725=CARTESIAN_POINT('Ctrl Pts',(-21.5820789006254,4.61542688800854,9.00109817615327));
#6726=CARTESIAN_POINT('Ctrl Pts',(-22.2557280436634,4.32740778052017,9.23467933670229));
#6727=CARTESIAN_POINT('Ctrl Pts',(-22.6337179433305,4.25,9.3));
#6728=CARTESIAN_POINT('Ctrl Pts',(-23.3662820566695,4.25,9.3));
#6729=CARTESIAN_POINT('Ctrl Pts',(-23.7442719563366,4.32740778052017,9.23467933670228));
#6730=CARTESIAN_POINT('Ctrl Pts',(-24.4179210993746,4.61542688800854,9.00109817615325));
#6731=CARTESIAN_POINT('Ctrl Pts',(-24.7143511892025,4.82526389267651,8.83410902699765));
#6732=CARTESIAN_POINT('Ctrl Pts',(-25.1844870255363,5.2953997290103,8.49122722814923));
#6733=CARTESIAN_POINT('Ctrl Pts',(-25.3894221732711,5.59213121451058,8.28663214238647));
#6734=CARTESIAN_POINT('Ctrl Pts',(-25.6004602117964,6.08767333228495,8.03460381696619));
#6735=CARTESIAN_POINT('Ctrl Pts',(-25.6553743160277,6.26143558006008,7.96038107266462));
#6736=CARTESIAN_POINT('Ctrl Pts',(-25.7301136987401,6.62208826109808,7.85491970661524));
#6737=CARTESIAN_POINT('Ctrl Pts',(-25.75,6.80910114503619,7.82414363469544));
#6738=CARTESIAN_POINT('Ctrl Pts',(-25.75,7.,7.82414363469544));
#6739=CARTESIAN_POINT('',(-25.75,7.,4.17585636530456));
#6740=CARTESIAN_POINT('',(-20.25,7.,4.17585636530457));
#6741=CARTESIAN_POINT('Ctrl Pts',(-25.75,7.,4.17585636530456));
#6742=CARTESIAN_POINT('Ctrl Pts',(-25.75,6.80910114503619,4.17585636530456));
#6743=CARTESIAN_POINT('Ctrl Pts',(-25.7301136987401,6.62208826109807,4.14508029338476));
#6744=CARTESIAN_POINT('Ctrl Pts',(-25.6553743160277,6.26143558006008,4.03961892733538));
#6745=CARTESIAN_POINT('Ctrl Pts',(-25.6004602117964,6.08767333228495,3.96539618303381));
#6746=CARTESIAN_POINT('Ctrl Pts',(-25.3894221732711,5.59213121451058,3.71336785761353));
#6747=CARTESIAN_POINT('Ctrl Pts',(-25.1844870255363,5.2953997290103,3.50877277185077));
#6748=CARTESIAN_POINT('Ctrl Pts',(-24.7143511892025,4.82526389267651,3.16589097300235));
#6749=CARTESIAN_POINT('Ctrl Pts',(-24.4179210993746,4.61542688800854,2.99890182384675));
#6750=CARTESIAN_POINT('Ctrl Pts',(-23.7442719563366,4.32740778052017,2.76532066329772));
#6751=CARTESIAN_POINT('Ctrl Pts',(-23.3662820566695,4.25,2.7));
#6752=CARTESIAN_POINT('Ctrl Pts',(-22.6337179433305,4.25,2.7));
#6753=CARTESIAN_POINT('Ctrl Pts',(-22.2557280436634,4.32740778052018,2.76532066329771));
#6754=CARTESIAN_POINT('Ctrl Pts',(-21.5820789006254,4.61542688800855,2.99890182384674));
#6755=CARTESIAN_POINT('Ctrl Pts',(-21.2856488107975,4.82526389267651,3.16589097300232));
#6756=CARTESIAN_POINT('Ctrl Pts',(-20.8155129744637,5.2953997290103,3.50877277185073));
#6757=CARTESIAN_POINT('Ctrl Pts',(-20.6105778267288,5.59213121451058,3.71336785761349));
#6758=CARTESIAN_POINT('Ctrl Pts',(-20.3995397882036,6.08767333228495,3.96539618303376));
#6759=CARTESIAN_POINT('Ctrl Pts',(-20.3446256839723,6.26143558006008,4.03961892733532));
#6760=CARTESIAN_POINT('Ctrl Pts',(-20.2698863012599,6.62208826109807,4.14508029338469));
#6761=CARTESIAN_POINT('Ctrl Pts',(-20.25,6.80910114503619,4.1758563653045));
#6762=CARTESIAN_POINT('Ctrl Pts',(-20.25,7.,4.1758563653045));
#6763=CARTESIAN_POINT('Ctrl Pts',(-20.25,7.,4.1758563653045));
#6764=CARTESIAN_POINT('Ctrl Pts',(-20.25,7.19089885496381,4.1758563653045));
#6765=CARTESIAN_POINT('Ctrl Pts',(-20.2698863012599,7.37791173890193,4.14508029338469));
#6766=CARTESIAN_POINT('Ctrl Pts',(-20.3446256839723,7.73856441993992,4.03961892733532));
#6767=CARTESIAN_POINT('Ctrl Pts',(-20.3995397882036,7.91232666771505,3.96539618303375));
#6768=CARTESIAN_POINT('Ctrl Pts',(-20.6105778267289,8.40786878548942,3.71336785761349));
#6769=CARTESIAN_POINT('Ctrl Pts',(-20.8155129744637,8.70460027098971,3.50877277185073));
#6770=CARTESIAN_POINT('Ctrl Pts',(-21.2856488107975,9.17473610732349,3.16589097300232));
#6771=CARTESIAN_POINT('Ctrl Pts',(-21.5820789006254,9.38457311199146,2.99890182384674));
#6772=CARTESIAN_POINT('Ctrl Pts',(-22.2557280436634,9.67259221947982,2.76532066329771));
#6773=CARTESIAN_POINT('Ctrl Pts',(-22.6337179433305,9.75,2.7));
#6774=CARTESIAN_POINT('Ctrl Pts',(-23.3662820566695,9.75,2.7));
#6775=CARTESIAN_POINT('Ctrl Pts',(-23.7442719563366,9.67259221947982,2.76532066329772));
#6776=CARTESIAN_POINT('Ctrl Pts',(-24.4179210993746,9.38457311199146,2.99890182384675));
#6777=CARTESIAN_POINT('Ctrl Pts',(-24.7143511892025,9.17473610732349,3.16589097300235));
#6778=CARTESIAN_POINT('Ctrl Pts',(-25.1844870255363,8.70460027098971,3.50877277185077));
#6779=CARTESIAN_POINT('Ctrl Pts',(-25.3894221732711,8.40786878548942,3.71336785761353));
#6780=CARTESIAN_POINT('Ctrl Pts',(-25.6004602117964,7.91232666771505,3.96539618303381));
#6781=CARTESIAN_POINT('Ctrl Pts',(-25.6553743160277,7.73856441993992,4.03961892733538));
#6782=CARTESIAN_POINT('Ctrl Pts',(-25.7301136987401,7.37791173890193,4.14508029338476));
#6783=CARTESIAN_POINT('Ctrl Pts',(-25.75,7.19089885496381,4.17585636530456));
#6784=CARTESIAN_POINT('Ctrl Pts',(-25.75,7.,4.17585636530456));
#6785=CARTESIAN_POINT('Origin',(-23.,25.,0.1));
#6786=CARTESIAN_POINT('',(-20.05,25.,0.));
#6787=CARTESIAN_POINT('Origin',(-23.,25.,0.));
#6788=CARTESIAN_POINT('',(-20.25,25.,0.2));
#6789=CARTESIAN_POINT('',(-20.15,25.,0.1));
#6790=CARTESIAN_POINT('Origin',(-23.,25.,0.2));
#6791=CARTESIAN_POINT('Origin',(-2.26356150651731E-14,20.1747572815534,
0.));
#6792=CARTESIAN_POINT('',(29.3,0.699999999999998,0.));
#6793=CARTESIAN_POINT('',(29.3,32.5,0.));
#6794=CARTESIAN_POINT('',(29.3,10.0873786407767,0.));
#6795=CARTESIAN_POINT('',(-29.3,0.7,0.));
#6796=CARTESIAN_POINT('',(-15.,0.7,0.));
#6797=CARTESIAN_POINT('',(-29.3,32.5,0.));
#6798=CARTESIAN_POINT('',(-29.3,26.3373786407767,0.));
#6799=CARTESIAN_POINT('',(-17.,32.5,0.));
#6800=CARTESIAN_POINT('',(-17.,32.5,0.));
#6801=CARTESIAN_POINT('',(-17.,42.3,0.));
#6802=CARTESIAN_POINT('',(-17.,43.,0.));
#6803=CARTESIAN_POINT('',(8.49999999999998,42.3,0.));
#6804=CARTESIAN_POINT('',(30.,32.5,0.));
#6805=CARTESIAN_POINT('',(-20.05,7.,0.));
#6806=CARTESIAN_POINT('Origin',(-23.,7.,0.));
#6807=CARTESIAN_POINT('',(25.95,25.,0.));
#6808=CARTESIAN_POINT('Origin',(23.,25.,0.));
#6809=CARTESIAN_POINT('',(-13.,25.,0.));
#6810=CARTESIAN_POINT('Origin',(0.,25.,0.));
#6811=CARTESIAN_POINT('',(25.95,7.,0.));
#6812=CARTESIAN_POINT('Origin',(23.,7.,0.));
#6813=CARTESIAN_POINT('Origin',(-23.,25.,25.));
#6814=CARTESIAN_POINT('',(-20.25,25.,25.));
#6815=CARTESIAN_POINT('Origin',(-23.,7.,0.1));
#6816=CARTESIAN_POINT('',(-20.25,7.,0.2));
#6817=CARTESIAN_POINT('',(-20.15,7.,0.1));
#6818=CARTESIAN_POINT('Origin',(-23.,7.,0.2));
#6819=CARTESIAN_POINT('Origin',(-23.,7.,25.));
#6820=CARTESIAN_POINT('',(-20.25,7.,25.));
#6821=CARTESIAN_POINT('Origin',(23.,7.,0.1));
#6822=CARTESIAN_POINT('',(25.75,7.,0.2));
#6823=CARTESIAN_POINT('',(25.85,7.,0.1));
#6824=CARTESIAN_POINT('Origin',(23.,7.,0.2));
#6825=CARTESIAN_POINT('Origin',(23.,7.,25.));
#6826=CARTESIAN_POINT('',(25.75,7.,25.));
#6827=CARTESIAN_POINT('Origin',(23.,25.,0.1));
#6828=CARTESIAN_POINT('',(25.75,25.,0.2));
#6829=CARTESIAN_POINT('',(25.85,25.,0.1));
#6830=CARTESIAN_POINT('Origin',(23.,25.,0.2));
#6831=CARTESIAN_POINT('Origin',(23.,25.,25.));
#6832=CARTESIAN_POINT('',(25.75,25.,25.));
#6833=CARTESIAN_POINT('Origin',(23.,25.,24.9));
#6834=CARTESIAN_POINT('',(25.75,25.,24.8));
#6835=CARTESIAN_POINT('',(25.85,25.,24.9));
#6836=CARTESIAN_POINT('Origin',(23.,25.,24.8));
#6837=CARTESIAN_POINT('Origin',(-2.22044604925031E-14,20.1747572815534,
25.));
#6838=CARTESIAN_POINT('Origin',(23.,25.,25.));
#6839=CARTESIAN_POINT('',(25.75,25.,25.));
#6840=CARTESIAN_POINT('Origin',(23.,7.,24.9));
#6841=CARTESIAN_POINT('',(25.75,7.,24.8));
#6842=CARTESIAN_POINT('',(25.85,7.,24.9));
#6843=CARTESIAN_POINT('Origin',(23.,7.,24.8));
#6844=CARTESIAN_POINT('Origin',(23.,7.,25.));
#6845=CARTESIAN_POINT('',(25.75,7.,25.));
#6846=CARTESIAN_POINT('Origin',(-23.,7.,24.9));
#6847=CARTESIAN_POINT('',(-20.25,7.,24.8));
#6848=CARTESIAN_POINT('',(-20.15,7.,24.9));
#6849=CARTESIAN_POINT('Origin',(-23.,7.,24.8));
#6850=CARTESIAN_POINT('Origin',(-23.,7.,25.));
#6851=CARTESIAN_POINT('',(-20.25,7.,25.));
#6852=CARTESIAN_POINT('Origin',(-23.,25.,24.9));
#6853=CARTESIAN_POINT('',(-20.25,25.,24.8));
#6854=CARTESIAN_POINT('',(-20.15,25.,24.9));
#6855=CARTESIAN_POINT('Origin',(-23.,25.,24.8));
#6856=CARTESIAN_POINT('Origin',(-23.,25.,25.));
#6857=CARTESIAN_POINT('',(-20.25,25.,25.));
#6858=CARTESIAN_POINT('Origin',(-29.3,6.93889390390723E-16,24.3));
#6859=CARTESIAN_POINT('',(-30.,0.7,24.3));
#6860=CARTESIAN_POINT('',(-30.,0.699999999999998,24.3));
#6861=CARTESIAN_POINT('',(-29.3,6.93889390390723E-16,24.3));
#6862=CARTESIAN_POINT('',(-29.3,0.700000000000001,25.));
#6863=CARTESIAN_POINT('Origin',(-29.3,7.24764096862227E-16,0.7));
#6864=CARTESIAN_POINT('',(-30.,0.699999999999998,0.7));
#6865=CARTESIAN_POINT('',(-29.3,0.699999999999998,0.));
#6866=CARTESIAN_POINT('',(-29.3,7.24764096862227E-16,0.7));
#6867=CARTESIAN_POINT('',(-30.,0.7,0.7));
#6868=CARTESIAN_POINT('Origin',(30.,0.7,24.3));
#6869=CARTESIAN_POINT('',(29.3,2.9544414721707E-17,24.3));
#6870=CARTESIAN_POINT('',(30.,0.7,24.3));
#6871=CARTESIAN_POINT('',(30.,0.7,24.3));
#6872=CARTESIAN_POINT('',(29.3,0.700000000000001,25.));
#6873=CARTESIAN_POINT('Origin',(29.3,0.699999999999999,0.));
#6874=CARTESIAN_POINT('',(30.,0.7,0.7));
#6875=CARTESIAN_POINT('',(29.3,0.,0.7));
#6876=CARTESIAN_POINT('',(29.3,0.699999999999999,0.));
#6877=CARTESIAN_POINT('',(30.,0.7,0.7));
#6878=CARTESIAN_POINT('Origin',(-15.,0.35,0.35));
#6879=CARTESIAN_POINT('Origin',(29.65,10.0873786407767,0.35));
#6880=CARTESIAN_POINT('',(30.,31.8,0.7));
#6881=CARTESIAN_POINT('',(30.,10.0873786407767,0.7));
#6882=CARTESIAN_POINT('',(29.3,32.5,0.));
#6883=CARTESIAN_POINT('Origin',(29.65,32.15,0.));
#6884=CARTESIAN_POINT('',(30.,31.8,24.3));
#6885=CARTESIAN_POINT('',(30.,31.8,0.));
#6886=CARTESIAN_POINT('',(29.3,32.5,0.));
#6887=CARTESIAN_POINT('',(29.3,32.5,25.));
#6888=CARTESIAN_POINT('Origin',(29.65,10.0873786407767,24.65));
#6889=CARTESIAN_POINT('',(30.,10.0873786407767,24.3));
#6890=CARTESIAN_POINT('Origin',(29.65,0.35,0.));
#6891=CARTESIAN_POINT('',(30.,0.7,0.));
#6892=CARTESIAN_POINT('Origin',(-15.,0.350000000000001,24.65));
#6893=CARTESIAN_POINT('Origin',(-29.65,0.35,0.));
#6894=CARTESIAN_POINT('',(-30.,0.7,0.));
#6895=CARTESIAN_POINT('Origin',(-29.65,26.3373786407767,0.35));
#6896=CARTESIAN_POINT('',(-30.,31.8,0.7));
#6897=CARTESIAN_POINT('',(-30.,26.3373786407767,0.7));
#6898=CARTESIAN_POINT('',(-30.,31.8,0.7));
#6899=CARTESIAN_POINT('Origin',(-29.65,26.3373786407767,24.65));
#6900=CARTESIAN_POINT('',(-30.,31.8,24.3));
#6901=CARTESIAN_POINT('',(-30.,26.3373786407767,24.3));
#6902=CARTESIAN_POINT('',(-30.,31.8,24.3));
#6903=CARTESIAN_POINT('Origin',(-29.65,32.15,0.));
#6904=CARTESIAN_POINT('',(-29.3,32.5,0.));
#6905=CARTESIAN_POINT('',(-30.,31.8,0.));
#6906=CARTESIAN_POINT('Origin',(30.,32.5,0.));
#6907=CARTESIAN_POINT('',(28.4,32.5,6.));
#6908=CARTESIAN_POINT('Origin',(23.,32.5,6.));
#6909=CARTESIAN_POINT('',(28.5,32.5,19.));
#6910=CARTESIAN_POINT('Origin',(23.,32.5,19.));
#6911=CARTESIAN_POINT('Origin',(30.,9.86076131526265E-31,0.));
#6912=CARTESIAN_POINT('Origin',(-30.,32.5,0.));
#6913=CARTESIAN_POINT('Origin',(8.49999999999998,42.65,0.35));
#6914=CARTESIAN_POINT('',(-16.3,43.,0.7));
#6915=CARTESIAN_POINT('',(16.3,43.,0.7));
#6916=CARTESIAN_POINT('',(8.49999999999998,43.,0.7));
#6917=CARTESIAN_POINT('',(16.3,43.,0.7));
#6918=CARTESIAN_POINT('',(-17.,42.3,0.));
#6919=CARTESIAN_POINT('Origin',(16.65,42.65,0.));
#6920=CARTESIAN_POINT('',(16.3,43.,24.3));
#6921=CARTESIAN_POINT('',(16.3,43.,0.));
#6922=CARTESIAN_POINT('',(16.3,43.,24.3));
#6923=CARTESIAN_POINT('Origin',(8.49999999999998,42.65,24.65));
#6924=CARTESIAN_POINT('',(-17.,42.3,25.));
#6925=CARTESIAN_POINT('',(8.49999999999998,42.3,25.));
#6926=CARTESIAN_POINT('',(-16.3,43.,24.3));
#6927=CARTESIAN_POINT('',(8.49999999999998,43.,24.3));
#6928=CARTESIAN_POINT('',(-17.,42.3,25.));
#6929=CARTESIAN_POINT('Origin',(-16.65,42.65,0.));
#6930=CARTESIAN_POINT('',(-16.3,43.,0.));
#6931=CARTESIAN_POINT('',(-17.,42.3,0.));
#6932=CARTESIAN_POINT('Origin',(-17.,43.,0.));
#6933=CARTESIAN_POINT('',(-17.,39.,25.));
#6934=CARTESIAN_POINT('',(-17.,39.,25.));
#6935=CARTESIAN_POINT('',(-17.,43.,25.));
#6936=CARTESIAN_POINT('',(-17.,32.5,0.));
#6937=CARTESIAN_POINT('',(-17.,11.,25.));
#6938=CARTESIAN_POINT('Origin',(17.,43.,0.));
#6939=CARTESIAN_POINT('Origin',(12.5,12.5,30.8));
#6940=CARTESIAN_POINT('',(9.5,12.5,30.6));
#6941=CARTESIAN_POINT('Origin',(12.5,12.5,30.6));
#6942=CARTESIAN_POINT('',(9.5,12.5,30.8));
#6943=CARTESIAN_POINT('',(9.5,12.5,30.8));
#6944=CARTESIAN_POINT('Origin',(12.5,12.5,30.8));
#6945=CARTESIAN_POINT('Origin',(12.5,12.5,30.8));
#6946=CARTESIAN_POINT('',(16.,12.5,30.8));
#6947=CARTESIAN_POINT('',(9.,12.5,30.8));
#6948=CARTESIAN_POINT('Origin',(12.5,12.5,30.8));
#6949=CARTESIAN_POINT('Origin',(12.5,12.5,30.8));
#6950=CARTESIAN_POINT('',(9.,12.5,30.6));
#6951=CARTESIAN_POINT('',(9.,12.5,30.8));
#6952=CARTESIAN_POINT('Origin',(12.5,12.5,30.6));
#6953=CARTESIAN_POINT('Origin',(12.5,12.5,30.6));
#6954=CARTESIAN_POINT('Origin',(13.7990381056767,11.75,30.8));
#6955=CARTESIAN_POINT('',(13.7990381056767,11.75,30.8));
#6956=CARTESIAN_POINT('',(12.5,11.,30.8));
#6957=CARTESIAN_POINT('',(13.4742785792575,11.5625,30.8));
#6958=CARTESIAN_POINT('',(13.7990381056767,11.75,29.8));
#6959=CARTESIAN_POINT('',(13.7990381056767,11.75,30.8));
#6960=CARTESIAN_POINT('',(12.5,11.,29.8));
#6961=CARTESIAN_POINT('',(13.7990381056767,11.75,29.8));
#6962=CARTESIAN_POINT('',(12.5,11.,30.8));
#6963=CARTESIAN_POINT('Origin',(13.7990381056767,13.25,30.8));
#6964=CARTESIAN_POINT('',(13.7990381056767,13.25,30.8));
#6965=CARTESIAN_POINT('',(13.7990381056767,12.875,30.8));
#6966=CARTESIAN_POINT('',(13.7990381056767,13.25,29.8));
#6967=CARTESIAN_POINT('',(13.7990381056767,13.25,30.8));
#6968=CARTESIAN_POINT('',(13.7990381056767,13.25,29.8));
#6969=CARTESIAN_POINT('Origin',(12.5,14.,30.8));
#6970=CARTESIAN_POINT('',(12.5,14.,30.8));
#6971=CARTESIAN_POINT('',(12.8247595264192,13.8125,30.8));
#6972=CARTESIAN_POINT('',(12.5,14.,29.8));
#6973=CARTESIAN_POINT('',(12.5,14.,30.8));
#6974=CARTESIAN_POINT('',(12.5,14.,29.8));
#6975=CARTESIAN_POINT('Origin',(11.2009618943233,13.25,30.8));
#6976=CARTESIAN_POINT('',(11.2009618943233,13.25,30.8));
#6977=CARTESIAN_POINT('',(11.5257214207425,13.4375,30.8));
#6978=CARTESIAN_POINT('',(11.2009618943233,13.25,29.8));
#6979=CARTESIAN_POINT('',(11.2009618943233,13.25,30.8));
#6980=CARTESIAN_POINT('',(11.2009618943233,13.25,29.8));
#6981=CARTESIAN_POINT('Origin',(11.2009618943233,11.75,30.8));
#6982=CARTESIAN_POINT('',(11.2009618943233,11.75,30.8));
#6983=CARTESIAN_POINT('',(11.2009618943233,12.125,30.8));
#6984=CARTESIAN_POINT('',(11.2009618943233,11.75,29.8));
#6985=CARTESIAN_POINT('',(11.2009618943233,11.75,30.8));
#6986=CARTESIAN_POINT('',(11.2009618943233,11.75,29.8));
#6987=CARTESIAN_POINT('Origin',(12.5,11.,30.8));
#6988=CARTESIAN_POINT('',(12.1752404735808,11.1875,30.8));
#6989=CARTESIAN_POINT('',(12.5,11.,29.8));
#6990=CARTESIAN_POINT('Origin',(12.5,12.5,29.8));
#6991=CARTESIAN_POINT('Origin',(-13.7990381056767,11.75,30.8));
#6992=CARTESIAN_POINT('',(-12.5,11.,30.8));
#6993=CARTESIAN_POINT('',(-13.7990381056767,11.75,30.8));
#6994=CARTESIAN_POINT('',(-13.4742785792575,11.5625,30.8));
#6995=CARTESIAN_POINT('',(-12.5,11.,29.8));
#6996=CARTESIAN_POINT('',(-12.5,11.,30.8));
#6997=CARTESIAN_POINT('',(-13.7990381056767,11.75,29.8));
#6998=CARTESIAN_POINT('',(-13.7990381056767,11.75,29.8));
#6999=CARTESIAN_POINT('',(-13.7990381056767,11.75,30.8));
#7000=CARTESIAN_POINT('Origin',(-13.7990381056767,13.25,30.8));
#7001=CARTESIAN_POINT('',(-13.7990381056767,13.25,30.8));
#7002=CARTESIAN_POINT('',(-13.7990381056767,12.875,30.8));
#7003=CARTESIAN_POINT('',(-13.7990381056767,13.25,29.8));
#7004=CARTESIAN_POINT('',(-13.7990381056767,13.25,29.8));
#7005=CARTESIAN_POINT('',(-13.7990381056767,13.25,30.8));
#7006=CARTESIAN_POINT('Origin',(-12.5,14.,30.8));
#7007=CARTESIAN_POINT('',(-12.5,14.,30.8));
#7008=CARTESIAN_POINT('',(-12.8247595264192,13.8125,30.8));
#7009=CARTESIAN_POINT('',(-12.5,14.,29.8));
#7010=CARTESIAN_POINT('',(-12.5,14.,29.8));
#7011=CARTESIAN_POINT('',(-12.5,14.,30.8));
#7012=CARTESIAN_POINT('Origin',(-11.2009618943233,13.25,30.8));
#7013=CARTESIAN_POINT('',(-11.2009618943233,13.25,30.8));
#7014=CARTESIAN_POINT('',(-11.5257214207425,13.4375,30.8));
#7015=CARTESIAN_POINT('',(-11.2009618943233,13.25,29.8));
#7016=CARTESIAN_POINT('',(-11.2009618943233,13.25,29.8));
#7017=CARTESIAN_POINT('',(-11.2009618943233,13.25,30.8));
#7018=CARTESIAN_POINT('Origin',(-11.2009618943233,11.75,30.8));
#7019=CARTESIAN_POINT('',(-11.2009618943233,11.75,30.8));
#7020=CARTESIAN_POINT('',(-11.2009618943233,12.125,30.8));
#7021=CARTESIAN_POINT('',(-11.2009618943233,11.75,29.8));
#7022=CARTESIAN_POINT('',(-11.2009618943233,11.75,29.8));
#7023=CARTESIAN_POINT('',(-11.2009618943233,11.75,30.8));
#7024=CARTESIAN_POINT('Origin',(-12.5,11.,30.8));
#7025=CARTESIAN_POINT('',(-12.1752404735808,11.1875,30.8));
#7026=CARTESIAN_POINT('',(-12.5,11.,29.8));
#7027=CARTESIAN_POINT('Origin',(-12.5,12.5,29.8));
#7028=CARTESIAN_POINT('Origin',(-12.5,12.5,30.8));
#7029=CARTESIAN_POINT('',(-9.5,12.5,30.6));
#7030=CARTESIAN_POINT('Origin',(-12.5,12.5,30.6));
#7031=CARTESIAN_POINT('',(-9.5,12.5,30.8));
#7032=CARTESIAN_POINT('',(-9.5,12.5,30.8));
#7033=CARTESIAN_POINT('Origin',(-12.5,12.5,30.8));
#7034=CARTESIAN_POINT('Origin',(-12.5,12.5,30.6));
#7035=CARTESIAN_POINT('',(-9.,12.5,30.6));
#7036=CARTESIAN_POINT('Origin',(-12.5,12.5,30.6));
#7037=CARTESIAN_POINT('Origin',(-12.5,12.5,31.));
#7038=CARTESIAN_POINT('',(-9.,12.5,30.8));
#7039=CARTESIAN_POINT('Origin',(-12.5,12.5,30.8));
#7040=CARTESIAN_POINT('',(-9.,12.5,31.));
#7041=CARTESIAN_POINT('Origin',(12.5,37.5,30.8));
#7042=CARTESIAN_POINT('',(9.5,37.5,30.6));
#7043=CARTESIAN_POINT('Origin',(12.5,37.5,30.6));
#7044=CARTESIAN_POINT('',(9.5,37.5,30.8));
#7045=CARTESIAN_POINT('',(9.5,37.5,30.8));
#7046=CARTESIAN_POINT('Origin',(12.5,37.5,30.8));
#7047=CARTESIAN_POINT('Origin',(12.5,37.5,30.8));
#7048=CARTESIAN_POINT('',(16.,37.5,30.8));
#7049=CARTESIAN_POINT('',(9.,37.5,30.8));
#7050=CARTESIAN_POINT('Origin',(12.5,37.5,30.8));
#7051=CARTESIAN_POINT('Origin',(12.5,37.5,30.8));
#7052=CARTESIAN_POINT('',(9.,37.5,30.6));
#7053=CARTESIAN_POINT('',(9.,37.5,30.8));
#7054=CARTESIAN_POINT('Origin',(12.5,37.5,30.6));
#7055=CARTESIAN_POINT('Origin',(12.5,37.5,30.6));
#7056=CARTESIAN_POINT('Origin',(13.7990381056767,38.25,30.8));
#7057=CARTESIAN_POINT('',(12.5,39.,30.8));
#7058=CARTESIAN_POINT('',(13.7990381056767,38.25,30.8));
#7059=CARTESIAN_POINT('',(13.4742785792575,38.4375,30.8));
#7060=CARTESIAN_POINT('',(12.5,39.,29.8));
#7061=CARTESIAN_POINT('',(12.5,39.,30.8));
#7062=CARTESIAN_POINT('',(13.7990381056767,38.25,29.8));
#7063=CARTESIAN_POINT('',(13.7990381056767,38.25,29.8));
#7064=CARTESIAN_POINT('',(13.7990381056767,38.25,30.8));
#7065=CARTESIAN_POINT('Origin',(13.7990381056767,36.75,30.8));
#7066=CARTESIAN_POINT('',(13.7990381056767,36.75,30.8));
#7067=CARTESIAN_POINT('',(13.7990381056767,37.125,30.8));
#7068=CARTESIAN_POINT('',(13.7990381056767,36.75,29.8));
#7069=CARTESIAN_POINT('',(13.7990381056767,36.75,29.8));
#7070=CARTESIAN_POINT('',(13.7990381056767,36.75,30.8));
#7071=CARTESIAN_POINT('Origin',(12.5,36.,30.8));
#7072=CARTESIAN_POINT('',(12.5,36.,30.8));
#7073=CARTESIAN_POINT('',(12.8247595264192,36.1875,30.8));
#7074=CARTESIAN_POINT('',(12.5,36.,29.8));
#7075=CARTESIAN_POINT('',(12.5,36.,29.8));
#7076=CARTESIAN_POINT('',(12.5,36.,30.8));
#7077=CARTESIAN_POINT('Origin',(11.2009618943233,36.75,30.8));
#7078=CARTESIAN_POINT('',(11.2009618943233,36.75,30.8));
#7079=CARTESIAN_POINT('',(11.5257214207425,36.5625,30.8));
#7080=CARTESIAN_POINT('',(11.2009618943233,36.75,29.8));
#7081=CARTESIAN_POINT('',(11.2009618943233,36.75,29.8));
#7082=CARTESIAN_POINT('',(11.2009618943233,36.75,30.8));
#7083=CARTESIAN_POINT('Origin',(11.2009618943233,38.25,30.8));
#7084=CARTESIAN_POINT('',(11.2009618943233,38.25,30.8));
#7085=CARTESIAN_POINT('',(11.2009618943233,37.875,30.8));
#7086=CARTESIAN_POINT('',(11.2009618943233,38.25,29.8));
#7087=CARTESIAN_POINT('',(11.2009618943233,38.25,29.8));
#7088=CARTESIAN_POINT('',(11.2009618943233,38.25,30.8));
#7089=CARTESIAN_POINT('Origin',(12.5,39.,30.8));
#7090=CARTESIAN_POINT('',(12.1752404735808,38.8125,30.8));
#7091=CARTESIAN_POINT('',(12.5,39.,29.8));
#7092=CARTESIAN_POINT('Origin',(12.5,37.5,29.8));
#7093=CARTESIAN_POINT('Origin',(-13.7990381056767,38.25,30.8));
#7094=CARTESIAN_POINT('',(-13.7990381056767,38.25,30.8));
#7095=CARTESIAN_POINT('',(-12.5,39.,30.8));
#7096=CARTESIAN_POINT('',(-13.4742785792575,38.4375,30.8));
#7097=CARTESIAN_POINT('',(-13.7990381056767,38.25,29.8));
#7098=CARTESIAN_POINT('',(-13.7990381056767,38.25,30.8));
#7099=CARTESIAN_POINT('',(-12.5,39.,29.8));
#7100=CARTESIAN_POINT('',(-13.7990381056767,38.25,29.8));
#7101=CARTESIAN_POINT('',(-12.5,39.,30.8));
#7102=CARTESIAN_POINT('Origin',(-13.7990381056767,36.75,30.8));
#7103=CARTESIAN_POINT('',(-13.7990381056767,36.75,30.8));
#7104=CARTESIAN_POINT('',(-13.7990381056767,37.125,30.8));
#7105=CARTESIAN_POINT('',(-13.7990381056767,36.75,29.8));
#7106=CARTESIAN_POINT('',(-13.7990381056767,36.75,30.8));
#7107=CARTESIAN_POINT('',(-13.7990381056767,36.75,29.8));
#7108=CARTESIAN_POINT('Origin',(-12.5,36.,30.8));
#7109=CARTESIAN_POINT('',(-12.5,36.,30.8));
#7110=CARTESIAN_POINT('',(-12.8247595264192,36.1875,30.8));
#7111=CARTESIAN_POINT('',(-12.5,36.,29.8));
#7112=CARTESIAN_POINT('',(-12.5,36.,30.8));
#7113=CARTESIAN_POINT('',(-12.5,36.,29.8));
#7114=CARTESIAN_POINT('Origin',(-11.2009618943233,36.75,30.8));
#7115=CARTESIAN_POINT('',(-11.2009618943233,36.75,30.8));
#7116=CARTESIAN_POINT('',(-11.5257214207425,36.5625,30.8));
#7117=CARTESIAN_POINT('',(-11.2009618943233,36.75,29.8));
#7118=CARTESIAN_POINT('',(-11.2009618943233,36.75,30.8));
#7119=CARTESIAN_POINT('',(-11.2009618943233,36.75,29.8));
#7120=CARTESIAN_POINT('Origin',(-11.2009618943233,38.25,30.8));
#7121=CARTESIAN_POINT('',(-11.2009618943233,38.25,30.8));
#7122=CARTESIAN_POINT('',(-11.2009618943233,37.875,30.8));
#7123=CARTESIAN_POINT('',(-11.2009618943233,38.25,29.8));
#7124=CARTESIAN_POINT('',(-11.2009618943233,38.25,30.8));
#7125=CARTESIAN_POINT('',(-11.2009618943233,38.25,29.8));
#7126=CARTESIAN_POINT('Origin',(-12.5,39.,30.8));
#7127=CARTESIAN_POINT('',(-12.1752404735808,38.8125,30.8));
#7128=CARTESIAN_POINT('',(-12.5,39.,29.8));
#7129=CARTESIAN_POINT('Origin',(-12.5,37.5,29.8));
#7130=CARTESIAN_POINT('Origin',(-12.5,37.5,30.8));
#7131=CARTESIAN_POINT('',(-9.5,37.5,30.6));
#7132=CARTESIAN_POINT('Origin',(-12.5,37.5,30.6));
#7133=CARTESIAN_POINT('',(-9.5,37.5,30.8));
#7134=CARTESIAN_POINT('',(-9.5,37.5,30.8));
#7135=CARTESIAN_POINT('Origin',(-12.5,37.5,30.8));
#7136=CARTESIAN_POINT('Origin',(-12.5,37.5,30.8));
#7137=CARTESIAN_POINT('',(-9.,37.5,30.8));
#7138=CARTESIAN_POINT('Origin',(-12.5,37.5,30.8));
#7139=CARTESIAN_POINT('',(-9.,37.5,30.6));
#7140=CARTESIAN_POINT('',(-9.,37.5,30.8));
#7141=CARTESIAN_POINT('Origin',(-12.5,37.5,30.6));
#7142=CARTESIAN_POINT('Origin',(-12.5,37.5,30.6));
#7143=CARTESIAN_POINT('Origin',(-12.5,12.5,30.9));
#7144=CARTESIAN_POINT('',(-8.9,12.5,30.9));
#7145=CARTESIAN_POINT('Origin',(12.5,12.5,30.9));
#7146=CARTESIAN_POINT('',(16.1,12.5,30.9));
#7147=CARTESIAN_POINT('Origin',(12.5,37.5,30.9));
#7148=CARTESIAN_POINT('',(16.1,37.5,30.9));
#7149=CARTESIAN_POINT('Origin',(-12.5,37.5,30.9));
#7150=CARTESIAN_POINT('',(-8.9,37.5,30.9));
#7151=CARTESIAN_POINT('Origin',(12.5,12.5,30.8));
#7152=CARTESIAN_POINT('Origin',(-12.5,37.5,30.8));
#7153=CARTESIAN_POINT('Origin',(12.5,37.5,30.8));
#7154=CARTESIAN_POINT('Origin',(-12.5,12.5,30.8));
#7155=CARTESIAN_POINT('Origin',(0.,25.,0.2));
#7156=CARTESIAN_POINT('',(-12.8,25.,0.));
#7157=CARTESIAN_POINT('Origin',(0.,25.,0.));
#7158=CARTESIAN_POINT('',(-12.8,25.,0.2));
#7159=CARTESIAN_POINT('',(-12.8,25.,0.2));
#7160=CARTESIAN_POINT('Origin',(0.,25.,0.2));
#7161=CARTESIAN_POINT('Origin',(1.86535246788586E-15,25.,0.));
#7162=CARTESIAN_POINT('',(-7.5,25.,0.));
#7163=CARTESIAN_POINT('Origin',(0.,25.,0.));
#7164=CARTESIAN_POINT('Origin',(0.,25.,30.8));
#7165=CARTESIAN_POINT('',(13.,25.,31.));
#7166=CARTESIAN_POINT('Origin',(0.,25.,31.));
#7167=CARTESIAN_POINT('',(13.,25.,30.8));
#7168=CARTESIAN_POINT('',(13.,25.,30.8));
#7169=CARTESIAN_POINT('Origin',(0.,25.,30.8));
#7170=CARTESIAN_POINT('Origin',(-1.27136035157446E-15,25.,31.));
#7171=CARTESIAN_POINT('',(7.5,25.,31.));
#7172=CARTESIAN_POINT('Origin',(0.,25.,31.));
#7173=CARTESIAN_POINT('Origin',(0.,25.,0.1));
#7174=CARTESIAN_POINT('',(-12.9,25.,0.1));
#7175=CARTESIAN_POINT('Origin',(0.,25.,30.9));
#7176=CARTESIAN_POINT('',(13.1,25.,30.9));
#7177=CARTESIAN_POINT('Origin',(0.,25.,0.));
#7178=CARTESIAN_POINT('',(-7.5,25.,0.));
#7179=CARTESIAN_POINT('Origin',(0.,25.,31.));
#7180=CARTESIAN_POINT('',(7.5,25.,31.));
#7181=CARTESIAN_POINT('Origin',(0.,25.,7.31224989991992));
#7182=CARTESIAN_POINT('',(6.,25.,7.31224989991992));
#7183=CARTESIAN_POINT('Origin',(0.,25.,7.31224989991992));
#7184=CARTESIAN_POINT('Origin',(7.,25.,7.31224989991992));
#7185=CARTESIAN_POINT('Origin',(0.,25.,23.));
#7186=CARTESIAN_POINT('',(-6.,25.,22.6877501000801));
#7187=CARTESIAN_POINT('',(6.,25.,22.6877501000801));
#7188=CARTESIAN_POINT('Origin',(0.,25.,22.6877501000801));
#7189=CARTESIAN_POINT('Origin',(0.,25.,22.6877501000801));
#7190=CARTESIAN_POINT('',(6.,25.,23.));
#7191=CARTESIAN_POINT('Origin',(0.,25.,22.6877501000801));
#7192=CARTESIAN_POINT('Origin',(-7.,25.,22.6877501000801));
#7193=CARTESIAN_POINT('Origin',(14.,42.,25.));
#7194=CARTESIAN_POINT('',(-14.,42.,25.));
#7195=CARTESIAN_POINT('',(6.99999999999999,42.,25.));
#7196=CARTESIAN_POINT('',(-14.,42.,25.));
#7197=CARTESIAN_POINT('Origin',(-17.,11.,25.));
#7198=CARTESIAN_POINT('Origin',(-14.,42.,25.));
#7199=CARTESIAN_POINT('',(-15.9563106796117,40.0436893203884,25.));
#7200=CARTESIAN_POINT('Origin',(-2.22044604925031E-14,20.1747572815534,
25.));
#7201=CARTESIAN_POINT('Origin',(-23.,32.5,19.));
#7202=CARTESIAN_POINT('',(-28.5,32.5,19.));
#7203=CARTESIAN_POINT('Origin',(-23.,32.5,19.));
#7204=CARTESIAN_POINT('',(-28.5,30.5,19.));
#7205=CARTESIAN_POINT('',(-28.5,32.5,19.));
#7206=CARTESIAN_POINT('Origin',(-23.,30.5,19.));
#7207=CARTESIAN_POINT('Origin',(-23.,30.5,19.));
#7208=CARTESIAN_POINT('Origin',(-23.,32.5,6.));
#7209=CARTESIAN_POINT('',(-28.4,32.5,6.));
#7210=CARTESIAN_POINT('Origin',(-23.,32.5,6.));
#7211=CARTESIAN_POINT('',(-28.4,30.5,6.));
#7212=CARTESIAN_POINT('',(-28.4,32.5,6.));
#7213=CARTESIAN_POINT('Origin',(-23.,30.5,6.));
#7214=CARTESIAN_POINT('Origin',(-23.,30.5,6.));
#7215=CARTESIAN_POINT('Origin',(-23.,25.,25.));
#7216=CARTESIAN_POINT('',(-20.25,25.,25.));
#7217=CARTESIAN_POINT('Origin',(-23.,7.,25.));
#7218=CARTESIAN_POINT('',(-20.25,7.,25.));
#7219=CARTESIAN_POINT('Origin',(23.,32.5,19.));
#7220=CARTESIAN_POINT('',(28.5,30.5,19.));
#7221=CARTESIAN_POINT('',(28.5,32.5,19.));
#7222=CARTESIAN_POINT('Origin',(23.,30.5,19.));
#7223=CARTESIAN_POINT('Origin',(23.,30.5,19.));
#7224=CARTESIAN_POINT('Origin',(23.,32.5,6.));
#7225=CARTESIAN_POINT('',(28.4,30.5,6.));
#7226=CARTESIAN_POINT('',(28.4,32.5,6.));
#7227=CARTESIAN_POINT('Origin',(23.,30.5,6.));
#7228=CARTESIAN_POINT('Origin',(23.,30.5,6.));
#7229=CARTESIAN_POINT('Origin',(23.,7.,25.));
#7230=CARTESIAN_POINT('',(25.75,7.,25.));
#7231=CARTESIAN_POINT('Origin',(23.,25.,25.));
#7232=CARTESIAN_POINT('',(25.75,25.,25.));
#7233=CARTESIAN_POINT('Origin',(-17.,32.5,0.));
#7234=UNCERTAINTY_MEASURE_WITH_UNIT(LENGTH_MEASURE(0.01),#7238,
'DISTANCE_ACCURACY_VALUE',
'Maximum model space distance between geometric entities at asserted c
onnectivities');
#7235=UNCERTAINTY_MEASURE_WITH_UNIT(LENGTH_MEASURE(0.01),#7238,
'DISTANCE_ACCURACY_VALUE',
'Maximum model space distance between geometric entities at asserted c
onnectivities');
#7236=(
GEOMETRIC_REPRESENTATION_CONTEXT(3)
GLOBAL_UNCERTAINTY_ASSIGNED_CONTEXT((#7234))
GLOBAL_UNIT_ASSIGNED_CONTEXT((#7238,#7240,#7241))
REPRESENTATION_CONTEXT('','3D')
);
#7237=(
GEOMETRIC_REPRESENTATION_CONTEXT(3)
GLOBAL_UNCERTAINTY_ASSIGNED_CONTEXT((#7235))
GLOBAL_UNIT_ASSIGNED_CONTEXT((#7238,#7240,#7241))
REPRESENTATION_CONTEXT('','3D')
);
#7238=(
LENGTH_UNIT()
NAMED_UNIT(*)
SI_UNIT(.MILLI.,.METRE.)
);
#7239=(
LENGTH_UNIT()
NAMED_UNIT(*)
SI_UNIT(.CENTI.,.METRE.)
);
#7240=(
NAMED_UNIT(*)
PLANE_ANGLE_UNIT()
SI_UNIT($,.RADIAN.)
);
#7241=(
NAMED_UNIT(*)
SI_UNIT($,.STERADIAN.)
SOLID_ANGLE_UNIT()
);
#7242=SHAPE_DEFINITION_REPRESENTATION(#7243,#7244);
#7243=PRODUCT_DEFINITION_SHAPE('',$,#7246);
#7244=SHAPE_REPRESENTATION('',(#3929),#7236);
#7245=PRODUCT_DEFINITION_CONTEXT('part definition',#7250,'design');
#7246=PRODUCT_DEFINITION('BK-12','BK-12',#7247,#7245);
#7247=PRODUCT_DEFINITION_FORMATION('',$,#7252);
#7248=PRODUCT_RELATED_PRODUCT_CATEGORY('BK-12','BK-12',(#7252));
#7249=APPLICATION_PROTOCOL_DEFINITION('international standard',
'automotive_design',2009,#7250);
#7250=APPLICATION_CONTEXT(
'Core Data for Automotive Mechanical Design Process');
#7251=PRODUCT_CONTEXT('part definition',#7250,'mechanical');
#7252=PRODUCT('BK-12','BK-12',$,(#7251));
#7253=PRESENTATION_STYLE_ASSIGNMENT((#7257));
#7254=PRESENTATION_STYLE_ASSIGNMENT((#7258));
#7255=PRESENTATION_STYLE_ASSIGNMENT((#7259));
#7256=PRESENTATION_STYLE_ASSIGNMENT((#7260));
#7257=SURFACE_STYLE_USAGE(.BOTH.,#7269);
#7258=SURFACE_STYLE_USAGE(.BOTH.,#7270);
#7259=SURFACE_STYLE_USAGE(.BOTH.,#7271);
#7260=SURFACE_STYLE_USAGE(.BOTH.,#7272);
#7261=SURFACE_STYLE_RENDERING_WITH_PROPERTIES($,#7285,(#7265));
#7262=SURFACE_STYLE_RENDERING_WITH_PROPERTIES($,#7286,(#7266));
#7263=SURFACE_STYLE_RENDERING_WITH_PROPERTIES($,#7287,(#7267));
#7264=SURFACE_STYLE_RENDERING_WITH_PROPERTIES($,#7288,(#7268));
#7265=SURFACE_STYLE_TRANSPARENT(0.);
#7266=SURFACE_STYLE_TRANSPARENT(0.);
#7267=SURFACE_STYLE_TRANSPARENT(0.);
#7268=SURFACE_STYLE_TRANSPARENT(0.);
#7269=SURFACE_SIDE_STYLE('',(#7273,#7261));
#7270=SURFACE_SIDE_STYLE('',(#7274,#7262));
#7271=SURFACE_SIDE_STYLE('',(#7275,#7263));
#7272=SURFACE_SIDE_STYLE('',(#7276,#7264));
#7273=SURFACE_STYLE_FILL_AREA(#7277);
#7274=SURFACE_STYLE_FILL_AREA(#7278);
#7275=SURFACE_STYLE_FILL_AREA(#7279);
#7276=SURFACE_STYLE_FILL_AREA(#7280);
#7277=FILL_AREA_STYLE('',(#7281));
#7278=FILL_AREA_STYLE('',(#7282));
#7279=FILL_AREA_STYLE('',(#7283));
#7280=FILL_AREA_STYLE('',(#7284));
#7281=FILL_AREA_STYLE_COLOUR('',#7285);
#7282=FILL_AREA_STYLE_COLOUR('',#7286);
#7283=FILL_AREA_STYLE_COLOUR('',#7287);
#7284=FILL_AREA_STYLE_COLOUR('',#7288);
#7285=COLOUR_RGB('',0.0392156862745098,0.0392156862745098,0.0392156862745098);
#7286=COLOUR_RGB('',0.0196078431372549,0.0196078431372549,0.0196078431372549);
#7287=COLOUR_RGB('',0.250980392156863,0.250980392156863,0.250980392156863);
#7288=COLOUR_RGB('',0.745098039215686,0.737254901960784,0.729411764705882);
ENDSEC;
END-ISO-10303-21;
