  0
SECTION
  2
HEADER
  9
$ACADVER
  1
AC1021
  9
$ACADMAINTVER
 70
    25
  9
$DWGCODEPAGE
  3
ANSI_1251
  9
$INSBASE
 10
0.0
 20
0.0
 30
0.0
  9
$EXTMIN
 10
-54.625
 20
-27.125
 30
0.0
  9
$EXTMAX
 10
54.625
 20
27.125
 30
0.0
  9
$LIMMIN
 10
0.0
 20
0.0
  9
$LIMMAX
 10
12.0
 20
9.0
  9
$ORTHOMODE
 70
     0
  9
$REGENMODE
 70
     1
  9
$FILLMODE
 70
     1
  9
$QTEXTMODE
 70
     0
  9
$MIRRTEXT
 70
     1
  9
$LTSCALE
 40
1.0
  9
$ATTMODE
 70
     1
  9
$TEXTSIZE
 40
0.2
  9
$TRACEWID
 40
0.05
  9
$TEXTSTYLE
  7
Standard
  9
$CLAYER
  8
0
  9
$CELTYPE
  6
ByLayer
  9
$CECOLOR
 62
   256
  9
$CELTSCALE
 40
1.0
  9
$DISPSILH
 70
     0
  9
$DIMSCALE
 40
1.0
  9
$DIMASZ
 40
0.18
  9
$DIMEXO
 40
0.0625
  9
$DIMDLI
 40
0.38
  9
$DIMRND
 40
0.0
  9
$DIMDLE
 40
0.0
  9
$DIMEXE
 40
0.18
  9
$DIMTP
 40
0.0
  9
$DIMTM
 40
0.0
  9
$DIMTXT
 40
0.18
  9
$DIMCEN
 40
0.09
  9
$DIMTSZ
 40
0.0
  9
$DIMTOL
 70
     0
  9
$DIMLIM
 70
     0
  9
$DIMTIH
 70
     1
  9
$DIMTOH
 70
     1
  9
$DIMSE1
 70
     0
  9
$DIMSE2
 70
     0
  9
$DIMTAD
 70
     0
  9
$DIMZIN
 70
     0
  9
$DIMBLK
  1

  9
$DIMASO
 70
     1
  9
$DIMSHO
 70
     1
  9
$DIMPOST
  1

  9
$DIMAPOST
  1

  9
$DIMALT
 70
     0
  9
$DIMALTD
 70
     2
  9
$DIMALTF
 40
25.4
  9
$DIMLFAC
 40
1.0
  9
$DIMTOFL
 70
     0
  9
$DIMTVP
 40
0.0
  9
$DIMTIX
 70
     0
  9
$DIMSOXD
 70
     0
  9
$DIMSAH
 70
     0
  9
$DIMBLK1
  1

  9
$DIMBLK2
  1

  9
$DIMSTYLE
  2
Standard
  9
$DIMCLRD
 70
     0
  9
$DIMCLRE
 70
     0
  9
$DIMCLRT
 70
     0
  9
$DIMTFAC
 40
1.0
  9
$DIMGAP
 40
0.09
  9
$DIMJUST
 70
     0
  9
$DIMSD1
 70
     0
  9
$DIMSD2
 70
     0
  9
$DIMTOLJ
 70
     1
  9
$DIMTZIN
 70
     0
  9
$DIMALTZ
 70
     0
  9
$DIMALTTZ
 70
     0
  9
$DIMUPT
 70
     0
  9
$DIMDEC
 70
     4
  9
$DIMTDEC
 70
     4
  9
$DIMALTU
 70
     2
  9
$DIMALTTD
 70
     2
  9
$DIMTXSTY
  7
Standard
  9
$DIMAUNIT
 70
     0
  9
$DIMADEC
 70
     0
  9
$DIMALTRND
 40
0.0
  9
$DIMAZIN
 70
     0
  9
$DIMDSEP
 70
    46
  9
$DIMATFIT
 70
     3
  9
$DIMFRAC
 70
     0
  9
$DIMLDRBLK
  1

  9
$DIMLUNIT
 70
     2
  9
$DIMLWD
 70
    -2
  9
$DIMLWE
 70
    -2
  9
$DIMTMOVE
 70
     0
  9
$DIMFXL
 40
1.0
  9
$DIMFXLON
 70
     0
  9
$DIMJOGANG
 40
0.7853981633974483
  9
$DIMTFILL
 70
     0
  9
$DIMTFILLCLR
 70
     0
  9
$DIMARCSYM
 70
     0
  9
$DIMLTYPE
  6

  9
$DIMLTEX1
  6

  9
$DIMLTEX2
  6

  9
$LUNITS
 70
     2
  9
$LUPREC
 70
     4
  9
$SKETCHINC
 40
0.1
  9
$FILLETRAD
 40
0.5
  9
$AUNITS
 70
     0
  9
$AUPREC
 70
     0
  9
$MENU
  1
.
  9
$ELEVATION
 40
0.0
  9
$PELEVATION
 40
0.0
  9
$THICKNESS
 40
0.0
  9
$LIMCHECK
 70
     0
  9
$CHAMFERA
 40
0.0
  9
$CHAMFERB
 40
0.0
  9
$CHAMFERC
 40
0.0
  9
$CHAMFERD
 40
0.0
  9
$SKPOLY
 70
     0
  9
$TDCREATE
 40
2461028.760971319
  9
$TDUCREATE
 40
2461028.635971319
  9
$TDUPDATE
 40
2461028.760971319
  9
$TDUUPDATE
 40
2461028.635971319
  9
$TDINDWG
 40
0.0000000116
  9
$TDUSRTIMER
 40
0.0000000116
  9
$USRTIMER
 70
     1
  9
$ANGBASE
 50
0.0
  9
$ANGDIR
 70
     0
  9
$PDMODE
 70
     0
  9
$PDSIZE
 40
0.0
  9
$PLINEWID
 40
0.0
  9
$SPLFRAME
 70
     0
  9
$SPLINETYPE
 70
     6
  9
$SPLINESEGS
 70
     8
  9
$HANDSEED
  5
E2
  9
$SURFTAB1
 70
     6
  9
$SURFTAB2
 70
     6
  9
$SURFTYPE
 70
     6
  9
$SURFU
 70
     6
  9
$SURFV
 70
     6
  9
$UCSBASE
  2

  9
$UCSNAME
  2

  9
$UCSORG
 10
0.0
 20
0.0
 30
0.0
  9
$UCSXDIR
 10
1.0
 20
0.0
 30
0.0
  9
$UCSYDIR
 10
0.0
 20
1.0
 30
0.0
  9
$UCSORTHOREF
  2

  9
$UCSORTHOVIEW
 70
     0
  9
$UCSORGTOP
 10
0.0
 20
0.0
 30
0.0
  9
$UCSORGBOTTOM
 10
0.0
 20
0.0
 30
0.0
  9
$UCSORGLEFT
 10
0.0
 20
0.0
 30
0.0
  9
$UCSORGRIGHT
 10
0.0
 20
0.0
 30
0.0
  9
$UCSORGFRONT
 10
0.0
 20
0.0
 30
0.0
  9
$UCSORGBACK
 10
0.0
 20
0.0
 30
0.0
  9
$PUCSBASE
  2

  9
$PUCSNAME
  2

  9
$PUCSORG
 10
0.0
 20
0.0
 30
0.0
  9
$PUCSXDIR
 10
1.0
 20
0.0
 30
0.0
  9
$PUCSYDIR
 10
0.0
 20
1.0
 30
0.0
  9
$PUCSORTHOREF
  2

  9
$PUCSORTHOVIEW
 70
     0
  9
$PUCSORGTOP
 10
0.0
 20
0.0
 30
0.0
  9
$PUCSORGBOTTOM
 10
0.0
 20
0.0
 30
0.0
  9
$PUCSORGLEFT
 10
0.0
 20
0.0
 30
0.0
  9
$PUCSORGRIGHT
 10
0.0
 20
0.0
 30
0.0
  9
$PUCSORGFRONT
 10
0.0
 20
0.0
 30
0.0
  9
$PUCSORGBACK
 10
0.0
 20
0.0
 30
0.0
  9
$USERI1
 70
     0
  9
$USERI2
 70
     0
  9
$USERI3
 70
     0
  9
$USERI4
 70
     0
  9
$USERI5
 70
     0
  9
$USERR1
 40
0.0
  9
$USERR2
 40
0.0
  9
$USERR3
 40
0.0
  9
$USERR4
 40
0.0
  9
$USERR5
 40
0.0
  9
$WORLDVIEW
 70
     1
  9
$SHADEDGE
 70
     3
  9
$SHADEDIF
 70
    70
  9
$TILEMODE
 70
     1
  9
$MAXACTVP
 70
    64
  9
$PINSBASE
 10
0.0
 20
0.0
 30
0.0
  9
$PLIMCHECK
 70
     0
  9
$PEXTMIN
 10
1.000000000000000E+20
 20
1.000000000000000E+20
 30
1.000000000000000E+20
  9
$PEXTMAX
 10
-1.000000000000000E+20
 20
-1.000000000000000E+20
 30
-1.000000000000000E+20
  9
$PLIMMIN
 10
0.0
 20
0.0
  9
$PLIMMAX
 10
12.0
 20
9.0
  9
$UNITMODE
 70
     0
  9
$VISRETAIN
 70
     1
  9
$PLINEGEN
 70
     0
  9
$PSLTSCALE
 70
     1
  9
$TREEDEPTH
 70
  3020
  9
$CMLSTYLE
  2
Standard
  9
$CMLJUST
 70
     0
  9
$CMLSCALE
 40
1.0
  9
$PROXYGRAPHICS
 70
     1
  9
$MEASUREMENT
 70
     0
  9
$CELWEIGHT
370
    -1
  9
$ENDCAPS
280
     0
  9
$JOINSTYLE
280
     0
  9
$LWDISPLAY
290
     0
  9
$INSUNITS
 70
     4
  9
$HYPERLINKBASE
  1

  9
$STYLESHEET
  1

  9
$XEDIT
290
     1
  9
$CEPSNTYPE
380
     0
  9
$PSTYLEMODE
290
     1
  9
$FINGERPRINTGUID
  2
{107432A4-0961-413D-B86D-6BC83BB6EF37}
  9
$VERSIONGUID
  2
{FAEB1C32-E019-11D5-929B-00C0DF256EC4}
  9
$EXTNAMES
290
     1
  9
$PSVPSCALE
 40
0.0
  9
$OLESTARTUP
290
     0
  9
$SORTENTS
280
   127
  9
$INDEXCTL
280
     0
  9
$HIDETEXT
280
     1
  9
$XCLIPFRAME
290
     0
  9
$HALOGAP
280
     0
  9
$OBSCOLOR
 70
   257
  9
$OBSLTYPE
280
     0
  9
$INTERSECTIONDISPLAY
280
     0
  9
$INTERSECTIONCOLOR
 70
   257
  9
$DIMASSOC
280
     2
  9
$PROJECTNAME
  1

  9
$CAMERADISPLAY
290
     0
  9
$LENSLENGTH
 40
50.0
  9
$CAMERAHEIGHT
 40
0.0
  9
$STEPSPERSEC
 40
2.0
  9
$STEPSIZE
 40
6.0
  9
$3DDWFPREC
 40
2.0
  9
$PSOLWIDTH
 40
0.25
  9
$PSOLHEIGHT
 40
4.0
  9
$LOFTANG1
 40
1.570796326794897
  9
$LOFTANG2
 40
1.570796326794897
  9
$LOFTMAG1
 40
0.0
  9
$LOFTMAG2
 40
0.0
  9
$LOFTPARAM
 70
     7
  9
$LOFTNORMALS
280
     1
  9
$LATITUDE
 40
37.795
  9
$LONGITUDE
 40
-122.394
  9
$NORTHDIRECTION
 40
0.0
  9
$TIMEZONE
 70
 -8000
  9
$LIGHTGLYPHDISPLAY
280
     1
  9
$TILEMODELIGHTSYNCH
280
     1
  9
$CMATERIAL
347
44
  9
$SOLIDHIST
280
     0
  9
$SHOWHIST
280
     1
  9
$DWFFRAME
280
     2
  9
$DGNFRAME
280
     2
  9
$REALWORLDSCALE
290
     1
  9
$INTERFERECOLOR
 62
   256
  9
$CSHADOW
280
     0
  9
$SHADOWPLANELOCATION
 40
0.0
  0
ENDSEC
  0
SECTION
  2
CLASSES
  0
CLASS
  1
ACDBDICTIONARYWDFLT
  2
AcDbDictionaryWithDefault
  3
ObjectDBX Classes
 90
        0
 91
        4
280
     0
281
     0
  0
CLASS
  1
VISUALSTYLE
  2
AcDbVisualStyle
  3
ObjectDBX Classes
 90
     4095
 91
        4
280
     0
281
     0
  0
CLASS
  1
MATERIAL
  2
AcDbMaterial
  3
ObjectDBX Classes
 90
     1153
 91
        4
280
     0
281
     0
  0
CLASS
  1
SCALE
  2
AcDbScale
  3
ObjectDBX Classes
 90
     1153
 91
        4
280
     0
281
     0
  0
CLASS
  1
TABLESTYLE
  2
AcDbTableStyle
  3
ObjectDBX Classes
 90
     4095
 91
        4
280
     0
281
     0
  0
CLASS
  1
MLEADERSTYLE
  2
AcDbMLeaderStyle
  3
ACDB_MLEADERSTYLE_CLASS
 90
     4095
 91
        4
280
     0
281
     0
  0
CLASS
  1
SUN
  2
AcDbSun
  3
SCENEOE
 90
     1153
 91
        4
280
     0
281
     0
  0
CLASS
  1
DICTIONARYVAR
  2
AcDbDictionaryVar
  3
ObjectDBX Classes
 90
        0
 91
        4
280
     0
281
     0
  0
CLASS
  1
CELLSTYLEMAP
  2
AcDbCellStyleMap
  3
ObjectDBX Classes
 90
     1152
 91
        4
280
     0
281
     0
  0
ENDSEC
  0
SECTION
  2
TABLES
  0
TABLE
  2
VPORT
  5
8
330
0
100
AcDbSymbolTable
 70
     1
  0
VPORT
  5
29
330
8
100
AcDbSymbolTableRecord
100
AcDbViewportTableRecord
  2
*Active
 70
     0
 10
0.0
 20
0.0
 11
1.0
 21
1.0
 12
10.42990654205607
 22
4.5
 13
0.0
 23
0.0
 14
0.5
 24
0.5
 15
0.5
 25
0.5
 16
0.0
 26
0.0
 36
1.0
 17
0.0
 27
0.0
 37
0.0
 40
9.0
 41
1.972972972850329
 42
50.0
 43
0.0
 44
0.0
 50
0.0
 51
0.0
 71
     0
 72
   100
 73
     1
 74
     3
 75
     0
 76
     0
 77
     0
 78
     0
281
     0
 65
     1
110
0.0
120
0.0
130
0.0
111
1.0
121
0.0
131
0.0
112
0.0
122
1.0
132
0.0
 79
     0
146
0.0
 60
     3
 61
     5
292
     1
282
     1
141
0.0
142
0.0
 63
   250
361
6D
  0
ENDTAB
  0
TABLE
  2
LTYPE
  5
5
330
0
100
AcDbSymbolTable
 70
     1
  0
LTYPE
  5
14
330
5
100
AcDbSymbolTableRecord
100
AcDbLinetypeTableRecord
  2
ByBlock
 70
     0
  3

 72
    65
 73
     0
 40
0.0
  0
LTYPE
  5
15
330
5
100
AcDbSymbolTableRecord
100
AcDbLinetypeTableRecord
  2
ByLayer
 70
     0
  3

 72
    65
 73
     0
 40
0.0
  0
LTYPE
  5
16
330
5
100
AcDbSymbolTableRecord
100
AcDbLinetypeTableRecord
  2
Continuous
 70
     0
  3
Solid line
 72
    65
 73
     0
 40
0.0
  0
ENDTAB
  0
TABLE
  2
LAYER
  5
2
330
0
100
AcDbSymbolTable
 70
     2
  0
LAYER
  5
10
330
2
100
AcDbSymbolTableRecord
100
AcDbLayerTableRecord
  2
0
 70
     0
 62
     7
  6
Continuous
370
    -3
390
F
347
46
  0
LAYER
  5
6F
330
2
100
AcDbSymbolTableRecord
100
AcDbLayerTableRecord
  2
layer 1
 70
     0
 62
     7
  6
Continuous
370
    -3
390
F
347
46
  0
ENDTAB
  0
TABLE
  2
STYLE
  5
3
330
0
100
AcDbSymbolTable
 70
     1
  0
STYLE
  5
11
330
3
100
AcDbSymbolTableRecord
100
AcDbTextStyleTableRecord
  2
Standard
 70
     0
 40
0.0
 41
1.0
 50
0.0
 71
     0
 42
0.2
  3
txt
  4

  0
ENDTAB
  0
TABLE
  2
VIEW
  5
6
330
0
100
AcDbSymbolTable
 70
     0
  0
ENDTAB
  0
TABLE
  2
UCS
  5
7
330
0
100
AcDbSymbolTable
 70
     0
  0
ENDTAB
  0
TABLE
  2
APPID
  5
9
330
0
100
AcDbSymbolTable
 70
     3
  0
APPID
  5
12
330
9
100
AcDbSymbolTableRecord
100
AcDbRegAppTableRecord
  2
ACAD
 70
     0
  0
APPID
  5
6E
330
9
100
AcDbSymbolTableRecord
100
AcDbRegAppTableRecord
  2
ODA
 70
     0
  0
APPID
  5
DA
330
9
100
AcDbSymbolTableRecord
100
AcDbRegAppTableRecord
  2
ACAD_MLEADERVER
 70
     0
  0
ENDTAB
  0
TABLE
  2
DIMSTYLE
  5
A
330
0
100
AcDbSymbolTable
 70
     1
100
AcDbDimStyleTable
  0
DIMSTYLE
105
27
330
A
100
AcDbSymbolTableRecord
100
AcDbDimStyleTableRecord
  2
Standard
 70
     0
178
     0
340
11
  0
ENDTAB
  0
TABLE
  2
BLOCK_RECORD
  5
1
330
0
100
AcDbSymbolTable
 70
     1
  0
BLOCK_RECORD
  5
1F
330
1
100
AcDbSymbolTableRecord
100
AcDbBlockTableRecord
  2
*Model_Space
340
22
 70
     0
280
     1
281
     0
  0
BLOCK_RECORD
  5
1B
330
1
100
AcDbSymbolTableRecord
100
AcDbBlockTableRecord
  2
*Paper_Space
340
1E
 70
     0
280
     1
281
     0
  0
BLOCK_RECORD
  5
23
330
1
100
AcDbSymbolTableRecord
100
AcDbBlockTableRecord
  2
*Paper_Space0
340
26
 70
     0
280
     1
281
     0
  0
ENDTAB
  0
ENDSEC
  0
SECTION
  2
BLOCKS
  0
BLOCK
  5
20
330
1F
100
AcDbEntity
  8
0
100
AcDbBlockBegin
  2
*Model_Space
 70
     0
 10
0.0
 20
0.0
 30
0.0
  3
*Model_Space
  1

  0
ENDBLK
  5
21
330
1F
100
AcDbEntity
  8
0
100
AcDbBlockEnd
  0
BLOCK
  5
1C
330
1B
100
AcDbEntity
 67
     1
  8
0
100
AcDbBlockBegin
  2
*Paper_Space
 70
     0
 10
0.0
 20
0.0
 30
0.0
  3
*Paper_Space
  1

  0
ENDBLK
  5
1D
330
1B
100
AcDbEntity
 67
     1
  8
0
100
AcDbBlockEnd
  0
BLOCK
  5
24
330
23
100
AcDbEntity
  8
0
100
AcDbBlockBegin
  2
*Paper_Space0
 70
     0
 10
0.0
 20
0.0
 30
0.0
  3
*Paper_Space0
  1

  0
ENDBLK
  5
25
330
23
100
AcDbEntity
  8
0
100
AcDbBlockEnd
  0
ENDSEC
  0
SECTION
  2
ENTITIES
  0
SPLINE
  5
70
330
1F
100
AcDbEntity
  8
layer 1
370
    25
100
AcDbSpline
210
0.0
220
0.0
230
1.0
 70
    11
 71
     3
 72
    20
 73
    16
 74
     0
 42
0.000000001
 43
0.0000000001
 40
0.0
 40
0.0
 40
0.0
 40
0.0
 40
0.2
 40
0.2
 40
0.2
 40
0.2
 40
0.4
 40
0.4
 40
0.4
 40
0.4
 40
0.6
 40
0.6
 40
0.6
 40
0.6
 40
1.0
 40
1.0
 40
1.0
 40
1.0
 10
-49.0
 20
23.0
 30
0.0
 10
-49.0
 20
23.8285
 30
0.0
 10
-49.6716
 20
24.5
 30
0.0
 10
-50.5
 20
24.5
 30
0.0
 10
-50.5
 20
24.5
 30
0.0
 10
-51.3284
 20
24.5
 30
0.0
 10
-52.0
 20
23.8285
 30
0.0
 10
-52.0
 20
23.0
 30
0.0
 10
-52.0
 20
23.0
 30
0.0
 10
-52.0
 20
22.1716
 30
0.0
 10
-51.3284
 20
21.5
 30
0.0
 10
-50.5
 20
21.5
 30
0.0
 10
-50.5
 20
21.5
 30
0.0
 10
-49.6716
 20
21.5
 30
0.0
 10
-49.0
 20
22.1716
 30
0.0
 10
-49.0
 20
23.0
 30
0.0
  0
SPLINE
  5
71
330
1F
100
AcDbEntity
  8
layer 1
370
    25
100
AcDbSpline
210
0.0
220
0.0
230
1.0
 70
    11
 71
     3
 72
    20
 73
    16
 74
     0
 42
0.000000001
 43
0.0000000001
 40
0.0
 40
0.0
 40
0.0
 40
0.0
 40
0.2
 40
0.2
 40
0.2
 40
0.2
 40
0.4
 40
0.4
 40
0.4
 40
0.4
 40
0.6
 40
0.6
 40
0.6
 40
0.6
 40
1.0
 40
1.0
 40
1.0
 40
1.0
 10
52.0
 20
23.0
 30
0.0
 10
52.0
 20
23.8285
 30
0.0
 10
51.3284
 20
24.5
 30
0.0
 10
50.5
 20
24.5
 30
0.0
 10
50.5
 20
24.5
 30
0.0
 10
49.6716
 20
24.5
 30
0.0
 10
49.0
 20
23.8285
 30
0.0
 10
49.0
 20
23.0
 30
0.0
 10
49.0
 20
23.0
 30
0.0
 10
49.0
 20
22.1716
 30
0.0
 10
49.6716
 20
21.5
 30
0.0
 10
50.5
 20
21.5
 30
0.0
 10
50.5
 20
21.5
 30
0.0
 10
51.3284
 20
21.5
 30
0.0
 10
52.0
 20
22.1716
 30
0.0
 10
52.0
 20
23.0
 30
0.0
  0
SPLINE
  5
72
330
1F
100
AcDbEntity
  8
layer 1
370
    25
100
AcDbSpline
210
0.0
220
0.0
230
1.0
 70
    11
 71
     3
 72
    20
 73
    16
 74
     0
 42
0.000000001
 43
0.0000000001
 40
0.0
 40
0.0
 40
0.0
 40
0.0
 40
0.2
 40
0.2
 40
0.2
 40
0.2
 40
0.4
 40
0.4
 40
0.4
 40
0.4
 40
0.6
 40
0.6
 40
0.6
 40
0.6
 40
1.0
 40
1.0
 40
1.0
 40
1.0
 10
52.0
 20
-23.0
 30
0.0
 10
52.0
 20
-22.1715
 30
0.0
 10
51.3284
 20
-21.5
 30
0.0
 10
50.5
 20
-21.5
 30
0.0
 10
50.5
 20
-21.5
 30
0.0
 10
49.6716
 20
-21.5
 30
0.0
 10
49.0
 20
-22.1715
 30
0.0
 10
49.0
 20
-23.0
 30
0.0
 10
49.0
 20
-23.0
 30
0.0
 10
49.0
 20
-23.8284
 30
0.0
 10
49.6716
 20
-24.5
 30
0.0
 10
50.5
 20
-24.5
 30
0.0
 10
50.5
 20
-24.5
 30
0.0
 10
51.3284
 20
-24.5
 30
0.0
 10
52.0
 20
-23.8284
 30
0.0
 10
52.0
 20
-23.0
 30
0.0
  0
SPLINE
  5
73
330
1F
100
AcDbEntity
  8
layer 1
370
    25
100
AcDbSpline
210
0.0
220
0.0
230
1.0
 70
    11
 71
     3
 72
    20
 73
    16
 74
     0
 42
0.000000001
 43
0.0000000001
 40
0.0
 40
0.0
 40
0.0
 40
0.0
 40
0.2
 40
0.2
 40
0.2
 40
0.2
 40
0.4
 40
0.4
 40
0.4
 40
0.4
 40
0.6
 40
0.6
 40
0.6
 40
0.6
 40
1.0
 40
1.0
 40
1.0
 40
1.0
 10
-49.0
 20
-23.0
 30
0.0
 10
-49.0
 20
-22.1715
 30
0.0
 10
-49.6716
 20
-21.5
 30
0.0
 10
-50.5
 20
-21.5
 30
0.0
 10
-50.5
 20
-21.5
 30
0.0
 10
-51.3284
 20
-21.5
 30
0.0
 10
-52.0
 20
-22.1715
 30
0.0
 10
-52.0
 20
-23.0
 30
0.0
 10
-52.0
 20
-23.0
 30
0.0
 10
-52.0
 20
-23.8284
 30
0.0
 10
-51.3284
 20
-24.5
 30
0.0
 10
-50.5
 20
-24.5
 30
0.0
 10
-50.5
 20
-24.5
 30
0.0
 10
-49.6716
 20
-24.5
 30
0.0
 10
-49.0
 20
-23.8284
 30
0.0
 10
-49.0
 20
-23.0
 30
0.0
  0
SPLINE
  5
74
330
1F
100
AcDbEntity
  8
layer 1
370
    25
100
AcDbSpline
210
0.0
220
0.0
230
1.0
 70
    24
 71
     3
 72
     8
 73
     4
 74
     0
 42
0.000000001
 43
0.0000000001
 40
0.0
 40
0.0
 40
0.0
 40
0.0
 40
1.0
 40
1.0
 40
1.0
 40
1.0
 10
-52.5
 20
-27.0
 30
0.0
 10
-52.5
 20
-27.0
 30
0.0
 10
52.5
 20
-27.0
 30
0.0
 10
52.5
 20
-27.0
 30
0.0
  0
SPLINE
  5
75
330
1F
100
AcDbEntity
  8
layer 1
370
    25
100
AcDbSpline
210
0.0
220
0.0
230
1.0
 70
    24
 71
     3
 72
     8
 73
     4
 74
     0
 42
0.000000001
 43
0.0000000001
 40
0.0
 40
0.0
 40
0.0
 40
0.0
 40
1.0
 40
1.0
 40
1.0
 40
1.0
 10
-54.5
 20
25.0
 30
0.0
 10
-54.5
 20
25.0
 30
0.0
 10
-54.5
 20
-25.0
 30
0.0
 10
-54.5
 20
-25.0
 30
0.0
  0
SPLINE
  5
76
330
1F
100
AcDbEntity
  8
layer 1
370
    25
100
AcDbSpline
210
0.0
220
0.0
230
1.0
 70
    24
 71
     3
 72
     8
 73
     4
 74
     0
 42
0.000000001
 43
0.0000000001
 40
0.0
 40
0.0
 40
0.0
 40
0.0
 40
1.0
 40
1.0
 40
1.0
 40
1.0
 10
52.5
 20
27.0
 30
0.0
 10
52.5
 20
27.0
 30
0.0
 10
-52.5
 20
27.0
 30
0.0
 10
-52.5
 20
27.0
 30
0.0
  0
SPLINE
  5
77
330
1F
100
AcDbEntity
  8
layer 1
370
    25
100
AcDbSpline
210
0.0
220
0.0
230
1.0
 70
    24
 71
     3
 72
     8
 73
     4
 74
     0
 42
0.000000001
 43
0.0000000001
 40
0.0
 40
0.0
 40
0.0
 40
0.0
 40
1.0
 40
1.0
 40
1.0
 40
1.0
 10
54.5
 20
-25.0
 30
0.0
 10
54.5
 20
-25.0
 30
0.0
 10
54.5
 20
25.0
 30
0.0
 10
54.5
 20
25.0
 30
0.0
  0
SPLINE
  5
78
330
1F
100
AcDbEntity
  8
layer 1
370
    25
100
AcDbSpline
210
0.0
220
0.0
230
1.0
 70
     8
 71
     3
 72
    12
 73
     8
 74
     0
 42
0.000000001
 43
0.0000000001
 40
0.0
 40
0.0
 40
0.0
 40
0.0
 40
0.3333333333333333
 40
0.3333333333333333
 40
0.3333333333333333
 40
0.3333333333333333
 40
1.0
 40
1.0
 40
1.0
 40
1.0
 10
-52.5
 20
27.0
 30
0.0
 10
-53.0304
 20
27.0
 30
0.0
 10
-53.5391
 20
26.7893
 30
0.0
 10
-53.9142
 20
26.4143
 30
0.0
 10
-53.9142
 20
26.4143
 30
0.0
 10
-54.2893
 20
26.0392
 30
0.0
 10
-54.5
 20
25.5305
 30
0.0
 10
-54.5
 20
25.0
 30
0.0
  0
SPLINE
  5
79
330
1F
100
AcDbEntity
  8
layer 1
370
    25
100
AcDbSpline
210
0.0
220
0.0
230
1.0
 70
     8
 71
     3
 72
    12
 73
     8
 74
     0
 42
0.000000001
 43
0.0000000001
 40
0.0
 40
0.0
 40
0.0
 40
0.0
 40
0.3333333333333333
 40
0.3333333333333333
 40
0.3333333333333333
 40
0.3333333333333333
 40
1.0
 40
1.0
 40
1.0
 40
1.0
 10
54.5
 20
25.0
 30
0.0
 10
54.5
 20
25.5305
 30
0.0
 10
54.2893
 20
26.0392
 30
0.0
 10
53.9142
 20
26.4143
 30
0.0
 10
53.9142
 20
26.4143
 30
0.0
 10
53.5391
 20
26.7893
 30
0.0
 10
53.0304
 20
27.0
 30
0.0
 10
52.5
 20
27.0
 30
0.0
  0
SPLINE
  5
7A
330
1F
100
AcDbEntity
  8
layer 1
370
    25
100
AcDbSpline
210
0.0
220
0.0
230
1.0
 70
     8
 71
     3
 72
     8
 73
     4
 74
     0
 42
0.000000001
 43
0.0000000001
 40
0.0
 40
0.0
 40
0.0
 40
0.0
 40
1.0
 40
1.0
 40
1.0
 40
1.0
 10
52.5
 20
-27.0
 30
0.0
 10
53.6046
 20
-27.0
 30
0.0
 10
54.5
 20
-26.1045
 30
0.0
 10
54.5
 20
-25.0
 30
0.0
  0
SPLINE
  5
7B
330
1F
100
AcDbEntity
  8
layer 1
370
    25
100
AcDbSpline
210
0.0
220
0.0
230
1.0
 70
     8
 71
     3
 72
    12
 73
     8
 74
     0
 42
0.000000001
 43
0.0000000001
 40
0.0
 40
0.0
 40
0.0
 40
0.0
 40
0.3333333333333333
 40
0.3333333333333333
 40
0.3333333333333333
 40
0.3333333333333333
 40
1.0
 40
1.0
 40
1.0
 40
1.0
 10
-54.5
 20
-25.0
 30
0.0
 10
-54.5
 20
-25.5304
 30
0.0
 10
-54.2893
 20
-26.0391
 30
0.0
 10
-53.9142
 20
-26.4142
 30
0.0
 10
-53.9142
 20
-26.4142
 30
0.0
 10
-53.5391
 20
-26.7892
 30
0.0
 10
-53.0304
 20
-27.0
 30
0.0
 10
-52.5
 20
-27.0
 30
0.0
  0
SPLINE
  5
7C
330
1F
100
AcDbEntity
  8
layer 1
 62
   242
100
AcDbSpline
210
0.0
220
0.0
230
1.0
 70
    11
 71
     3
 72
   216
 73
   212
 74
     0
 42
0.000000001
 43
0.0000000001
 40
0.0
 40
0.0
 40
0.0
 40
0.0
 40
0.0185185185185185
 40
0.0185185185185185
 40
0.0185185185185185
 40
0.0185185185185185
 40
0.037037037037037
 40
0.037037037037037
 40
0.037037037037037
 40
0.037037037037037
 40
0.0555555555555556
 40
0.0555555555555556
 40
0.0555555555555556
 40
0.0555555555555556
 40
0.0740740740740741
 40
0.0740740740740741
 40
0.0740740740740741
 40
0.0740740740740741
 40
0.0925925925925926
 40
0.0925925925925926
 40
0.0925925925925926
 40
0.0925925925925926
 40
0.1111111111111111
 40
0.1111111111111111
 40
0.1111111111111111
 40
0.1111111111111111
 40
0.1296296296296296
 40
0.1296296296296296
 40
0.1296296296296296
 40
0.1296296296296296
 40
0.1481481481481481
 40
0.1481481481481481
 40
0.1481481481481481
 40
0.1481481481481481
 40
0.1666666666666667
 40
0.1666666666666667
 40
0.1666666666666667
 40
0.1666666666666667
 40
0.1851851851851852
 40
0.1851851851851852
 40
0.1851851851851852
 40
0.1851851851851852
 40
0.2037037037037037
 40
0.2037037037037037
 40
0.2037037037037037
 40
0.2037037037037037
 40
0.2222222222222222
 40
0.2222222222222222
 40
0.2222222222222222
 40
0.2222222222222222
 40
0.2407407407407407
 40
0.2407407407407407
 40
0.2407407407407407
 40
0.2407407407407407
 40
0.2592592592592592
 40
0.2592592592592592
 40
0.2592592592592592
 40
0.2592592592592592
 40
0.2777777777777778
 40
0.2777777777777778
 40
0.2777777777777778
 40
0.2777777777777778
 40
0.2962962962962963
 40
0.2962962962962963
 40
0.2962962962962963
 40
0.2962962962962963
 40
0.3148148148148148
 40
0.3148148148148148
 40
0.3148148148148148
 40
0.3148148148148148
 40
0.3333333333333333
 40
0.3333333333333333
 40
0.3333333333333333
 40
0.3333333333333333
 40
0.3518518518518519
 40
0.3518518518518519
 40
0.3518518518518519
 40
0.3518518518518519
 40
0.3703703703703703
 40
0.3703703703703703
 40
0.3703703703703703
 40
0.3703703703703703
 40
0.3888888888888889
 40
0.3888888888888889
 40
0.3888888888888889
 40
0.3888888888888889
 40
0.4074074074074074
 40
0.4074074074074074
 40
0.4074074074074074
 40
0.4074074074074074
 40
0.4259259259259259
 40
0.4259259259259259
 40
0.4259259259259259
 40
0.4259259259259259
 40
0.4444444444444444
 40
0.4444444444444444
 40
0.4444444444444444
 40
0.4444444444444444
 40
0.462962962962963
 40
0.462962962962963
 40
0.462962962962963
 40
0.462962962962963
 40
0.4814814814814815
 40
0.4814814814814815
 40
0.4814814814814815
 40
0.4814814814814815
 40
0.5
 40
0.5
 40
0.5
 40
0.5
 40
0.5185185185185185
 40
0.5185185185185185
 40
0.5185185185185185
 40
0.5185185185185185
 40
0.5370370370370371
 40
0.5370370370370371
 40
0.5370370370370371
 40
0.5370370370370371
 40
0.5555555555555556
 40
0.5555555555555556
 40
0.5555555555555556
 40
0.5555555555555556
 40
0.5740740740740741
 40
0.5740740740740741
 40
0.5740740740740741
 40
0.5740740740740741
 40
0.5925925925925926
 40
0.5925925925925926
 40
0.5925925925925926
 40
0.5925925925925926
 40
0.6111111111111112
 40
0.6111111111111112
 40
0.6111111111111112
 40
0.6111111111111112
 40
0.6296296296296297
 40
0.6296296296296297
 40
0.6296296296296297
 40
0.6296296296296297
 40
0.6481481481481481
 40
0.6481481481481481
 40
0.6481481481481481
 40
0.6481481481481481
 40
0.6666666666666666
 40
0.6666666666666666
 40
0.6666666666666666
 40
0.6666666666666666
 40
0.6851851851851852
 40
0.6851851851851852
 40
0.6851851851851852
 40
0.6851851851851852
 40
0.7037037037037037
 40
0.7037037037037037
 40
0.7037037037037037
 40
0.7037037037037037
 40
0.7222222222222222
 40
0.7222222222222222
 40
0.7222222222222222
 40
0.7222222222222222
 40
0.7407407407407407
 40
0.7407407407407407
 40
0.7407407407407407
 40
0.7407407407407407
 40
0.7592592592592593
 40
0.7592592592592593
 40
0.7592592592592593
 40
0.7592592592592593
 40
0.7777777777777778
 40
0.7777777777777778
 40
0.7777777777777778
 40
0.7777777777777778
 40
0.7962962962962963
 40
0.7962962962962963
 40
0.7962962962962963
 40
0.7962962962962963
 40
0.8148148148148148
 40
0.8148148148148148
 40
0.8148148148148148
 40
0.8148148148148148
 40
0.8333333333333334
 40
0.8333333333333334
 40
0.8333333333333334
 40
0.8333333333333334
 40
0.8518518518518519
 40
0.8518518518518519
 40
0.8518518518518519
 40
0.8518518518518519
 40
0.8703703703703703
 40
0.8703703703703703
 40
0.8703703703703703
 40
0.8703703703703703
 40
0.8888888888888888
 40
0.8888888888888888
 40
0.8888888888888888
 40
0.8888888888888888
 40
0.9074074074074074
 40
0.9074074074074074
 40
0.9074074074074074
 40
0.9074074074074074
 40
0.9259259259259259
 40
0.9259259259259259
 40
0.9259259259259259
 40
0.9259259259259259
 40
0.9444444444444444
 40
0.9444444444444444
 40
0.9444444444444444
 40
0.9444444444444444
 40
0.9629629629629629
 40
0.9629629629629629
 40
0.9629629629629629
 40
0.9629629629629629
 40
1.0
 40
1.0
 40
1.0
 40
1.0
 10
-36.3547
 20
1.8381
 30
0.0
 10
-36.3492
 20
1.7025
 30
0.0
 10
-36.3438
 20
1.5776
 30
0.0
 10
-36.3384
 20
1.4691
 30
0.0
 10
-36.3384
 20
1.4691
 30
0.0
 10
-36.3384
 20
1.4691
 30
0.0
 10
-36.5608
 20
1.4691
 30
0.0
 10
-36.5608
 20
1.4691
 30
0.0
 10
-36.5608
 20
1.4691
 30
0.0
 10
-36.6043
 20
1.9358
 30
0.0
 10
-36.6694
 20
2.294
 30
0.0
 10
-36.7508
 20
2.5599
 30
0.0
 10
-36.7508
 20
2.5599
 30
0.0
 10
-36.8322
 20
2.8313
 30
0.0
 10
-36.9679
 20
3.0212
 30
0.0
 10
-37.1633
 20
3.1406
 30
0.0
 10
-37.1633
 20
3.1406
 30
0.0
 10
-37.364
 20
3.26
 30
0.0
 10
-37.6679
 20
3.3197
 30
0.0
 10
-38.0803
 20
3.3197
 30
0.0
 10
-38.0803
 20
3.3197
 30
0.0
 10
-38.0803
 20
3.3197
 30
0.0
 10
-38.699
 20
3.3197
 30
0.0
 10
-38.699
 20
3.3197
 30
0.0
 10
-38.699
 20
3.3197
 30
0.0
 10
-38.9215
 20
3.3197
 30
0.0
 10
-39.0952
 20
3.3033
 30
0.0
 10
-39.2092
 20
3.26
 30
0.0
 10
-39.2092
 20
3.26
 30
0.0
 10
-39.3231
 20
3.2274
 30
0.0
 10
-39.3991
 20
3.1514
 30
0.0
 10
-39.4371
 20
3.0375
 30
0.0
 10
-39.4371
 20
3.0375
 30
0.0
 10
-39.4751
 20
2.9235
 30
0.0
 10
-39.5022
 20
2.7444
 30
0.0
 10
-39.5022
 20
2.4948
 30
0.0
 10
-39.5022
 20
2.4948
 30
0.0
 10
-39.5022
 20
2.4948
 30
0.0
 10
-39.5022
 20
0.0636
 30
0.0
 10
-39.5022
 20
0.0636
 30
0.0
 10
-39.5022
 20
0.0636
 30
0.0
 10
-39.5022
 20
0.0636
 30
0.0
 10
-38.7804
 20
0.0636
 30
0.0
 10
-38.7804
 20
0.0636
 30
0.0
 10
-38.7804
 20
0.0636
 30
0.0
 10
-38.5633
 20
0.0636
 30
0.0
 10
-38.3952
 20
0.1069
 30
0.0
 10
-38.2811
 20
0.1992
 30
0.0
 10
-38.2811
 20
0.1992
 30
0.0
 10
-38.1672
 20
0.2861
 30
0.0
 10
-38.0858
 20
0.4001
 30
0.0
 10
-38.0315
 20
0.5357
 30
0.0
 10
-38.0315
 20
0.5357
 30
0.0
 10
-37.9718
 20
0.6715
 30
0.0
 10
-37.9392
 20
0.818
 30
0.0
 10
-37.9229
 20
0.9645
 30
0.0
 10
-37.9229
 20
0.9645
 30
0.0
 10
-37.9013
 20
1.1056
 30
0.0
 10
-37.885
 20
1.2467
 30
0.0
 10
-37.8578
 20
1.3606
 30
0.0
 10
-37.8578
 20
1.3606
 30
0.0
 10
-37.8578
 20
1.3606
 30
0.0
 10
-37.6354
 20
1.3606
 30
0.0
 10
-37.6354
 20
1.3606
 30
0.0
 10
-37.6354
 20
1.3606
 30
0.0
 10
-37.6571
 20
0.9862
 30
0.0
 10
-37.6679
 20
0.6985
 30
0.0
 10
-37.6679
 20
0.5032
 30
0.0
 10
-37.6679
 20
0.5032
 30
0.0
 10
-37.6624
 20
0.3024
 30
0.0
 10
-37.6624
 20
0.1232
 30
0.0
 10
-37.6624
 20
-0.045
 30
0.0
 10
-37.6624
 20
-0.045
 30
0.0
 10
-37.6624
 20
-0.2133
 30
0.0
 10
-37.6569
 20
-0.3923
 30
0.0
 10
-37.6516
 20
-0.5877
 30
0.0
 10
-37.6516
 20
-0.5877
 30
0.0
 10
-37.6462
 20
-0.7885
 30
0.0
 10
-37.6299
 20
-1.0761
 30
0.0
 10
-37.6082
 20
-1.4505
 30
0.0
 10
-37.6082
 20
-1.4505
 30
0.0
 10
-37.6082
 20
-1.4505
 30
0.0
 10
-37.8307
 20
-1.4505
 30
0.0
 10
-37.8307
 20
-1.4505
 30
0.0
 10
-37.8307
 20
-1.4505
 30
0.0
 10
-37.8579
 20
-1.2389
 30
0.0
 10
-37.8905
 20
-1.0327
 30
0.0
 10
-37.9284
 20
-0.8319
 30
0.0
 10
-37.9284
 20
-0.8319
 30
0.0
 10
-37.961
 20
-0.6365
 30
0.0
 10
-38.0424
 20
-0.4682
 30
0.0
 10
-38.1617
 20
-0.3434
 30
0.0
 10
-38.1617
 20
-0.3434
 30
0.0
 10
-38.2812
 20
-0.2132
 30
0.0
 10
-38.4873
 20
-0.148
 30
0.0
 10
-38.775
 20
-0.148
 30
0.0
 10
-38.775
 20
-0.148
 30
0.0
 10
-38.775
 20
-0.148
 30
0.0
 10
-39.4968
 20
-0.148
 30
0.0
 10
-39.4968
 20
-0.148
 30
0.0
 10
-39.4968
 20
-0.148
 30
0.0
 10
-39.4968
 20
-0.148
 30
0.0
 10
-39.4968
 20
-2.4165
 30
0.0
 10
-39.4968
 20
-2.4165
 30
0.0
 10
-39.4968
 20
-2.4165
 30
0.0
 10
-39.4968
 20
-2.6553
 30
0.0
 10
-39.4696
 20
-2.8343
 30
0.0
 10
-39.4208
 20
-2.9483
 30
0.0
 10
-39.4208
 20
-2.9483
 30
0.0
 10
-39.3666
 20
-3.0678
 30
0.0
 10
-39.2689
 20
-3.1492
 30
0.0
 10
-39.1278
 20
-3.1817
 30
0.0
 10
-39.1278
 20
-3.1817
 30
0.0
 10
-38.9866
 20
-3.2197
 30
0.0
 10
-38.7696
 20
-3.2522
 30
0.0
 10
-38.4982
 20
-3.2631
 30
0.0
 10
-38.4982
 20
-3.2631
 30
0.0
 10
-38.4982
 20
-3.2631
 30
0.0
 10
-38.4982
 20
-3.4639
 30
0.0
 10
-38.4982
 20
-3.4639
 30
0.0
 10
-38.4982
 20
-3.4639
 30
0.0
 10
-38.6719
 20
-3.4476
 30
0.0
 10
-38.8889
 20
-3.4422
 30
0.0
 10
-39.1494
 20
-3.4367
 30
0.0
 10
-39.1494
 20
-3.4367
 30
0.0
 10
-39.4153
 20
-3.4367
 30
0.0
 10
-39.6813
 20
-3.4313
 30
0.0
 10
-39.9526
 20
-3.4313
 30
0.0
 10
-39.9526
 20
-3.4313
 30
0.0
 10
-40.2076
 20
-3.4313
 30
0.0
 10
-40.4464
 20
-3.4367
 30
0.0
 10
-40.669
 20
-3.4367
 30
0.0
 10
-40.669
 20
-3.4367
 30
0.0
 10
-40.8915
 20
-3.4422
 30
0.0
 10
-41.076
 20
-3.4476
 30
0.0
 10
-41.2171
 20
-3.4639
 30
0.0
 10
-41.2171
 20
-3.4639
 30
0.0
 10
-41.2171
 20
-3.4639
 30
0.0
 10
-41.2171
 20
-3.2631
 30
0.0
 10
-41.2171
 20
-3.2631
 30
0.0
 10
-41.2171
 20
-3.2631
 30
0.0
 10
-40.9946
 20
-3.2522
 30
0.0
 10
-40.821
 20
-3.2251
 30
0.0
 10
-40.7069
 20
-3.1817
 30
0.0
 10
-40.7069
 20
-3.1817
 30
0.0
 10
-40.5931
 20
-3.1492
 30
0.0
 10
-40.5171
 20
-3.0678
 30
0.0
 10
-40.479
 20
-2.9483
 30
0.0
 10
-40.479
 20
-2.9483
 30
0.0
 10
-40.441
 20
-2.8343
 30
0.0
 10
-40.4193
 20
-2.6553
 30
0.0
 10
-40.4193
 20
-2.4165
 30
0.0
 10
-40.4193
 20
-2.4165
 30
0.0
 10
-40.4193
 20
-2.4165
 30
0.0
 10
-40.4193
 20
2.4785
 30
0.0
 10
-40.4193
 20
2.4785
 30
0.0
 10
-40.4193
 20
2.4785
 30
0.0
 10
-40.4193
 20
2.7281
 30
0.0
 10
-40.4357
 20
2.9018
 30
0.0
 10
-40.479
 20
3.0212
 30
0.0
 10
-40.479
 20
3.0212
 30
0.0
 10
-40.5224
 20
3.1406
 30
0.0
 10
-40.593
 20
3.2165
 30
0.0
 10
-40.7069
 20
3.2546
 30
0.0
 10
-40.7069
 20
3.2546
 30
0.0
 10
-40.8209
 20
3.2979
 30
0.0
 10
-40.9946
 20
3.3251
 30
0.0
 10
-41.2171
 20
3.3306
 30
0.0
 10
-41.2171
 20
3.3306
 30
0.0
 10
-41.2171
 20
3.3306
 30
0.0
 10
-41.2171
 20
3.526
 30
0.0
 10
-41.2171
 20
3.526
 30
0.0
 10
-41.2171
 20
3.526
 30
0.0
 10
-40.9675
 20
3.5205
 30
0.0
 10
-40.7178
 20
3.5151
 30
0.0
 10
-40.4464
 20
3.5151
 30
0.0
 10
-40.4464
 20
3.5151
 30
0.0
 10
-40.1752
 20
3.5096
 30
0.0
 10
-39.9038
 20
3.5096
 30
0.0
 10
-39.6433
 20
3.5042
 30
0.0
 10
-39.6433
 20
3.5042
 30
0.0
 10
-39.3828
 20
3.4988
 30
0.0
 10
-39.1386
 20
3.4988
 30
0.0
 10
-38.9052
 20
3.4988
 30
0.0
 10
-38.9052
 20
3.4988
 30
0.0
 10
-38.9052
 20
3.4988
 30
0.0
 10
-38.3463
 20
3.4988
 30
0.0
 10
-38.3463
 20
3.4988
 30
0.0
 10
-38.3463
 20
3.4988
 30
0.0
 10
-38.0478
 20
3.4988
 30
0.0
 10
-37.7005
 20
3.4988
 30
0.0
 10
-37.3152
 20
3.5042
 30
0.0
 10
-37.3152
 20
3.5042
 30
0.0
 10
-36.9299
 20
3.5097
 30
0.0
 10
-36.588
 20
3.5151
 30
0.0
 10
-36.2787
 20
3.526
 30
0.0
 10
-36.2787
 20
3.526
 30
0.0
 10
-36.3058
 20
3.2763
 30
0.0
 10
-36.3221
 20
3.0375
 30
0.0
 10
-36.3329
 20
2.8041
 30
0.0
 10
-36.3329
 20
2.8041
 30
0.0
 10
-36.3438
 20
2.5708
 30
0.0
 10
-36.3492
 20
2.3916
 30
0.0
 10
-36.3492
 20
2.2614
 30
0.0
 10
-36.3492
 20
2.2614
 30
0.0
 10
-36.3492
 20
2.1041
 30
0.0
 10
-36.3492
 20
1.9576
 30
0.0
 10
-36.3384
 20
1.8165
 30
0.0
 10
-36.3384
 20
1.8165
 30
0.0
 10
-36.3384
 20
1.8165
 30
0.0
 10
-36.3547
 20
1.8381
 30
0.0
 10
-36.3547
 20
1.8381
 30
0.0
  0
SPLINE
  5
7D
330
1F
100
AcDbEntity
  8
layer 1
 62
   242
100
AcDbSpline
210
0.0
220
0.0
230
1.0
 70
    11
 71
     3
 72
   108
 73
   104
 74
     0
 42
0.000000001
 43
0.0000000001
 40
0.0
 40
0.0
 40
0.0
 40
0.0
 40
0.037037037037037
 40
0.037037037037037
 40
0.037037037037037
 40
0.037037037037037
 40
0.0740740740740741
 40
0.0740740740740741
 40
0.0740740740740741
 40
0.0740740740740741
 40
0.1111111111111111
 40
0.1111111111111111
 40
0.1111111111111111
 40
0.1111111111111111
 40
0.1481481481481481
 40
0.1481481481481481
 40
0.1481481481481481
 40
0.1481481481481481
 40
0.1851851851851852
 40
0.1851851851851852
 40
0.1851851851851852
 40
0.1851851851851852
 40
0.2222222222222222
 40
0.2222222222222222
 40
0.2222222222222222
 40
0.2222222222222222
 40
0.2592592592592592
 40
0.2592592592592592
 40
0.2592592592592592
 40
0.2592592592592592
 40
0.2962962962962963
 40
0.2962962962962963
 40
0.2962962962962963
 40
0.2962962962962963
 40
0.3333333333333333
 40
0.3333333333333333
 40
0.3333333333333333
 40
0.3333333333333333
 40
0.3703703703703703
 40
0.3703703703703703
 40
0.3703703703703703
 40
0.3703703703703703
 40
0.4074074074074074
 40
0.4074074074074074
 40
0.4074074074074074
 40
0.4074074074074074
 40
0.4444444444444444
 40
0.4444444444444444
 40
0.4444444444444444
 40
0.4444444444444444
 40
0.4814814814814815
 40
0.4814814814814815
 40
0.4814814814814815
 40
0.4814814814814815
 40
0.5185185185185185
 40
0.5185185185185185
 40
0.5185185185185185
 40
0.5185185185185185
 40
0.5555555555555556
 40
0.5555555555555556
 40
0.5555555555555556
 40
0.5555555555555556
 40
0.5925925925925926
 40
0.5925925925925926
 40
0.5925925925925926
 40
0.5925925925925926
 40
0.6296296296296297
 40
0.6296296296296297
 40
0.6296296296296297
 40
0.6296296296296297
 40
0.6666666666666666
 40
0.6666666666666666
 40
0.6666666666666666
 40
0.6666666666666666
 40
0.7037037037037037
 40
0.7037037037037037
 40
0.7037037037037037
 40
0.7037037037037037
 40
0.7407407407407407
 40
0.7407407407407407
 40
0.7407407407407407
 40
0.7407407407407407
 40
0.7777777777777778
 40
0.7777777777777778
 40
0.7777777777777778
 40
0.7777777777777778
 40
0.8148148148148148
 40
0.8148148148148148
 40
0.8148148148148148
 40
0.8148148148148148
 40
0.8518518518518519
 40
0.8518518518518519
 40
0.8518518518518519
 40
0.8518518518518519
 40
0.8888888888888888
 40
0.8888888888888888
 40
0.8888888888888888
 40
0.8888888888888888
 40
0.9259259259259259
 40
0.9259259259259259
 40
0.9259259259259259
 40
0.9259259259259259
 40
1.0
 40
1.0
 40
1.0
 40
1.0
 10
-33.0877
 20
3.5476
 30
0.0
 10
-33.0877
 20
3.5476
 30
0.0
 10
-33.0877
 20
3.3523
 30
0.0
 10
-33.0877
 20
3.3523
 30
0.0
 10
-33.0877
 20
3.3523
 30
0.0
 10
-33.3102
 20
3.3468
 30
0.0
 10
-33.4838
 20
3.3197
 30
0.0
 10
-33.5977
 20
3.2763
 30
0.0
 10
-33.5977
 20
3.2763
 30
0.0
 10
-33.7117
 20
3.2329
 30
0.0
 10
-33.7877
 20
3.1569
 30
0.0
 10
-33.8312
 20
3.0375
 30
0.0
 10
-33.8312
 20
3.0375
 30
0.0
 10
-33.8745
 20
2.9181
 30
0.0
 10
-33.8908
 20
2.7444
 30
0.0
 10
-33.8908
 20
2.5002
 30
0.0
 10
-33.8908
 20
2.5002
 30
0.0
 10
-33.8908
 20
2.5002
 30
0.0
 10
-33.8908
 20
-2.4003
 30
0.0
 10
-33.8908
 20
-2.4003
 30
0.0
 10
-33.8908
 20
-2.4003
 30
0.0
 10
-33.8908
 20
-2.6391
 30
0.0
 10
-33.8691
 20
-2.8182
 30
0.0
 10
-33.8312
 20
-2.9321
 30
0.0
 10
-33.8312
 20
-2.9321
 30
0.0
 10
-33.7931
 20
-3.0461
 30
0.0
 10
-33.7117
 20
-3.1274
 30
0.0
 10
-33.5977
 20
-3.1709
 30
0.0
 10
-33.5977
 20
-3.1709
 30
0.0
 10
-33.4839
 20
-3.2089
 30
0.0
 10
-33.3156
 20
-3.236
 30
0.0
 10
-33.0877
 20
-3.2522
 30
0.0
 10
-33.0877
 20
-3.2522
 30
0.0
 10
-33.0877
 20
-3.2522
 30
0.0
 10
-33.0877
 20
-3.4476
 30
0.0
 10
-33.0877
 20
-3.4476
 30
0.0
 10
-33.0877
 20
-3.4476
 30
0.0
 10
-33.2396
 20
-3.4368
 30
0.0
 10
-33.4295
 20
-3.4259
 30
0.0
 10
-33.6575
 20
-3.4204
 30
0.0
 10
-33.6575
 20
-3.4204
 30
0.0
 10
-33.8854
 20
-3.4204
 30
0.0
 10
-34.1133
 20
-3.4204
 30
0.0
 10
-34.3467
 20
-3.4204
 30
0.0
 10
-34.3467
 20
-3.4204
 30
0.0
 10
-34.6017
 20
-3.4204
 30
0.0
 10
-34.846
 20
-3.4204
 30
0.0
 10
-35.0685
 20
-3.4204
 30
0.0
 10
-35.0685
 20
-3.4204
 30
0.0
 10
-35.291
 20
-3.4204
 30
0.0
 10
-35.4755
 20
-3.4313
 30
0.0
 10
-35.6112
 20
-3.4476
 30
0.0
 10
-35.6112
 20
-3.4476
 30
0.0
 10
-35.6112
 20
-3.4476
 30
0.0
 10
-35.6112
 20
-3.2522
 30
0.0
 10
-35.6112
 20
-3.2522
 30
0.0
 10
-35.6112
 20
-3.2522
 30
0.0
 10
-35.3886
 20
-3.2415
 30
0.0
 10
-35.2151
 20
-3.2143
 30
0.0
 10
-35.101
 20
-3.1709
 30
0.0
 10
-35.101
 20
-3.1709
 30
0.0
 10
-34.9871
 20
-3.1329
 30
0.0
 10
-34.9057
 20
-3.0515
 30
0.0
 10
-34.8677
 20
-2.9321
 30
0.0
 10
-34.8677
 20
-2.9321
 30
0.0
 10
-34.8297
 20
-2.8127
 30
0.0
 10
-34.808
 20
-2.6336
 30
0.0
 10
-34.808
 20
-2.4003
 30
0.0
 10
-34.808
 20
-2.4003
 30
0.0
 10
-34.808
 20
-2.4003
 30
0.0
 10
-34.808
 20
2.5002
 30
0.0
 10
-34.808
 20
2.5002
 30
0.0
 10
-34.808
 20
2.5002
 30
0.0
 10
-34.808
 20
2.7444
 30
0.0
 10
-34.8297
 20
2.9235
 30
0.0
 10
-34.8677
 20
3.0375
 30
0.0
 10
-34.8677
 20
3.0375
 30
0.0
 10
-34.9057
 20
3.1514
 30
0.0
 10
-34.9871
 20
3.2328
 30
0.0
 10
-35.101
 20
3.2763
 30
0.0
 10
-35.101
 20
3.2763
 30
0.0
 10
-35.215
 20
3.3197
 30
0.0
 10
-35.3833
 20
3.3468
 30
0.0
 10
-35.6112
 20
3.3523
 30
0.0
 10
-35.6112
 20
3.3523
 30
0.0
 10
-35.6112
 20
3.3523
 30
0.0
 10
-35.6112
 20
3.5476
 30
0.0
 10
-35.6112
 20
3.5476
 30
0.0
 10
-35.6112
 20
3.5476
 30
0.0
 10
-35.4754
 20
3.5421
 30
0.0
 10
-35.291
 20
3.5367
 30
0.0
 10
-35.0685
 20
3.526
 30
0.0
 10
-35.0685
 20
3.526
 30
0.0
 10
-34.846
 20
3.5205
 30
0.0
 10
-34.6018
 20
3.5151
 30
0.0
 10
-34.3467
 20
3.5151
 30
0.0
 10
-34.3467
 20
3.5151
 30
0.0
 10
-34.1134
 20
3.5151
 30
0.0
 10
-33.8854
 20
3.5151
 30
0.0
 10
-33.6575
 20
3.526
 30
0.0
 10
-33.6575
 20
3.526
 30
0.0
 10
-33.4295
 20
3.5314
 30
0.0
 10
-33.2396
 20
3.5367
 30
0.0
 10
-33.0877
 20
3.5476
 30
0.0
  0
SPLINE
  5
7E
330
1F
100
AcDbEntity
  8
layer 1
 62
   242
100
AcDbSpline
210
0.0
220
0.0
230
1.0
 70
    11
 71
     3
 72
   164
 73
   160
 74
     0
 42
0.000000001
 43
0.0000000001
 40
0.0
 40
0.0
 40
0.0
 40
0.0
 40
0.024390243902439
 40
0.024390243902439
 40
0.024390243902439
 40
0.024390243902439
 40
0.0487804878048781
 40
0.0487804878048781
 40
0.0487804878048781
 40
0.0487804878048781
 40
0.0731707317073171
 40
0.0731707317073171
 40
0.0731707317073171
 40
0.0731707317073171
 40
0.0975609756097561
 40
0.0975609756097561
 40
0.0975609756097561
 40
0.0975609756097561
 40
0.1219512195121951
 40
0.1219512195121951
 40
0.1219512195121951
 40
0.1219512195121951
 40
0.1463414634146341
 40
0.1463414634146341
 40
0.1463414634146341
 40
0.1463414634146341
 40
0.1707317073170732
 40
0.1707317073170732
 40
0.1707317073170732
 40
0.1707317073170732
 40
0.1951219512195122
 40
0.1951219512195122
 40
0.1951219512195122
 40
0.1951219512195122
 40
0.2195121951219512
 40
0.2195121951219512
 40
0.2195121951219512
 40
0.2195121951219512
 40
0.2439024390243902
 40
0.2439024390243902
 40
0.2439024390243902
 40
0.2439024390243902
 40
0.2682926829268293
 40
0.2682926829268293
 40
0.2682926829268293
 40
0.2682926829268293
 40
0.2926829268292683
 40
0.2926829268292683
 40
0.2926829268292683
 40
0.2926829268292683
 40
0.3170731707317073
 40
0.3170731707317073
 40
0.3170731707317073
 40
0.3170731707317073
 40
0.3414634146341464
 40
0.3414634146341464
 40
0.3414634146341464
 40
0.3414634146341464
 40
0.3658536585365854
 40
0.3658536585365854
 40
0.3658536585365854
 40
0.3658536585365854
 40
0.3902439024390244
 40
0.3902439024390244
 40
0.3902439024390244
 40
0.3902439024390244
 40
0.4146341463414634
 40
0.4146341463414634
 40
0.4146341463414634
 40
0.4146341463414634
 40
0.4390243902439024
 40
0.4390243902439024
 40
0.4390243902439024
 40
0.4390243902439024
 40
0.4634146341463415
 40
0.4634146341463415
 40
0.4634146341463415
 40
0.4634146341463415
 40
0.4878048780487805
 40
0.4878048780487805
 40
0.4878048780487805
 40
0.4878048780487805
 40
0.5121951219512195
 40
0.5121951219512195
 40
0.5121951219512195
 40
0.5121951219512195
 40
0.5365853658536586
 40
0.5365853658536586
 40
0.5365853658536586
 40
0.5365853658536586
 40
0.5609756097560976
 40
0.5609756097560976
 40
0.5609756097560976
 40
0.5609756097560976
 40
0.5853658536585366
 40
0.5853658536585366
 40
0.5853658536585366
 40
0.5853658536585366
 40
0.6097560975609756
 40
0.6097560975609756
 40
0.6097560975609756
 40
0.6097560975609756
 40
0.6341463414634146
 40
0.6341463414634146
 40
0.6341463414634146
 40
0.6341463414634146
 40
0.6585365853658537
 40
0.6585365853658537
 40
0.6585365853658537
 40
0.6585365853658537
 40
0.6829268292682927
 40
0.6829268292682927
 40
0.6829268292682927
 40
0.6829268292682927
 40
0.7073170731707317
 40
0.7073170731707317
 40
0.7073170731707317
 40
0.7073170731707317
 40
0.7317073170731707
 40
0.7317073170731707
 40
0.7317073170731707
 40
0.7317073170731707
 40
0.7560975609756098
 40
0.7560975609756098
 40
0.7560975609756098
 40
0.7560975609756098
 40
0.7804878048780488
 40
0.7804878048780488
 40
0.7804878048780488
 40
0.7804878048780488
 40
0.8048780487804879
 40
0.8048780487804879
 40
0.8048780487804879
 40
0.8048780487804879
 40
0.8292682926829268
 40
0.8292682926829268
 40
0.8292682926829268
 40
0.8292682926829268
 40
0.8536585365853658
 40
0.8536585365853658
 40
0.8536585365853658
 40
0.8536585365853658
 40
0.8780487804878049
 40
0.8780487804878049
 40
0.8780487804878049
 40
0.8780487804878049
 40
0.9024390243902439
 40
0.9024390243902439
 40
0.9024390243902439
 40
0.9024390243902439
 40
0.926829268292683
 40
0.926829268292683
 40
0.926829268292683
 40
0.926829268292683
 40
0.9512195121951219
 40
0.9512195121951219
 40
0.9512195121951219
 40
0.9512195121951219
 40
1.0
 40
1.0
 40
1.0
 40
1.0
 10
-26.0544
 20
3.5476
 30
0.0
 10
-26.0544
 20
3.5476
 30
0.0
 10
-26.0544
 20
3.3523
 30
0.0
 10
-26.0544
 20
3.3523
 30
0.0
 10
-26.0544
 20
3.3523
 30
0.0
 10
-26.2769
 20
3.3468
 30
0.0
 10
-26.4451
 20
3.3143
 30
0.0
 10
-26.5646
 20
3.2546
 30
0.0
 10
-26.5646
 20
3.2546
 30
0.0
 10
-26.6785
 20
3.1949
 30
0.0
 10
-26.7545
 20
3.1026
 30
0.0
 10
-26.7979
 20
2.9669
 30
0.0
 10
-26.7979
 20
2.9669
 30
0.0
 10
-26.8413
 20
2.8312
 30
0.0
 10
-26.8576
 20
2.6467
 30
0.0
 10
-26.8576
 20
2.4025
 30
0.0
 10
-26.8576
 20
2.4025
 30
0.0
 10
-26.8576
 20
2.4025
 30
0.0
 10
-26.8576
 20
-3.4964
 30
0.0
 10
-26.8576
 20
-3.4964
 30
0.0
 10
-26.8576
 20
-3.4964
 30
0.0
 10
-26.8576
 20
-3.4964
 30
0.0
 10
-27.0855
 20
-3.4964
 30
0.0
 10
-27.0855
 20
-3.4964
 30
0.0
 10
-27.0855
 20
-3.4964
 30
0.0
 10
-27.0855
 20
-3.4964
 30
0.0
 10
-31.2316
 20
2.9127
 30
0.0
 10
-31.2316
 20
2.9127
 30
0.0
 10
-31.2316
 20
2.9127
 30
0.0
 10
-31.2316
 20
2.9127
 30
0.0
 10
-31.2316
 20
-2.3026
 30
0.0
 10
-31.2316
 20
-2.3026
 30
0.0
 10
-31.2316
 20
-2.3026
 30
0.0
 10
-31.2316
 20
-2.5413
 30
0.0
 10
-31.21
 20
-2.7259
 30
0.0
 10
-31.1665
 20
-2.8615
 30
0.0
 10
-31.1665
 20
-2.8615
 30
0.0
 10
-31.1232
 20
-2.9973
 30
0.0
 10
-31.0363
 20
-3.0949
 30
0.0
 10
-30.9115
 20
-3.1492
 30
0.0
 10
-30.9115
 20
-3.1492
 30
0.0
 10
-30.7813
 20
-3.2034
 30
0.0
 10
-30.5913
 20
-3.2415
 30
0.0
 10
-30.3362
 20
-3.2522
 30
0.0
 10
-30.3362
 20
-3.2522
 30
0.0
 10
-30.3362
 20
-3.2522
 30
0.0
 10
-30.3362
 20
-3.4476
 30
0.0
 10
-30.3362
 20
-3.4476
 30
0.0
 10
-30.3362
 20
-3.4476
 30
0.0
 10
-30.4557
 20
-3.4368
 30
0.0
 10
-30.6076
 20
-3.4259
 30
0.0
 10
-30.803
 20
-3.4204
 30
0.0
 10
-30.803
 20
-3.4204
 30
0.0
 10
-30.9983
 20
-3.415
 30
0.0
 10
-31.1774
 20
-3.4204
 30
0.0
 10
-31.3457
 20
-3.4204
 30
0.0
 10
-31.3457
 20
-3.4204
 30
0.0
 10
-31.5139
 20
-3.4204
 30
0.0
 10
-31.6767
 20
-3.4204
 30
0.0
 10
-31.845
 20
-3.4204
 30
0.0
 10
-31.845
 20
-3.4204
 30
0.0
 10
-32.0132
 20
-3.4204
 30
0.0
 10
-32.1543
 20
-3.4313
 30
0.0
 10
-32.2628
 20
-3.4476
 30
0.0
 10
-32.2628
 20
-3.4476
 30
0.0
 10
-32.2628
 20
-3.4476
 30
0.0
 10
-32.2628
 20
-3.2522
 30
0.0
 10
-32.2628
 20
-3.2522
 30
0.0
 10
-32.2628
 20
-3.2522
 30
0.0
 10
-32.0404
 20
-3.2415
 30
0.0
 10
-31.8667
 20
-3.2034
 30
0.0
 10
-31.7527
 20
-3.1492
 30
0.0
 10
-31.7527
 20
-3.1492
 30
0.0
 10
-31.6387
 20
-3.0949
 30
0.0
 10
-31.5573
 20
-2.9973
 30
0.0
 10
-31.5194
 20
-2.8615
 30
0.0
 10
-31.5194
 20
-2.8615
 30
0.0
 10
-31.4813
 20
-2.7259
 30
0.0
 10
-31.4597
 20
-2.5413
 30
0.0
 10
-31.4597
 20
-2.3026
 30
0.0
 10
-31.4597
 20
-2.3026
 30
0.0
 10
-31.4597
 20
-2.3026
 30
0.0
 10
-31.4597
 20
2.5002
 30
0.0
 10
-31.4597
 20
2.5002
 30
0.0
 10
-31.4597
 20
2.5002
 30
0.0
 10
-31.4597
 20
2.7444
 30
0.0
 10
-31.4813
 20
2.9235
 30
0.0
 10
-31.5194
 20
3.0375
 30
0.0
 10
-31.5194
 20
3.0375
 30
0.0
 10
-31.5573
 20
3.1514
 30
0.0
 10
-31.6387
 20
3.2328
 30
0.0
 10
-31.7527
 20
3.2763
 30
0.0
 10
-31.7527
 20
3.2763
 30
0.0
 10
-31.8667
 20
3.3197
 30
0.0
 10
-32.0349
 20
3.3468
 30
0.0
 10
-32.2628
 20
3.3523
 30
0.0
 10
-32.2628
 20
3.3523
 30
0.0
 10
-32.2628
 20
3.3523
 30
0.0
 10
-32.2628
 20
3.5476
 30
0.0
 10
-32.2628
 20
3.5476
 30
0.0
 10
-32.2628
 20
3.5476
 30
0.0
 10
-32.1489
 20
3.5421
 30
0.0
 10
-32.0132
 20
3.5367
 30
0.0
 10
-31.845
 20
3.526
 30
0.0
 10
-31.845
 20
3.526
 30
0.0
 10
-31.6767
 20
3.5205
 30
0.0
 10
-31.5084
 20
3.5151
 30
0.0
 10
-31.3457
 20
3.5151
 30
0.0
 10
-31.3457
 20
3.5151
 30
0.0
 10
-31.1991
 20
3.5151
 30
0.0
 10
-31.0634
 20
3.5151
 30
0.0
 10
-30.9332
 20
3.526
 30
0.0
 10
-30.9332
 20
3.526
 30
0.0
 10
-30.803
 20
3.5314
 30
0.0
 10
-30.6836
 20
3.5367
 30
0.0
 10
-30.575
 20
3.5476
 30
0.0
 10
-30.575
 20
3.5476
 30
0.0
 10
-30.575
 20
3.5476
 30
0.0
 10
-27.091
 20
-1.825
 30
0.0
 10
-27.091
 20
-1.825
 30
0.0
 10
-27.091
 20
-1.825
 30
0.0
 10
-27.091
 20
-1.825
 30
0.0
 10
-27.091
 20
2.4025
 30
0.0
 10
-27.091
 20
2.4025
 30
0.0
 10
-27.091
 20
2.4025
 30
0.0
 10
-27.091
 20
2.6467
 30
0.0
 10
-27.1127
 20
2.8313
 30
0.0
 10
-27.156
 20
2.9669
 30
0.0
 10
-27.156
 20
2.9669
 30
0.0
 10
-27.1995
 20
3.0972
 30
0.0
 10
-27.2864
 20
3.1949
 30
0.0
 10
-27.4111
 20
3.2546
 30
0.0
 10
-27.4111
 20
3.2546
 30
0.0
 10
-27.5414
 20
3.3143
 30
0.0
 10
-27.7313
 20
3.3468
 30
0.0
 10
-27.9863
 20
3.3523
 30
0.0
 10
-27.9863
 20
3.3523
 30
0.0
 10
-27.9863
 20
3.3523
 30
0.0
 10
-27.9863
 20
3.5476
 30
0.0
 10
-27.9863
 20
3.5476
 30
0.0
 10
-27.9863
 20
3.5476
 30
0.0
 10
-27.867
 20
3.5421
 30
0.0
 10
-27.7095
 20
3.5367
 30
0.0
 10
-27.5197
 20
3.526
 30
0.0
 10
-27.5197
 20
3.526
 30
0.0
 10
-27.3243
 20
3.5205
 30
0.0
 10
-27.1452
 20
3.5151
 30
0.0
 10
-26.9823
 20
3.5151
 30
0.0
 10
-26.9823
 20
3.5151
 30
0.0
 10
-26.8195
 20
3.5151
 30
0.0
 10
-26.6405
 20
3.5151
 30
0.0
 10
-26.4723
 20
3.526
 30
0.0
 10
-26.4723
 20
3.526
 30
0.0
 10
-26.304
 20
3.5314
 30
0.0
 10
-26.1683
 20
3.5367
 30
0.0
 10
-26.0598
 20
3.5476
 30
0.0
 10
-26.0598
 20
3.5476
 30
0.0
 10
-26.0598
 20
3.5476
 30
0.0
 10
-26.0544
 20
3.5476
 30
0.0
 10
-26.0544
 20
3.5476
 30
0.0
  0
SPLINE
  5
7F
330
1F
100
AcDbEntity
  8
layer 1
 62
   242
100
AcDbSpline
210
0.0
220
0.0
230
1.0
 70
    11
 71
     3
 72
   108
 73
   104
 74
     0
 42
0.000000001
 43
0.0000000001
 40
0.0
 40
0.0
 40
0.0
 40
0.0
 40
0.037037037037037
 40
0.037037037037037
 40
0.037037037037037
 40
0.037037037037037
 40
0.0740740740740741
 40
0.0740740740740741
 40
0.0740740740740741
 40
0.0740740740740741
 40
0.1111111111111111
 40
0.1111111111111111
 40
0.1111111111111111
 40
0.1111111111111111
 40
0.1481481481481481
 40
0.1481481481481481
 40
0.1481481481481481
 40
0.1481481481481481
 40
0.1851851851851852
 40
0.1851851851851852
 40
0.1851851851851852
 40
0.1851851851851852
 40
0.2222222222222222
 40
0.2222222222222222
 40
0.2222222222222222
 40
0.2222222222222222
 40
0.2592592592592592
 40
0.2592592592592592
 40
0.2592592592592592
 40
0.2592592592592592
 40
0.2962962962962963
 40
0.2962962962962963
 40
0.2962962962962963
 40
0.2962962962962963
 40
0.3333333333333333
 40
0.3333333333333333
 40
0.3333333333333333
 40
0.3333333333333333
 40
0.3703703703703703
 40
0.3703703703703703
 40
0.3703703703703703
 40
0.3703703703703703
 40
0.4074074074074074
 40
0.4074074074074074
 40
0.4074074074074074
 40
0.4074074074074074
 40
0.4444444444444444
 40
0.4444444444444444
 40
0.4444444444444444
 40
0.4444444444444444
 40
0.4814814814814815
 40
0.4814814814814815
 40
0.4814814814814815
 40
0.4814814814814815
 40
0.5185185185185185
 40
0.5185185185185185
 40
0.5185185185185185
 40
0.5185185185185185
 40
0.5555555555555556
 40
0.5555555555555556
 40
0.5555555555555556
 40
0.5555555555555556
 40
0.5925925925925926
 40
0.5925925925925926
 40
0.5925925925925926
 40
0.5925925925925926
 40
0.6296296296296297
 40
0.6296296296296297
 40
0.6296296296296297
 40
0.6296296296296297
 40
0.6666666666666666
 40
0.6666666666666666
 40
0.6666666666666666
 40
0.6666666666666666
 40
0.7037037037037037
 40
0.7037037037037037
 40
0.7037037037037037
 40
0.7037037037037037
 40
0.7407407407407407
 40
0.7407407407407407
 40
0.7407407407407407
 40
0.7407407407407407
 40
0.7777777777777778
 40
0.7777777777777778
 40
0.7777777777777778
 40
0.7777777777777778
 40
0.8148148148148148
 40
0.8148148148148148
 40
0.8148148148148148
 40
0.8148148148148148
 40
0.8518518518518519
 40
0.8518518518518519
 40
0.8518518518518519
 40
0.8518518518518519
 40
0.8888888888888888
 40
0.8888888888888888
 40
0.8888888888888888
 40
0.8888888888888888
 40
0.9259259259259259
 40
0.9259259259259259
 40
0.9259259259259259
 40
0.9259259259259259
 40
1.0
 40
1.0
 40
1.0
 40
1.0
 10
-22.7658
 20
3.5476
 30
0.0
 10
-22.7658
 20
3.5476
 30
0.0
 10
-22.7658
 20
3.3523
 30
0.0
 10
-22.7658
 20
3.3523
 30
0.0
 10
-22.7658
 20
3.3523
 30
0.0
 10
-22.9882
 20
3.3468
 30
0.0
 10
-23.1619
 20
3.3197
 30
0.0
 10
-23.2759
 20
3.2763
 30
0.0
 10
-23.2759
 20
3.2763
 30
0.0
 10
-23.3898
 20
3.2329
 30
0.0
 10
-23.4659
 20
3.1569
 30
0.0
 10
-23.5092
 20
3.0375
 30
0.0
 10
-23.5092
 20
3.0375
 30
0.0
 10
-23.5526
 20
2.9181
 30
0.0
 10
-23.5689
 20
2.7444
 30
0.0
 10
-23.5689
 20
2.5002
 30
0.0
 10
-23.5689
 20
2.5002
 30
0.0
 10
-23.5689
 20
2.5002
 30
0.0
 10
-23.5689
 20
-2.4003
 30
0.0
 10
-23.5689
 20
-2.4003
 30
0.0
 10
-23.5689
 20
-2.4003
 30
0.0
 10
-23.5689
 20
-2.6391
 30
0.0
 10
-23.5473
 20
-2.8182
 30
0.0
 10
-23.5092
 20
-2.9321
 30
0.0
 10
-23.5092
 20
-2.9321
 30
0.0
 10
-23.4712
 20
-3.0461
 30
0.0
 10
-23.3898
 20
-3.1274
 30
0.0
 10
-23.2759
 20
-3.1709
 30
0.0
 10
-23.2759
 20
-3.1709
 30
0.0
 10
-23.1619
 20
-3.2089
 30
0.0
 10
-22.9937
 20
-3.236
 30
0.0
 10
-22.7658
 20
-3.2522
 30
0.0
 10
-22.7658
 20
-3.2522
 30
0.0
 10
-22.7658
 20
-3.2522
 30
0.0
 10
-22.7658
 20
-3.4476
 30
0.0
 10
-22.7658
 20
-3.4476
 30
0.0
 10
-22.7658
 20
-3.4476
 30
0.0
 10
-22.9177
 20
-3.4368
 30
0.0
 10
-23.1077
 20
-3.4259
 30
0.0
 10
-23.3356
 20
-3.4204
 30
0.0
 10
-23.3356
 20
-3.4204
 30
0.0
 10
-23.5635
 20
-3.4204
 30
0.0
 10
-23.7915
 20
-3.4204
 30
0.0
 10
-24.0249
 20
-3.4204
 30
0.0
 10
-24.0249
 20
-3.4204
 30
0.0
 10
-24.2799
 20
-3.4204
 30
0.0
 10
-24.5242
 20
-3.4204
 30
0.0
 10
-24.7466
 20
-3.4204
 30
0.0
 10
-24.7466
 20
-3.4204
 30
0.0
 10
-24.9691
 20
-3.4204
 30
0.0
 10
-25.1537
 20
-3.4313
 30
0.0
 10
-25.2893
 20
-3.4476
 30
0.0
 10
-25.2893
 20
-3.4476
 30
0.0
 10
-25.2893
 20
-3.4476
 30
0.0
 10
-25.2893
 20
-3.2522
 30
0.0
 10
-25.2893
 20
-3.2522
 30
0.0
 10
-25.2893
 20
-3.2522
 30
0.0
 10
-25.0668
 20
-3.2415
 30
0.0
 10
-24.8931
 20
-3.2143
 30
0.0
 10
-24.7791
 20
-3.1709
 30
0.0
 10
-24.7791
 20
-3.1709
 30
0.0
 10
-24.6652
 20
-3.1329
 30
0.0
 10
-24.5838
 20
-3.0515
 30
0.0
 10
-24.5458
 20
-2.9321
 30
0.0
 10
-24.5458
 20
-2.9321
 30
0.0
 10
-24.5078
 20
-2.8127
 30
0.0
 10
-24.4861
 20
-2.6336
 30
0.0
 10
-24.4861
 20
-2.4003
 30
0.0
 10
-24.4861
 20
-2.4003
 30
0.0
 10
-24.4861
 20
-2.4003
 30
0.0
 10
-24.4861
 20
2.5002
 30
0.0
 10
-24.4861
 20
2.5002
 30
0.0
 10
-24.4861
 20
2.5002
 30
0.0
 10
-24.4861
 20
2.7444
 30
0.0
 10
-24.5078
 20
2.9235
 30
0.0
 10
-24.5458
 20
3.0375
 30
0.0
 10
-24.5458
 20
3.0375
 30
0.0
 10
-24.5838
 20
3.1514
 30
0.0
 10
-24.6652
 20
3.2328
 30
0.0
 10
-24.7791
 20
3.2763
 30
0.0
 10
-24.7791
 20
3.2763
 30
0.0
 10
-24.8931
 20
3.3197
 30
0.0
 10
-25.0613
 20
3.3468
 30
0.0
 10
-25.2893
 20
3.3523
 30
0.0
 10
-25.2893
 20
3.3523
 30
0.0
 10
-25.2893
 20
3.3523
 30
0.0
 10
-25.2893
 20
3.5476
 30
0.0
 10
-25.2893
 20
3.5476
 30
0.0
 10
-25.2893
 20
3.5476
 30
0.0
 10
-25.1536
 20
3.5421
 30
0.0
 10
-24.9691
 20
3.5367
 30
0.0
 10
-24.7466
 20
3.526
 30
0.0
 10
-24.7466
 20
3.526
 30
0.0
 10
-24.5242
 20
3.5205
 30
0.0
 10
-24.28
 20
3.5151
 30
0.0
 10
-24.0249
 20
3.5151
 30
0.0
 10
-24.0249
 20
3.5151
 30
0.0
 10
-23.7915
 20
3.5151
 30
0.0
 10
-23.5635
 20
3.5151
 30
0.0
 10
-23.3356
 20
3.526
 30
0.0
 10
-23.3356
 20
3.526
 30
0.0
 10
-23.1077
 20
3.5314
 30
0.0
 10
-22.9177
 20
3.5367
 30
0.0
 10
-22.7658
 20
3.5476
 30
0.0
  0
SPLINE
  5
80
330
1F
100
AcDbEntity
  8
layer 1
 62
   242
100
AcDbSpline
210
0.0
220
0.0
230
1.0
 70
    11
 71
     3
 72
   208
 73
   204
 74
     0
 42
0.000000001
 43
0.0000000001
 40
0.0
 40
0.0
 40
0.0
 40
0.0
 40
0.0192307692307692
 40
0.0192307692307692
 40
0.0192307692307692
 40
0.0192307692307692
 40
0.0384615384615385
 40
0.0384615384615385
 40
0.0384615384615385
 40
0.0384615384615385
 40
0.0576923076923077
 40
0.0576923076923077
 40
0.0576923076923077
 40
0.0576923076923077
 40
0.0769230769230769
 40
0.0769230769230769
 40
0.0769230769230769
 40
0.0769230769230769
 40
0.0961538461538462
 40
0.0961538461538462
 40
0.0961538461538462
 40
0.0961538461538462
 40
0.1153846153846154
 40
0.1153846153846154
 40
0.1153846153846154
 40
0.1153846153846154
 40
0.1346153846153846
 40
0.1346153846153846
 40
0.1346153846153846
 40
0.1346153846153846
 40
0.1538461538461539
 40
0.1538461538461539
 40
0.1538461538461539
 40
0.1538461538461539
 40
0.1730769230769231
 40
0.1730769230769231
 40
0.1730769230769231
 40
0.1730769230769231
 40
0.1923076923076923
 40
0.1923076923076923
 40
0.1923076923076923
 40
0.1923076923076923
 40
0.2115384615384615
 40
0.2115384615384615
 40
0.2115384615384615
 40
0.2115384615384615
 40
0.2307692307692308
 40
0.2307692307692308
 40
0.2307692307692308
 40
0.2307692307692308
 40
0.25
 40
0.25
 40
0.25
 40
0.25
 40
0.2692307692307692
 40
0.2692307692307692
 40
0.2692307692307692
 40
0.2692307692307692
 40
0.2884615384615384
 40
0.2884615384615384
 40
0.2884615384615384
 40
0.2884615384615384
 40
0.3076923076923077
 40
0.3076923076923077
 40
0.3076923076923077
 40
0.3076923076923077
 40
0.3269230769230769
 40
0.3269230769230769
 40
0.3269230769230769
 40
0.3269230769230769
 40
0.3461538461538461
 40
0.3461538461538461
 40
0.3461538461538461
 40
0.3461538461538461
 40
0.3653846153846154
 40
0.3653846153846154
 40
0.3653846153846154
 40
0.3653846153846154
 40
0.3846153846153846
 40
0.3846153846153846
 40
0.3846153846153846
 40
0.3846153846153846
 40
0.4038461538461539
 40
0.4038461538461539
 40
0.4038461538461539
 40
0.4038461538461539
 40
0.4230769230769231
 40
0.4230769230769231
 40
0.4230769230769231
 40
0.4230769230769231
 40
0.4423076923076923
 40
0.4423076923076923
 40
0.4423076923076923
 40
0.4423076923076923
 40
0.4615384615384616
 40
0.4615384615384616
 40
0.4615384615384616
 40
0.4615384615384616
 40
0.4807692307692308
 40
0.4807692307692308
 40
0.4807692307692308
 40
0.4807692307692308
 40
0.5
 40
0.5
 40
0.5
 40
0.5
 40
0.5192307692307693
 40
0.5192307692307693
 40
0.5192307692307693
 40
0.5192307692307693
 40
0.5384615384615384
 40
0.5384615384615384
 40
0.5384615384615384
 40
0.5384615384615384
 40
0.5576923076923077
 40
0.5576923076923077
 40
0.5576923076923077
 40
0.5576923076923077
 40
0.5769230769230769
 40
0.5769230769230769
 40
0.5769230769230769
 40
0.5769230769230769
 40
0.5961538461538461
 40
0.5961538461538461
 40
0.5961538461538461
 40
0.5961538461538461
 40
0.6153846153846154
 40
0.6153846153846154
 40
0.6153846153846154
 40
0.6153846153846154
 40
0.6346153846153846
 40
0.6346153846153846
 40
0.6346153846153846
 40
0.6346153846153846
 40
0.6538461538461539
 40
0.6538461538461539
 40
0.6538461538461539
 40
0.6538461538461539
 40
0.6730769230769231
 40
0.6730769230769231
 40
0.6730769230769231
 40
0.6730769230769231
 40
0.6923076923076923
 40
0.6923076923076923
 40
0.6923076923076923
 40
0.6923076923076923
 40
0.7115384615384616
 40
0.7115384615384616
 40
0.7115384615384616
 40
0.7115384615384616
 40
0.7307692307692307
 40
0.7307692307692307
 40
0.7307692307692307
 40
0.7307692307692307
 40
0.75
 40
0.75
 40
0.75
 40
0.75
 40
0.7692307692307693
 40
0.7692307692307693
 40
0.7692307692307693
 40
0.7692307692307693
 40
0.7884615384615384
 40
0.7884615384615384
 40
0.7884615384615384
 40
0.7884615384615384
 40
0.8076923076923077
 40
0.8076923076923077
 40
0.8076923076923077
 40
0.8076923076923077
 40
0.8269230769230769
 40
0.8269230769230769
 40
0.8269230769230769
 40
0.8269230769230769
 40
0.8461538461538461
 40
0.8461538461538461
 40
0.8461538461538461
 40
0.8461538461538461
 40
0.8653846153846154
 40
0.8653846153846154
 40
0.8653846153846154
 40
0.8653846153846154
 40
0.8846153846153846
 40
0.8846153846153846
 40
0.8846153846153846
 40
0.8846153846153846
 40
0.9038461538461539
 40
0.9038461538461539
 40
0.9038461538461539
 40
0.9038461538461539
 40
0.9230769230769231
 40
0.9230769230769231
 40
0.9230769230769231
 40
0.9230769230769231
 40
0.9423076923076923
 40
0.9423076923076923
 40
0.9423076923076923
 40
0.9423076923076923
 40
0.9615384615384616
 40
0.9615384615384616
 40
0.9615384615384616
 40
0.9615384615384616
 40
1.0
 40
1.0
 40
1.0
 40
1.0
 10
-19.8244
 20
3.6562
 30
0.0
 10
-19.4933
 20
3.6562
 30
0.0
 10
-19.2437
 20
3.6181
 30
0.0
 10
-19.0754
 20
3.5422
 30
0.0
 10
-19.0754
 20
3.5422
 30
0.0
 10
-18.9018
 20
3.4662
 30
0.0
 10
-18.7553
 20
3.3848
 30
0.0
 10
-18.6196
 20
3.2925
 30
0.0
 10
-18.6196
 20
3.2925
 30
0.0
 10
-18.5382
 20
3.2492
 30
0.0
 10
-18.4786
 20
3.2111
 30
0.0
 10
-18.4243
 20
3.1895
 30
0.0
 10
-18.4243
 20
3.1895
 30
0.0
 10
-18.37
 20
3.1678
 30
0.0
 10
-18.3265
 20
3.1569
 30
0.0
 10
-18.2832
 20
3.1569
 30
0.0
 10
-18.2832
 20
3.1569
 30
0.0
 10
-18.2181
 20
3.1569
 30
0.0
 10
-18.1692
 20
3.195
 30
0.0
 10
-18.1421
 20
3.2655
 30
0.0
 10
-18.1421
 20
3.2655
 30
0.0
 10
-18.1149
 20
3.336
 30
0.0
 10
-18.0878
 20
3.4446
 30
0.0
 10
-18.0661
 20
3.5911
 30
0.0
 10
-18.0661
 20
3.5911
 30
0.0
 10
-18.0661
 20
3.5911
 30
0.0
 10
-17.8381
 20
3.591
 30
0.0
 10
-17.8381
 20
3.591
 30
0.0
 10
-17.8381
 20
3.591
 30
0.0
 10
-17.8436
 20
3.477
 30
0.0
 10
-17.8544
 20
3.3468
 30
0.0
 10
-17.8653
 20
3.1895
 30
0.0
 10
-17.8653
 20
3.1895
 30
0.0
 10
-17.8762
 20
3.0321
 30
0.0
 10
-17.8816
 20
2.8312
 30
0.0
 10
-17.887
 20
2.5762
 30
0.0
 10
-17.887
 20
2.5762
 30
0.0
 10
-17.887
 20
2.3211
 30
0.0
 10
-17.887
 20
1.9901
 30
0.0
 10
-17.887
 20
1.5723
 30
0.0
 10
-17.887
 20
1.5723
 30
0.0
 10
-17.887
 20
1.5723
 30
0.0
 10
-18.1149
 20
1.5723
 30
0.0
 10
-18.1149
 20
1.5723
 30
0.0
 10
-18.1149
 20
1.5723
 30
0.0
 10
-18.1366
 20
1.887
 30
0.0
 10
-18.2017
 20
2.1909
 30
0.0
 10
-18.3212
 20
2.4839
 30
0.0
 10
-18.3212
 20
2.4839
 30
0.0
 10
-18.4405
 20
2.7716
 30
0.0
 10
-18.6142
 20
3.0103
 30
0.0
 10
-18.8421
 20
3.1949
 30
0.0
 10
-18.8421
 20
3.1949
 30
0.0
 10
-19.07
 20
3.3793
 30
0.0
 10
-19.3685
 20
3.4716
 30
0.0
 10
-19.7375
 20
3.4716
 30
0.0
 10
-19.7375
 20
3.4716
 30
0.0
 10
-20.0849
 20
3.4716
 30
0.0
 10
-20.3724
 20
3.3686
 30
0.0
 10
-20.6005
 20
3.1569
 30
0.0
 10
-20.6005
 20
3.1569
 30
0.0
 10
-20.8284
 20
2.9453
 30
0.0
 10
-20.9423
 20
2.6685
 30
0.0
 10
-20.9423
 20
2.3266
 30
0.0
 10
-20.9423
 20
2.3266
 30
0.0
 10
-20.9423
 20
2.0281
 30
0.0
 10
-20.8663
 20
1.7839
 30
0.0
 10
-20.7143
 20
1.5831
 30
0.0
 10
-20.7143
 20
1.5831
 30
0.0
 10
-20.5624
 20
1.3823
 30
0.0
 10
-20.3617
 20
1.2032
 30
0.0
 10
-20.1066
 20
1.0404
 30
0.0
 10
-20.1066
 20
1.0404
 30
0.0
 10
-19.8515
 20
0.8776
 30
0.0
 10
-19.5801
 20
0.7039
 30
0.0
 10
-19.2817
 20
0.5194
 30
0.0
 10
-19.2817
 20
0.5194
 30
0.0
 10
-18.9398
 20
0.3078
 30
0.0
 10
-18.6359
 20
0.1016
 30
0.0
 10
-18.3699
 20
-0.1101
 30
0.0
 10
-18.3699
 20
-0.1101
 30
0.0
 10
-18.104
 20
-0.3163
 30
0.0
 10
-17.8924
 20
-0.5443
 30
0.0
 10
-17.7404
 20
-0.7938
 30
0.0
 10
-17.7404
 20
-0.7938
 30
0.0
 10
-17.5884
 20
-1.0435
 30
0.0
 10
-17.507
 20
-1.3474
 30
0.0
 10
-17.507
 20
-1.7001
 30
0.0
 10
-17.507
 20
-1.7001
 30
0.0
 10
-17.507
 20
-2.1234
 30
0.0
 10
-17.6047
 20
-2.4708
 30
0.0
 10
-17.7947
 20
-2.7474
 30
0.0
 10
-17.7947
 20
-2.7474
 30
0.0
 10
-17.9847
 20
-3.0242
 30
0.0
 10
-18.2396
 20
-3.2305
 30
0.0
 10
-18.5545
 20
-3.3716
 30
0.0
 10
-18.5545
 20
-3.3716
 30
0.0
 10
-18.8692
 20
-3.5073
 30
0.0
 10
-19.2221
 20
-3.5778
 30
0.0
 10
-19.6019
 20
-3.5778
 30
0.0
 10
-19.6019
 20
-3.5778
 30
0.0
 10
-19.9492
 20
-3.5778
 30
0.0
 10
-20.2259
 20
-3.5398
 30
0.0
 10
-20.4322
 20
-3.4584
 30
0.0
 10
-20.4322
 20
-3.4584
 30
0.0
 10
-20.6384
 20
-3.377
 30
0.0
 10
-20.8121
 20
-3.2956
 30
0.0
 10
-20.9531
 20
-3.2143
 30
0.0
 10
-20.9531
 20
-3.2143
 30
0.0
 10
-21.0998
 20
-3.122
 30
0.0
 10
-21.2082
 20
-3.0785
 30
0.0
 10
-21.2896
 20
-3.0785
 30
0.0
 10
-21.2896
 20
-3.0785
 30
0.0
 10
-21.3547
 20
-3.0785
 30
0.0
 10
-21.4036
 20
-3.1165
 30
0.0
 10
-21.4307
 20
-3.1871
 30
0.0
 10
-21.4307
 20
-3.1871
 30
0.0
 10
-21.4579
 20
-3.2576
 30
0.0
 10
-21.485
 20
-3.3662
 30
0.0
 10
-21.5068
 20
-3.5127
 30
0.0
 10
-21.5068
 20
-3.5127
 30
0.0
 10
-21.5068
 20
-3.5127
 30
0.0
 10
-21.7347
 20
-3.5127
 30
0.0
 10
-21.7347
 20
-3.5127
 30
0.0
 10
-21.7347
 20
-3.5127
 30
0.0
 10
-21.7238
 20
-3.377
 30
0.0
 10
-21.7129
 20
-3.2088
 30
0.0
 10
-21.7075
 20
-3.0243
 30
0.0
 10
-21.7075
 20
-3.0243
 30
0.0
 10
-21.7075
 20
-2.8343
 30
0.0
 10
-21.702
 20
-2.5901
 30
0.0
 10
-21.6966
 20
-2.2862
 30
0.0
 10
-21.6966
 20
-2.2862
 30
0.0
 10
-21.6966
 20
-1.9823
 30
0.0
 10
-21.6966
 20
-1.6025
 30
0.0
 10
-21.6966
 20
-1.1411
 30
0.0
 10
-21.6966
 20
-1.1411
 30
0.0
 10
-21.6966
 20
-1.1411
 30
0.0
 10
-21.4688
 20
-1.1412
 30
0.0
 10
-21.4688
 20
-1.1412
 30
0.0
 10
-21.4688
 20
-1.1412
 30
0.0
 10
-21.4416
 20
-1.5373
 30
0.0
 10
-21.3656
 20
-1.9064
 30
0.0
 10
-21.2463
 20
-2.2483
 30
0.0
 10
-21.2463
 20
-2.2483
 30
0.0
 10
-21.1268
 20
-2.5901
 30
0.0
 10
-20.937
 20
-2.8669
 30
0.0
 10
-20.6819
 20
-3.0732
 30
0.0
 10
-20.6819
 20
-3.0732
 30
0.0
 10
-20.4269
 20
-3.2794
 30
0.0
 10
-20.0904
 20
-3.3825
 30
0.0
 10
-19.667
 20
-3.3825
 30
0.0
 10
-19.667
 20
-3.3825
 30
0.0
 10
-19.45
 20
-3.3825
 30
0.0
 10
-19.2437
 20
-3.3391
 30
0.0
 10
-19.0484
 20
-3.2467
 30
0.0
 10
-19.0484
 20
-3.2467
 30
0.0
 10
-18.853
 20
-3.1599
 30
0.0
 10
-18.6956
 20
-3.0134
 30
0.0
 10
-18.5707
 20
-2.8235
 30
0.0
 10
-18.5707
 20
-2.8235
 30
0.0
 10
-18.4459
 20
-2.6336
 30
0.0
 10
-18.3809
 20
-2.3785
 30
0.0
 10
-18.3809
 20
-2.0692
 30
0.0
 10
-18.3809
 20
-2.0692
 30
0.0
 10
-18.3809
 20
-1.7978
 30
0.0
 10
-18.4459
 20
-1.5645
 30
0.0
 10
-18.5707
 20
-1.3636
 30
0.0
 10
-18.5707
 20
-1.3636
 30
0.0
 10
-18.701
 20
-1.1629
 30
0.0
 10
-18.8802
 20
-0.9729
 30
0.0
 10
-19.1081
 20
-0.7993
 30
0.0
 10
-19.1081
 20
-0.7993
 30
0.0
 10
-19.3414
 20
-0.6257
 30
0.0
 10
-19.6074
 20
-0.4466
 30
0.0
 10
-19.9167
 20
-0.262
 30
0.0
 10
-19.9167
 20
-0.262
 30
0.0
 10
-20.226
 20
-0.072
 30
0.0
 10
-20.5137
 20
0.1232
 30
0.0
 10
-20.785
 20
0.3187
 30
0.0
 10
-20.785
 20
0.3187
 30
0.0
 10
-21.0564
 20
0.5141
 30
0.0
 10
-21.2681
 20
0.7474
 30
0.0
 10
-21.4309
 20
1.0025
 30
0.0
 10
-21.4309
 20
1.0025
 30
0.0
 10
-21.5937
 20
1.2629
 30
0.0
 10
-21.6749
 20
1.5776
 30
0.0
 10
-21.6749
 20
1.9467
 30
0.0
 10
-21.6749
 20
1.9467
 30
0.0
 10
-21.6749
 20
2.3374
 30
0.0
 10
-21.5882
 20
2.6576
 30
0.0
 10
-21.4145
 20
2.9073
 30
0.0
 10
-21.4145
 20
2.9073
 30
0.0
 10
-21.2409
 20
3.1623
 30
0.0
 10
-21.013
 20
3.3469
 30
0.0
 10
-20.7307
 20
3.4716
 30
0.0
 10
-20.7307
 20
3.4716
 30
0.0
 10
-20.4486
 20
3.5965
 30
0.0
 10
-20.1446
 20
3.6562
 30
0.0
 10
-19.8244
 20
3.6562
 30
0.0
 10
-19.8244
 20
3.6562
 30
0.0
 10
-19.8244
 20
3.6562
 30
0.0
 10
-19.8244
 20
3.6562
 30
0.0
 10
-19.8244
 20
3.6562
 30
0.0
  0
SPLINE
  5
81
330
1F
100
AcDbEntity
  8
layer 1
 62
   242
100
AcDbSpline
210
0.0
220
0.0
230
1.0
 70
    11
 71
     3
 72
   228
 73
   224
 74
     0
 42
0.000000001
 43
0.0000000001
 40
0.0
 40
0.0
 40
0.0
 40
0.0
 40
0.0175438596491228
 40
0.0175438596491228
 40
0.0175438596491228
 40
0.0175438596491228
 40
0.0350877192982456
 40
0.0350877192982456
 40
0.0350877192982456
 40
0.0350877192982456
 40
0.0526315789473684
 40
0.0526315789473684
 40
0.0526315789473684
 40
0.0526315789473684
 40
0.0701754385964912
 40
0.0701754385964912
 40
0.0701754385964912
 40
0.0701754385964912
 40
0.087719298245614
 40
0.087719298245614
 40
0.087719298245614
 40
0.087719298245614
 40
0.1052631578947368
 40
0.1052631578947368
 40
0.1052631578947368
 40
0.1052631578947368
 40
0.1228070175438596
 40
0.1228070175438596
 40
0.1228070175438596
 40
0.1228070175438596
 40
0.1403508771929824
 40
0.1403508771929824
 40
0.1403508771929824
 40
0.1403508771929824
 40
0.1578947368421053
 40
0.1578947368421053
 40
0.1578947368421053
 40
0.1578947368421053
 40
0.1754385964912281
 40
0.1754385964912281
 40
0.1754385964912281
 40
0.1754385964912281
 40
0.1929824561403509
 40
0.1929824561403509
 40
0.1929824561403509
 40
0.1929824561403509
 40
0.2105263157894737
 40
0.2105263157894737
 40
0.2105263157894737
 40
0.2105263157894737
 40
0.2280701754385965
 40
0.2280701754385965
 40
0.2280701754385965
 40
0.2280701754385965
 40
0.2456140350877193
 40
0.2456140350877193
 40
0.2456140350877193
 40
0.2456140350877193
 40
0.2631578947368421
 40
0.2631578947368421
 40
0.2631578947368421
 40
0.2631578947368421
 40
0.2807017543859649
 40
0.2807017543859649
 40
0.2807017543859649
 40
0.2807017543859649
 40
0.2982456140350877
 40
0.2982456140350877
 40
0.2982456140350877
 40
0.2982456140350877
 40
0.3157894736842105
 40
0.3157894736842105
 40
0.3157894736842105
 40
0.3157894736842105
 40
0.3333333333333333
 40
0.3333333333333333
 40
0.3333333333333333
 40
0.3333333333333333
 40
0.3508771929824561
 40
0.3508771929824561
 40
0.3508771929824561
 40
0.3508771929824561
 40
0.3684210526315789
 40
0.3684210526315789
 40
0.3684210526315789
 40
0.3684210526315789
 40
0.3859649122807017
 40
0.3859649122807017
 40
0.3859649122807017
 40
0.3859649122807017
 40
0.4035087719298245
 40
0.4035087719298245
 40
0.4035087719298245
 40
0.4035087719298245
 40
0.4210526315789473
 40
0.4210526315789473
 40
0.4210526315789473
 40
0.4210526315789473
 40
0.4385964912280702
 40
0.4385964912280702
 40
0.4385964912280702
 40
0.4385964912280702
 40
0.456140350877193
 40
0.456140350877193
 40
0.456140350877193
 40
0.456140350877193
 40
0.4736842105263158
 40
0.4736842105263158
 40
0.4736842105263158
 40
0.4736842105263158
 40
0.4912280701754386
 40
0.4912280701754386
 40
0.4912280701754386
 40
0.4912280701754386
 40
0.5087719298245614
 40
0.5087719298245614
 40
0.5087719298245614
 40
0.5087719298245614
 40
0.5263157894736842
 40
0.5263157894736842
 40
0.5263157894736842
 40
0.5263157894736842
 40
0.543859649122807
 40
0.543859649122807
 40
0.543859649122807
 40
0.543859649122807
 40
0.5614035087719298
 40
0.5614035087719298
 40
0.5614035087719298
 40
0.5614035087719298
 40
0.5789473684210527
 40
0.5789473684210527
 40
0.5789473684210527
 40
0.5789473684210527
 40
0.5964912280701754
 40
0.5964912280701754
 40
0.5964912280701754
 40
0.5964912280701754
 40
0.6140350877192983
 40
0.6140350877192983
 40
0.6140350877192983
 40
0.6140350877192983
 40
0.631578947368421
 40
0.631578947368421
 40
0.631578947368421
 40
0.631578947368421
 40
0.6491228070175439
 40
0.6491228070175439
 40
0.6491228070175439
 40
0.6491228070175439
 40
0.6666666666666666
 40
0.6666666666666666
 40
0.6666666666666666
 40
0.6666666666666666
 40
0.6842105263157895
 40
0.6842105263157895
 40
0.6842105263157895
 40
0.6842105263157895
 40
0.7017543859649122
 40
0.7017543859649122
 40
0.7017543859649122
 40
0.7017543859649122
 40
0.7192982456140351
 40
0.7192982456140351
 40
0.7192982456140351
 40
0.7192982456140351
 40
0.7368421052631579
 40
0.7368421052631579
 40
0.7368421052631579
 40
0.7368421052631579
 40
0.7543859649122807
 40
0.7543859649122807
 40
0.7543859649122807
 40
0.7543859649122807
 40
0.7719298245614035
 40
0.7719298245614035
 40
0.7719298245614035
 40
0.7719298245614035
 40
0.7894736842105263
 40
0.7894736842105263
 40
0.7894736842105263
 40
0.7894736842105263
 40
0.8070175438596491
 40
0.8070175438596491
 40
0.8070175438596491
 40
0.8070175438596491
 40
0.8245614035087719
 40
0.8245614035087719
 40
0.8245614035087719
 40
0.8245614035087719
 40
0.8421052631578947
 40
0.8421052631578947
 40
0.8421052631578947
 40
0.8421052631578947
 40
0.8596491228070176
 40
0.8596491228070176
 40
0.8596491228070176
 40
0.8596491228070176
 40
0.8771929824561403
 40
0.8771929824561403
 40
0.8771929824561403
 40
0.8771929824561403
 40
0.8947368421052632
 40
0.8947368421052632
 40
0.8947368421052632
 40
0.8947368421052632
 40
0.9122807017543859
 40
0.9122807017543859
 40
0.9122807017543859
 40
0.9122807017543859
 40
0.9298245614035088
 40
0.9298245614035088
 40
0.9298245614035088
 40
0.9298245614035088
 40
0.9473684210526315
 40
0.9473684210526315
 40
0.9473684210526315
 40
0.9473684210526315
 40
0.9649122807017544
 40
0.9649122807017544
 40
0.9649122807017544
 40
0.9649122807017544
 40
1.0
 40
1.0
 40
1.0
 40
1.0
 10
-10.756
 20
2.5002
 30
0.0
 10
-10.756
 20
2.5002
 30
0.0
 10
-10.756
 20
-2.3948
 30
0.0
 10
-10.756
 20
-2.3948
 30
0.0
 10
-10.756
 20
-2.3948
 30
0.0
 10
-10.756
 20
-2.6336
 30
0.0
 10
-10.7397
 20
-2.8127
 30
0.0
 10
-10.6964
 20
-2.9266
 30
0.0
 10
-10.6964
 20
-2.9266
 30
0.0
 10
-10.6583
 20
-3.0461
 30
0.0
 10
-10.5824
 20
-3.1274
 30
0.0
 10
-10.4685
 20
-3.1599
 30
0.0
 10
-10.4685
 20
-3.1599
 30
0.0
 10
-10.349
 20
-3.198
 30
0.0
 10
-10.1808
 20
-3.2306
 30
0.0
 10
-9.9583
 20
-3.2413
 30
0.0
 10
-9.9583
 20
-3.2413
 30
0.0
 10
-9.9583
 20
-3.2413
 30
0.0
 10
-9.9583
 20
-3.4422
 30
0.0
 10
-9.9583
 20
-3.4422
 30
0.0
 10
-9.9583
 20
-3.4422
 30
0.0
 10
-10.094
 20
-3.4259
 30
0.0
 10
-10.2785
 20
-3.4204
 30
0.0
 10
-10.5064
 20
-3.415
 30
0.0
 10
-10.5064
 20
-3.415
 30
0.0
 10
-10.729
 20
-3.415
 30
0.0
 10
-10.9678
 20
-3.4095
 30
0.0
 10
-11.2227
 20
-3.4095
 30
0.0
 10
-11.2227
 20
-3.4095
 30
0.0
 10
-11.4453
 20
-3.4095
 30
0.0
 10
-11.6732
 20
-3.415
 30
0.0
 10
-11.9065
 20
-3.415
 30
0.0
 10
-11.9065
 20
-3.415
 30
0.0
 10
-12.1344
 20
-3.4204
 30
0.0
 10
-12.3244
 20
-3.4259
 30
0.0
 10
-12.4764
 20
-3.4422
 30
0.0
 10
-12.4764
 20
-3.4422
 30
0.0
 10
-12.4764
 20
-3.4422
 30
0.0
 10
-12.4764
 20
-3.2413
 30
0.0
 10
-12.4764
 20
-3.2413
 30
0.0
 10
-12.4764
 20
-3.2413
 30
0.0
 10
-12.2539
 20
-3.2306
 30
0.0
 10
-12.0856
 20
-3.2034
 30
0.0
 10
-11.9717
 20
-3.1599
 30
0.0
 10
-11.9717
 20
-3.1599
 30
0.0
 10
-11.8578
 20
-3.1274
 30
0.0
 10
-11.7764
 20
-3.0461
 30
0.0
 10
-11.7383
 20
-2.9266
 30
0.0
 10
-11.7383
 20
-2.9266
 30
0.0
 10
-11.7058
 20
-2.8127
 30
0.0
 10
-11.6787
 20
-2.6336
 30
0.0
 10
-11.6787
 20
-2.3948
 30
0.0
 10
-11.6787
 20
-2.3948
 30
0.0
 10
-11.6787
 20
-2.3948
 30
0.0
 10
-11.6787
 20
-0.0287
 30
0.0
 10
-11.6787
 20
-0.0287
 30
0.0
 10
-11.6787
 20
-0.0287
 30
0.0
 10
-11.6787
 20
-0.0287
 30
0.0
 10
-14.8914
 20
-0.0287
 30
0.0
 10
-14.8914
 20
-0.0287
 30
0.0
 10
-14.8914
 20
-0.0287
 30
0.0
 10
-14.8914
 20
-0.0287
 30
0.0
 10
-14.8914
 20
-2.3948
 30
0.0
 10
-14.8914
 20
-2.3948
 30
0.0
 10
-14.8914
 20
-2.3948
 30
0.0
 10
-14.8914
 20
-2.6336
 30
0.0
 10
-14.8697
 20
-2.8127
 30
0.0
 10
-14.8262
 20
-2.9266
 30
0.0
 10
-14.8262
 20
-2.9266
 30
0.0
 10
-14.7883
 20
-3.0461
 30
0.0
 10
-14.7123
 20
-3.1274
 30
0.0
 10
-14.5983
 20
-3.1599
 30
0.0
 10
-14.5983
 20
-3.1599
 30
0.0
 10
-14.4844
 20
-3.198
 30
0.0
 10
-14.3107
 20
-3.2306
 30
0.0
 10
-14.0881
 20
-3.2413
 30
0.0
 10
-14.0881
 20
-3.2413
 30
0.0
 10
-14.0881
 20
-3.2413
 30
0.0
 10
-14.0881
 20
-3.4422
 30
0.0
 10
-14.0881
 20
-3.4422
 30
0.0
 10
-14.0881
 20
-3.4422
 30
0.0
 10
-14.2455
 20
-3.4259
 30
0.0
 10
-14.4355
 20
-3.4204
 30
0.0
 10
-14.658
 20
-3.415
 30
0.0
 10
-14.658
 20
-3.415
 30
0.0
 10
-14.886
 20
-3.415
 30
0.0
 10
-15.1193
 20
-3.4095
 30
0.0
 10
-15.3472
 20
-3.4095
 30
0.0
 10
-15.3472
 20
-3.4095
 30
0.0
 10
-15.6023
 20
-3.4095
 30
0.0
 10
-15.8411
 20
-3.415
 30
0.0
 10
-16.0635
 20
-3.415
 30
0.0
 10
-16.0635
 20
-3.415
 30
0.0
 10
-16.286
 20
-3.4204
 30
0.0
 10
-16.4706
 20
-3.4259
 30
0.0
 10
-16.6116
 20
-3.4422
 30
0.0
 10
-16.6116
 20
-3.4422
 30
0.0
 10
-16.6116
 20
-3.4422
 30
0.0
 10
-16.6116
 20
-3.2413
 30
0.0
 10
-16.6116
 20
-3.2413
 30
0.0
 10
-16.6116
 20
-3.2413
 30
0.0
 10
-16.3892
 20
-3.2306
 30
0.0
 10
-16.2155
 20
-3.2034
 30
0.0
 10
-16.1016
 20
-3.1599
 30
0.0
 10
-16.1016
 20
-3.1599
 30
0.0
 10
-15.9876
 20
-3.1274
 30
0.0
 10
-15.9116
 20
-3.0461
 30
0.0
 10
-15.8737
 20
-2.9266
 30
0.0
 10
-15.8737
 20
-2.9266
 30
0.0
 10
-15.8356
 20
-2.8127
 30
0.0
 10
-15.8139
 20
-2.6336
 30
0.0
 10
-15.8139
 20
-2.3948
 30
0.0
 10
-15.8139
 20
-2.3948
 30
0.0
 10
-15.8139
 20
-2.3948
 30
0.0
 10
-15.8139
 20
2.5002
 30
0.0
 10
-15.8139
 20
2.5002
 30
0.0
 10
-15.8139
 20
2.5002
 30
0.0
 10
-15.8139
 20
2.7499
 30
0.0
 10
-15.8302
 20
2.9235
 30
0.0
 10
-15.8737
 20
3.043
 30
0.0
 10
-15.8737
 20
3.043
 30
0.0
 10
-15.9116
 20
3.1569
 30
0.0
 10
-15.9876
 20
3.2383
 30
0.0
 10
-16.1016
 20
3.2763
 30
0.0
 10
-16.1016
 20
3.2763
 30
0.0
 10
-16.2155
 20
3.3197
 30
0.0
 10
-16.3892
 20
3.3468
 30
0.0
 10
-16.6116
 20
3.3523
 30
0.0
 10
-16.6116
 20
3.3523
 30
0.0
 10
-16.6116
 20
3.3523
 30
0.0
 10
-16.6116
 20
3.5476
 30
0.0
 10
-16.6116
 20
3.5476
 30
0.0
 10
-16.6116
 20
3.5476
 30
0.0
 10
-16.476
 20
3.5421
 30
0.0
 10
-16.2915
 20
3.5367
 30
0.0
 10
-16.0635
 20
3.5314
 30
0.0
 10
-16.0635
 20
3.5314
 30
0.0
 10
-15.8411
 20
3.5259
 30
0.0
 10
-15.5969
 20
3.5205
 30
0.0
 10
-15.3472
 20
3.5205
 30
0.0
 10
-15.3472
 20
3.5205
 30
0.0
 10
-15.1193
 20
3.5205
 30
0.0
 10
-14.886
 20
3.526
 30
0.0
 10
-14.658
 20
3.5314
 30
0.0
 10
-14.658
 20
3.5314
 30
0.0
 10
-14.4355
 20
3.5367
 30
0.0
 10
-14.2455
 20
3.5421
 30
0.0
 10
-14.0881
 20
3.5476
 30
0.0
 10
-14.0881
 20
3.5476
 30
0.0
 10
-14.0881
 20
3.5476
 30
0.0
 10
-14.0881
 20
3.3523
 30
0.0
 10
-14.0881
 20
3.3523
 30
0.0
 10
-14.0881
 20
3.3523
 30
0.0
 10
-14.3107
 20
3.3468
 30
0.0
 10
-14.4844
 20
3.3251
 30
0.0
 10
-14.5983
 20
3.2763
 30
0.0
 10
-14.5983
 20
3.2763
 30
0.0
 10
-14.7123
 20
3.2383
 30
0.0
 10
-14.7883
 20
3.1569
 30
0.0
 10
-14.8262
 20
3.043
 30
0.0
 10
-14.8262
 20
3.043
 30
0.0
 10
-14.8643
 20
2.929
 30
0.0
 10
-14.8914
 20
2.7499
 30
0.0
 10
-14.8914
 20
2.5002
 30
0.0
 10
-14.8914
 20
2.5002
 30
0.0
 10
-14.8914
 20
2.5002
 30
0.0
 10
-14.8914
 20
0.1721
 30
0.0
 10
-14.8914
 20
0.1721
 30
0.0
 10
-14.8914
 20
0.1721
 30
0.0
 10
-14.8914
 20
0.1721
 30
0.0
 10
-11.6787
 20
0.1721
 30
0.0
 10
-11.6787
 20
0.1721
 30
0.0
 10
-11.6787
 20
0.1721
 30
0.0
 10
-11.6787
 20
0.1721
 30
0.0
 10
-11.6787
 20
2.5002
 30
0.0
 10
-11.6787
 20
2.5002
 30
0.0
 10
-11.6787
 20
2.5002
 30
0.0
 10
-11.6787
 20
2.7499
 30
0.0
 10
-11.7004
 20
2.9235
 30
0.0
 10
-11.7383
 20
3.043
 30
0.0
 10
-11.7383
 20
3.043
 30
0.0
 10
-11.7764
 20
3.1569
 30
0.0
 10
-11.8578
 20
3.2383
 30
0.0
 10
-11.9717
 20
3.2763
 30
0.0
 10
-11.9717
 20
3.2763
 30
0.0
 10
-12.0856
 20
3.3197
 30
0.0
 10
-12.2539
 20
3.3468
 30
0.0
 10
-12.4764
 20
3.3523
 30
0.0
 10
-12.4764
 20
3.3523
 30
0.0
 10
-12.4764
 20
3.3523
 30
0.0
 10
-12.4764
 20
3.5476
 30
0.0
 10
-12.4764
 20
3.5476
 30
0.0
 10
-12.4764
 20
3.5476
 30
0.0
 10
-12.3244
 20
3.5421
 30
0.0
 10
-12.1399
 20
3.5367
 30
0.0
 10
-11.9065
 20
3.5314
 30
0.0
 10
-11.9065
 20
3.5314
 30
0.0
 10
-11.6732
 20
3.5259
 30
0.0
 10
-11.4453
 20
3.5205
 30
0.0
 10
-11.2227
 20
3.5205
 30
0.0
 10
-11.2227
 20
3.5205
 30
0.0
 10
-10.9623
 20
3.5205
 30
0.0
 10
-10.729
 20
3.526
 30
0.0
 10
-10.5064
 20
3.5314
 30
0.0
 10
-10.5064
 20
3.5314
 30
0.0
 10
-10.2839
 20
3.5367
 30
0.0
 10
-10.0994
 20
3.5421
 30
0.0
 10
-9.9583
 20
3.5476
 30
0.0
 10
-9.9583
 20
3.5476
 30
0.0
 10
-9.9583
 20
3.5476
 30
0.0
 10
-9.9583
 20
3.3523
 30
0.0
 10
-9.9583
 20
3.3523
 30
0.0
 10
-9.9583
 20
3.3523
 30
0.0
 10
-10.1808
 20
3.3468
 30
0.0
 10
-10.349
 20
3.3251
 30
0.0
 10
-10.4685
 20
3.2763
 30
0.0
 10
-10.4685
 20
3.2763
 30
0.0
 10
-10.5823
 20
3.2383
 30
0.0
 10
-10.6583
 20
3.1569
 30
0.0
 10
-10.6964
 20
3.043
 30
0.0
 10
-10.6964
 20
3.043
 30
0.0
 10
-10.7343
 20
2.929
 30
0.0
 10
-10.756
 20
2.7499
 30
0.0
 10
-10.756
 20
2.5002
 30
0.0
  0
SPLINE
  5
82
330
1F
100
AcDbEntity
  8
layer 1
 62
   242
100
AcDbSpline
210
0.0
220
0.0
230
1.0
 70
    11
 71
     3
 72
   108
 73
   104
 74
     0
 42
0.000000001
 43
0.0000000001
 40
0.0
 40
0.0
 40
0.0
 40
0.0
 40
0.037037037037037
 40
0.037037037037037
 40
0.037037037037037
 40
0.037037037037037
 40
0.0740740740740741
 40
0.0740740740740741
 40
0.0740740740740741
 40
0.0740740740740741
 40
0.1111111111111111
 40
0.1111111111111111
 40
0.1111111111111111
 40
0.1111111111111111
 40
0.1481481481481481
 40
0.1481481481481481
 40
0.1481481481481481
 40
0.1481481481481481
 40
0.1851851851851852
 40
0.1851851851851852
 40
0.1851851851851852
 40
0.1851851851851852
 40
0.2222222222222222
 40
0.2222222222222222
 40
0.2222222222222222
 40
0.2222222222222222
 40
0.2592592592592592
 40
0.2592592592592592
 40
0.2592592592592592
 40
0.2592592592592592
 40
0.2962962962962963
 40
0.2962962962962963
 40
0.2962962962962963
 40
0.2962962962962963
 40
0.3333333333333333
 40
0.3333333333333333
 40
0.3333333333333333
 40
0.3333333333333333
 40
0.3703703703703703
 40
0.3703703703703703
 40
0.3703703703703703
 40
0.3703703703703703
 40
0.4074074074074074
 40
0.4074074074074074
 40
0.4074074074074074
 40
0.4074074074074074
 40
0.4444444444444444
 40
0.4444444444444444
 40
0.4444444444444444
 40
0.4444444444444444
 40
0.4814814814814815
 40
0.4814814814814815
 40
0.4814814814814815
 40
0.4814814814814815
 40
0.5185185185185185
 40
0.5185185185185185
 40
0.5185185185185185
 40
0.5185185185185185
 40
0.5555555555555556
 40
0.5555555555555556
 40
0.5555555555555556
 40
0.5555555555555556
 40
0.5925925925925926
 40
0.5925925925925926
 40
0.5925925925925926
 40
0.5925925925925926
 40
0.6296296296296297
 40
0.6296296296296297
 40
0.6296296296296297
 40
0.6296296296296297
 40
0.6666666666666666
 40
0.6666666666666666
 40
0.6666666666666666
 40
0.6666666666666666
 40
0.7037037037037037
 40
0.7037037037037037
 40
0.7037037037037037
 40
0.7037037037037037
 40
0.7407407407407407
 40
0.7407407407407407
 40
0.7407407407407407
 40
0.7407407407407407
 40
0.7777777777777778
 40
0.7777777777777778
 40
0.7777777777777778
 40
0.7777777777777778
 40
0.8148148148148148
 40
0.8148148148148148
 40
0.8148148148148148
 40
0.8148148148148148
 40
0.8518518518518519
 40
0.8518518518518519
 40
0.8518518518518519
 40
0.8518518518518519
 40
0.8888888888888888
 40
0.8888888888888888
 40
0.8888888888888888
 40
0.8888888888888888
 40
0.9259259259259259
 40
0.9259259259259259
 40
0.9259259259259259
 40
0.9259259259259259
 40
1.0
 40
1.0
 40
1.0
 40
1.0
 10
-6.6099
 20
3.5476
 30
0.0
 10
-6.6099
 20
3.5476
 30
0.0
 10
-6.6099
 20
3.3523
 30
0.0
 10
-6.6099
 20
3.3523
 30
0.0
 10
-6.6099
 20
3.3523
 30
0.0
 10
-6.8324
 20
3.3468
 30
0.0
 10
-7.0061
 20
3.3197
 30
0.0
 10
-7.1201
 20
3.2763
 30
0.0
 10
-7.1201
 20
3.2763
 30
0.0
 10
-7.234
 20
3.2329
 30
0.0
 10
-7.31
 20
3.1569
 30
0.0
 10
-7.3534
 20
3.0375
 30
0.0
 10
-7.3534
 20
3.0375
 30
0.0
 10
-7.3968
 20
2.9181
 30
0.0
 10
-7.4131
 20
2.7444
 30
0.0
 10
-7.4131
 20
2.5002
 30
0.0
 10
-7.4131
 20
2.5002
 30
0.0
 10
-7.4131
 20
2.5002
 30
0.0
 10
-7.4131
 20
-2.4003
 30
0.0
 10
-7.4131
 20
-2.4003
 30
0.0
 10
-7.4131
 20
-2.4003
 30
0.0
 10
-7.4131
 20
-2.6391
 30
0.0
 10
-7.3914
 20
-2.8182
 30
0.0
 10
-7.3534
 20
-2.9321
 30
0.0
 10
-7.3534
 20
-2.9321
 30
0.0
 10
-7.3154
 20
-3.0461
 30
0.0
 10
-7.234
 20
-3.1274
 30
0.0
 10
-7.1201
 20
-3.1709
 30
0.0
 10
-7.1201
 20
-3.1709
 30
0.0
 10
-7.0061
 20
-3.2089
 30
0.0
 10
-6.8379
 20
-3.236
 30
0.0
 10
-6.6099
 20
-3.2522
 30
0.0
 10
-6.6099
 20
-3.2522
 30
0.0
 10
-6.6099
 20
-3.2522
 30
0.0
 10
-6.6099
 20
-3.4476
 30
0.0
 10
-6.6099
 20
-3.4476
 30
0.0
 10
-6.6099
 20
-3.4476
 30
0.0
 10
-6.7619
 20
-3.4368
 30
0.0
 10
-6.9519
 20
-3.4259
 30
0.0
 10
-7.1798
 20
-3.4204
 30
0.0
 10
-7.1798
 20
-3.4204
 30
0.0
 10
-7.4077
 20
-3.4204
 30
0.0
 10
-7.6356
 20
-3.4204
 30
0.0
 10
-7.869
 20
-3.4204
 30
0.0
 10
-7.869
 20
-3.4204
 30
0.0
 10
-8.124
 20
-3.4204
 30
0.0
 10
-8.3682
 20
-3.4204
 30
0.0
 10
-8.5908
 20
-3.4204
 30
0.0
 10
-8.5908
 20
-3.4204
 30
0.0
 10
-8.8133
 20
-3.4204
 30
0.0
 10
-8.9978
 20
-3.4313
 30
0.0
 10
-9.1335
 20
-3.4476
 30
0.0
 10
-9.1335
 20
-3.4476
 30
0.0
 10
-9.1335
 20
-3.4476
 30
0.0
 10
-9.1335
 20
-3.2522
 30
0.0
 10
-9.1335
 20
-3.2522
 30
0.0
 10
-9.1335
 20
-3.2522
 30
0.0
 10
-8.911
 20
-3.2415
 30
0.0
 10
-8.7373
 20
-3.2143
 30
0.0
 10
-8.6233
 20
-3.1709
 30
0.0
 10
-8.6233
 20
-3.1709
 30
0.0
 10
-8.5094
 20
-3.1329
 30
0.0
 10
-8.428
 20
-3.0515
 30
0.0
 10
-8.39
 20
-2.9321
 30
0.0
 10
-8.39
 20
-2.9321
 30
0.0
 10
-8.352
 20
-2.8127
 30
0.0
 10
-8.3303
 20
-2.6336
 30
0.0
 10
-8.3303
 20
-2.4003
 30
0.0
 10
-8.3303
 20
-2.4003
 30
0.0
 10
-8.3303
 20
-2.4003
 30
0.0
 10
-8.3303
 20
2.5002
 30
0.0
 10
-8.3303
 20
2.5002
 30
0.0
 10
-8.3303
 20
2.5002
 30
0.0
 10
-8.3303
 20
2.7444
 30
0.0
 10
-8.352
 20
2.9235
 30
0.0
 10
-8.39
 20
3.0375
 30
0.0
 10
-8.39
 20
3.0375
 30
0.0
 10
-8.428
 20
3.1514
 30
0.0
 10
-8.5094
 20
3.2328
 30
0.0
 10
-8.6233
 20
3.2763
 30
0.0
 10
-8.6233
 20
3.2763
 30
0.0
 10
-8.7373
 20
3.3197
 30
0.0
 10
-8.9055
 20
3.3468
 30
0.0
 10
-9.1335
 20
3.3523
 30
0.0
 10
-9.1335
 20
3.3523
 30
0.0
 10
-9.1335
 20
3.3523
 30
0.0
 10
-9.1335
 20
3.5476
 30
0.0
 10
-9.1335
 20
3.5476
 30
0.0
 10
-9.1335
 20
3.5476
 30
0.0
 10
-8.9978
 20
3.5421
 30
0.0
 10
-8.8133
 20
3.5367
 30
0.0
 10
-8.5908
 20
3.526
 30
0.0
 10
-8.5908
 20
3.526
 30
0.0
 10
-8.3682
 20
3.5205
 30
0.0
 10
-8.1242
 20
3.5151
 30
0.0
 10
-7.869
 20
3.5151
 30
0.0
 10
-7.869
 20
3.5151
 30
0.0
 10
-7.6356
 20
3.5151
 30
0.0
 10
-7.4077
 20
3.5151
 30
0.0
 10
-7.1798
 20
3.526
 30
0.0
 10
-7.1798
 20
3.526
 30
0.0
 10
-6.9519
 20
3.5314
 30
0.0
 10
-6.7619
 20
3.5367
 30
0.0
 10
-6.6099
 20
3.5476
 30
0.0
  0
SPLINE
  5
83
330
1F
100
AcDbEntity
  8
layer 1
 62
   242
100
AcDbSpline
210
0.0
220
0.0
230
1.0
 70
    11
 71
     3
 72
   164
 73
   160
 74
     0
 42
0.000000001
 43
0.0000000001
 40
0.0
 40
0.0
 40
0.0
 40
0.0
 40
0.024390243902439
 40
0.024390243902439
 40
0.024390243902439
 40
0.024390243902439
 40
0.0487804878048781
 40
0.0487804878048781
 40
0.0487804878048781
 40
0.0487804878048781
 40
0.0731707317073171
 40
0.0731707317073171
 40
0.0731707317073171
 40
0.0731707317073171
 40
0.0975609756097561
 40
0.0975609756097561
 40
0.0975609756097561
 40
0.0975609756097561
 40
0.1219512195121951
 40
0.1219512195121951
 40
0.1219512195121951
 40
0.1219512195121951
 40
0.1463414634146341
 40
0.1463414634146341
 40
0.1463414634146341
 40
0.1463414634146341
 40
0.1707317073170732
 40
0.1707317073170732
 40
0.1707317073170732
 40
0.1707317073170732
 40
0.1951219512195122
 40
0.1951219512195122
 40
0.1951219512195122
 40
0.1951219512195122
 40
0.2195121951219512
 40
0.2195121951219512
 40
0.2195121951219512
 40
0.2195121951219512
 40
0.2439024390243902
 40
0.2439024390243902
 40
0.2439024390243902
 40
0.2439024390243902
 40
0.2682926829268293
 40
0.2682926829268293
 40
0.2682926829268293
 40
0.2682926829268293
 40
0.2926829268292683
 40
0.2926829268292683
 40
0.2926829268292683
 40
0.2926829268292683
 40
0.3170731707317073
 40
0.3170731707317073
 40
0.3170731707317073
 40
0.3170731707317073
 40
0.3414634146341464
 40
0.3414634146341464
 40
0.3414634146341464
 40
0.3414634146341464
 40
0.3658536585365854
 40
0.3658536585365854
 40
0.3658536585365854
 40
0.3658536585365854
 40
0.3902439024390244
 40
0.3902439024390244
 40
0.3902439024390244
 40
0.3902439024390244
 40
0.4146341463414634
 40
0.4146341463414634
 40
0.4146341463414634
 40
0.4146341463414634
 40
0.4390243902439024
 40
0.4390243902439024
 40
0.4390243902439024
 40
0.4390243902439024
 40
0.4634146341463415
 40
0.4634146341463415
 40
0.4634146341463415
 40
0.4634146341463415
 40
0.4878048780487805
 40
0.4878048780487805
 40
0.4878048780487805
 40
0.4878048780487805
 40
0.5121951219512195
 40
0.5121951219512195
 40
0.5121951219512195
 40
0.5121951219512195
 40
0.5365853658536586
 40
0.5365853658536586
 40
0.5365853658536586
 40
0.5365853658536586
 40
0.5609756097560976
 40
0.5609756097560976
 40
0.5609756097560976
 40
0.5609756097560976
 40
0.5853658536585366
 40
0.5853658536585366
 40
0.5853658536585366
 40
0.5853658536585366
 40
0.6097560975609756
 40
0.6097560975609756
 40
0.6097560975609756
 40
0.6097560975609756
 40
0.6341463414634146
 40
0.6341463414634146
 40
0.6341463414634146
 40
0.6341463414634146
 40
0.6585365853658537
 40
0.6585365853658537
 40
0.6585365853658537
 40
0.6585365853658537
 40
0.6829268292682927
 40
0.6829268292682927
 40
0.6829268292682927
 40
0.6829268292682927
 40
0.7073170731707317
 40
0.7073170731707317
 40
0.7073170731707317
 40
0.7073170731707317
 40
0.7317073170731707
 40
0.7317073170731707
 40
0.7317073170731707
 40
0.7317073170731707
 40
0.7560975609756098
 40
0.7560975609756098
 40
0.7560975609756098
 40
0.7560975609756098
 40
0.7804878048780488
 40
0.7804878048780488
 40
0.7804878048780488
 40
0.7804878048780488
 40
0.8048780487804879
 40
0.8048780487804879
 40
0.8048780487804879
 40
0.8048780487804879
 40
0.8292682926829268
 40
0.8292682926829268
 40
0.8292682926829268
 40
0.8292682926829268
 40
0.8536585365853658
 40
0.8536585365853658
 40
0.8536585365853658
 40
0.8536585365853658
 40
0.8780487804878049
 40
0.8780487804878049
 40
0.8780487804878049
 40
0.8780487804878049
 40
0.9024390243902439
 40
0.9024390243902439
 40
0.9024390243902439
 40
0.9024390243902439
 40
0.926829268292683
 40
0.926829268292683
 40
0.926829268292683
 40
0.926829268292683
 40
0.9512195121951219
 40
0.9512195121951219
 40
0.9512195121951219
 40
0.9512195121951219
 40
1.0
 40
1.0
 40
1.0
 40
1.0
 10
0.4233
 20
3.5476
 30
0.0
 10
0.4233
 20
3.5476
 30
0.0
 10
0.4233
 20
3.3523
 30
0.0
 10
0.4233
 20
3.3523
 30
0.0
 10
0.4233
 20
3.3523
 30
0.0
 10
0.2007
 20
3.3468
 30
0.0
 10
0.0271
 20
3.3143
 30
0.0
 10
-0.0869
 20
3.2546
 30
0.0
 10
-0.0869
 20
3.2546
 30
0.0
 10
-0.2009
 20
3.1949
 30
0.0
 10
-0.2823
 20
3.1026
 30
0.0
 10
-0.3202
 20
2.9669
 30
0.0
 10
-0.3202
 20
2.9669
 30
0.0
 10
-0.3583
 20
2.8312
 30
0.0
 10
-0.3799
 20
2.6467
 30
0.0
 10
-0.3799
 20
2.4025
 30
0.0
 10
-0.3799
 20
2.4025
 30
0.0
 10
-0.3799
 20
2.4025
 30
0.0
 10
-0.3799
 20
-3.4964
 30
0.0
 10
-0.3799
 20
-3.4964
 30
0.0
 10
-0.3799
 20
-3.4964
 30
0.0
 10
-0.3799
 20
-3.4964
 30
0.0
 10
-0.6079
 20
-3.4964
 30
0.0
 10
-0.6079
 20
-3.4964
 30
0.0
 10
-0.6079
 20
-3.4964
 30
0.0
 10
-0.6079
 20
-3.4964
 30
0.0
 10
-4.754
 20
2.9127
 30
0.0
 10
-4.754
 20
2.9127
 30
0.0
 10
-4.754
 20
2.9127
 30
0.0
 10
-4.754
 20
2.9127
 30
0.0
 10
-4.754
 20
-2.3026
 30
0.0
 10
-4.754
 20
-2.3026
 30
0.0
 10
-4.754
 20
-2.3026
 30
0.0
 10
-4.754
 20
-2.5413
 30
0.0
 10
-4.7323
 20
-2.7259
 30
0.0
 10
-4.6889
 20
-2.8615
 30
0.0
 10
-4.6889
 20
-2.8615
 30
0.0
 10
-4.6454
 20
-2.9973
 30
0.0
 10
-4.5586
 20
-3.0949
 30
0.0
 10
-4.4338
 20
-3.1492
 30
0.0
 10
-4.4338
 20
-3.1492
 30
0.0
 10
-4.3035
 20
-3.2034
 30
0.0
 10
-4.1137
 20
-3.2415
 30
0.0
 10
-3.8586
 20
-3.2522
 30
0.0
 10
-3.8586
 20
-3.2522
 30
0.0
 10
-3.8586
 20
-3.2522
 30
0.0
 10
-3.8586
 20
-3.4476
 30
0.0
 10
-3.8586
 20
-3.4476
 30
0.0
 10
-3.8586
 20
-3.4476
 30
0.0
 10
-3.978
 20
-3.4368
 30
0.0
 10
-4.1299
 20
-3.4259
 30
0.0
 10
-4.3199
 20
-3.4204
 30
0.0
 10
-4.3199
 20
-3.4204
 30
0.0
 10
-4.5098
 20
-3.415
 30
0.0
 10
-4.6944
 20
-3.4204
 30
0.0
 10
-4.8625
 20
-3.4204
 30
0.0
 10
-4.8625
 20
-3.4204
 30
0.0
 10
-5.0308
 20
-3.4204
 30
0.0
 10
-5.1936
 20
-3.4204
 30
0.0
 10
-5.3618
 20
-3.4204
 30
0.0
 10
-5.3618
 20
-3.4204
 30
0.0
 10
-5.5301
 20
-3.4204
 30
0.0
 10
-5.6712
 20
-3.4313
 30
0.0
 10
-5.7797
 20
-3.4476
 30
0.0
 10
-5.7797
 20
-3.4476
 30
0.0
 10
-5.7797
 20
-3.4476
 30
0.0
 10
-5.7797
 20
-3.2522
 30
0.0
 10
-5.7797
 20
-3.2522
 30
0.0
 10
-5.7797
 20
-3.2522
 30
0.0
 10
-5.5572
 20
-3.2415
 30
0.0
 10
-5.3836
 20
-3.2034
 30
0.0
 10
-5.2695
 20
-3.1492
 30
0.0
 10
-5.2695
 20
-3.1492
 30
0.0
 10
-5.1557
 20
-3.0949
 30
0.0
 10
-5.0797
 20
-2.9973
 30
0.0
 10
-5.0362
 20
-2.8615
 30
0.0
 10
-5.0362
 20
-2.8615
 30
0.0
 10
-4.9983
 20
-2.7259
 30
0.0
 10
-4.9765
 20
-2.5413
 30
0.0
 10
-4.9765
 20
-2.3026
 30
0.0
 10
-4.9765
 20
-2.3026
 30
0.0
 10
-4.9765
 20
-2.3026
 30
0.0
 10
-4.9765
 20
2.5002
 30
0.0
 10
-4.9765
 20
2.5002
 30
0.0
 10
-4.9765
 20
2.5002
 30
0.0
 10
-4.9765
 20
2.7444
 30
0.0
 10
-4.9983
 20
2.9235
 30
0.0
 10
-5.0362
 20
3.0375
 30
0.0
 10
-5.0362
 20
3.0375
 30
0.0
 10
-5.0743
 20
3.1514
 30
0.0
 10
-5.1502
 20
3.2328
 30
0.0
 10
-5.2695
 20
3.2763
 30
0.0
 10
-5.2695
 20
3.2763
 30
0.0
 10
-5.3835
 20
3.3197
 30
0.0
 10
-5.5572
 20
3.3468
 30
0.0
 10
-5.7797
 20
3.3523
 30
0.0
 10
-5.7797
 20
3.3523
 30
0.0
 10
-5.7797
 20
3.3523
 30
0.0
 10
-5.7797
 20
3.5476
 30
0.0
 10
-5.7797
 20
3.5476
 30
0.0
 10
-5.7797
 20
3.5476
 30
0.0
 10
-5.6658
 20
3.5421
 30
0.0
 10
-5.5246
 20
3.5367
 30
0.0
 10
-5.3618
 20
3.526
 30
0.0
 10
-5.3618
 20
3.526
 30
0.0
 10
-5.1936
 20
3.5205
 30
0.0
 10
-5.0253
 20
3.5151
 30
0.0
 10
-4.8625
 20
3.5151
 30
0.0
 10
-4.8625
 20
3.5151
 30
0.0
 10
-4.716
 20
3.5151
 30
0.0
 10
-4.5804
 20
3.5151
 30
0.0
 10
-4.4502
 20
3.526
 30
0.0
 10
-4.4502
 20
3.526
 30
0.0
 10
-4.3199
 20
3.5314
 30
0.0
 10
-4.2005
 20
3.5367
 30
0.0
 10
-4.0919
 20
3.5476
 30
0.0
 10
-4.0919
 20
3.5476
 30
0.0
 10
-4.0919
 20
3.5476
 30
0.0
 10
-0.6025
 20
-1.825
 30
0.0
 10
-0.6025
 20
-1.825
 30
0.0
 10
-0.6025
 20
-1.825
 30
0.0
 10
-0.6025
 20
-1.825
 30
0.0
 10
-0.6025
 20
2.4025
 30
0.0
 10
-0.6025
 20
2.4025
 30
0.0
 10
-0.6025
 20
2.4025
 30
0.0
 10
-0.6025
 20
2.6467
 30
0.0
 10
-0.6241
 20
2.8313
 30
0.0
 10
-0.6675
 20
2.9669
 30
0.0
 10
-0.6675
 20
2.9669
 30
0.0
 10
-0.7109
 20
3.0972
 30
0.0
 10
-0.7978
 20
3.1949
 30
0.0
 10
-0.9226
 20
3.2546
 30
0.0
 10
-0.9226
 20
3.2546
 30
0.0
 10
-1.0528
 20
3.3143
 30
0.0
 10
-1.2428
 20
3.3468
 30
0.0
 10
-1.5033
 20
3.3523
 30
0.0
 10
-1.5033
 20
3.3523
 30
0.0
 10
-1.5033
 20
3.3523
 30
0.0
 10
-1.5033
 20
3.5476
 30
0.0
 10
-1.5033
 20
3.5476
 30
0.0
 10
-1.5033
 20
3.5476
 30
0.0
 10
-1.3839
 20
3.5421
 30
0.0
 10
-1.2265
 20
3.5367
 30
0.0
 10
-1.0365
 20
3.526
 30
0.0
 10
-1.0365
 20
3.526
 30
0.0
 10
-0.8467
 20
3.5151
 30
0.0
 10
-0.6621
 20
3.5151
 30
0.0
 10
-0.4993
 20
3.5151
 30
0.0
 10
-0.4993
 20
3.5151
 30
0.0
 10
-0.3364
 20
3.5151
 30
0.0
 10
-0.1574
 20
3.5151
 30
0.0
 10
0.0109
 20
3.526
 30
0.0
 10
0.0109
 20
3.526
 30
0.0
 10
0.1791
 20
3.5314
 30
0.0
 10
0.3147
 20
3.5367
 30
0.0
 10
0.4179
 20
3.5476
 30
0.0
 10
0.4179
 20
3.5476
 30
0.0
 10
0.4179
 20
3.5476
 30
0.0
 10
0.4233
 20
3.5476
 30
0.0
 10
0.4233
 20
3.5476
 30
0.0
  0
SPLINE
  5
84
330
1F
100
AcDbEntity
  8
layer 1
 62
   242
100
AcDbSpline
210
0.0
220
0.0
230
1.0
 70
    11
 71
     3
 72
   208
 73
   204
 74
     0
 42
0.000000001
 43
0.0000000001
 40
0.0
 40
0.0
 40
0.0
 40
0.0
 40
0.0192307692307692
 40
0.0192307692307692
 40
0.0192307692307692
 40
0.0192307692307692
 40
0.0384615384615385
 40
0.0384615384615385
 40
0.0384615384615385
 40
0.0384615384615385
 40
0.0576923076923077
 40
0.0576923076923077
 40
0.0576923076923077
 40
0.0576923076923077
 40
0.0769230769230769
 40
0.0769230769230769
 40
0.0769230769230769
 40
0.0769230769230769
 40
0.0961538461538462
 40
0.0961538461538462
 40
0.0961538461538462
 40
0.0961538461538462
 40
0.1153846153846154
 40
0.1153846153846154
 40
0.1153846153846154
 40
0.1153846153846154
 40
0.1346153846153846
 40
0.1346153846153846
 40
0.1346153846153846
 40
0.1346153846153846
 40
0.1538461538461539
 40
0.1538461538461539
 40
0.1538461538461539
 40
0.1538461538461539
 40
0.1730769230769231
 40
0.1730769230769231
 40
0.1730769230769231
 40
0.1730769230769231
 40
0.1923076923076923
 40
0.1923076923076923
 40
0.1923076923076923
 40
0.1923076923076923
 40
0.2115384615384615
 40
0.2115384615384615
 40
0.2115384615384615
 40
0.2115384615384615
 40
0.2307692307692308
 40
0.2307692307692308
 40
0.2307692307692308
 40
0.2307692307692308
 40
0.25
 40
0.25
 40
0.25
 40
0.25
 40
0.2692307692307692
 40
0.2692307692307692
 40
0.2692307692307692
 40
0.2692307692307692
 40
0.2884615384615384
 40
0.2884615384615384
 40
0.2884615384615384
 40
0.2884615384615384
 40
0.3076923076923077
 40
0.3076923076923077
 40
0.3076923076923077
 40
0.3076923076923077
 40
0.3269230769230769
 40
0.3269230769230769
 40
0.3269230769230769
 40
0.3269230769230769
 40
0.3461538461538461
 40
0.3461538461538461
 40
0.3461538461538461
 40
0.3461538461538461
 40
0.3653846153846154
 40
0.3653846153846154
 40
0.3653846153846154
 40
0.3653846153846154
 40
0.3846153846153846
 40
0.3846153846153846
 40
0.3846153846153846
 40
0.3846153846153846
 40
0.4038461538461539
 40
0.4038461538461539
 40
0.4038461538461539
 40
0.4038461538461539
 40
0.4230769230769231
 40
0.4230769230769231
 40
0.4230769230769231
 40
0.4230769230769231
 40
0.4423076923076923
 40
0.4423076923076923
 40
0.4423076923076923
 40
0.4423076923076923
 40
0.4615384615384616
 40
0.4615384615384616
 40
0.4615384615384616
 40
0.4615384615384616
 40
0.4807692307692308
 40
0.4807692307692308
 40
0.4807692307692308
 40
0.4807692307692308
 40
0.5
 40
0.5
 40
0.5
 40
0.5
 40
0.5192307692307693
 40
0.5192307692307693
 40
0.5192307692307693
 40
0.5192307692307693
 40
0.5384615384615384
 40
0.5384615384615384
 40
0.5384615384615384
 40
0.5384615384615384
 40
0.5576923076923077
 40
0.5576923076923077
 40
0.5576923076923077
 40
0.5576923076923077
 40
0.5769230769230769
 40
0.5769230769230769
 40
0.5769230769230769
 40
0.5769230769230769
 40
0.5961538461538461
 40
0.5961538461538461
 40
0.5961538461538461
 40
0.5961538461538461
 40
0.6153846153846154
 40
0.6153846153846154
 40
0.6153846153846154
 40
0.6153846153846154
 40
0.6346153846153846
 40
0.6346153846153846
 40
0.6346153846153846
 40
0.6346153846153846
 40
0.6538461538461539
 40
0.6538461538461539
 40
0.6538461538461539
 40
0.6538461538461539
 40
0.6730769230769231
 40
0.6730769230769231
 40
0.6730769230769231
 40
0.6730769230769231
 40
0.6923076923076923
 40
0.6923076923076923
 40
0.6923076923076923
 40
0.6923076923076923
 40
0.7115384615384616
 40
0.7115384615384616
 40
0.7115384615384616
 40
0.7115384615384616
 40
0.7307692307692307
 40
0.7307692307692307
 40
0.7307692307692307
 40
0.7307692307692307
 40
0.75
 40
0.75
 40
0.75
 40
0.75
 40
0.7692307692307693
 40
0.7692307692307693
 40
0.7692307692307693
 40
0.7692307692307693
 40
0.7884615384615384
 40
0.7884615384615384
 40
0.7884615384615384
 40
0.7884615384615384
 40
0.8076923076923077
 40
0.8076923076923077
 40
0.8076923076923077
 40
0.8076923076923077
 40
0.8269230769230769
 40
0.8269230769230769
 40
0.8269230769230769
 40
0.8269230769230769
 40
0.8461538461538461
 40
0.8461538461538461
 40
0.8461538461538461
 40
0.8461538461538461
 40
0.8653846153846154
 40
0.8653846153846154
 40
0.8653846153846154
 40
0.8653846153846154
 40
0.8846153846153846
 40
0.8846153846153846
 40
0.8846153846153846
 40
0.8846153846153846
 40
0.9038461538461539
 40
0.9038461538461539
 40
0.9038461538461539
 40
0.9038461538461539
 40
0.9230769230769231
 40
0.9230769230769231
 40
0.9230769230769231
 40
0.9230769230769231
 40
0.9423076923076923
 40
0.9423076923076923
 40
0.9423076923076923
 40
0.9423076923076923
 40
0.9615384615384616
 40
0.9615384615384616
 40
0.9615384615384616
 40
0.9615384615384616
 40
1.0
 40
1.0
 40
1.0
 40
1.0
 10
4.4229
 20
3.6887
 30
0.0
 10
4.8517
 20
3.6887
 30
0.0
 10
5.1989
 20
3.6236
 30
0.0
 10
5.4594
 20
3.4988
 30
0.0
 10
5.4594
 20
3.4988
 30
0.0
 10
5.7199
 20
3.3686
 30
0.0
 10
5.9695
 20
3.2219
 30
0.0
 10
6.1975
 20
3.0483
 30
0.0
 10
6.1975
 20
3.0483
 30
0.0
 10
6.2843
 20
2.9832
 30
0.0
 10
6.3494
 20
2.9507
 30
0.0
 10
6.3928
 20
2.9507
 30
0.0
 10
6.3928
 20
2.9507
 30
0.0
 10
6.5176
 20
2.9507
 30
0.0
 10
6.599
 20
3.1514
 30
0.0
 10
6.637
 20
3.553
 30
0.0
 10
6.637
 20
3.553
 30
0.0
 10
6.637
 20
3.553
 30
0.0
 10
6.865
 20
3.553
 30
0.0
 10
6.865
 20
3.553
 30
0.0
 10
6.865
 20
3.553
 30
0.0
 10
6.8541
 20
3.3088
 30
0.0
 10
6.8432
 20
3.0158
 30
0.0
 10
6.8378
 20
2.663
 30
0.0
 10
6.8378
 20
2.663
 30
0.0
 10
6.8323
 20
2.3104
 30
0.0
 10
6.8269
 20
1.8544
 30
0.0
 10
6.8269
 20
1.2792
 30
0.0
 10
6.8269
 20
1.2792
 30
0.0
 10
6.8269
 20
1.2792
 30
0.0
 10
6.599
 20
1.2792
 30
0.0
 10
6.599
 20
1.2792
 30
0.0
 10
6.599
 20
1.2792
 30
0.0
 10
6.5557
 20
1.556
 30
0.0
 10
6.4959
 20
1.8218
 30
0.0
 10
6.4308
 20
2.0769
 30
0.0
 10
6.4308
 20
2.0769
 30
0.0
 10
6.3657
 20
2.3319
 30
0.0
 10
6.2571
 20
2.5544
 30
0.0
 10
6.1052
 20
2.739
 30
0.0
 10
6.1052
 20
2.739
 30
0.0
 10
5.9152
 20
2.9832
 30
0.0
 10
5.6657
 20
3.1731
 30
0.0
 10
5.3563
 20
3.3088
 30
0.0
 10
5.3563
 20
3.3088
 30
0.0
 10
5.0469
 20
3.4446
 30
0.0
 10
4.7268
 20
3.5096
 30
0.0
 10
4.3957
 20
3.5096
 30
0.0
 10
4.3957
 20
3.5096
 30
0.0
 10
4.0647
 20
3.5096
 30
0.0
 10
3.7662
 20
3.4282
 30
0.0
 10
3.5003
 20
3.2654
 30
0.0
 10
3.5003
 20
3.2654
 30
0.0
 10
3.2344
 20
3.1026
 30
0.0
 10
3.0064
 20
2.8747
 30
0.0
 10
2.8165
 20
2.5708
 30
0.0
 10
2.8165
 20
2.5708
 30
0.0
 10
2.6266
 20
2.2669
 30
0.0
 10
2.4801
 20
1.9032
 30
0.0
 10
2.3769
 20
1.48
 30
0.0
 10
2.3769
 20
1.48
 30
0.0
 10
2.2738
 20
1.0567
 30
0.0
 10
2.225
 20
0.5791
 30
0.0
 10
2.225
 20
0.0418
 30
0.0
 10
2.225
 20
0.0418
 30
0.0
 10
2.225
 20
-1.1412
 30
0.0
 10
2.4149
 20
-2.0095
 30
0.0
 10
2.7948
 20
-2.5631
 30
0.0
 10
2.7948
 20
-2.5631
 30
0.0
 10
3.1747
 20
-3.1112
 30
0.0
 10
3.7717
 20
-3.388
 30
0.0
 10
4.5748
 20
-3.388
 30
0.0
 10
4.5748
 20
-3.388
 30
0.0
 10
4.8136
 20
-3.388
 30
0.0
 10
5.0198
 20
-3.3554
 30
0.0
 10
5.1935
 20
-3.2848
 30
0.0
 10
5.1935
 20
-3.2848
 30
0.0
 10
5.3671
 20
-3.2143
 30
0.0
 10
5.5029
 20
-3.1492
 30
0.0
 10
5.6005
 20
-3.084
 30
0.0
 10
5.6005
 20
-3.084
 30
0.0
 10
5.7253
 20
-2.9971
 30
0.0
 10
5.8068
 20
-2.9157
 30
0.0
 10
5.8393
 20
-2.8398
 30
0.0
 10
5.8393
 20
-2.8398
 30
0.0
 10
5.8719
 20
-2.7638
 30
0.0
 10
5.8882
 20
-2.6662
 30
0.0
 10
5.8882
 20
-2.5359
 30
0.0
 10
5.8882
 20
-2.5359
 30
0.0
 10
5.8882
 20
-2.5359
 30
0.0
 10
5.8882
 20
-1.5863
 30
0.0
 10
5.8882
 20
-1.5863
 30
0.0
 10
5.8882
 20
-1.5863
 30
0.0
 10
5.8882
 20
-1.3149
 30
0.0
 10
5.861
 20
-1.1141
 30
0.0
 10
5.8122
 20
-0.9838
 30
0.0
 10
5.8122
 20
-0.9838
 30
0.0
 10
5.7579
 20
-0.8536
 30
0.0
 10
5.6603
 20
-0.7614
 30
0.0
 10
5.5191
 20
-0.7179
 30
0.0
 10
5.5191
 20
-0.7179
 30
0.0
 10
5.378
 20
-0.6746
 30
0.0
 10
5.1664
 20
-0.6474
 30
0.0
 10
4.8896
 20
-0.6365
 30
0.0
 10
4.8896
 20
-0.6365
 30
0.0
 10
4.8896
 20
-0.6365
 30
0.0
 10
4.8896
 20
-0.4412
 30
0.0
 10
4.8896
 20
-0.4412
 30
0.0
 10
4.8896
 20
-0.4412
 30
0.0
 10
5.009
 20
-0.4467
 30
0.0
 10
5.1447
 20
-0.4521
 30
0.0
 10
5.302
 20
-0.4576
 30
0.0
 10
5.302
 20
-0.4576
 30
0.0
 10
5.4594
 20
-0.463
 30
0.0
 10
5.6276
 20
-0.463
 30
0.0
 10
5.8013
 20
-0.4684
 30
0.0
 10
5.8013
 20
-0.4684
 30
0.0
 10
5.975
 20
-0.4684
 30
0.0
 10
6.1378
 20
-0.4684
 30
0.0
 10
6.2789
 20
-0.4684
 30
0.0
 10
6.2789
 20
-0.4684
 30
0.0
 10
6.496
 20
-0.4684
 30
0.0
 10
6.6913
 20
-0.4684
 30
0.0
 10
6.865
 20
-0.4576
 30
0.0
 10
6.865
 20
-0.4576
 30
0.0
 10
7.0387
 20
-0.4521
 30
0.0
 10
7.1852
 20
-0.4467
 30
0.0
 10
7.3045
 20
-0.4358
 30
0.0
 10
7.3045
 20
-0.4358
 30
0.0
 10
7.3045
 20
-0.4358
 30
0.0
 10
7.3045
 20
-0.6312
 30
0.0
 10
7.3045
 20
-0.6312
 30
0.0
 10
7.3045
 20
-0.6312
 30
0.0
 10
7.158
 20
-0.6367
 30
0.0
 10
7.0496
 20
-0.6583
 30
0.0
 10
6.9789
 20
-0.7017
 30
0.0
 10
6.9789
 20
-0.7017
 30
0.0
 10
6.9084
 20
-0.7397
 30
0.0
 10
6.8596
 20
-0.8211
 30
0.0
 10
6.8379
 20
-0.9405
 30
0.0
 10
6.8379
 20
-0.9405
 30
0.0
 10
6.8161
 20
-1.0599
 30
0.0
 10
6.8054
 20
-1.239
 30
0.0
 10
6.8054
 20
-1.4832
 30
0.0
 10
6.8054
 20
-1.4832
 30
0.0
 10
6.8054
 20
-1.4832
 30
0.0
 10
6.8054
 20
-3.4369
 30
0.0
 10
6.8054
 20
-3.4369
 30
0.0
 10
6.8054
 20
-3.4369
 30
0.0
 10
6.8054
 20
-3.4369
 30
0.0
 10
6.6099
 20
-3.4368
 30
0.0
 10
6.6099
 20
-3.4368
 30
0.0
 10
6.6099
 20
-3.4368
 30
0.0
 10
6.6044
 20
-3.3229
 30
0.0
 10
6.5773
 20
-3.2034
 30
0.0
 10
6.5339
 20
-3.0732
 30
0.0
 10
6.5339
 20
-3.0732
 30
0.0
 10
6.4905
 20
-2.9429
 30
0.0
 10
6.4253
 20
-2.8778
 30
0.0
 10
6.3439
 20
-2.8778
 30
0.0
 10
6.3439
 20
-2.8778
 30
0.0
 10
6.306
 20
-2.8778
 30
0.0
 10
6.2625
 20
-2.8887
 30
0.0
 10
6.2246
 20
-2.905
 30
0.0
 10
6.2246
 20
-2.905
 30
0.0
 10
6.1865
 20
-2.9267
 30
0.0
 10
6.116
 20
-2.9701
 30
0.0
 10
6.0183
 20
-3.0407
 30
0.0
 10
6.0183
 20
-3.0407
 30
0.0
 10
5.8012
 20
-3.2035
 30
0.0
 10
5.5679
 20
-3.3337
 30
0.0
 10
5.3291
 20
-3.4314
 30
0.0
 10
5.3291
 20
-3.4314
 30
0.0
 10
5.0902
 20
-3.5291
 30
0.0
 10
4.8027
 20
-3.5726
 30
0.0
 10
4.4825
 20
-3.5726
 30
0.0
 10
4.4825
 20
-3.5726
 30
0.0
 10
3.8041
 20
-3.5726
 30
0.0
 10
3.2235
 20
-3.4314
 30
0.0
 10
2.7404
 20
-3.1547
 30
0.0
 10
2.7404
 20
-3.1547
 30
0.0
 10
2.2575
 20
-2.8778
 30
0.0
 10
1.8885
 20
-2.4709
 30
0.0
 10
1.6279
 20
-1.9444
 30
0.0
 10
1.6279
 20
-1.9444
 30
0.0
 10
1.3729
 20
-1.4181
 30
0.0
 10
1.2427
 20
-0.7886
 30
0.0
 10
1.2427
 20
-0.0559
 30
0.0
 10
1.2427
 20
-0.0559
 30
0.0
 10
1.2427
 20
0.7147
 30
0.0
 10
1.3838
 20
1.3768
 30
0.0
 10
1.6606
 20
1.9412
 30
0.0
 10
1.6606
 20
1.9412
 30
0.0
 10
1.9373
 20
2.5002
 30
0.0
 10
2.3118
 20
2.9343
 30
0.0
 10
2.7893
 20
3.2382
 30
0.0
 10
2.7893
 20
3.2382
 30
0.0
 10
3.2669
 20
3.5421
 30
0.0
 10
3.8096
 20
3.6995
 30
0.0
 10
4.4228
 20
3.6995
 30
0.0
 10
4.4228
 20
3.6995
 30
0.0
 10
4.4228
 20
3.6995
 30
0.0
 10
4.4229
 20
3.6887
 30
0.0
 10
4.4229
 20
3.6887
 30
0.0
  0
SPLINE
  5
85
330
1F
100
AcDbEntity
  8
layer 1
 62
   242
100
AcDbSpline
210
0.0
220
0.0
230
1.0
 70
    11
 71
     3
 72
   156
 73
   152
 74
     0
 42
0.000000001
 43
0.0000000001
 40
0.0
 40
0.0
 40
0.0
 40
0.0
 40
0.0256410256410256
 40
0.0256410256410256
 40
0.0256410256410256
 40
0.0256410256410256
 40
0.0512820512820513
 40
0.0512820512820513
 40
0.0512820512820513
 40
0.0512820512820513
 40
0.0769230769230769
 40
0.0769230769230769
 40
0.0769230769230769
 40
0.0769230769230769
 40
0.1025641025641026
 40
0.1025641025641026
 40
0.1025641025641026
 40
0.1025641025641026
 40
0.1282051282051282
 40
0.1282051282051282
 40
0.1282051282051282
 40
0.1282051282051282
 40
0.1538461538461539
 40
0.1538461538461539
 40
0.1538461538461539
 40
0.1538461538461539
 40
0.1794871794871795
 40
0.1794871794871795
 40
0.1794871794871795
 40
0.1794871794871795
 40
0.2051282051282051
 40
0.2051282051282051
 40
0.2051282051282051
 40
0.2051282051282051
 40
0.2307692307692308
 40
0.2307692307692308
 40
0.2307692307692308
 40
0.2307692307692308
 40
0.2564102564102564
 40
0.2564102564102564
 40
0.2564102564102564
 40
0.2564102564102564
 40
0.282051282051282
 40
0.282051282051282
 40
0.282051282051282
 40
0.282051282051282
 40
0.3076923076923077
 40
0.3076923076923077
 40
0.3076923076923077
 40
0.3076923076923077
 40
0.3333333333333333
 40
0.3333333333333333
 40
0.3333333333333333
 40
0.3333333333333333
 40
0.358974358974359
 40
0.358974358974359
 40
0.358974358974359
 40
0.358974358974359
 40
0.3846153846153846
 40
0.3846153846153846
 40
0.3846153846153846
 40
0.3846153846153846
 40
0.4102564102564102
 40
0.4102564102564102
 40
0.4102564102564102
 40
0.4102564102564102
 40
0.4358974358974359
 40
0.4358974358974359
 40
0.4358974358974359
 40
0.4358974358974359
 40
0.4615384615384616
 40
0.4615384615384616
 40
0.4615384615384616
 40
0.4615384615384616
 40
0.4871794871794872
 40
0.4871794871794872
 40
0.4871794871794872
 40
0.4871794871794872
 40
0.5128205128205128
 40
0.5128205128205128
 40
0.5128205128205128
 40
0.5128205128205128
 40
0.5384615384615384
 40
0.5384615384615384
 40
0.5384615384615384
 40
0.5384615384615384
 40
0.5641025641025641
 40
0.5641025641025641
 40
0.5641025641025641
 40
0.5641025641025641
 40
0.5897435897435898
 40
0.5897435897435898
 40
0.5897435897435898
 40
0.5897435897435898
 40
0.6153846153846154
 40
0.6153846153846154
 40
0.6153846153846154
 40
0.6153846153846154
 40
0.6410256410256411
 40
0.6410256410256411
 40
0.6410256410256411
 40
0.6410256410256411
 40
0.6666666666666666
 40
0.6666666666666666
 40
0.6666666666666666
 40
0.6666666666666666
 40
0.6923076923076923
 40
0.6923076923076923
 40
0.6923076923076923
 40
0.6923076923076923
 40
0.717948717948718
 40
0.717948717948718
 40
0.717948717948718
 40
0.717948717948718
 40
0.7435897435897436
 40
0.7435897435897436
 40
0.7435897435897436
 40
0.7435897435897436
 40
0.7692307692307693
 40
0.7692307692307693
 40
0.7692307692307693
 40
0.7692307692307693
 40
0.7948717948717948
 40
0.7948717948717948
 40
0.7948717948717948
 40
0.7948717948717948
 40
0.8205128205128205
 40
0.8205128205128205
 40
0.8205128205128205
 40
0.8205128205128205
 40
0.8461538461538461
 40
0.8461538461538461
 40
0.8461538461538461
 40
0.8461538461538461
 40
0.8717948717948718
 40
0.8717948717948718
 40
0.8717948717948718
 40
0.8717948717948718
 40
0.8974358974358975
 40
0.8974358974358975
 40
0.8974358974358975
 40
0.8974358974358975
 40
0.9230769230769231
 40
0.9230769230769231
 40
0.9230769230769231
 40
0.9230769230769231
 40
0.9487179487179487
 40
0.9487179487179487
 40
0.9487179487179487
 40
0.9487179487179487
 40
1.0
 40
1.0
 40
1.0
 40
1.0
 10
15.7216
 20
3.5476
 30
0.0
 10
15.6945
 20
3.2979
 30
0.0
 10
15.6782
 20
3.0537
 30
0.0
 10
15.6674
 20
2.8204
 30
0.0
 10
15.6674
 20
2.8204
 30
0.0
 10
15.6565
 20
2.5871
 30
0.0
 10
15.6511
 20
2.408
 30
0.0
 10
15.6511
 20
2.2832
 30
0.0
 10
15.6511
 20
2.2832
 30
0.0
 10
15.6511
 20
2.1258
 30
0.0
 10
15.6511
 20
1.9793
 30
0.0
 10
15.6619
 20
1.8381
 30
0.0
 10
15.6619
 20
1.8381
 30
0.0
 10
15.6674
 20
1.6971
 30
0.0
 10
15.6728
 20
1.5776
 30
0.0
 10
15.6836
 20
1.4746
 30
0.0
 10
15.6836
 20
1.4746
 30
0.0
 10
15.6836
 20
1.4746
 30
0.0
 10
15.4557
 20
1.4746
 30
0.0
 10
15.4557
 20
1.4746
 30
0.0
 10
15.4557
 20
1.4746
 30
0.0
 10
15.4068
 20
1.9359
 30
0.0
 10
15.3471
 20
2.2995
 30
0.0
 10
15.2657
 20
2.5654
 30
0.0
 10
15.2657
 20
2.5654
 30
0.0
 10
15.1843
 20
2.8313
 30
0.0
 10
15.0487
 20
3.0267
 30
0.0
 10
14.8533
 20
3.146
 30
0.0
 10
14.8533
 20
3.146
 30
0.0
 10
14.6579
 20
3.2655
 30
0.0
 10
14.3486
 20
3.3252
 30
0.0
 10
13.9362
 20
3.3252
 30
0.0
 10
13.9362
 20
3.3252
 30
0.0
 10
13.9362
 20
3.3252
 30
0.0
 10
13.4044
 20
3.3251
 30
0.0
 10
13.4044
 20
3.3251
 30
0.0
 10
13.4044
 20
3.3251
 30
0.0
 10
13.4044
 20
3.3251
 30
0.0
 10
13.4044
 20
-2.2971
 30
0.0
 10
13.4044
 20
-2.2971
 30
0.0
 10
13.4044
 20
-2.2971
 30
0.0
 10
13.4044
 20
-2.563
 30
0.0
 10
13.4315
 20
-2.7584
 30
0.0
 10
13.4804
 20
-2.8887
 30
0.0
 10
13.4804
 20
-2.8887
 30
0.0
 10
13.5292
 20
-3.0189
 30
0.0
 10
13.6269
 20
-3.1111
 30
0.0
 10
13.7734
 20
-3.1546
 30
0.0
 10
13.7734
 20
-3.1546
 30
0.0
 10
13.9198
 20
-3.1979
 30
0.0
 10
14.1261
 20
-3.2306
 30
0.0
 10
14.403
 20
-3.2413
 30
0.0
 10
14.403
 20
-3.2413
 30
0.0
 10
14.403
 20
-3.2413
 30
0.0
 10
14.403
 20
-3.4367
 30
0.0
 10
14.403
 20
-3.4367
 30
0.0
 10
14.403
 20
-3.4367
 30
0.0
 10
14.2293
 20
-3.4259
 30
0.0
 10
14.0121
 20
-3.415
 30
0.0
 10
13.7516
 20
-3.4095
 30
0.0
 10
13.7516
 20
-3.4095
 30
0.0
 10
13.4858
 20
-3.4095
 30
0.0
 10
13.2199
 20
-3.4095
 30
0.0
 10
12.9539
 20
-3.4095
 30
0.0
 10
12.9539
 20
-3.4095
 30
0.0
 10
12.6555
 20
-3.4095
 30
0.0
 10
12.3787
 20
-3.4095
 30
0.0
 10
12.1183
 20
-3.4095
 30
0.0
 10
12.1183
 20
-3.4095
 30
0.0
 10
11.8578
 20
-3.4095
 30
0.0
 10
11.6515
 20
-3.4204
 30
0.0
 10
11.4887
 20
-3.4367
 30
0.0
 10
11.4887
 20
-3.4367
 30
0.0
 10
11.4887
 20
-3.4367
 30
0.0
 10
11.4887
 20
-3.2413
 30
0.0
 10
11.4887
 20
-3.2413
 30
0.0
 10
11.4887
 20
-3.2413
 30
0.0
 10
11.7655
 20
-3.2306
 30
0.0
 10
11.9771
 20
-3.198
 30
0.0
 10
12.1183
 20
-3.1546
 30
0.0
 10
12.1183
 20
-3.1546
 30
0.0
 10
12.2594
 20
-3.1111
 30
0.0
 10
12.3625
 20
-3.0188
 30
0.0
 10
12.4113
 20
-2.8887
 30
0.0
 10
12.4113
 20
-2.8887
 30
0.0
 10
12.4601
 20
-2.7584
 30
0.0
 10
12.4873
 20
-2.5576
 30
0.0
 10
12.4873
 20
-2.2971
 30
0.0
 10
12.4873
 20
-2.2971
 30
0.0
 10
12.4873
 20
-2.2971
 30
0.0
 10
12.4873
 20
3.3251
 30
0.0
 10
12.4873
 20
3.3251
 30
0.0
 10
12.4873
 20
3.3251
 30
0.0
 10
12.4873
 20
3.3251
 30
0.0
 10
11.9553
 20
3.3251
 30
0.0
 10
11.9553
 20
3.3251
 30
0.0
 10
11.9553
 20
3.3251
 30
0.0
 10
11.5483
 20
3.3251
 30
0.0
 10
11.2444
 20
3.2654
 30
0.0
 10
11.0436
 20
3.146
 30
0.0
 10
11.0436
 20
3.146
 30
0.0
 10
10.8428
 20
3.0267
 30
0.0
 10
10.7017
 20
2.8367
 30
0.0
 10
10.6258
 20
2.5653
 30
0.0
 10
10.6258
 20
2.5653
 30
0.0
 10
10.5498
 20
2.294
 30
0.0
 10
10.4846
 20
1.9358
 30
0.0
 10
10.4358
 20
1.4746
 30
0.0
 10
10.4358
 20
1.4746
 30
0.0
 10
10.4358
 20
1.4746
 30
0.0
 10
10.2079
 20
1.4746
 30
0.0
 10
10.2079
 20
1.4746
 30
0.0
 10
10.2079
 20
1.4746
 30
0.0
 10
10.2188
 20
1.5776
 30
0.0
 10
10.2296
 20
1.7025
 30
0.0
 10
10.2351
 20
1.8381
 30
0.0
 10
10.2351
 20
1.8381
 30
0.0
 10
10.2351
 20
1.9739
 30
0.0
 10
10.2351
 20
2.1258
 30
0.0
 10
10.2351
 20
2.2832
 30
0.0
 10
10.2351
 20
2.2832
 30
0.0
 10
10.2351
 20
2.4079
 30
0.0
 10
10.2351
 20
2.587
 30
0.0
 10
10.2188
 20
2.8204
 30
0.0
 10
10.2188
 20
2.8204
 30
0.0
 10
10.2079
 20
3.0537
 30
0.0
 10
10.1916
 20
3.298
 30
0.0
 10
10.1644
 20
3.5476
 30
0.0
 10
10.1644
 20
3.5476
 30
0.0
 10
10.4413
 20
3.5421
 30
0.0
 10
10.7451
 20
3.5367
 30
0.0
 10
11.0707
 20
3.526
 30
0.0
 10
11.0707
 20
3.526
 30
0.0
 10
11.3963
 20
3.5151
 30
0.0
 10
11.722
 20
3.5151
 30
0.0
 10
12.053
 20
3.5151
 30
0.0
 10
12.053
 20
3.5151
 30
0.0
 10
12.053
 20
3.5151
 30
0.0
 10
13.8438
 20
3.5151
 30
0.0
 10
13.8438
 20
3.5151
 30
0.0
 10
13.8438
 20
3.5151
 30
0.0
 10
14.1694
 20
3.5151
 30
0.0
 10
14.4951
 20
3.5151
 30
0.0
 10
14.8261
 20
3.526
 30
0.0
 10
14.8261
 20
3.526
 30
0.0
 10
15.1572
 20
3.5367
 30
0.0
 10
15.4557
 20
3.5367
 30
0.0
 10
15.727
 20
3.5476
 30
0.0
 10
15.727
 20
3.5476
 30
0.0
 10
15.727
 20
3.5476
 30
0.0
 10
15.7216
 20
3.5476
 30
0.0
 10
15.7216
 20
3.5476
 30
0.0
  0
SPLINE
  5
86
330
1F
100
AcDbEntity
  8
layer 1
 62
   242
100
AcDbSpline
210
0.0
220
0.0
230
1.0
 70
    11
 71
     3
 72
    56
 73
    52
 74
     0
 42
0.000000001
 43
0.0000000001
 40
0.0
 40
0.0
 40
0.0
 40
0.0
 40
0.0714285714285714
 40
0.0714285714285714
 40
0.0714285714285714
 40
0.0714285714285714
 40
0.1428571428571428
 40
0.1428571428571428
 40
0.1428571428571428
 40
0.1428571428571428
 40
0.2142857142857143
 40
0.2142857142857143
 40
0.2142857142857143
 40
0.2142857142857143
 40
0.2857142857142857
 40
0.2857142857142857
 40
0.2857142857142857
 40
0.2857142857142857
 40
0.3571428571428572
 40
0.3571428571428572
 40
0.3571428571428572
 40
0.3571428571428572
 40
0.4285714285714285
 40
0.4285714285714285
 40
0.4285714285714285
 40
0.4285714285714285
 40
0.5
 40
0.5
 40
0.5
 40
0.5
 40
0.5714285714285714
 40
0.5714285714285714
 40
0.5714285714285714
 40
0.5714285714285714
 40
0.6428571428571429
 40
0.6428571428571429
 40
0.6428571428571429
 40
0.6428571428571429
 40
0.7142857142857143
 40
0.7142857142857143
 40
0.7142857142857143
 40
0.7142857142857143
 40
0.7857142857142857
 40
0.7857142857142857
 40
0.7857142857142857
 40
0.7857142857142857
 40
0.8571428571428571
 40
0.8571428571428571
 40
0.8571428571428571
 40
0.8571428571428571
 40
1.0
 40
1.0
 40
1.0
 40
1.0
 10
19.6724
 20
3.6887
 30
0.0
 10
20.2964
 20
3.6887
 30
0.0
 10
20.8446
 20
3.5476
 30
0.0
 10
21.3167
 20
3.2654
 30
0.0
 10
21.3167
 20
3.2654
 30
0.0
 10
21.7888
 20
2.9832
 30
0.0
 10
22.1525
 20
2.5762
 30
0.0
 10
22.4129
 20
2.0444
 30
0.0
 10
22.4129
 20
2.0444
 30
0.0
 10
22.6734
 20
1.5125
 30
0.0
 10
22.8037
 20
0.8721
 30
0.0
 10
22.8037
 20
0.1124
 30
0.0
 10
22.8037
 20
0.1124
 30
0.0
 10
22.8037
 20
-0.6473
 30
0.0
 10
22.6679
 20
-1.2715
 30
0.0
 10
22.402
 20
-1.825
 30
0.0
 10
22.402
 20
-1.825
 30
0.0
 10
22.1362
 20
-2.3785
 30
0.0
 10
21.7671
 20
-2.8073
 30
0.0
 10
21.2895
 20
-3.1166
 30
0.0
 10
21.2895
 20
-3.1166
 30
0.0
 10
20.8174
 20
-3.4259
 30
0.0
 10
20.2748
 20
-3.5832
 30
0.0
 10
19.6615
 20
-3.5832
 30
0.0
 10
19.6615
 20
-3.5832
 30
0.0
 10
19.0483
 20
-3.5832
 30
0.0
 10
18.4892
 20
-3.4422
 30
0.0
 10
18.0171
 20
-3.1599
 30
0.0
 10
18.0171
 20
-3.1599
 30
0.0
 10
17.545
 20
-2.8778
 30
0.0
 10
17.1814
 20
-2.4708
 30
0.0
 10
16.921
 20
-1.9336
 30
0.0
 10
16.921
 20
-1.9336
 30
0.0
 10
16.6605
 20
-1.4017
 30
0.0
 10
16.5302
 20
-0.7559
 30
0.0
 10
16.5302
 20
-0.007
 30
0.0
 10
16.5302
 20
-0.007
 30
0.0
 10
16.5302
 20
0.742
 30
0.0
 10
16.6659
 20
1.3769
 30
0.0
 10
16.9372
 20
1.9304
 30
0.0
 10
16.9372
 20
1.9304
 30
0.0
 10
17.2086
 20
2.4839
 30
0.0
 10
17.5777
 20
2.9127
 30
0.0
 10
18.0498
 20
3.222
 30
0.0
 10
18.0498
 20
3.222
 30
0.0
 10
18.5219
 20
3.5314
 30
0.0
 10
19.0645
 20
3.6887
 30
0.0
 10
19.6724
 20
3.6887
 30
0.0
 10
19.6724
 20
3.6887
 30
0.0
 10
19.6724
 20
3.6887
 30
0.0
 10
19.6724
 20
3.6887
 30
0.0
 10
19.6724
 20
3.6887
 30
0.0
  0
SPLINE
  5
87
330
1F
100
AcDbEntity
  8
layer 1
 62
   242
100
AcDbSpline
210
0.0
220
0.0
230
1.0
 70
    11
 71
     3
 72
    56
 73
    52
 74
     0
 42
0.000000001
 43
0.0000000001
 40
0.0
 40
0.0
 40
0.0
 40
0.0
 40
0.0714285714285714
 40
0.0714285714285714
 40
0.0714285714285714
 40
0.0714285714285714
 40
0.1428571428571428
 40
0.1428571428571428
 40
0.1428571428571428
 40
0.1428571428571428
 40
0.2142857142857143
 40
0.2142857142857143
 40
0.2142857142857143
 40
0.2142857142857143
 40
0.2857142857142857
 40
0.2857142857142857
 40
0.2857142857142857
 40
0.2857142857142857
 40
0.3571428571428572
 40
0.3571428571428572
 40
0.3571428571428572
 40
0.3571428571428572
 40
0.4285714285714285
 40
0.4285714285714285
 40
0.4285714285714285
 40
0.4285714285714285
 40
0.5
 40
0.5
 40
0.5
 40
0.5
 40
0.5714285714285714
 40
0.5714285714285714
 40
0.5714285714285714
 40
0.5714285714285714
 40
0.6428571428571429
 40
0.6428571428571429
 40
0.6428571428571429
 40
0.6428571428571429
 40
0.7142857142857143
 40
0.7142857142857143
 40
0.7142857142857143
 40
0.7142857142857143
 40
0.7857142857142857
 40
0.7857142857142857
 40
0.7857142857142857
 40
0.7857142857142857
 40
0.8571428571428571
 40
0.8571428571428571
 40
0.8571428571428571
 40
0.8571428571428571
 40
1.0
 40
1.0
 40
1.0
 40
1.0
 10
19.6343
 20
3.5096
 30
0.0
 10
19.2057
 20
3.5096
 30
0.0
 10
18.8366
 20
3.3631
 30
0.0
 10
18.5164
 20
3.0646
 30
0.0
 10
18.5164
 20
3.0646
 30
0.0
 10
18.2017
 20
2.7661
 30
0.0
 10
17.9521
 20
2.3592
 30
0.0
 10
17.7783
 20
1.8381
 30
0.0
 10
17.7783
 20
1.8381
 30
0.0
 10
17.6047
 20
1.3172
 30
0.0
 10
17.5178
 20
0.7148
 30
0.0
 10
17.5178
 20
0.031
 30
0.0
 10
17.5178
 20
0.031
 30
0.0
 10
17.5178
 20
-0.6527
 30
0.0
 10
17.6156
 20
-1.2769
 30
0.0
 10
17.8109
 20
-1.7924
 30
0.0
 10
17.8109
 20
-1.7924
 30
0.0
 10
18.0062
 20
-2.308
 30
0.0
 10
18.2667
 20
-2.7095
 30
0.0
 10
18.6032
 20
-2.9864
 30
0.0
 10
18.6032
 20
-2.9864
 30
0.0
 10
18.9343
 20
-3.2631
 30
0.0
 10
19.3033
 20
-3.4043
 30
0.0
 10
19.7048
 20
-3.4043
 30
0.0
 10
19.7048
 20
-3.4043
 30
0.0
 10
20.1336
 20
-3.4043
 30
0.0
 10
20.5027
 20
-3.2577
 30
0.0
 10
20.8228
 20
-2.9592
 30
0.0
 10
20.8228
 20
-2.9592
 30
0.0
 10
21.1376
 20
-2.6608
 30
0.0
 10
21.3818
 20
-2.2538
 30
0.0
 10
21.5609
 20
-1.7273
 30
0.0
 10
21.5609
 20
-1.7273
 30
0.0
 10
21.74
 20
-1.2008
 30
0.0
 10
21.8214
 20
-0.604
 30
0.0
 10
21.8214
 20
0.0744
 30
0.0
 10
21.8214
 20
0.0744
 30
0.0
 10
21.8214
 20
0.7526
 30
0.0
 10
21.7237
 20
1.3877
 30
0.0
 10
21.5283
 20
1.9032
 30
0.0
 10
21.5283
 20
1.9032
 30
0.0
 10
21.333
 20
2.4187
 30
0.0
 10
21.0725
 20
2.8149
 30
0.0
 10
20.7415
 20
3.0917
 30
0.0
 10
20.7415
 20
3.0917
 30
0.0
 10
20.4104
 20
3.3738
 30
0.0
 10
20.0414
 20
3.5096
 30
0.0
 10
19.6344
 20
3.5096
 30
0.0
 10
19.6344
 20
3.5096
 30
0.0
 10
19.6344
 20
3.5096
 30
0.0
 10
19.6343
 20
3.5096
 30
0.0
 10
19.6343
 20
3.5096
 30
0.0
  0
SPLINE
  5
88
330
1F
100
AcDbEntity
  8
layer 1
 62
   242
100
AcDbSpline
210
0.0
220
0.0
230
1.0
 70
    11
 71
     3
 72
    56
 73
    52
 74
     0
 42
0.000000001
 43
0.0000000001
 40
0.0
 40
0.0
 40
0.0
 40
0.0
 40
0.0714285714285714
 40
0.0714285714285714
 40
0.0714285714285714
 40
0.0714285714285714
 40
0.1428571428571428
 40
0.1428571428571428
 40
0.1428571428571428
 40
0.1428571428571428
 40
0.2142857142857143
 40
0.2142857142857143
 40
0.2142857142857143
 40
0.2142857142857143
 40
0.2857142857142857
 40
0.2857142857142857
 40
0.2857142857142857
 40
0.2857142857142857
 40
0.3571428571428572
 40
0.3571428571428572
 40
0.3571428571428572
 40
0.3571428571428572
 40
0.4285714285714285
 40
0.4285714285714285
 40
0.4285714285714285
 40
0.4285714285714285
 40
0.5
 40
0.5
 40
0.5
 40
0.5
 40
0.5714285714285714
 40
0.5714285714285714
 40
0.5714285714285714
 40
0.5714285714285714
 40
0.6428571428571429
 40
0.6428571428571429
 40
0.6428571428571429
 40
0.6428571428571429
 40
0.7142857142857143
 40
0.7142857142857143
 40
0.7142857142857143
 40
0.7142857142857143
 40
0.7857142857142857
 40
0.7857142857142857
 40
0.7857142857142857
 40
0.7857142857142857
 40
0.8571428571428571
 40
0.8571428571428571
 40
0.8571428571428571
 40
0.8571428571428571
 40
1.0
 40
1.0
 40
1.0
 40
1.0
 10
26.9932
 20
3.6887
 30
0.0
 10
27.6174
 20
3.6887
 30
0.0
 10
28.1655
 20
3.5476
 30
0.0
 10
28.6376
 20
3.2654
 30
0.0
 10
28.6376
 20
3.2654
 30
0.0
 10
29.1097
 20
2.9832
 30
0.0
 10
29.4733
 20
2.5762
 30
0.0
 10
29.7338
 20
2.0444
 30
0.0
 10
29.7338
 20
2.0444
 30
0.0
 10
29.9942
 20
1.5125
 30
0.0
 10
30.1246
 20
0.8721
 30
0.0
 10
30.1246
 20
0.1124
 30
0.0
 10
30.1246
 20
0.1124
 30
0.0
 10
30.1246
 20
-0.6473
 30
0.0
 10
29.9889
 20
-1.2715
 30
0.0
 10
29.723
 20
-1.825
 30
0.0
 10
29.723
 20
-1.825
 30
0.0
 10
29.4571
 20
-2.3785
 30
0.0
 10
29.0881
 20
-2.8073
 30
0.0
 10
28.6104
 20
-3.1166
 30
0.0
 10
28.6104
 20
-3.1166
 30
0.0
 10
28.1383
 20
-3.4259
 30
0.0
 10
27.5956
 20
-3.5832
 30
0.0
 10
26.9823
 20
-3.5832
 30
0.0
 10
26.9823
 20
-3.5832
 30
0.0
 10
26.3692
 20
-3.5832
 30
0.0
 10
25.8102
 20
-3.4422
 30
0.0
 10
25.3381
 20
-3.1599
 30
0.0
 10
25.3381
 20
-3.1599
 30
0.0
 10
24.8659
 20
-2.8778
 30
0.0
 10
24.5023
 20
-2.4708
 30
0.0
 10
24.2418
 20
-1.9336
 30
0.0
 10
24.2418
 20
-1.9336
 30
0.0
 10
23.9813
 20
-1.4017
 30
0.0
 10
23.8511
 20
-0.7559
 30
0.0
 10
23.8511
 20
-0.007
 30
0.0
 10
23.8511
 20
-0.007
 30
0.0
 10
23.8511
 20
0.742
 30
0.0
 10
23.9868
 20
1.3769
 30
0.0
 10
24.2581
 20
1.9304
 30
0.0
 10
24.2581
 20
1.9304
 30
0.0
 10
24.5294
 20
2.4839
 30
0.0
 10
24.8985
 20
2.9127
 30
0.0
 10
25.3706
 20
3.222
 30
0.0
 10
25.3706
 20
3.222
 30
0.0
 10
25.8427
 20
3.5314
 30
0.0
 10
26.3855
 20
3.6887
 30
0.0
 10
26.9933
 20
3.6887
 30
0.0
 10
26.9933
 20
3.6887
 30
0.0
 10
26.9933
 20
3.6887
 30
0.0
 10
26.9932
 20
3.6887
 30
0.0
 10
26.9932
 20
3.6887
 30
0.0
  0
SPLINE
  5
89
330
1F
100
AcDbEntity
  8
layer 1
 62
   242
100
AcDbSpline
210
0.0
220
0.0
230
1.0
 70
    11
 71
     3
 72
    56
 73
    52
 74
     0
 42
0.000000001
 43
0.0000000001
 40
0.0
 40
0.0
 40
0.0
 40
0.0
 40
0.0714285714285714
 40
0.0714285714285714
 40
0.0714285714285714
 40
0.0714285714285714
 40
0.1428571428571428
 40
0.1428571428571428
 40
0.1428571428571428
 40
0.1428571428571428
 40
0.2142857142857143
 40
0.2142857142857143
 40
0.2142857142857143
 40
0.2142857142857143
 40
0.2857142857142857
 40
0.2857142857142857
 40
0.2857142857142857
 40
0.2857142857142857
 40
0.3571428571428572
 40
0.3571428571428572
 40
0.3571428571428572
 40
0.3571428571428572
 40
0.4285714285714285
 40
0.4285714285714285
 40
0.4285714285714285
 40
0.4285714285714285
 40
0.5
 40
0.5
 40
0.5
 40
0.5
 40
0.5714285714285714
 40
0.5714285714285714
 40
0.5714285714285714
 40
0.5714285714285714
 40
0.6428571428571429
 40
0.6428571428571429
 40
0.6428571428571429
 40
0.6428571428571429
 40
0.7142857142857143
 40
0.7142857142857143
 40
0.7142857142857143
 40
0.7142857142857143
 40
0.7857142857142857
 40
0.7857142857142857
 40
0.7857142857142857
 40
0.7857142857142857
 40
0.8571428571428571
 40
0.8571428571428571
 40
0.8571428571428571
 40
0.8571428571428571
 40
1.0
 40
1.0
 40
1.0
 40
1.0
 10
26.9553
 20
3.5096
 30
0.0
 10
26.5265
 20
3.5096
 30
0.0
 10
26.1576
 20
3.3631
 30
0.0
 10
25.8373
 20
3.0646
 30
0.0
 10
25.8373
 20
3.0646
 30
0.0
 10
25.5226
 20
2.7661
 30
0.0
 10
25.2729
 20
2.3592
 30
0.0
 10
25.0992
 20
1.8381
 30
0.0
 10
25.0992
 20
1.8381
 30
0.0
 10
24.9256
 20
1.3172
 30
0.0
 10
24.8388
 20
0.7148
 30
0.0
 10
24.8388
 20
0.031
 30
0.0
 10
24.8388
 20
0.031
 30
0.0
 10
24.8388
 20
-0.6527
 30
0.0
 10
24.9364
 20
-1.2769
 30
0.0
 10
25.1318
 20
-1.7924
 30
0.0
 10
25.1318
 20
-1.7924
 30
0.0
 10
25.3272
 20
-2.308
 30
0.0
 10
25.5876
 20
-2.7095
 30
0.0
 10
25.9241
 20
-2.9864
 30
0.0
 10
25.9241
 20
-2.9864
 30
0.0
 10
26.2551
 20
-3.2631
 30
0.0
 10
26.6242
 20
-3.4043
 30
0.0
 10
27.0258
 20
-3.4043
 30
0.0
 10
27.0258
 20
-3.4043
 30
0.0
 10
27.4546
 20
-3.4043
 30
0.0
 10
27.8235
 20
-3.2577
 30
0.0
 10
28.1437
 20
-2.9592
 30
0.0
 10
28.1437
 20
-2.9592
 30
0.0
 10
28.4584
 20
-2.6608
 30
0.0
 10
28.7027
 20
-2.2538
 30
0.0
 10
28.8818
 20
-1.7273
 30
0.0
 10
28.8818
 20
-1.7273
 30
0.0
 10
29.0609
 20
-1.2008
 30
0.0
 10
29.1423
 20
-0.604
 30
0.0
 10
29.1423
 20
0.0744
 30
0.0
 10
29.1423
 20
0.0744
 30
0.0
 10
29.1423
 20
0.7526
 30
0.0
 10
29.0446
 20
1.3877
 30
0.0
 10
28.8493
 20
1.9032
 30
0.0
 10
28.8493
 20
1.9032
 30
0.0
 10
28.6539
 20
2.4187
 30
0.0
 10
28.3934
 20
2.8149
 30
0.0
 10
28.0623
 20
3.0917
 30
0.0
 10
28.0623
 20
3.0917
 30
0.0
 10
27.7313
 20
3.3738
 30
0.0
 10
27.3623
 20
3.5096
 30
0.0
 10
26.9553
 20
3.5096
 30
0.0
 10
26.9553
 20
3.5096
 30
0.0
 10
26.9553
 20
3.5096
 30
0.0
 10
26.9553
 20
3.5096
 30
0.0
 10
26.9553
 20
3.5096
 30
0.0
  0
SPLINE
  5
8A
330
1F
100
AcDbEntity
  8
layer 1
 62
   242
100
AcDbSpline
210
0.0
220
0.0
230
1.0
 70
    11
 71
     3
 72
   152
 73
   148
 74
     0
 42
0.000000001
 43
0.0000000001
 40
0.0
 40
0.0
 40
0.0
 40
0.0
 40
0.0263157894736842
 40
0.0263157894736842
 40
0.0263157894736842
 40
0.0263157894736842
 40
0.0526315789473684
 40
0.0526315789473684
 40
0.0526315789473684
 40
0.0526315789473684
 40
0.0789473684210526
 40
0.0789473684210526
 40
0.0789473684210526
 40
0.0789473684210526
 40
0.1052631578947368
 40
0.1052631578947368
 40
0.1052631578947368
 40
0.1052631578947368
 40
0.131578947368421
 40
0.131578947368421
 40
0.131578947368421
 40
0.131578947368421
 40
0.1578947368421053
 40
0.1578947368421053
 40
0.1578947368421053
 40
0.1578947368421053
 40
0.1842105263157895
 40
0.1842105263157895
 40
0.1842105263157895
 40
0.1842105263157895
 40
0.2105263157894737
 40
0.2105263157894737
 40
0.2105263157894737
 40
0.2105263157894737
 40
0.2368421052631579
 40
0.2368421052631579
 40
0.2368421052631579
 40
0.2368421052631579
 40
0.2631578947368421
 40
0.2631578947368421
 40
0.2631578947368421
 40
0.2631578947368421
 40
0.2894736842105263
 40
0.2894736842105263
 40
0.2894736842105263
 40
0.2894736842105263
 40
0.3157894736842105
 40
0.3157894736842105
 40
0.3157894736842105
 40
0.3157894736842105
 40
0.3421052631578947
 40
0.3421052631578947
 40
0.3421052631578947
 40
0.3421052631578947
 40
0.3684210526315789
 40
0.3684210526315789
 40
0.3684210526315789
 40
0.3684210526315789
 40
0.3947368421052632
 40
0.3947368421052632
 40
0.3947368421052632
 40
0.3947368421052632
 40
0.4210526315789473
 40
0.4210526315789473
 40
0.4210526315789473
 40
0.4210526315789473
 40
0.4473684210526316
 40
0.4473684210526316
 40
0.4473684210526316
 40
0.4473684210526316
 40
0.4736842105263158
 40
0.4736842105263158
 40
0.4736842105263158
 40
0.4736842105263158
 40
0.5
 40
0.5
 40
0.5
 40
0.5
 40
0.5263157894736842
 40
0.5263157894736842
 40
0.5263157894736842
 40
0.5263157894736842
 40
0.5526315789473685
 40
0.5526315789473685
 40
0.5526315789473685
 40
0.5526315789473685
 40
0.5789473684210527
 40
0.5789473684210527
 40
0.5789473684210527
 40
0.5789473684210527
 40
0.6052631578947368
 40
0.6052631578947368
 40
0.6052631578947368
 40
0.6052631578947368
 40
0.631578947368421
 40
0.631578947368421
 40
0.631578947368421
 40
0.631578947368421
 40
0.6578947368421053
 40
0.6578947368421053
 40
0.6578947368421053
 40
0.6578947368421053
 40
0.6842105263157895
 40
0.6842105263157895
 40
0.6842105263157895
 40
0.6842105263157895
 40
0.7105263157894737
 40
0.7105263157894737
 40
0.7105263157894737
 40
0.7105263157894737
 40
0.7368421052631579
 40
0.7368421052631579
 40
0.7368421052631579
 40
0.7368421052631579
 40
0.7631578947368421
 40
0.7631578947368421
 40
0.7631578947368421
 40
0.7631578947368421
 40
0.7894736842105263
 40
0.7894736842105263
 40
0.7894736842105263
 40
0.7894736842105263
 40
0.8157894736842105
 40
0.8157894736842105
 40
0.8157894736842105
 40
0.8157894736842105
 40
0.8421052631578947
 40
0.8421052631578947
 40
0.8421052631578947
 40
0.8421052631578947
 40
0.868421052631579
 40
0.868421052631579
 40
0.868421052631579
 40
0.868421052631579
 40
0.8947368421052632
 40
0.8947368421052632
 40
0.8947368421052632
 40
0.8947368421052632
 40
0.9210526315789473
 40
0.9210526315789473
 40
0.9210526315789473
 40
0.9210526315789473
 40
0.9473684210526315
 40
0.9473684210526315
 40
0.9473684210526315
 40
0.9473684210526315
 40
1.0
 40
1.0
 40
1.0
 40
1.0
 10
33.5001
 20
3.5476
 30
0.0
 10
33.5001
 20
3.5476
 30
0.0
 10
33.5001
 20
3.3523
 30
0.0
 10
33.5001
 20
3.3523
 30
0.0
 10
33.5001
 20
3.3523
 30
0.0
 10
33.2775
 20
3.3468
 30
0.0
 10
33.1093
 20
3.3197
 30
0.0
 10
32.9899
 20
3.2763
 30
0.0
 10
32.9899
 20
3.2763
 30
0.0
 10
32.8759
 20
3.2329
 30
0.0
 10
32.7999
 20
3.1569
 30
0.0
 10
32.7566
 20
3.0375
 30
0.0
 10
32.7566
 20
3.0375
 30
0.0
 10
32.7186
 20
2.9235
 30
0.0
 10
32.6968
 20
2.7444
 30
0.0
 10
32.6968
 20
2.5002
 30
0.0
 10
32.6968
 20
2.5002
 30
0.0
 10
32.6968
 20
2.5002
 30
0.0
 10
32.6968
 20
-2.4003
 30
0.0
 10
32.6968
 20
-2.4003
 30
0.0
 10
32.6968
 20
-2.4003
 30
0.0
 10
32.6968
 20
-2.6391
 30
0.0
 10
32.7186
 20
-2.8182
 30
0.0
 10
32.7566
 20
-2.9321
 30
0.0
 10
32.7566
 20
-2.9321
 30
0.0
 10
32.7945
 20
-3.0515
 30
0.0
 10
32.8759
 20
-3.1274
 30
0.0
 10
32.9899
 20
-3.1654
 30
0.0
 10
32.9899
 20
-3.1654
 30
0.0
 10
33.1038
 20
-3.2034
 30
0.0
 10
33.2721
 20
-3.2197
 30
0.0
 10
33.5001
 20
-3.2197
 30
0.0
 10
33.5001
 20
-3.2197
 30
0.0
 10
33.5001
 20
-3.2197
 30
0.0
 10
34.2218
 20
-3.2197
 30
0.0
 10
34.2218
 20
-3.2197
 30
0.0
 10
34.2218
 20
-3.2197
 30
0.0
 10
34.5312
 20
-3.2197
 30
0.0
 10
34.7862
 20
-3.1871
 30
0.0
 10
34.9761
 20
-3.122
 30
0.0
 10
34.9761
 20
-3.122
 30
0.0
 10
35.1715
 20
-3.0569
 30
0.0
 10
35.3235
 20
-2.9537
 30
0.0
 10
35.4429
 20
-2.8127
 30
0.0
 10
35.4429
 20
-2.8127
 30
0.0
 10
35.5621
 20
-2.6715
 30
0.0
 10
35.6436
 20
-2.4816
 30
0.0
 10
35.7034
 20
-2.2428
 30
0.0
 10
35.7034
 20
-2.2428
 30
0.0
 10
35.763
 20
-2.0041
 30
0.0
 10
35.8064
 20
-1.7164
 30
0.0
 10
35.8444
 20
-1.3745
 30
0.0
 10
35.8444
 20
-1.3745
 30
0.0
 10
35.8444
 20
-1.3745
 30
0.0
 10
36.0724
 20
-1.3745
 30
0.0
 10
36.0724
 20
-1.3745
 30
0.0
 10
36.0724
 20
-1.3745
 30
0.0
 10
36.0506
 20
-1.5808
 30
0.0
 10
36.0452
 20
-1.8467
 30
0.0
 10
36.0452
 20
-2.1831
 30
0.0
 10
36.0452
 20
-2.1831
 30
0.0
 10
36.0452
 20
-2.308
 30
0.0
 10
36.0452
 20
-2.4871
 30
0.0
 10
36.0615
 20
-2.7205
 30
0.0
 10
36.0615
 20
-2.7205
 30
0.0
 10
36.0724
 20
-2.9538
 30
0.0
 10
36.0887
 20
-3.198
 30
0.0
 10
36.1157
 20
-3.4476
 30
0.0
 10
36.1157
 20
-3.4476
 30
0.0
 10
35.7793
 20
-3.4368
 30
0.0
 10
35.3994
 20
-3.4259
 30
0.0
 10
34.9815
 20
-3.4204
 30
0.0
 10
34.9815
 20
-3.4204
 30
0.0
 10
34.5636
 20
-3.415
 30
0.0
 10
34.1838
 20
-3.4204
 30
0.0
 10
33.8582
 20
-3.4204
 30
0.0
 10
33.8582
 20
-3.4204
 30
0.0
 10
33.8582
 20
-3.4204
 30
0.0
 10
33.2992
 20
-3.4204
 30
0.0
 10
33.2992
 20
-3.4204
 30
0.0
 10
33.2992
 20
-3.4204
 30
0.0
 10
33.0713
 20
-3.4204
 30
0.0
 10
32.8271
 20
-3.4204
 30
0.0
 10
32.5612
 20
-3.4204
 30
0.0
 10
32.5612
 20
-3.4204
 30
0.0
 10
32.2952
 20
-3.4204
 30
0.0
 10
32.0294
 20
-3.4259
 30
0.0
 10
31.7635
 20
-3.4313
 30
0.0
 10
31.7635
 20
-3.4313
 30
0.0
 10
31.4975
 20
-3.4367
 30
0.0
 10
31.237
 20
-3.4368
 30
0.0
 10
30.9928
 20
-3.4476
 30
0.0
 10
30.9928
 20
-3.4476
 30
0.0
 10
30.9928
 20
-3.4476
 30
0.0
 10
30.9928
 20
-3.2522
 30
0.0
 10
30.9928
 20
-3.2522
 30
0.0
 10
30.9928
 20
-3.2522
 30
0.0
 10
31.2154
 20
-3.2415
 30
0.0
 10
31.3835
 20
-3.2143
 30
0.0
 10
31.5029
 20
-3.1709
 30
0.0
 10
31.5029
 20
-3.1709
 30
0.0
 10
31.6169
 20
-3.1329
 30
0.0
 10
31.6929
 20
-3.0515
 30
0.0
 10
31.7363
 20
-2.9321
 30
0.0
 10
31.7363
 20
-2.9321
 30
0.0
 10
31.7743
 20
-2.8127
 30
0.0
 10
31.7959
 20
-2.6336
 30
0.0
 10
31.7959
 20
-2.4003
 30
0.0
 10
31.7959
 20
-2.4003
 30
0.0
 10
31.7959
 20
-2.4003
 30
0.0
 10
31.7959
 20
2.5002
 30
0.0
 10
31.7959
 20
2.5002
 30
0.0
 10
31.7959
 20
2.5002
 30
0.0
 10
31.7959
 20
2.7444
 30
0.0
 10
31.7743
 20
2.9235
 30
0.0
 10
31.7363
 20
3.0375
 30
0.0
 10
31.7363
 20
3.0375
 30
0.0
 10
31.6983
 20
3.1514
 30
0.0
 10
31.6169
 20
3.2328
 30
0.0
 10
31.5029
 20
3.2763
 30
0.0
 10
31.5029
 20
3.2763
 30
0.0
 10
31.389
 20
3.3197
 30
0.0
 10
31.2154
 20
3.3468
 30
0.0
 10
30.9928
 20
3.3523
 30
0.0
 10
30.9928
 20
3.3523
 30
0.0
 10
30.9928
 20
3.3523
 30
0.0
 10
30.9928
 20
3.5476
 30
0.0
 10
30.9928
 20
3.5476
 30
0.0
 10
30.9928
 20
3.5476
 30
0.0
 10
31.134
 20
3.5421
 30
0.0
 10
31.313
 20
3.5367
 30
0.0
 10
31.5355
 20
3.526
 30
0.0
 10
31.5355
 20
3.526
 30
0.0
 10
31.758
 20
3.5151
 30
0.0
 10
32.0022
 20
3.5151
 30
0.0
 10
32.2573
 20
3.5151
 30
0.0
 10
32.2573
 20
3.5151
 30
0.0
 10
32.4906
 20
3.5151
 30
0.0
 10
32.7186
 20
3.5151
 30
0.0
 10
32.941
 20
3.526
 30
0.0
 10
32.941
 20
3.526
 30
0.0
 10
33.169
 20
3.5314
 30
0.0
 10
33.3589
 20
3.5367
 30
0.0
 10
33.5108
 20
3.5476
 30
0.0
 10
33.5108
 20
3.5476
 30
0.0
 10
33.5108
 20
3.5476
 30
0.0
 10
33.5001
 20
3.5476
 30
0.0
 10
33.5001
 20
3.5476
 30
0.0
  0
SPLINE
  5
8B
330
1F
100
AcDbEntity
  8
layer 1
 62
   242
100
AcDbSpline
210
0.0
220
0.0
230
1.0
 70
    11
 71
     3
 72
   208
 73
   204
 74
     0
 42
0.000000001
 43
0.0000000001
 40
0.0
 40
0.0
 40
0.0
 40
0.0
 40
0.0192307692307692
 40
0.0192307692307692
 40
0.0192307692307692
 40
0.0192307692307692
 40
0.0384615384615385
 40
0.0384615384615385
 40
0.0384615384615385
 40
0.0384615384615385
 40
0.0576923076923077
 40
0.0576923076923077
 40
0.0576923076923077
 40
0.0576923076923077
 40
0.0769230769230769
 40
0.0769230769230769
 40
0.0769230769230769
 40
0.0769230769230769
 40
0.0961538461538462
 40
0.0961538461538462
 40
0.0961538461538462
 40
0.0961538461538462
 40
0.1153846153846154
 40
0.1153846153846154
 40
0.1153846153846154
 40
0.1153846153846154
 40
0.1346153846153846
 40
0.1346153846153846
 40
0.1346153846153846
 40
0.1346153846153846
 40
0.1538461538461539
 40
0.1538461538461539
 40
0.1538461538461539
 40
0.1538461538461539
 40
0.1730769230769231
 40
0.1730769230769231
 40
0.1730769230769231
 40
0.1730769230769231
 40
0.1923076923076923
 40
0.1923076923076923
 40
0.1923076923076923
 40
0.1923076923076923
 40
0.2115384615384615
 40
0.2115384615384615
 40
0.2115384615384615
 40
0.2115384615384615
 40
0.2307692307692308
 40
0.2307692307692308
 40
0.2307692307692308
 40
0.2307692307692308
 40
0.25
 40
0.25
 40
0.25
 40
0.25
 40
0.2692307692307692
 40
0.2692307692307692
 40
0.2692307692307692
 40
0.2692307692307692
 40
0.2884615384615384
 40
0.2884615384615384
 40
0.2884615384615384
 40
0.2884615384615384
 40
0.3076923076923077
 40
0.3076923076923077
 40
0.3076923076923077
 40
0.3076923076923077
 40
0.3269230769230769
 40
0.3269230769230769
 40
0.3269230769230769
 40
0.3269230769230769
 40
0.3461538461538461
 40
0.3461538461538461
 40
0.3461538461538461
 40
0.3461538461538461
 40
0.3653846153846154
 40
0.3653846153846154
 40
0.3653846153846154
 40
0.3653846153846154
 40
0.3846153846153846
 40
0.3846153846153846
 40
0.3846153846153846
 40
0.3846153846153846
 40
0.4038461538461539
 40
0.4038461538461539
 40
0.4038461538461539
 40
0.4038461538461539
 40
0.4230769230769231
 40
0.4230769230769231
 40
0.4230769230769231
 40
0.4230769230769231
 40
0.4423076923076923
 40
0.4423076923076923
 40
0.4423076923076923
 40
0.4423076923076923
 40
0.4615384615384616
 40
0.4615384615384616
 40
0.4615384615384616
 40
0.4615384615384616
 40
0.4807692307692308
 40
0.4807692307692308
 40
0.4807692307692308
 40
0.4807692307692308
 40
0.5
 40
0.5
 40
0.5
 40
0.5
 40
0.5192307692307693
 40
0.5192307692307693
 40
0.5192307692307693
 40
0.5192307692307693
 40
0.5384615384615384
 40
0.5384615384615384
 40
0.5384615384615384
 40
0.5384615384615384
 40
0.5576923076923077
 40
0.5576923076923077
 40
0.5576923076923077
 40
0.5576923076923077
 40
0.5769230769230769
 40
0.5769230769230769
 40
0.5769230769230769
 40
0.5769230769230769
 40
0.5961538461538461
 40
0.5961538461538461
 40
0.5961538461538461
 40
0.5961538461538461
 40
0.6153846153846154
 40
0.6153846153846154
 40
0.6153846153846154
 40
0.6153846153846154
 40
0.6346153846153846
 40
0.6346153846153846
 40
0.6346153846153846
 40
0.6346153846153846
 40
0.6538461538461539
 40
0.6538461538461539
 40
0.6538461538461539
 40
0.6538461538461539
 40
0.6730769230769231
 40
0.6730769230769231
 40
0.6730769230769231
 40
0.6730769230769231
 40
0.6923076923076923
 40
0.6923076923076923
 40
0.6923076923076923
 40
0.6923076923076923
 40
0.7115384615384616
 40
0.7115384615384616
 40
0.7115384615384616
 40
0.7115384615384616
 40
0.7307692307692307
 40
0.7307692307692307
 40
0.7307692307692307
 40
0.7307692307692307
 40
0.75
 40
0.75
 40
0.75
 40
0.75
 40
0.7692307692307693
 40
0.7692307692307693
 40
0.7692307692307693
 40
0.7692307692307693
 40
0.7884615384615384
 40
0.7884615384615384
 40
0.7884615384615384
 40
0.7884615384615384
 40
0.8076923076923077
 40
0.8076923076923077
 40
0.8076923076923077
 40
0.8076923076923077
 40
0.8269230769230769
 40
0.8269230769230769
 40
0.8269230769230769
 40
0.8269230769230769
 40
0.8461538461538461
 40
0.8461538461538461
 40
0.8461538461538461
 40
0.8461538461538461
 40
0.8653846153846154
 40
0.8653846153846154
 40
0.8653846153846154
 40
0.8653846153846154
 40
0.8846153846153846
 40
0.8846153846153846
 40
0.8846153846153846
 40
0.8846153846153846
 40
0.9038461538461539
 40
0.9038461538461539
 40
0.9038461538461539
 40
0.9038461538461539
 40
0.9230769230769231
 40
0.9230769230769231
 40
0.9230769230769231
 40
0.9230769230769231
 40
0.9423076923076923
 40
0.9423076923076923
 40
0.9423076923076923
 40
0.9423076923076923
 40
0.9615384615384616
 40
0.9615384615384616
 40
0.9615384615384616
 40
0.9615384615384616
 40
1.0
 40
1.0
 40
1.0
 40
1.0
 10
38.9051
 20
3.6562
 30
0.0
 10
39.2362
 20
3.6562
 30
0.0
 10
39.4858
 20
3.6181
 30
0.0
 10
39.6541
 20
3.5422
 30
0.0
 10
39.6541
 20
3.5422
 30
0.0
 10
39.8277
 20
3.4662
 30
0.0
 10
39.9743
 20
3.3848
 30
0.0
 10
40.1099
 20
3.2925
 30
0.0
 10
40.1099
 20
3.2925
 30
0.0
 10
40.1913
 20
3.2492
 30
0.0
 10
40.2511
 20
3.2111
 30
0.0
 10
40.2999
 20
3.1895
 30
0.0
 10
40.2999
 20
3.1895
 30
0.0
 10
40.3488
 20
3.1678
 30
0.0
 10
40.3976
 20
3.1569
 30
0.0
 10
40.4409
 20
3.1569
 30
0.0
 10
40.4409
 20
3.1569
 30
0.0
 10
40.5061
 20
3.1569
 30
0.0
 10
40.5549
 20
3.195
 30
0.0
 10
40.5821
 20
3.2655
 30
0.0
 10
40.5821
 20
3.2655
 30
0.0
 10
40.6092
 20
3.336
 30
0.0
 10
40.6363
 20
3.4446
 30
0.0
 10
40.6581
 20
3.5911
 30
0.0
 10
40.6581
 20
3.5911
 30
0.0
 10
40.6581
 20
3.5911
 30
0.0
 10
40.886
 20
3.591
 30
0.0
 10
40.886
 20
3.591
 30
0.0
 10
40.886
 20
3.591
 30
0.0
 10
40.8806
 20
3.477
 30
0.0
 10
40.8697
 20
3.3468
 30
0.0
 10
40.8588
 20
3.1895
 30
0.0
 10
40.8588
 20
3.1895
 30
0.0
 10
40.848
 20
3.0321
 30
0.0
 10
40.8425
 20
2.8312
 30
0.0
 10
40.8372
 20
2.5762
 30
0.0
 10
40.8372
 20
2.5762
 30
0.0
 10
40.8372
 20
2.3211
 30
0.0
 10
40.8372
 20
1.9901
 30
0.0
 10
40.8372
 20
1.5723
 30
0.0
 10
40.8372
 20
1.5723
 30
0.0
 10
40.8372
 20
1.5723
 30
0.0
 10
40.6092
 20
1.5723
 30
0.0
 10
40.6092
 20
1.5723
 30
0.0
 10
40.6092
 20
1.5723
 30
0.0
 10
40.5876
 20
1.887
 30
0.0
 10
40.5223
 20
2.1909
 30
0.0
 10
40.403
 20
2.4839
 30
0.0
 10
40.403
 20
2.4839
 30
0.0
 10
40.2835
 20
2.7716
 30
0.0
 10
40.1099
 20
3.0103
 30
0.0
 10
39.882
 20
3.1949
 30
0.0
 10
39.882
 20
3.1949
 30
0.0
 10
39.654
 20
3.3793
 30
0.0
 10
39.3556
 20
3.4716
 30
0.0
 10
38.9865
 20
3.4716
 30
0.0
 10
38.9865
 20
3.4716
 30
0.0
 10
38.6392
 20
3.4716
 30
0.0
 10
38.3516
 20
3.3686
 30
0.0
 10
38.1237
 20
3.1569
 30
0.0
 10
38.1237
 20
3.1569
 30
0.0
 10
37.8958
 20
2.9453
 30
0.0
 10
37.7818
 20
2.6685
 30
0.0
 10
37.7818
 20
2.3266
 30
0.0
 10
37.7818
 20
2.3266
 30
0.0
 10
37.7818
 20
2.0281
 30
0.0
 10
37.8578
 20
1.7839
 30
0.0
 10
38.0097
 20
1.5831
 30
0.0
 10
38.0097
 20
1.5831
 30
0.0
 10
38.1617
 20
1.3823
 30
0.0
 10
38.3625
 20
1.2032
 30
0.0
 10
38.6176
 20
1.0404
 30
0.0
 10
38.6176
 20
1.0404
 30
0.0
 10
38.8727
 20
0.8776
 30
0.0
 10
39.1439
 20
0.7039
 30
0.0
 10
39.4425
 20
0.5194
 30
0.0
 10
39.4425
 20
0.5194
 30
0.0
 10
39.7843
 20
0.3078
 30
0.0
 10
40.0883
 20
0.1016
 30
0.0
 10
40.3541
 20
-0.1101
 30
0.0
 10
40.3541
 20
-0.1101
 30
0.0
 10
40.62
 20
-0.3163
 30
0.0
 10
40.8318
 20
-0.5443
 30
0.0
 10
40.9837
 20
-0.7938
 30
0.0
 10
40.9837
 20
-0.7938
 30
0.0
 10
41.1411
 20
-1.0435
 30
0.0
 10
41.2171
 20
-1.3474
 30
0.0
 10
41.2171
 20
-1.7001
 30
0.0
 10
41.2171
 20
-1.7001
 30
0.0
 10
41.2171
 20
-2.1234
 30
0.0
 10
41.1193
 20
-2.4708
 30
0.0
 10
40.9294
 20
-2.7474
 30
0.0
 10
40.9294
 20
-2.7474
 30
0.0
 10
40.7395
 20
-3.0243
 30
0.0
 10
40.4844
 20
-3.2305
 30
0.0
 10
40.1697
 20
-3.3716
 30
0.0
 10
40.1697
 20
-3.3716
 30
0.0
 10
39.8549
 20
-3.5073
 30
0.0
 10
39.5021
 20
-3.5778
 30
0.0
 10
39.1223
 20
-3.5778
 30
0.0
 10
39.1223
 20
-3.5778
 30
0.0
 10
38.7749
 20
-3.5778
 30
0.0
 10
38.4982
 20
-3.5398
 30
0.0
 10
38.292
 20
-3.4584
 30
0.0
 10
38.292
 20
-3.4584
 30
0.0
 10
38.0857
 20
-3.377
 30
0.0
 10
37.912
 20
-3.2956
 30
0.0
 10
37.7709
 20
-3.2143
 30
0.0
 10
37.7709
 20
-3.2143
 30
0.0
 10
37.6244
 20
-3.122
 30
0.0
 10
37.5159
 20
-3.0785
 30
0.0
 10
37.4344
 20
-3.0785
 30
0.0
 10
37.4344
 20
-3.0785
 30
0.0
 10
37.3694
 20
-3.0785
 30
0.0
 10
37.3205
 20
-3.1165
 30
0.0
 10
37.2934
 20
-3.1871
 30
0.0
 10
37.2934
 20
-3.1871
 30
0.0
 10
37.2662
 20
-3.2576
 30
0.0
 10
37.2392
 20
-3.3662
 30
0.0
 10
37.2174
 20
-3.5127
 30
0.0
 10
37.2174
 20
-3.5127
 30
0.0
 10
37.2174
 20
-3.5127
 30
0.0
 10
36.9895
 20
-3.5127
 30
0.0
 10
36.9895
 20
-3.5127
 30
0.0
 10
36.9895
 20
-3.5127
 30
0.0
 10
37.0004
 20
-3.377
 30
0.0
 10
37.0111
 20
-3.2088
 30
0.0
 10
37.0166
 20
-3.0243
 30
0.0
 10
37.0166
 20
-3.0243
 30
0.0
 10
37.022
 20
-2.8397
 30
0.0
 10
37.022
 20
-2.5901
 30
0.0
 10
37.0274
 20
-2.2862
 30
0.0
 10
37.0274
 20
-2.2862
 30
0.0
 10
37.0329
 20
-1.9823
 30
0.0
 10
37.0274
 20
-1.6025
 30
0.0
 10
37.0274
 20
-1.1411
 30
0.0
 10
37.0274
 20
-1.1411
 30
0.0
 10
37.0274
 20
-1.1411
 30
0.0
 10
37.2555
 20
-1.1412
 30
0.0
 10
37.2555
 20
-1.1412
 30
0.0
 10
37.2555
 20
-1.1412
 30
0.0
 10
37.2826
 20
-1.5373
 30
0.0
 10
37.3585
 20
-1.9064
 30
0.0
 10
37.4779
 20
-2.2483
 30
0.0
 10
37.4779
 20
-2.2483
 30
0.0
 10
37.5973
 20
-2.5901
 30
0.0
 10
37.7873
 20
-2.8669
 30
0.0
 10
38.0423
 20
-3.0732
 30
0.0
 10
38.0423
 20
-3.0732
 30
0.0
 10
38.2974
 20
-3.2794
 30
0.0
 10
38.6339
 20
-3.3825
 30
0.0
 10
39.0571
 20
-3.3825
 30
0.0
 10
39.0571
 20
-3.3825
 30
0.0
 10
39.2742
 20
-3.3825
 30
0.0
 10
39.4804
 20
-3.3391
 30
0.0
 10
39.6758
 20
-3.2467
 30
0.0
 10
39.6758
 20
-3.2467
 30
0.0
 10
39.8711
 20
-3.1599
 30
0.0
 10
40.0285
 20
-3.0134
 30
0.0
 10
40.1534
 20
-2.8235
 30
0.0
 10
40.1534
 20
-2.8235
 30
0.0
 10
40.2782
 20
-2.6336
 30
0.0
 10
40.3434
 20
-2.3785
 30
0.0
 10
40.3434
 20
-2.0692
 30
0.0
 10
40.3434
 20
-2.0692
 30
0.0
 10
40.3434
 20
-1.7978
 30
0.0
 10
40.2782
 20
-1.5645
 30
0.0
 10
40.148
 20
-1.3636
 30
0.0
 10
40.148
 20
-1.3636
 30
0.0
 10
40.0178
 20
-1.1629
 30
0.0
 10
39.8387
 20
-0.9729
 30
0.0
 10
39.6107
 20
-0.7993
 30
0.0
 10
39.6107
 20
-0.7993
 30
0.0
 10
39.3827
 20
-0.6257
 30
0.0
 10
39.1114
 20
-0.4466
 30
0.0
 10
38.802
 20
-0.262
 30
0.0
 10
38.802
 20
-0.262
 30
0.0
 10
38.4927
 20
-0.072
 30
0.0
 10
38.2052
 20
0.1232
 30
0.0
 10
37.9337
 20
0.3187
 30
0.0
 10
37.9337
 20
0.3187
 30
0.0
 10
37.6623
 20
0.5141
 30
0.0
 10
37.4453
 20
0.7474
 30
0.0
 10
37.288
 20
1.0025
 30
0.0
 10
37.288
 20
1.0025
 30
0.0
 10
37.1252
 20
1.2629
 30
0.0
 10
37.0438
 20
1.5776
 30
0.0
 10
37.0438
 20
1.9467
 30
0.0
 10
37.0438
 20
1.9467
 30
0.0
 10
37.0438
 20
2.3374
 30
0.0
 10
37.1306
 20
2.6576
 30
0.0
 10
37.3043
 20
2.9073
 30
0.0
 10
37.3043
 20
2.9073
 30
0.0
 10
37.4779
 20
3.1569
 30
0.0
 10
37.7059
 20
3.3469
 30
0.0
 10
37.9935
 20
3.4716
 30
0.0
 10
37.9935
 20
3.4716
 30
0.0
 10
38.2757
 20
3.5911
 30
0.0
 10
38.5796
 20
3.6562
 30
0.0
 10
38.8997
 20
3.6562
 30
0.0
 10
38.8997
 20
3.6562
 30
0.0
 10
38.8997
 20
3.6562
 30
0.0
 10
38.9051
 20
3.6562
 30
0.0
 10
38.9051
 20
3.6562
 30
0.0
  0
SPLINE
  5
8C
330
1F
100
AcDbEntity
  8
layer 1
 62
   242
100
AcDbSpline
210
0.0
220
0.0
230
1.0
 70
    11
 71
     3
 72
    92
 73
    88
 74
     0
 42
0.000000001
 43
0.0000000001
 40
0.0
 40
0.0
 40
0.0
 40
0.0
 40
0.0434782608695652
 40
0.0434782608695652
 40
0.0434782608695652
 40
0.0434782608695652
 40
0.0869565217391304
 40
0.0869565217391304
 40
0.0869565217391304
 40
0.0869565217391304
 40
0.1304347826086956
 40
0.1304347826086956
 40
0.1304347826086956
 40
0.1304347826086956
 40
0.1739130434782609
 40
0.1739130434782609
 40
0.1739130434782609
 40
0.1739130434782609
 40
0.2173913043478261
 40
0.2173913043478261
 40
0.2173913043478261
 40
0.2173913043478261
 40
0.2608695652173913
 40
0.2608695652173913
 40
0.2608695652173913
 40
0.2608695652173913
 40
0.3043478260869565
 40
0.3043478260869565
 40
0.3043478260869565
 40
0.3043478260869565
 40
0.3478260869565217
 40
0.3478260869565217
 40
0.3478260869565217
 40
0.3478260869565217
 40
0.391304347826087
 40
0.391304347826087
 40
0.391304347826087
 40
0.391304347826087
 40
0.4347826086956522
 40
0.4347826086956522
 40
0.4347826086956522
 40
0.4347826086956522
 40
0.4782608695652174
 40
0.4782608695652174
 40
0.4782608695652174
 40
0.4782608695652174
 40
0.5217391304347826
 40
0.5217391304347826
 40
0.5217391304347826
 40
0.5217391304347826
 40
0.5652173913043478
 40
0.5652173913043478
 40
0.5652173913043478
 40
0.5652173913043478
 40
0.6086956521739131
 40
0.6086956521739131
 40
0.6086956521739131
 40
0.6086956521739131
 40
0.6521739130434783
 40
0.6521739130434783
 40
0.6521739130434783
 40
0.6521739130434783
 40
0.6956521739130435
 40
0.6956521739130435
 40
0.6956521739130435
 40
0.6956521739130435
 40
0.7391304347826086
 40
0.7391304347826086
 40
0.7391304347826086
 40
0.7391304347826086
 40
0.782608695652174
 40
0.782608695652174
 40
0.782608695652174
 40
0.782608695652174
 40
0.8260869565217391
 40
0.8260869565217391
 40
0.8260869565217391
 40
0.8260869565217391
 40
0.8695652173913043
 40
0.8695652173913043
 40
0.8695652173913043
 40
0.8695652173913043
 40
0.9130434782608695
 40
0.9130434782608695
 40
0.9130434782608695
 40
0.9130434782608695
 40
1.0
 40
1.0
 40
1.0
 40
1.0
 10
-10.8432
 20
-12.3054
 30
0.0
 10
-10.8432
 20
-12.3054
 30
0.0
 10
-10.8432
 20
-12.5766
 30
0.0
 10
-10.8432
 20
-12.5766
 30
0.0
 10
-10.8432
 20
-12.5766
 30
0.0
 10
-10.8432
 20
-12.5766
 30
0.0
 10
-10.2464
 20
-12.5766
 30
0.0
 10
-10.2464
 20
-12.5766
 30
0.0
 10
-10.2464
 20
-12.5766
 30
0.0
 10
-10.2464
 20
-12.5766
 30
0.0
 10
-10.2464
 20
-12.924
 30
0.0
 10
-10.2464
 20
-12.924
 30
0.0
 10
-10.2464
 20
-12.924
 30
0.0
 10
-10.2464
 20
-12.924
 30
0.0
 10
-10.8432
 20
-12.924
 30
0.0
 10
-10.8432
 20
-12.924
 30
0.0
 10
-10.8432
 20
-12.924
 30
0.0
 10
-10.8432
 20
-12.924
 30
0.0
 10
-10.8432
 20
-15.2466
 30
0.0
 10
-10.8432
 20
-15.2466
 30
0.0
 10
-10.8432
 20
-15.2466
 30
0.0
 10
-10.8432
 20
-15.2466
 30
0.0
 10
-11.2557
 20
-15.2466
 30
0.0
 10
-11.2557
 20
-15.2466
 30
0.0
 10
-11.2557
 20
-15.2466
 30
0.0
 10
-11.2557
 20
-15.2466
 30
0.0
 10
-11.2557
 20
-12.924
 30
0.0
 10
-11.2557
 20
-12.924
 30
0.0
 10
-11.2557
 20
-12.924
 30
0.0
 10
-11.2557
 20
-12.924
 30
0.0
 10
-11.6844
 20
-12.924
 30
0.0
 10
-11.6844
 20
-12.924
 30
0.0
 10
-11.6844
 20
-12.924
 30
0.0
 10
-11.6844
 20
-12.924
 30
0.0
 10
-11.6844
 20
-12.5766
 30
0.0
 10
-11.6844
 20
-12.5766
 30
0.0
 10
-11.6844
 20
-12.5766
 30
0.0
 10
-11.6844
 20
-12.5766
 30
0.0
 10
-11.2557
 20
-12.5766
 30
0.0
 10
-11.2557
 20
-12.5766
 30
0.0
 10
-11.2557
 20
-12.5766
 30
0.0
 10
-11.2557
 20
-12.5766
 30
0.0
 10
-11.2557
 20
-12.2076
 30
0.0
 10
-11.2557
 20
-12.2076
 30
0.0
 10
-11.2557
 20
-12.2076
 30
0.0
 10
-11.2557
 20
-12.0557
 30
0.0
 10
-11.2177
 20
-11.9308
 30
0.0
 10
-11.1472
 20
-11.8277
 30
0.0
 10
-11.1472
 20
-11.8277
 30
0.0
 10
-11.0712
 20
-11.7247
 30
0.0
 10
-10.9789
 20
-11.6487
 30
0.0
 10
-10.8649
 20
-11.5998
 30
0.0
 10
-10.8649
 20
-11.5998
 30
0.0
 10
-10.7511
 20
-11.5456
 30
0.0
 10
-10.6316
 20
-11.5238
 30
0.0
 10
-10.5014
 20
-11.5238
 30
0.0
 10
-10.5014
 20
-11.5238
 30
0.0
 10
-10.4037
 20
-11.5238
 30
0.0
 10
-10.3223
 20
-11.5292
 30
0.0
 10
-10.2572
 20
-11.5455
 30
0.0
 10
-10.2572
 20
-11.5455
 30
0.0
 10
-10.192
 20
-11.5618
 30
0.0
 10
-10.1432
 20
-11.578
 30
0.0
 10
-10.116
 20
-11.5943
 30
0.0
 10
-10.116
 20
-11.5943
 30
0.0
 10
-10.116
 20
-11.5943
 30
0.0
 10
-10.23
 20
-11.9471
 30
0.0
 10
-10.23
 20
-11.9471
 30
0.0
 10
-10.23
 20
-11.9471
 30
0.0
 10
-10.23
 20
-11.9471
 30
0.0
 10
-10.2842
 20
-11.9308
 30
0.0
 10
-10.3169
 20
-11.9199
 30
0.0
 10
-10.3169
 20
-11.9199
 30
0.0
 10
-10.3548
 20
-11.909
 30
0.0
 10
-10.4037
 20
-11.9036
 30
0.0
 10
-10.4634
 20
-11.9036
 30
0.0
 10
-10.4634
 20
-11.9036
 30
0.0
 10
-10.5992
 20
-11.9036
 30
0.0
 10
-10.6967
 20
-11.9362
 30
0.0
 10
-10.7565
 20
-12.0067
 30
0.0
 10
-10.7565
 20
-12.0067
 30
0.0
 10
-10.8162
 20
-12.0772
 30
0.0
 10
-10.8434
 20
-12.175
 30
0.0
 10
-10.8434
 20
-12.3052
 30
0.0
 10
-10.8434
 20
-12.3052
 30
0.0
 10
-10.8434
 20
-12.3052
 30
0.0
 10
-10.8432
 20
-12.3054
 30
0.0
 10
-10.8432
 20
-12.3054
 30
0.0
  0
SPLINE
  5
8D
330
1F
100
AcDbEntity
  8
layer 1
 62
   242
100
AcDbSpline
210
0.0
220
0.0
230
1.0
 70
    11
 71
     3
 72
    36
 73
    32
 74
     0
 42
0.000000001
 43
0.0000000001
 40
0.0
 40
0.0
 40
0.0
 40
0.0
 40
0.1111111111111111
 40
0.1111111111111111
 40
0.1111111111111111
 40
0.1111111111111111
 40
0.2222222222222222
 40
0.2222222222222222
 40
0.2222222222222222
 40
0.2222222222222222
 40
0.3333333333333333
 40
0.3333333333333333
 40
0.3333333333333333
 40
0.3333333333333333
 40
0.4444444444444444
 40
0.4444444444444444
 40
0.4444444444444444
 40
0.4444444444444444
 40
0.5555555555555556
 40
0.5555555555555556
 40
0.5555555555555556
 40
0.5555555555555556
 40
0.6666666666666666
 40
0.6666666666666666
 40
0.6666666666666666
 40
0.6666666666666666
 40
0.7777777777777778
 40
0.7777777777777778
 40
0.7777777777777778
 40
0.7777777777777778
 40
1.0
 40
1.0
 40
1.0
 40
1.0
 10
-9.4648
 20
-12.1371
 30
0.0
 10
-9.5462
 20
-12.1371
 30
0.0
 10
-9.6114
 20
-12.1099
 30
0.0
 10
-9.6711
 20
-12.0557
 30
0.0
 10
-9.6711
 20
-12.0557
 30
0.0
 10
-9.7308
 20
-12.0014
 30
0.0
 10
-9.758
 20
-11.9363
 30
0.0
 10
-9.758
 20
-11.8603
 30
0.0
 10
-9.758
 20
-11.8603
 30
0.0
 10
-9.758
 20
-11.7844
 30
0.0
 10
-9.7308
 20
-11.7193
 30
0.0
 10
-9.6711
 20
-11.6649
 30
0.0
 10
-9.6711
 20
-11.6649
 30
0.0
 10
-9.6114
 20
-11.6107
 30
0.0
 10
-9.5463
 20
-11.5835
 30
0.0
 10
-9.4648
 20
-11.5835
 30
0.0
 10
-9.4648
 20
-11.5835
 30
0.0
 10
-9.3834
 20
-11.5835
 30
0.0
 10
-9.3183
 20
-11.6107
 30
0.0
 10
-9.2586
 20
-11.6649
 30
0.0
 10
-9.2586
 20
-11.6649
 30
0.0
 10
-9.199
 20
-11.7193
 30
0.0
 10
-9.1718
 20
-11.7844
 30
0.0
 10
-9.1718
 20
-11.8603
 30
0.0
 10
-9.1718
 20
-11.8603
 30
0.0
 10
-9.1718
 20
-11.9363
 30
0.0
 10
-9.199
 20
-12.0014
 30
0.0
 10
-9.2586
 20
-12.0557
 30
0.0
 10
-9.2586
 20
-12.0557
 30
0.0
 10
-9.3183
 20
-12.1099
 30
0.0
 10
-9.3834
 20
-12.1371
 30
0.0
 10
-9.4648
 20
-12.1371
 30
0.0
  0
SPLINE
  5
8E
330
1F
100
AcDbEntity
  8
layer 1
 62
   242
100
AcDbSpline
210
0.0
220
0.0
230
1.0
 70
    11
 71
     3
 72
    20
 73
    16
 74
     0
 42
0.000000001
 43
0.0000000001
 40
0.0
 40
0.0
 40
0.0
 40
0.0
 40
0.2
 40
0.2
 40
0.2
 40
0.2
 40
0.4
 40
0.4
 40
0.4
 40
0.4
 40
0.6
 40
0.6
 40
0.6
 40
0.6
 40
1.0
 40
1.0
 40
1.0
 40
1.0
 10
-9.6711
 20
-15.2466
 30
0.0
 10
-9.6711
 20
-15.2466
 30
0.0
 10
-9.6711
 20
-12.5821
 30
0.0
 10
-9.6711
 20
-12.5821
 30
0.0
 10
-9.6711
 20
-12.5821
 30
0.0
 10
-9.6711
 20
-12.5821
 30
0.0
 10
-9.2641
 20
-12.582
 30
0.0
 10
-9.2641
 20
-12.582
 30
0.0
 10
-9.2641
 20
-12.582
 30
0.0
 10
-9.2641
 20
-12.582
 30
0.0
 10
-9.2641
 20
-15.2466
 30
0.0
 10
-9.2641
 20
-15.2466
 30
0.0
 10
-9.2641
 20
-15.2466
 30
0.0
 10
-9.2641
 20
-15.2466
 30
0.0
 10
-9.6711
 20
-15.2466
 30
0.0
 10
-9.6711
 20
-15.2466
 30
0.0
  0
SPLINE
  5
8F
330
1F
100
AcDbEntity
  8
layer 1
 62
   242
100
AcDbSpline
210
0.0
220
0.0
230
1.0
 70
    11
 71
     3
 72
    84
 73
    80
 74
     0
 42
0.000000001
 43
0.0000000001
 40
0.0
 40
0.0
 40
0.0
 40
0.0
 40
0.0476190476190476
 40
0.0476190476190476
 40
0.0476190476190476
 40
0.0476190476190476
 40
0.0952380952380952
 40
0.0952380952380952
 40
0.0952380952380952
 40
0.0952380952380952
 40
0.1428571428571428
 40
0.1428571428571428
 40
0.1428571428571428
 40
0.1428571428571428
 40
0.1904761904761905
 40
0.1904761904761905
 40
0.1904761904761905
 40
0.1904761904761905
 40
0.2380952380952381
 40
0.2380952380952381
 40
0.2380952380952381
 40
0.2380952380952381
 40
0.2857142857142857
 40
0.2857142857142857
 40
0.2857142857142857
 40
0.2857142857142857
 40
0.3333333333333333
 40
0.3333333333333333
 40
0.3333333333333333
 40
0.3333333333333333
 40
0.3809523809523809
 40
0.3809523809523809
 40
0.3809523809523809
 40
0.3809523809523809
 40
0.4285714285714285
 40
0.4285714285714285
 40
0.4285714285714285
 40
0.4285714285714285
 40
0.4761904761904762
 40
0.4761904761904762
 40
0.4761904761904762
 40
0.4761904761904762
 40
0.5238095238095238
 40
0.5238095238095238
 40
0.5238095238095238
 40
0.5238095238095238
 40
0.5714285714285714
 40
0.5714285714285714
 40
0.5714285714285714
 40
0.5714285714285714
 40
0.6190476190476191
 40
0.6190476190476191
 40
0.6190476190476191
 40
0.6190476190476191
 40
0.6666666666666666
 40
0.6666666666666666
 40
0.6666666666666666
 40
0.6666666666666666
 40
0.7142857142857143
 40
0.7142857142857143
 40
0.7142857142857143
 40
0.7142857142857143
 40
0.7619047619047619
 40
0.7619047619047619
 40
0.7619047619047619
 40
0.7619047619047619
 40
0.8095238095238095
 40
0.8095238095238095
 40
0.8095238095238095
 40
0.8095238095238095
 40
0.8571428571428571
 40
0.8571428571428571
 40
0.8571428571428571
 40
0.8571428571428571
 40
0.9047619047619048
 40
0.9047619047619048
 40
0.9047619047619048
 40
0.9047619047619048
 40
1.0
 40
1.0
 40
1.0
 40
1.0
 10
-8.1027
 20
-13.6403
 30
0.0
 10
-8.1027
 20
-13.6403
 30
0.0
 10
-8.1027
 20
-15.2466
 30
0.0
 10
-8.1027
 20
-15.2466
 30
0.0
 10
-8.1027
 20
-15.2466
 30
0.0
 10
-8.1027
 20
-15.2466
 30
0.0
 10
-8.5097
 20
-15.2466
 30
0.0
 10
-8.5097
 20
-15.2466
 30
0.0
 10
-8.5097
 20
-15.2466
 30
0.0
 10
-8.5097
 20
-15.2466
 30
0.0
 10
-8.5097
 20
-12.5821
 30
0.0
 10
-8.5097
 20
-12.5821
 30
0.0
 10
-8.5097
 20
-12.5821
 30
0.0
 10
-8.5097
 20
-12.5821
 30
0.0
 10
-8.1136
 20
-12.582
 30
0.0
 10
-8.1136
 20
-12.582
 30
0.0
 10
-8.1136
 20
-12.582
 30
0.0
 10
-8.1136
 20
-12.582
 30
0.0
 10
-8.1136
 20
-12.9999
 30
0.0
 10
-8.1136
 20
-12.9999
 30
0.0
 10
-8.1136
 20
-12.9999
 30
0.0
 10
-8.1136
 20
-12.9999
 30
0.0
 10
-8.081
 20
-12.9999
 30
0.0
 10
-8.081
 20
-12.9999
 30
0.0
 10
-8.081
 20
-12.9999
 30
0.0
 10
-8.0159
 20
-12.8643
 30
0.0
 10
-7.9236
 20
-12.7557
 30
0.0
 10
-7.7988
 20
-12.6744
 30
0.0
 10
-7.7988
 20
-12.6744
 30
0.0
 10
-7.674
 20
-12.593
 30
0.0
 10
-7.5057
 20
-12.5496
 30
0.0
 10
-7.305
 20
-12.5496
 30
0.0
 10
-7.305
 20
-12.5496
 30
0.0
 10
-7.1259
 20
-12.5496
 30
0.0
 10
-6.9685
 20
-12.5875
 30
0.0
 10
-6.8329
 20
-12.6581
 30
0.0
 10
-6.8329
 20
-12.6581
 30
0.0
 10
-6.6972
 20
-12.7286
 30
0.0
 10
-6.5941
 20
-12.8426
 30
0.0
 10
-6.518
 20
-12.9891
 30
0.0
 10
-6.518
 20
-12.9891
 30
0.0
 10
-6.4421
 20
-13.1357
 30
0.0
 10
-6.4042
 20
-13.3256
 30
0.0
 10
-6.4042
 20
-13.5535
 30
0.0
 10
-6.4042
 20
-13.5535
 30
0.0
 10
-6.4042
 20
-13.5535
 30
0.0
 10
-6.4042
 20
-15.2468
 30
0.0
 10
-6.4042
 20
-15.2468
 30
0.0
 10
-6.4042
 20
-15.2468
 30
0.0
 10
-6.4042
 20
-15.2468
 30
0.0
 10
-6.8111
 20
-15.2466
 30
0.0
 10
-6.8111
 20
-15.2466
 30
0.0
 10
-6.8111
 20
-15.2466
 30
0.0
 10
-6.8111
 20
-15.2466
 30
0.0
 10
-6.8111
 20
-13.5806
 30
0.0
 10
-6.8111
 20
-13.5806
 30
0.0
 10
-6.8111
 20
-13.5806
 30
0.0
 10
-6.8111
 20
-13.3689
 30
0.0
 10
-6.8654
 20
-13.2061
 30
0.0
 10
-6.9739
 20
-13.0922
 30
0.0
 10
-6.9739
 20
-13.0922
 30
0.0
 10
-7.0825
 20
-12.9728
 30
0.0
 10
-7.2345
 20
-12.9185
 30
0.0
 10
-7.4243
 20
-12.9185
 30
0.0
 10
-7.4243
 20
-12.9185
 30
0.0
 10
-7.5546
 20
-12.9185
 30
0.0
 10
-7.674
 20
-12.9457
 30
0.0
 10
-7.7717
 20
-13.0054
 30
0.0
 10
-7.7717
 20
-13.0054
 30
0.0
 10
-7.8748
 20
-13.0596
 30
0.0
 10
-7.9562
 20
-13.1465
 30
0.0
 10
-8.0159
 20
-13.255
 30
0.0
 10
-8.0159
 20
-13.255
 30
0.0
 10
-8.0756
 20
-13.3636
 30
0.0
 10
-8.1027
 20
-13.4938
 30
0.0
 10
-8.1027
 20
-13.6512
 30
0.0
 10
-8.1027
 20
-13.6512
 30
0.0
 10
-8.1027
 20
-13.6512
 30
0.0
 10
-8.1027
 20
-13.6403
 30
0.0
 10
-8.1027
 20
-13.6403
 30
0.0
  0
SPLINE
  5
90
330
1F
100
AcDbEntity
  8
layer 1
 62
   242
100
AcDbSpline
210
0.0
220
0.0
230
1.0
 70
    11
 71
     3
 72
    36
 73
    32
 74
     0
 42
0.000000001
 43
0.0000000001
 40
0.0
 40
0.0
 40
0.0
 40
0.0
 40
0.1111111111111111
 40
0.1111111111111111
 40
0.1111111111111111
 40
0.1111111111111111
 40
0.2222222222222222
 40
0.2222222222222222
 40
0.2222222222222222
 40
0.2222222222222222
 40
0.3333333333333333
 40
0.3333333333333333
 40
0.3333333333333333
 40
0.3333333333333333
 40
0.4444444444444444
 40
0.4444444444444444
 40
0.4444444444444444
 40
0.4444444444444444
 40
0.5555555555555556
 40
0.5555555555555556
 40
0.5555555555555556
 40
0.5555555555555556
 40
0.6666666666666666
 40
0.6666666666666666
 40
0.6666666666666666
 40
0.6666666666666666
 40
0.7777777777777778
 40
0.7777777777777778
 40
0.7777777777777778
 40
0.7777777777777778
 40
1.0
 40
1.0
 40
1.0
 40
1.0
 10
-5.4436
 20
-12.1371
 30
0.0
 10
-5.525
 20
-12.1371
 30
0.0
 10
-5.5901
 20
-12.1099
 30
0.0
 10
-5.6498
 20
-12.0557
 30
0.0
 10
-5.6498
 20
-12.0557
 30
0.0
 10
-5.7094
 20
-12.0014
 30
0.0
 10
-5.7366
 20
-11.9363
 30
0.0
 10
-5.7366
 20
-11.8603
 30
0.0
 10
-5.7366
 20
-11.8603
 30
0.0
 10
-5.7366
 20
-11.7844
 30
0.0
 10
-5.7094
 20
-11.7193
 30
0.0
 10
-5.6498
 20
-11.6649
 30
0.0
 10
-5.6498
 20
-11.6649
 30
0.0
 10
-5.5901
 20
-11.6107
 30
0.0
 10
-5.525
 20
-11.5835
 30
0.0
 10
-5.4436
 20
-11.5835
 30
0.0
 10
-5.4436
 20
-11.5835
 30
0.0
 10
-5.3621
 20
-11.5835
 30
0.0
 10
-5.2969
 20
-11.6107
 30
0.0
 10
-5.2373
 20
-11.6649
 30
0.0
 10
-5.2373
 20
-11.6649
 30
0.0
 10
-5.1776
 20
-11.7193
 30
0.0
 10
-5.1504
 20
-11.7844
 30
0.0
 10
-5.1504
 20
-11.8603
 30
0.0
 10
-5.1504
 20
-11.8603
 30
0.0
 10
-5.1504
 20
-11.9363
 30
0.0
 10
-5.1776
 20
-12.0014
 30
0.0
 10
-5.2373
 20
-12.0557
 30
0.0
 10
-5.2373
 20
-12.0557
 30
0.0
 10
-5.2969
 20
-12.1099
 30
0.0
 10
-5.3621
 20
-12.1371
 30
0.0
 10
-5.4436
 20
-12.1371
 30
0.0
  0
SPLINE
  5
91
330
1F
100
AcDbEntity
  8
layer 1
 62
   242
100
AcDbSpline
210
0.0
220
0.0
230
1.0
 70
    11
 71
     3
 72
    20
 73
    16
 74
     0
 42
0.000000001
 43
0.0000000001
 40
0.0
 40
0.0
 40
0.0
 40
0.0
 40
0.2
 40
0.2
 40
0.2
 40
0.2
 40
0.4
 40
0.4
 40
0.4
 40
0.4
 40
0.6
 40
0.6
 40
0.6
 40
0.6
 40
1.0
 40
1.0
 40
1.0
 40
1.0
 10
-5.6498
 20
-15.2466
 30
0.0
 10
-5.6498
 20
-15.2466
 30
0.0
 10
-5.6498
 20
-12.5821
 30
0.0
 10
-5.6498
 20
-12.5821
 30
0.0
 10
-5.6498
 20
-12.5821
 30
0.0
 10
-5.6498
 20
-12.5821
 30
0.0
 10
-5.2427
 20
-12.582
 30
0.0
 10
-5.2427
 20
-12.582
 30
0.0
 10
-5.2427
 20
-12.582
 30
0.0
 10
-5.2427
 20
-12.582
 30
0.0
 10
-5.2427
 20
-15.2466
 30
0.0
 10
-5.2427
 20
-15.2466
 30
0.0
 10
-5.2427
 20
-15.2466
 30
0.0
 10
-5.2427
 20
-15.2466
 30
0.0
 10
-5.6498
 20
-15.2466
 30
0.0
 10
-5.6498
 20
-15.2466
 30
0.0
  0
SPLINE
  5
92
330
1F
100
AcDbEntity
  8
layer 1
 62
   242
100
AcDbSpline
210
0.0
220
0.0
230
1.0
 70
    11
 71
     3
 72
   132
 73
   128
 74
     0
 42
0.000000001
 43
0.0000000001
 40
0.0
 40
0.0
 40
0.0
 40
0.0
 40
0.0303030303030303
 40
0.0303030303030303
 40
0.0303030303030303
 40
0.0303030303030303
 40
0.0606060606060606
 40
0.0606060606060606
 40
0.0606060606060606
 40
0.0606060606060606
 40
0.0909090909090909
 40
0.0909090909090909
 40
0.0909090909090909
 40
0.0909090909090909
 40
0.1212121212121212
 40
0.1212121212121212
 40
0.1212121212121212
 40
0.1212121212121212
 40
0.1515151515151515
 40
0.1515151515151515
 40
0.1515151515151515
 40
0.1515151515151515
 40
0.1818181818181818
 40
0.1818181818181818
 40
0.1818181818181818
 40
0.1818181818181818
 40
0.2121212121212121
 40
0.2121212121212121
 40
0.2121212121212121
 40
0.2121212121212121
 40
0.2424242424242424
 40
0.2424242424242424
 40
0.2424242424242424
 40
0.2424242424242424
 40
0.2727272727272727
 40
0.2727272727272727
 40
0.2727272727272727
 40
0.2727272727272727
 40
0.303030303030303
 40
0.303030303030303
 40
0.303030303030303
 40
0.303030303030303
 40
0.3333333333333333
 40
0.3333333333333333
 40
0.3333333333333333
 40
0.3333333333333333
 40
0.3636363636363636
 40
0.3636363636363636
 40
0.3636363636363636
 40
0.3636363636363636
 40
0.3939393939393939
 40
0.3939393939393939
 40
0.3939393939393939
 40
0.3939393939393939
 40
0.4242424242424243
 40
0.4242424242424243
 40
0.4242424242424243
 40
0.4242424242424243
 40
0.4545454545454545
 40
0.4545454545454545
 40
0.4545454545454545
 40
0.4545454545454545
 40
0.4848484848484849
 40
0.4848484848484849
 40
0.4848484848484849
 40
0.4848484848484849
 40
0.5151515151515151
 40
0.5151515151515151
 40
0.5151515151515151
 40
0.5151515151515151
 40
0.5454545454545454
 40
0.5454545454545454
 40
0.5454545454545454
 40
0.5454545454545454
 40
0.5757575757575758
 40
0.5757575757575758
 40
0.5757575757575758
 40
0.5757575757575758
 40
0.6060606060606061
 40
0.6060606060606061
 40
0.6060606060606061
 40
0.6060606060606061
 40
0.6363636363636364
 40
0.6363636363636364
 40
0.6363636363636364
 40
0.6363636363636364
 40
0.6666666666666666
 40
0.6666666666666666
 40
0.6666666666666666
 40
0.6666666666666666
 40
0.696969696969697
 40
0.696969696969697
 40
0.696969696969697
 40
0.696969696969697
 40
0.7272727272727273
 40
0.7272727272727273
 40
0.7272727272727273
 40
0.7272727272727273
 40
0.7575757575757576
 40
0.7575757575757576
 40
0.7575757575757576
 40
0.7575757575757576
 40
0.7878787878787878
 40
0.7878787878787878
 40
0.7878787878787878
 40
0.7878787878787878
 40
0.8181818181818182
 40
0.8181818181818182
 40
0.8181818181818182
 40
0.8181818181818182
 40
0.8484848484848485
 40
0.8484848484848485
 40
0.8484848484848485
 40
0.8484848484848485
 40
0.8787878787878788
 40
0.8787878787878788
 40
0.8787878787878788
 40
0.8787878787878788
 40
0.9090909090909091
 40
0.9090909090909091
 40
0.9090909090909091
 40
0.9090909090909091
 40
0.9393939393939394
 40
0.9393939393939394
 40
0.9393939393939394
 40
0.9393939393939394
 40
1.0
 40
1.0
 40
1.0
 40
1.0
 10
-2.5998
 20
-13.1736
 30
0.0
 10
-2.5998
 20
-13.1736
 30
0.0
 10
-2.9689
 20
-13.2767
 30
0.0
 10
-2.9689
 20
-13.2767
 30
0.0
 10
-2.9689
 20
-13.2767
 30
0.0
 10
-2.9906
 20
-13.217
 30
0.0
 10
-3.0286
 20
-13.1573
 30
0.0
 10
-3.072
 20
-13.0976
 30
0.0
 10
-3.072
 20
-13.0976
 30
0.0
 10
-3.1154
 20
-13.0378
 30
0.0
 10
-3.1751
 20
-12.989
 30
0.0
 10
-3.251
 20
-12.9511
 30
0.0
 10
-3.251
 20
-12.9511
 30
0.0
 10
-3.3271
 20
-12.913
 30
0.0
 10
-3.4247
 20
-12.8913
 30
0.0
 10
-3.5441
 20
-12.8913
 30
0.0
 10
-3.5441
 20
-12.8913
 30
0.0
 10
-3.7069
 20
-12.8913
 30
0.0
 10
-3.8426
 20
-12.9294
 30
0.0
 10
-3.9512
 20
-13.0053
 30
0.0
 10
-3.9512
 20
-13.0053
 30
0.0
 10
-4.0598
 20
-13.0813
 30
0.0
 10
-4.114
 20
-13.1735
 30
0.0
 10
-4.114
 20
-13.2874
 30
0.0
 10
-4.114
 20
-13.2874
 30
0.0
 10
-4.114
 20
-13.3906
 30
0.0
 10
-4.0759
 20
-13.472
 30
0.0
 10
-4.0054
 20
-13.5316
 30
0.0
 10
-4.0054
 20
-13.5316
 30
0.0
 10
-3.9294
 20
-13.5914
 30
0.0
 10
-3.8155
 20
-13.6402
 30
0.0
 10
-3.658
 20
-13.6783
 30
0.0
 10
-3.658
 20
-13.6783
 30
0.0
 10
-3.658
 20
-13.6783
 30
0.0
 10
-3.2619
 20
-13.7759
 30
0.0
 10
-3.2619
 20
-13.7759
 30
0.0
 10
-3.2619
 20
-13.7759
 30
0.0
 10
-3.0231
 20
-13.8356
 30
0.0
 10
-2.844
 20
-13.9225
 30
0.0
 10
-2.7301
 20
-14.0418
 30
0.0
 10
-2.7301
 20
-14.0418
 30
0.0
 10
-2.6107
 20
-14.1612
 30
0.0
 10
-2.5565
 20
-14.3132
 30
0.0
 10
-2.5565
 20
-14.4977
 30
0.0
 10
-2.5565
 20
-14.4977
 30
0.0
 10
-2.5565
 20
-14.6496
 30
0.0
 10
-2.5998
 20
-14.7853
 30
0.0
 10
-2.6867
 20
-14.9047
 30
0.0
 10
-2.6867
 20
-14.9047
 30
0.0
 10
-2.7735
 20
-15.0241
 30
0.0
 10
-2.8984
 20
-15.1218
 30
0.0
 10
-3.0503
 20
-15.1869
 30
0.0
 10
-3.0503
 20
-15.1869
 30
0.0
 10
-3.2022
 20
-15.2519
 30
0.0
 10
-3.3868
 20
-15.29
 30
0.0
 10
-3.593
 20
-15.29
 30
0.0
 10
-3.593
 20
-15.29
 30
0.0
 10
-3.8643
 20
-15.29
 30
0.0
 10
-4.0922
 20
-15.2303
 30
0.0
 10
-4.2659
 20
-15.1109
 30
0.0
 10
-4.2659
 20
-15.1109
 30
0.0
 10
-4.445
 20
-14.9914
 30
0.0
 10
-4.5589
 20
-14.8179
 30
0.0
 10
-4.6024
 20
-14.5953
 30
0.0
 10
-4.6024
 20
-14.5953
 30
0.0
 10
-4.6024
 20
-14.5953
 30
0.0
 10
-4.2117
 20
-14.4977
 30
0.0
 10
-4.2117
 20
-14.4977
 30
0.0
 10
-4.2117
 20
-14.4977
 30
0.0
 10
-4.1736
 20
-14.6387
 30
0.0
 10
-4.1031
 20
-14.7472
 30
0.0
 10
-4.0
 20
-14.8179
 30
0.0
 10
-4.0
 20
-14.8179
 30
0.0
 10
-3.897
 20
-14.8884
 30
0.0
 10
-3.7612
 20
-14.9263
 30
0.0
 10
-3.593
 20
-14.9263
 30
0.0
 10
-3.593
 20
-14.9263
 30
0.0
 10
-3.4031
 20
-14.9263
 30
0.0
 10
-3.251
 20
-14.8884
 30
0.0
 10
-3.1372
 20
-14.807
 30
0.0
 10
-3.1372
 20
-14.807
 30
0.0
 10
-3.0232
 20
-14.7256
 30
0.0
 10
-2.9689
 20
-14.6279
 30
0.0
 10
-2.9689
 20
-14.5139
 30
0.0
 10
-2.9689
 20
-14.5139
 30
0.0
 10
-2.9689
 20
-14.4216
 30
0.0
 10
-3.0015
 20
-14.3456
 30
0.0
 10
-3.0666
 20
-14.2806
 30
0.0
 10
-3.0666
 20
-14.2806
 30
0.0
 10
-3.1317
 20
-14.2155
 30
0.0
 10
-3.2294
 20
-14.1721
 30
0.0
 10
-3.3651
 20
-14.1395
 30
0.0
 10
-3.3651
 20
-14.1395
 30
0.0
 10
-3.3651
 20
-14.1395
 30
0.0
 10
-3.8101
 20
-14.0364
 30
0.0
 10
-3.8101
 20
-14.0364
 30
0.0
 10
-3.8101
 20
-14.0364
 30
0.0
 10
-4.0543
 20
-13.9767
 30
0.0
 10
-4.2333
 20
-13.8899
 30
0.0
 10
-4.3474
 20
-13.7651
 30
0.0
 10
-4.3474
 20
-13.7651
 30
0.0
 10
-4.4614
 20
-13.6403
 30
0.0
 10
-4.5156
 20
-13.4883
 30
0.0
 10
-4.5156
 20
-13.3038
 30
0.0
 10
-4.5156
 20
-13.3038
 30
0.0
 10
-4.5156
 20
-13.1518
 30
0.0
 10
-4.4723
 20
-13.0216
 30
0.0
 10
-4.3854
 20
-12.9022
 30
0.0
 10
-4.3854
 20
-12.9022
 30
0.0
 10
-4.2985
 20
-12.7883
 30
0.0
 10
-4.1846
 20
-12.696
 30
0.0
 10
-4.038
 20
-12.6308
 30
0.0
 10
-4.038
 20
-12.6308
 30
0.0
 10
-3.8915
 20
-12.5657
 30
0.0
 10
-3.7233
 20
-12.5332
 30
0.0
 10
-3.5333
 20
-12.5332
 30
0.0
 10
-3.5333
 20
-12.5332
 30
0.0
 10
-3.2674
 20
-12.5332
 30
0.0
 10
-3.0612
 20
-12.5929
 30
0.0
 10
-2.9093
 20
-12.7067
 30
0.0
 10
-2.9093
 20
-12.7067
 30
0.0
 10
-2.7574
 20
-12.8207
 30
0.0
 10
-2.6488
 20
-12.9727
 30
0.0
 10
-2.5891
 20
-13.1626
 30
0.0
 10
-2.5891
 20
-13.1626
 30
0.0
 10
-2.5891
 20
-13.1626
 30
0.0
 10
-2.5998
 20
-13.1736
 30
0.0
 10
-2.5998
 20
-13.1736
 30
0.0
  0
SPLINE
  5
93
330
1F
100
AcDbEntity
  8
layer 1
 62
   242
100
AcDbSpline
210
0.0
220
0.0
230
1.0
 70
    11
 71
     3
 72
    84
 73
    80
 74
     0
 42
0.000000001
 43
0.0000000001
 40
0.0
 40
0.0
 40
0.0
 40
0.0
 40
0.0476190476190476
 40
0.0476190476190476
 40
0.0476190476190476
 40
0.0476190476190476
 40
0.0952380952380952
 40
0.0952380952380952
 40
0.0952380952380952
 40
0.0952380952380952
 40
0.1428571428571428
 40
0.1428571428571428
 40
0.1428571428571428
 40
0.1428571428571428
 40
0.1904761904761905
 40
0.1904761904761905
 40
0.1904761904761905
 40
0.1904761904761905
 40
0.2380952380952381
 40
0.2380952380952381
 40
0.2380952380952381
 40
0.2380952380952381
 40
0.2857142857142857
 40
0.2857142857142857
 40
0.2857142857142857
 40
0.2857142857142857
 40
0.3333333333333333
 40
0.3333333333333333
 40
0.3333333333333333
 40
0.3333333333333333
 40
0.3809523809523809
 40
0.3809523809523809
 40
0.3809523809523809
 40
0.3809523809523809
 40
0.4285714285714285
 40
0.4285714285714285
 40
0.4285714285714285
 40
0.4285714285714285
 40
0.4761904761904762
 40
0.4761904761904762
 40
0.4761904761904762
 40
0.4761904761904762
 40
0.5238095238095238
 40
0.5238095238095238
 40
0.5238095238095238
 40
0.5238095238095238
 40
0.5714285714285714
 40
0.5714285714285714
 40
0.5714285714285714
 40
0.5714285714285714
 40
0.6190476190476191
 40
0.6190476190476191
 40
0.6190476190476191
 40
0.6190476190476191
 40
0.6666666666666666
 40
0.6666666666666666
 40
0.6666666666666666
 40
0.6666666666666666
 40
0.7142857142857143
 40
0.7142857142857143
 40
0.7142857142857143
 40
0.7142857142857143
 40
0.7619047619047619
 40
0.7619047619047619
 40
0.7619047619047619
 40
0.7619047619047619
 40
0.8095238095238095
 40
0.8095238095238095
 40
0.8095238095238095
 40
0.8095238095238095
 40
0.8571428571428571
 40
0.8571428571428571
 40
0.8571428571428571
 40
0.8571428571428571
 40
0.9047619047619048
 40
0.9047619047619048
 40
0.9047619047619048
 40
0.9047619047619048
 40
1.0
 40
1.0
 40
1.0
 40
1.0
 10
-1.5254
 20
-13.6403
 30
0.0
 10
-1.5254
 20
-13.6403
 30
0.0
 10
-1.5254
 20
-15.2466
 30
0.0
 10
-1.5254
 20
-15.2466
 30
0.0
 10
-1.5254
 20
-15.2466
 30
0.0
 10
-1.5254
 20
-15.2466
 30
0.0
 10
-1.9324
 20
-15.2466
 30
0.0
 10
-1.9324
 20
-15.2466
 30
0.0
 10
-1.9324
 20
-15.2466
 30
0.0
 10
-1.9324
 20
-15.2466
 30
0.0
 10
-1.9324
 20
-11.6921
 30
0.0
 10
-1.9324
 20
-11.6921
 30
0.0
 10
-1.9324
 20
-11.6921
 30
0.0
 10
-1.9324
 20
-11.6921
 30
0.0
 10
-1.5254
 20
-11.6921
 30
0.0
 10
-1.5254
 20
-11.6921
 30
0.0
 10
-1.5254
 20
-11.6921
 30
0.0
 10
-1.5254
 20
-11.6921
 30
0.0
 10
-1.5254
 20
-12.9999
 30
0.0
 10
-1.5254
 20
-12.9999
 30
0.0
 10
-1.5254
 20
-12.9999
 30
0.0
 10
-1.5254
 20
-12.9999
 30
0.0
 10
-1.4928
 20
-12.9999
 30
0.0
 10
-1.4928
 20
-12.9999
 30
0.0
 10
-1.4928
 20
-12.9999
 30
0.0
 10
-1.4277
 20
-12.8643
 30
0.0
 10
-1.3354
 20
-12.7503
 30
0.0
 10
-1.2107
 20
-12.6689
 30
0.0
 10
-1.2107
 20
-12.6689
 30
0.0
 10
-1.0858
 20
-12.5875
 30
0.0
 10
-0.9176
 20
-12.5441
 30
0.0
 10
-0.706
 20
-12.5441
 30
0.0
 10
-0.706
 20
-12.5441
 30
0.0
 10
-0.5268
 20
-12.5441
 30
0.0
 10
-0.364
 20
-12.5821
 30
0.0
 10
-0.2284
 20
-12.6526
 30
0.0
 10
-0.2284
 20
-12.6526
 30
0.0
 10
-0.0926
 20
-12.7232
 30
0.0
 10
0.0158
 20
-12.8371
 30
0.0
 10
0.0918
 20
-12.9837
 30
0.0
 10
0.0918
 20
-12.9837
 30
0.0
 10
0.1679
 20
-13.1302
 30
0.0
 10
0.2058
 20
-13.3202
 30
0.0
 10
0.2058
 20
-13.548
 30
0.0
 10
0.2058
 20
-13.548
 30
0.0
 10
0.2058
 20
-13.548
 30
0.0
 10
0.2058
 20
-15.2413
 30
0.0
 10
0.2058
 20
-15.2413
 30
0.0
 10
0.2058
 20
-15.2413
 30
0.0
 10
0.2058
 20
-15.2413
 30
0.0
 10
-0.2012
 20
-15.2413
 30
0.0
 10
-0.2012
 20
-15.2413
 30
0.0
 10
-0.2012
 20
-15.2413
 30
0.0
 10
-0.2012
 20
-15.2413
 30
0.0
 10
-0.2012
 20
-13.5752
 30
0.0
 10
-0.2012
 20
-13.5752
 30
0.0
 10
-0.2012
 20
-13.5752
 30
0.0
 10
-0.2012
 20
-13.3636
 30
0.0
 10
-0.2554
 20
-13.2008
 30
0.0
 10
-0.364
 20
-13.0813
 30
0.0
 10
-0.364
 20
-13.0813
 30
0.0
 10
-0.4726
 20
-12.9674
 30
0.0
 10
-0.6245
 20
-12.9077
 30
0.0
 10
-0.8198
 20
-12.9077
 30
0.0
 10
-0.8198
 20
-12.9077
 30
0.0
 10
-0.9556
 20
-12.9077
 30
0.0
 10
-1.0748
 20
-12.9349
 30
0.0
 10
-1.178
 20
-12.9945
 30
0.0
 10
-1.178
 20
-12.9945
 30
0.0
 10
-1.2812
 20
-13.0542
 30
0.0
 10
-1.368
 20
-13.1356
 30
0.0
 10
-1.4277
 20
-13.2442
 30
0.0
 10
-1.4277
 20
-13.2442
 30
0.0
 10
-1.4873
 20
-13.3528
 30
0.0
 10
-1.5199
 20
-13.483
 30
0.0
 10
-1.5199
 20
-13.6403
 30
0.0
 10
-1.5199
 20
-13.6403
 30
0.0
 10
-1.5199
 20
-13.6403
 30
0.0
 10
-1.5254
 20
-13.6403
 30
0.0
 10
-1.5254
 20
-13.6403
 30
0.0
  0
SPLINE
  5
94
330
1F
100
AcDbEntity
  8
layer 1
 62
   242
100
AcDbSpline
210
0.0
220
0.0
230
1.0
 70
    11
 71
     3
 72
    36
 73
    32
 74
     0
 42
0.000000001
 43
0.0000000001
 40
0.0
 40
0.0
 40
0.0
 40
0.0
 40
0.1111111111111111
 40
0.1111111111111111
 40
0.1111111111111111
 40
0.1111111111111111
 40
0.2222222222222222
 40
0.2222222222222222
 40
0.2222222222222222
 40
0.2222222222222222
 40
0.3333333333333333
 40
0.3333333333333333
 40
0.3333333333333333
 40
0.3333333333333333
 40
0.4444444444444444
 40
0.4444444444444444
 40
0.4444444444444444
 40
0.4444444444444444
 40
0.5555555555555556
 40
0.5555555555555556
 40
0.5555555555555556
 40
0.5555555555555556
 40
0.6666666666666666
 40
0.6666666666666666
 40
0.6666666666666666
 40
0.6666666666666666
 40
0.7777777777777778
 40
0.7777777777777778
 40
0.7777777777777778
 40
0.7777777777777778
 40
1.0
 40
1.0
 40
1.0
 40
1.0
 10
1.1609
 20
-12.1371
 30
0.0
 10
1.0795
 20
-12.1371
 30
0.0
 10
1.0144
 20
-12.1099
 30
0.0
 10
0.9547
 20
-12.0557
 30
0.0
 10
0.9547
 20
-12.0557
 30
0.0
 10
0.8951
 20
-12.0014
 30
0.0
 10
0.8679
 20
-11.9363
 30
0.0
 10
0.8679
 20
-11.8603
 30
0.0
 10
0.8679
 20
-11.8603
 30
0.0
 10
0.8679
 20
-11.7844
 30
0.0
 10
0.8951
 20
-11.7193
 30
0.0
 10
0.9547
 20
-11.6649
 30
0.0
 10
0.9547
 20
-11.6649
 30
0.0
 10
1.0144
 20
-11.6107
 30
0.0
 10
1.0795
 20
-11.5835
 30
0.0
 10
1.1609
 20
-11.5835
 30
0.0
 10
1.1609
 20
-11.5835
 30
0.0
 10
1.2424
 20
-11.5835
 30
0.0
 10
1.3076
 20
-11.6107
 30
0.0
 10
1.3672
 20
-11.6649
 30
0.0
 10
1.3672
 20
-11.6649
 30
0.0
 10
1.4269
 20
-11.7193
 30
0.0
 10
1.4541
 20
-11.7844
 30
0.0
 10
1.4541
 20
-11.8603
 30
0.0
 10
1.4541
 20
-11.8603
 30
0.0
 10
1.4541
 20
-11.9363
 30
0.0
 10
1.4269
 20
-12.0014
 30
0.0
 10
1.3672
 20
-12.0557
 30
0.0
 10
1.3672
 20
-12.0557
 30
0.0
 10
1.3076
 20
-12.1099
 30
0.0
 10
1.2424
 20
-12.1371
 30
0.0
 10
1.1609
 20
-12.1371
 30
0.0
  0
SPLINE
  5
95
330
1F
100
AcDbEntity
  8
layer 1
 62
   242
100
AcDbSpline
210
0.0
220
0.0
230
1.0
 70
    11
 71
     3
 72
    20
 73
    16
 74
     0
 42
0.000000001
 43
0.0000000001
 40
0.0
 40
0.0
 40
0.0
 40
0.0
 40
0.2
 40
0.2
 40
0.2
 40
0.2
 40
0.4
 40
0.4
 40
0.4
 40
0.4
 40
0.6
 40
0.6
 40
0.6
 40
0.6
 40
1.0
 40
1.0
 40
1.0
 40
1.0
 10
0.9547
 20
-15.2466
 30
0.0
 10
0.9547
 20
-15.2466
 30
0.0
 10
0.9547
 20
-12.5821
 30
0.0
 10
0.9547
 20
-12.5821
 30
0.0
 10
0.9547
 20
-12.5821
 30
0.0
 10
0.9547
 20
-12.5821
 30
0.0
 10
1.3618
 20
-12.582
 30
0.0
 10
1.3618
 20
-12.582
 30
0.0
 10
1.3618
 20
-12.582
 30
0.0
 10
1.3618
 20
-12.582
 30
0.0
 10
1.3618
 20
-15.2466
 30
0.0
 10
1.3618
 20
-15.2466
 30
0.0
 10
1.3618
 20
-15.2466
 30
0.0
 10
1.3618
 20
-15.2466
 30
0.0
 10
0.9547
 20
-15.2466
 30
0.0
 10
0.9547
 20
-15.2466
 30
0.0
  0
SPLINE
  5
96
330
1F
100
AcDbEntity
  8
layer 1
 62
   242
100
AcDbSpline
210
0.0
220
0.0
230
1.0
 70
    11
 71
     3
 72
    84
 73
    80
 74
     0
 42
0.000000001
 43
0.0000000001
 40
0.0
 40
0.0
 40
0.0
 40
0.0
 40
0.0476190476190476
 40
0.0476190476190476
 40
0.0476190476190476
 40
0.0476190476190476
 40
0.0952380952380952
 40
0.0952380952380952
 40
0.0952380952380952
 40
0.0952380952380952
 40
0.1428571428571428
 40
0.1428571428571428
 40
0.1428571428571428
 40
0.1428571428571428
 40
0.1904761904761905
 40
0.1904761904761905
 40
0.1904761904761905
 40
0.1904761904761905
 40
0.2380952380952381
 40
0.2380952380952381
 40
0.2380952380952381
 40
0.2380952380952381
 40
0.2857142857142857
 40
0.2857142857142857
 40
0.2857142857142857
 40
0.2857142857142857
 40
0.3333333333333333
 40
0.3333333333333333
 40
0.3333333333333333
 40
0.3333333333333333
 40
0.3809523809523809
 40
0.3809523809523809
 40
0.3809523809523809
 40
0.3809523809523809
 40
0.4285714285714285
 40
0.4285714285714285
 40
0.4285714285714285
 40
0.4285714285714285
 40
0.4761904761904762
 40
0.4761904761904762
 40
0.4761904761904762
 40
0.4761904761904762
 40
0.5238095238095238
 40
0.5238095238095238
 40
0.5238095238095238
 40
0.5238095238095238
 40
0.5714285714285714
 40
0.5714285714285714
 40
0.5714285714285714
 40
0.5714285714285714
 40
0.6190476190476191
 40
0.6190476190476191
 40
0.6190476190476191
 40
0.6190476190476191
 40
0.6666666666666666
 40
0.6666666666666666
 40
0.6666666666666666
 40
0.6666666666666666
 40
0.7142857142857143
 40
0.7142857142857143
 40
0.7142857142857143
 40
0.7142857142857143
 40
0.7619047619047619
 40
0.7619047619047619
 40
0.7619047619047619
 40
0.7619047619047619
 40
0.8095238095238095
 40
0.8095238095238095
 40
0.8095238095238095
 40
0.8095238095238095
 40
0.8571428571428571
 40
0.8571428571428571
 40
0.8571428571428571
 40
0.8571428571428571
 40
0.9047619047619048
 40
0.9047619047619048
 40
0.9047619047619048
 40
0.9047619047619048
 40
1.0
 40
1.0
 40
1.0
 40
1.0
 10
2.5231
 20
-13.6403
 30
0.0
 10
2.5231
 20
-13.6403
 30
0.0
 10
2.5231
 20
-15.2466
 30
0.0
 10
2.5231
 20
-15.2466
 30
0.0
 10
2.5231
 20
-15.2466
 30
0.0
 10
2.5231
 20
-15.2466
 30
0.0
 10
2.1161
 20
-15.2466
 30
0.0
 10
2.1161
 20
-15.2466
 30
0.0
 10
2.1161
 20
-15.2466
 30
0.0
 10
2.1161
 20
-15.2466
 30
0.0
 10
2.1161
 20
-12.5821
 30
0.0
 10
2.1161
 20
-12.5821
 30
0.0
 10
2.1161
 20
-12.5821
 30
0.0
 10
2.1161
 20
-12.5821
 30
0.0
 10
2.5122
 20
-12.582
 30
0.0
 10
2.5122
 20
-12.582
 30
0.0
 10
2.5122
 20
-12.582
 30
0.0
 10
2.5122
 20
-12.582
 30
0.0
 10
2.5122
 20
-12.9999
 30
0.0
 10
2.5122
 20
-12.9999
 30
0.0
 10
2.5122
 20
-12.9999
 30
0.0
 10
2.5122
 20
-12.9999
 30
0.0
 10
2.5447
 20
-12.9999
 30
0.0
 10
2.5447
 20
-12.9999
 30
0.0
 10
2.5447
 20
-12.9999
 30
0.0
 10
2.6099
 20
-12.8643
 30
0.0
 10
2.7021
 20
-12.7557
 30
0.0
 10
2.827
 20
-12.6744
 30
0.0
 10
2.827
 20
-12.6744
 30
0.0
 10
2.9517
 20
-12.593
 30
0.0
 10
3.12
 20
-12.5496
 30
0.0
 10
3.3208
 20
-12.5496
 30
0.0
 10
3.3208
 20
-12.5496
 30
0.0
 10
3.4999
 20
-12.5496
 30
0.0
 10
3.6573
 20
-12.5875
 30
0.0
 10
3.7929
 20
-12.6581
 30
0.0
 10
3.7929
 20
-12.6581
 30
0.0
 10
3.9286
 20
-12.7341
 30
0.0
 10
4.0317
 20
-12.8426
 30
0.0
 10
4.1076
 20
-12.9891
 30
0.0
 10
4.1076
 20
-12.9891
 30
0.0
 10
4.1836
 20
-13.1357
 30
0.0
 10
4.2216
 20
-13.3256
 30
0.0
 10
4.2216
 20
-13.5535
 30
0.0
 10
4.2216
 20
-13.5535
 30
0.0
 10
4.2216
 20
-13.5535
 30
0.0
 10
4.2216
 20
-15.2468
 30
0.0
 10
4.2216
 20
-15.2468
 30
0.0
 10
4.2216
 20
-15.2468
 30
0.0
 10
4.2216
 20
-15.2468
 30
0.0
 10
3.8147
 20
-15.2466
 30
0.0
 10
3.8147
 20
-15.2466
 30
0.0
 10
3.8147
 20
-15.2466
 30
0.0
 10
3.8147
 20
-15.2466
 30
0.0
 10
3.8147
 20
-13.5806
 30
0.0
 10
3.8147
 20
-13.5806
 30
0.0
 10
3.8147
 20
-13.5806
 30
0.0
 10
3.8147
 20
-13.3689
 30
0.0
 10
3.7605
 20
-13.2061
 30
0.0
 10
3.6519
 20
-13.0922
 30
0.0
 10
3.6519
 20
-13.0922
 30
0.0
 10
3.5433
 20
-12.9728
 30
0.0
 10
3.3914
 20
-12.9185
 30
0.0
 10
3.2014
 20
-12.9185
 30
0.0
 10
3.2014
 20
-12.9185
 30
0.0
 10
3.0712
 20
-12.9185
 30
0.0
 10
2.9518
 20
-12.9457
 30
0.0
 10
2.8542
 20
-13.0054
 30
0.0
 10
2.8542
 20
-13.0054
 30
0.0
 10
2.751
 20
-13.0596
 30
0.0
 10
2.6696
 20
-13.1465
 30
0.0
 10
2.61
 20
-13.255
 30
0.0
 10
2.61
 20
-13.255
 30
0.0
 10
2.5502
 20
-13.3636
 30
0.0
 10
2.5231
 20
-13.4938
 30
0.0
 10
2.5231
 20
-13.6512
 30
0.0
 10
2.5231
 20
-13.6512
 30
0.0
 10
2.5231
 20
-13.6512
 30
0.0
 10
2.5231
 20
-13.6403
 30
0.0
 10
2.5231
 20
-13.6403
 30
0.0
  0
SPLINE
  5
97
330
1F
100
AcDbEntity
  8
layer 1
 62
   242
100
AcDbSpline
210
0.0
220
0.0
230
1.0
 70
    11
 71
     3
 72
   128
 73
   124
 74
     0
 42
0.000000001
 43
0.0000000001
 40
0.0
 40
0.0
 40
0.0
 40
0.0
 40
0.03125
 40
0.03125
 40
0.03125
 40
0.03125
 40
0.0625
 40
0.0625
 40
0.0625
 40
0.0625
 40
0.09375
 40
0.09375
 40
0.09375
 40
0.09375
 40
0.125
 40
0.125
 40
0.125
 40
0.125
 40
0.15625
 40
0.15625
 40
0.15625
 40
0.15625
 40
0.1875
 40
0.1875
 40
0.1875
 40
0.1875
 40
0.21875
 40
0.21875
 40
0.21875
 40
0.21875
 40
0.25
 40
0.25
 40
0.25
 40
0.25
 40
0.28125
 40
0.28125
 40
0.28125
 40
0.28125
 40
0.3125
 40
0.3125
 40
0.3125
 40
0.3125
 40
0.34375
 40
0.34375
 40
0.34375
 40
0.34375
 40
0.375
 40
0.375
 40
0.375
 40
0.375
 40
0.40625
 40
0.40625
 40
0.40625
 40
0.40625
 40
0.4375
 40
0.4375
 40
0.4375
 40
0.4375
 40
0.46875
 40
0.46875
 40
0.46875
 40
0.46875
 40
0.5
 40
0.5
 40
0.5
 40
0.5
 40
0.53125
 40
0.53125
 40
0.53125
 40
0.53125
 40
0.5625
 40
0.5625
 40
0.5625
 40
0.5625
 40
0.59375
 40
0.59375
 40
0.59375
 40
0.59375
 40
0.625
 40
0.625
 40
0.625
 40
0.625
 40
0.65625
 40
0.65625
 40
0.65625
 40
0.65625
 40
0.6875
 40
0.6875
 40
0.6875
 40
0.6875
 40
0.71875
 40
0.71875
 40
0.71875
 40
0.71875
 40
0.75
 40
0.75
 40
0.75
 40
0.75
 40
0.78125
 40
0.78125
 40
0.78125
 40
0.78125
 40
0.8125
 40
0.8125
 40
0.8125
 40
0.8125
 40
0.84375
 40
0.84375
 40
0.84375
 40
0.84375
 40
0.875
 40
0.875
 40
0.875
 40
0.875
 40
0.90625
 40
0.90625
 40
0.90625
 40
0.90625
 40
0.9375
 40
0.9375
 40
0.9375
 40
0.9375
 40
1.0
 40
1.0
 40
1.0
 40
1.0
 10
6.0505
 20
-16.2995
 30
0.0
 10
5.8552
 20
-16.2995
 30
0.0
 10
5.6815
 20
-16.2724
 30
0.0
 10
5.5405
 20
-16.2234
 30
0.0
 10
5.5405
 20
-16.2234
 30
0.0
 10
5.3993
 20
-16.1746
 30
0.0
 10
5.2799
 20
-16.1096
 30
0.0
 10
5.1877
 20
-16.0282
 30
0.0
 10
5.1877
 20
-16.0282
 30
0.0
 10
5.0954
 20
-15.9468
 30
0.0
 10
5.0194
 20
-15.8599
 30
0.0
 10
4.9598
 20
-15.7676
 30
0.0
 10
4.9598
 20
-15.7676
 30
0.0
 10
4.9598
 20
-15.7676
 30
0.0
 10
5.2854
 20
-15.5397
 30
0.0
 10
5.2854
 20
-15.5397
 30
0.0
 10
5.2854
 20
-15.5397
 30
0.0
 10
5.3233
 20
-15.5885
 30
0.0
 10
5.3668
 20
-15.6428
 30
0.0
 10
5.4264
 20
-15.708
 30
0.0
 10
5.4264
 20
-15.708
 30
0.0
 10
5.4861
 20
-15.7731
 30
0.0
 10
5.5621
 20
-15.8273
 30
0.0
 10
5.6598
 20
-15.8708
 30
0.0
 10
5.6598
 20
-15.8708
 30
0.0
 10
5.7575
 20
-15.9196
 30
0.0
 10
5.8877
 20
-15.9413
 30
0.0
 10
6.0505
 20
-15.9413
 30
0.0
 10
6.0505
 20
-15.9413
 30
0.0
 10
6.2676
 20
-15.9413
 30
0.0
 10
6.4413
 20
-15.8871
 30
0.0
 10
6.5824
 20
-15.7839
 30
0.0
 10
6.5824
 20
-15.7839
 30
0.0
 10
6.7234
 20
-15.6808
 30
0.0
 10
6.794
 20
-15.518
 30
0.0
 10
6.794
 20
-15.2955
 30
0.0
 10
6.794
 20
-15.2955
 30
0.0
 10
6.794
 20
-15.2955
 30
0.0
 10
6.794
 20
-14.7527
 30
0.0
 10
6.794
 20
-14.7527
 30
0.0
 10
6.794
 20
-14.7527
 30
0.0
 10
6.794
 20
-14.7527
 30
0.0
 10
6.7615
 20
-14.7529
 30
0.0
 10
6.7615
 20
-14.7529
 30
0.0
 10
6.7615
 20
-14.7529
 30
0.0
 10
6.7289
 20
-14.8017
 30
0.0
 10
6.691
 20
-14.8614
 30
0.0
 10
6.6312
 20
-14.9319
 30
0.0
 10
6.6312
 20
-14.9319
 30
0.0
 10
6.577
 20
-15.0024
 30
0.0
 10
6.4956
 20
-15.0677
 30
0.0
 10
6.3979
 20
-15.1219
 30
0.0
 10
6.3979
 20
-15.1219
 30
0.0
 10
6.2949
 20
-15.1761
 30
0.0
 10
6.1591
 20
-15.2033
 30
0.0
 10
5.9854
 20
-15.2033
 30
0.0
 10
5.9854
 20
-15.2033
 30
0.0
 10
5.7684
 20
-15.2033
 30
0.0
 10
5.5784
 20
-15.1545
 30
0.0
 10
5.4047
 20
-15.0513
 30
0.0
 10
5.4047
 20
-15.0513
 30
0.0
 10
5.2312
 20
-14.9482
 30
0.0
 10
5.1009
 20
-14.8017
 30
0.0
 10
4.9977
 20
-14.6063
 30
0.0
 10
4.9977
 20
-14.6063
 30
0.0
 10
4.9001
 20
-14.411
 30
0.0
 10
4.8512
 20
-14.1776
 30
0.0
 10
4.8512
 20
-13.8954
 30
0.0
 10
4.8512
 20
-13.8954
 30
0.0
 10
4.8512
 20
-13.6133
 30
0.0
 10
4.9001
 20
-13.3853
 30
0.0
 10
4.9977
 20
-13.1791
 30
0.0
 10
4.9977
 20
-13.1791
 30
0.0
 10
5.0954
 20
-12.9783
 30
0.0
 10
5.2257
 20
-12.8209
 30
0.0
 10
5.3993
 20
-12.707
 30
0.0
 10
5.3993
 20
-12.707
 30
0.0
 10
5.5729
 20
-12.593
 30
0.0
 10
5.7684
 20
-12.5387
 30
0.0
 10
5.9908
 20
-12.5387
 30
0.0
 10
5.9908
 20
-12.5387
 30
0.0
 10
6.1645
 20
-12.5387
 30
0.0
 10
6.3002
 20
-12.5658
 30
0.0
 10
6.4033
 20
-12.6256
 30
0.0
 10
6.4033
 20
-12.6256
 30
0.0
 10
6.5064
 20
-12.6853
 30
0.0
 10
6.5824
 20
-12.7503
 30
0.0
 10
6.6366
 20
-12.8209
 30
0.0
 10
6.6366
 20
-12.8209
 30
0.0
 10
6.6909
 20
-12.8914
 30
0.0
 10
6.7343
 20
-12.9512
 30
0.0
 10
6.7669
 20
-13.0
 30
0.0
 10
6.7669
 20
-13.0
 30
0.0
 10
6.7669
 20
-13.0
 30
0.0
 10
6.8103
 20
-12.9999
 30
0.0
 10
6.8103
 20
-12.9999
 30
0.0
 10
6.8103
 20
-12.9999
 30
0.0
 10
6.8103
 20
-12.9999
 30
0.0
 10
6.8103
 20
-12.5766
 30
0.0
 10
6.8103
 20
-12.5766
 30
0.0
 10
6.8103
 20
-12.5766
 30
0.0
 10
6.8103
 20
-12.5766
 30
0.0
 10
7.2065
 20
-12.5766
 30
0.0
 10
7.2065
 20
-12.5766
 30
0.0
 10
7.2065
 20
-12.5766
 30
0.0
 10
7.2065
 20
-12.5766
 30
0.0
 10
7.2065
 20
-15.3173
 30
0.0
 10
7.2065
 20
-15.3173
 30
0.0
 10
7.2065
 20
-15.3173
 30
0.0
 10
7.2065
 20
-15.5452
 30
0.0
 10
7.1576
 20
-15.7352
 30
0.0
 10
7.0491
 20
-15.8762
 30
0.0
 10
7.0491
 20
-15.8762
 30
0.0
 10
6.9459
 20
-16.0173
 30
0.0
 10
6.8049
 20
-16.1259
 30
0.0
 10
6.6312
 20
-16.191
 30
0.0
 10
6.6312
 20
-16.191
 30
0.0
 10
6.4575
 20
-16.256
 30
0.0
 10
6.2622
 20
-16.2941
 30
0.0
 10
6.0505
 20
-16.2941
 30
0.0
 10
6.0505
 20
-16.2941
 30
0.0
 10
6.0505
 20
-16.2941
 30
0.0
 10
6.0505
 20
-16.2995
 30
0.0
 10
6.0505
 20
-16.2995
 30
0.0
  0
SPLINE
  5
98
330
1F
100
AcDbEntity
  8
layer 1
 62
   242
100
AcDbSpline
210
0.0
220
0.0
230
1.0
 70
    11
 71
     3
 72
    56
 73
    52
 74
     0
 42
0.000000001
 43
0.0000000001
 40
0.0
 40
0.0
 40
0.0
 40
0.0
 40
0.0714285714285714
 40
0.0714285714285714
 40
0.0714285714285714
 40
0.0714285714285714
 40
0.1428571428571428
 40
0.1428571428571428
 40
0.1428571428571428
 40
0.1428571428571428
 40
0.2142857142857143
 40
0.2142857142857143
 40
0.2142857142857143
 40
0.2142857142857143
 40
0.2857142857142857
 40
0.2857142857142857
 40
0.2857142857142857
 40
0.2857142857142857
 40
0.3571428571428572
 40
0.3571428571428572
 40
0.3571428571428572
 40
0.3571428571428572
 40
0.4285714285714285
 40
0.4285714285714285
 40
0.4285714285714285
 40
0.4285714285714285
 40
0.5
 40
0.5
 40
0.5
 40
0.5
 40
0.5714285714285714
 40
0.5714285714285714
 40
0.5714285714285714
 40
0.5714285714285714
 40
0.6428571428571429
 40
0.6428571428571429
 40
0.6428571428571429
 40
0.6428571428571429
 40
0.7142857142857143
 40
0.7142857142857143
 40
0.7142857142857143
 40
0.7142857142857143
 40
0.7857142857142857
 40
0.7857142857142857
 40
0.7857142857142857
 40
0.7857142857142857
 40
0.8571428571428571
 40
0.8571428571428571
 40
0.8571428571428571
 40
0.8571428571428571
 40
1.0
 40
1.0
 40
1.0
 40
1.0
 10
6.0343
 20
-14.8343
 30
0.0
 10
6.1971
 20
-14.8343
 30
0.0
 10
6.3382
 20
-14.7962
 30
0.0
 10
6.4522
 20
-14.7203
 30
0.0
 10
6.4522
 20
-14.7203
 30
0.0
 10
6.5661
 20
-14.6444
 30
0.0
 10
6.6529
 20
-14.5358
 30
0.0
 10
6.7126
 20
-14.3947
 30
0.0
 10
6.7126
 20
-14.3947
 30
0.0
 10
6.7724
 20
-14.2536
 30
0.0
 10
6.7995
 20
-14.0854
 30
0.0
 10
6.7995
 20
-13.89
 30
0.0
 10
6.7995
 20
-13.89
 30
0.0
 10
6.7995
 20
-13.6947
 30
0.0
 10
6.7724
 20
-13.5265
 30
0.0
 10
6.7126
 20
-13.3798
 30
0.0
 10
6.7126
 20
-13.3798
 30
0.0
 10
6.6529
 20
-13.2333
 30
0.0
 10
6.5715
 20
-13.1194
 30
0.0
 10
6.4577
 20
-13.0326
 30
0.0
 10
6.4577
 20
-13.0326
 30
0.0
 10
6.3437
 20
-12.9512
 30
0.0
 10
6.2026
 20
-12.9077
 30
0.0
 10
6.0398
 20
-12.9077
 30
0.0
 10
6.0398
 20
-12.9077
 30
0.0
 10
5.8769
 20
-12.9077
 30
0.0
 10
5.7196
 20
-12.9512
 30
0.0
 10
5.6056
 20
-13.038
 30
0.0
 10
5.6056
 20
-13.038
 30
0.0
 10
5.4916
 20
-13.1249
 30
0.0
 10
5.4047
 20
-13.2442
 30
0.0
 10
5.3451
 20
-13.3907
 30
0.0
 10
5.3451
 20
-13.3907
 30
0.0
 10
5.2854
 20
-13.5372
 30
0.0
 10
5.2582
 20
-13.7054
 30
0.0
 10
5.2582
 20
-13.8845
 30
0.0
 10
5.2582
 20
-13.8845
 30
0.0
 10
5.2582
 20
-14.0637
 30
0.0
 10
5.2854
 20
-14.2319
 30
0.0
 10
5.3451
 20
-14.373
 30
0.0
 10
5.3451
 20
-14.373
 30
0.0
 10
5.4047
 20
-14.5142
 30
0.0
 10
5.4916
 20
-14.628
 30
0.0
 10
5.6056
 20
-14.704
 30
0.0
 10
5.6056
 20
-14.704
 30
0.0
 10
5.7196
 20
-14.7854
 30
0.0
 10
5.8661
 20
-14.8235
 30
0.0
 10
6.0344
 20
-14.8235
 30
0.0
 10
6.0344
 20
-14.8235
 30
0.0
 10
6.0344
 20
-14.8235
 30
0.0
 10
6.0343
 20
-14.8343
 30
0.0
 10
6.0343
 20
-14.8343
 30
0.0
  0
SPLINE
  5
99
330
1F
100
AcDbEntity
  8
layer 1
 62
   242
100
AcDbSpline
210
0.0
220
0.0
230
1.0
 70
    11
 71
     3
 72
    96
 73
    92
 74
     0
 42
0.000000001
 43
0.0000000001
 40
0.0
 40
0.0
 40
0.0
 40
0.0
 40
0.0416666666666667
 40
0.0416666666666667
 40
0.0416666666666667
 40
0.0416666666666667
 40
0.0833333333333333
 40
0.0833333333333333
 40
0.0833333333333333
 40
0.0833333333333333
 40
0.125
 40
0.125
 40
0.125
 40
0.125
 40
0.1666666666666667
 40
0.1666666666666667
 40
0.1666666666666667
 40
0.1666666666666667
 40
0.2083333333333333
 40
0.2083333333333333
 40
0.2083333333333333
 40
0.2083333333333333
 40
0.25
 40
0.25
 40
0.25
 40
0.25
 40
0.2916666666666667
 40
0.2916666666666667
 40
0.2916666666666667
 40
0.2916666666666667
 40
0.3333333333333333
 40
0.3333333333333333
 40
0.3333333333333333
 40
0.3333333333333333
 40
0.375
 40
0.375
 40
0.375
 40
0.375
 40
0.4166666666666667
 40
0.4166666666666667
 40
0.4166666666666667
 40
0.4166666666666667
 40
0.4583333333333333
 40
0.4583333333333333
 40
0.4583333333333333
 40
0.4583333333333333
 40
0.5
 40
0.5
 40
0.5
 40
0.5
 40
0.5416666666666666
 40
0.5416666666666666
 40
0.5416666666666666
 40
0.5416666666666666
 40
0.5833333333333334
 40
0.5833333333333334
 40
0.5833333333333334
 40
0.5833333333333334
 40
0.625
 40
0.625
 40
0.625
 40
0.625
 40
0.6666666666666666
 40
0.6666666666666666
 40
0.6666666666666666
 40
0.6666666666666666
 40
0.7083333333333334
 40
0.7083333333333334
 40
0.7083333333333334
 40
0.7083333333333334
 40
0.75
 40
0.75
 40
0.75
 40
0.75
 40
0.7916666666666666
 40
0.7916666666666666
 40
0.7916666666666666
 40
0.7916666666666666
 40
0.8333333333333334
 40
0.8333333333333334
 40
0.8333333333333334
 40
0.8333333333333334
 40
0.875
 40
0.875
 40
0.875
 40
0.875
 40
0.9166666666666666
 40
0.9166666666666666
 40
0.9166666666666666
 40
0.9166666666666666
 40
1.0
 40
1.0
 40
1.0
 40
1.0
 10
9.1601
 20
-15.2304
 30
0.0
 10
9.1601
 20
-15.2304
 30
0.0
 10
9.095
 20
-15.252
 30
0.0
 10
9.0462
 20
-15.2629
 30
0.0
 10
9.0462
 20
-15.2629
 30
0.0
 10
8.9973
 20
-15.2738
 30
0.0
 10
8.9322
 20
-15.2792
 30
0.0
 10
8.8562
 20
-15.2792
 30
0.0
 10
8.8562
 20
-15.2792
 30
0.0
 10
8.7422
 20
-15.2792
 30
0.0
 10
8.6283
 20
-15.252
 30
0.0
 10
8.5143
 20
-15.2032
 30
0.0
 10
8.5143
 20
-15.2032
 30
0.0
 10
8.4058
 20
-15.1544
 30
0.0
 10
8.3136
 20
-15.0785
 30
0.0
 10
8.243
 20
-14.9753
 30
0.0
 10
8.243
 20
-14.9753
 30
0.0
 10
8.1724
 20
-14.8776
 30
0.0
 10
8.1345
 20
-14.7474
 30
0.0
 10
8.1345
 20
-14.5899
 30
0.0
 10
8.1345
 20
-14.5899
 30
0.0
 10
8.1345
 20
-14.5899
 30
0.0
 10
8.1345
 20
-12.924
 30
0.0
 10
8.1345
 20
-12.924
 30
0.0
 10
8.1345
 20
-12.924
 30
0.0
 10
8.1345
 20
-12.924
 30
0.0
 10
7.7329
 20
-12.924
 30
0.0
 10
7.7329
 20
-12.924
 30
0.0
 10
7.7329
 20
-12.924
 30
0.0
 10
7.7329
 20
-12.924
 30
0.0
 10
7.7329
 20
-12.5766
 30
0.0
 10
7.7329
 20
-12.5766
 30
0.0
 10
7.7329
 20
-12.5766
 30
0.0
 10
7.7329
 20
-12.5766
 30
0.0
 10
8.1345
 20
-12.5766
 30
0.0
 10
8.1345
 20
-12.5766
 30
0.0
 10
8.1345
 20
-12.5766
 30
0.0
 10
8.1345
 20
-12.5766
 30
0.0
 10
8.1345
 20
-11.9417
 30
0.0
 10
8.1345
 20
-11.9417
 30
0.0
 10
8.1345
 20
-11.9417
 30
0.0
 10
8.1345
 20
-11.9417
 30
0.0
 10
8.5415
 20
-11.9417
 30
0.0
 10
8.5415
 20
-11.9417
 30
0.0
 10
8.5415
 20
-11.9417
 30
0.0
 10
8.5415
 20
-11.9417
 30
0.0
 10
8.5415
 20
-12.5766
 30
0.0
 10
8.5415
 20
-12.5766
 30
0.0
 10
8.5415
 20
-12.5766
 30
0.0
 10
8.5415
 20
-12.5766
 30
0.0
 10
9.1113
 20
-12.5766
 30
0.0
 10
9.1113
 20
-12.5766
 30
0.0
 10
9.1113
 20
-12.5766
 30
0.0
 10
9.1113
 20
-12.5766
 30
0.0
 10
9.1113
 20
-12.924
 30
0.0
 10
9.1113
 20
-12.924
 30
0.0
 10
9.1113
 20
-12.924
 30
0.0
 10
9.1113
 20
-12.924
 30
0.0
 10
8.5415
 20
-12.924
 30
0.0
 10
8.5415
 20
-12.924
 30
0.0
 10
8.5415
 20
-12.924
 30
0.0
 10
8.5415
 20
-12.924
 30
0.0
 10
8.5415
 20
-14.4815
 30
0.0
 10
8.5415
 20
-14.4815
 30
0.0
 10
8.5415
 20
-14.4815
 30
0.0
 10
8.5415
 20
-14.5953
 30
0.0
 10
8.5632
 20
-14.6822
 30
0.0
 10
8.5957
 20
-14.742
 30
0.0
 10
8.5957
 20
-14.742
 30
0.0
 10
8.6283
 20
-14.7962
 30
0.0
 10
8.6717
 20
-14.8341
 30
0.0
 10
8.726
 20
-14.8559
 30
0.0
 10
8.726
 20
-14.8559
 30
0.0
 10
8.7802
 20
-14.8722
 30
0.0
 10
8.8399
 20
-14.883
 30
0.0
 10
8.8997
 20
-14.883
 30
0.0
 10
8.8997
 20
-14.883
 30
0.0
 10
8.943
 20
-14.883
 30
0.0
 10
8.9811
 20
-14.883
 30
0.0
 10
9.0082
 20
-14.883
 30
0.0
 10
9.0082
 20
-14.883
 30
0.0
 10
9.0407
 20
-14.8776
 30
0.0
 10
9.0625
 20
-14.8722
 30
0.0
 10
9.0787
 20
-14.8667
 30
0.0
 10
9.0787
 20
-14.8667
 30
0.0
 10
9.0787
 20
-14.8667
 30
0.0
 10
9.1601
 20
-15.2358
 30
0.0
 10
9.1601
 20
-15.2358
 30
0.0
 10
9.1601
 20
-15.2358
 30
0.0
 10
9.1601
 20
-15.2358
 30
0.0
 10
9.1601
 20
-15.2304
 30
0.0
 10
9.1601
 20
-15.2304
 30
0.0
  0
SPLINE
  5
9A
330
1F
100
AcDbEntity
  8
layer 1
 62
   242
100
AcDbSpline
210
0.0
220
0.0
230
1.0
 70
    11
 71
     3
 72
    52
 73
    48
 74
     0
 42
0.000000001
 43
0.0000000001
 40
0.0
 40
0.0
 40
0.0
 40
0.0
 40
0.0769230769230769
 40
0.0769230769230769
 40
0.0769230769230769
 40
0.0769230769230769
 40
0.1538461538461539
 40
0.1538461538461539
 40
0.1538461538461539
 40
0.1538461538461539
 40
0.2307692307692308
 40
0.2307692307692308
 40
0.2307692307692308
 40
0.2307692307692308
 40
0.3076923076923077
 40
0.3076923076923077
 40
0.3076923076923077
 40
0.3076923076923077
 40
0.3846153846153846
 40
0.3846153846153846
 40
0.3846153846153846
 40
0.3846153846153846
 40
0.4615384615384616
 40
0.4615384615384616
 40
0.4615384615384616
 40
0.4615384615384616
 40
0.5384615384615384
 40
0.5384615384615384
 40
0.5384615384615384
 40
0.5384615384615384
 40
0.6153846153846154
 40
0.6153846153846154
 40
0.6153846153846154
 40
0.6153846153846154
 40
0.6923076923076923
 40
0.6923076923076923
 40
0.6923076923076923
 40
0.6923076923076923
 40
0.7692307692307693
 40
0.7692307692307693
 40
0.7692307692307693
 40
0.7692307692307693
 40
0.8461538461538461
 40
0.8461538461538461
 40
0.8461538461538461
 40
0.8461538461538461
 40
1.0
 40
1.0
 40
1.0
 40
1.0
 10
10.7882
 20
-15.3009
 30
0.0
 10
10.5494
 20
-15.3009
 30
0.0
 10
10.3378
 20
-15.2413
 30
0.0
 10
10.1533
 20
-15.1273
 30
0.0
 10
10.1533
 20
-15.1273
 30
0.0
 10
9.9742
 20
-15.0133
 30
0.0
 10
9.8331
 20
-14.8505
 30
0.0
 10
9.73
 20
-14.6443
 30
0.0
 10
9.73
 20
-14.6443
 30
0.0
 10
9.6269
 20
-14.438
 30
0.0
 10
9.578
 20
-14.1993
 30
0.0
 10
9.578
 20
-13.9225
 30
0.0
 10
9.578
 20
-13.9225
 30
0.0
 10
9.578
 20
-13.6457
 30
0.0
 10
9.6269
 20
-13.4015
 30
0.0
 10
9.73
 20
-13.1954
 30
0.0
 10
9.73
 20
-13.1954
 30
0.0
 10
9.8331
 20
-12.9891
 30
0.0
 10
9.9742
 20
-12.8263
 30
0.0
 10
10.1533
 20
-12.7124
 30
0.0
 10
10.1533
 20
-12.7124
 30
0.0
 10
10.3324
 20
-12.5984
 30
0.0
 10
10.544
 20
-12.5387
 30
0.0
 10
10.7882
 20
-12.5387
 30
0.0
 10
10.7882
 20
-12.5387
 30
0.0
 10
11.0324
 20
-12.5387
 30
0.0
 10
11.2387
 20
-12.5984
 30
0.0
 10
11.4232
 20
-12.7124
 30
0.0
 10
11.4232
 20
-12.7124
 30
0.0
 10
11.6022
 20
-12.8263
 30
0.0
 10
11.7434
 20
-12.9891
 30
0.0
 10
11.8464
 20
-13.1954
 30
0.0
 10
11.8464
 20
-13.1954
 30
0.0
 10
11.9495
 20
-13.4015
 30
0.0
 10
11.9984
 20
-13.6458
 30
0.0
 10
11.9984
 20
-13.9225
 30
0.0
 10
11.9984
 20
-13.9225
 30
0.0
 10
11.9984
 20
-14.1992
 30
0.0
 10
11.9495
 20
-14.438
 30
0.0
 10
11.8464
 20
-14.6443
 30
0.0
 10
11.8464
 20
-14.6443
 30
0.0
 10
11.7434
 20
-14.8505
 30
0.0
 10
11.6022
 20
-15.0078
 30
0.0
 10
11.4232
 20
-15.1273
 30
0.0
 10
11.4232
 20
-15.1273
 30
0.0
 10
11.2441
 20
-15.2413
 30
0.0
 10
11.0324
 20
-15.3009
 30
0.0
 10
10.7882
 20
-15.3009
 30
0.0
  0
SPLINE
  5
9B
330
1F
100
AcDbEntity
  8
layer 1
 62
   242
100
AcDbSpline
210
0.0
220
0.0
230
1.0
 70
    11
 71
     3
 72
    52
 73
    48
 74
     0
 42
0.000000001
 43
0.0000000001
 40
0.0
 40
0.0
 40
0.0
 40
0.0
 40
0.0769230769230769
 40
0.0769230769230769
 40
0.0769230769230769
 40
0.0769230769230769
 40
0.1538461538461539
 40
0.1538461538461539
 40
0.1538461538461539
 40
0.1538461538461539
 40
0.2307692307692308
 40
0.2307692307692308
 40
0.2307692307692308
 40
0.2307692307692308
 40
0.3076923076923077
 40
0.3076923076923077
 40
0.3076923076923077
 40
0.3076923076923077
 40
0.3846153846153846
 40
0.3846153846153846
 40
0.3846153846153846
 40
0.3846153846153846
 40
0.4615384615384616
 40
0.4615384615384616
 40
0.4615384615384616
 40
0.4615384615384616
 40
0.5384615384615384
 40
0.5384615384615384
 40
0.5384615384615384
 40
0.5384615384615384
 40
0.6153846153846154
 40
0.6153846153846154
 40
0.6153846153846154
 40
0.6153846153846154
 40
0.6923076923076923
 40
0.6923076923076923
 40
0.6923076923076923
 40
0.6923076923076923
 40
0.7692307692307693
 40
0.7692307692307693
 40
0.7692307692307693
 40
0.7692307692307693
 40
0.8461538461538461
 40
0.8461538461538461
 40
0.8461538461538461
 40
0.8461538461538461
 40
1.0
 40
1.0
 40
1.0
 40
1.0
 10
10.7882
 20
-14.9319
 30
0.0
 10
10.9727
 20
-14.9319
 30
0.0
 10
11.1192
 20
-14.883
 30
0.0
 10
11.2387
 20
-14.7908
 30
0.0
 10
11.2387
 20
-14.7908
 30
0.0
 10
11.358
 20
-14.6985
 30
0.0
 10
11.4449
 20
-14.5737
 30
0.0
 10
11.4992
 20
-14.4218
 30
0.0
 10
11.4992
 20
-14.4218
 30
0.0
 10
11.5534
 20
-14.2698
 30
0.0
 10
11.586
 20
-14.1015
 30
0.0
 10
11.586
 20
-13.928
 30
0.0
 10
11.586
 20
-13.928
 30
0.0
 10
11.586
 20
-13.7543
 30
0.0
 10
11.5589
 20
-13.586
 30
0.0
 10
11.4992
 20
-13.4287
 30
0.0
 10
11.4992
 20
-13.4287
 30
0.0
 10
11.4449
 20
-13.2767
 30
0.0
 10
11.3527
 20
-13.1518
 30
0.0
 10
11.2387
 20
-13.0542
 30
0.0
 10
11.2387
 20
-13.0542
 30
0.0
 10
11.1247
 20
-12.9566
 30
0.0
 10
10.9728
 20
-12.9131
 30
0.0
 10
10.7882
 20
-12.9131
 30
0.0
 10
10.7882
 20
-12.9131
 30
0.0
 10
10.6037
 20
-12.9131
 30
0.0
 10
10.4571
 20
-12.9619
 30
0.0
 10
10.3378
 20
-13.0542
 30
0.0
 10
10.3378
 20
-13.0542
 30
0.0
 10
10.2184
 20
-13.1464
 30
0.0
 10
10.1315
 20
-13.2713
 30
0.0
 10
10.0773
 20
-13.4287
 30
0.0
 10
10.0773
 20
-13.4287
 30
0.0
 10
10.0231
 20
-13.5806
 30
0.0
 10
9.9904
 20
-13.7488
 30
0.0
 10
9.9904
 20
-13.928
 30
0.0
 10
9.9904
 20
-13.928
 30
0.0
 10
9.9904
 20
-14.107
 30
0.0
 10
10.0176
 20
-14.2698
 30
0.0
 10
10.0773
 20
-14.4218
 30
0.0
 10
10.0773
 20
-14.4218
 30
0.0
 10
10.1315
 20
-14.5737
 30
0.0
 10
10.2238
 20
-14.6985
 30
0.0
 10
10.3378
 20
-14.7908
 30
0.0
 10
10.3378
 20
-14.7908
 30
0.0
 10
10.4571
 20
-14.883
 30
0.0
 10
10.6037
 20
-14.9319
 30
0.0
 10
10.7882
 20
-14.9319
 30
0.0
  0
SPLINE
  5
9C
330
1F
100
AcDbEntity
  8
layer 1
 62
   242
100
AcDbSpline
210
0.0
220
0.0
230
1.0
 70
    11
 71
     3
 72
    52
 73
    48
 74
     0
 42
0.000000001
 43
0.0000000001
 40
0.0
 40
0.0
 40
0.0
 40
0.0
 40
0.0769230769230769
 40
0.0769230769230769
 40
0.0769230769230769
 40
0.0769230769230769
 40
0.1538461538461539
 40
0.1538461538461539
 40
0.1538461538461539
 40
0.1538461538461539
 40
0.2307692307692308
 40
0.2307692307692308
 40
0.2307692307692308
 40
0.2307692307692308
 40
0.3076923076923077
 40
0.3076923076923077
 40
0.3076923076923077
 40
0.3076923076923077
 40
0.3846153846153846
 40
0.3846153846153846
 40
0.3846153846153846
 40
0.3846153846153846
 40
0.4615384615384616
 40
0.4615384615384616
 40
0.4615384615384616
 40
0.4615384615384616
 40
0.5384615384615384
 40
0.5384615384615384
 40
0.5384615384615384
 40
0.5384615384615384
 40
0.6153846153846154
 40
0.6153846153846154
 40
0.6153846153846154
 40
0.6153846153846154
 40
0.6923076923076923
 40
0.6923076923076923
 40
0.6923076923076923
 40
0.6923076923076923
 40
0.7692307692307693
 40
0.7692307692307693
 40
0.7692307692307693
 40
0.7692307692307693
 40
0.8461538461538461
 40
0.8461538461538461
 40
0.8461538461538461
 40
0.8461538461538461
 40
1.0
 40
1.0
 40
1.0
 40
1.0
 10
13.7025
 20
-15.3009
 30
0.0
 10
13.4637
 20
-15.3009
 30
0.0
 10
13.252
 20
-15.2413
 30
0.0
 10
13.0676
 20
-15.1273
 30
0.0
 10
13.0676
 20
-15.1273
 30
0.0
 10
12.8884
 20
-15.0133
 30
0.0
 10
12.7473
 20
-14.8505
 30
0.0
 10
12.6442
 20
-14.6443
 30
0.0
 10
12.6442
 20
-14.6443
 30
0.0
 10
12.5411
 20
-14.438
 30
0.0
 10
12.4923
 20
-14.1993
 30
0.0
 10
12.4923
 20
-13.9225
 30
0.0
 10
12.4923
 20
-13.9225
 30
0.0
 10
12.4923
 20
-13.6457
 30
0.0
 10
12.5411
 20
-13.4015
 30
0.0
 10
12.6442
 20
-13.1954
 30
0.0
 10
12.6442
 20
-13.1954
 30
0.0
 10
12.7473
 20
-12.9891
 30
0.0
 10
12.8884
 20
-12.8263
 30
0.0
 10
13.0676
 20
-12.7124
 30
0.0
 10
13.0676
 20
-12.7124
 30
0.0
 10
13.2466
 20
-12.5984
 30
0.0
 10
13.4583
 20
-12.5387
 30
0.0
 10
13.7025
 20
-12.5387
 30
0.0
 10
13.7025
 20
-12.5387
 30
0.0
 10
13.9467
 20
-12.5387
 30
0.0
 10
14.1529
 20
-12.5984
 30
0.0
 10
14.3374
 20
-12.7124
 30
0.0
 10
14.3374
 20
-12.7124
 30
0.0
 10
14.5165
 20
-12.8263
 30
0.0
 10
14.6576
 20
-12.9891
 30
0.0
 10
14.7607
 20
-13.1954
 30
0.0
 10
14.7607
 20
-13.1954
 30
0.0
 10
14.8637
 20
-13.4015
 30
0.0
 10
14.9126
 20
-13.6458
 30
0.0
 10
14.9126
 20
-13.9225
 30
0.0
 10
14.9126
 20
-13.9225
 30
0.0
 10
14.9126
 20
-14.1992
 30
0.0
 10
14.8637
 20
-14.438
 30
0.0
 10
14.7607
 20
-14.6443
 30
0.0
 10
14.7607
 20
-14.6443
 30
0.0
 10
14.6576
 20
-14.8505
 30
0.0
 10
14.5165
 20
-15.0078
 30
0.0
 10
14.3374
 20
-15.1273
 30
0.0
 10
14.3374
 20
-15.1273
 30
0.0
 10
14.1583
 20
-15.2413
 30
0.0
 10
13.9467
 20
-15.3009
 30
0.0
 10
13.7025
 20
-15.3009
 30
0.0
  0
SPLINE
  5
9D
330
1F
100
AcDbEntity
  8
layer 1
 62
   242
100
AcDbSpline
210
0.0
220
0.0
230
1.0
 70
    11
 71
     3
 72
    52
 73
    48
 74
     0
 42
0.000000001
 43
0.0000000001
 40
0.0
 40
0.0
 40
0.0
 40
0.0
 40
0.0769230769230769
 40
0.0769230769230769
 40
0.0769230769230769
 40
0.0769230769230769
 40
0.1538461538461539
 40
0.1538461538461539
 40
0.1538461538461539
 40
0.1538461538461539
 40
0.2307692307692308
 40
0.2307692307692308
 40
0.2307692307692308
 40
0.2307692307692308
 40
0.3076923076923077
 40
0.3076923076923077
 40
0.3076923076923077
 40
0.3076923076923077
 40
0.3846153846153846
 40
0.3846153846153846
 40
0.3846153846153846
 40
0.3846153846153846
 40
0.4615384615384616
 40
0.4615384615384616
 40
0.4615384615384616
 40
0.4615384615384616
 40
0.5384615384615384
 40
0.5384615384615384
 40
0.5384615384615384
 40
0.5384615384615384
 40
0.6153846153846154
 40
0.6153846153846154
 40
0.6153846153846154
 40
0.6153846153846154
 40
0.6923076923076923
 40
0.6923076923076923
 40
0.6923076923076923
 40
0.6923076923076923
 40
0.7692307692307693
 40
0.7692307692307693
 40
0.7692307692307693
 40
0.7692307692307693
 40
0.8461538461538461
 40
0.8461538461538461
 40
0.8461538461538461
 40
0.8461538461538461
 40
1.0
 40
1.0
 40
1.0
 40
1.0
 10
13.7025
 20
-14.9319
 30
0.0
 10
13.8869
 20
-14.9319
 30
0.0
 10
14.0335
 20
-14.883
 30
0.0
 10
14.1529
 20
-14.7908
 30
0.0
 10
14.1529
 20
-14.7908
 30
0.0
 10
14.2723
 20
-14.6985
 30
0.0
 10
14.3591
 20
-14.5737
 30
0.0
 10
14.4134
 20
-14.4218
 30
0.0
 10
14.4134
 20
-14.4218
 30
0.0
 10
14.4676
 20
-14.2698
 30
0.0
 10
14.5002
 20
-14.1015
 30
0.0
 10
14.5002
 20
-13.928
 30
0.0
 10
14.5002
 20
-13.928
 30
0.0
 10
14.5002
 20
-13.7543
 30
0.0
 10
14.473
 20
-13.586
 30
0.0
 10
14.4134
 20
-13.4287
 30
0.0
 10
14.4134
 20
-13.4287
 30
0.0
 10
14.3591
 20
-13.2767
 30
0.0
 10
14.2668
 20
-13.1518
 30
0.0
 10
14.1529
 20
-13.0542
 30
0.0
 10
14.1529
 20
-13.0542
 30
0.0
 10
14.039
 20
-12.9566
 30
0.0
 10
13.8869
 20
-12.9131
 30
0.0
 10
13.7025
 20
-12.9131
 30
0.0
 10
13.7025
 20
-12.9131
 30
0.0
 10
13.5179
 20
-12.9131
 30
0.0
 10
13.3714
 20
-12.9619
 30
0.0
 10
13.252
 20
-13.0542
 30
0.0
 10
13.252
 20
-13.0542
 30
0.0
 10
13.1326
 20
-13.1464
 30
0.0
 10
13.0458
 20
-13.2713
 30
0.0
 10
12.9915
 20
-13.4287
 30
0.0
 10
12.9915
 20
-13.4287
 30
0.0
 10
12.9372
 20
-13.5806
 30
0.0
 10
12.9046
 20
-13.7488
 30
0.0
 10
12.9046
 20
-13.928
 30
0.0
 10
12.9046
 20
-13.928
 30
0.0
 10
12.9046
 20
-14.107
 30
0.0
 10
12.9318
 20
-14.2698
 30
0.0
 10
12.9915
 20
-14.4218
 30
0.0
 10
12.9915
 20
-14.4218
 30
0.0
 10
13.0458
 20
-14.5737
 30
0.0
 10
13.1381
 20
-14.6985
 30
0.0
 10
13.252
 20
-14.7908
 30
0.0
 10
13.252
 20
-14.7908
 30
0.0
 10
13.366
 20
-14.883
 30
0.0
 10
13.5179
 20
-14.9319
 30
0.0
 10
13.7025
 20
-14.9319
 30
0.0
  0
SPLINE
  5
9E
330
1F
100
AcDbEntity
  8
layer 1
 62
   242
100
AcDbSpline
210
0.0
220
0.0
230
1.0
 70
    11
 71
     3
 72
    20
 73
    16
 74
     0
 42
0.000000001
 43
0.0000000001
 40
0.0
 40
0.0
 40
0.0
 40
0.0
 40
0.2
 40
0.2
 40
0.2
 40
0.2
 40
0.4
 40
0.4
 40
0.4
 40
0.4
 40
0.6
 40
0.6
 40
0.6
 40
0.6
 40
1.0
 40
1.0
 40
1.0
 40
1.0
 10
15.9437
 20
-11.6921
 30
0.0
 10
15.9437
 20
-11.6921
 30
0.0
 10
15.9437
 20
-15.2466
 30
0.0
 10
15.9437
 20
-15.2466
 30
0.0
 10
15.9437
 20
-15.2466
 30
0.0
 10
15.9437
 20
-15.2466
 30
0.0
 10
15.5367
 20
-15.2466
 30
0.0
 10
15.5367
 20
-15.2466
 30
0.0
 10
15.5367
 20
-15.2466
 30
0.0
 10
15.5367
 20
-15.2466
 30
0.0
 10
15.5367
 20
-11.6921
 30
0.0
 10
15.5367
 20
-11.6921
 30
0.0
 10
15.5367
 20
-11.6921
 30
0.0
 10
15.5367
 20
-11.6921
 30
0.0
 10
15.9437
 20
-11.6921
 30
0.0
 10
15.9437
 20
-11.6921
 30
0.0
  0
SPLINE
  5
9F
330
1F
100
AcDbEntity
  8
layer 1
 62
   242
100
AcDbSpline
210
0.0
220
0.0
230
1.0
 70
    11
 71
     3
 72
   132
 73
   128
 74
     0
 42
0.000000001
 43
0.0000000001
 40
0.0
 40
0.0
 40
0.0
 40
0.0
 40
0.0303030303030303
 40
0.0303030303030303
 40
0.0303030303030303
 40
0.0303030303030303
 40
0.0606060606060606
 40
0.0606060606060606
 40
0.0606060606060606
 40
0.0606060606060606
 40
0.0909090909090909
 40
0.0909090909090909
 40
0.0909090909090909
 40
0.0909090909090909
 40
0.1212121212121212
 40
0.1212121212121212
 40
0.1212121212121212
 40
0.1212121212121212
 40
0.1515151515151515
 40
0.1515151515151515
 40
0.1515151515151515
 40
0.1515151515151515
 40
0.1818181818181818
 40
0.1818181818181818
 40
0.1818181818181818
 40
0.1818181818181818
 40
0.2121212121212121
 40
0.2121212121212121
 40
0.2121212121212121
 40
0.2121212121212121
 40
0.2424242424242424
 40
0.2424242424242424
 40
0.2424242424242424
 40
0.2424242424242424
 40
0.2727272727272727
 40
0.2727272727272727
 40
0.2727272727272727
 40
0.2727272727272727
 40
0.303030303030303
 40
0.303030303030303
 40
0.303030303030303
 40
0.303030303030303
 40
0.3333333333333333
 40
0.3333333333333333
 40
0.3333333333333333
 40
0.3333333333333333
 40
0.3636363636363636
 40
0.3636363636363636
 40
0.3636363636363636
 40
0.3636363636363636
 40
0.3939393939393939
 40
0.3939393939393939
 40
0.3939393939393939
 40
0.3939393939393939
 40
0.4242424242424243
 40
0.4242424242424243
 40
0.4242424242424243
 40
0.4242424242424243
 40
0.4545454545454545
 40
0.4545454545454545
 40
0.4545454545454545
 40
0.4545454545454545
 40
0.4848484848484849
 40
0.4848484848484849
 40
0.4848484848484849
 40
0.4848484848484849
 40
0.5151515151515151
 40
0.5151515151515151
 40
0.5151515151515151
 40
0.5151515151515151
 40
0.5454545454545454
 40
0.5454545454545454
 40
0.5454545454545454
 40
0.5454545454545454
 40
0.5757575757575758
 40
0.5757575757575758
 40
0.5757575757575758
 40
0.5757575757575758
 40
0.6060606060606061
 40
0.6060606060606061
 40
0.6060606060606061
 40
0.6060606060606061
 40
0.6363636363636364
 40
0.6363636363636364
 40
0.6363636363636364
 40
0.6363636363636364
 40
0.6666666666666666
 40
0.6666666666666666
 40
0.6666666666666666
 40
0.6666666666666666
 40
0.696969696969697
 40
0.696969696969697
 40
0.696969696969697
 40
0.696969696969697
 40
0.7272727272727273
 40
0.7272727272727273
 40
0.7272727272727273
 40
0.7272727272727273
 40
0.7575757575757576
 40
0.7575757575757576
 40
0.7575757575757576
 40
0.7575757575757576
 40
0.7878787878787878
 40
0.7878787878787878
 40
0.7878787878787878
 40
0.7878787878787878
 40
0.8181818181818182
 40
0.8181818181818182
 40
0.8181818181818182
 40
0.8181818181818182
 40
0.8484848484848485
 40
0.8484848484848485
 40
0.8484848484848485
 40
0.8484848484848485
 40
0.8787878787878788
 40
0.8787878787878788
 40
0.8787878787878788
 40
0.8787878787878788
 40
0.9090909090909091
 40
0.9090909090909091
 40
0.9090909090909091
 40
0.9090909090909091
 40
0.9393939393939394
 40
0.9393939393939394
 40
0.9393939393939394
 40
0.9393939393939394
 40
1.0
 40
1.0
 40
1.0
 40
1.0
 10
18.5812
 20
-13.1736
 30
0.0
 10
18.5812
 20
-13.1736
 30
0.0
 10
18.2121
 20
-13.2767
 30
0.0
 10
18.2121
 20
-13.2767
 30
0.0
 10
18.2121
 20
-13.2767
 30
0.0
 10
18.1905
 20
-13.217
 30
0.0
 10
18.1524
 20
-13.1573
 30
0.0
 10
18.1091
 20
-13.0976
 30
0.0
 10
18.1091
 20
-13.0976
 30
0.0
 10
18.0656
 20
-13.0378
 30
0.0
 10
18.006
 20
-12.989
 30
0.0
 10
17.93
 20
-12.9511
 30
0.0
 10
17.93
 20
-12.9511
 30
0.0
 10
17.854
 20
-12.913
 30
0.0
 10
17.7563
 20
-12.8913
 30
0.0
 10
17.637
 20
-12.8913
 30
0.0
 10
17.637
 20
-12.8913
 30
0.0
 10
17.4742
 20
-12.8913
 30
0.0
 10
17.3384
 20
-12.9294
 30
0.0
 10
17.2298
 20
-13.0053
 30
0.0
 10
17.2298
 20
-13.0053
 30
0.0
 10
17.1213
 20
-13.0813
 30
0.0
 10
17.067
 20
-13.1735
 30
0.0
 10
17.067
 20
-13.2874
 30
0.0
 10
17.067
 20
-13.2874
 30
0.0
 10
17.067
 20
-13.3906
 30
0.0
 10
17.1051
 20
-13.472
 30
0.0
 10
17.181
 20
-13.5316
 30
0.0
 10
17.181
 20
-13.5316
 30
0.0
 10
17.257
 20
-13.5914
 30
0.0
 10
17.371
 20
-13.6402
 30
0.0
 10
17.5284
 20
-13.6783
 30
0.0
 10
17.5284
 20
-13.6783
 30
0.0
 10
17.5284
 20
-13.6783
 30
0.0
 10
17.9245
 20
-13.7759
 30
0.0
 10
17.9245
 20
-13.7759
 30
0.0
 10
17.9245
 20
-13.7759
 30
0.0
 10
18.1633
 20
-13.8356
 30
0.0
 10
18.3424
 20
-13.9225
 30
0.0
 10
18.4563
 20
-14.0418
 30
0.0
 10
18.4563
 20
-14.0418
 30
0.0
 10
18.5757
 20
-14.1612
 30
0.0
 10
18.63
 20
-14.3132
 30
0.0
 10
18.63
 20
-14.4977
 30
0.0
 10
18.63
 20
-14.4977
 30
0.0
 10
18.63
 20
-14.6496
 30
0.0
 10
18.5866
 20
-14.7853
 30
0.0
 10
18.4997
 20
-14.9047
 30
0.0
 10
18.4997
 20
-14.9047
 30
0.0
 10
18.4129
 20
-15.0241
 30
0.0
 10
18.288
 20
-15.1218
 30
0.0
 10
18.1361
 20
-15.1869
 30
0.0
 10
18.1361
 20
-15.1869
 30
0.0
 10
17.9842
 20
-15.2519
 30
0.0
 10
17.7996
 20
-15.29
 30
0.0
 10
17.5935
 20
-15.29
 30
0.0
 10
17.5935
 20
-15.29
 30
0.0
 10
17.3221
 20
-15.29
 30
0.0
 10
17.0942
 20
-15.2303
 30
0.0
 10
16.9205
 20
-15.1109
 30
0.0
 10
16.9205
 20
-15.1109
 30
0.0
 10
16.7414
 20
-14.9914
 30
0.0
 10
16.6275
 20
-14.8179
 30
0.0
 10
16.584
 20
-14.5953
 30
0.0
 10
16.584
 20
-14.5953
 30
0.0
 10
16.584
 20
-14.5953
 30
0.0
 10
16.9748
 20
-14.4977
 30
0.0
 10
16.9748
 20
-14.4977
 30
0.0
 10
16.9748
 20
-14.4977
 30
0.0
 10
17.0128
 20
-14.6387
 30
0.0
 10
17.0833
 20
-14.7472
 30
0.0
 10
17.1864
 20
-14.8179
 30
0.0
 10
17.1864
 20
-14.8179
 30
0.0
 10
17.2896
 20
-14.8884
 30
0.0
 10
17.4252
 20
-14.9263
 30
0.0
 10
17.5935
 20
-14.9263
 30
0.0
 10
17.5935
 20
-14.9263
 30
0.0
 10
17.7834
 20
-14.9263
 30
0.0
 10
17.9354
 20
-14.8884
 30
0.0
 10
18.0493
 20
-14.807
 30
0.0
 10
18.0493
 20
-14.807
 30
0.0
 10
18.1632
 20
-14.7256
 30
0.0
 10
18.2175
 20
-14.6279
 30
0.0
 10
18.2175
 20
-14.5139
 30
0.0
 10
18.2175
 20
-14.5139
 30
0.0
 10
18.2175
 20
-14.4216
 30
0.0
 10
18.185
 20
-14.3456
 30
0.0
 10
18.1199
 20
-14.2806
 30
0.0
 10
18.1199
 20
-14.2806
 30
0.0
 10
18.0547
 20
-14.2155
 30
0.0
 10
17.9571
 20
-14.1721
 30
0.0
 10
17.8213
 20
-14.1395
 30
0.0
 10
17.8213
 20
-14.1395
 30
0.0
 10
17.8213
 20
-14.1395
 30
0.0
 10
17.3764
 20
-14.0364
 30
0.0
 10
17.3764
 20
-14.0364
 30
0.0
 10
17.3764
 20
-14.0364
 30
0.0
 10
17.1322
 20
-13.9767
 30
0.0
 10
16.9531
 20
-13.8899
 30
0.0
 10
16.8391
 20
-13.7651
 30
0.0
 10
16.8391
 20
-13.7651
 30
0.0
 10
16.7251
 20
-13.6403
 30
0.0
 10
16.6654
 20
-13.4883
 30
0.0
 10
16.6654
 20
-13.3038
 30
0.0
 10
16.6654
 20
-13.3038
 30
0.0
 10
16.6654
 20
-13.1518
 30
0.0
 10
16.7089
 20
-13.0216
 30
0.0
 10
16.7957
 20
-12.9022
 30
0.0
 10
16.7957
 20
-12.9022
 30
0.0
 10
16.8826
 20
-12.7883
 30
0.0
 10
16.9965
 20
-12.696
 30
0.0
 10
17.1431
 20
-12.6308
 30
0.0
 10
17.1431
 20
-12.6308
 30
0.0
 10
17.2896
 20
-12.5657
 30
0.0
 10
17.4578
 20
-12.5332
 30
0.0
 10
17.6477
 20
-12.5332
 30
0.0
 10
17.6477
 20
-12.5332
 30
0.0
 10
17.9136
 20
-12.5332
 30
0.0
 10
18.1199
 20
-12.5929
 30
0.0
 10
18.2718
 20
-12.7067
 30
0.0
 10
18.2718
 20
-12.7067
 30
0.0
 10
18.4238
 20
-12.8207
 30
0.0
 10
18.5322
 20
-12.9727
 30
0.0
 10
18.592
 20
-13.1626
 30
0.0
 10
18.592
 20
-13.1626
 30
0.0
 10
18.592
 20
-13.1626
 30
0.0
 10
18.5812
 20
-13.1736
 30
0.0
 10
18.5812
 20
-13.1736
 30
0.0
  0
SPLINE
  5
A0
330
1F
100
AcDbEntity
  8
layer 1
 62
   242
100
AcDbSpline
210
0.0
220
0.0
230
1.0
 70
    11
 71
     3
 72
    36
 73
    32
 74
     0
 42
0.000000001
 43
0.0000000001
 40
0.0
 40
0.0
 40
0.0
 40
0.0
 40
0.1111111111111111
 40
0.1111111111111111
 40
0.1111111111111111
 40
0.1111111111111111
 40
0.2222222222222222
 40
0.2222222222222222
 40
0.2222222222222222
 40
0.2222222222222222
 40
0.3333333333333333
 40
0.3333333333333333
 40
0.3333333333333333
 40
0.3333333333333333
 40
0.4444444444444444
 40
0.4444444444444444
 40
0.4444444444444444
 40
0.4444444444444444
 40
0.5555555555555556
 40
0.5555555555555556
 40
0.5555555555555556
 40
0.5555555555555556
 40
0.6666666666666666
 40
0.6666666666666666
 40
0.6666666666666666
 40
0.6666666666666666
 40
0.7777777777777778
 40
0.7777777777777778
 40
0.7777777777777778
 40
0.7777777777777778
 40
1.0
 40
1.0
 40
1.0
 40
1.0
 10
-14.0959
 20
-8.8842
 30
0.0
 10
-14.0959
 20
-8.8842
 30
0.0
 10
-16.7985
 20
-8.8842
 30
0.0
 10
-16.7985
 20
-8.8842
 30
0.0
 10
-16.7985
 20
-8.8842
 30
0.0
 10
-17.8079
 20
-8.8842
 30
0.0
 10
-18.6301
 20
-9.7065
 30
0.0
 10
-18.6301
 20
-10.7159
 30
0.0
 10
-18.6301
 20
-10.7159
 30
0.0
 10
-18.6301
 20
-10.7159
 30
0.0
 10
-18.6301
 20
-13.4183
 30
0.0
 10
-18.6301
 20
-13.4183
 30
0.0
 10
-18.6301
 20
-13.4183
 30
0.0
 10
-18.6301
 20
-14.4278
 30
0.0
 10
-17.8079
 20
-15.2499
 30
0.0
 10
-16.7985
 20
-15.2499
 30
0.0
 10
-16.7985
 20
-15.2499
 30
0.0
 10
-16.7985
 20
-15.2499
 30
0.0
 10
-14.0959
 20
-15.2499
 30
0.0
 10
-14.0959
 20
-15.2499
 30
0.0
 10
-14.0959
 20
-15.2499
 30
0.0
 10
-13.0866
 20
-15.2499
 30
0.0
 10
-12.2644
 20
-14.4278
 30
0.0
 10
-12.2644
 20
-13.4183
 30
0.0
 10
-12.2644
 20
-13.4183
 30
0.0
 10
-12.2644
 20
-13.4183
 30
0.0
 10
-12.2644
 20
-10.7159
 30
0.0
 10
-12.2644
 20
-10.7159
 30
0.0
 10
-12.2644
 20
-10.7159
 30
0.0
 10
-12.2644
 20
-9.7065
 30
0.0
 10
-13.0866
 20
-8.8842
 30
0.0
 10
-14.0959
 20
-8.8842
 30
0.0
  0
SPLINE
  5
A1
330
1F
100
AcDbEntity
  8
layer 1
 62
   242
100
AcDbSpline
210
0.0
220
0.0
230
1.0
 70
    11
 71
     3
 72
    40
 73
    36
 74
     0
 42
0.000000001
 43
0.0000000001
 40
0.0
 40
0.0
 40
0.0
 40
0.0
 40
0.1
 40
0.1
 40
0.1
 40
0.1
 40
0.2
 40
0.2
 40
0.2
 40
0.2
 40
0.3
 40
0.3
 40
0.3
 40
0.3
 40
0.4
 40
0.4
 40
0.4
 40
0.4
 40
0.5
 40
0.5
 40
0.5
 40
0.5
 40
0.6
 40
0.6
 40
0.6
 40
0.6
 40
0.7
 40
0.7
 40
0.7
 40
0.7
 40
0.8
 40
0.8
 40
0.8
 40
0.8
 40
1.0
 40
1.0
 40
1.0
 40
1.0
 10
-12.8994
 20
-10.7077
 30
0.0
 10
-12.8994
 20
-10.7077
 30
0.0
 10
-12.8994
 20
-13.4102
 30
0.0
 10
-12.8994
 20
-13.4102
 30
0.0
 10
-12.8994
 20
-13.4102
 30
0.0
 10
-12.8994
 20
-14.0695
 30
0.0
 10
-13.4366
 20
-14.6068
 30
0.0
 10
-14.0959
 20
-14.6068
 30
0.0
 10
-14.0959
 20
-14.6068
 30
0.0
 10
-14.0959
 20
-14.6068
 30
0.0
 10
-16.7985
 20
-14.6069
 30
0.0
 10
-16.7985
 20
-14.6069
 30
0.0
 10
-16.7985
 20
-14.6069
 30
0.0
 10
-17.4579
 20
-14.6069
 30
0.0
 10
-17.9951
 20
-14.0695
 30
0.0
 10
-17.9951
 20
-13.4103
 30
0.0
 10
-17.9951
 20
-13.4103
 30
0.0
 10
-17.9951
 20
-13.4103
 30
0.0
 10
-17.9951
 20
-10.7077
 30
0.0
 10
-17.9951
 20
-10.7077
 30
0.0
 10
-17.9951
 20
-10.7077
 30
0.0
 10
-17.9951
 20
-10.0484
 30
0.0
 10
-17.4579
 20
-9.5111
 30
0.0
 10
-16.7985
 20
-9.5111
 30
0.0
 10
-16.7985
 20
-9.5111
 30
0.0
 10
-16.7985
 20
-9.5111
 30
0.0
 10
-14.0959
 20
-9.511
 30
0.0
 10
-14.0959
 20
-9.511
 30
0.0
 10
-14.0959
 20
-9.511
 30
0.0
 10
-13.4366
 20
-9.511
 30
0.0
 10
-12.8994
 20
-10.0483
 30
0.0
 10
-12.8994
 20
-10.7076
 30
0.0
 10
-12.8994
 20
-10.7076
 30
0.0
 10
-12.8994
 20
-10.7076
 30
0.0
 10
-12.8994
 20
-10.7077
 30
0.0
 10
-12.8994
 20
-10.7077
 30
0.0
  0
SPLINE
  5
A2
330
1F
100
AcDbEntity
  8
layer 1
 62
   242
100
AcDbSpline
210
0.0
220
0.0
230
1.0
 70
    11
 71
     3
 72
    20
 73
    16
 74
     0
 42
0.000000001
 43
0.0000000001
 40
0.0
 40
0.0
 40
0.0
 40
0.0
 40
0.2
 40
0.2
 40
0.2
 40
0.2
 40
0.4
 40
0.4
 40
0.4
 40
0.4
 40
0.6
 40
0.6
 40
0.6
 40
0.6
 40
1.0
 40
1.0
 40
1.0
 40
1.0
 10
-15.4472
 20
-10.4064
 30
0.0
 10
-16.359
 20
-10.4064
 30
0.0
 10
-17.0997
 20
-11.1473
 30
0.0
 10
-17.0997
 20
-12.059
 30
0.0
 10
-17.0997
 20
-12.059
 30
0.0
 10
-17.0997
 20
-12.9707
 30
0.0
 10
-16.359
 20
-13.7115
 30
0.0
 10
-15.4472
 20
-13.7115
 30
0.0
 10
-15.4472
 20
-13.7115
 30
0.0
 10
-14.5355
 20
-13.7115
 30
0.0
 10
-13.7948
 20
-12.9707
 30
0.0
 10
-13.7948
 20
-12.059
 30
0.0
 10
-13.7948
 20
-12.059
 30
0.0
 10
-13.7948
 20
-11.1473
 30
0.0
 10
-14.5355
 20
-10.4064
 30
0.0
 10
-15.4472
 20
-10.4064
 30
0.0
  0
SPLINE
  5
A3
330
1F
100
AcDbEntity
  8
layer 1
 62
   242
100
AcDbSpline
210
0.0
220
0.0
230
1.0
 70
    11
 71
     3
 72
    20
 73
    16
 74
     0
 42
0.000000001
 43
0.0000000001
 40
0.0
 40
0.0
 40
0.0
 40
0.0
 40
0.2
 40
0.2
 40
0.2
 40
0.2
 40
0.4
 40
0.4
 40
0.4
 40
0.4
 40
0.6
 40
0.6
 40
0.6
 40
0.6
 40
1.0
 40
1.0
 40
1.0
 40
1.0
 10
-14.4297
 20
-12.059
 30
0.0
 10
-14.4297
 20
-12.6206
 30
0.0
 10
-14.8855
 20
-13.0766
 30
0.0
 10
-15.4473
 20
-13.0766
 30
0.0
 10
-15.4473
 20
-13.0766
 30
0.0
 10
-16.0091
 20
-13.0766
 30
0.0
 10
-16.4649
 20
-12.6207
 30
0.0
 10
-16.4649
 20
-12.059
 30
0.0
 10
-16.4649
 20
-12.059
 30
0.0
 10
-16.4649
 20
-11.4972
 30
0.0
 10
-16.0091
 20
-11.0415
 30
0.0
 10
-15.4473
 20
-11.0415
 30
0.0
 10
-15.4473
 20
-11.0415
 30
0.0
 10
-14.8855
 20
-11.0415
 30
0.0
 10
-14.4297
 20
-11.4972
 30
0.0
 10
-14.4297
 20
-12.059
 30
0.0
  0
SPLINE
  5
A4
330
1F
100
AcDbEntity
  8
layer 1
 62
   242
100
AcDbSpline
210
0.0
220
0.0
230
1.0
 70
    11
 71
     3
 72
    20
 73
    16
 74
     0
 42
0.000000001
 43
0.0000000001
 40
0.0
 40
0.0
 40
0.0
 40
0.0
 40
0.2
 40
0.2
 40
0.2
 40
0.2
 40
0.4
 40
0.4
 40
0.4
 40
0.4
 40
0.6
 40
0.6
 40
0.6
 40
0.6
 40
1.0
 40
1.0
 40
1.0
 40
1.0
 10
-13.7785
 20
-9.9344
 30
0.0
 10
-14.0147
 20
-9.9344
 30
0.0
 10
-14.21
 20
-10.1298
 30
0.0
 10
-14.21
 20
-10.3658
 30
0.0
 10
-14.21
 20
-10.3658
 30
0.0
 10
-14.21
 20
-10.6019
 30
0.0
 10
-14.0147
 20
-10.7973
 30
0.0
 10
-13.7785
 20
-10.7973
 30
0.0
 10
-13.7785
 20
-10.7973
 30
0.0
 10
-13.5424
 20
-10.7973
 30
0.0
 10
-13.3471
 20
-10.6019
 30
0.0
 10
-13.3471
 20
-10.3658
 30
0.0
 10
-13.3471
 20
-10.3658
 30
0.0
 10
-13.3471
 20
-10.1298
 30
0.0
 10
-13.5424
 20
-9.9344
 30
0.0
 10
-13.7785
 20
-9.9344
 30
0.0
  0
ENDSEC
  0
SECTION
  2
OBJECTS
  0
DICTIONARY
  5
C
330
0
100
AcDbDictionary
281
     1
  3
ACAD_DETAILVIEWSTYLE
350
E0
  3
ACAD_GROUP
350
D
  3
ACAD_LAYOUT
350
1A
  3
ACAD_MATERIAL
350
43
  3
ACAD_MLEADERSTYLE
350
6B
  3
ACAD_MLINESTYLE
350
17
  3
ACAD_PLOTSETTINGS
350
19
  3
ACAD_PLOTSTYLENAME
350
E
  3
ACAD_SCALELIST
350
47
  3
ACAD_SECTIONVIEWSTYLE
350
E1
  3
ACAD_TABLESTYLE
350
69
  3
ACAD_VISUALSTYLE
350
2A
  3
ACDB_RECOMPOSE_DATA
350
DD
  3
AcDbVariableDictionary
350
A5
  0
SUN
  5
6D
330
29
100
AcDbSun
 90
        1
290
     0
 63
     7
421
 16777215
 40
1.0
291
     1
 91
  2455826
 92
 54000000
292
     0
 70
     2
 71
   256
280
     1
  0
DICTIONARY
  5
E0
102
{ACAD_REACTORS
330
C
102
}
330
C
100
AcDbDictionary
281
     1
  0
DICTIONARY
  5
D
102
{ACAD_REACTORS
330
C
102
}
330
C
100
AcDbDictionary
281
     1
  0
DICTIONARY
  5
1A
102
{ACAD_REACTORS
330
C
102
}
330
C
100
AcDbDictionary
281
     1
  3
Layout1
350
1E
  3
Layout2
350
26
  3
Model
350
22
  0
DICTIONARY
  5
43
102
{ACAD_REACTORS
330
C
102
}
330
C
100
AcDbDictionary
281
     1
  3
ByBlock
350
45
  3
ByLayer
350
44
  3
Global
350
46
  0
DICTIONARY
  5
6B
102
{ACAD_REACTORS
330
C
102
}
330
C
100
AcDbDictionary
281
     1
  3
Standard
350
6C
  0
DICTIONARY
  5
17
102
{ACAD_REACTORS
330
C
102
}
330
C
100
AcDbDictionary
281
     1
  3
Standard
350
18
  0
DICTIONARY
  5
19
102
{ACAD_REACTORS
330
C
102
}
330
C
100
AcDbDictionary
281
     1
  0
ACDBDICTIONARYWDFLT
  5
E
102
{ACAD_REACTORS
330
C
102
}
330
C
100
AcDbDictionary
281
     1
  3
Normal
350
F
100
AcDbDictionaryWithDefault
340
F
  0
DICTIONARY
  5
47
102
{ACAD_REACTORS
330
C
102
}
330
C
100
AcDbDictionary
281
     1
  3
A0
350
48
  3
A1
350
49
  3
A2
350
4A
  3
A3
350
4B
  3
A4
350
4C
  3
A5
350
4D
  3
A6
350
4E
  3
A7
350
4F
  3
A8
350
50
  3
A9
350
51
  3
B0
350
52
  3
B1
350
53
  3
B2
350
54
  3
B3
350
55
  3
B4
350
56
  3
B5
350
57
  3
B6
350
58
  3
B7
350
59
  3
B8
350
5A
  3
B9
350
5B
  3
C0
350
5C
  3
C1
350
5D
  3
C2
350
5E
  3
C3
350
5F
  3
C4
350
60
  3
C5
350
61
  3
C6
350
62
  3
C7
350
63
  3
C8
350
64
  3
C9
350
65
  3
D0
350
66
  3
D1
350
67
  3
D2
350
68
  0
DICTIONARY
  5
E1
102
{ACAD_REACTORS
330
C
102
}
330
C
100
AcDbDictionary
281
     1
  0
DICTIONARY
  5
69
102
{ACAD_REACTORS
330
C
102
}
330
C
100
AcDbDictionary
281
     1
  3
Standard
350
6A
  0
DICTIONARY
  5
2A
102
{ACAD_REACTORS
330
C
102
}
330
C
100
AcDbDictionary
281
     1
  3
2dWireframe
350
2F
  3
Basic
350
32
  3
Brighten
350
36
  3
ColorChange
350
3A
  3
Conceptual
350
34
  3
Dim
350
35
  3
EdgeColorOff
350
3D
  3
Facepattern
350
39
  3
Flat
350
2B
  3
FlatWithEdges
350
2C
  3
Gouraud
350
2D
  3
GouraudWithEdges
350
2E
  3
Hidden
350
31
  3
JitterOff
350
3B
  3
Linepattern
350
38
  3
OverhangOff
350
3C
  3
Realistic
350
33
  3
Shaded
350
42
  3
Shaded with edges
350
41
  3
Shades of Gray
350
3E
  3
Sketchy
350
3F
  3
Thicken
350
37
  3
Wireframe
350
30
  3
X-Ray
350
40
  0
XRECORD
  5
DD
102
{ACAD_REACTORS
330
C
102
}
330
C
100
AcDbXrecord
280
     1
 90
        1
330
6A
  0
DICTIONARY
  5
A5
102
{ACAD_REACTORS
330
C
102
}
330
C
100
AcDbDictionary
281
     1
  3
CANNOSCALE
350
A6
  3
CMLEADERSTYLE
350
DF
  3
CTABLESTYLE
350
DE
  3
XCLIPFRAME
350
A7
  0
LAYOUT
  5
1E
102
{ACAD_REACTORS
330
1A
102
}
330
1A
100
AcDbPlotSettings
  1

  2
none_device
  4

  6

 40
0.0
 41
0.0
 42
0.0
 43
0.0
 44
0.0
 45
0.0
 46
0.0
 47
0.0
 48
0.0
 49
0.0
140
0.0
141
0.0
142
1.0
143
1.0
 70
   688
 72
     0
 73
     0
 74
     5
  7

 75
    16
 76
     0
 77
     2
 78
   300
147
1.0
148
0.0
149
0.0
100
AcDbLayout
  1
Layout1
 70
     1
 71
     1
 10
0.0
 20
0.0
 11
12.0
 21
9.0
 12
0.0
 22
0.0
 32
0.0
 14
1.000000000000000E+20
 24
1.000000000000000E+20
 34
1.000000000000000E+20
 15
-1.000000000000000E+20
 25
-1.000000000000000E+20
 35
-1.000000000000000E+20
146
0.0
 13
0.0
 23
0.0
 33
0.0
 16
1.0
 26
0.0
 36
0.0
 17
0.0
 27
1.0
 37
0.0
 76
     0
330
1B
  0
LAYOUT
  5
26
102
{ACAD_REACTORS
330
1A
102
}
330
1A
100
AcDbPlotSettings
  1

  2
none_device
  4

  6

 40
0.0
 41
0.0
 42
0.0
 43
0.0
 44
0.0
 45
0.0
 46
0.0
 47
0.0
 48
0.0
 49
0.0
140
0.0
141
0.0
142
1.0
143
1.0
 70
   688
 72
     0
 73
     0
 74
     5
  7

 75
    16
 76
     0
 77
     2
 78
   300
147
1.0
148
0.0
149
0.0
100
AcDbLayout
  1
Layout2
 70
     1
 71
     2
 10
0.0
 20
0.0
 11
0.0
 21
0.0
 12
0.0
 22
0.0
 32
0.0
 14
0.0
 24
0.0
 34
0.0
 15
0.0
 25
0.0
 35
0.0
146
0.0
 13
0.0
 23
0.0
 33
0.0
 16
1.0
 26
0.0
 36
0.0
 17
0.0
 27
1.0
 37
0.0
 76
     0
330
23
  0
LAYOUT
  5
22
102
{ACAD_REACTORS
330
1A
102
}
330
1A
100
AcDbPlotSettings
  1

  2
none_device
  4
Letter_(8.50_x_11.00_Inches)
  6

 40
6.35
 41
6.35
 42
6.35000508
 43
6.35000508
 44
215.9
 45
279.4
 46
0.0
 47
0.0
 48
0.0
 49
0.0
140
0.0
141
0.0
142
1.0
143
1.0
 70
  1712
 72
     0
 73
     0
 74
     0
  7

 75
     0
 76
     0
 77
     2
 78
   300
147
1.0
148
0.0
149
0.0
100
AcDbLayout
  1
Model
 70
     1
 71
     0
 10
0.0
 20
0.0
 11
12.0
 21
9.0
 12
0.0
 22
0.0
 32
0.0
 14
-54.625
 24
-27.125
 34
0.0
 15
54.625
 25
27.125
 35
0.0
146
0.0
 13
0.0
 23
0.0
 33
0.0
 16
1.0
 26
0.0
 36
0.0
 17
0.0
 27
1.0
 37
0.0
 76
     0
330
1F
331
29
  0
MATERIAL
  5
45
102
{ACAD_REACTORS
330
43
102
}
330
43
100
AcDbMaterial
  1
ByBlock
 72
     1
 94
      127
  0
MATERIAL
  5
44
102
{ACAD_REACTORS
330
43
102
}
330
43
100
AcDbMaterial
  1
ByLayer
 72
     1
 94
      127
  0
MATERIAL
  5
46
102
{ACAD_REACTORS
330
43
102
}
330
43
100
AcDbMaterial
  1
Global
 72
     1
 94
      127
  0
MLEADERSTYLE
  5
6C
102
{ACAD_REACTORS
330
6B
102
}
102
{ACAD_XDICTIONARY
360
DB
102
}
330
6B
100
AcDbMLeaderStyle
170
     2
171
     1
172
     0
 90
        2
 40
0.0
 41
0.0
173
     1
 91
-1056964608
340
14
 92
       -2
290
     1
 42
0.09
291
     1
 43
0.36
  3
Standard
341
0
 44
0.18
300

342
11
174
     1
178
     6
175
     1
176
     0
 93
-1056964608
 45
0.18
292
     0
297
     0
 46
0.18
343
0
 94
-1056964608
 47
1.0
 49
1.0
140
1.0
293
     1
141
0.0
294
     1
177
     0
142
1.0
295
     0
296
     0
143
0.125
1001
ACAD_MLEADERVER
1070
     2
  0
MLINESTYLE
  5
18
102
{ACAD_REACTORS
330
17
102
}
330
17
100
AcDbMlineStyle
  2
Standard
 70
     0
  3

 62
   256
 51
90.0
 52
90.0
 71
     2
 49
0.5
 62
   256
  6
BYLAYER
 49
-0.5
 62
   256
  6
BYLAYER
  0
ACDBPLACEHOLDER
  5
F
102
{ACAD_REACTORS
330
E
102
}
330
E
  0
SCALE
  5
48
102
{ACAD_REACTORS
330
47
102
}
330
47
100
AcDbScale
 70
     0
300
1:1
140
1.0
141
1.0
290
     1
  0
SCALE
  5
49
102
{ACAD_REACTORS
330
47
102
}
330
47
100
AcDbScale
 70
     0
300
1:2
140
1.0
141
2.0
290
     0
  0
SCALE
  5
4A
102
{ACAD_REACTORS
330
47
102
}
330
47
100
AcDbScale
 70
     0
300
1:4
140
1.0
141
4.0
290
     0
  0
SCALE
  5
4B
102
{ACAD_REACTORS
330
47
102
}
330
47
100
AcDbScale
 70
     0
300
1:5
140
1.0
141
5.0
290
     0
  0
SCALE
  5
4C
102
{ACAD_REACTORS
330
47
102
}
330
47
100
AcDbScale
 70
     0
300
1:8
140
1.0
141
8.0
290
     0
  0
SCALE
  5
4D
102
{ACAD_REACTORS
330
47
102
}
330
47
100
AcDbScale
 70
     0
300
1:10
140
1.0
141
10.0
290
     0
  0
SCALE
  5
4E
102
{ACAD_REACTORS
330
47
102
}
330
47
100
AcDbScale
 70
     0
300
1:16
140
1.0
141
16.0
290
     0
  0
SCALE
  5
4F
102
{ACAD_REACTORS
330
47
102
}
330
47
100
AcDbScale
 70
     0
300
1:20
140
1.0
141
20.0
290
     0
  0
SCALE
  5
50
102
{ACAD_REACTORS
330
47
102
}
330
47
100
AcDbScale
 70
     0
300
1:30
140
1.0
141
30.0
290
     0
  0
SCALE
  5
51
102
{ACAD_REACTORS
330
47
102
}
330
47
100
AcDbScale
 70
     0
300
1:40
140
1.0
141
40.0
290
     0
  0
SCALE
  5
52
102
{ACAD_REACTORS
330
47
102
}
330
47
100
AcDbScale
 70
     0
300
1:50
140
1.0
141
50.0
290
     0
  0
SCALE
  5
53
102
{ACAD_REACTORS
330
47
102
}
330
47
100
AcDbScale
 70
     0
300
1:100
140
1.0
141
100.0
290
     0
  0
SCALE
  5
54
102
{ACAD_REACTORS
330
47
102
}
330
47
100
AcDbScale
 70
     0
300
2:1
140
2.0
141
1.0
290
     0
  0
SCALE
  5
55
102
{ACAD_REACTORS
330
47
102
}
330
47
100
AcDbScale
 70
     0
300
4:1
140
4.0
141
1.0
290
     0
  0
SCALE
  5
56
102
{ACAD_REACTORS
330
47
102
}
330
47
100
AcDbScale
 70
     0
300
8:1
140
8.0
141
1.0
290
     0
  0
SCALE
  5
57
102
{ACAD_REACTORS
330
47
102
}
330
47
100
AcDbScale
 70
     0
300
10:1
140
10.0
141
1.0
290
     0
  0
SCALE
  5
58
102
{ACAD_REACTORS
330
47
102
}
330
47
100
AcDbScale
 70
     0
300
100:1
140
100.0
141
1.0
290
     0
  0
SCALE
  5
59
102
{ACAD_REACTORS
330
47
102
}
330
47
100
AcDbScale
 70
     0
300
1/128" = 1'-0"
140
0.0078125
141
12.0
290
     0
  0
SCALE
  5
5A
102
{ACAD_REACTORS
330
47
102
}
330
47
100
AcDbScale
 70
     0
300
1/64" = 1'-0"
140
0.015625
141
12.0
290
     0
  0
SCALE
  5
5B
102
{ACAD_REACTORS
330
47
102
}
330
47
100
AcDbScale
 70
     0
300
1/32" = 1'-0"
140
0.03125
141
12.0
290
     0
  0
SCALE
  5
5C
102
{ACAD_REACTORS
330
47
102
}
330
47
100
AcDbScale
 70
     0
300
1/16" = 1'-0"
140
0.0625
141
12.0
290
     0
  0
SCALE
  5
5D
102
{ACAD_REACTORS
330
47
102
}
330
47
100
AcDbScale
 70
     0
300
3/32" = 1'-0"
140
0.09375
141
12.0
290
     0
  0
SCALE
  5
5E
102
{ACAD_REACTORS
330
47
102
}
330
47
100
AcDbScale
 70
     0
300
1/8" = 1'-0"
140
0.125
141
12.0
290
     0
  0
SCALE
  5
5F
102
{ACAD_REACTORS
330
47
102
}
330
47
100
AcDbScale
 70
     0
300
3/16" = 1'-0"
140
0.1875
141
12.0
290
     0
  0
SCALE
  5
60
102
{ACAD_REACTORS
330
47
102
}
330
47
100
AcDbScale
 70
     0
300
1/4" = 1'-0"
140
0.25
141
12.0
290
     0
  0
SCALE
  5
61
102
{ACAD_REACTORS
330
47
102
}
330
47
100
AcDbScale
 70
     0
300
3/8" = 1'-0"
140
0.375
141
12.0
290
     0
  0
SCALE
  5
62
102
{ACAD_REACTORS
330
47
102
}
330
47
100
AcDbScale
 70
     0
300
1/2" = 1'-0"
140
0.5
141
12.0
290
     0
  0
SCALE
  5
63
102
{ACAD_REACTORS
330
47
102
}
330
47
100
AcDbScale
 70
     0
300
3/4" = 1'-0"
140
0.75
141
12.0
290
     0
  0
SCALE
  5
64
102
{ACAD_REACTORS
330
47
102
}
330
47
100
AcDbScale
 70
     0
300
1" = 1'-0"
140
1.0
141
12.0
290
     0
  0
SCALE
  5
65
102
{ACAD_REACTORS
330
47
102
}
330
47
100
AcDbScale
 70
     0
300
1-1/2" = 1'-0"
140
1.5
141
12.0
290
     0
  0
SCALE
  5
66
102
{ACAD_REACTORS
330
47
102
}
330
47
100
AcDbScale
 70
     0
300
3" = 1'-0"
140
3.0
141
12.0
290
     0
  0
SCALE
  5
67
102
{ACAD_REACTORS
330
47
102
}
330
47
100
AcDbScale
 70
     0
300
6" = 1'-0"
140
6.0
141
12.0
290
     0
  0
SCALE
  5
68
102
{ACAD_REACTORS
330
47
102
}
330
47
100
AcDbScale
 70
     0
300
1'-0" = 1'-0"
140
12.0
141
12.0
290
     0
  0
TABLESTYLE
  5
6A
102
{ACAD_REACTORS
330
69
102
}
102
{ACAD_XDICTIONARY
360
D8
102
}
330
69
100
AcDbTableStyle
  3
Standard
 70
     0
 71
     0
 40
0.06
 41
0.06
280
     0
281
     0
  7
Standard
140
0.18
170
     2
 62
     0
 63
   257
283
     0
 90
        4
 91
        0
  1

274
    -2
284
     1
 64
     0
275
    -2
285
     1
 65
     0
276
    -2
286
     1
 66
     0
277
    -2
287
     1
 67
     0
278
    -2
288
     1
 68
     0
279
    -2
289
     1
 69
     0
  7
Standard
140
0.25
170
     5
 62
     0
 63
   257
283
     0
 90
        4
 91
        0
  1

274
    -2
284
     1
 64
     0
275
    -2
285
     1
 65
     0
276
    -2
286
     1
 66
     0
277
    -2
287
     1
 67
     0
278
    -2
288
     1
 68
     0
279
    -2
289
     1
 69
     0
  7
Standard
140
0.18
170
     5
 62
     0
 63
   257
283
     0
 90
        4
 91
        0
  1

274
    -2
284
     1
 64
     0
275
    -2
285
     1
 65
     0
276
    -2
286
     1
 66
     0
277
    -2
287
     1
 67
     0
278
    -2
288
     1
 68
     0
279
    -2
289
     1
 69
     0
  0
VISUALSTYLE
  5
2F
102
{ACAD_REACTORS
330
2A
102
}
102
{ACAD_XDICTIONARY
360
B0
102
}
330
2A
100
AcDbVisualStyle
  2
2dWireframe
 70
     4
 71
     0
 72
     2
 73
     0
 90
        0
 40
0.6
 41
30.0
 62
     5
 63
     7
421
 16777215
 74
     1
 91
        4
 64
     7
 65
   257
 75
     1
175
     1
 42
1.0
 92
        0
 66
   257
 43
1.0
 76
     1
 77
     6
 78
     2
 67
     7
 79
     5
170
     0
171
     0
290
     0
174
     0
 93
        1
 44
0.0
173
     0
291
     0
 45
0.0
  0
VISUALSTYLE
  5
32
102
{ACAD_REACTORS
330
2A
102
}
102
{ACAD_XDICTIONARY
360
B6
102
}
330
2A
100
AcDbVisualStyle
  2
Basic
 70
     7
 71
     1
 72
     0
 73
     1
 90
        0
 40
0.6
 41
30.0
 62
     5
 63
     7
421
 16777215
 74
     0
 91
        4
 64
     7
 65
   257
 75
     1
175
     1
 42
1.0
 92
        8
 66
     7
 43
1.0
 76
     1
 77
     6
 78
     2
 67
     7
 79
     5
170
     0
171
     0
290
     0
174
     0
 93
        1
 44
0.0
173
     0
291
     1
 45
0.0
  0
VISUALSTYLE
  5
36
102
{ACAD_REACTORS
330
2A
102
}
102
{ACAD_XDICTIONARY
360
BE
102
}
330
2A
100
AcDbVisualStyle
  2
Brighten
 70
    12
 71
     2
 72
     2
 73
     0
 90
        0
 40
0.6
 41
30.0
 62
     5
 63
     7
421
 16777215
 74
     1
 91
        4
 64
     7
 65
   257
 75
     1
175
     1
 42
1.0
 92
        8
 66
     7
 43
1.0
 76
     1
 77
     6
 78
     2
 67
     7
 79
     5
170
     0
171
     0
290
     0
174
     0
 93
        1
 44
50.0
173
     0
291
     1
 45
0.0
  0
VISUALSTYLE
  5
3A
102
{ACAD_REACTORS
330
2A
102
}
102
{ACAD_XDICTIONARY
360
C6
102
}
330
2A
100
AcDbVisualStyle
  2
ColorChange
 70
    16
 71
     2
 72
     2
 73
     3
 90
        0
 40
0.6
 41
30.0
 62
     5
 63
     8
421
  8421504
 74
     1
 91
        4
 64
     7
 65
   257
 75
     1
175
     1
 42
1.0
 92
        8
 66
     8
424
  8421504
 43
1.0
 76
     1
 77
     6
 78
     2
 67
     7
 79
     5
170
     0
171
     0
290
     0
174
     0
 93
        1
 44
0.0
173
     0
291
     1
 45
0.0
  0
VISUALSTYLE
  5
34
102
{ACAD_REACTORS
330
2A
102
}
102
{ACAD_XDICTIONARY
360
BA
102
}
330
2A
100
AcDbVisualStyle
  2
Conceptual
 70
     9
 71
     3
 72
     2
 73
     0
 90
        0
 40
0.6
 41
30.0
 62
     5
 63
     7
421
 16777215
 74
     2
 91
        2
 64
     7
 65
   257
 75
     1
175
     1
 42
179.0
 92
        8
 66
     7
 43
1.0
 76
     1
 77
     6
 78
     2
 67
     7
 79
     3
170
     0
171
     0
290
     0
174
     0
 93
        1
 44
0.0
173
     0
291
     0
 45
0.0
  0
VISUALSTYLE
  5
35
102
{ACAD_REACTORS
330
2A
102
}
102
{ACAD_XDICTIONARY
360
BC
102
}
330
2A
100
AcDbVisualStyle
  2
Dim
 70
    11
 71
     2
 72
     2
 73
     0
 90
        0
 40
0.6
 41
30.0
 62
     5
 63
     7
421
 16777215
 74
     1
 91
        4
 64
     7
 65
   257
 75
     1
175
     1
 42
1.0
 92
        8
 66
     7
 43
1.0
 76
     1
 77
     6
 78
     2
 67
     7
 79
     5
170
     0
171
     0
290
     0
174
     0
 93
        1
 44
-50.0
173
     0
291
     1
 45
0.0
  0
VISUALSTYLE
  5
3D
102
{ACAD_REACTORS
330
2A
102
}
102
{ACAD_XDICTIONARY
360
CC
102
}
330
2A
100
AcDbVisualStyle
  2
EdgeColorOff
 70
    22
 71
     2
 72
     2
 73
     0
 90
        0
 40
0.6
 41
30.0
 62
     5
 63
     7
421
 16777215
 74
     1
 91
        4
 64
     7
 65
   257
 75
     1
175
     1
 42
1.0
 92
        8
 66
     7
 43
1.0
 76
     1
 77
     6
 78
     2
 67
     7
 79
     5
170
     0
171
     0
290
     0
174
     0
 93
        1
 44
0.0
173
     0
291
     1
 45
0.0
  0
VISUALSTYLE
  5
39
102
{ACAD_REACTORS
330
2A
102
}
102
{ACAD_XDICTIONARY
360
C4
102
}
330
2A
100
AcDbVisualStyle
  2
Facepattern
 70
    15
 71
     2
 72
     2
 73
     0
 90
        0
 40
0.6
 41
30.0
 62
     5
 63
     7
421
 16777215
 74
     1
 91
        4
 64
     7
 65
   257
 75
     1
175
     1
 42
1.0
 92
        8
 66
     7
 43
1.0
 76
     1
 77
     6
 78
     2
 67
     7
 79
     5
170
     0
171
     0
290
     0
174
     0
 93
        1
 44
0.0
173
     0
291
     1
 45
0.0
  0
VISUALSTYLE
  5
2B
102
{ACAD_REACTORS
330
2A
102
}
102
{ACAD_XDICTIONARY
360
A8
102
}
330
2A
100
AcDbVisualStyle
  2
Flat
 70
     0
 71
     2
 72
     1
 73
     1
 90
        2
 40
0.6
 41
30.0
 62
     5
 63
     7
421
 16777215
 74
     0
 91
        0
 64
     7
 65
   257
 75
     1
175
     1
 42
1.0
 92
        8
 66
     7
 43
1.0
 76
     1
 77
     6
 78
     2
 67
     7
 79
     5
170
     0
171
     0
290
     0
174
     0
 93
       13
 44
0.0
173
     0
291
     1
 45
0.0
  0
VISUALSTYLE
  5
2C
102
{ACAD_REACTORS
330
2A
102
}
102
{ACAD_XDICTIONARY
360
AA
102
}
330
2A
100
AcDbVisualStyle
  2
FlatWithEdges
 70
     1
 71
     2
 72
     1
 73
     1
 90
        2
 40
0.6
 41
30.0
 62
     5
 63
     7
421
 16777215
 74
     1
 91
        0
 64
     7
 65
   257
 75
     1
175
     1
 42
1.0
 92
        0
 66
   257
 43
1.0
 76
     1
 77
     6
 78
     2
 67
     7
 79
     5
170
     0
171
     0
290
     0
174
     0
 93
       13
 44
0.0
173
     0
291
     1
 45
0.0
  0
VISUALSTYLE
  5
2D
102
{ACAD_REACTORS
330
2A
102
}
102
{ACAD_XDICTIONARY
360
AC
102
}
330
2A
100
AcDbVisualStyle
  2
Gouraud
 70
     2
 71
     2
 72
     2
 73
     1
 90
        2
 40
0.6
 41
30.0
 62
     5
 63
     7
421
 16777215
 74
     0
 91
        0
 64
     7
 65
   257
 75
     1
175
     1
 42
1.0
 92
        0
 66
     7
 43
1.0
 76
     1
 77
     6
 78
     2
 67
     7
 79
     5
170
     0
171
     0
290
     0
174
     0
 93
       13
 44
0.0
173
     0
291
     1
 45
0.0
  0
VISUALSTYLE
  5
2E
102
{ACAD_REACTORS
330
2A
102
}
102
{ACAD_XDICTIONARY
360
AE
102
}
330
2A
100
AcDbVisualStyle
  2
GouraudWithEdges
 70
     3
 71
     2
 72
     2
 73
     1
 90
        2
 40
0.6
 41
30.0
 62
     5
 63
     7
421
 16777215
 74
     1
 91
        0
 64
     7
 65
   257
 75
     1
175
     1
 42
1.0
 92
        0
 66
   257
 43
1.0
 76
     1
 77
     6
 78
     2
 67
     7
 79
     5
170
     0
171
     0
290
     0
174
     0
 93
       13
 44
0.0
173
     0
291
     1
 45
0.0
  0
VISUALSTYLE
  5
31
102
{ACAD_REACTORS
330
2A
102
}
102
{ACAD_XDICTIONARY
360
B4
102
}
330
2A
100
AcDbVisualStyle
  2
Hidden
 70
     6
 71
     1
 72
     2
 73
     2
 90
        0
 40
0.6
 41
30.0
 62
     5
 63
     7
421
 16777215
 74
     2
 91
        2
 64
     7
 65
   257
 75
     2
175
     1
 42
40.0
 92
        0
 66
   257
 43
1.0
 76
     1
 77
     6
 78
     2
 67
     7
 79
     3
170
     0
171
     0
290
     0
174
     0
 93
        1
 44
0.0
173
     0
291
     0
 45
0.0
  0
VISUALSTYLE
  5
3B
102
{ACAD_REACTORS
330
2A
102
}
102
{ACAD_XDICTIONARY
360
C8
102
}
330
2A
100
AcDbVisualStyle
  2
JitterOff
 70
    20
 71
     2
 72
     2
 73
     0
 90
        0
 40
0.6
 41
30.0
 62
     5
 63
     7
421
 16777215
 74
     1
 91
        4
 64
     7
 65
   257
 75
     1
175
     1
 42
1.0
 92
       10
 66
     7
 43
1.0
 76
     1
 77
     6
 78
     2
 67
     7
 79
     5
170
     0
171
     0
290
     0
174
     0
 93
        1
 44
0.0
173
     0
291
     1
 45
0.0
  0
VISUALSTYLE
  5
38
102
{ACAD_REACTORS
330
2A
102
}
102
{ACAD_XDICTIONARY
360
C2
102
}
330
2A
100
AcDbVisualStyle
  2
Linepattern
 70
    14
 71
     2
 72
     2
 73
     0
 90
        0
 40
0.6
 41
30.0
 62
     5
 63
     7
421
 16777215
 74
     1
 91
        4
 64
     7
 65
   257
 75
     7
175
     7
 42
1.0
 92
        8
 66
     7
 43
1.0
 76
     1
 77
     6
 78
     2
 67
     7
 79
     5
170
     0
171
     0
290
     0
174
     0
 93
        1
 44
0.0
173
     0
291
     1
 45
0.0
  0
VISUALSTYLE
  5
3C
102
{ACAD_REACTORS
330
2A
102
}
102
{ACAD_XDICTIONARY
360
CA
102
}
330
2A
100
AcDbVisualStyle
  2
OverhangOff
 70
    21
 71
     2
 72
     2
 73
     0
 90
        0
 40
0.6
 41
30.0
 62
     5
 63
     7
421
 16777215
 74
     1
 91
        4
 64
     7
 65
   257
 75
     1
175
     1
 42
1.0
 92
        9
 66
     7
 43
1.0
 76
     1
 77
     6
 78
     2
 67
     7
 79
     5
170
     0
171
     0
290
     0
174
     0
 93
        1
 44
0.0
173
     0
291
     1
 45
0.0
  0
VISUALSTYLE
  5
33
102
{ACAD_REACTORS
330
2A
102
}
102
{ACAD_XDICTIONARY
360
B8
102
}
330
2A
100
AcDbVisualStyle
  2
Realistic
 70
     8
 71
     2
 72
     3
 73
     0
 90
        2
 40
0.6
 41
30.0
 62
     5
 63
     7
421
 16777215
 74
     0
 91
        0
 64
     7
 65
   257
 75
     1
175
     1
 42
1.0
 92
        8
 66
   257
 43
1.0
 76
     1
 77
     6
 78
     2
 67
     7
 79
     3
170
     0
171
     0
290
     0
174
     0
 93
       13
 44
0.0
173
     0
291
     0
 45
0.0
  0
VISUALSTYLE
  5
42
102
{ACAD_REACTORS
330
2A
102
}
102
{ACAD_XDICTIONARY
360
D6
102
}
330
2A
100
AcDbVisualStyle
  2
Shaded
 70
    27
 71
     2
 72
     2
 73
     1
 90
        2
 40
0.6
 41
30.0
 62
     5
 63
     7
421
 16777215
 74
     0
 91
        4
 64
     7
 65
   257
 75
     1
175
     1
 42
1.0
 92
        8
 66
   257
 43
1.0
 76
     1
 77
     6
 78
     2
 67
     8
425
  7895160
 79
     3
170
     0
171
     0
290
     0
174
     0
 93
        5
 44
0.0
173
     0
291
     0
 45
0.0
  0
VISUALSTYLE
  5
41
102
{ACAD_REACTORS
330
2A
102
}
102
{ACAD_XDICTIONARY
360
D4
102
}
330
2A
100
AcDbVisualStyle
  2
Shaded with edges
 70
    26
 71
     2
 72
     2
 73
     1
 90
        2
 40
0.6
 41
30.0
 62
     5
 63
     7
421
 16777215
 74
     1
 91
       10
 64
     7
 65
   257
 75
     2
175
     1
 42
1.0
 92
        8
 66
   257
 43
1.0
 76
     1
 77
     6
 78
     2
 67
     7
 79
     3
170
     0
171
     0
290
     0
174
     0
 93
        5
 44
0.0
173
     0
291
     0
 45
0.0
  0
VISUALSTYLE
  5
3E
102
{ACAD_REACTORS
330
2A
102
}
102
{ACAD_XDICTIONARY
360
CE
102
}
330
2A
100
AcDbVisualStyle
  2
Shades of Gray
 70
    23
 71
     2
 72
     2
 73
     3
 90
        0
 40
0.6
 41
30.0
 62
     5
 63
     7
421
 16777215
 74
     2
 91
        2
 64
     7
 65
     7
 75
     1
175
     1
 42
40.0
 92
        8
 66
     7
 43
1.0
 76
     1
 77
     6
 78
     2
 67
     7
 79
     3
170
     0
171
     0
290
     0
174
     0
 93
        1
 44
0.0
173
     0
291
     0
 45
0.0
  0
VISUALSTYLE
  5
3F
102
{ACAD_REACTORS
330
2A
102
}
102
{ACAD_XDICTIONARY
360
D0
102
}
330
2A
100
AcDbVisualStyle
  2
Sketchy
 70
    24
 71
     1
 72
     2
 73
     2
 90
        0
 40
0.6
 41
30.0
 62
     5
 63
     7
421
 16777215
 74
     2
 91
        2
 64
     7
 65
     7
 75
     1
175
     1
 42
40.0
 92
       11
 66
     7
 43
1.0
 76
     1
 77
     6
 78
     2
 67
     7
 79
     6
170
     0
171
     0
290
     0
174
     0
 93
        1
 44
0.0
173
     0
291
     0
 45
0.0
  0
VISUALSTYLE
  5
37
102
{ACAD_REACTORS
330
2A
102
}
102
{ACAD_XDICTIONARY
360
C0
102
}
330
2A
100
AcDbVisualStyle
  2
Thicken
 70
    13
 71
     2
 72
     2
 73
     0
 90
        0
 40
0.6
 41
30.0
 62
     5
 63
     7
421
 16777215
 74
     1
 91
        4
 64
     7
 65
   257
 75
     1
175
     1
 42
1.0
 92
       12
 66
     7
 43
1.0
 76
     1
 77
     6
 78
     2
 67
     7
 79
     5
170
     0
171
     0
290
     0
174
     0
 93
        1
 44
0.0
173
     0
291
     1
 45
0.0
  0
VISUALSTYLE
  5
30
102
{ACAD_REACTORS
330
2A
102
}
102
{ACAD_XDICTIONARY
360
B2
102
}
330
2A
100
AcDbVisualStyle
  2
Wireframe
 70
     5
 71
     0
 72
     2
 73
     0
 90
        0
 40
0.6
 41
30.0
 62
     5
 63
     7
421
 16777215
 74
     1
 91
        4
 64
     7
 65
   257
 75
     1
175
     1
 42
1.0
 92
        0
 66
   257
 43
1.0
 76
     1
 77
     6
 78
     2
 67
     7
 79
     3
170
     0
171
     0
290
     0
174
     0
 93
        1
 44
0.0
173
     0
291
     0
 45
0.0
  0
VISUALSTYLE
  5
40
102
{ACAD_REACTORS
330
2A
102
}
102
{ACAD_XDICTIONARY
360
D2
102
}
330
2A
100
AcDbVisualStyle
  2
X-Ray
 70
    25
 71
     2
 72
     2
 73
     1
 90
        1
 40
0.5
 41
30.0
 62
     5
 63
     7
421
 16777215
 74
     1
 91
        0
 64
     7
 65
   257
 75
     1
175
     1
 42
1.0
 92
        8
 66
     7
 43
1.0
 76
     1
 77
     6
 78
     2
 67
     7
 79
     3
170
     0
171
     0
290
     0
174
     0
 93
       13
 44
0.0
173
     0
291
     0
 45
0.0
  0
DICTIONARYVAR
  5
A6
102
{ACAD_REACTORS
330
A5
102
}
330
A5
100
DictionaryVariables
280
     0
  1
1:1
  0
DICTIONARYVAR
  5
DF
102
{ACAD_REACTORS
330
A5
102
}
330
A5
100
DictionaryVariables
280
     0
  1
Standard
  0
DICTIONARYVAR
  5
DE
102
{ACAD_REACTORS
330
A5
102
}
330
A5
100
DictionaryVariables
280
     0
  1
Standard
  0
DICTIONARYVAR
  5
A7
102
{ACAD_REACTORS
330
A5
102
}
330
A5
100
DictionaryVariables
280
     0
  1
2
  0
DICTIONARY
  5
DB
330
6C
100
AcDbDictionary
280
     1
281
     1
  3
ACAD_XREC_ROUNDTRIP
360
DC
  0
DICTIONARY
  5
D8
330
6A
100
AcDbDictionary
280
     1
281
     1
  3
ACAD_ROUNDTRIP_2008_TABLESTYLE_CELLSTYLEMAP
360
D9
  0
DICTIONARY
  5
B0
330
2F
100
AcDbDictionary
280
     1
281
     1
  3
ACAD_XREC_ROUNDTRIP
360
B1
  0
DICTIONARY
  5
B6
330
32
100
AcDbDictionary
280
     1
281
     1
  3
ACAD_XREC_ROUNDTRIP
360
B7
  0
DICTIONARY
  5
BE
330
36
100
AcDbDictionary
280
     1
281
     1
  3
ACAD_XREC_ROUNDTRIP
360
BF
  0
DICTIONARY
  5
C6
330
3A
100
AcDbDictionary
280
     1
281
     1
  3
ACAD_XREC_ROUNDTRIP
360
C7
  0
DICTIONARY
  5
BA
330
34
100
AcDbDictionary
280
     1
281
     1
  3
ACAD_XREC_ROUNDTRIP
360
BB
  0
DICTIONARY
  5
BC
330
35
100
AcDbDictionary
280
     1
281
     1
  3
ACAD_XREC_ROUNDTRIP
360
BD
  0
DICTIONARY
  5
CC
330
3D
100
AcDbDictionary
280
     1
281
     1
  3
ACAD_XREC_ROUNDTRIP
360
CD
  0
DICTIONARY
  5
C4
330
39
100
AcDbDictionary
280
     1
281
     1
  3
ACAD_XREC_ROUNDTRIP
360
C5
  0
DICTIONARY
  5
A8
330
2B
100
AcDbDictionary
280
     1
281
     1
  3
ACAD_XREC_ROUNDTRIP
360
A9
  0
DICTIONARY
  5
AA
330
2C
100
AcDbDictionary
280
     1
281
     1
  3
ACAD_XREC_ROUNDTRIP
360
AB
  0
DICTIONARY
  5
AC
330
2D
100
AcDbDictionary
280
     1
281
     1
  3
ACAD_XREC_ROUNDTRIP
360
AD
  0
DICTIONARY
  5
AE
330
2E
100
AcDbDictionary
280
     1
281
     1
  3
ACAD_XREC_ROUNDTRIP
360
AF
  0
DICTIONARY
  5
B4
330
31
100
AcDbDictionary
280
     1
281
     1
  3
ACAD_XREC_ROUNDTRIP
360
B5
  0
DICTIONARY
  5
C8
330
3B
100
AcDbDictionary
280
     1
281
     1
  3
ACAD_XREC_ROUNDTRIP
360
C9
  0
DICTIONARY
  5
C2
330
38
100
AcDbDictionary
280
     1
281
     1
  3
ACAD_XREC_ROUNDTRIP
360
C3
  0
DICTIONARY
  5
CA
330
3C
100
AcDbDictionary
280
     1
281
     1
  3
ACAD_XREC_ROUNDTRIP
360
CB
  0
DICTIONARY
  5
B8
330
33
100
AcDbDictionary
280
     1
281
     1
  3
ACAD_XREC_ROUNDTRIP
360
B9
  0
DICTIONARY
  5
D6
330
42
100
AcDbDictionary
280
     1
281
     1
  3
ACAD_XREC_ROUNDTRIP
360
D7
  0
DICTIONARY
  5
D4
330
41
100
AcDbDictionary
280
     1
281
     1
  3
ACAD_XREC_ROUNDTRIP
360
D5
  0
DICTIONARY
  5
CE
330
3E
100
AcDbDictionary
280
     1
281
     1
  3
ACAD_XREC_ROUNDTRIP
360
CF
  0
DICTIONARY
  5
D0
330
3F
100
AcDbDictionary
280
     1
281
     1
  3
ACAD_XREC_ROUNDTRIP
360
D1
  0
DICTIONARY
  5
C0
330
37
100
AcDbDictionary
280
     1
281
     1
  3
ACAD_XREC_ROUNDTRIP
360
C1
  0
DICTIONARY
  5
B2
330
30
100
AcDbDictionary
280
     1
281
     1
  3
ACAD_XREC_ROUNDTRIP
360
B3
  0
DICTIONARY
  5
D2
330
40
100
AcDbDictionary
280
     1
281
     1
  3
ACAD_XREC_ROUNDTRIP
360
D3
  0
XRECORD
  5
DC
102
{ACAD_REACTORS
330
DB
102
}
330
DB
100
AcDbXrecord
280
     1
102
ACAD_ROUNDTRIP_2010_MLEADER_STYLE
  0
CELLSTYLEMAP
  5
D9
102
{ACAD_REACTORS
330
D8
102
}
330
D8
100
AcDbCellStyleMap
 90
        3
300
CELLSTYLE
  1
TABLEFORMAT_BEGIN
 90
        5
170
     1
 91
        0
 92
    32768
 62
   257
 93
        1
300
CONTENTFORMAT
  1
CONTENTFORMAT_BEGIN
 90
        0
 91
        0
 92
        4
 93
        0
300

 40
0.0
140
1.0
 94
        5
 62
     0
340
11
144
0.25
309
CONTENTFORMAT_END
171
     1
301
MARGIN
  1
CELLMARGIN_BEGIN
 40
0.06
 40
0.06
 40
0.06
 40
0.06
 40
0.06
 40
0.06
309
CELLMARGIN_END
 94
        6
 95
        1
302
GRIDFORMAT
  1
GRIDFORMAT_BEGIN
 90
        0
 91
        1
 62
     0
 92
       -2
340
14
 93
        0
 40
0.045
309
GRIDFORMAT_END
 95
        2
302
GRIDFORMAT
  1
GRIDFORMAT_BEGIN
 90
        0
 91
        1
 62
     0
 92
       -2
340
14
 93
        0
 40
0.045
309
GRIDFORMAT_END
 95
        4
302
GRIDFORMAT
  1
GRIDFORMAT_BEGIN
 90
        0
 91
        1
 62
     0
 92
       -2
340
14
 93
        0
 40
0.045
309
GRIDFORMAT_END
 95
        8
302
GRIDFORMAT
  1
GRIDFORMAT_BEGIN
 90
        0
 91
        1
 62
     0
 92
       -2
340
14
 93
        0
 40
0.045
309
GRIDFORMAT_END
 95
       16
302
GRIDFORMAT
  1
GRIDFORMAT_BEGIN
 90
        0
 91
        1
 62
     0
 92
       -2
340
14
 93
        0
 40
0.045
309
GRIDFORMAT_END
 95
       32
302
GRIDFORMAT
  1
GRIDFORMAT_BEGIN
 90
        0
 91
        1
 62
     0
 92
       -2
340
14
 93
        0
 40
0.045
309
GRIDFORMAT_END
309
TABLEFORMAT_END
  1
CELLSTYLE_BEGIN
 90
        1
 91
        1
300
_TITLE
309
CELLSTYLE_END
300
CELLSTYLE
  1
TABLEFORMAT_BEGIN
 90
        5
170
     1
 91
        0
 92
        0
 62
   257
 93
        1
300
CONTENTFORMAT
  1
CONTENTFORMAT_BEGIN
 90
        0
 91
        0
 92
        4
 93
        0
300

 40
0.0
140
1.0
 94
        5
 62
     0
340
11
144
0.18
309
CONTENTFORMAT_END
171
     1
301
MARGIN
  1
CELLMARGIN_BEGIN
 40
0.06
 40
0.06
 40
0.06
 40
0.06
 40
0.06
 40
0.06
309
CELLMARGIN_END
 94
        6
 95
        1
302
GRIDFORMAT
  1
GRIDFORMAT_BEGIN
 90
        0
 91
        1
 62
     0
 92
       -2
340
14
 93
        0
 40
0.045
309
GRIDFORMAT_END
 95
        2
302
GRIDFORMAT
  1
GRIDFORMAT_BEGIN
 90
        0
 91
        1
 62
     0
 92
       -2
340
14
 93
        0
 40
0.045
309
GRIDFORMAT_END
 95
        4
302
GRIDFORMAT
  1
GRIDFORMAT_BEGIN
 90
        0
 91
        1
 62
     0
 92
       -2
340
14
 93
        0
 40
0.045
309
GRIDFORMAT_END
 95
        8
302
GRIDFORMAT
  1
GRIDFORMAT_BEGIN
 90
        0
 91
        1
 62
     0
 92
       -2
340
14
 93
        0
 40
0.045
309
GRIDFORMAT_END
 95
       16
302
GRIDFORMAT
  1
GRIDFORMAT_BEGIN
 90
        0
 91
        1
 62
     0
 92
       -2
340
14
 93
        0
 40
0.045
309
GRIDFORMAT_END
 95
       32
302
GRIDFORMAT
  1
GRIDFORMAT_BEGIN
 90
        0
 91
        1
 62
     0
 92
       -2
340
14
 93
        0
 40
0.045
309
GRIDFORMAT_END
309
TABLEFORMAT_END
  1
CELLSTYLE_BEGIN
 90
        2
 91
        1
300
_HEADER
309
CELLSTYLE_END
300
CELLSTYLE
  1
TABLEFORMAT_BEGIN
 90
        5
170
     1
 91
        0
 92
        0
 62
   257
 93
        1
300
CONTENTFORMAT
  1
CONTENTFORMAT_BEGIN
 90
        0
 91
        0
 92
        4
 93
        0
300

 40
0.0
140
1.0
 94
        2
 62
     0
340
11
144
0.18
309
CONTENTFORMAT_END
171
     1
301
MARGIN
  1
CELLMARGIN_BEGIN
 40
0.06
 40
0.06
 40
0.06
 40
0.06
 40
0.06
 40
0.06
309
CELLMARGIN_END
 94
        6
 95
        1
302
GRIDFORMAT
  1
GRIDFORMAT_BEGIN
 90
        0
 91
        1
 62
     0
 92
       -2
340
14
 93
        0
 40
0.045
309
GRIDFORMAT_END
 95
        2
302
GRIDFORMAT
  1
GRIDFORMAT_BEGIN
 90
        0
 91
        1
 62
     0
 92
       -2
340
14
 93
        0
 40
0.045
309
GRIDFORMAT_END
 95
        4
302
GRIDFORMAT
  1
GRIDFORMAT_BEGIN
 90
        0
 91
        1
 62
     0
 92
       -2
340
14
 93
        0
 40
0.045
309
GRIDFORMAT_END
 95
        8
302
GRIDFORMAT
  1
GRIDFORMAT_BEGIN
 90
        0
 91
        1
 62
     0
 92
       -2
340
14
 93
        0
 40
0.045
309
GRIDFORMAT_END
 95
       16
302
GRIDFORMAT
  1
GRIDFORMAT_BEGIN
 90
        0
 91
        1
 62
     0
 92
       -2
340
14
 93
        0
 40
0.045
309
GRIDFORMAT_END
 95
       32
302
GRIDFORMAT
  1
GRIDFORMAT_BEGIN
 90
        0
 91
        1
 62
     0
 92
       -2
340
14
 93
        0
 40
0.045
309
GRIDFORMAT_END
309
TABLEFORMAT_END
  1
CELLSTYLE_BEGIN
 90
        3
 91
        2
300
_DATA
309
CELLSTYLE_END
  0
XRECORD
  5
B1
102
{ACAD_REACTORS
330
B0
102
}
330
B0
100
AcDbXrecord
280
     1
102
RTVSPropertyOp0
 70
     1
102
RTVSPropertyOp1
 70
     1
102
RTVSPropertyOp2
 70
     1
102
RTVSPropertyOp3
 70
     1
102
RTVSPropertyOp4
 70
     1
102
RTVSPropertyOp5
 70
     1
102
RTVSPropertyOp6
 70
     1
102
RTVSPropertyOp7
 70
     1
102
RTVSPropertyOp8
 70
     1
102
RTVSPropertyOp9
 70
     1
102
RTVSPropertyOp10
 70
     1
102
RTVSPropertyOp11
 70
     1
102
RTVSPropertyOp12
 70
     1
102
RTVSPropertyOp13
 70
     1
102
RTVSPropertyOp14
 70
     1
102
RTVSPropertyOp15
 70
     1
102
RTVSPropertyOp16
 70
     1
102
RTVSPropertyOp17
 70
     1
102
RTVSPropertyOp18
 70
     1
102
RTVSPropertyOp19
 70
     1
102
RTVSPropertyOp20
 70
     1
102
RTVSPropertyOp21
 70
     1
102
RTVSPropertyOp22
 70
     1
102
RTVSPropertyOp23
 70
     1
102
RTVSPropertyOp24
 70
     1
102
RTVSPropertyOp25
 70
     1
102
RTVSPropertyOp26
 70
     1
102
RTVSPropertyOp27
 70
     1
102
RTVSPropertyOp28
 70
     1
102
RTVSPropertyOp29
 70
     1
102
RTVSPropertyOp30
 70
     1
102
RTVSPropertyOp31
 70
     1
102
RTVSPropertyOp32
 70
     1
102
RTVSPropertyOp33
 70
     1
102
RTVSPropertyOp34
 70
     1
102
RTVSPropertyOp35
 70
     1
102
RTVSPropertyOp36
 70
     1
102
RTVSPropertyOp37
 70
     1
102
RTVSPropertyOp38
 70
     1
102
RTVSPropertyOp39
 70
     1
102
RTVSPropertyOp40
 70
     1
102
RTVSPropertyOp41
 70
     1
102
RTVSPropertyOp42
 70
     1
102
RTVSPropertyOp43
 70
     1
102
RTVSPropertyOp44
 70
     1
102
RTVSPropertyOp45
 70
     1
102
RTVSPropertyOp46
 70
     1
102
RTVSPropertyOp47
 70
     1
102
RTVSPropertyOp48
 70
     1
102
RTVSPropertyOp49
 70
     1
102
RTVSPropertyOp50
 70
     1
102
RTVSPropertyOp51
 70
     0
102
RTVSPropertyOp52
 70
     0
102
RTVSPropertyOp53
 70
     1
102
RTVSPropertyOp54
 70
     1
102
RTVSPropertyOp55
 70
     1
102
RTVSPropertyOp56
 70
     1
102
RTVSPropertyOp57
 70
     1
102
RTVSPost2010Prop28
280
     1
102
RTVSPost2010PropOp28
 70
     1
102
RTVSPost2010Prop29
280
     1
102
RTVSPost2010PropOp29
 70
     1
102
RTVSPost2010Prop30
280
     0
102
RTVSPost2010PropOp30
 70
     1
102
RTVSPost2010Prop31
280
     0
102
RTVSPost2010PropOp31
 70
     1
102
RTVSPost2010Prop32
280
     0
102
RTVSPost2010PropOp32
 70
     1
102
RTVSPost2010Prop33
280
     0
102
RTVSPost2010PropOp33
 70
     1
102
RTVSPost2010Prop34
280
     0
102
RTVSPost2010PropOp34
 70
     1
102
RTVSPost2010Prop35
280
     0
102
RTVSPost2010PropOp35
 70
     1
102
RTVSPost2010Prop36
280
     0
102
RTVSPost2010PropOp36
 70
     1
102
RTVSPost2010Prop37
 90
       50
102
RTVSPost2010PropOp37
 70
     1
102
RTVSPost2010Prop38
140
0.0
102
RTVSPost2010PropOp38
 70
     1
102
RTVSPost2010Prop39
140
1.0
102
RTVSPost2010PropOp39
 70
     1
102
RTVSPost2010Prop40
 90
        0
102
RTVSPost2010PropOp40
 70
     1
102
RTVSPost2010Prop41ColorIndex
 90
       18
102
RTVSPost2010Prop41ColorRGB
 90
        0
102
RTVSPost2010PropOp41
 70
     1
102
RTVSPost2010Prop42
 90
       50
102
RTVSPost2010PropOp42
 70
     1
102
RTVSPost2010Prop43
 90
        3
102
RTVSPost2010PropOp43
 70
     1
102
RTVSPost2010Prop44ColorIndex
 90
        5
102
RTVSPost2010Prop44ColorRGB
 90
      255
102
RTVSPost2010PropOp44
 70
     1
102
RTVSPost2010Prop45
280
     0
102
RTVSPost2010PropOp45
 70
     1
102
RTVSPost2010Prop46
 90
       50
102
RTVSPost2010PropOp46
 70
     1
102
RTVSPost2010Prop47
 90
       50
102
RTVSPost2010PropOp47
 70
     1
102
RTVSPost2010Prop48
 90
       50
102
RTVSPost2010PropOp48
 70
     1
102
RTVSPost2010Prop49
280
     0
102
RTVSPost2010PropOp49
 70
     1
102
RTVSPost2010Prop50
 90
       50
102
RTVSPost2010PropOp50
 70
     1
102
RTVSPost2010Prop51ColorIndex
 90
      256
102
RTVSPost2010Prop51ColorRGB
 90
-16777216
102
RTVSPost2010PropOp51
 70
     0
102
RTVSPost2010Prop52
140
1.0
102
RTVSPost2010PropOp52
 70
     0
102
RTVSPost2010Prop53
 90
        2
102
RTVSPost2010PropOp53
 70
     1
102
RTVSPost2010Prop54
  1
strokes_ogs.tif
102
RTVSPost2010PropOp54
 70
     1
102
RTVSPost2010Prop55
280
     0
102
RTVSPost2010PropOp55
 70
     1
102
RTVSPost2010Prop56
140
1.0
102
RTVSPost2010PropOp56
 70
     1
102
RTVSPost2010Prop57
140
1.0
102
RTVSPost2010PropOp57
 70
     1
  0
XRECORD
  5
B7
102
{ACAD_REACTORS
330
B6
102
}
330
B6
100
AcDbXrecord
280
     1
102
RTVSPropertyOp0
 70
     1
102
RTVSPropertyOp1
 70
     1
102
RTVSPropertyOp2
 70
     1
102
RTVSPropertyOp3
 70
     1
102
RTVSPropertyOp4
 70
     1
102
RTVSPropertyOp5
 70
     1
102
RTVSPropertyOp6
 70
     1
102
RTVSPropertyOp7
 70
     1
102
RTVSPropertyOp8
 70
     1
102
RTVSPropertyOp9
 70
     1
102
RTVSPropertyOp10
 70
     1
102
RTVSPropertyOp11
 70
     1
102
RTVSPropertyOp12
 70
     1
102
RTVSPropertyOp13
 70
     1
102
RTVSPropertyOp14
 70
     1
102
RTVSPropertyOp15
 70
     1
102
RTVSPropertyOp16
 70
     1
102
RTVSPropertyOp17
 70
     1
102
RTVSPropertyOp18
 70
     1
102
RTVSPropertyOp19
 70
     1
102
RTVSPropertyOp20
 70
     1
102
RTVSPropertyOp21
 70
     1
102
RTVSPropertyOp22
 70
     1
102
RTVSPropertyOp23
 70
     1
102
RTVSPropertyOp24
 70
     1
102
RTVSPropertyOp25
 70
     1
102
RTVSPropertyOp26
 70
     1
102
RTVSPropertyOp27
 70
     1
102
RTVSPropertyOp28
 70
     1
102
RTVSPropertyOp29
 70
     1
102
RTVSPropertyOp30
 70
     1
102
RTVSPropertyOp31
 70
     1
102
RTVSPropertyOp32
 70
     1
102
RTVSPropertyOp33
 70
     1
102
RTVSPropertyOp34
 70
     1
102
RTVSPropertyOp35
 70
     1
102
RTVSPropertyOp36
 70
     1
102
RTVSPropertyOp37
 70
     1
102
RTVSPropertyOp38
 70
     1
102
RTVSPropertyOp39
 70
     1
102
RTVSPropertyOp40
 70
     1
102
RTVSPropertyOp41
 70
     1
102
RTVSPropertyOp42
 70
     1
102
RTVSPropertyOp43
 70
     1
102
RTVSPropertyOp44
 70
     1
102
RTVSPropertyOp45
 70
     1
102
RTVSPropertyOp46
 70
     1
102
RTVSPropertyOp47
 70
     1
102
RTVSPropertyOp48
 70
     1
102
RTVSPropertyOp49
 70
     1
102
RTVSPropertyOp50
 70
     1
102
RTVSPropertyOp51
 70
     0
102
RTVSPropertyOp52
 70
     0
102
RTVSPropertyOp53
 70
     1
102
RTVSPropertyOp54
 70
     1
102
RTVSPropertyOp55
 70
     1
102
RTVSPropertyOp56
 70
     1
102
RTVSPropertyOp57
 70
     1
102
RTVSPost2010Prop28
280
     0
102
RTVSPost2010PropOp28
 70
     1
102
RTVSPost2010Prop29
280
     1
102
RTVSPost2010PropOp29
 70
     1
102
RTVSPost2010Prop30
280
     1
102
RTVSPost2010PropOp30
 70
     1
102
RTVSPost2010Prop31
280
     0
102
RTVSPost2010PropOp31
 70
     1
102
RTVSPost2010Prop32
280
     0
102
RTVSPost2010PropOp32
 70
     1
102
RTVSPost2010Prop33
280
     0
102
RTVSPost2010PropOp33
 70
     1
102
RTVSPost2010Prop34
280
     0
102
RTVSPost2010PropOp34
 70
     1
102
RTVSPost2010Prop35
280
     0
102
RTVSPost2010PropOp35
 70
     1
102
RTVSPost2010Prop36
280
     0
102
RTVSPost2010PropOp36
 70
     1
102
RTVSPost2010Prop37
 90
       50
102
RTVSPost2010PropOp37
 70
     1
102
RTVSPost2010Prop38
140
0.0
102
RTVSPost2010PropOp38
 70
     1
102
RTVSPost2010Prop39
140
1.0
102
RTVSPost2010PropOp39
 70
     1
102
RTVSPost2010Prop40
 90
        0
102
RTVSPost2010PropOp40
 70
     1
102
RTVSPost2010Prop41ColorIndex
 90
       18
102
RTVSPost2010Prop41ColorRGB
 90
        0
102
RTVSPost2010PropOp41
 70
     1
102
RTVSPost2010Prop42
 90
       50
102
RTVSPost2010PropOp42
 70
     1
102
RTVSPost2010Prop43
 90
        3
102
RTVSPost2010PropOp43
 70
     1
102
RTVSPost2010Prop44ColorIndex
 90
        5
102
RTVSPost2010Prop44ColorRGB
 90
      255
102
RTVSPost2010PropOp44
 70
     1
102
RTVSPost2010Prop45
280
     0
102
RTVSPost2010PropOp45
 70
     1
102
RTVSPost2010Prop46
 90
       50
102
RTVSPost2010PropOp46
 70
     1
102
RTVSPost2010Prop47
 90
       50
102
RTVSPost2010PropOp47
 70
     1
102
RTVSPost2010Prop48
 90
       50
102
RTVSPost2010PropOp48
 70
     1
102
RTVSPost2010Prop49
280
     0
102
RTVSPost2010PropOp49
 70
     1
102
RTVSPost2010Prop50
 90
       50
102
RTVSPost2010PropOp50
 70
     1
102
RTVSPost2010Prop51ColorIndex
 90
      256
102
RTVSPost2010Prop51ColorRGB
 90
-16777216
102
RTVSPost2010PropOp51
 70
     0
102
RTVSPost2010Prop52
140
1.0
102
RTVSPost2010PropOp52
 70
     0
102
RTVSPost2010Prop53
 90
        2
102
RTVSPost2010PropOp53
 70
     1
102
RTVSPost2010Prop54
  1
strokes_ogs.tif
102
RTVSPost2010PropOp54
 70
     1
102
RTVSPost2010Prop55
280
     0
102
RTVSPost2010PropOp55
 70
     1
102
RTVSPost2010Prop56
140
1.0
102
RTVSPost2010PropOp56
 70
     1
102
RTVSPost2010Prop57
140
1.0
102
RTVSPost2010PropOp57
 70
     1
  0
XRECORD
  5
BF
102
{ACAD_REACTORS
330
BE
102
}
330
BE
100
AcDbXrecord
280
     1
102
RTVSPropertyOp0
 70
     1
102
RTVSPropertyOp1
 70
     1
102
RTVSPropertyOp2
 70
     1
102
RTVSPropertyOp3
 70
     1
102
RTVSPropertyOp4
 70
     1
102
RTVSPropertyOp5
 70
     1
102
RTVSPropertyOp6
 70
     1
102
RTVSPropertyOp7
 70
     1
102
RTVSPropertyOp8
 70
     1
102
RTVSPropertyOp9
 70
     1
102
RTVSPropertyOp10
 70
     1
102
RTVSPropertyOp11
 70
     1
102
RTVSPropertyOp12
 70
     1
102
RTVSPropertyOp13
 70
     1
102
RTVSPropertyOp14
 70
     1
102
RTVSPropertyOp15
 70
     1
102
RTVSPropertyOp16
 70
     1
102
RTVSPropertyOp17
 70
     1
102
RTVSPropertyOp18
 70
     1
102
RTVSPropertyOp19
 70
     1
102
RTVSPropertyOp20
 70
     1
102
RTVSPropertyOp21
 70
     1
102
RTVSPropertyOp22
 70
     1
102
RTVSPropertyOp23
 70
     1
102
RTVSPropertyOp24
 70
     1
102
RTVSPropertyOp25
 70
     1
102
RTVSPropertyOp26
 70
     1
102
RTVSPropertyOp27
 70
     1
102
RTVSPropertyOp28
 70
     1
102
RTVSPropertyOp29
 70
     1
102
RTVSPropertyOp30
 70
     1
102
RTVSPropertyOp31
 70
     1
102
RTVSPropertyOp32
 70
     1
102
RTVSPropertyOp33
 70
     1
102
RTVSPropertyOp34
 70
     1
102
RTVSPropertyOp35
 70
     1
102
RTVSPropertyOp36
 70
     1
102
RTVSPropertyOp37
 70
     1
102
RTVSPropertyOp38
 70
     1
102
RTVSPropertyOp39
 70
     1
102
RTVSPropertyOp40
 70
     1
102
RTVSPropertyOp41
 70
     1
102
RTVSPropertyOp42
 70
     1
102
RTVSPropertyOp43
 70
     1
102
RTVSPropertyOp44
 70
     1
102
RTVSPropertyOp45
 70
     1
102
RTVSPropertyOp46
 70
     1
102
RTVSPropertyOp47
 70
     1
102
RTVSPropertyOp48
 70
     1
102
RTVSPropertyOp49
 70
     1
102
RTVSPropertyOp50
 70
     1
102
RTVSPropertyOp51
 70
     0
102
RTVSPropertyOp52
 70
     0
102
RTVSPropertyOp53
 70
     1
102
RTVSPropertyOp54
 70
     1
102
RTVSPropertyOp55
 70
     1
102
RTVSPropertyOp56
 70
     1
102
RTVSPropertyOp57
 70
     1
102
RTVSPost2010Prop28
280
     0
102
RTVSPost2010PropOp28
 70
     1
102
RTVSPost2010Prop29
280
     1
102
RTVSPost2010PropOp29
 70
     1
102
RTVSPost2010Prop30
280
     1
102
RTVSPost2010PropOp30
 70
     1
102
RTVSPost2010Prop31
280
     0
102
RTVSPost2010PropOp31
 70
     1
102
RTVSPost2010Prop32
280
     0
102
RTVSPost2010PropOp32
 70
     1
102
RTVSPost2010Prop33
280
     0
102
RTVSPost2010PropOp33
 70
     1
102
RTVSPost2010Prop34
280
     0
102
RTVSPost2010PropOp34
 70
     1
102
RTVSPost2010Prop35
280
     0
102
RTVSPost2010PropOp35
 70
     1
102
RTVSPost2010Prop36
280
     0
102
RTVSPost2010PropOp36
 70
     1
102
RTVSPost2010Prop37
 90
       50
102
RTVSPost2010PropOp37
 70
     1
102
RTVSPost2010Prop38
140
0.0
102
RTVSPost2010PropOp38
 70
     1
102
RTVSPost2010Prop39
140
1.0
102
RTVSPost2010PropOp39
 70
     1
102
RTVSPost2010Prop40
 90
        0
102
RTVSPost2010PropOp40
 70
     1
102
RTVSPost2010Prop41ColorIndex
 90
       18
102
RTVSPost2010Prop41ColorRGB
 90
        0
102
RTVSPost2010PropOp41
 70
     1
102
RTVSPost2010Prop42
 90
       50
102
RTVSPost2010PropOp42
 70
     1
102
RTVSPost2010Prop43
 90
        3
102
RTVSPost2010PropOp43
 70
     1
102
RTVSPost2010Prop44ColorIndex
 90
        5
102
RTVSPost2010Prop44ColorRGB
 90
      255
102
RTVSPost2010PropOp44
 70
     1
102
RTVSPost2010Prop45
280
     0
102
RTVSPost2010PropOp45
 70
     1
102
RTVSPost2010Prop46
 90
       50
102
RTVSPost2010PropOp46
 70
     1
102
RTVSPost2010Prop47
 90
       50
102
RTVSPost2010PropOp47
 70
     1
102
RTVSPost2010Prop48
 90
       50
102
RTVSPost2010PropOp48
 70
     1
102
RTVSPost2010Prop49
280
     0
102
RTVSPost2010PropOp49
 70
     1
102
RTVSPost2010Prop50
 90
       50
102
RTVSPost2010PropOp50
 70
     1
102
RTVSPost2010Prop51ColorIndex
 90
      256
102
RTVSPost2010Prop51ColorRGB
 90
-16777216
102
RTVSPost2010PropOp51
 70
     0
102
RTVSPost2010Prop52
140
1.0
102
RTVSPost2010PropOp52
 70
     0
102
RTVSPost2010Prop53
 90
        2
102
RTVSPost2010PropOp53
 70
     1
102
RTVSPost2010Prop54
  1
strokes_ogs.tif
102
RTVSPost2010PropOp54
 70
     1
102
RTVSPost2010Prop55
280
     0
102
RTVSPost2010PropOp55
 70
     1
102
RTVSPost2010Prop56
140
1.0
102
RTVSPost2010PropOp56
 70
     1
102
RTVSPost2010Prop57
140
1.0
102
RTVSPost2010PropOp57
 70
     1
  0
XRECORD
  5
C7
102
{ACAD_REACTORS
330
C6
102
}
330
C6
100
AcDbXrecord
280
     1
102
RTVSPropertyOp0
 70
     1
102
RTVSPropertyOp1
 70
     1
102
RTVSPropertyOp2
 70
     1
102
RTVSPropertyOp3
 70
     1
102
RTVSPropertyOp4
 70
     1
102
RTVSPropertyOp5
 70
     1
102
RTVSPropertyOp6
 70
     1
102
RTVSPropertyOp7
 70
     1
102
RTVSPropertyOp8
 70
     1
102
RTVSPropertyOp9
 70
     1
102
RTVSPropertyOp10
 70
     1
102
RTVSPropertyOp11
 70
     1
102
RTVSPropertyOp12
 70
     1
102
RTVSPropertyOp13
 70
     1
102
RTVSPropertyOp14
 70
     1
102
RTVSPropertyOp15
 70
     1
102
RTVSPropertyOp16
 70
     1
102
RTVSPropertyOp17
 70
     1
102
RTVSPropertyOp18
 70
     1
102
RTVSPropertyOp19
 70
     1
102
RTVSPropertyOp20
 70
     1
102
RTVSPropertyOp21
 70
     1
102
RTVSPropertyOp22
 70
     1
102
RTVSPropertyOp23
 70
     1
102
RTVSPropertyOp24
 70
     1
102
RTVSPropertyOp25
 70
     1
102
RTVSPropertyOp26
 70
     1
102
RTVSPropertyOp27
 70
     1
102
RTVSPropertyOp28
 70
     1
102
RTVSPropertyOp29
 70
     1
102
RTVSPropertyOp30
 70
     1
102
RTVSPropertyOp31
 70
     1
102
RTVSPropertyOp32
 70
     1
102
RTVSPropertyOp33
 70
     1
102
RTVSPropertyOp34
 70
     1
102
RTVSPropertyOp35
 70
     1
102
RTVSPropertyOp36
 70
     1
102
RTVSPropertyOp37
 70
     1
102
RTVSPropertyOp38
 70
     1
102
RTVSPropertyOp39
 70
     1
102
RTVSPropertyOp40
 70
     1
102
RTVSPropertyOp41
 70
     1
102
RTVSPropertyOp42
 70
     1
102
RTVSPropertyOp43
 70
     1
102
RTVSPropertyOp44
 70
     1
102
RTVSPropertyOp45
 70
     1
102
RTVSPropertyOp46
 70
     1
102
RTVSPropertyOp47
 70
     1
102
RTVSPropertyOp48
 70
     1
102
RTVSPropertyOp49
 70
     1
102
RTVSPropertyOp50
 70
     1
102
RTVSPropertyOp51
 70
     0
102
RTVSPropertyOp52
 70
     0
102
RTVSPropertyOp53
 70
     1
102
RTVSPropertyOp54
 70
     1
102
RTVSPropertyOp55
 70
     1
102
RTVSPropertyOp56
 70
     1
102
RTVSPropertyOp57
 70
     1
102
RTVSPost2010Prop28
280
     0
102
RTVSPost2010PropOp28
 70
     1
102
RTVSPost2010Prop29
280
     1
102
RTVSPost2010PropOp29
 70
     1
102
RTVSPost2010Prop30
280
     1
102
RTVSPost2010PropOp30
 70
     1
102
RTVSPost2010Prop31
280
     0
102
RTVSPost2010PropOp31
 70
     1
102
RTVSPost2010Prop32
280
     0
102
RTVSPost2010PropOp32
 70
     1
102
RTVSPost2010Prop33
280
     0
102
RTVSPost2010PropOp33
 70
     1
102
RTVSPost2010Prop34
280
     0
102
RTVSPost2010PropOp34
 70
     1
102
RTVSPost2010Prop35
280
     0
102
RTVSPost2010PropOp35
 70
     1
102
RTVSPost2010Prop36
280
     0
102
RTVSPost2010PropOp36
 70
     1
102
RTVSPost2010Prop37
 90
       50
102
RTVSPost2010PropOp37
 70
     1
102
RTVSPost2010Prop38
140
0.0
102
RTVSPost2010PropOp38
 70
     1
102
RTVSPost2010Prop39
140
1.0
102
RTVSPost2010PropOp39
 70
     1
102
RTVSPost2010Prop40
 90
        0
102
RTVSPost2010PropOp40
 70
     1
102
RTVSPost2010Prop41ColorIndex
 90
       18
102
RTVSPost2010Prop41ColorRGB
 90
        0
102
RTVSPost2010PropOp41
 70
     1
102
RTVSPost2010Prop42
 90
       50
102
RTVSPost2010PropOp42
 70
     1
102
RTVSPost2010Prop43
 90
        3
102
RTVSPost2010PropOp43
 70
     1
102
RTVSPost2010Prop44ColorIndex
 90
        5
102
RTVSPost2010Prop44ColorRGB
 90
      255
102
RTVSPost2010PropOp44
 70
     1
102
RTVSPost2010Prop45
280
     0
102
RTVSPost2010PropOp45
 70
     1
102
RTVSPost2010Prop46
 90
       50
102
RTVSPost2010PropOp46
 70
     1
102
RTVSPost2010Prop47
 90
       50
102
RTVSPost2010PropOp47
 70
     1
102
RTVSPost2010Prop48
 90
       50
102
RTVSPost2010PropOp48
 70
     1
102
RTVSPost2010Prop49
280
     0
102
RTVSPost2010PropOp49
 70
     1
102
RTVSPost2010Prop50
 90
       50
102
RTVSPost2010PropOp50
 70
     1
102
RTVSPost2010Prop51ColorIndex
 90
      256
102
RTVSPost2010Prop51ColorRGB
 90
-16777216
102
RTVSPost2010PropOp51
 70
     0
102
RTVSPost2010Prop52
140
1.0
102
RTVSPost2010PropOp52
 70
     0
102
RTVSPost2010Prop53
 90
        2
102
RTVSPost2010PropOp53
 70
     1
102
RTVSPost2010Prop54
  1
strokes_ogs.tif
102
RTVSPost2010PropOp54
 70
     1
102
RTVSPost2010Prop55
280
     0
102
RTVSPost2010PropOp55
 70
     1
102
RTVSPost2010Prop56
140
1.0
102
RTVSPost2010PropOp56
 70
     1
102
RTVSPost2010Prop57
140
1.0
102
RTVSPost2010PropOp57
 70
     1
  0
XRECORD
  5
BB
102
{ACAD_REACTORS
330
BA
102
}
330
BA
100
AcDbXrecord
280
     1
102
RTVSPropertyOp0
 70
     1
102
RTVSPropertyOp1
 70
     1
102
RTVSPropertyOp2
 70
     1
102
RTVSPropertyOp3
 70
     1
102
RTVSPropertyOp4
 70
     1
102
RTVSPropertyOp5
 70
     1
102
RTVSPropertyOp6
 70
     1
102
RTVSPropertyOp7
 70
     1
102
RTVSPropertyOp8
 70
     1
102
RTVSPropertyOp9
 70
     1
102
RTVSPropertyOp10
 70
     1
102
RTVSPropertyOp11
 70
     1
102
RTVSPropertyOp12
 70
     1
102
RTVSPropertyOp13
 70
     1
102
RTVSPropertyOp14
 70
     1
102
RTVSPropertyOp15
 70
     1
102
RTVSPropertyOp16
 70
     1
102
RTVSPropertyOp17
 70
     1
102
RTVSPropertyOp18
 70
     1
102
RTVSPropertyOp19
 70
     1
102
RTVSPropertyOp20
 70
     1
102
RTVSPropertyOp21
 70
     1
102
RTVSPropertyOp22
 70
     1
102
RTVSPropertyOp23
 70
     1
102
RTVSPropertyOp24
 70
     1
102
RTVSPropertyOp25
 70
     1
102
RTVSPropertyOp26
 70
     1
102
RTVSPropertyOp27
 70
     1
102
RTVSPropertyOp28
 70
     1
102
RTVSPropertyOp29
 70
     1
102
RTVSPropertyOp30
 70
     1
102
RTVSPropertyOp31
 70
     1
102
RTVSPropertyOp32
 70
     1
102
RTVSPropertyOp33
 70
     1
102
RTVSPropertyOp34
 70
     1
102
RTVSPropertyOp35
 70
     1
102
RTVSPropertyOp36
 70
     1
102
RTVSPropertyOp37
 70
     1
102
RTVSPropertyOp38
 70
     1
102
RTVSPropertyOp39
 70
     1
102
RTVSPropertyOp40
 70
     1
102
RTVSPropertyOp41
 70
     1
102
RTVSPropertyOp42
 70
     1
102
RTVSPropertyOp43
 70
     1
102
RTVSPropertyOp44
 70
     1
102
RTVSPropertyOp45
 70
     1
102
RTVSPropertyOp46
 70
     1
102
RTVSPropertyOp47
 70
     1
102
RTVSPropertyOp48
 70
     1
102
RTVSPropertyOp49
 70
     1
102
RTVSPropertyOp50
 70
     1
102
RTVSPropertyOp51
 70
     0
102
RTVSPropertyOp52
 70
     0
102
RTVSPropertyOp53
 70
     1
102
RTVSPropertyOp54
 70
     1
102
RTVSPropertyOp55
 70
     1
102
RTVSPropertyOp56
 70
     1
102
RTVSPropertyOp57
 70
     1
102
RTVSPost2010Prop28
280
     0
102
RTVSPost2010PropOp28
 70
     1
102
RTVSPost2010Prop29
280
     1
102
RTVSPost2010PropOp29
 70
     1
102
RTVSPost2010Prop30
280
     1
102
RTVSPost2010PropOp30
 70
     1
102
RTVSPost2010Prop31
280
     0
102
RTVSPost2010PropOp31
 70
     1
102
RTVSPost2010Prop32
280
     0
102
RTVSPost2010PropOp32
 70
     1
102
RTVSPost2010Prop33
280
     0
102
RTVSPost2010PropOp33
 70
     1
102
RTVSPost2010Prop34
280
     0
102
RTVSPost2010PropOp34
 70
     1
102
RTVSPost2010Prop35
280
     0
102
RTVSPost2010PropOp35
 70
     1
102
RTVSPost2010Prop36
280
     0
102
RTVSPost2010PropOp36
 70
     1
102
RTVSPost2010Prop37
 90
       50
102
RTVSPost2010PropOp37
 70
     1
102
RTVSPost2010Prop38
140
0.0
102
RTVSPost2010PropOp38
 70
     1
102
RTVSPost2010Prop39
140
1.0
102
RTVSPost2010PropOp39
 70
     1
102
RTVSPost2010Prop40
 90
        0
102
RTVSPost2010PropOp40
 70
     1
102
RTVSPost2010Prop41ColorIndex
 90
       18
102
RTVSPost2010Prop41ColorRGB
 90
        0
102
RTVSPost2010PropOp41
 70
     1
102
RTVSPost2010Prop42
 90
       50
102
RTVSPost2010PropOp42
 70
     1
102
RTVSPost2010Prop43
 90
        3
102
RTVSPost2010PropOp43
 70
     1
102
RTVSPost2010Prop44ColorIndex
 90
        5
102
RTVSPost2010Prop44ColorRGB
 90
      255
102
RTVSPost2010PropOp44
 70
     1
102
RTVSPost2010Prop45
280
     0
102
RTVSPost2010PropOp45
 70
     1
102
RTVSPost2010Prop46
 90
       50
102
RTVSPost2010PropOp46
 70
     1
102
RTVSPost2010Prop47
 90
       50
102
RTVSPost2010PropOp47
 70
     1
102
RTVSPost2010Prop48
 90
       50
102
RTVSPost2010PropOp48
 70
     1
102
RTVSPost2010Prop49
280
     0
102
RTVSPost2010PropOp49
 70
     1
102
RTVSPost2010Prop50
 90
       50
102
RTVSPost2010PropOp50
 70
     1
102
RTVSPost2010Prop51ColorIndex
 90
      256
102
RTVSPost2010Prop51ColorRGB
 90
-16777216
102
RTVSPost2010PropOp51
 70
     0
102
RTVSPost2010Prop52
140
1.0
102
RTVSPost2010PropOp52
 70
     0
102
RTVSPost2010Prop53
 90
        2
102
RTVSPost2010PropOp53
 70
     1
102
RTVSPost2010Prop54
  1
strokes_ogs.tif
102
RTVSPost2010PropOp54
 70
     1
102
RTVSPost2010Prop55
280
     0
102
RTVSPost2010PropOp55
 70
     1
102
RTVSPost2010Prop56
140
1.0
102
RTVSPost2010PropOp56
 70
     1
102
RTVSPost2010Prop57
140
1.0
102
RTVSPost2010PropOp57
 70
     1
  0
XRECORD
  5
BD
102
{ACAD_REACTORS
330
BC
102
}
330
BC
100
AcDbXrecord
280
     1
102
RTVSPropertyOp0
 70
     1
102
RTVSPropertyOp1
 70
     1
102
RTVSPropertyOp2
 70
     1
102
RTVSPropertyOp3
 70
     1
102
RTVSPropertyOp4
 70
     1
102
RTVSPropertyOp5
 70
     1
102
RTVSPropertyOp6
 70
     1
102
RTVSPropertyOp7
 70
     1
102
RTVSPropertyOp8
 70
     1
102
RTVSPropertyOp9
 70
     1
102
RTVSPropertyOp10
 70
     1
102
RTVSPropertyOp11
 70
     1
102
RTVSPropertyOp12
 70
     1
102
RTVSPropertyOp13
 70
     1
102
RTVSPropertyOp14
 70
     1
102
RTVSPropertyOp15
 70
     1
102
RTVSPropertyOp16
 70
     1
102
RTVSPropertyOp17
 70
     1
102
RTVSPropertyOp18
 70
     1
102
RTVSPropertyOp19
 70
     1
102
RTVSPropertyOp20
 70
     1
102
RTVSPropertyOp21
 70
     1
102
RTVSPropertyOp22
 70
     1
102
RTVSPropertyOp23
 70
     1
102
RTVSPropertyOp24
 70
     1
102
RTVSPropertyOp25
 70
     1
102
RTVSPropertyOp26
 70
     1
102
RTVSPropertyOp27
 70
     1
102
RTVSPropertyOp28
 70
     1
102
RTVSPropertyOp29
 70
     1
102
RTVSPropertyOp30
 70
     1
102
RTVSPropertyOp31
 70
     1
102
RTVSPropertyOp32
 70
     1
102
RTVSPropertyOp33
 70
     1
102
RTVSPropertyOp34
 70
     1
102
RTVSPropertyOp35
 70
     1
102
RTVSPropertyOp36
 70
     1
102
RTVSPropertyOp37
 70
     1
102
RTVSPropertyOp38
 70
     1
102
RTVSPropertyOp39
 70
     1
102
RTVSPropertyOp40
 70
     1
102
RTVSPropertyOp41
 70
     1
102
RTVSPropertyOp42
 70
     1
102
RTVSPropertyOp43
 70
     1
102
RTVSPropertyOp44
 70
     1
102
RTVSPropertyOp45
 70
     1
102
RTVSPropertyOp46
 70
     1
102
RTVSPropertyOp47
 70
     1
102
RTVSPropertyOp48
 70
     1
102
RTVSPropertyOp49
 70
     1
102
RTVSPropertyOp50
 70
     1
102
RTVSPropertyOp51
 70
     0
102
RTVSPropertyOp52
 70
     0
102
RTVSPropertyOp53
 70
     1
102
RTVSPropertyOp54
 70
     1
102
RTVSPropertyOp55
 70
     1
102
RTVSPropertyOp56
 70
     1
102
RTVSPropertyOp57
 70
     1
102
RTVSPost2010Prop28
280
     0
102
RTVSPost2010PropOp28
 70
     1
102
RTVSPost2010Prop29
280
     1
102
RTVSPost2010PropOp29
 70
     1
102
RTVSPost2010Prop30
280
     1
102
RTVSPost2010PropOp30
 70
     1
102
RTVSPost2010Prop31
280
     0
102
RTVSPost2010PropOp31
 70
     1
102
RTVSPost2010Prop32
280
     0
102
RTVSPost2010PropOp32
 70
     1
102
RTVSPost2010Prop33
280
     0
102
RTVSPost2010PropOp33
 70
     1
102
RTVSPost2010Prop34
280
     0
102
RTVSPost2010PropOp34
 70
     1
102
RTVSPost2010Prop35
280
     0
102
RTVSPost2010PropOp35
 70
     1
102
RTVSPost2010Prop36
280
     0
102
RTVSPost2010PropOp36
 70
     1
102
RTVSPost2010Prop37
 90
       50
102
RTVSPost2010PropOp37
 70
     1
102
RTVSPost2010Prop38
140
0.0
102
RTVSPost2010PropOp38
 70
     1
102
RTVSPost2010Prop39
140
1.0
102
RTVSPost2010PropOp39
 70
     1
102
RTVSPost2010Prop40
 90
        0
102
RTVSPost2010PropOp40
 70
     1
102
RTVSPost2010Prop41ColorIndex
 90
       18
102
RTVSPost2010Prop41ColorRGB
 90
        0
102
RTVSPost2010PropOp41
 70
     1
102
RTVSPost2010Prop42
 90
       50
102
RTVSPost2010PropOp42
 70
     1
102
RTVSPost2010Prop43
 90
        3
102
RTVSPost2010PropOp43
 70
     1
102
RTVSPost2010Prop44ColorIndex
 90
        5
102
RTVSPost2010Prop44ColorRGB
 90
      255
102
RTVSPost2010PropOp44
 70
     1
102
RTVSPost2010Prop45
280
     0
102
RTVSPost2010PropOp45
 70
     1
102
RTVSPost2010Prop46
 90
       50
102
RTVSPost2010PropOp46
 70
     1
102
RTVSPost2010Prop47
 90
       50
102
RTVSPost2010PropOp47
 70
     1
102
RTVSPost2010Prop48
 90
       50
102
RTVSPost2010PropOp48
 70
     1
102
RTVSPost2010Prop49
280
     0
102
RTVSPost2010PropOp49
 70
     1
102
RTVSPost2010Prop50
 90
       50
102
RTVSPost2010PropOp50
 70
     1
102
RTVSPost2010Prop51ColorIndex
 90
      256
102
RTVSPost2010Prop51ColorRGB
 90
-16777216
102
RTVSPost2010PropOp51
 70
     0
102
RTVSPost2010Prop52
140
1.0
102
RTVSPost2010PropOp52
 70
     0
102
RTVSPost2010Prop53
 90
        2
102
RTVSPost2010PropOp53
 70
     1
102
RTVSPost2010Prop54
  1
strokes_ogs.tif
102
RTVSPost2010PropOp54
 70
     1
102
RTVSPost2010Prop55
280
     0
102
RTVSPost2010PropOp55
 70
     1
102
RTVSPost2010Prop56
140
1.0
102
RTVSPost2010PropOp56
 70
     1
102
RTVSPost2010Prop57
140
1.0
102
RTVSPost2010PropOp57
 70
     1
  0
XRECORD
  5
CD
102
{ACAD_REACTORS
330
CC
102
}
330
CC
100
AcDbXrecord
280
     1
102
RTVSPropertyOp0
 70
     0
102
RTVSPropertyOp1
 70
     0
102
RTVSPropertyOp2
 70
     0
102
RTVSPropertyOp3
 70
     0
102
RTVSPropertyOp4
 70
     0
102
RTVSPropertyOp5
 70
     0
102
RTVSPropertyOp6
 70
     0
102
RTVSPropertyOp7
 70
     0
102
RTVSPropertyOp8
 70
     0
102
RTVSPropertyOp9
 70
     0
102
RTVSPropertyOp10
 70
     0
102
RTVSPropertyOp11
 70
     0
102
RTVSPropertyOp12
 70
     0
102
RTVSPropertyOp13
 70
     0
102
RTVSPropertyOp14
 70
     2
102
RTVSPropertyOp15
 70
     0
102
RTVSPropertyOp16
 70
     0
102
RTVSPropertyOp17
 70
     0
102
RTVSPropertyOp18
 70
     0
102
RTVSPropertyOp19
 70
     0
102
RTVSPropertyOp20
 70
     0
102
RTVSPropertyOp21
 70
     0
102
RTVSPropertyOp22
 70
     0
102
RTVSPropertyOp23
 70
     0
102
RTVSPropertyOp24
 70
     0
102
RTVSPropertyOp25
 70
     0
102
RTVSPropertyOp26
 70
     0
102
RTVSPropertyOp27
 70
     0
102
RTVSPropertyOp28
 70
     0
102
RTVSPropertyOp29
 70
     0
102
RTVSPropertyOp30
 70
     0
102
RTVSPropertyOp31
 70
     0
102
RTVSPropertyOp32
 70
     0
102
RTVSPropertyOp33
 70
     0
102
RTVSPropertyOp34
 70
     0
102
RTVSPropertyOp35
 70
     0
102
RTVSPropertyOp36
 70
     0
102
RTVSPropertyOp37
 70
     0
102
RTVSPropertyOp38
 70
     0
102
RTVSPropertyOp39
 70
     0
102
RTVSPropertyOp40
 70
     0
102
RTVSPropertyOp41
 70
     0
102
RTVSPropertyOp42
 70
     0
102
RTVSPropertyOp43
 70
     0
102
RTVSPropertyOp44
 70
     0
102
RTVSPropertyOp45
 70
     0
102
RTVSPropertyOp46
 70
     0
102
RTVSPropertyOp47
 70
     0
102
RTVSPropertyOp48
 70
     0
102
RTVSPropertyOp49
 70
     0
102
RTVSPropertyOp50
 70
     0
102
RTVSPropertyOp51
 70
     0
102
RTVSPropertyOp52
 70
     0
102
RTVSPropertyOp53
 70
     0
102
RTVSPropertyOp54
 70
     0
102
RTVSPropertyOp55
 70
     0
102
RTVSPropertyOp56
 70
     0
102
RTVSPropertyOp57
 70
     0
102
RTVSPost2010Prop28
280
     0
102
RTVSPost2010PropOp28
 70
     0
102
RTVSPost2010Prop29
280
     1
102
RTVSPost2010PropOp29
 70
     0
102
RTVSPost2010Prop30
280
     1
102
RTVSPost2010PropOp30
 70
     0
102
RTVSPost2010Prop31
280
     0
102
RTVSPost2010PropOp31
 70
     0
102
RTVSPost2010Prop32
280
     0
102
RTVSPost2010PropOp32
 70
     0
102
RTVSPost2010Prop33
280
     0
102
RTVSPost2010PropOp33
 70
     0
102
RTVSPost2010Prop34
280
     0
102
RTVSPost2010PropOp34
 70
     0
102
RTVSPost2010Prop35
280
     0
102
RTVSPost2010PropOp35
 70
     0
102
RTVSPost2010Prop36
280
     0
102
RTVSPost2010PropOp36
 70
     0
102
RTVSPost2010Prop37
 90
       50
102
RTVSPost2010PropOp37
 70
     0
102
RTVSPost2010Prop38
140
0.0
102
RTVSPost2010PropOp38
 70
     0
102
RTVSPost2010Prop39
140
1.0
102
RTVSPost2010PropOp39
 70
     0
102
RTVSPost2010Prop40
 90
        0
102
RTVSPost2010PropOp40
 70
     0
102
RTVSPost2010Prop41ColorIndex
 90
       18
102
RTVSPost2010Prop41ColorRGB
 90
        0
102
RTVSPost2010PropOp41
 70
     0
102
RTVSPost2010Prop42
 90
       50
102
RTVSPost2010PropOp42
 70
     0
102
RTVSPost2010Prop43
 90
        3
102
RTVSPost2010PropOp43
 70
     0
102
RTVSPost2010Prop44ColorIndex
 90
        5
102
RTVSPost2010Prop44ColorRGB
 90
      255
102
RTVSPost2010PropOp44
 70
     0
102
RTVSPost2010Prop45
280
     0
102
RTVSPost2010PropOp45
 70
     0
102
RTVSPost2010Prop46
 90
       50
102
RTVSPost2010PropOp46
 70
     0
102
RTVSPost2010Prop47
 90
       50
102
RTVSPost2010PropOp47
 70
     0
102
RTVSPost2010Prop48
 90
       50
102
RTVSPost2010PropOp48
 70
     0
102
RTVSPost2010Prop49
280
     0
102
RTVSPost2010PropOp49
 70
     0
102
RTVSPost2010Prop50
 90
       50
102
RTVSPost2010PropOp50
 70
     0
102
RTVSPost2010Prop51ColorIndex
 90
      256
102
RTVSPost2010Prop51ColorRGB
 90
-16777216
102
RTVSPost2010PropOp51
 70
     0
102
RTVSPost2010Prop52
140
1.0
102
RTVSPost2010PropOp52
 70
     0
102
RTVSPost2010Prop53
 90
        2
102
RTVSPost2010PropOp53
 70
     0
102
RTVSPost2010Prop54
  1
strokes_ogs.tif
102
RTVSPost2010PropOp54
 70
     0
102
RTVSPost2010Prop55
280
     0
102
RTVSPost2010PropOp55
 70
     0
102
RTVSPost2010Prop56
140
1.0
102
RTVSPost2010PropOp56
 70
     0
102
RTVSPost2010Prop57
140
1.0
102
RTVSPost2010PropOp57
 70
     0
  0
XRECORD
  5
C5
102
{ACAD_REACTORS
330
C4
102
}
330
C4
100
AcDbXrecord
280
     1
102
RTVSPropertyOp0
 70
     1
102
RTVSPropertyOp1
 70
     1
102
RTVSPropertyOp2
 70
     1
102
RTVSPropertyOp3
 70
     1
102
RTVSPropertyOp4
 70
     1
102
RTVSPropertyOp5
 70
     1
102
RTVSPropertyOp6
 70
     1
102
RTVSPropertyOp7
 70
     1
102
RTVSPropertyOp8
 70
     1
102
RTVSPropertyOp9
 70
     1
102
RTVSPropertyOp10
 70
     1
102
RTVSPropertyOp11
 70
     1
102
RTVSPropertyOp12
 70
     1
102
RTVSPropertyOp13
 70
     1
102
RTVSPropertyOp14
 70
     1
102
RTVSPropertyOp15
 70
     1
102
RTVSPropertyOp16
 70
     1
102
RTVSPropertyOp17
 70
     1
102
RTVSPropertyOp18
 70
     1
102
RTVSPropertyOp19
 70
     1
102
RTVSPropertyOp20
 70
     1
102
RTVSPropertyOp21
 70
     1
102
RTVSPropertyOp22
 70
     1
102
RTVSPropertyOp23
 70
     1
102
RTVSPropertyOp24
 70
     1
102
RTVSPropertyOp25
 70
     1
102
RTVSPropertyOp26
 70
     1
102
RTVSPropertyOp27
 70
     1
102
RTVSPropertyOp28
 70
     1
102
RTVSPropertyOp29
 70
     1
102
RTVSPropertyOp30
 70
     1
102
RTVSPropertyOp31
 70
     1
102
RTVSPropertyOp32
 70
     1
102
RTVSPropertyOp33
 70
     1
102
RTVSPropertyOp34
 70
     1
102
RTVSPropertyOp35
 70
     1
102
RTVSPropertyOp36
 70
     1
102
RTVSPropertyOp37
 70
     1
102
RTVSPropertyOp38
 70
     1
102
RTVSPropertyOp39
 70
     1
102
RTVSPropertyOp40
 70
     1
102
RTVSPropertyOp41
 70
     1
102
RTVSPropertyOp42
 70
     1
102
RTVSPropertyOp43
 70
     1
102
RTVSPropertyOp44
 70
     1
102
RTVSPropertyOp45
 70
     1
102
RTVSPropertyOp46
 70
     1
102
RTVSPropertyOp47
 70
     1
102
RTVSPropertyOp48
 70
     1
102
RTVSPropertyOp49
 70
     1
102
RTVSPropertyOp50
 70
     1
102
RTVSPropertyOp51
 70
     0
102
RTVSPropertyOp52
 70
     0
102
RTVSPropertyOp53
 70
     1
102
RTVSPropertyOp54
 70
     1
102
RTVSPropertyOp55
 70
     1
102
RTVSPropertyOp56
 70
     1
102
RTVSPropertyOp57
 70
     1
102
RTVSPost2010Prop28
280
     0
102
RTVSPost2010PropOp28
 70
     1
102
RTVSPost2010Prop29
280
     1
102
RTVSPost2010PropOp29
 70
     1
102
RTVSPost2010Prop30
280
     1
102
RTVSPost2010PropOp30
 70
     1
102
RTVSPost2010Prop31
280
     0
102
RTVSPost2010PropOp31
 70
     1
102
RTVSPost2010Prop32
280
     0
102
RTVSPost2010PropOp32
 70
     1
102
RTVSPost2010Prop33
280
     0
102
RTVSPost2010PropOp33
 70
     1
102
RTVSPost2010Prop34
280
     0
102
RTVSPost2010PropOp34
 70
     1
102
RTVSPost2010Prop35
280
     0
102
RTVSPost2010PropOp35
 70
     1
102
RTVSPost2010Prop36
280
     0
102
RTVSPost2010PropOp36
 70
     1
102
RTVSPost2010Prop37
 90
       50
102
RTVSPost2010PropOp37
 70
     1
102
RTVSPost2010Prop38
140
0.0
102
RTVSPost2010PropOp38
 70
     1
102
RTVSPost2010Prop39
140
1.0
102
RTVSPost2010PropOp39
 70
     1
102
RTVSPost2010Prop40
 90
        0
102
RTVSPost2010PropOp40
 70
     1
102
RTVSPost2010Prop41ColorIndex
 90
       18
102
RTVSPost2010Prop41ColorRGB
 90
        0
102
RTVSPost2010PropOp41
 70
     1
102
RTVSPost2010Prop42
 90
       50
102
RTVSPost2010PropOp42
 70
     1
102
RTVSPost2010Prop43
 90
        3
102
RTVSPost2010PropOp43
 70
     1
102
RTVSPost2010Prop44ColorIndex
 90
        5
102
RTVSPost2010Prop44ColorRGB
 90
      255
102
RTVSPost2010PropOp44
 70
     1
102
RTVSPost2010Prop45
280
     0
102
RTVSPost2010PropOp45
 70
     1
102
RTVSPost2010Prop46
 90
       50
102
RTVSPost2010PropOp46
 70
     1
102
RTVSPost2010Prop47
 90
       50
102
RTVSPost2010PropOp47
 70
     1
102
RTVSPost2010Prop48
 90
       50
102
RTVSPost2010PropOp48
 70
     1
102
RTVSPost2010Prop49
280
     0
102
RTVSPost2010PropOp49
 70
     1
102
RTVSPost2010Prop50
 90
       50
102
RTVSPost2010PropOp50
 70
     1
102
RTVSPost2010Prop51ColorIndex
 90
      256
102
RTVSPost2010Prop51ColorRGB
 90
-16777216
102
RTVSPost2010PropOp51
 70
     0
102
RTVSPost2010Prop52
140
1.0
102
RTVSPost2010PropOp52
 70
     0
102
RTVSPost2010Prop53
 90
        2
102
RTVSPost2010PropOp53
 70
     1
102
RTVSPost2010Prop54
  1
strokes_ogs.tif
102
RTVSPost2010PropOp54
 70
     1
102
RTVSPost2010Prop55
280
     0
102
RTVSPost2010PropOp55
 70
     1
102
RTVSPost2010Prop56
140
1.0
102
RTVSPost2010PropOp56
 70
     1
102
RTVSPost2010Prop57
140
1.0
102
RTVSPost2010PropOp57
 70
     1
  0
XRECORD
  5
A9
102
{ACAD_REACTORS
330
A8
102
}
330
A8
100
AcDbXrecord
280
     1
102
RTVSPropertyOp0
 70
     1
102
RTVSPropertyOp1
 70
     1
102
RTVSPropertyOp2
 70
     1
102
RTVSPropertyOp3
 70
     1
102
RTVSPropertyOp4
 70
     1
102
RTVSPropertyOp5
 70
     1
102
RTVSPropertyOp6
 70
     1
102
RTVSPropertyOp7
 70
     1
102
RTVSPropertyOp8
 70
     1
102
RTVSPropertyOp9
 70
     1
102
RTVSPropertyOp10
 70
     1
102
RTVSPropertyOp11
 70
     1
102
RTVSPropertyOp12
 70
     1
102
RTVSPropertyOp13
 70
     1
102
RTVSPropertyOp14
 70
     1
102
RTVSPropertyOp15
 70
     1
102
RTVSPropertyOp16
 70
     1
102
RTVSPropertyOp17
 70
     1
102
RTVSPropertyOp18
 70
     1
102
RTVSPropertyOp19
 70
     1
102
RTVSPropertyOp20
 70
     1
102
RTVSPropertyOp21
 70
     1
102
RTVSPropertyOp22
 70
     1
102
RTVSPropertyOp23
 70
     1
102
RTVSPropertyOp24
 70
     1
102
RTVSPropertyOp25
 70
     1
102
RTVSPropertyOp26
 70
     1
102
RTVSPropertyOp27
 70
     1
102
RTVSPropertyOp28
 70
     1
102
RTVSPropertyOp29
 70
     1
102
RTVSPropertyOp30
 70
     1
102
RTVSPropertyOp31
 70
     1
102
RTVSPropertyOp32
 70
     1
102
RTVSPropertyOp33
 70
     1
102
RTVSPropertyOp34
 70
     1
102
RTVSPropertyOp35
 70
     1
102
RTVSPropertyOp36
 70
     1
102
RTVSPropertyOp37
 70
     1
102
RTVSPropertyOp38
 70
     1
102
RTVSPropertyOp39
 70
     1
102
RTVSPropertyOp40
 70
     1
102
RTVSPropertyOp41
 70
     1
102
RTVSPropertyOp42
 70
     1
102
RTVSPropertyOp43
 70
     1
102
RTVSPropertyOp44
 70
     1
102
RTVSPropertyOp45
 70
     1
102
RTVSPropertyOp46
 70
     1
102
RTVSPropertyOp47
 70
     1
102
RTVSPropertyOp48
 70
     1
102
RTVSPropertyOp49
 70
     1
102
RTVSPropertyOp50
 70
     1
102
RTVSPropertyOp51
 70
     0
102
RTVSPropertyOp52
 70
     0
102
RTVSPropertyOp53
 70
     1
102
RTVSPropertyOp54
 70
     1
102
RTVSPropertyOp55
 70
     1
102
RTVSPropertyOp56
 70
     1
102
RTVSPropertyOp57
 70
     1
102
RTVSPost2010Prop28
280
     0
102
RTVSPost2010PropOp28
 70
     1
102
RTVSPost2010Prop29
280
     1
102
RTVSPost2010PropOp29
 70
     1
102
RTVSPost2010Prop30
280
     1
102
RTVSPost2010PropOp30
 70
     1
102
RTVSPost2010Prop31
280
     0
102
RTVSPost2010PropOp31
 70
     1
102
RTVSPost2010Prop32
280
     0
102
RTVSPost2010PropOp32
 70
     1
102
RTVSPost2010Prop33
280
     0
102
RTVSPost2010PropOp33
 70
     1
102
RTVSPost2010Prop34
280
     0
102
RTVSPost2010PropOp34
 70
     1
102
RTVSPost2010Prop35
280
     0
102
RTVSPost2010PropOp35
 70
     1
102
RTVSPost2010Prop36
280
     0
102
RTVSPost2010PropOp36
 70
     1
102
RTVSPost2010Prop37
 90
       50
102
RTVSPost2010PropOp37
 70
     1
102
RTVSPost2010Prop38
140
0.0
102
RTVSPost2010PropOp38
 70
     1
102
RTVSPost2010Prop39
140
1.0
102
RTVSPost2010PropOp39
 70
     1
102
RTVSPost2010Prop40
 90
        0
102
RTVSPost2010PropOp40
 70
     1
102
RTVSPost2010Prop41ColorIndex
 90
       18
102
RTVSPost2010Prop41ColorRGB
 90
        0
102
RTVSPost2010PropOp41
 70
     1
102
RTVSPost2010Prop42
 90
       50
102
RTVSPost2010PropOp42
 70
     1
102
RTVSPost2010Prop43
 90
        3
102
RTVSPost2010PropOp43
 70
     1
102
RTVSPost2010Prop44ColorIndex
 90
        5
102
RTVSPost2010Prop44ColorRGB
 90
      255
102
RTVSPost2010PropOp44
 70
     1
102
RTVSPost2010Prop45
280
     0
102
RTVSPost2010PropOp45
 70
     1
102
RTVSPost2010Prop46
 90
       50
102
RTVSPost2010PropOp46
 70
     1
102
RTVSPost2010Prop47
 90
       50
102
RTVSPost2010PropOp47
 70
     1
102
RTVSPost2010Prop48
 90
       50
102
RTVSPost2010PropOp48
 70
     1
102
RTVSPost2010Prop49
280
     0
102
RTVSPost2010PropOp49
 70
     1
102
RTVSPost2010Prop50
 90
       50
102
RTVSPost2010PropOp50
 70
     1
102
RTVSPost2010Prop51ColorIndex
 90
      256
102
RTVSPost2010Prop51ColorRGB
 90
-16777216
102
RTVSPost2010PropOp51
 70
     0
102
RTVSPost2010Prop52
140
1.0
102
RTVSPost2010PropOp52
 70
     0
102
RTVSPost2010Prop53
 90
        2
102
RTVSPost2010PropOp53
 70
     1
102
RTVSPost2010Prop54
  1
strokes_ogs.tif
102
RTVSPost2010PropOp54
 70
     1
102
RTVSPost2010Prop55
280
     0
102
RTVSPost2010PropOp55
 70
     1
102
RTVSPost2010Prop56
140
1.0
102
RTVSPost2010PropOp56
 70
     1
102
RTVSPost2010Prop57
140
1.0
102
RTVSPost2010PropOp57
 70
     1
  0
XRECORD
  5
AB
102
{ACAD_REACTORS
330
AA
102
}
330
AA
100
AcDbXrecord
280
     1
102
RTVSPropertyOp0
 70
     1
102
RTVSPropertyOp1
 70
     1
102
RTVSPropertyOp2
 70
     1
102
RTVSPropertyOp3
 70
     1
102
RTVSPropertyOp4
 70
     1
102
RTVSPropertyOp5
 70
     1
102
RTVSPropertyOp6
 70
     1
102
RTVSPropertyOp7
 70
     1
102
RTVSPropertyOp8
 70
     1
102
RTVSPropertyOp9
 70
     1
102
RTVSPropertyOp10
 70
     1
102
RTVSPropertyOp11
 70
     1
102
RTVSPropertyOp12
 70
     1
102
RTVSPropertyOp13
 70
     1
102
RTVSPropertyOp14
 70
     1
102
RTVSPropertyOp15
 70
     1
102
RTVSPropertyOp16
 70
     1
102
RTVSPropertyOp17
 70
     1
102
RTVSPropertyOp18
 70
     1
102
RTVSPropertyOp19
 70
     1
102
RTVSPropertyOp20
 70
     1
102
RTVSPropertyOp21
 70
     1
102
RTVSPropertyOp22
 70
     1
102
RTVSPropertyOp23
 70
     1
102
RTVSPropertyOp24
 70
     1
102
RTVSPropertyOp25
 70
     1
102
RTVSPropertyOp26
 70
     1
102
RTVSPropertyOp27
 70
     1
102
RTVSPropertyOp28
 70
     1
102
RTVSPropertyOp29
 70
     1
102
RTVSPropertyOp30
 70
     1
102
RTVSPropertyOp31
 70
     1
102
RTVSPropertyOp32
 70
     1
102
RTVSPropertyOp33
 70
     1
102
RTVSPropertyOp34
 70
     1
102
RTVSPropertyOp35
 70
     1
102
RTVSPropertyOp36
 70
     1
102
RTVSPropertyOp37
 70
     1
102
RTVSPropertyOp38
 70
     1
102
RTVSPropertyOp39
 70
     1
102
RTVSPropertyOp40
 70
     1
102
RTVSPropertyOp41
 70
     1
102
RTVSPropertyOp42
 70
     1
102
RTVSPropertyOp43
 70
     1
102
RTVSPropertyOp44
 70
     1
102
RTVSPropertyOp45
 70
     1
102
RTVSPropertyOp46
 70
     1
102
RTVSPropertyOp47
 70
     1
102
RTVSPropertyOp48
 70
     1
102
RTVSPropertyOp49
 70
     1
102
RTVSPropertyOp50
 70
     1
102
RTVSPropertyOp51
 70
     0
102
RTVSPropertyOp52
 70
     0
102
RTVSPropertyOp53
 70
     1
102
RTVSPropertyOp54
 70
     1
102
RTVSPropertyOp55
 70
     1
102
RTVSPropertyOp56
 70
     1
102
RTVSPropertyOp57
 70
     1
102
RTVSPost2010Prop28
280
     0
102
RTVSPost2010PropOp28
 70
     1
102
RTVSPost2010Prop29
280
     1
102
RTVSPost2010PropOp29
 70
     1
102
RTVSPost2010Prop30
280
     1
102
RTVSPost2010PropOp30
 70
     1
102
RTVSPost2010Prop31
280
     0
102
RTVSPost2010PropOp31
 70
     1
102
RTVSPost2010Prop32
280
     0
102
RTVSPost2010PropOp32
 70
     1
102
RTVSPost2010Prop33
280
     0
102
RTVSPost2010PropOp33
 70
     1
102
RTVSPost2010Prop34
280
     0
102
RTVSPost2010PropOp34
 70
     1
102
RTVSPost2010Prop35
280
     0
102
RTVSPost2010PropOp35
 70
     1
102
RTVSPost2010Prop36
280
     0
102
RTVSPost2010PropOp36
 70
     1
102
RTVSPost2010Prop37
 90
       50
102
RTVSPost2010PropOp37
 70
     1
102
RTVSPost2010Prop38
140
0.0
102
RTVSPost2010PropOp38
 70
     1
102
RTVSPost2010Prop39
140
1.0
102
RTVSPost2010PropOp39
 70
     1
102
RTVSPost2010Prop40
 90
        0
102
RTVSPost2010PropOp40
 70
     1
102
RTVSPost2010Prop41ColorIndex
 90
       18
102
RTVSPost2010Prop41ColorRGB
 90
        0
102
RTVSPost2010PropOp41
 70
     1
102
RTVSPost2010Prop42
 90
       50
102
RTVSPost2010PropOp42
 70
     1
102
RTVSPost2010Prop43
 90
        3
102
RTVSPost2010PropOp43
 70
     1
102
RTVSPost2010Prop44ColorIndex
 90
        5
102
RTVSPost2010Prop44ColorRGB
 90
      255
102
RTVSPost2010PropOp44
 70
     1
102
RTVSPost2010Prop45
280
     0
102
RTVSPost2010PropOp45
 70
     1
102
RTVSPost2010Prop46
 90
       50
102
RTVSPost2010PropOp46
 70
     1
102
RTVSPost2010Prop47
 90
       50
102
RTVSPost2010PropOp47
 70
     1
102
RTVSPost2010Prop48
 90
       50
102
RTVSPost2010PropOp48
 70
     1
102
RTVSPost2010Prop49
280
     0
102
RTVSPost2010PropOp49
 70
     1
102
RTVSPost2010Prop50
 90
       50
102
RTVSPost2010PropOp50
 70
     1
102
RTVSPost2010Prop51ColorIndex
 90
      256
102
RTVSPost2010Prop51ColorRGB
 90
-16777216
102
RTVSPost2010PropOp51
 70
     0
102
RTVSPost2010Prop52
140
1.0
102
RTVSPost2010PropOp52
 70
     0
102
RTVSPost2010Prop53
 90
        2
102
RTVSPost2010PropOp53
 70
     1
102
RTVSPost2010Prop54
  1
strokes_ogs.tif
102
RTVSPost2010PropOp54
 70
     1
102
RTVSPost2010Prop55
280
     0
102
RTVSPost2010PropOp55
 70
     1
102
RTVSPost2010Prop56
140
1.0
102
RTVSPost2010PropOp56
 70
     1
102
RTVSPost2010Prop57
140
1.0
102
RTVSPost2010PropOp57
 70
     1
  0
XRECORD
  5
AD
102
{ACAD_REACTORS
330
AC
102
}
330
AC
100
AcDbXrecord
280
     1
102
RTVSPropertyOp0
 70
     1
102
RTVSPropertyOp1
 70
     1
102
RTVSPropertyOp2
 70
     1
102
RTVSPropertyOp3
 70
     1
102
RTVSPropertyOp4
 70
     1
102
RTVSPropertyOp5
 70
     1
102
RTVSPropertyOp6
 70
     1
102
RTVSPropertyOp7
 70
     1
102
RTVSPropertyOp8
 70
     1
102
RTVSPropertyOp9
 70
     1
102
RTVSPropertyOp10
 70
     1
102
RTVSPropertyOp11
 70
     1
102
RTVSPropertyOp12
 70
     1
102
RTVSPropertyOp13
 70
     1
102
RTVSPropertyOp14
 70
     1
102
RTVSPropertyOp15
 70
     1
102
RTVSPropertyOp16
 70
     1
102
RTVSPropertyOp17
 70
     1
102
RTVSPropertyOp18
 70
     1
102
RTVSPropertyOp19
 70
     1
102
RTVSPropertyOp20
 70
     1
102
RTVSPropertyOp21
 70
     1
102
RTVSPropertyOp22
 70
     1
102
RTVSPropertyOp23
 70
     1
102
RTVSPropertyOp24
 70
     1
102
RTVSPropertyOp25
 70
     1
102
RTVSPropertyOp26
 70
     1
102
RTVSPropertyOp27
 70
     1
102
RTVSPropertyOp28
 70
     1
102
RTVSPropertyOp29
 70
     1
102
RTVSPropertyOp30
 70
     1
102
RTVSPropertyOp31
 70
     1
102
RTVSPropertyOp32
 70
     1
102
RTVSPropertyOp33
 70
     1
102
RTVSPropertyOp34
 70
     1
102
RTVSPropertyOp35
 70
     1
102
RTVSPropertyOp36
 70
     1
102
RTVSPropertyOp37
 70
     1
102
RTVSPropertyOp38
 70
     1
102
RTVSPropertyOp39
 70
     1
102
RTVSPropertyOp40
 70
     1
102
RTVSPropertyOp41
 70
     1
102
RTVSPropertyOp42
 70
     1
102
RTVSPropertyOp43
 70
     1
102
RTVSPropertyOp44
 70
     1
102
RTVSPropertyOp45
 70
     1
102
RTVSPropertyOp46
 70
     1
102
RTVSPropertyOp47
 70
     1
102
RTVSPropertyOp48
 70
     1
102
RTVSPropertyOp49
 70
     1
102
RTVSPropertyOp50
 70
     1
102
RTVSPropertyOp51
 70
     0
102
RTVSPropertyOp52
 70
     0
102
RTVSPropertyOp53
 70
     1
102
RTVSPropertyOp54
 70
     1
102
RTVSPropertyOp55
 70
     1
102
RTVSPropertyOp56
 70
     1
102
RTVSPropertyOp57
 70
     1
102
RTVSPost2010Prop28
280
     0
102
RTVSPost2010PropOp28
 70
     1
102
RTVSPost2010Prop29
280
     1
102
RTVSPost2010PropOp29
 70
     1
102
RTVSPost2010Prop30
280
     1
102
RTVSPost2010PropOp30
 70
     1
102
RTVSPost2010Prop31
280
     0
102
RTVSPost2010PropOp31
 70
     1
102
RTVSPost2010Prop32
280
     0
102
RTVSPost2010PropOp32
 70
     1
102
RTVSPost2010Prop33
280
     0
102
RTVSPost2010PropOp33
 70
     1
102
RTVSPost2010Prop34
280
     0
102
RTVSPost2010PropOp34
 70
     1
102
RTVSPost2010Prop35
280
     0
102
RTVSPost2010PropOp35
 70
     1
102
RTVSPost2010Prop36
280
     0
102
RTVSPost2010PropOp36
 70
     1
102
RTVSPost2010Prop37
 90
       50
102
RTVSPost2010PropOp37
 70
     1
102
RTVSPost2010Prop38
140
0.0
102
RTVSPost2010PropOp38
 70
     1
102
RTVSPost2010Prop39
140
1.0
102
RTVSPost2010PropOp39
 70
     1
102
RTVSPost2010Prop40
 90
        0
102
RTVSPost2010PropOp40
 70
     1
102
RTVSPost2010Prop41ColorIndex
 90
       18
102
RTVSPost2010Prop41ColorRGB
 90
        0
102
RTVSPost2010PropOp41
 70
     1
102
RTVSPost2010Prop42
 90
       50
102
RTVSPost2010PropOp42
 70
     1
102
RTVSPost2010Prop43
 90
        3
102
RTVSPost2010PropOp43
 70
     1
102
RTVSPost2010Prop44ColorIndex
 90
        5
102
RTVSPost2010Prop44ColorRGB
 90
      255
102
RTVSPost2010PropOp44
 70
     1
102
RTVSPost2010Prop45
280
     0
102
RTVSPost2010PropOp45
 70
     1
102
RTVSPost2010Prop46
 90
       50
102
RTVSPost2010PropOp46
 70
     1
102
RTVSPost2010Prop47
 90
       50
102
RTVSPost2010PropOp47
 70
     1
102
RTVSPost2010Prop48
 90
       50
102
RTVSPost2010PropOp48
 70
     1
102
RTVSPost2010Prop49
280
     0
102
RTVSPost2010PropOp49
 70
     1
102
RTVSPost2010Prop50
 90
       50
102
RTVSPost2010PropOp50
 70
     1
102
RTVSPost2010Prop51ColorIndex
 90
      256
102
RTVSPost2010Prop51ColorRGB
 90
-16777216
102
RTVSPost2010PropOp51
 70
     0
102
RTVSPost2010Prop52
140
1.0
102
RTVSPost2010PropOp52
 70
     0
102
RTVSPost2010Prop53
 90
        2
102
RTVSPost2010PropOp53
 70
     1
102
RTVSPost2010Prop54
  1
strokes_ogs.tif
102
RTVSPost2010PropOp54
 70
     1
102
RTVSPost2010Prop55
280
     0
102
RTVSPost2010PropOp55
 70
     1
102
RTVSPost2010Prop56
140
1.0
102
RTVSPost2010PropOp56
 70
     1
102
RTVSPost2010Prop57
140
1.0
102
RTVSPost2010PropOp57
 70
     1
  0
XRECORD
  5
AF
102
{ACAD_REACTORS
330
AE
102
}
330
AE
100
AcDbXrecord
280
     1
102
RTVSPropertyOp0
 70
     1
102
RTVSPropertyOp1
 70
     1
102
RTVSPropertyOp2
 70
     1
102
RTVSPropertyOp3
 70
     1
102
RTVSPropertyOp4
 70
     1
102
RTVSPropertyOp5
 70
     1
102
RTVSPropertyOp6
 70
     1
102
RTVSPropertyOp7
 70
     1
102
RTVSPropertyOp8
 70
     1
102
RTVSPropertyOp9
 70
     1
102
RTVSPropertyOp10
 70
     1
102
RTVSPropertyOp11
 70
     1
102
RTVSPropertyOp12
 70
     1
102
RTVSPropertyOp13
 70
     1
102
RTVSPropertyOp14
 70
     1
102
RTVSPropertyOp15
 70
     1
102
RTVSPropertyOp16
 70
     1
102
RTVSPropertyOp17
 70
     1
102
RTVSPropertyOp18
 70
     1
102
RTVSPropertyOp19
 70
     1
102
RTVSPropertyOp20
 70
     1
102
RTVSPropertyOp21
 70
     1
102
RTVSPropertyOp22
 70
     1
102
RTVSPropertyOp23
 70
     1
102
RTVSPropertyOp24
 70
     1
102
RTVSPropertyOp25
 70
     1
102
RTVSPropertyOp26
 70
     1
102
RTVSPropertyOp27
 70
     1
102
RTVSPropertyOp28
 70
     1
102
RTVSPropertyOp29
 70
     1
102
RTVSPropertyOp30
 70
     1
102
RTVSPropertyOp31
 70
     1
102
RTVSPropertyOp32
 70
     1
102
RTVSPropertyOp33
 70
     1
102
RTVSPropertyOp34
 70
     1
102
RTVSPropertyOp35
 70
     1
102
RTVSPropertyOp36
 70
     1
102
RTVSPropertyOp37
 70
     1
102
RTVSPropertyOp38
 70
     1
102
RTVSPropertyOp39
 70
     1
102
RTVSPropertyOp40
 70
     1
102
RTVSPropertyOp41
 70
     1
102
RTVSPropertyOp42
 70
     1
102
RTVSPropertyOp43
 70
     1
102
RTVSPropertyOp44
 70
     1
102
RTVSPropertyOp45
 70
     1
102
RTVSPropertyOp46
 70
     1
102
RTVSPropertyOp47
 70
     1
102
RTVSPropertyOp48
 70
     1
102
RTVSPropertyOp49
 70
     1
102
RTVSPropertyOp50
 70
     1
102
RTVSPropertyOp51
 70
     0
102
RTVSPropertyOp52
 70
     0
102
RTVSPropertyOp53
 70
     1
102
RTVSPropertyOp54
 70
     1
102
RTVSPropertyOp55
 70
     1
102
RTVSPropertyOp56
 70
     1
102
RTVSPropertyOp57
 70
     1
102
RTVSPost2010Prop28
280
     0
102
RTVSPost2010PropOp28
 70
     1
102
RTVSPost2010Prop29
280
     1
102
RTVSPost2010PropOp29
 70
     1
102
RTVSPost2010Prop30
280
     1
102
RTVSPost2010PropOp30
 70
     1
102
RTVSPost2010Prop31
280
     0
102
RTVSPost2010PropOp31
 70
     1
102
RTVSPost2010Prop32
280
     0
102
RTVSPost2010PropOp32
 70
     1
102
RTVSPost2010Prop33
280
     0
102
RTVSPost2010PropOp33
 70
     1
102
RTVSPost2010Prop34
280
     0
102
RTVSPost2010PropOp34
 70
     1
102
RTVSPost2010Prop35
280
     0
102
RTVSPost2010PropOp35
 70
     1
102
RTVSPost2010Prop36
280
     0
102
RTVSPost2010PropOp36
 70
     1
102
RTVSPost2010Prop37
 90
       50
102
RTVSPost2010PropOp37
 70
     1
102
RTVSPost2010Prop38
140
0.0
102
RTVSPost2010PropOp38
 70
     1
102
RTVSPost2010Prop39
140
1.0
102
RTVSPost2010PropOp39
 70
     1
102
RTVSPost2010Prop40
 90
        0
102
RTVSPost2010PropOp40
 70
     1
102
RTVSPost2010Prop41ColorIndex
 90
       18
102
RTVSPost2010Prop41ColorRGB
 90
        0
102
RTVSPost2010PropOp41
 70
     1
102
RTVSPost2010Prop42
 90
       50
102
RTVSPost2010PropOp42
 70
     1
102
RTVSPost2010Prop43
 90
        3
102
RTVSPost2010PropOp43
 70
     1
102
RTVSPost2010Prop44ColorIndex
 90
        5
102
RTVSPost2010Prop44ColorRGB
 90
      255
102
RTVSPost2010PropOp44
 70
     1
102
RTVSPost2010Prop45
280
     0
102
RTVSPost2010PropOp45
 70
     1
102
RTVSPost2010Prop46
 90
       50
102
RTVSPost2010PropOp46
 70
     1
102
RTVSPost2010Prop47
 90
       50
102
RTVSPost2010PropOp47
 70
     1
102
RTVSPost2010Prop48
 90
       50
102
RTVSPost2010PropOp48
 70
     1
102
RTVSPost2010Prop49
280
     0
102
RTVSPost2010PropOp49
 70
     1
102
RTVSPost2010Prop50
 90
       50
102
RTVSPost2010PropOp50
 70
     1
102
RTVSPost2010Prop51ColorIndex
 90
      256
102
RTVSPost2010Prop51ColorRGB
 90
-16777216
102
RTVSPost2010PropOp51
 70
     0
102
RTVSPost2010Prop52
140
1.0
102
RTVSPost2010PropOp52
 70
     0
102
RTVSPost2010Prop53
 90
        2
102
RTVSPost2010PropOp53
 70
     1
102
RTVSPost2010Prop54
  1
strokes_ogs.tif
102
RTVSPost2010PropOp54
 70
     1
102
RTVSPost2010Prop55
280
     0
102
RTVSPost2010PropOp55
 70
     1
102
RTVSPost2010Prop56
140
1.0
102
RTVSPost2010PropOp56
 70
     1
102
RTVSPost2010Prop57
140
1.0
102
RTVSPost2010PropOp57
 70
     1
  0
XRECORD
  5
B5
102
{ACAD_REACTORS
330
B4
102
}
330
B4
100
AcDbXrecord
280
     1
102
RTVSPropertyOp0
 70
     1
102
RTVSPropertyOp1
 70
     1
102
RTVSPropertyOp2
 70
     1
102
RTVSPropertyOp3
 70
     1
102
RTVSPropertyOp4
 70
     1
102
RTVSPropertyOp5
 70
     1
102
RTVSPropertyOp6
 70
     1
102
RTVSPropertyOp7
 70
     1
102
RTVSPropertyOp8
 70
     1
102
RTVSPropertyOp9
 70
     1
102
RTVSPropertyOp10
 70
     1
102
RTVSPropertyOp11
 70
     1
102
RTVSPropertyOp12
 70
     1
102
RTVSPropertyOp13
 70
     1
102
RTVSPropertyOp14
 70
     1
102
RTVSPropertyOp15
 70
     1
102
RTVSPropertyOp16
 70
     1
102
RTVSPropertyOp17
 70
     1
102
RTVSPropertyOp18
 70
     1
102
RTVSPropertyOp19
 70
     1
102
RTVSPropertyOp20
 70
     1
102
RTVSPropertyOp21
 70
     1
102
RTVSPropertyOp22
 70
     1
102
RTVSPropertyOp23
 70
     1
102
RTVSPropertyOp24
 70
     1
102
RTVSPropertyOp25
 70
     1
102
RTVSPropertyOp26
 70
     1
102
RTVSPropertyOp27
 70
     1
102
RTVSPropertyOp28
 70
     1
102
RTVSPropertyOp29
 70
     1
102
RTVSPropertyOp30
 70
     1
102
RTVSPropertyOp31
 70
     1
102
RTVSPropertyOp32
 70
     1
102
RTVSPropertyOp33
 70
     1
102
RTVSPropertyOp34
 70
     1
102
RTVSPropertyOp35
 70
     1
102
RTVSPropertyOp36
 70
     1
102
RTVSPropertyOp37
 70
     1
102
RTVSPropertyOp38
 70
     1
102
RTVSPropertyOp39
 70
     1
102
RTVSPropertyOp40
 70
     1
102
RTVSPropertyOp41
 70
     1
102
RTVSPropertyOp42
 70
     1
102
RTVSPropertyOp43
 70
     1
102
RTVSPropertyOp44
 70
     1
102
RTVSPropertyOp45
 70
     1
102
RTVSPropertyOp46
 70
     1
102
RTVSPropertyOp47
 70
     1
102
RTVSPropertyOp48
 70
     1
102
RTVSPropertyOp49
 70
     1
102
RTVSPropertyOp50
 70
     1
102
RTVSPropertyOp51
 70
     0
102
RTVSPropertyOp52
 70
     0
102
RTVSPropertyOp53
 70
     1
102
RTVSPropertyOp54
 70
     1
102
RTVSPropertyOp55
 70
     1
102
RTVSPropertyOp56
 70
     1
102
RTVSPropertyOp57
 70
     1
102
RTVSPost2010Prop28
280
     0
102
RTVSPost2010PropOp28
 70
     1
102
RTVSPost2010Prop29
280
     1
102
RTVSPost2010PropOp29
 70
     1
102
RTVSPost2010Prop30
280
     1
102
RTVSPost2010PropOp30
 70
     1
102
RTVSPost2010Prop31
280
     0
102
RTVSPost2010PropOp31
 70
     1
102
RTVSPost2010Prop32
280
     0
102
RTVSPost2010PropOp32
 70
     1
102
RTVSPost2010Prop33
280
     0
102
RTVSPost2010PropOp33
 70
     1
102
RTVSPost2010Prop34
280
     0
102
RTVSPost2010PropOp34
 70
     1
102
RTVSPost2010Prop35
280
     0
102
RTVSPost2010PropOp35
 70
     1
102
RTVSPost2010Prop36
280
     0
102
RTVSPost2010PropOp36
 70
     1
102
RTVSPost2010Prop37
 90
       50
102
RTVSPost2010PropOp37
 70
     1
102
RTVSPost2010Prop38
140
0.0
102
RTVSPost2010PropOp38
 70
     1
102
RTVSPost2010Prop39
140
1.0
102
RTVSPost2010PropOp39
 70
     1
102
RTVSPost2010Prop40
 90
        0
102
RTVSPost2010PropOp40
 70
     1
102
RTVSPost2010Prop41ColorIndex
 90
       18
102
RTVSPost2010Prop41ColorRGB
 90
        0
102
RTVSPost2010PropOp41
 70
     1
102
RTVSPost2010Prop42
 90
       50
102
RTVSPost2010PropOp42
 70
     1
102
RTVSPost2010Prop43
 90
        3
102
RTVSPost2010PropOp43
 70
     1
102
RTVSPost2010Prop44ColorIndex
 90
        5
102
RTVSPost2010Prop44ColorRGB
 90
      255
102
RTVSPost2010PropOp44
 70
     1
102
RTVSPost2010Prop45
280
     0
102
RTVSPost2010PropOp45
 70
     1
102
RTVSPost2010Prop46
 90
       50
102
RTVSPost2010PropOp46
 70
     1
102
RTVSPost2010Prop47
 90
       50
102
RTVSPost2010PropOp47
 70
     1
102
RTVSPost2010Prop48
 90
       50
102
RTVSPost2010PropOp48
 70
     1
102
RTVSPost2010Prop49
280
     0
102
RTVSPost2010PropOp49
 70
     1
102
RTVSPost2010Prop50
 90
       50
102
RTVSPost2010PropOp50
 70
     1
102
RTVSPost2010Prop51ColorIndex
 90
      256
102
RTVSPost2010Prop51ColorRGB
 90
-16777216
102
RTVSPost2010PropOp51
 70
     0
102
RTVSPost2010Prop52
140
1.0
102
RTVSPost2010PropOp52
 70
     0
102
RTVSPost2010Prop53
 90
        2
102
RTVSPost2010PropOp53
 70
     1
102
RTVSPost2010Prop54
  1
strokes_ogs.tif
102
RTVSPost2010PropOp54
 70
     1
102
RTVSPost2010Prop55
280
     0
102
RTVSPost2010PropOp55
 70
     1
102
RTVSPost2010Prop56
140
1.0
102
RTVSPost2010PropOp56
 70
     1
102
RTVSPost2010Prop57
140
1.0
102
RTVSPost2010PropOp57
 70
     1
  0
XRECORD
  5
C9
102
{ACAD_REACTORS
330
C8
102
}
330
C8
100
AcDbXrecord
280
     1
102
RTVSPropertyOp0
 70
     0
102
RTVSPropertyOp1
 70
     0
102
RTVSPropertyOp2
 70
     0
102
RTVSPropertyOp3
 70
     0
102
RTVSPropertyOp4
 70
     0
102
RTVSPropertyOp5
 70
     0
102
RTVSPropertyOp6
 70
     0
102
RTVSPropertyOp7
 70
     0
102
RTVSPropertyOp8
 70
     0
102
RTVSPropertyOp9
 70
     0
102
RTVSPropertyOp10
 70
     0
102
RTVSPropertyOp11
 70
     0
102
RTVSPropertyOp12
 70
     0
102
RTVSPropertyOp13
 70
     0
102
RTVSPropertyOp14
 70
     2
102
RTVSPropertyOp15
 70
     0
102
RTVSPropertyOp16
 70
     0
102
RTVSPropertyOp17
 70
     0
102
RTVSPropertyOp18
 70
     0
102
RTVSPropertyOp19
 70
     0
102
RTVSPropertyOp20
 70
     0
102
RTVSPropertyOp21
 70
     0
102
RTVSPropertyOp22
 70
     0
102
RTVSPropertyOp23
 70
     0
102
RTVSPropertyOp24
 70
     0
102
RTVSPropertyOp25
 70
     0
102
RTVSPropertyOp26
 70
     0
102
RTVSPropertyOp27
 70
     0
102
RTVSPropertyOp28
 70
     0
102
RTVSPropertyOp29
 70
     0
102
RTVSPropertyOp30
 70
     0
102
RTVSPropertyOp31
 70
     0
102
RTVSPropertyOp32
 70
     0
102
RTVSPropertyOp33
 70
     0
102
RTVSPropertyOp34
 70
     0
102
RTVSPropertyOp35
 70
     0
102
RTVSPropertyOp36
 70
     0
102
RTVSPropertyOp37
 70
     0
102
RTVSPropertyOp38
 70
     0
102
RTVSPropertyOp39
 70
     0
102
RTVSPropertyOp40
 70
     0
102
RTVSPropertyOp41
 70
     0
102
RTVSPropertyOp42
 70
     0
102
RTVSPropertyOp43
 70
     0
102
RTVSPropertyOp44
 70
     0
102
RTVSPropertyOp45
 70
     0
102
RTVSPropertyOp46
 70
     0
102
RTVSPropertyOp47
 70
     0
102
RTVSPropertyOp48
 70
     0
102
RTVSPropertyOp49
 70
     0
102
RTVSPropertyOp50
 70
     0
102
RTVSPropertyOp51
 70
     0
102
RTVSPropertyOp52
 70
     0
102
RTVSPropertyOp53
 70
     0
102
RTVSPropertyOp54
 70
     0
102
RTVSPropertyOp55
 70
     0
102
RTVSPropertyOp56
 70
     0
102
RTVSPropertyOp57
 70
     0
102
RTVSPost2010Prop28
280
     0
102
RTVSPost2010PropOp28
 70
     0
102
RTVSPost2010Prop29
280
     1
102
RTVSPost2010PropOp29
 70
     0
102
RTVSPost2010Prop30
280
     1
102
RTVSPost2010PropOp30
 70
     0
102
RTVSPost2010Prop31
280
     0
102
RTVSPost2010PropOp31
 70
     0
102
RTVSPost2010Prop32
280
     0
102
RTVSPost2010PropOp32
 70
     0
102
RTVSPost2010Prop33
280
     0
102
RTVSPost2010PropOp33
 70
     0
102
RTVSPost2010Prop34
280
     0
102
RTVSPost2010PropOp34
 70
     0
102
RTVSPost2010Prop35
280
     0
102
RTVSPost2010PropOp35
 70
     0
102
RTVSPost2010Prop36
280
     0
102
RTVSPost2010PropOp36
 70
     0
102
RTVSPost2010Prop37
 90
       50
102
RTVSPost2010PropOp37
 70
     0
102
RTVSPost2010Prop38
140
0.0
102
RTVSPost2010PropOp38
 70
     0
102
RTVSPost2010Prop39
140
1.0
102
RTVSPost2010PropOp39
 70
     0
102
RTVSPost2010Prop40
 90
        0
102
RTVSPost2010PropOp40
 70
     0
102
RTVSPost2010Prop41ColorIndex
 90
       18
102
RTVSPost2010Prop41ColorRGB
 90
        0
102
RTVSPost2010PropOp41
 70
     0
102
RTVSPost2010Prop42
 90
       50
102
RTVSPost2010PropOp42
 70
     0
102
RTVSPost2010Prop43
 90
        3
102
RTVSPost2010PropOp43
 70
     0
102
RTVSPost2010Prop44ColorIndex
 90
        5
102
RTVSPost2010Prop44ColorRGB
 90
      255
102
RTVSPost2010PropOp44
 70
     0
102
RTVSPost2010Prop45
280
     0
102
RTVSPost2010PropOp45
 70
     0
102
RTVSPost2010Prop46
 90
       50
102
RTVSPost2010PropOp46
 70
     0
102
RTVSPost2010Prop47
 90
       50
102
RTVSPost2010PropOp47
 70
     0
102
RTVSPost2010Prop48
 90
       50
102
RTVSPost2010PropOp48
 70
     0
102
RTVSPost2010Prop49
280
     0
102
RTVSPost2010PropOp49
 70
     0
102
RTVSPost2010Prop50
 90
       50
102
RTVSPost2010PropOp50
 70
     0
102
RTVSPost2010Prop51ColorIndex
 90
      256
102
RTVSPost2010Prop51ColorRGB
 90
-16777216
102
RTVSPost2010PropOp51
 70
     0
102
RTVSPost2010Prop52
140
1.0
102
RTVSPost2010PropOp52
 70
     0
102
RTVSPost2010Prop53
 90
        2
102
RTVSPost2010PropOp53
 70
     0
102
RTVSPost2010Prop54
  1
strokes_ogs.tif
102
RTVSPost2010PropOp54
 70
     0
102
RTVSPost2010Prop55
280
     0
102
RTVSPost2010PropOp55
 70
     0
102
RTVSPost2010Prop56
140
1.0
102
RTVSPost2010PropOp56
 70
     0
102
RTVSPost2010Prop57
140
1.0
102
RTVSPost2010PropOp57
 70
     0
  0
XRECORD
  5
C3
102
{ACAD_REACTORS
330
C2
102
}
330
C2
100
AcDbXrecord
280
     1
102
RTVSPropertyOp0
 70
     1
102
RTVSPropertyOp1
 70
     1
102
RTVSPropertyOp2
 70
     1
102
RTVSPropertyOp3
 70
     1
102
RTVSPropertyOp4
 70
     1
102
RTVSPropertyOp5
 70
     1
102
RTVSPropertyOp6
 70
     1
102
RTVSPropertyOp7
 70
     1
102
RTVSPropertyOp8
 70
     1
102
RTVSPropertyOp9
 70
     1
102
RTVSPropertyOp10
 70
     1
102
RTVSPropertyOp11
 70
     1
102
RTVSPropertyOp12
 70
     1
102
RTVSPropertyOp13
 70
     1
102
RTVSPropertyOp14
 70
     1
102
RTVSPropertyOp15
 70
     1
102
RTVSPropertyOp16
 70
     1
102
RTVSPropertyOp17
 70
     1
102
RTVSPropertyOp18
 70
     1
102
RTVSPropertyOp19
 70
     1
102
RTVSPropertyOp20
 70
     1
102
RTVSPropertyOp21
 70
     1
102
RTVSPropertyOp22
 70
     1
102
RTVSPropertyOp23
 70
     1
102
RTVSPropertyOp24
 70
     1
102
RTVSPropertyOp25
 70
     1
102
RTVSPropertyOp26
 70
     1
102
RTVSPropertyOp27
 70
     1
102
RTVSPropertyOp28
 70
     1
102
RTVSPropertyOp29
 70
     1
102
RTVSPropertyOp30
 70
     1
102
RTVSPropertyOp31
 70
     1
102
RTVSPropertyOp32
 70
     1
102
RTVSPropertyOp33
 70
     1
102
RTVSPropertyOp34
 70
     1
102
RTVSPropertyOp35
 70
     1
102
RTVSPropertyOp36
 70
     1
102
RTVSPropertyOp37
 70
     1
102
RTVSPropertyOp38
 70
     1
102
RTVSPropertyOp39
 70
     1
102
RTVSPropertyOp40
 70
     1
102
RTVSPropertyOp41
 70
     1
102
RTVSPropertyOp42
 70
     1
102
RTVSPropertyOp43
 70
     1
102
RTVSPropertyOp44
 70
     1
102
RTVSPropertyOp45
 70
     1
102
RTVSPropertyOp46
 70
     1
102
RTVSPropertyOp47
 70
     1
102
RTVSPropertyOp48
 70
     1
102
RTVSPropertyOp49
 70
     1
102
RTVSPropertyOp50
 70
     1
102
RTVSPropertyOp51
 70
     0
102
RTVSPropertyOp52
 70
     0
102
RTVSPropertyOp53
 70
     1
102
RTVSPropertyOp54
 70
     1
102
RTVSPropertyOp55
 70
     1
102
RTVSPropertyOp56
 70
     1
102
RTVSPropertyOp57
 70
     1
102
RTVSPost2010Prop28
280
     0
102
RTVSPost2010PropOp28
 70
     1
102
RTVSPost2010Prop29
280
     1
102
RTVSPost2010PropOp29
 70
     1
102
RTVSPost2010Prop30
280
     1
102
RTVSPost2010PropOp30
 70
     1
102
RTVSPost2010Prop31
280
     0
102
RTVSPost2010PropOp31
 70
     1
102
RTVSPost2010Prop32
280
     0
102
RTVSPost2010PropOp32
 70
     1
102
RTVSPost2010Prop33
280
     0
102
RTVSPost2010PropOp33
 70
     1
102
RTVSPost2010Prop34
280
     0
102
RTVSPost2010PropOp34
 70
     1
102
RTVSPost2010Prop35
280
     0
102
RTVSPost2010PropOp35
 70
     1
102
RTVSPost2010Prop36
280
     0
102
RTVSPost2010PropOp36
 70
     1
102
RTVSPost2010Prop37
 90
       50
102
RTVSPost2010PropOp37
 70
     1
102
RTVSPost2010Prop38
140
0.0
102
RTVSPost2010PropOp38
 70
     1
102
RTVSPost2010Prop39
140
1.0
102
RTVSPost2010PropOp39
 70
     1
102
RTVSPost2010Prop40
 90
        0
102
RTVSPost2010PropOp40
 70
     1
102
RTVSPost2010Prop41ColorIndex
 90
       18
102
RTVSPost2010Prop41ColorRGB
 90
        0
102
RTVSPost2010PropOp41
 70
     1
102
RTVSPost2010Prop42
 90
       50
102
RTVSPost2010PropOp42
 70
     1
102
RTVSPost2010Prop43
 90
        3
102
RTVSPost2010PropOp43
 70
     1
102
RTVSPost2010Prop44ColorIndex
 90
        5
102
RTVSPost2010Prop44ColorRGB
 90
      255
102
RTVSPost2010PropOp44
 70
     1
102
RTVSPost2010Prop45
280
     0
102
RTVSPost2010PropOp45
 70
     1
102
RTVSPost2010Prop46
 90
       50
102
RTVSPost2010PropOp46
 70
     1
102
RTVSPost2010Prop47
 90
       50
102
RTVSPost2010PropOp47
 70
     1
102
RTVSPost2010Prop48
 90
       50
102
RTVSPost2010PropOp48
 70
     1
102
RTVSPost2010Prop49
280
     0
102
RTVSPost2010PropOp49
 70
     1
102
RTVSPost2010Prop50
 90
       50
102
RTVSPost2010PropOp50
 70
     1
102
RTVSPost2010Prop51ColorIndex
 90
      256
102
RTVSPost2010Prop51ColorRGB
 90
-16777216
102
RTVSPost2010PropOp51
 70
     0
102
RTVSPost2010Prop52
140
1.0
102
RTVSPost2010PropOp52
 70
     0
102
RTVSPost2010Prop53
 90
        2
102
RTVSPost2010PropOp53
 70
     1
102
RTVSPost2010Prop54
  1
strokes_ogs.tif
102
RTVSPost2010PropOp54
 70
     1
102
RTVSPost2010Prop55
280
     0
102
RTVSPost2010PropOp55
 70
     1
102
RTVSPost2010Prop56
140
1.0
102
RTVSPost2010PropOp56
 70
     1
102
RTVSPost2010Prop57
140
1.0
102
RTVSPost2010PropOp57
 70
     1
  0
XRECORD
  5
CB
102
{ACAD_REACTORS
330
CA
102
}
330
CA
100
AcDbXrecord
280
     1
102
RTVSPropertyOp0
 70
     0
102
RTVSPropertyOp1
 70
     0
102
RTVSPropertyOp2
 70
     0
102
RTVSPropertyOp3
 70
     0
102
RTVSPropertyOp4
 70
     0
102
RTVSPropertyOp5
 70
     0
102
RTVSPropertyOp6
 70
     0
102
RTVSPropertyOp7
 70
     0
102
RTVSPropertyOp8
 70
     0
102
RTVSPropertyOp9
 70
     0
102
RTVSPropertyOp10
 70
     0
102
RTVSPropertyOp11
 70
     0
102
RTVSPropertyOp12
 70
     0
102
RTVSPropertyOp13
 70
     0
102
RTVSPropertyOp14
 70
     2
102
RTVSPropertyOp15
 70
     0
102
RTVSPropertyOp16
 70
     0
102
RTVSPropertyOp17
 70
     0
102
RTVSPropertyOp18
 70
     0
102
RTVSPropertyOp19
 70
     0
102
RTVSPropertyOp20
 70
     0
102
RTVSPropertyOp21
 70
     0
102
RTVSPropertyOp22
 70
     0
102
RTVSPropertyOp23
 70
     0
102
RTVSPropertyOp24
 70
     0
102
RTVSPropertyOp25
 70
     0
102
RTVSPropertyOp26
 70
     0
102
RTVSPropertyOp27
 70
     0
102
RTVSPropertyOp28
 70
     0
102
RTVSPropertyOp29
 70
     0
102
RTVSPropertyOp30
 70
     0
102
RTVSPropertyOp31
 70
     0
102
RTVSPropertyOp32
 70
     0
102
RTVSPropertyOp33
 70
     0
102
RTVSPropertyOp34
 70
     0
102
RTVSPropertyOp35
 70
     0
102
RTVSPropertyOp36
 70
     0
102
RTVSPropertyOp37
 70
     0
102
RTVSPropertyOp38
 70
     0
102
RTVSPropertyOp39
 70
     0
102
RTVSPropertyOp40
 70
     0
102
RTVSPropertyOp41
 70
     0
102
RTVSPropertyOp42
 70
     0
102
RTVSPropertyOp43
 70
     0
102
RTVSPropertyOp44
 70
     0
102
RTVSPropertyOp45
 70
     0
102
RTVSPropertyOp46
 70
     0
102
RTVSPropertyOp47
 70
     0
102
RTVSPropertyOp48
 70
     0
102
RTVSPropertyOp49
 70
     0
102
RTVSPropertyOp50
 70
     0
102
RTVSPropertyOp51
 70
     0
102
RTVSPropertyOp52
 70
     0
102
RTVSPropertyOp53
 70
     0
102
RTVSPropertyOp54
 70
     0
102
RTVSPropertyOp55
 70
     0
102
RTVSPropertyOp56
 70
     0
102
RTVSPropertyOp57
 70
     0
102
RTVSPost2010Prop28
280
     0
102
RTVSPost2010PropOp28
 70
     0
102
RTVSPost2010Prop29
280
     1
102
RTVSPost2010PropOp29
 70
     0
102
RTVSPost2010Prop30
280
     1
102
RTVSPost2010PropOp30
 70
     0
102
RTVSPost2010Prop31
280
     0
102
RTVSPost2010PropOp31
 70
     0
102
RTVSPost2010Prop32
280
     0
102
RTVSPost2010PropOp32
 70
     0
102
RTVSPost2010Prop33
280
     0
102
RTVSPost2010PropOp33
 70
     0
102
RTVSPost2010Prop34
280
     0
102
RTVSPost2010PropOp34
 70
     0
102
RTVSPost2010Prop35
280
     0
102
RTVSPost2010PropOp35
 70
     0
102
RTVSPost2010Prop36
280
     0
102
RTVSPost2010PropOp36
 70
     0
102
RTVSPost2010Prop37
 90
       50
102
RTVSPost2010PropOp37
 70
     0
102
RTVSPost2010Prop38
140
0.0
102
RTVSPost2010PropOp38
 70
     0
102
RTVSPost2010Prop39
140
1.0
102
RTVSPost2010PropOp39
 70
     0
102
RTVSPost2010Prop40
 90
        0
102
RTVSPost2010PropOp40
 70
     0
102
RTVSPost2010Prop41ColorIndex
 90
       18
102
RTVSPost2010Prop41ColorRGB
 90
        0
102
RTVSPost2010PropOp41
 70
     0
102
RTVSPost2010Prop42
 90
       50
102
RTVSPost2010PropOp42
 70
     0
102
RTVSPost2010Prop43
 90
        3
102
RTVSPost2010PropOp43
 70
     0
102
RTVSPost2010Prop44ColorIndex
 90
        5
102
RTVSPost2010Prop44ColorRGB
 90
      255
102
RTVSPost2010PropOp44
 70
     0
102
RTVSPost2010Prop45
280
     0
102
RTVSPost2010PropOp45
 70
     0
102
RTVSPost2010Prop46
 90
       50
102
RTVSPost2010PropOp46
 70
     0
102
RTVSPost2010Prop47
 90
       50
102
RTVSPost2010PropOp47
 70
     0
102
RTVSPost2010Prop48
 90
       50
102
RTVSPost2010PropOp48
 70
     0
102
RTVSPost2010Prop49
280
     0
102
RTVSPost2010PropOp49
 70
     0
102
RTVSPost2010Prop50
 90
       50
102
RTVSPost2010PropOp50
 70
     0
102
RTVSPost2010Prop51ColorIndex
 90
      256
102
RTVSPost2010Prop51ColorRGB
 90
-16777216
102
RTVSPost2010PropOp51
 70
     0
102
RTVSPost2010Prop52
140
1.0
102
RTVSPost2010PropOp52
 70
     0
102
RTVSPost2010Prop53
 90
        2
102
RTVSPost2010PropOp53
 70
     0
102
RTVSPost2010Prop54
  1
strokes_ogs.tif
102
RTVSPost2010PropOp54
 70
     0
102
RTVSPost2010Prop55
280
     0
102
RTVSPost2010PropOp55
 70
     0
102
RTVSPost2010Prop56
140
1.0
102
RTVSPost2010PropOp56
 70
     0
102
RTVSPost2010Prop57
140
1.0
102
RTVSPost2010PropOp57
 70
     0
  0
XRECORD
  5
B9
102
{ACAD_REACTORS
330
B8
102
}
330
B8
100
AcDbXrecord
280
     1
102
RTVSPropertyOp0
 70
     1
102
RTVSPropertyOp1
 70
     1
102
RTVSPropertyOp2
 70
     1
102
RTVSPropertyOp3
 70
     1
102
RTVSPropertyOp4
 70
     1
102
RTVSPropertyOp5
 70
     1
102
RTVSPropertyOp6
 70
     1
102
RTVSPropertyOp7
 70
     1
102
RTVSPropertyOp8
 70
     1
102
RTVSPropertyOp9
 70
     1
102
RTVSPropertyOp10
 70
     1
102
RTVSPropertyOp11
 70
     1
102
RTVSPropertyOp12
 70
     1
102
RTVSPropertyOp13
 70
     1
102
RTVSPropertyOp14
 70
     1
102
RTVSPropertyOp15
 70
     1
102
RTVSPropertyOp16
 70
     1
102
RTVSPropertyOp17
 70
     1
102
RTVSPropertyOp18
 70
     1
102
RTVSPropertyOp19
 70
     1
102
RTVSPropertyOp20
 70
     1
102
RTVSPropertyOp21
 70
     1
102
RTVSPropertyOp22
 70
     1
102
RTVSPropertyOp23
 70
     1
102
RTVSPropertyOp24
 70
     1
102
RTVSPropertyOp25
 70
     1
102
RTVSPropertyOp26
 70
     1
102
RTVSPropertyOp27
 70
     1
102
RTVSPropertyOp28
 70
     1
102
RTVSPropertyOp29
 70
     1
102
RTVSPropertyOp30
 70
     1
102
RTVSPropertyOp31
 70
     1
102
RTVSPropertyOp32
 70
     1
102
RTVSPropertyOp33
 70
     1
102
RTVSPropertyOp34
 70
     1
102
RTVSPropertyOp35
 70
     1
102
RTVSPropertyOp36
 70
     1
102
RTVSPropertyOp37
 70
     1
102
RTVSPropertyOp38
 70
     1
102
RTVSPropertyOp39
 70
     1
102
RTVSPropertyOp40
 70
     1
102
RTVSPropertyOp41
 70
     1
102
RTVSPropertyOp42
 70
     1
102
RTVSPropertyOp43
 70
     1
102
RTVSPropertyOp44
 70
     1
102
RTVSPropertyOp45
 70
     1
102
RTVSPropertyOp46
 70
     1
102
RTVSPropertyOp47
 70
     1
102
RTVSPropertyOp48
 70
     1
102
RTVSPropertyOp49
 70
     1
102
RTVSPropertyOp50
 70
     1
102
RTVSPropertyOp51
 70
     0
102
RTVSPropertyOp52
 70
     0
102
RTVSPropertyOp53
 70
     1
102
RTVSPropertyOp54
 70
     1
102
RTVSPropertyOp55
 70
     1
102
RTVSPropertyOp56
 70
     1
102
RTVSPropertyOp57
 70
     1
102
RTVSPost2010Prop28
280
     0
102
RTVSPost2010PropOp28
 70
     1
102
RTVSPost2010Prop29
280
     1
102
RTVSPost2010PropOp29
 70
     1
102
RTVSPost2010Prop30
280
     1
102
RTVSPost2010PropOp30
 70
     1
102
RTVSPost2010Prop31
280
     0
102
RTVSPost2010PropOp31
 70
     1
102
RTVSPost2010Prop32
280
     0
102
RTVSPost2010PropOp32
 70
     1
102
RTVSPost2010Prop33
280
     0
102
RTVSPost2010PropOp33
 70
     1
102
RTVSPost2010Prop34
280
     0
102
RTVSPost2010PropOp34
 70
     1
102
RTVSPost2010Prop35
280
     0
102
RTVSPost2010PropOp35
 70
     1
102
RTVSPost2010Prop36
280
     0
102
RTVSPost2010PropOp36
 70
     1
102
RTVSPost2010Prop37
 90
       50
102
RTVSPost2010PropOp37
 70
     1
102
RTVSPost2010Prop38
140
0.0
102
RTVSPost2010PropOp38
 70
     1
102
RTVSPost2010Prop39
140
1.0
102
RTVSPost2010PropOp39
 70
     1
102
RTVSPost2010Prop40
 90
        0
102
RTVSPost2010PropOp40
 70
     1
102
RTVSPost2010Prop41ColorIndex
 90
       18
102
RTVSPost2010Prop41ColorRGB
 90
        0
102
RTVSPost2010PropOp41
 70
     1
102
RTVSPost2010Prop42
 90
       50
102
RTVSPost2010PropOp42
 70
     1
102
RTVSPost2010Prop43
 90
        3
102
RTVSPost2010PropOp43
 70
     1
102
RTVSPost2010Prop44ColorIndex
 90
        5
102
RTVSPost2010Prop44ColorRGB
 90
      255
102
RTVSPost2010PropOp44
 70
     1
102
RTVSPost2010Prop45
280
     0
102
RTVSPost2010PropOp45
 70
     1
102
RTVSPost2010Prop46
 90
       50
102
RTVSPost2010PropOp46
 70
     1
102
RTVSPost2010Prop47
 90
       50
102
RTVSPost2010PropOp47
 70
     1
102
RTVSPost2010Prop48
 90
       50
102
RTVSPost2010PropOp48
 70
     1
102
RTVSPost2010Prop49
280
     0
102
RTVSPost2010PropOp49
 70
     1
102
RTVSPost2010Prop50
 90
       50
102
RTVSPost2010PropOp50
 70
     1
102
RTVSPost2010Prop51ColorIndex
 90
      256
102
RTVSPost2010Prop51ColorRGB
 90
-16777216
102
RTVSPost2010PropOp51
 70
     0
102
RTVSPost2010Prop52
140
1.0
102
RTVSPost2010PropOp52
 70
     0
102
RTVSPost2010Prop53
 90
        2
102
RTVSPost2010PropOp53
 70
     1
102
RTVSPost2010Prop54
  1
strokes_ogs.tif
102
RTVSPost2010PropOp54
 70
     1
102
RTVSPost2010Prop55
280
     0
102
RTVSPost2010PropOp55
 70
     1
102
RTVSPost2010Prop56
140
1.0
102
RTVSPost2010PropOp56
 70
     1
102
RTVSPost2010Prop57
140
1.0
102
RTVSPost2010PropOp57
 70
     1
  0
XRECORD
  5
D7
102
{ACAD_REACTORS
330
D6
102
}
330
D6
100
AcDbXrecord
280
     1
102
RTVSPropertyOp0
 70
     1
102
RTVSPropertyOp1
 70
     1
102
RTVSPropertyOp2
 70
     1
102
RTVSPropertyOp3
 70
     1
102
RTVSPropertyOp4
 70
     1
102
RTVSPropertyOp5
 70
     1
102
RTVSPropertyOp6
 70
     1
102
RTVSPropertyOp7
 70
     1
102
RTVSPropertyOp8
 70
     1
102
RTVSPropertyOp9
 70
     1
102
RTVSPropertyOp10
 70
     1
102
RTVSPropertyOp11
 70
     1
102
RTVSPropertyOp12
 70
     1
102
RTVSPropertyOp13
 70
     1
102
RTVSPropertyOp14
 70
     1
102
RTVSPropertyOp15
 70
     1
102
RTVSPropertyOp16
 70
     1
102
RTVSPropertyOp17
 70
     1
102
RTVSPropertyOp18
 70
     1
102
RTVSPropertyOp19
 70
     1
102
RTVSPropertyOp20
 70
     1
102
RTVSPropertyOp21
 70
     1
102
RTVSPropertyOp22
 70
     1
102
RTVSPropertyOp23
 70
     1
102
RTVSPropertyOp24
 70
     1
102
RTVSPropertyOp25
 70
     1
102
RTVSPropertyOp26
 70
     1
102
RTVSPropertyOp27
 70
     1
102
RTVSPropertyOp28
 70
     1
102
RTVSPropertyOp29
 70
     1
102
RTVSPropertyOp30
 70
     1
102
RTVSPropertyOp31
 70
     1
102
RTVSPropertyOp32
 70
     1
102
RTVSPropertyOp33
 70
     1
102
RTVSPropertyOp34
 70
     1
102
RTVSPropertyOp35
 70
     1
102
RTVSPropertyOp36
 70
     1
102
RTVSPropertyOp37
 70
     1
102
RTVSPropertyOp38
 70
     1
102
RTVSPropertyOp39
 70
     1
102
RTVSPropertyOp40
 70
     1
102
RTVSPropertyOp41
 70
     1
102
RTVSPropertyOp42
 70
     1
102
RTVSPropertyOp43
 70
     1
102
RTVSPropertyOp44
 70
     1
102
RTVSPropertyOp45
 70
     1
102
RTVSPropertyOp46
 70
     1
102
RTVSPropertyOp47
 70
     1
102
RTVSPropertyOp48
 70
     1
102
RTVSPropertyOp49
 70
     1
102
RTVSPropertyOp50
 70
     1
102
RTVSPropertyOp51
 70
     0
102
RTVSPropertyOp52
 70
     0
102
RTVSPropertyOp53
 70
     1
102
RTVSPropertyOp54
 70
     1
102
RTVSPropertyOp55
 70
     1
102
RTVSPropertyOp56
 70
     1
102
RTVSPropertyOp57
 70
     1
102
RTVSPost2010Prop28
280
     0
102
RTVSPost2010PropOp28
 70
     1
102
RTVSPost2010Prop29
280
     1
102
RTVSPost2010PropOp29
 70
     1
102
RTVSPost2010Prop30
280
     1
102
RTVSPost2010PropOp30
 70
     1
102
RTVSPost2010Prop31
280
     0
102
RTVSPost2010PropOp31
 70
     1
102
RTVSPost2010Prop32
280
     0
102
RTVSPost2010PropOp32
 70
     1
102
RTVSPost2010Prop33
280
     0
102
RTVSPost2010PropOp33
 70
     1
102
RTVSPost2010Prop34
280
     0
102
RTVSPost2010PropOp34
 70
     1
102
RTVSPost2010Prop35
280
     0
102
RTVSPost2010PropOp35
 70
     1
102
RTVSPost2010Prop36
280
     0
102
RTVSPost2010PropOp36
 70
     1
102
RTVSPost2010Prop37
 90
       50
102
RTVSPost2010PropOp37
 70
     1
102
RTVSPost2010Prop38
140
0.0
102
RTVSPost2010PropOp38
 70
     1
102
RTVSPost2010Prop39
140
1.0
102
RTVSPost2010PropOp39
 70
     1
102
RTVSPost2010Prop40
 90
        0
102
RTVSPost2010PropOp40
 70
     1
102
RTVSPost2010Prop41ColorIndex
 90
       18
102
RTVSPost2010Prop41ColorRGB
 90
        0
102
RTVSPost2010PropOp41
 70
     1
102
RTVSPost2010Prop42
 90
       50
102
RTVSPost2010PropOp42
 70
     1
102
RTVSPost2010Prop43
 90
        3
102
RTVSPost2010PropOp43
 70
     1
102
RTVSPost2010Prop44ColorIndex
 90
        5
102
RTVSPost2010Prop44ColorRGB
 90
      255
102
RTVSPost2010PropOp44
 70
     1
102
RTVSPost2010Prop45
280
     0
102
RTVSPost2010PropOp45
 70
     1
102
RTVSPost2010Prop46
 90
       50
102
RTVSPost2010PropOp46
 70
     1
102
RTVSPost2010Prop47
 90
       50
102
RTVSPost2010PropOp47
 70
     1
102
RTVSPost2010Prop48
 90
       50
102
RTVSPost2010PropOp48
 70
     1
102
RTVSPost2010Prop49
280
     0
102
RTVSPost2010PropOp49
 70
     1
102
RTVSPost2010Prop50
 90
       50
102
RTVSPost2010PropOp50
 70
     1
102
RTVSPost2010Prop51ColorIndex
 90
      256
102
RTVSPost2010Prop51ColorRGB
 90
-16777216
102
RTVSPost2010PropOp51
 70
     0
102
RTVSPost2010Prop52
140
1.0
102
RTVSPost2010PropOp52
 70
     0
102
RTVSPost2010Prop53
 90
        2
102
RTVSPost2010PropOp53
 70
     1
102
RTVSPost2010Prop54
  1
strokes_ogs.tif
102
RTVSPost2010PropOp54
 70
     1
102
RTVSPost2010Prop55
280
     0
102
RTVSPost2010PropOp55
 70
     1
102
RTVSPost2010Prop56
140
1.0
102
RTVSPost2010PropOp56
 70
     1
102
RTVSPost2010Prop57
140
1.0
102
RTVSPost2010PropOp57
 70
     1
  0
XRECORD
  5
D5
102
{ACAD_REACTORS
330
D4
102
}
330
D4
100
AcDbXrecord
280
     1
102
RTVSPropertyOp0
 70
     1
102
RTVSPropertyOp1
 70
     1
102
RTVSPropertyOp2
 70
     1
102
RTVSPropertyOp3
 70
     1
102
RTVSPropertyOp4
 70
     1
102
RTVSPropertyOp5
 70
     1
102
RTVSPropertyOp6
 70
     1
102
RTVSPropertyOp7
 70
     1
102
RTVSPropertyOp8
 70
     1
102
RTVSPropertyOp9
 70
     1
102
RTVSPropertyOp10
 70
     1
102
RTVSPropertyOp11
 70
     1
102
RTVSPropertyOp12
 70
     1
102
RTVSPropertyOp13
 70
     1
102
RTVSPropertyOp14
 70
     1
102
RTVSPropertyOp15
 70
     1
102
RTVSPropertyOp16
 70
     1
102
RTVSPropertyOp17
 70
     1
102
RTVSPropertyOp18
 70
     1
102
RTVSPropertyOp19
 70
     1
102
RTVSPropertyOp20
 70
     1
102
RTVSPropertyOp21
 70
     1
102
RTVSPropertyOp22
 70
     1
102
RTVSPropertyOp23
 70
     1
102
RTVSPropertyOp24
 70
     1
102
RTVSPropertyOp25
 70
     1
102
RTVSPropertyOp26
 70
     1
102
RTVSPropertyOp27
 70
     1
102
RTVSPropertyOp28
 70
     1
102
RTVSPropertyOp29
 70
     1
102
RTVSPropertyOp30
 70
     1
102
RTVSPropertyOp31
 70
     1
102
RTVSPropertyOp32
 70
     1
102
RTVSPropertyOp33
 70
     1
102
RTVSPropertyOp34
 70
     1
102
RTVSPropertyOp35
 70
     1
102
RTVSPropertyOp36
 70
     1
102
RTVSPropertyOp37
 70
     1
102
RTVSPropertyOp38
 70
     1
102
RTVSPropertyOp39
 70
     1
102
RTVSPropertyOp40
 70
     1
102
RTVSPropertyOp41
 70
     1
102
RTVSPropertyOp42
 70
     1
102
RTVSPropertyOp43
 70
     1
102
RTVSPropertyOp44
 70
     1
102
RTVSPropertyOp45
 70
     1
102
RTVSPropertyOp46
 70
     1
102
RTVSPropertyOp47
 70
     1
102
RTVSPropertyOp48
 70
     1
102
RTVSPropertyOp49
 70
     1
102
RTVSPropertyOp50
 70
     1
102
RTVSPropertyOp51
 70
     0
102
RTVSPropertyOp52
 70
     0
102
RTVSPropertyOp53
 70
     1
102
RTVSPropertyOp54
 70
     1
102
RTVSPropertyOp55
 70
     1
102
RTVSPropertyOp56
 70
     1
102
RTVSPropertyOp57
 70
     1
102
RTVSPost2010Prop28
280
     0
102
RTVSPost2010PropOp28
 70
     1
102
RTVSPost2010Prop29
280
     1
102
RTVSPost2010PropOp29
 70
     1
102
RTVSPost2010Prop30
280
     1
102
RTVSPost2010PropOp30
 70
     1
102
RTVSPost2010Prop31
280
     0
102
RTVSPost2010PropOp31
 70
     1
102
RTVSPost2010Prop32
280
     0
102
RTVSPost2010PropOp32
 70
     1
102
RTVSPost2010Prop33
280
     0
102
RTVSPost2010PropOp33
 70
     1
102
RTVSPost2010Prop34
280
     0
102
RTVSPost2010PropOp34
 70
     1
102
RTVSPost2010Prop35
280
     0
102
RTVSPost2010PropOp35
 70
     1
102
RTVSPost2010Prop36
280
     0
102
RTVSPost2010PropOp36
 70
     1
102
RTVSPost2010Prop37
 90
       50
102
RTVSPost2010PropOp37
 70
     1
102
RTVSPost2010Prop38
140
0.0
102
RTVSPost2010PropOp38
 70
     1
102
RTVSPost2010Prop39
140
1.0
102
RTVSPost2010PropOp39
 70
     1
102
RTVSPost2010Prop40
 90
        0
102
RTVSPost2010PropOp40
 70
     1
102
RTVSPost2010Prop41ColorIndex
 90
       18
102
RTVSPost2010Prop41ColorRGB
 90
        0
102
RTVSPost2010PropOp41
 70
     1
102
RTVSPost2010Prop42
 90
       50
102
RTVSPost2010PropOp42
 70
     1
102
RTVSPost2010Prop43
 90
        3
102
RTVSPost2010PropOp43
 70
     1
102
RTVSPost2010Prop44ColorIndex
 90
        5
102
RTVSPost2010Prop44ColorRGB
 90
      255
102
RTVSPost2010PropOp44
 70
     1
102
RTVSPost2010Prop45
280
     0
102
RTVSPost2010PropOp45
 70
     1
102
RTVSPost2010Prop46
 90
       50
102
RTVSPost2010PropOp46
 70
     1
102
RTVSPost2010Prop47
 90
       50
102
RTVSPost2010PropOp47
 70
     1
102
RTVSPost2010Prop48
 90
       50
102
RTVSPost2010PropOp48
 70
     1
102
RTVSPost2010Prop49
280
     0
102
RTVSPost2010PropOp49
 70
     1
102
RTVSPost2010Prop50
 90
       50
102
RTVSPost2010PropOp50
 70
     1
102
RTVSPost2010Prop51ColorIndex
 90
      256
102
RTVSPost2010Prop51ColorRGB
 90
-16777216
102
RTVSPost2010PropOp51
 70
     0
102
RTVSPost2010Prop52
140
1.0
102
RTVSPost2010PropOp52
 70
     0
102
RTVSPost2010Prop53
 90
        2
102
RTVSPost2010PropOp53
 70
     1
102
RTVSPost2010Prop54
  1
strokes_ogs.tif
102
RTVSPost2010PropOp54
 70
     1
102
RTVSPost2010Prop55
280
     0
102
RTVSPost2010PropOp55
 70
     1
102
RTVSPost2010Prop56
140
1.0
102
RTVSPost2010PropOp56
 70
     1
102
RTVSPost2010Prop57
140
1.0
102
RTVSPost2010PropOp57
 70
     1
  0
XRECORD
  5
CF
102
{ACAD_REACTORS
330
CE
102
}
330
CE
100
AcDbXrecord
280
     1
102
RTVSPropertyOp0
 70
     1
102
RTVSPropertyOp1
 70
     1
102
RTVSPropertyOp2
 70
     1
102
RTVSPropertyOp3
 70
     1
102
RTVSPropertyOp4
 70
     1
102
RTVSPropertyOp5
 70
     1
102
RTVSPropertyOp6
 70
     1
102
RTVSPropertyOp7
 70
     1
102
RTVSPropertyOp8
 70
     1
102
RTVSPropertyOp9
 70
     1
102
RTVSPropertyOp10
 70
     1
102
RTVSPropertyOp11
 70
     1
102
RTVSPropertyOp12
 70
     1
102
RTVSPropertyOp13
 70
     1
102
RTVSPropertyOp14
 70
     1
102
RTVSPropertyOp15
 70
     1
102
RTVSPropertyOp16
 70
     1
102
RTVSPropertyOp17
 70
     1
102
RTVSPropertyOp18
 70
     1
102
RTVSPropertyOp19
 70
     1
102
RTVSPropertyOp20
 70
     1
102
RTVSPropertyOp21
 70
     1
102
RTVSPropertyOp22
 70
     1
102
RTVSPropertyOp23
 70
     1
102
RTVSPropertyOp24
 70
     1
102
RTVSPropertyOp25
 70
     1
102
RTVSPropertyOp26
 70
     1
102
RTVSPropertyOp27
 70
     1
102
RTVSPropertyOp28
 70
     1
102
RTVSPropertyOp29
 70
     1
102
RTVSPropertyOp30
 70
     1
102
RTVSPropertyOp31
 70
     1
102
RTVSPropertyOp32
 70
     1
102
RTVSPropertyOp33
 70
     1
102
RTVSPropertyOp34
 70
     1
102
RTVSPropertyOp35
 70
     1
102
RTVSPropertyOp36
 70
     1
102
RTVSPropertyOp37
 70
     1
102
RTVSPropertyOp38
 70
     1
102
RTVSPropertyOp39
 70
     1
102
RTVSPropertyOp40
 70
     1
102
RTVSPropertyOp41
 70
     1
102
RTVSPropertyOp42
 70
     1
102
RTVSPropertyOp43
 70
     1
102
RTVSPropertyOp44
 70
     1
102
RTVSPropertyOp45
 70
     1
102
RTVSPropertyOp46
 70
     1
102
RTVSPropertyOp47
 70
     1
102
RTVSPropertyOp48
 70
     1
102
RTVSPropertyOp49
 70
     1
102
RTVSPropertyOp50
 70
     1
102
RTVSPropertyOp51
 70
     0
102
RTVSPropertyOp52
 70
     0
102
RTVSPropertyOp53
 70
     1
102
RTVSPropertyOp54
 70
     1
102
RTVSPropertyOp55
 70
     1
102
RTVSPropertyOp56
 70
     1
102
RTVSPropertyOp57
 70
     1
102
RTVSPost2010Prop28
280
     0
102
RTVSPost2010PropOp28
 70
     1
102
RTVSPost2010Prop29
280
     1
102
RTVSPost2010PropOp29
 70
     1
102
RTVSPost2010Prop30
280
     1
102
RTVSPost2010PropOp30
 70
     1
102
RTVSPost2010Prop31
280
     0
102
RTVSPost2010PropOp31
 70
     1
102
RTVSPost2010Prop32
280
     0
102
RTVSPost2010PropOp32
 70
     1
102
RTVSPost2010Prop33
280
     0
102
RTVSPost2010PropOp33
 70
     1
102
RTVSPost2010Prop34
280
     0
102
RTVSPost2010PropOp34
 70
     1
102
RTVSPost2010Prop35
280
     0
102
RTVSPost2010PropOp35
 70
     1
102
RTVSPost2010Prop36
280
     0
102
RTVSPost2010PropOp36
 70
     1
102
RTVSPost2010Prop37
 90
       50
102
RTVSPost2010PropOp37
 70
     1
102
RTVSPost2010Prop38
140
0.0
102
RTVSPost2010PropOp38
 70
     1
102
RTVSPost2010Prop39
140
1.0
102
RTVSPost2010PropOp39
 70
     1
102
RTVSPost2010Prop40
 90
        0
102
RTVSPost2010PropOp40
 70
     1
102
RTVSPost2010Prop41ColorIndex
 90
       18
102
RTVSPost2010Prop41ColorRGB
 90
        0
102
RTVSPost2010PropOp41
 70
     1
102
RTVSPost2010Prop42
 90
       50
102
RTVSPost2010PropOp42
 70
     1
102
RTVSPost2010Prop43
 90
        3
102
RTVSPost2010PropOp43
 70
     1
102
RTVSPost2010Prop44ColorIndex
 90
        5
102
RTVSPost2010Prop44ColorRGB
 90
      255
102
RTVSPost2010PropOp44
 70
     1
102
RTVSPost2010Prop45
280
     0
102
RTVSPost2010PropOp45
 70
     1
102
RTVSPost2010Prop46
 90
       50
102
RTVSPost2010PropOp46
 70
     1
102
RTVSPost2010Prop47
 90
       50
102
RTVSPost2010PropOp47
 70
     1
102
RTVSPost2010Prop48
 90
       50
102
RTVSPost2010PropOp48
 70
     1
102
RTVSPost2010Prop49
280
     0
102
RTVSPost2010PropOp49
 70
     1
102
RTVSPost2010Prop50
 90
       50
102
RTVSPost2010PropOp50
 70
     1
102
RTVSPost2010Prop51ColorIndex
 90
      256
102
RTVSPost2010Prop51ColorRGB
 90
-16777216
102
RTVSPost2010PropOp51
 70
     0
102
RTVSPost2010Prop52
140
1.0
102
RTVSPost2010PropOp52
 70
     0
102
RTVSPost2010Prop53
 90
        2
102
RTVSPost2010PropOp53
 70
     1
102
RTVSPost2010Prop54
  1
strokes_ogs.tif
102
RTVSPost2010PropOp54
 70
     1
102
RTVSPost2010Prop55
280
     0
102
RTVSPost2010PropOp55
 70
     1
102
RTVSPost2010Prop56
140
1.0
102
RTVSPost2010PropOp56
 70
     1
102
RTVSPost2010Prop57
140
1.0
102
RTVSPost2010PropOp57
 70
     1
  0
XRECORD
  5
D1
102
{ACAD_REACTORS
330
D0
102
}
330
D0
100
AcDbXrecord
280
     1
102
RTVSPropertyOp0
 70
     1
102
RTVSPropertyOp1
 70
     1
102
RTVSPropertyOp2
 70
     1
102
RTVSPropertyOp3
 70
     1
102
RTVSPropertyOp4
 70
     1
102
RTVSPropertyOp5
 70
     1
102
RTVSPropertyOp6
 70
     1
102
RTVSPropertyOp7
 70
     1
102
RTVSPropertyOp8
 70
     1
102
RTVSPropertyOp9
 70
     1
102
RTVSPropertyOp10
 70
     1
102
RTVSPropertyOp11
 70
     1
102
RTVSPropertyOp12
 70
     1
102
RTVSPropertyOp13
 70
     1
102
RTVSPropertyOp14
 70
     1
102
RTVSPropertyOp15
 70
     1
102
RTVSPropertyOp16
 70
     1
102
RTVSPropertyOp17
 70
     1
102
RTVSPropertyOp18
 70
     1
102
RTVSPropertyOp19
 70
     1
102
RTVSPropertyOp20
 70
     1
102
RTVSPropertyOp21
 70
     1
102
RTVSPropertyOp22
 70
     1
102
RTVSPropertyOp23
 70
     1
102
RTVSPropertyOp24
 70
     1
102
RTVSPropertyOp25
 70
     1
102
RTVSPropertyOp26
 70
     1
102
RTVSPropertyOp27
 70
     1
102
RTVSPropertyOp28
 70
     1
102
RTVSPropertyOp29
 70
     1
102
RTVSPropertyOp30
 70
     1
102
RTVSPropertyOp31
 70
     1
102
RTVSPropertyOp32
 70
     1
102
RTVSPropertyOp33
 70
     1
102
RTVSPropertyOp34
 70
     1
102
RTVSPropertyOp35
 70
     1
102
RTVSPropertyOp36
 70
     1
102
RTVSPropertyOp37
 70
     1
102
RTVSPropertyOp38
 70
     1
102
RTVSPropertyOp39
 70
     1
102
RTVSPropertyOp40
 70
     1
102
RTVSPropertyOp41
 70
     1
102
RTVSPropertyOp42
 70
     1
102
RTVSPropertyOp43
 70
     1
102
RTVSPropertyOp44
 70
     1
102
RTVSPropertyOp45
 70
     1
102
RTVSPropertyOp46
 70
     1
102
RTVSPropertyOp47
 70
     1
102
RTVSPropertyOp48
 70
     1
102
RTVSPropertyOp49
 70
     1
102
RTVSPropertyOp50
 70
     1
102
RTVSPropertyOp51
 70
     0
102
RTVSPropertyOp52
 70
     0
102
RTVSPropertyOp53
 70
     1
102
RTVSPropertyOp54
 70
     1
102
RTVSPropertyOp55
 70
     1
102
RTVSPropertyOp56
 70
     1
102
RTVSPropertyOp57
 70
     1
102
RTVSPost2010Prop28
280
     0
102
RTVSPost2010PropOp28
 70
     1
102
RTVSPost2010Prop29
280
     1
102
RTVSPost2010PropOp29
 70
     1
102
RTVSPost2010Prop30
280
     1
102
RTVSPost2010PropOp30
 70
     1
102
RTVSPost2010Prop31
280
     0
102
RTVSPost2010PropOp31
 70
     1
102
RTVSPost2010Prop32
280
     0
102
RTVSPost2010PropOp32
 70
     1
102
RTVSPost2010Prop33
280
     0
102
RTVSPost2010PropOp33
 70
     1
102
RTVSPost2010Prop34
280
     0
102
RTVSPost2010PropOp34
 70
     1
102
RTVSPost2010Prop35
280
     0
102
RTVSPost2010PropOp35
 70
     1
102
RTVSPost2010Prop36
280
     0
102
RTVSPost2010PropOp36
 70
     1
102
RTVSPost2010Prop37
 90
       50
102
RTVSPost2010PropOp37
 70
     1
102
RTVSPost2010Prop38
140
0.0
102
RTVSPost2010PropOp38
 70
     1
102
RTVSPost2010Prop39
140
1.0
102
RTVSPost2010PropOp39
 70
     1
102
RTVSPost2010Prop40
 90
        0
102
RTVSPost2010PropOp40
 70
     1
102
RTVSPost2010Prop41ColorIndex
 90
       18
102
RTVSPost2010Prop41ColorRGB
 90
        0
102
RTVSPost2010PropOp41
 70
     1
102
RTVSPost2010Prop42
 90
       50
102
RTVSPost2010PropOp42
 70
     1
102
RTVSPost2010Prop43
 90
        3
102
RTVSPost2010PropOp43
 70
     1
102
RTVSPost2010Prop44ColorIndex
 90
        5
102
RTVSPost2010Prop44ColorRGB
 90
      255
102
RTVSPost2010PropOp44
 70
     1
102
RTVSPost2010Prop45
280
     0
102
RTVSPost2010PropOp45
 70
     1
102
RTVSPost2010Prop46
 90
       50
102
RTVSPost2010PropOp46
 70
     1
102
RTVSPost2010Prop47
 90
       50
102
RTVSPost2010PropOp47
 70
     1
102
RTVSPost2010Prop48
 90
       50
102
RTVSPost2010PropOp48
 70
     1
102
RTVSPost2010Prop49
280
     0
102
RTVSPost2010PropOp49
 70
     1
102
RTVSPost2010Prop50
 90
       50
102
RTVSPost2010PropOp50
 70
     1
102
RTVSPost2010Prop51ColorIndex
 90
      256
102
RTVSPost2010Prop51ColorRGB
 90
-16777216
102
RTVSPost2010PropOp51
 70
     0
102
RTVSPost2010Prop52
140
1.0
102
RTVSPost2010PropOp52
 70
     0
102
RTVSPost2010Prop53
 90
        2
102
RTVSPost2010PropOp53
 70
     1
102
RTVSPost2010Prop54
  1
strokes_ogs.tif
102
RTVSPost2010PropOp54
 70
     1
102
RTVSPost2010Prop55
280
     0
102
RTVSPost2010PropOp55
 70
     1
102
RTVSPost2010Prop56
140
1.0
102
RTVSPost2010PropOp56
 70
     1
102
RTVSPost2010Prop57
140
1.0
102
RTVSPost2010PropOp57
 70
     1
  0
XRECORD
  5
C1
102
{ACAD_REACTORS
330
C0
102
}
330
C0
100
AcDbXrecord
280
     1
102
RTVSPropertyOp0
 70
     1
102
RTVSPropertyOp1
 70
     1
102
RTVSPropertyOp2
 70
     1
102
RTVSPropertyOp3
 70
     1
102
RTVSPropertyOp4
 70
     1
102
RTVSPropertyOp5
 70
     1
102
RTVSPropertyOp6
 70
     1
102
RTVSPropertyOp7
 70
     1
102
RTVSPropertyOp8
 70
     1
102
RTVSPropertyOp9
 70
     1
102
RTVSPropertyOp10
 70
     1
102
RTVSPropertyOp11
 70
     1
102
RTVSPropertyOp12
 70
     1
102
RTVSPropertyOp13
 70
     1
102
RTVSPropertyOp14
 70
     1
102
RTVSPropertyOp15
 70
     1
102
RTVSPropertyOp16
 70
     1
102
RTVSPropertyOp17
 70
     1
102
RTVSPropertyOp18
 70
     1
102
RTVSPropertyOp19
 70
     1
102
RTVSPropertyOp20
 70
     1
102
RTVSPropertyOp21
 70
     1
102
RTVSPropertyOp22
 70
     1
102
RTVSPropertyOp23
 70
     1
102
RTVSPropertyOp24
 70
     1
102
RTVSPropertyOp25
 70
     1
102
RTVSPropertyOp26
 70
     1
102
RTVSPropertyOp27
 70
     1
102
RTVSPropertyOp28
 70
     1
102
RTVSPropertyOp29
 70
     1
102
RTVSPropertyOp30
 70
     1
102
RTVSPropertyOp31
 70
     1
102
RTVSPropertyOp32
 70
     1
102
RTVSPropertyOp33
 70
     1
102
RTVSPropertyOp34
 70
     1
102
RTVSPropertyOp35
 70
     1
102
RTVSPropertyOp36
 70
     1
102
RTVSPropertyOp37
 70
     1
102
RTVSPropertyOp38
 70
     1
102
RTVSPropertyOp39
 70
     1
102
RTVSPropertyOp40
 70
     1
102
RTVSPropertyOp41
 70
     1
102
RTVSPropertyOp42
 70
     1
102
RTVSPropertyOp43
 70
     1
102
RTVSPropertyOp44
 70
     1
102
RTVSPropertyOp45
 70
     1
102
RTVSPropertyOp46
 70
     1
102
RTVSPropertyOp47
 70
     1
102
RTVSPropertyOp48
 70
     1
102
RTVSPropertyOp49
 70
     1
102
RTVSPropertyOp50
 70
     1
102
RTVSPropertyOp51
 70
     0
102
RTVSPropertyOp52
 70
     0
102
RTVSPropertyOp53
 70
     1
102
RTVSPropertyOp54
 70
     1
102
RTVSPropertyOp55
 70
     1
102
RTVSPropertyOp56
 70
     1
102
RTVSPropertyOp57
 70
     1
102
RTVSPost2010Prop28
280
     0
102
RTVSPost2010PropOp28
 70
     1
102
RTVSPost2010Prop29
280
     1
102
RTVSPost2010PropOp29
 70
     1
102
RTVSPost2010Prop30
280
     1
102
RTVSPost2010PropOp30
 70
     1
102
RTVSPost2010Prop31
280
     0
102
RTVSPost2010PropOp31
 70
     1
102
RTVSPost2010Prop32
280
     0
102
RTVSPost2010PropOp32
 70
     1
102
RTVSPost2010Prop33
280
     0
102
RTVSPost2010PropOp33
 70
     1
102
RTVSPost2010Prop34
280
     0
102
RTVSPost2010PropOp34
 70
     1
102
RTVSPost2010Prop35
280
     0
102
RTVSPost2010PropOp35
 70
     1
102
RTVSPost2010Prop36
280
     0
102
RTVSPost2010PropOp36
 70
     1
102
RTVSPost2010Prop37
 90
       50
102
RTVSPost2010PropOp37
 70
     1
102
RTVSPost2010Prop38
140
0.0
102
RTVSPost2010PropOp38
 70
     1
102
RTVSPost2010Prop39
140
1.0
102
RTVSPost2010PropOp39
 70
     1
102
RTVSPost2010Prop40
 90
        0
102
RTVSPost2010PropOp40
 70
     1
102
RTVSPost2010Prop41ColorIndex
 90
       18
102
RTVSPost2010Prop41ColorRGB
 90
        0
102
RTVSPost2010PropOp41
 70
     1
102
RTVSPost2010Prop42
 90
       50
102
RTVSPost2010PropOp42
 70
     1
102
RTVSPost2010Prop43
 90
        3
102
RTVSPost2010PropOp43
 70
     1
102
RTVSPost2010Prop44ColorIndex
 90
        5
102
RTVSPost2010Prop44ColorRGB
 90
      255
102
RTVSPost2010PropOp44
 70
     1
102
RTVSPost2010Prop45
280
     0
102
RTVSPost2010PropOp45
 70
     1
102
RTVSPost2010Prop46
 90
       50
102
RTVSPost2010PropOp46
 70
     1
102
RTVSPost2010Prop47
 90
       50
102
RTVSPost2010PropOp47
 70
     1
102
RTVSPost2010Prop48
 90
       50
102
RTVSPost2010PropOp48
 70
     1
102
RTVSPost2010Prop49
280
     0
102
RTVSPost2010PropOp49
 70
     1
102
RTVSPost2010Prop50
 90
       50
102
RTVSPost2010PropOp50
 70
     1
102
RTVSPost2010Prop51ColorIndex
 90
      256
102
RTVSPost2010Prop51ColorRGB
 90
-16777216
102
RTVSPost2010PropOp51
 70
     0
102
RTVSPost2010Prop52
140
1.0
102
RTVSPost2010PropOp52
 70
     0
102
RTVSPost2010Prop53
 90
        2
102
RTVSPost2010PropOp53
 70
     1
102
RTVSPost2010Prop54
  1
strokes_ogs.tif
102
RTVSPost2010PropOp54
 70
     1
102
RTVSPost2010Prop55
280
     0
102
RTVSPost2010PropOp55
 70
     1
102
RTVSPost2010Prop56
140
1.0
102
RTVSPost2010PropOp56
 70
     1
102
RTVSPost2010Prop57
140
1.0
102
RTVSPost2010PropOp57
 70
     1
  0
XRECORD
  5
B3
102
{ACAD_REACTORS
330
B2
102
}
330
B2
100
AcDbXrecord
280
     1
102
RTVSPropertyOp0
 70
     1
102
RTVSPropertyOp1
 70
     1
102
RTVSPropertyOp2
 70
     1
102
RTVSPropertyOp3
 70
     1
102
RTVSPropertyOp4
 70
     1
102
RTVSPropertyOp5
 70
     1
102
RTVSPropertyOp6
 70
     1
102
RTVSPropertyOp7
 70
     1
102
RTVSPropertyOp8
 70
     1
102
RTVSPropertyOp9
 70
     1
102
RTVSPropertyOp10
 70
     1
102
RTVSPropertyOp11
 70
     1
102
RTVSPropertyOp12
 70
     1
102
RTVSPropertyOp13
 70
     1
102
RTVSPropertyOp14
 70
     1
102
RTVSPropertyOp15
 70
     1
102
RTVSPropertyOp16
 70
     1
102
RTVSPropertyOp17
 70
     1
102
RTVSPropertyOp18
 70
     1
102
RTVSPropertyOp19
 70
     1
102
RTVSPropertyOp20
 70
     1
102
RTVSPropertyOp21
 70
     1
102
RTVSPropertyOp22
 70
     1
102
RTVSPropertyOp23
 70
     1
102
RTVSPropertyOp24
 70
     1
102
RTVSPropertyOp25
 70
     1
102
RTVSPropertyOp26
 70
     1
102
RTVSPropertyOp27
 70
     1
102
RTVSPropertyOp28
 70
     1
102
RTVSPropertyOp29
 70
     1
102
RTVSPropertyOp30
 70
     1
102
RTVSPropertyOp31
 70
     1
102
RTVSPropertyOp32
 70
     1
102
RTVSPropertyOp33
 70
     1
102
RTVSPropertyOp34
 70
     1
102
RTVSPropertyOp35
 70
     1
102
RTVSPropertyOp36
 70
     1
102
RTVSPropertyOp37
 70
     1
102
RTVSPropertyOp38
 70
     1
102
RTVSPropertyOp39
 70
     1
102
RTVSPropertyOp40
 70
     1
102
RTVSPropertyOp41
 70
     1
102
RTVSPropertyOp42
 70
     1
102
RTVSPropertyOp43
 70
     1
102
RTVSPropertyOp44
 70
     1
102
RTVSPropertyOp45
 70
     1
102
RTVSPropertyOp46
 70
     1
102
RTVSPropertyOp47
 70
     1
102
RTVSPropertyOp48
 70
     1
102
RTVSPropertyOp49
 70
     1
102
RTVSPropertyOp50
 70
     1
102
RTVSPropertyOp51
 70
     0
102
RTVSPropertyOp52
 70
     0
102
RTVSPropertyOp53
 70
     1
102
RTVSPropertyOp54
 70
     1
102
RTVSPropertyOp55
 70
     1
102
RTVSPropertyOp56
 70
     1
102
RTVSPropertyOp57
 70
     1
102
RTVSPost2010Prop28
280
     0
102
RTVSPost2010PropOp28
 70
     1
102
RTVSPost2010Prop29
280
     1
102
RTVSPost2010PropOp29
 70
     1
102
RTVSPost2010Prop30
280
     1
102
RTVSPost2010PropOp30
 70
     1
102
RTVSPost2010Prop31
280
     0
102
RTVSPost2010PropOp31
 70
     1
102
RTVSPost2010Prop32
280
     0
102
RTVSPost2010PropOp32
 70
     1
102
RTVSPost2010Prop33
280
     0
102
RTVSPost2010PropOp33
 70
     1
102
RTVSPost2010Prop34
280
     0
102
RTVSPost2010PropOp34
 70
     1
102
RTVSPost2010Prop35
280
     0
102
RTVSPost2010PropOp35
 70
     1
102
RTVSPost2010Prop36
280
     0
102
RTVSPost2010PropOp36
 70
     1
102
RTVSPost2010Prop37
 90
       50
102
RTVSPost2010PropOp37
 70
     1
102
RTVSPost2010Prop38
140
0.0
102
RTVSPost2010PropOp38
 70
     1
102
RTVSPost2010Prop39
140
1.0
102
RTVSPost2010PropOp39
 70
     1
102
RTVSPost2010Prop40
 90
        0
102
RTVSPost2010PropOp40
 70
     1
102
RTVSPost2010Prop41ColorIndex
 90
       18
102
RTVSPost2010Prop41ColorRGB
 90
        0
102
RTVSPost2010PropOp41
 70
     1
102
RTVSPost2010Prop42
 90
       50
102
RTVSPost2010PropOp42
 70
     1
102
RTVSPost2010Prop43
 90
        3
102
RTVSPost2010PropOp43
 70
     1
102
RTVSPost2010Prop44ColorIndex
 90
        5
102
RTVSPost2010Prop44ColorRGB
 90
      255
102
RTVSPost2010PropOp44
 70
     1
102
RTVSPost2010Prop45
280
     0
102
RTVSPost2010PropOp45
 70
     1
102
RTVSPost2010Prop46
 90
       50
102
RTVSPost2010PropOp46
 70
     1
102
RTVSPost2010Prop47
 90
       50
102
RTVSPost2010PropOp47
 70
     1
102
RTVSPost2010Prop48
 90
       50
102
RTVSPost2010PropOp48
 70
     1
102
RTVSPost2010Prop49
280
     0
102
RTVSPost2010PropOp49
 70
     1
102
RTVSPost2010Prop50
 90
       50
102
RTVSPost2010PropOp50
 70
     1
102
RTVSPost2010Prop51ColorIndex
 90
      256
102
RTVSPost2010Prop51ColorRGB
 90
-16777216
102
RTVSPost2010PropOp51
 70
     0
102
RTVSPost2010Prop52
140
1.0
102
RTVSPost2010PropOp52
 70
     0
102
RTVSPost2010Prop53
 90
        2
102
RTVSPost2010PropOp53
 70
     1
102
RTVSPost2010Prop54
  1
strokes_ogs.tif
102
RTVSPost2010PropOp54
 70
     1
102
RTVSPost2010Prop55
280
     0
102
RTVSPost2010PropOp55
 70
     1
102
RTVSPost2010Prop56
140
1.0
102
RTVSPost2010PropOp56
 70
     1
102
RTVSPost2010Prop57
140
1.0
102
RTVSPost2010PropOp57
 70
     1
  0
XRECORD
  5
D3
102
{ACAD_REACTORS
330
D2
102
}
330
D2
100
AcDbXrecord
280
     1
102
RTVSPropertyOp0
 70
     1
102
RTVSPropertyOp1
 70
     1
102
RTVSPropertyOp2
 70
     1
102
RTVSPropertyOp3
 70
     1
102
RTVSPropertyOp4
 70
     1
102
RTVSPropertyOp5
 70
     1
102
RTVSPropertyOp6
 70
     1
102
RTVSPropertyOp7
 70
     1
102
RTVSPropertyOp8
 70
     1
102
RTVSPropertyOp9
 70
     1
102
RTVSPropertyOp10
 70
     1
102
RTVSPropertyOp11
 70
     1
102
RTVSPropertyOp12
 70
     1
102
RTVSPropertyOp13
 70
     1
102
RTVSPropertyOp14
 70
     1
102
RTVSPropertyOp15
 70
     1
102
RTVSPropertyOp16
 70
     1
102
RTVSPropertyOp17
 70
     1
102
RTVSPropertyOp18
 70
     1
102
RTVSPropertyOp19
 70
     1
102
RTVSPropertyOp20
 70
     1
102
RTVSPropertyOp21
 70
     1
102
RTVSPropertyOp22
 70
     1
102
RTVSPropertyOp23
 70
     1
102
RTVSPropertyOp24
 70
     1
102
RTVSPropertyOp25
 70
     1
102
RTVSPropertyOp26
 70
     1
102
RTVSPropertyOp27
 70
     1
102
RTVSPropertyOp28
 70
     1
102
RTVSPropertyOp29
 70
     1
102
RTVSPropertyOp30
 70
     1
102
RTVSPropertyOp31
 70
     1
102
RTVSPropertyOp32
 70
     1
102
RTVSPropertyOp33
 70
     1
102
RTVSPropertyOp34
 70
     1
102
RTVSPropertyOp35
 70
     1
102
RTVSPropertyOp36
 70
     1
102
RTVSPropertyOp37
 70
     1
102
RTVSPropertyOp38
 70
     1
102
RTVSPropertyOp39
 70
     1
102
RTVSPropertyOp40
 70
     1
102
RTVSPropertyOp41
 70
     1
102
RTVSPropertyOp42
 70
     1
102
RTVSPropertyOp43
 70
     1
102
RTVSPropertyOp44
 70
     1
102
RTVSPropertyOp45
 70
     1
102
RTVSPropertyOp46
 70
     1
102
RTVSPropertyOp47
 70
     1
102
RTVSPropertyOp48
 70
     1
102
RTVSPropertyOp49
 70
     1
102
RTVSPropertyOp50
 70
     1
102
RTVSPropertyOp51
 70
     0
102
RTVSPropertyOp52
 70
     0
102
RTVSPropertyOp53
 70
     1
102
RTVSPropertyOp54
 70
     1
102
RTVSPropertyOp55
 70
     1
102
RTVSPropertyOp56
 70
     1
102
RTVSPropertyOp57
 70
     1
102
RTVSPost2010Prop28
280
     0
102
RTVSPost2010PropOp28
 70
     1
102
RTVSPost2010Prop29
280
     1
102
RTVSPost2010PropOp29
 70
     1
102
RTVSPost2010Prop30
280
     1
102
RTVSPost2010PropOp30
 70
     1
102
RTVSPost2010Prop31
280
     0
102
RTVSPost2010PropOp31
 70
     1
102
RTVSPost2010Prop32
280
     0
102
RTVSPost2010PropOp32
 70
     1
102
RTVSPost2010Prop33
280
     0
102
RTVSPost2010PropOp33
 70
     1
102
RTVSPost2010Prop34
280
     0
102
RTVSPost2010PropOp34
 70
     1
102
RTVSPost2010Prop35
280
     0
102
RTVSPost2010PropOp35
 70
     1
102
RTVSPost2010Prop36
280
     0
102
RTVSPost2010PropOp36
 70
     1
102
RTVSPost2010Prop37
 90
       50
102
RTVSPost2010PropOp37
 70
     1
102
RTVSPost2010Prop38
140
0.0
102
RTVSPost2010PropOp38
 70
     1
102
RTVSPost2010Prop39
140
1.0
102
RTVSPost2010PropOp39
 70
     1
102
RTVSPost2010Prop40
 90
        0
102
RTVSPost2010PropOp40
 70
     1
102
RTVSPost2010Prop41ColorIndex
 90
       18
102
RTVSPost2010Prop41ColorRGB
 90
        0
102
RTVSPost2010PropOp41
 70
     1
102
RTVSPost2010Prop42
 90
       50
102
RTVSPost2010PropOp42
 70
     1
102
RTVSPost2010Prop43
 90
        3
102
RTVSPost2010PropOp43
 70
     1
102
RTVSPost2010Prop44ColorIndex
 90
        5
102
RTVSPost2010Prop44ColorRGB
 90
      255
102
RTVSPost2010PropOp44
 70
     1
102
RTVSPost2010Prop45
280
     0
102
RTVSPost2010PropOp45
 70
     1
102
RTVSPost2010Prop46
 90
       50
102
RTVSPost2010PropOp46
 70
     1
102
RTVSPost2010Prop47
 90
       50
102
RTVSPost2010PropOp47
 70
     1
102
RTVSPost2010Prop48
 90
       50
102
RTVSPost2010PropOp48
 70
     1
102
RTVSPost2010Prop49
280
     0
102
RTVSPost2010PropOp49
 70
     1
102
RTVSPost2010Prop50
 90
       50
102
RTVSPost2010PropOp50
 70
     1
102
RTVSPost2010Prop51ColorIndex
 90
      256
102
RTVSPost2010Prop51ColorRGB
 90
-16777216
102
RTVSPost2010PropOp51
 70
     0
102
RTVSPost2010Prop52
140
1.0
102
RTVSPost2010PropOp52
 70
     0
102
RTVSPost2010Prop53
 90
        2
102
RTVSPost2010PropOp53
 70
     1
102
RTVSPost2010Prop54
  1
strokes_ogs.tif
102
RTVSPost2010PropOp54
 70
     1
102
RTVSPost2010Prop55
280
     0
102
RTVSPost2010PropOp55
 70
     1
102
RTVSPost2010Prop56
140
1.0
102
RTVSPost2010PropOp56
 70
     1
102
RTVSPost2010Prop57
140
1.0
102
RTVSPost2010PropOp57
 70
     1
  0
ENDSEC
  0
EOF
