ISO-10303-21;
HEADER;
/* Generated by software containing ST-Developer
 * from STEP Tools, Inc. (www.steptools.com) 
 */

FILE_DESCRIPTION(
/* description */ (''),
/* implementation_level */ '2;1');

FILE_NAME(
/* name */ 
'Z:\\\X2\041F0440043E0435043A0442043D044B0439\X0\ \X2\043E044204340435043B\X0\\\
2INVENTOR \X2\041C043E04340435043B0438\X0\ \X2\043A043E043C043F043B0435043A04420443044E044904380445\X0\\\
\X2\041A043E043C043F043B0435043A04420443044E044904380435\X0\ \X2\043A\X0\ 
\X2\0427041F0423\X0\\\\X2\0428043004400438043A043E\X0\-\X2\04320438043D0442043E0432044B0435\X0\ 
\X2\043F0435044004350434043004470438\X0\\\\X2\041304300439043A0438\X0\ 
\X2\04280412041F\X0\ \X2\0441043504400438044F\X0\ SFU\\SFU1204.stp',
/* time_stamp */ '2020-08-10T13:17:17+03:00',
/* author */ ('Prot'),
/* organization */ (''),
/* preprocessor_version */ 'ST-DEVELOPER v18',
/* originating_system */ 'Autodesk Inventor 2020',
/* authorisation */ '');

FILE_SCHEMA (('AUTOMOTIVE_DESIGN { 1 0 10303 214 3 1 1 }'));
ENDSEC;

DATA;
#10=MECHANICAL_DESIGN_GEOMETRIC_PRESENTATION_REPRESENTATION('',(#14,#15,
#16,#17,#18,#19,#20,#21,#22,#23,#24,#25),#16369);
#11=SHAPE_REPRESENTATION_RELATIONSHIP('SRR','None',#16376,#12);
#12=ADVANCED_BREP_SHAPE_REPRESENTATION('',(#13),#16368);
#13=MANIFOLD_SOLID_BREP('\X2\04220432043504400434043E0435\X0\ \X2\04420435043B043E\X0\1',
#8809);
#14=STYLED_ITEM('',(#16395),#8373);
#15=STYLED_ITEM('',(#16395),#8374);
#16=STYLED_ITEM('',(#16395),#8376);
#17=STYLED_ITEM('',(#16395),#8377);
#18=STYLED_ITEM('',(#16396),#8797);
#19=STYLED_ITEM('',(#16396),#8798);
#20=STYLED_ITEM('',(#16396),#8799);
#21=STYLED_ITEM('',(#16396),#8800);
#22=STYLED_ITEM('',(#16397),#8802);
#23=STYLED_ITEM('',(#16397),#8804);
#24=STYLED_ITEM('',(#16397),#8806);
#25=STYLED_ITEM('',(#16394),#13);
#26=PLANE('',#8831);
#27=PLANE('',#8837);
#28=PLANE('',#8845);
#29=PLANE('',#8849);
#30=PLANE('',#8852);
#31=PLANE('',#8862);
#32=PLANE('',#8866);
#33=PLANE('',#8867);
#34=PLANE('',#8907);
#35=PLANE('',#8915);
#36=PLANE('',#8919);
#37=PLANE('',#8922);
#38=PLANE('',#8923);
#39=PLANE('',#8924);
#40=PLANE('',#8925);
#41=PLANE('',#8926);
#42=PLANE('',#8927);
#43=PLANE('',#8928);
#44=PLANE('',#8929);
#45=PLANE('',#8930);
#46=PLANE('',#8931);
#47=PLANE('',#8932);
#48=PLANE('',#8933);
#49=PLANE('',#8934);
#50=PLANE('',#8935);
#51=PLANE('',#8936);
#52=PLANE('',#8937);
#53=PLANE('',#8938);
#54=PLANE('',#8939);
#55=PLANE('',#8940);
#56=PLANE('',#8941);
#57=PLANE('',#8942);
#58=PLANE('',#8943);
#59=PLANE('',#8944);
#60=PLANE('',#8945);
#61=PLANE('',#8946);
#62=PLANE('',#8947);
#63=PLANE('',#8948);
#64=PLANE('',#8949);
#65=PLANE('',#8950);
#66=PLANE('',#8951);
#67=PLANE('',#8952);
#68=PLANE('',#8953);
#69=PLANE('',#8954);
#70=PLANE('',#8955);
#71=PLANE('',#8956);
#72=PLANE('',#8957);
#73=PLANE('',#8958);
#74=PLANE('',#8959);
#75=PLANE('',#8960);
#76=PLANE('',#8961);
#77=PLANE('',#8962);
#78=PLANE('',#8963);
#79=PLANE('',#8964);
#80=PLANE('',#8965);
#81=PLANE('',#8966);
#82=PLANE('',#8967);
#83=PLANE('',#8968);
#84=PLANE('',#8969);
#85=PLANE('',#8970);
#86=PLANE('',#8971);
#87=PLANE('',#8972);
#88=PLANE('',#8973);
#89=PLANE('',#8974);
#90=PLANE('',#8975);
#91=PLANE('',#8976);
#92=PLANE('',#8977);
#93=PLANE('',#8978);
#94=PLANE('',#8979);
#95=PLANE('',#8980);
#96=PLANE('',#8981);
#97=PLANE('',#8982);
#98=PLANE('',#8983);
#99=PLANE('',#8984);
#100=PLANE('',#8985);
#101=PLANE('',#8986);
#102=PLANE('',#8987);
#103=PLANE('',#8988);
#104=PLANE('',#8989);
#105=PLANE('',#8990);
#106=PLANE('',#8991);
#107=PLANE('',#8992);
#108=PLANE('',#8993);
#109=PLANE('',#8994);
#110=PLANE('',#8995);
#111=PLANE('',#8996);
#112=PLANE('',#8997);
#113=PLANE('',#8998);
#114=PLANE('',#8999);
#115=PLANE('',#9000);
#116=PLANE('',#9001);
#117=PLANE('',#9002);
#118=PLANE('',#9003);
#119=PLANE('',#9004);
#120=PLANE('',#9005);
#121=PLANE('',#9006);
#122=PLANE('',#9007);
#123=PLANE('',#9008);
#124=PLANE('',#9009);
#125=PLANE('',#9010);
#126=PLANE('',#9011);
#127=PLANE('',#9012);
#128=PLANE('',#9013);
#129=PLANE('',#9014);
#130=PLANE('',#9015);
#131=PLANE('',#9016);
#132=PLANE('',#9017);
#133=PLANE('',#9018);
#134=PLANE('',#9019);
#135=PLANE('',#9020);
#136=PLANE('',#9021);
#137=PLANE('',#9022);
#138=PLANE('',#9023);
#139=PLANE('',#9024);
#140=PLANE('',#9025);
#141=PLANE('',#9026);
#142=PLANE('',#9027);
#143=PLANE('',#9028);
#144=PLANE('',#9029);
#145=PLANE('',#9030);
#146=PLANE('',#9031);
#147=PLANE('',#9032);
#148=PLANE('',#9033);
#149=PLANE('',#9034);
#150=PLANE('',#9035);
#151=PLANE('',#9036);
#152=PLANE('',#9037);
#153=PLANE('',#9038);
#154=PLANE('',#9039);
#155=PLANE('',#9040);
#156=PLANE('',#9041);
#157=PLANE('',#9042);
#158=PLANE('',#9043);
#159=PLANE('',#9044);
#160=PLANE('',#9045);
#161=PLANE('',#9046);
#162=PLANE('',#9047);
#163=PLANE('',#9048);
#164=PLANE('',#9049);
#165=PLANE('',#9050);
#166=PLANE('',#9051);
#167=PLANE('',#9052);
#168=PLANE('',#9053);
#169=PLANE('',#9054);
#170=PLANE('',#9055);
#171=PLANE('',#9056);
#172=PLANE('',#9057);
#173=PLANE('',#9058);
#174=PLANE('',#9059);
#175=PLANE('',#9060);
#176=PLANE('',#9061);
#177=PLANE('',#9062);
#178=PLANE('',#9063);
#179=PLANE('',#9064);
#180=PLANE('',#9065);
#181=PLANE('',#9066);
#182=PLANE('',#9067);
#183=PLANE('',#9068);
#184=PLANE('',#9069);
#185=PLANE('',#9070);
#186=PLANE('',#9071);
#187=PLANE('',#9072);
#188=PLANE('',#9073);
#189=PLANE('',#9074);
#190=PLANE('',#9075);
#191=PLANE('',#9076);
#192=PLANE('',#9077);
#193=PLANE('',#9078);
#194=PLANE('',#9079);
#195=PLANE('',#9080);
#196=PLANE('',#9081);
#197=PLANE('',#9082);
#198=PLANE('',#9083);
#199=PLANE('',#9084);
#200=PLANE('',#9085);
#201=PLANE('',#9086);
#202=PLANE('',#9087);
#203=PLANE('',#9088);
#204=PLANE('',#9089);
#205=PLANE('',#9090);
#206=PLANE('',#9091);
#207=PLANE('',#9092);
#208=PLANE('',#9093);
#209=PLANE('',#9096);
#210=PLANE('',#9099);
#211=PLANE('',#9102);
#212=PLANE('',#9103);
#213=CONICAL_SURFACE('',#8828,1.65,0.785398163397448);
#214=CONICAL_SURFACE('',#8834,1.65,0.785398163397448);
#215=CONICAL_SURFACE('',#8842,20.85,0.785398163397445);
#216=CONICAL_SURFACE('',#8846,20.85,0.785398163397445);
#217=CONICAL_SURFACE('',#8860,20.85,0.785398163397444);
#218=CONICAL_SURFACE('',#8863,20.85,0.785398163397444);
#219=CONICAL_SURFACE('',#8875,2.65,0.785398163397448);
#220=CONICAL_SURFACE('',#8879,2.65,0.785398163397448);
#221=CONICAL_SURFACE('',#8883,2.65,0.785398163397448);
#222=CONICAL_SURFACE('',#8887,2.65,0.785398163397448);
#223=CONICAL_SURFACE('',#8891,2.65,0.785398163397448);
#224=CONICAL_SURFACE('',#8895,2.65,0.785398163397448);
#225=CONICAL_SURFACE('',#8899,2.65,0.785398163397449);
#226=CONICAL_SURFACE('',#8900,2.65,0.785398163397449);
#227=CONICAL_SURFACE('',#8901,2.65,0.785398163397449);
#228=CONICAL_SURFACE('',#8902,2.65,0.785398163397449);
#229=CONICAL_SURFACE('',#8903,2.65,0.785398163397449);
#230=CONICAL_SURFACE('',#8904,2.65,0.785398163397449);
#231=CONICAL_SURFACE('',#8905,7.45,0.785398163397449);
#232=CONICAL_SURFACE('',#8909,6.15,0.785398163397449);
#233=CONICAL_SURFACE('',#8913,6.15,0.785398163397452);
#234=CONICAL_SURFACE('',#8917,10.85,0.785398163397452);
#235=CONICAL_SURFACE('',#8921,7.45,0.785398163397482);
#236=FACE_BOUND('',#844,.T.);
#237=FACE_BOUND('',#845,.T.);
#238=FACE_BOUND('',#846,.T.);
#239=FACE_BOUND('',#847,.T.);
#240=FACE_BOUND('',#848,.T.);
#241=FACE_BOUND('',#852,.T.);
#242=FACE_BOUND('',#856,.T.);
#243=FACE_BOUND('',#865,.T.);
#244=FACE_BOUND('',#867,.T.);
#245=FACE_BOUND('',#868,.T.);
#246=FACE_BOUND('',#869,.T.);
#247=FACE_BOUND('',#870,.T.);
#248=FACE_BOUND('',#871,.T.);
#249=FACE_BOUND('',#872,.T.);
#250=FACE_BOUND('',#873,.T.);
#251=FACE_BOUND('',#879,.T.);
#252=FACE_BOUND('',#880,.T.);
#253=FACE_BOUND('',#881,.T.);
#254=FACE_BOUND('',#882,.T.);
#255=FACE_BOUND('',#883,.T.);
#256=FACE_BOUND('',#884,.T.);
#257=FACE_BOUND('',#885,.T.);
#258=FACE_BOUND('',#908,.T.);
#259=FACE_BOUND('',#911,.T.);
#260=FACE_BOUND('',#914,.T.);
#261=FACE_BOUND('',#917,.T.);
#262=FACE_BOUND('',#918,.T.);
#263=FACE_BOUND('',#919,.T.);
#264=FACE_BOUND('',#920,.T.);
#265=FACE_BOUND('',#921,.T.);
#266=FACE_BOUND('',#922,.T.);
#267=FACE_BOUND('',#923,.T.);
#268=FACE_BOUND('',#924,.T.);
#269=FACE_BOUND('',#925,.T.);
#270=FACE_BOUND('',#926,.T.);
#271=FACE_BOUND('',#927,.T.);
#272=FACE_BOUND('',#928,.T.);
#273=FACE_BOUND('',#929,.T.);
#274=FACE_BOUND('',#930,.T.);
#275=FACE_BOUND('',#931,.T.);
#276=FACE_BOUND('',#932,.T.);
#277=FACE_BOUND('',#933,.T.);
#278=FACE_BOUND('',#934,.T.);
#279=FACE_BOUND('',#935,.T.);
#280=FACE_BOUND('',#936,.T.);
#281=FACE_BOUND('',#937,.T.);
#282=FACE_BOUND('',#938,.T.);
#283=FACE_BOUND('',#939,.T.);
#284=FACE_BOUND('',#940,.T.);
#285=FACE_BOUND('',#941,.T.);
#286=FACE_BOUND('',#991,.T.);
#287=FACE_BOUND('',#1035,.T.);
#288=FACE_BOUND('',#1105,.T.);
#289=FACE_BOUND('',#1300,.T.);
#290=FACE_BOUND('',#1326,.T.);
#291=CIRCLE('',#8824,11.);
#292=CIRCLE('',#8825,11.);
#293=CIRCLE('',#8827,1.5);
#294=CIRCLE('',#8829,1.7);
#295=CIRCLE('',#8830,1.6);
#296=CIRCLE('',#8833,1.6);
#297=CIRCLE('',#8835,1.7);
#298=CIRCLE('',#8836,1.6);
#299=CIRCLE('',#8839,1.6);
#300=CIRCLE('',#8841,1.5);
#301=CIRCLE('',#8843,20.7);
#302=CIRCLE('',#8844,21.);
#303=CIRCLE('',#8847,20.7);
#304=CIRCLE('',#8848,21.);
#305=CIRCLE('',#8851,21.);
#306=CIRCLE('',#8853,2.8);
#307=CIRCLE('',#8854,2.8);
#308=CIRCLE('',#8855,2.8);
#309=CIRCLE('',#8856,7.6);
#310=CIRCLE('',#8857,2.8);
#311=CIRCLE('',#8858,2.8);
#312=CIRCLE('',#8859,2.8);
#313=CIRCLE('',#8861,20.7);
#314=CIRCLE('',#8864,20.7);
#315=CIRCLE('',#8865,21.);
#316=CIRCLE('',#8868,2.8);
#317=CIRCLE('',#8869,2.8);
#318=CIRCLE('',#8870,2.8);
#319=CIRCLE('',#8871,2.8);
#320=CIRCLE('',#8872,2.8);
#321=CIRCLE('',#8873,2.8);
#322=CIRCLE('',#8876,2.5);
#323=CIRCLE('',#8878,2.5);
#324=CIRCLE('',#8880,2.5);
#325=CIRCLE('',#8882,2.5);
#326=CIRCLE('',#8884,2.5);
#327=CIRCLE('',#8886,2.5);
#328=CIRCLE('',#8888,2.5);
#329=CIRCLE('',#8890,2.5);
#330=CIRCLE('',#8892,2.5);
#331=CIRCLE('',#8894,2.5);
#332=CIRCLE('',#8896,2.5);
#333=CIRCLE('',#8898,2.5);
#334=CIRCLE('',#8906,7.3);
#335=CIRCLE('',#8908,6.3);
#336=CIRCLE('',#8910,6.);
#337=CIRCLE('',#8912,6.);
#338=CIRCLE('',#8914,6.3);
#339=CIRCLE('',#8916,7.3);
#340=CIRCLE('',#8918,10.7);
#341=CIRCLE('',#8920,7.6);
#342=CIRCLE('',#9095,4.);
#343=CIRCLE('',#9098,4.);
#344=CIRCLE('',#9101,4.);
#345=CYLINDRICAL_SURFACE('',#8823,11.);
#346=CYLINDRICAL_SURFACE('',#8826,1.5);
#347=CYLINDRICAL_SURFACE('',#8832,1.6);
#348=CYLINDRICAL_SURFACE('',#8838,1.6);
#349=CYLINDRICAL_SURFACE('',#8840,1.5);
#350=CYLINDRICAL_SURFACE('',#8850,21.);
#351=CYLINDRICAL_SURFACE('',#8874,2.6);
#352=CYLINDRICAL_SURFACE('',#8877,2.5);
#353=CYLINDRICAL_SURFACE('',#8881,2.5);
#354=CYLINDRICAL_SURFACE('',#8885,2.5);
#355=CYLINDRICAL_SURFACE('',#8889,2.5);
#356=CYLINDRICAL_SURFACE('',#8893,2.5);
#357=CYLINDRICAL_SURFACE('',#8897,2.5);
#358=CYLINDRICAL_SURFACE('',#8911,6.);
#359=CYLINDRICAL_SURFACE('',#9094,4.);
#360=CYLINDRICAL_SURFACE('',#9097,4.);
#361=CYLINDRICAL_SURFACE('',#9100,4.);
#362=CYLINDRICAL_SURFACE('',#9104,21.);
#363=FACE_OUTER_BOUND('',#842,.T.);
#364=FACE_OUTER_BOUND('',#843,.T.);
#365=FACE_OUTER_BOUND('',#849,.T.);
#366=FACE_OUTER_BOUND('',#850,.T.);
#367=FACE_OUTER_BOUND('',#851,.T.);
#368=FACE_OUTER_BOUND('',#853,.T.);
#369=FACE_OUTER_BOUND('',#854,.T.);
#370=FACE_OUTER_BOUND('',#855,.T.);
#371=FACE_OUTER_BOUND('',#857,.T.);
#372=FACE_OUTER_BOUND('',#858,.T.);
#373=FACE_OUTER_BOUND('',#859,.T.);
#374=FACE_OUTER_BOUND('',#860,.T.);
#375=FACE_OUTER_BOUND('',#861,.T.);
#376=FACE_OUTER_BOUND('',#862,.T.);
#377=FACE_OUTER_BOUND('',#863,.T.);
#378=FACE_OUTER_BOUND('',#864,.T.);
#379=FACE_OUTER_BOUND('',#866,.T.);
#380=FACE_OUTER_BOUND('',#874,.T.);
#381=FACE_OUTER_BOUND('',#875,.T.);
#382=FACE_OUTER_BOUND('',#876,.T.);
#383=FACE_OUTER_BOUND('',#877,.T.);
#384=FACE_OUTER_BOUND('',#878,.T.);
#385=FACE_OUTER_BOUND('',#886,.T.);
#386=FACE_OUTER_BOUND('',#887,.T.);
#387=FACE_OUTER_BOUND('',#888,.T.);
#388=FACE_OUTER_BOUND('',#889,.T.);
#389=FACE_OUTER_BOUND('',#890,.T.);
#390=FACE_OUTER_BOUND('',#891,.T.);
#391=FACE_OUTER_BOUND('',#892,.T.);
#392=FACE_OUTER_BOUND('',#893,.T.);
#393=FACE_OUTER_BOUND('',#894,.T.);
#394=FACE_OUTER_BOUND('',#895,.T.);
#395=FACE_OUTER_BOUND('',#896,.T.);
#396=FACE_OUTER_BOUND('',#897,.T.);
#397=FACE_OUTER_BOUND('',#898,.T.);
#398=FACE_OUTER_BOUND('',#899,.T.);
#399=FACE_OUTER_BOUND('',#900,.T.);
#400=FACE_OUTER_BOUND('',#901,.T.);
#401=FACE_OUTER_BOUND('',#902,.T.);
#402=FACE_OUTER_BOUND('',#903,.T.);
#403=FACE_OUTER_BOUND('',#904,.T.);
#404=FACE_OUTER_BOUND('',#905,.T.);
#405=FACE_OUTER_BOUND('',#906,.T.);
#406=FACE_OUTER_BOUND('',#907,.T.);
#407=FACE_OUTER_BOUND('',#909,.T.);
#408=FACE_OUTER_BOUND('',#910,.T.);
#409=FACE_OUTER_BOUND('',#912,.T.);
#410=FACE_OUTER_BOUND('',#913,.T.);
#411=FACE_OUTER_BOUND('',#915,.T.);
#412=FACE_OUTER_BOUND('',#916,.T.);
#413=FACE_OUTER_BOUND('',#942,.T.);
#414=FACE_OUTER_BOUND('',#943,.T.);
#415=FACE_OUTER_BOUND('',#944,.T.);
#416=FACE_OUTER_BOUND('',#945,.T.);
#417=FACE_OUTER_BOUND('',#946,.T.);
#418=FACE_OUTER_BOUND('',#947,.T.);
#419=FACE_OUTER_BOUND('',#948,.T.);
#420=FACE_OUTER_BOUND('',#949,.T.);
#421=FACE_OUTER_BOUND('',#950,.T.);
#422=FACE_OUTER_BOUND('',#951,.T.);
#423=FACE_OUTER_BOUND('',#952,.T.);
#424=FACE_OUTER_BOUND('',#953,.T.);
#425=FACE_OUTER_BOUND('',#954,.T.);
#426=FACE_OUTER_BOUND('',#955,.T.);
#427=FACE_OUTER_BOUND('',#956,.T.);
#428=FACE_OUTER_BOUND('',#957,.T.);
#429=FACE_OUTER_BOUND('',#958,.T.);
#430=FACE_OUTER_BOUND('',#959,.T.);
#431=FACE_OUTER_BOUND('',#960,.T.);
#432=FACE_OUTER_BOUND('',#961,.T.);
#433=FACE_OUTER_BOUND('',#962,.T.);
#434=FACE_OUTER_BOUND('',#963,.T.);
#435=FACE_OUTER_BOUND('',#964,.T.);
#436=FACE_OUTER_BOUND('',#965,.T.);
#437=FACE_OUTER_BOUND('',#966,.T.);
#438=FACE_OUTER_BOUND('',#967,.T.);
#439=FACE_OUTER_BOUND('',#968,.T.);
#440=FACE_OUTER_BOUND('',#969,.T.);
#441=FACE_OUTER_BOUND('',#970,.T.);
#442=FACE_OUTER_BOUND('',#971,.T.);
#443=FACE_OUTER_BOUND('',#972,.T.);
#444=FACE_OUTER_BOUND('',#973,.T.);
#445=FACE_OUTER_BOUND('',#974,.T.);
#446=FACE_OUTER_BOUND('',#975,.T.);
#447=FACE_OUTER_BOUND('',#976,.T.);
#448=FACE_OUTER_BOUND('',#977,.T.);
#449=FACE_OUTER_BOUND('',#978,.T.);
#450=FACE_OUTER_BOUND('',#979,.T.);
#451=FACE_OUTER_BOUND('',#980,.T.);
#452=FACE_OUTER_BOUND('',#981,.T.);
#453=FACE_OUTER_BOUND('',#982,.T.);
#454=FACE_OUTER_BOUND('',#983,.T.);
#455=FACE_OUTER_BOUND('',#984,.T.);
#456=FACE_OUTER_BOUND('',#985,.T.);
#457=FACE_OUTER_BOUND('',#986,.T.);
#458=FACE_OUTER_BOUND('',#987,.T.);
#459=FACE_OUTER_BOUND('',#988,.T.);
#460=FACE_OUTER_BOUND('',#989,.T.);
#461=FACE_OUTER_BOUND('',#990,.T.);
#462=FACE_OUTER_BOUND('',#992,.T.);
#463=FACE_OUTER_BOUND('',#993,.T.);
#464=FACE_OUTER_BOUND('',#994,.T.);
#465=FACE_OUTER_BOUND('',#995,.T.);
#466=FACE_OUTER_BOUND('',#996,.T.);
#467=FACE_OUTER_BOUND('',#997,.T.);
#468=FACE_OUTER_BOUND('',#998,.T.);
#469=FACE_OUTER_BOUND('',#999,.T.);
#470=FACE_OUTER_BOUND('',#1000,.T.);
#471=FACE_OUTER_BOUND('',#1001,.T.);
#472=FACE_OUTER_BOUND('',#1002,.T.);
#473=FACE_OUTER_BOUND('',#1003,.T.);
#474=FACE_OUTER_BOUND('',#1004,.T.);
#475=FACE_OUTER_BOUND('',#1005,.T.);
#476=FACE_OUTER_BOUND('',#1006,.T.);
#477=FACE_OUTER_BOUND('',#1007,.T.);
#478=FACE_OUTER_BOUND('',#1008,.T.);
#479=FACE_OUTER_BOUND('',#1009,.T.);
#480=FACE_OUTER_BOUND('',#1010,.T.);
#481=FACE_OUTER_BOUND('',#1011,.T.);
#482=FACE_OUTER_BOUND('',#1012,.T.);
#483=FACE_OUTER_BOUND('',#1013,.T.);
#484=FACE_OUTER_BOUND('',#1014,.T.);
#485=FACE_OUTER_BOUND('',#1015,.T.);
#486=FACE_OUTER_BOUND('',#1016,.T.);
#487=FACE_OUTER_BOUND('',#1017,.T.);
#488=FACE_OUTER_BOUND('',#1018,.T.);
#489=FACE_OUTER_BOUND('',#1019,.T.);
#490=FACE_OUTER_BOUND('',#1020,.T.);
#491=FACE_OUTER_BOUND('',#1021,.T.);
#492=FACE_OUTER_BOUND('',#1022,.T.);
#493=FACE_OUTER_BOUND('',#1023,.T.);
#494=FACE_OUTER_BOUND('',#1024,.T.);
#495=FACE_OUTER_BOUND('',#1025,.T.);
#496=FACE_OUTER_BOUND('',#1026,.T.);
#497=FACE_OUTER_BOUND('',#1027,.T.);
#498=FACE_OUTER_BOUND('',#1028,.T.);
#499=FACE_OUTER_BOUND('',#1029,.T.);
#500=FACE_OUTER_BOUND('',#1030,.T.);
#501=FACE_OUTER_BOUND('',#1031,.T.);
#502=FACE_OUTER_BOUND('',#1032,.T.);
#503=FACE_OUTER_BOUND('',#1033,.T.);
#504=FACE_OUTER_BOUND('',#1034,.T.);
#505=FACE_OUTER_BOUND('',#1036,.T.);
#506=FACE_OUTER_BOUND('',#1037,.T.);
#507=FACE_OUTER_BOUND('',#1038,.T.);
#508=FACE_OUTER_BOUND('',#1039,.T.);
#509=FACE_OUTER_BOUND('',#1040,.T.);
#510=FACE_OUTER_BOUND('',#1041,.T.);
#511=FACE_OUTER_BOUND('',#1042,.T.);
#512=FACE_OUTER_BOUND('',#1043,.T.);
#513=FACE_OUTER_BOUND('',#1044,.T.);
#514=FACE_OUTER_BOUND('',#1045,.T.);
#515=FACE_OUTER_BOUND('',#1046,.T.);
#516=FACE_OUTER_BOUND('',#1047,.T.);
#517=FACE_OUTER_BOUND('',#1048,.T.);
#518=FACE_OUTER_BOUND('',#1049,.T.);
#519=FACE_OUTER_BOUND('',#1050,.T.);
#520=FACE_OUTER_BOUND('',#1051,.T.);
#521=FACE_OUTER_BOUND('',#1052,.T.);
#522=FACE_OUTER_BOUND('',#1053,.T.);
#523=FACE_OUTER_BOUND('',#1054,.T.);
#524=FACE_OUTER_BOUND('',#1055,.T.);
#525=FACE_OUTER_BOUND('',#1056,.T.);
#526=FACE_OUTER_BOUND('',#1057,.T.);
#527=FACE_OUTER_BOUND('',#1058,.T.);
#528=FACE_OUTER_BOUND('',#1059,.T.);
#529=FACE_OUTER_BOUND('',#1060,.T.);
#530=FACE_OUTER_BOUND('',#1061,.T.);
#531=FACE_OUTER_BOUND('',#1062,.T.);
#532=FACE_OUTER_BOUND('',#1063,.T.);
#533=FACE_OUTER_BOUND('',#1064,.T.);
#534=FACE_OUTER_BOUND('',#1065,.T.);
#535=FACE_OUTER_BOUND('',#1066,.T.);
#536=FACE_OUTER_BOUND('',#1067,.T.);
#537=FACE_OUTER_BOUND('',#1068,.T.);
#538=FACE_OUTER_BOUND('',#1069,.T.);
#539=FACE_OUTER_BOUND('',#1070,.T.);
#540=FACE_OUTER_BOUND('',#1071,.T.);
#541=FACE_OUTER_BOUND('',#1072,.T.);
#542=FACE_OUTER_BOUND('',#1073,.T.);
#543=FACE_OUTER_BOUND('',#1074,.T.);
#544=FACE_OUTER_BOUND('',#1075,.T.);
#545=FACE_OUTER_BOUND('',#1076,.T.);
#546=FACE_OUTER_BOUND('',#1077,.T.);
#547=FACE_OUTER_BOUND('',#1078,.T.);
#548=FACE_OUTER_BOUND('',#1079,.T.);
#549=FACE_OUTER_BOUND('',#1080,.T.);
#550=FACE_OUTER_BOUND('',#1081,.T.);
#551=FACE_OUTER_BOUND('',#1082,.T.);
#552=FACE_OUTER_BOUND('',#1083,.T.);
#553=FACE_OUTER_BOUND('',#1084,.T.);
#554=FACE_OUTER_BOUND('',#1085,.T.);
#555=FACE_OUTER_BOUND('',#1086,.T.);
#556=FACE_OUTER_BOUND('',#1087,.T.);
#557=FACE_OUTER_BOUND('',#1088,.T.);
#558=FACE_OUTER_BOUND('',#1089,.T.);
#559=FACE_OUTER_BOUND('',#1090,.T.);
#560=FACE_OUTER_BOUND('',#1091,.T.);
#561=FACE_OUTER_BOUND('',#1092,.T.);
#562=FACE_OUTER_BOUND('',#1093,.T.);
#563=FACE_OUTER_BOUND('',#1094,.T.);
#564=FACE_OUTER_BOUND('',#1095,.T.);
#565=FACE_OUTER_BOUND('',#1096,.T.);
#566=FACE_OUTER_BOUND('',#1097,.T.);
#567=FACE_OUTER_BOUND('',#1098,.T.);
#568=FACE_OUTER_BOUND('',#1099,.T.);
#569=FACE_OUTER_BOUND('',#1100,.T.);
#570=FACE_OUTER_BOUND('',#1101,.T.);
#571=FACE_OUTER_BOUND('',#1102,.T.);
#572=FACE_OUTER_BOUND('',#1103,.T.);
#573=FACE_OUTER_BOUND('',#1104,.T.);
#574=FACE_OUTER_BOUND('',#1106,.T.);
#575=FACE_OUTER_BOUND('',#1107,.T.);
#576=FACE_OUTER_BOUND('',#1108,.T.);
#577=FACE_OUTER_BOUND('',#1109,.T.);
#578=FACE_OUTER_BOUND('',#1110,.T.);
#579=FACE_OUTER_BOUND('',#1111,.T.);
#580=FACE_OUTER_BOUND('',#1112,.T.);
#581=FACE_OUTER_BOUND('',#1113,.T.);
#582=FACE_OUTER_BOUND('',#1114,.T.);
#583=FACE_OUTER_BOUND('',#1115,.T.);
#584=FACE_OUTER_BOUND('',#1116,.T.);
#585=FACE_OUTER_BOUND('',#1117,.T.);
#586=FACE_OUTER_BOUND('',#1118,.T.);
#587=FACE_OUTER_BOUND('',#1119,.T.);
#588=FACE_OUTER_BOUND('',#1120,.T.);
#589=FACE_OUTER_BOUND('',#1121,.T.);
#590=FACE_OUTER_BOUND('',#1122,.T.);
#591=FACE_OUTER_BOUND('',#1123,.T.);
#592=FACE_OUTER_BOUND('',#1124,.T.);
#593=FACE_OUTER_BOUND('',#1125,.T.);
#594=FACE_OUTER_BOUND('',#1126,.T.);
#595=FACE_OUTER_BOUND('',#1127,.T.);
#596=FACE_OUTER_BOUND('',#1128,.T.);
#597=FACE_OUTER_BOUND('',#1129,.T.);
#598=FACE_OUTER_BOUND('',#1130,.T.);
#599=FACE_OUTER_BOUND('',#1131,.T.);
#600=FACE_OUTER_BOUND('',#1132,.T.);
#601=FACE_OUTER_BOUND('',#1133,.T.);
#602=FACE_OUTER_BOUND('',#1134,.T.);
#603=FACE_OUTER_BOUND('',#1135,.T.);
#604=FACE_OUTER_BOUND('',#1136,.T.);
#605=FACE_OUTER_BOUND('',#1137,.T.);
#606=FACE_OUTER_BOUND('',#1138,.T.);
#607=FACE_OUTER_BOUND('',#1139,.T.);
#608=FACE_OUTER_BOUND('',#1140,.T.);
#609=FACE_OUTER_BOUND('',#1141,.T.);
#610=FACE_OUTER_BOUND('',#1142,.T.);
#611=FACE_OUTER_BOUND('',#1143,.T.);
#612=FACE_OUTER_BOUND('',#1144,.T.);
#613=FACE_OUTER_BOUND('',#1145,.T.);
#614=FACE_OUTER_BOUND('',#1146,.T.);
#615=FACE_OUTER_BOUND('',#1147,.T.);
#616=FACE_OUTER_BOUND('',#1148,.T.);
#617=FACE_OUTER_BOUND('',#1149,.T.);
#618=FACE_OUTER_BOUND('',#1150,.T.);
#619=FACE_OUTER_BOUND('',#1151,.T.);
#620=FACE_OUTER_BOUND('',#1152,.T.);
#621=FACE_OUTER_BOUND('',#1153,.T.);
#622=FACE_OUTER_BOUND('',#1154,.T.);
#623=FACE_OUTER_BOUND('',#1155,.T.);
#624=FACE_OUTER_BOUND('',#1156,.T.);
#625=FACE_OUTER_BOUND('',#1157,.T.);
#626=FACE_OUTER_BOUND('',#1158,.T.);
#627=FACE_OUTER_BOUND('',#1159,.T.);
#628=FACE_OUTER_BOUND('',#1160,.T.);
#629=FACE_OUTER_BOUND('',#1161,.T.);
#630=FACE_OUTER_BOUND('',#1162,.T.);
#631=FACE_OUTER_BOUND('',#1163,.T.);
#632=FACE_OUTER_BOUND('',#1164,.T.);
#633=FACE_OUTER_BOUND('',#1165,.T.);
#634=FACE_OUTER_BOUND('',#1166,.T.);
#635=FACE_OUTER_BOUND('',#1167,.T.);
#636=FACE_OUTER_BOUND('',#1168,.T.);
#637=FACE_OUTER_BOUND('',#1169,.T.);
#638=FACE_OUTER_BOUND('',#1170,.T.);
#639=FACE_OUTER_BOUND('',#1171,.T.);
#640=FACE_OUTER_BOUND('',#1172,.T.);
#641=FACE_OUTER_BOUND('',#1173,.T.);
#642=FACE_OUTER_BOUND('',#1174,.T.);
#643=FACE_OUTER_BOUND('',#1175,.T.);
#644=FACE_OUTER_BOUND('',#1176,.T.);
#645=FACE_OUTER_BOUND('',#1177,.T.);
#646=FACE_OUTER_BOUND('',#1178,.T.);
#647=FACE_OUTER_BOUND('',#1179,.T.);
#648=FACE_OUTER_BOUND('',#1180,.T.);
#649=FACE_OUTER_BOUND('',#1181,.T.);
#650=FACE_OUTER_BOUND('',#1182,.T.);
#651=FACE_OUTER_BOUND('',#1183,.T.);
#652=FACE_OUTER_BOUND('',#1184,.T.);
#653=FACE_OUTER_BOUND('',#1185,.T.);
#654=FACE_OUTER_BOUND('',#1186,.T.);
#655=FACE_OUTER_BOUND('',#1187,.T.);
#656=FACE_OUTER_BOUND('',#1188,.T.);
#657=FACE_OUTER_BOUND('',#1189,.T.);
#658=FACE_OUTER_BOUND('',#1190,.T.);
#659=FACE_OUTER_BOUND('',#1191,.T.);
#660=FACE_OUTER_BOUND('',#1192,.T.);
#661=FACE_OUTER_BOUND('',#1193,.T.);
#662=FACE_OUTER_BOUND('',#1194,.T.);
#663=FACE_OUTER_BOUND('',#1195,.T.);
#664=FACE_OUTER_BOUND('',#1196,.T.);
#665=FACE_OUTER_BOUND('',#1197,.T.);
#666=FACE_OUTER_BOUND('',#1198,.T.);
#667=FACE_OUTER_BOUND('',#1199,.T.);
#668=FACE_OUTER_BOUND('',#1200,.T.);
#669=FACE_OUTER_BOUND('',#1201,.T.);
#670=FACE_OUTER_BOUND('',#1202,.T.);
#671=FACE_OUTER_BOUND('',#1203,.T.);
#672=FACE_OUTER_BOUND('',#1204,.T.);
#673=FACE_OUTER_BOUND('',#1205,.T.);
#674=FACE_OUTER_BOUND('',#1206,.T.);
#675=FACE_OUTER_BOUND('',#1207,.T.);
#676=FACE_OUTER_BOUND('',#1208,.T.);
#677=FACE_OUTER_BOUND('',#1209,.T.);
#678=FACE_OUTER_BOUND('',#1210,.T.);
#679=FACE_OUTER_BOUND('',#1211,.T.);
#680=FACE_OUTER_BOUND('',#1212,.T.);
#681=FACE_OUTER_BOUND('',#1213,.T.);
#682=FACE_OUTER_BOUND('',#1214,.T.);
#683=FACE_OUTER_BOUND('',#1215,.T.);
#684=FACE_OUTER_BOUND('',#1216,.T.);
#685=FACE_OUTER_BOUND('',#1217,.T.);
#686=FACE_OUTER_BOUND('',#1218,.T.);
#687=FACE_OUTER_BOUND('',#1219,.T.);
#688=FACE_OUTER_BOUND('',#1220,.T.);
#689=FACE_OUTER_BOUND('',#1221,.T.);
#690=FACE_OUTER_BOUND('',#1222,.T.);
#691=FACE_OUTER_BOUND('',#1223,.T.);
#692=FACE_OUTER_BOUND('',#1224,.T.);
#693=FACE_OUTER_BOUND('',#1225,.T.);
#694=FACE_OUTER_BOUND('',#1226,.T.);
#695=FACE_OUTER_BOUND('',#1227,.T.);
#696=FACE_OUTER_BOUND('',#1228,.T.);
#697=FACE_OUTER_BOUND('',#1229,.T.);
#698=FACE_OUTER_BOUND('',#1230,.T.);
#699=FACE_OUTER_BOUND('',#1231,.T.);
#700=FACE_OUTER_BOUND('',#1232,.T.);
#701=FACE_OUTER_BOUND('',#1233,.T.);
#702=FACE_OUTER_BOUND('',#1234,.T.);
#703=FACE_OUTER_BOUND('',#1235,.T.);
#704=FACE_OUTER_BOUND('',#1236,.T.);
#705=FACE_OUTER_BOUND('',#1237,.T.);
#706=FACE_OUTER_BOUND('',#1238,.T.);
#707=FACE_OUTER_BOUND('',#1239,.T.);
#708=FACE_OUTER_BOUND('',#1240,.T.);
#709=FACE_OUTER_BOUND('',#1241,.T.);
#710=FACE_OUTER_BOUND('',#1242,.T.);
#711=FACE_OUTER_BOUND('',#1243,.T.);
#712=FACE_OUTER_BOUND('',#1244,.T.);
#713=FACE_OUTER_BOUND('',#1245,.T.);
#714=FACE_OUTER_BOUND('',#1246,.T.);
#715=FACE_OUTER_BOUND('',#1247,.T.);
#716=FACE_OUTER_BOUND('',#1248,.T.);
#717=FACE_OUTER_BOUND('',#1249,.T.);
#718=FACE_OUTER_BOUND('',#1250,.T.);
#719=FACE_OUTER_BOUND('',#1251,.T.);
#720=FACE_OUTER_BOUND('',#1252,.T.);
#721=FACE_OUTER_BOUND('',#1253,.T.);
#722=FACE_OUTER_BOUND('',#1254,.T.);
#723=FACE_OUTER_BOUND('',#1255,.T.);
#724=FACE_OUTER_BOUND('',#1256,.T.);
#725=FACE_OUTER_BOUND('',#1257,.T.);
#726=FACE_OUTER_BOUND('',#1258,.T.);
#727=FACE_OUTER_BOUND('',#1259,.T.);
#728=FACE_OUTER_BOUND('',#1260,.T.);
#729=FACE_OUTER_BOUND('',#1261,.T.);
#730=FACE_OUTER_BOUND('',#1262,.T.);
#731=FACE_OUTER_BOUND('',#1263,.T.);
#732=FACE_OUTER_BOUND('',#1264,.T.);
#733=FACE_OUTER_BOUND('',#1265,.T.);
#734=FACE_OUTER_BOUND('',#1266,.T.);
#735=FACE_OUTER_BOUND('',#1267,.T.);
#736=FACE_OUTER_BOUND('',#1268,.T.);
#737=FACE_OUTER_BOUND('',#1269,.T.);
#738=FACE_OUTER_BOUND('',#1270,.T.);
#739=FACE_OUTER_BOUND('',#1271,.T.);
#740=FACE_OUTER_BOUND('',#1272,.T.);
#741=FACE_OUTER_BOUND('',#1273,.T.);
#742=FACE_OUTER_BOUND('',#1274,.T.);
#743=FACE_OUTER_BOUND('',#1275,.T.);
#744=FACE_OUTER_BOUND('',#1276,.T.);
#745=FACE_OUTER_BOUND('',#1277,.T.);
#746=FACE_OUTER_BOUND('',#1278,.T.);
#747=FACE_OUTER_BOUND('',#1279,.T.);
#748=FACE_OUTER_BOUND('',#1280,.T.);
#749=FACE_OUTER_BOUND('',#1281,.T.);
#750=FACE_OUTER_BOUND('',#1282,.T.);
#751=FACE_OUTER_BOUND('',#1283,.T.);
#752=FACE_OUTER_BOUND('',#1284,.T.);
#753=FACE_OUTER_BOUND('',#1285,.T.);
#754=FACE_OUTER_BOUND('',#1286,.T.);
#755=FACE_OUTER_BOUND('',#1287,.T.);
#756=FACE_OUTER_BOUND('',#1288,.T.);
#757=FACE_OUTER_BOUND('',#1289,.T.);
#758=FACE_OUTER_BOUND('',#1290,.T.);
#759=FACE_OUTER_BOUND('',#1291,.T.);
#760=FACE_OUTER_BOUND('',#1292,.T.);
#761=FACE_OUTER_BOUND('',#1293,.T.);
#762=FACE_OUTER_BOUND('',#1294,.T.);
#763=FACE_OUTER_BOUND('',#1295,.T.);
#764=FACE_OUTER_BOUND('',#1296,.T.);
#765=FACE_OUTER_BOUND('',#1297,.T.);
#766=FACE_OUTER_BOUND('',#1298,.T.);
#767=FACE_OUTER_BOUND('',#1299,.T.);
#768=FACE_OUTER_BOUND('',#1301,.T.);
#769=FACE_OUTER_BOUND('',#1302,.T.);
#770=FACE_OUTER_BOUND('',#1303,.T.);
#771=FACE_OUTER_BOUND('',#1304,.T.);
#772=FACE_OUTER_BOUND('',#1305,.T.);
#773=FACE_OUTER_BOUND('',#1306,.T.);
#774=FACE_OUTER_BOUND('',#1307,.T.);
#775=FACE_OUTER_BOUND('',#1308,.T.);
#776=FACE_OUTER_BOUND('',#1309,.T.);
#777=FACE_OUTER_BOUND('',#1310,.T.);
#778=FACE_OUTER_BOUND('',#1311,.T.);
#779=FACE_OUTER_BOUND('',#1312,.T.);
#780=FACE_OUTER_BOUND('',#1313,.T.);
#781=FACE_OUTER_BOUND('',#1314,.T.);
#782=FACE_OUTER_BOUND('',#1315,.T.);
#783=FACE_OUTER_BOUND('',#1316,.T.);
#784=FACE_OUTER_BOUND('',#1317,.T.);
#785=FACE_OUTER_BOUND('',#1318,.T.);
#786=FACE_OUTER_BOUND('',#1319,.T.);
#787=FACE_OUTER_BOUND('',#1320,.T.);
#788=FACE_OUTER_BOUND('',#1321,.T.);
#789=FACE_OUTER_BOUND('',#1322,.T.);
#790=FACE_OUTER_BOUND('',#1323,.T.);
#791=FACE_OUTER_BOUND('',#1324,.T.);
#792=FACE_OUTER_BOUND('',#1325,.T.);
#793=FACE_OUTER_BOUND('',#1327,.T.);
#794=FACE_OUTER_BOUND('',#1328,.T.);
#795=FACE_OUTER_BOUND('',#1329,.T.);
#796=FACE_OUTER_BOUND('',#1330,.T.);
#797=FACE_OUTER_BOUND('',#1331,.T.);
#798=FACE_OUTER_BOUND('',#1332,.T.);
#799=FACE_OUTER_BOUND('',#1333,.T.);
#800=FACE_OUTER_BOUND('',#1334,.T.);
#801=FACE_OUTER_BOUND('',#1335,.T.);
#802=FACE_OUTER_BOUND('',#1336,.T.);
#803=FACE_OUTER_BOUND('',#1337,.T.);
#804=FACE_OUTER_BOUND('',#1338,.T.);
#805=FACE_OUTER_BOUND('',#1339,.T.);
#806=FACE_OUTER_BOUND('',#1340,.T.);
#807=FACE_OUTER_BOUND('',#1341,.T.);
#808=FACE_OUTER_BOUND('',#1342,.T.);
#809=FACE_OUTER_BOUND('',#1343,.T.);
#810=FACE_OUTER_BOUND('',#1344,.T.);
#811=FACE_OUTER_BOUND('',#1345,.T.);
#812=FACE_OUTER_BOUND('',#1346,.T.);
#813=FACE_OUTER_BOUND('',#1347,.T.);
#814=FACE_OUTER_BOUND('',#1348,.T.);
#815=FACE_OUTER_BOUND('',#1349,.T.);
#816=FACE_OUTER_BOUND('',#1350,.T.);
#817=FACE_OUTER_BOUND('',#1351,.T.);
#818=FACE_OUTER_BOUND('',#1352,.T.);
#819=FACE_OUTER_BOUND('',#1353,.T.);
#820=FACE_OUTER_BOUND('',#1354,.T.);
#821=FACE_OUTER_BOUND('',#1355,.T.);
#822=FACE_OUTER_BOUND('',#1356,.T.);
#823=FACE_OUTER_BOUND('',#1357,.T.);
#824=FACE_OUTER_BOUND('',#1358,.T.);
#825=FACE_OUTER_BOUND('',#1359,.T.);
#826=FACE_OUTER_BOUND('',#1360,.T.);
#827=FACE_OUTER_BOUND('',#1361,.T.);
#828=FACE_OUTER_BOUND('',#1362,.T.);
#829=FACE_OUTER_BOUND('',#1363,.T.);
#830=FACE_OUTER_BOUND('',#1364,.T.);
#831=FACE_OUTER_BOUND('',#1365,.T.);
#832=FACE_OUTER_BOUND('',#1366,.T.);
#833=FACE_OUTER_BOUND('',#1367,.T.);
#834=FACE_OUTER_BOUND('',#1368,.T.);
#835=FACE_OUTER_BOUND('',#1369,.T.);
#836=FACE_OUTER_BOUND('',#1370,.T.);
#837=FACE_OUTER_BOUND('',#1371,.T.);
#838=FACE_OUTER_BOUND('',#1372,.T.);
#839=FACE_OUTER_BOUND('',#1373,.T.);
#840=FACE_OUTER_BOUND('',#1374,.T.);
#841=FACE_OUTER_BOUND('',#1375,.T.);
#842=EDGE_LOOP('',(#5489,#5490,#5491,#5492,#5493));
#843=EDGE_LOOP('',(#5494,#5495,#5496,#5497));
#844=EDGE_LOOP('',(#5498));
#845=EDGE_LOOP('',(#5499,#5500));
#846=EDGE_LOOP('',(#5501,#5502));
#847=EDGE_LOOP('',(#5503,#5504));
#848=EDGE_LOOP('',(#5505));
#849=EDGE_LOOP('',(#5506,#5507,#5508,#5509,#5510,#5511,#5512));
#850=EDGE_LOOP('',(#5513,#5514,#5515,#5516));
#851=EDGE_LOOP('',(#5517,#5518,#5519,#5520));
#852=EDGE_LOOP('',(#5521));
#853=EDGE_LOOP('',(#5522,#5523,#5524,#5525));
#854=EDGE_LOOP('',(#5526,#5527,#5528,#5529));
#855=EDGE_LOOP('',(#5530,#5531,#5532,#5533));
#856=EDGE_LOOP('',(#5534));
#857=EDGE_LOOP('',(#5535,#5536,#5537,#5538));
#858=EDGE_LOOP('',(#5539,#5540,#5541,#5542,#5543));
#859=EDGE_LOOP('',(#5544,#5545,#5546,#5547,#5548,#5549,#5550));
#860=EDGE_LOOP('',(#5551,#5552,#5553,#5554));
#861=EDGE_LOOP('',(#5555,#5556,#5557,#5558));
#862=EDGE_LOOP('',(#5559,#5560,#5561,#5562));
#863=EDGE_LOOP('',(#5563,#5564,#5565,#5566));
#864=EDGE_LOOP('',(#5567,#5568,#5569,#5570));
#865=EDGE_LOOP('',(#5571));
#866=EDGE_LOOP('',(#5572,#5573,#5574,#5575));
#867=EDGE_LOOP('',(#5576));
#868=EDGE_LOOP('',(#5577));
#869=EDGE_LOOP('',(#5578));
#870=EDGE_LOOP('',(#5579));
#871=EDGE_LOOP('',(#5580));
#872=EDGE_LOOP('',(#5581));
#873=EDGE_LOOP('',(#5582));
#874=EDGE_LOOP('',(#5583,#5584,#5585,#5586));
#875=EDGE_LOOP('',(#5587,#5588,#5589,#5590));
#876=EDGE_LOOP('',(#5591,#5592,#5593,#5594));
#877=EDGE_LOOP('',(#5595,#5596,#5597,#5598));
#878=EDGE_LOOP('',(#5599,#5600,#5601,#5602));
#879=EDGE_LOOP('',(#5603));
#880=EDGE_LOOP('',(#5604));
#881=EDGE_LOOP('',(#5605));
#882=EDGE_LOOP('',(#5606));
#883=EDGE_LOOP('',(#5607));
#884=EDGE_LOOP('',(#5608));
#885=EDGE_LOOP('',(#5609));
#886=EDGE_LOOP('',(#5610,#5611,#5612,#5613,#5614));
#887=EDGE_LOOP('',(#5615,#5616,#5617,#5618,#5619,#5620));
#888=EDGE_LOOP('',(#5621,#5622,#5623,#5624));
#889=EDGE_LOOP('',(#5625,#5626,#5627,#5628));
#890=EDGE_LOOP('',(#5629,#5630,#5631,#5632));
#891=EDGE_LOOP('',(#5633,#5634,#5635,#5636));
#892=EDGE_LOOP('',(#5637,#5638,#5639,#5640));
#893=EDGE_LOOP('',(#5641,#5642,#5643,#5644));
#894=EDGE_LOOP('',(#5645,#5646,#5647,#5648));
#895=EDGE_LOOP('',(#5649,#5650,#5651,#5652));
#896=EDGE_LOOP('',(#5653,#5654,#5655,#5656));
#897=EDGE_LOOP('',(#5657,#5658,#5659,#5660));
#898=EDGE_LOOP('',(#5661,#5662,#5663,#5664));
#899=EDGE_LOOP('',(#5665,#5666,#5667,#5668));
#900=EDGE_LOOP('',(#5669,#5670,#5671,#5672));
#901=EDGE_LOOP('',(#5673,#5674,#5675,#5676));
#902=EDGE_LOOP('',(#5677,#5678,#5679,#5680));
#903=EDGE_LOOP('',(#5681,#5682,#5683,#5684));
#904=EDGE_LOOP('',(#5685,#5686,#5687,#5688));
#905=EDGE_LOOP('',(#5689,#5690,#5691,#5692));
#906=EDGE_LOOP('',(#5693,#5694,#5695,#5696));
#907=EDGE_LOOP('',(#5697));
#908=EDGE_LOOP('',(#5698));
#909=EDGE_LOOP('',(#5699,#5700,#5701,#5702));
#910=EDGE_LOOP('',(#5703,#5704,#5705,#5706));
#911=EDGE_LOOP('',(#5707,#5708));
#912=EDGE_LOOP('',(#5709,#5710,#5711,#5712));
#913=EDGE_LOOP('',(#5713));
#914=EDGE_LOOP('',(#5714));
#915=EDGE_LOOP('',(#5715,#5716,#5717,#5718));
#916=EDGE_LOOP('',(#5719));
#917=EDGE_LOOP('',(#5720,#5721,#5722,#5723,#5724,#5725,#5726,#5727,#5728,
#5729,#5730,#5731,#5732));
#918=EDGE_LOOP('',(#5733,#5734,#5735,#5736,#5737));
#919=EDGE_LOOP('',(#5738,#5739,#5740,#5741,#5742,#5743,#5744,#5745,#5746,
#5747));
#920=EDGE_LOOP('',(#5748,#5749,#5750,#5751,#5752,#5753,#5754,#5755));
#921=EDGE_LOOP('',(#5756,#5757,#5758,#5759,#5760,#5761,#5762,#5763,#5764,
#5765,#5766,#5767,#5768,#5769,#5770,#5771,#5772,#5773));
#922=EDGE_LOOP('',(#5774,#5775,#5776,#5777,#5778,#5779,#5780,#5781,#5782,
#5783,#5784,#5785,#5786,#5787,#5788,#5789));
#923=EDGE_LOOP('',(#5790,#5791,#5792,#5793,#5794,#5795,#5796));
#924=EDGE_LOOP('',(#5797,#5798,#5799,#5800,#5801,#5802,#5803,#5804,#5805,
#5806,#5807,#5808,#5809,#5810,#5811));
#925=EDGE_LOOP('',(#5812,#5813,#5814,#5815,#5816,#5817,#5818,#5819,#5820,
#5821,#5822,#5823,#5824,#5825,#5826,#5827,#5828,#5829,#5830,#5831,#5832,
#5833,#5834,#5835,#5836,#5837,#5838));
#926=EDGE_LOOP('',(#5839,#5840,#5841,#5842,#5843,#5844,#5845,#5846));
#927=EDGE_LOOP('',(#5847,#5848,#5849,#5850,#5851,#5852,#5853,#5854,#5855,
#5856,#5857,#5858,#5859,#5860));
#928=EDGE_LOOP('',(#5861,#5862,#5863,#5864,#5865,#5866,#5867,#5868,#5869,
#5870,#5871,#5872,#5873,#5874,#5875,#5876));
#929=EDGE_LOOP('',(#5877,#5878,#5879,#5880,#5881,#5882,#5883,#5884,#5885,
#5886,#5887,#5888,#5889,#5890,#5891,#5892,#5893,#5894,#5895,#5896,#5897,
#5898,#5899,#5900,#5901,#5902,#5903,#5904,#5905,#5906,#5907));
#930=EDGE_LOOP('',(#5908,#5909,#5910,#5911,#5912,#5913,#5914,#5915,#5916,
#5917,#5918,#5919,#5920,#5921,#5922,#5923,#5924,#5925));
#931=EDGE_LOOP('',(#5926,#5927,#5928,#5929,#5930,#5931,#5932,#5933,#5934,
#5935,#5936,#5937,#5938,#5939,#5940,#5941,#5942,#5943,#5944,#5945,#5946));
#932=EDGE_LOOP('',(#5947,#5948,#5949,#5950,#5951,#5952,#5953,#5954,#5955,
#5956,#5957,#5958,#5959,#5960,#5961,#5962,#5963));
#933=EDGE_LOOP('',(#5964,#5965,#5966,#5967,#5968,#5969,#5970,#5971,#5972,
#5973,#5974,#5975,#5976,#5977,#5978,#5979,#5980));
#934=EDGE_LOOP('',(#5981,#5982,#5983,#5984,#5985,#5986,#5987,#5988,#5989,
#5990,#5991,#5992,#5993,#5994,#5995,#5996,#5997,#5998,#5999));
#935=EDGE_LOOP('',(#6000,#6001,#6002,#6003,#6004,#6005,#6006,#6007,#6008,
#6009,#6010,#6011,#6012,#6013,#6014));
#936=EDGE_LOOP('',(#6015,#6016,#6017,#6018,#6019,#6020,#6021,#6022));
#937=EDGE_LOOP('',(#6023,#6024,#6025,#6026,#6027,#6028,#6029,#6030,#6031,
#6032,#6033,#6034,#6035,#6036,#6037));
#938=EDGE_LOOP('',(#6038,#6039,#6040,#6041,#6042,#6043,#6044,#6045));
#939=EDGE_LOOP('',(#6046,#6047,#6048,#6049,#6050));
#940=EDGE_LOOP('',(#6051,#6052,#6053,#6054,#6055,#6056,#6057,#6058,#6059,
#6060,#6061,#6062,#6063,#6064,#6065,#6066,#6067));
#941=EDGE_LOOP('',(#6068));
#942=EDGE_LOOP('',(#6069,#6070,#6071,#6072));
#943=EDGE_LOOP('',(#6073,#6074,#6075,#6076));
#944=EDGE_LOOP('',(#6077,#6078,#6079,#6080));
#945=EDGE_LOOP('',(#6081,#6082,#6083,#6084));
#946=EDGE_LOOP('',(#6085,#6086,#6087,#6088));
#947=EDGE_LOOP('',(#6089,#6090,#6091,#6092));
#948=EDGE_LOOP('',(#6093,#6094,#6095,#6096));
#949=EDGE_LOOP('',(#6097,#6098,#6099,#6100));
#950=EDGE_LOOP('',(#6101,#6102,#6103,#6104));
#951=EDGE_LOOP('',(#6105,#6106,#6107,#6108));
#952=EDGE_LOOP('',(#6109,#6110,#6111,#6112));
#953=EDGE_LOOP('',(#6113,#6114,#6115,#6116));
#954=EDGE_LOOP('',(#6117,#6118,#6119,#6120));
#955=EDGE_LOOP('',(#6121,#6122,#6123,#6124));
#956=EDGE_LOOP('',(#6125,#6126,#6127,#6128,#6129,#6130,#6131,#6132,#6133,
#6134,#6135,#6136,#6137));
#957=EDGE_LOOP('',(#6138,#6139,#6140,#6141));
#958=EDGE_LOOP('',(#6142,#6143,#6144,#6145));
#959=EDGE_LOOP('',(#6146,#6147,#6148,#6149));
#960=EDGE_LOOP('',(#6150,#6151,#6152,#6153));
#961=EDGE_LOOP('',(#6154,#6155,#6156,#6157));
#962=EDGE_LOOP('',(#6158,#6159,#6160,#6161,#6162));
#963=EDGE_LOOP('',(#6163,#6164,#6165,#6166));
#964=EDGE_LOOP('',(#6167,#6168,#6169,#6170));
#965=EDGE_LOOP('',(#6171,#6172,#6173,#6174));
#966=EDGE_LOOP('',(#6175,#6176,#6177,#6178));
#967=EDGE_LOOP('',(#6179,#6180,#6181,#6182));
#968=EDGE_LOOP('',(#6183,#6184,#6185,#6186));
#969=EDGE_LOOP('',(#6187,#6188,#6189,#6190));
#970=EDGE_LOOP('',(#6191,#6192,#6193,#6194));
#971=EDGE_LOOP('',(#6195,#6196,#6197,#6198));
#972=EDGE_LOOP('',(#6199,#6200,#6201,#6202));
#973=EDGE_LOOP('',(#6203,#6204,#6205,#6206,#6207,#6208,#6209,#6210,#6211,
#6212));
#974=EDGE_LOOP('',(#6213,#6214,#6215,#6216));
#975=EDGE_LOOP('',(#6217,#6218,#6219,#6220));
#976=EDGE_LOOP('',(#6221,#6222,#6223,#6224));
#977=EDGE_LOOP('',(#6225,#6226,#6227,#6228));
#978=EDGE_LOOP('',(#6229,#6230,#6231,#6232));
#979=EDGE_LOOP('',(#6233,#6234,#6235,#6236));
#980=EDGE_LOOP('',(#6237,#6238,#6239,#6240));
#981=EDGE_LOOP('',(#6241,#6242,#6243,#6244));
#982=EDGE_LOOP('',(#6245,#6246,#6247,#6248));
#983=EDGE_LOOP('',(#6249,#6250,#6251,#6252));
#984=EDGE_LOOP('',(#6253,#6254,#6255,#6256));
#985=EDGE_LOOP('',(#6257,#6258,#6259,#6260));
#986=EDGE_LOOP('',(#6261,#6262,#6263,#6264));
#987=EDGE_LOOP('',(#6265,#6266,#6267,#6268));
#988=EDGE_LOOP('',(#6269,#6270,#6271,#6272));
#989=EDGE_LOOP('',(#6273,#6274,#6275,#6276));
#990=EDGE_LOOP('',(#6277,#6278,#6279,#6280,#6281,#6282,#6283,#6284));
#991=EDGE_LOOP('',(#6285,#6286,#6287,#6288,#6289,#6290,#6291,#6292));
#992=EDGE_LOOP('',(#6293,#6294,#6295,#6296));
#993=EDGE_LOOP('',(#6297,#6298,#6299,#6300));
#994=EDGE_LOOP('',(#6301,#6302,#6303,#6304));
#995=EDGE_LOOP('',(#6305,#6306,#6307,#6308));
#996=EDGE_LOOP('',(#6309,#6310,#6311,#6312));
#997=EDGE_LOOP('',(#6313,#6314,#6315,#6316));
#998=EDGE_LOOP('',(#6317,#6318,#6319,#6320));
#999=EDGE_LOOP('',(#6321,#6322,#6323,#6324));
#1000=EDGE_LOOP('',(#6325,#6326,#6327,#6328));
#1001=EDGE_LOOP('',(#6329,#6330,#6331,#6332));
#1002=EDGE_LOOP('',(#6333,#6334,#6335,#6336));
#1003=EDGE_LOOP('',(#6337,#6338,#6339,#6340));
#1004=EDGE_LOOP('',(#6341,#6342,#6343,#6344));
#1005=EDGE_LOOP('',(#6345,#6346,#6347,#6348));
#1006=EDGE_LOOP('',(#6349,#6350,#6351,#6352));
#1007=EDGE_LOOP('',(#6353,#6354,#6355,#6356));
#1008=EDGE_LOOP('',(#6357,#6358,#6359,#6360));
#1009=EDGE_LOOP('',(#6361,#6362,#6363,#6364));
#1010=EDGE_LOOP('',(#6365,#6366,#6367,#6368,#6369,#6370,#6371,#6372,#6373,
#6374,#6375,#6376,#6377,#6378,#6379,#6380,#6381,#6382));
#1011=EDGE_LOOP('',(#6383,#6384,#6385,#6386));
#1012=EDGE_LOOP('',(#6387,#6388,#6389,#6390));
#1013=EDGE_LOOP('',(#6391,#6392,#6393,#6394));
#1014=EDGE_LOOP('',(#6395,#6396,#6397,#6398));
#1015=EDGE_LOOP('',(#6399,#6400,#6401,#6402));
#1016=EDGE_LOOP('',(#6403,#6404,#6405,#6406));
#1017=EDGE_LOOP('',(#6407,#6408,#6409,#6410));
#1018=EDGE_LOOP('',(#6411,#6412,#6413,#6414));
#1019=EDGE_LOOP('',(#6415,#6416,#6417,#6418));
#1020=EDGE_LOOP('',(#6419,#6420,#6421,#6422));
#1021=EDGE_LOOP('',(#6423,#6424,#6425,#6426));
#1022=EDGE_LOOP('',(#6427,#6428,#6429,#6430));
#1023=EDGE_LOOP('',(#6431,#6432,#6433,#6434));
#1024=EDGE_LOOP('',(#6435,#6436,#6437,#6438));
#1025=EDGE_LOOP('',(#6439,#6440,#6441,#6442));
#1026=EDGE_LOOP('',(#6443,#6444,#6445,#6446));
#1027=EDGE_LOOP('',(#6447,#6448,#6449,#6450));
#1028=EDGE_LOOP('',(#6451,#6452,#6453,#6454));
#1029=EDGE_LOOP('',(#6455,#6456,#6457,#6458));
#1030=EDGE_LOOP('',(#6459,#6460,#6461,#6462));
#1031=EDGE_LOOP('',(#6463,#6464,#6465,#6466));
#1032=EDGE_LOOP('',(#6467,#6468,#6469,#6470));
#1033=EDGE_LOOP('',(#6471,#6472,#6473,#6474));
#1034=EDGE_LOOP('',(#6475,#6476,#6477,#6478,#6479,#6480,#6481,#6482,#6483,
#6484,#6485,#6486,#6487,#6488,#6489,#6490));
#1035=EDGE_LOOP('',(#6491,#6492,#6493,#6494,#6495,#6496,#6497));
#1036=EDGE_LOOP('',(#6498,#6499,#6500,#6501));
#1037=EDGE_LOOP('',(#6502,#6503,#6504,#6505));
#1038=EDGE_LOOP('',(#6506,#6507,#6508,#6509));
#1039=EDGE_LOOP('',(#6510,#6511,#6512,#6513));
#1040=EDGE_LOOP('',(#6514,#6515,#6516,#6517));
#1041=EDGE_LOOP('',(#6518,#6519,#6520,#6521));
#1042=EDGE_LOOP('',(#6522,#6523,#6524,#6525));
#1043=EDGE_LOOP('',(#6526,#6527,#6528,#6529,#6530,#6531,#6532));
#1044=EDGE_LOOP('',(#6533,#6534,#6535,#6536));
#1045=EDGE_LOOP('',(#6537,#6538,#6539,#6540));
#1046=EDGE_LOOP('',(#6541,#6542,#6543,#6544));
#1047=EDGE_LOOP('',(#6545,#6546,#6547,#6548));
#1048=EDGE_LOOP('',(#6549,#6550,#6551,#6552));
#1049=EDGE_LOOP('',(#6553,#6554,#6555,#6556));
#1050=EDGE_LOOP('',(#6557,#6558,#6559,#6560));
#1051=EDGE_LOOP('',(#6561,#6562,#6563,#6564));
#1052=EDGE_LOOP('',(#6565,#6566,#6567,#6568));
#1053=EDGE_LOOP('',(#6569,#6570,#6571,#6572));
#1054=EDGE_LOOP('',(#6573,#6574,#6575,#6576));
#1055=EDGE_LOOP('',(#6577,#6578,#6579,#6580));
#1056=EDGE_LOOP('',(#6581,#6582,#6583,#6584));
#1057=EDGE_LOOP('',(#6585,#6586,#6587,#6588));
#1058=EDGE_LOOP('',(#6589,#6590,#6591,#6592));
#1059=EDGE_LOOP('',(#6593,#6594,#6595,#6596,#6597,#6598,#6599,#6600,#6601,
#6602,#6603,#6604,#6605,#6606,#6607));
#1060=EDGE_LOOP('',(#6608,#6609,#6610,#6611));
#1061=EDGE_LOOP('',(#6612,#6613,#6614,#6615));
#1062=EDGE_LOOP('',(#6616,#6617,#6618,#6619));
#1063=EDGE_LOOP('',(#6620,#6621,#6622,#6623));
#1064=EDGE_LOOP('',(#6624,#6625,#6626,#6627));
#1065=EDGE_LOOP('',(#6628,#6629,#6630,#6631));
#1066=EDGE_LOOP('',(#6632,#6633,#6634,#6635));
#1067=EDGE_LOOP('',(#6636,#6637,#6638,#6639));
#1068=EDGE_LOOP('',(#6640,#6641,#6642,#6643));
#1069=EDGE_LOOP('',(#6644,#6645,#6646,#6647));
#1070=EDGE_LOOP('',(#6648,#6649,#6650,#6651));
#1071=EDGE_LOOP('',(#6652,#6653,#6654,#6655));
#1072=EDGE_LOOP('',(#6656,#6657,#6658,#6659));
#1073=EDGE_LOOP('',(#6660,#6661,#6662,#6663));
#1074=EDGE_LOOP('',(#6664,#6665,#6666,#6667));
#1075=EDGE_LOOP('',(#6668,#6669,#6670,#6671));
#1076=EDGE_LOOP('',(#6672,#6673,#6674,#6675));
#1077=EDGE_LOOP('',(#6676,#6677,#6678,#6679));
#1078=EDGE_LOOP('',(#6680,#6681,#6682,#6683));
#1079=EDGE_LOOP('',(#6684,#6685,#6686,#6687));
#1080=EDGE_LOOP('',(#6688,#6689,#6690,#6691));
#1081=EDGE_LOOP('',(#6692,#6693,#6694,#6695));
#1082=EDGE_LOOP('',(#6696,#6697,#6698,#6699));
#1083=EDGE_LOOP('',(#6700,#6701,#6702,#6703));
#1084=EDGE_LOOP('',(#6704,#6705,#6706,#6707));
#1085=EDGE_LOOP('',(#6708,#6709,#6710,#6711));
#1086=EDGE_LOOP('',(#6712,#6713,#6714,#6715));
#1087=EDGE_LOOP('',(#6716,#6717,#6718,#6719,#6720,#6721,#6722,#6723,#6724,
#6725,#6726,#6727,#6728,#6729,#6730,#6731,#6732,#6733,#6734,#6735,#6736,
#6737,#6738,#6739,#6740,#6741,#6742));
#1088=EDGE_LOOP('',(#6743,#6744,#6745,#6746));
#1089=EDGE_LOOP('',(#6747,#6748,#6749,#6750));
#1090=EDGE_LOOP('',(#6751,#6752,#6753,#6754));
#1091=EDGE_LOOP('',(#6755,#6756,#6757,#6758));
#1092=EDGE_LOOP('',(#6759,#6760,#6761,#6762));
#1093=EDGE_LOOP('',(#6763,#6764,#6765,#6766));
#1094=EDGE_LOOP('',(#6767,#6768,#6769,#6770));
#1095=EDGE_LOOP('',(#6771,#6772,#6773,#6774));
#1096=EDGE_LOOP('',(#6775,#6776,#6777,#6778));
#1097=EDGE_LOOP('',(#6779,#6780,#6781,#6782));
#1098=EDGE_LOOP('',(#6783,#6784,#6785,#6786));
#1099=EDGE_LOOP('',(#6787,#6788,#6789,#6790));
#1100=EDGE_LOOP('',(#6791,#6792,#6793,#6794));
#1101=EDGE_LOOP('',(#6795,#6796,#6797,#6798));
#1102=EDGE_LOOP('',(#6799,#6800,#6801,#6802));
#1103=EDGE_LOOP('',(#6803,#6804,#6805,#6806));
#1104=EDGE_LOOP('',(#6807,#6808,#6809,#6810,#6811,#6812,#6813,#6814));
#1105=EDGE_LOOP('',(#6815,#6816,#6817,#6818,#6819,#6820,#6821,#6822));
#1106=EDGE_LOOP('',(#6823,#6824,#6825,#6826));
#1107=EDGE_LOOP('',(#6827,#6828,#6829,#6830));
#1108=EDGE_LOOP('',(#6831,#6832,#6833,#6834));
#1109=EDGE_LOOP('',(#6835,#6836,#6837,#6838));
#1110=EDGE_LOOP('',(#6839,#6840,#6841,#6842));
#1111=EDGE_LOOP('',(#6843,#6844,#6845,#6846));
#1112=EDGE_LOOP('',(#6847,#6848,#6849,#6850));
#1113=EDGE_LOOP('',(#6851,#6852,#6853,#6854));
#1114=EDGE_LOOP('',(#6855,#6856,#6857,#6858));
#1115=EDGE_LOOP('',(#6859,#6860,#6861,#6862));
#1116=EDGE_LOOP('',(#6863,#6864,#6865,#6866));
#1117=EDGE_LOOP('',(#6867,#6868,#6869,#6870));
#1118=EDGE_LOOP('',(#6871,#6872,#6873,#6874));
#1119=EDGE_LOOP('',(#6875,#6876,#6877,#6878));
#1120=EDGE_LOOP('',(#6879,#6880,#6881,#6882,#6883,#6884,#6885,#6886,#6887,
#6888,#6889,#6890,#6891,#6892));
#1121=EDGE_LOOP('',(#6893,#6894,#6895,#6896));
#1122=EDGE_LOOP('',(#6897,#6898,#6899,#6900));
#1123=EDGE_LOOP('',(#6901,#6902,#6903,#6904));
#1124=EDGE_LOOP('',(#6905,#6906,#6907,#6908));
#1125=EDGE_LOOP('',(#6909,#6910,#6911,#6912));
#1126=EDGE_LOOP('',(#6913,#6914,#6915,#6916));
#1127=EDGE_LOOP('',(#6917,#6918,#6919,#6920));
#1128=EDGE_LOOP('',(#6921,#6922,#6923,#6924));
#1129=EDGE_LOOP('',(#6925,#6926,#6927,#6928));
#1130=EDGE_LOOP('',(#6929,#6930,#6931,#6932));
#1131=EDGE_LOOP('',(#6933,#6934,#6935,#6936));
#1132=EDGE_LOOP('',(#6937,#6938,#6939,#6940));
#1133=EDGE_LOOP('',(#6941,#6942,#6943,#6944));
#1134=EDGE_LOOP('',(#6945,#6946,#6947,#6948));
#1135=EDGE_LOOP('',(#6949,#6950,#6951,#6952));
#1136=EDGE_LOOP('',(#6953,#6954,#6955,#6956));
#1137=EDGE_LOOP('',(#6957,#6958,#6959,#6960,#6961,#6962,#6963,#6964,#6965,
#6966,#6967,#6968,#6969,#6970,#6971,#6972));
#1138=EDGE_LOOP('',(#6973,#6974,#6975,#6976));
#1139=EDGE_LOOP('',(#6977,#6978,#6979,#6980));
#1140=EDGE_LOOP('',(#6981,#6982,#6983,#6984));
#1141=EDGE_LOOP('',(#6985,#6986,#6987,#6988));
#1142=EDGE_LOOP('',(#6989,#6990,#6991,#6992));
#1143=EDGE_LOOP('',(#6993,#6994,#6995,#6996));
#1144=EDGE_LOOP('',(#6997,#6998,#6999,#7000));
#1145=EDGE_LOOP('',(#7001,#7002,#7003,#7004));
#1146=EDGE_LOOP('',(#7005,#7006,#7007,#7008));
#1147=EDGE_LOOP('',(#7009,#7010,#7011,#7012));
#1148=EDGE_LOOP('',(#7013,#7014,#7015,#7016));
#1149=EDGE_LOOP('',(#7017,#7018,#7019,#7020));
#1150=EDGE_LOOP('',(#7021,#7022,#7023,#7024));
#1151=EDGE_LOOP('',(#7025,#7026,#7027,#7028));
#1152=EDGE_LOOP('',(#7029,#7030,#7031,#7032));
#1153=EDGE_LOOP('',(#7033,#7034,#7035,#7036));
#1154=EDGE_LOOP('',(#7037,#7038,#7039,#7040));
#1155=EDGE_LOOP('',(#7041,#7042,#7043,#7044));
#1156=EDGE_LOOP('',(#7045,#7046,#7047,#7048));
#1157=EDGE_LOOP('',(#7049,#7050,#7051,#7052));
#1158=EDGE_LOOP('',(#7053,#7054,#7055,#7056));
#1159=EDGE_LOOP('',(#7057,#7058,#7059,#7060));
#1160=EDGE_LOOP('',(#7061,#7062,#7063,#7064));
#1161=EDGE_LOOP('',(#7065,#7066,#7067,#7068));
#1162=EDGE_LOOP('',(#7069,#7070,#7071,#7072));
#1163=EDGE_LOOP('',(#7073,#7074,#7075,#7076));
#1164=EDGE_LOOP('',(#7077,#7078,#7079,#7080));
#1165=EDGE_LOOP('',(#7081,#7082,#7083,#7084));
#1166=EDGE_LOOP('',(#7085,#7086,#7087,#7088));
#1167=EDGE_LOOP('',(#7089,#7090,#7091,#7092));
#1168=EDGE_LOOP('',(#7093,#7094,#7095,#7096));
#1169=EDGE_LOOP('',(#7097,#7098,#7099,#7100,#7101,#7102,#7103,#7104,#7105,
#7106,#7107,#7108,#7109,#7110,#7111,#7112,#7113,#7114,#7115,#7116,#7117,
#7118,#7119,#7120,#7121,#7122,#7123,#7124,#7125,#7126,#7127));
#1170=EDGE_LOOP('',(#7128,#7129,#7130,#7131));
#1171=EDGE_LOOP('',(#7132,#7133,#7134,#7135));
#1172=EDGE_LOOP('',(#7136,#7137,#7138,#7139));
#1173=EDGE_LOOP('',(#7140,#7141,#7142,#7143));
#1174=EDGE_LOOP('',(#7144,#7145,#7146,#7147));
#1175=EDGE_LOOP('',(#7148,#7149,#7150,#7151));
#1176=EDGE_LOOP('',(#7152,#7153,#7154,#7155));
#1177=EDGE_LOOP('',(#7156,#7157,#7158,#7159));
#1178=EDGE_LOOP('',(#7160,#7161,#7162,#7163));
#1179=EDGE_LOOP('',(#7164,#7165,#7166,#7167));
#1180=EDGE_LOOP('',(#7168,#7169,#7170,#7171));
#1181=EDGE_LOOP('',(#7172,#7173,#7174,#7175));
#1182=EDGE_LOOP('',(#7176,#7177,#7178,#7179));
#1183=EDGE_LOOP('',(#7180,#7181,#7182,#7183));
#1184=EDGE_LOOP('',(#7184,#7185,#7186,#7187));
#1185=EDGE_LOOP('',(#7188,#7189,#7190,#7191));
#1186=EDGE_LOOP('',(#7192,#7193,#7194,#7195));
#1187=EDGE_LOOP('',(#7196,#7197,#7198,#7199));
#1188=EDGE_LOOP('',(#7200,#7201,#7202,#7203,#7204,#7205,#7206,#7207,#7208,
#7209,#7210,#7211,#7212,#7213,#7214,#7215,#7216,#7217));
#1189=EDGE_LOOP('',(#7218,#7219,#7220,#7221));
#1190=EDGE_LOOP('',(#7222,#7223,#7224,#7225));
#1191=EDGE_LOOP('',(#7226,#7227,#7228,#7229));
#1192=EDGE_LOOP('',(#7230,#7231,#7232,#7233));
#1193=EDGE_LOOP('',(#7234,#7235,#7236,#7237));
#1194=EDGE_LOOP('',(#7238,#7239,#7240,#7241));
#1195=EDGE_LOOP('',(#7242,#7243,#7244,#7245));
#1196=EDGE_LOOP('',(#7246,#7247,#7248,#7249));
#1197=EDGE_LOOP('',(#7250,#7251,#7252,#7253));
#1198=EDGE_LOOP('',(#7254,#7255,#7256,#7257));
#1199=EDGE_LOOP('',(#7258,#7259,#7260,#7261));
#1200=EDGE_LOOP('',(#7262,#7263,#7264,#7265));
#1201=EDGE_LOOP('',(#7266,#7267,#7268,#7269));
#1202=EDGE_LOOP('',(#7270,#7271,#7272,#7273));
#1203=EDGE_LOOP('',(#7274,#7275,#7276,#7277));
#1204=EDGE_LOOP('',(#7278,#7279,#7280,#7281));
#1205=EDGE_LOOP('',(#7282,#7283,#7284,#7285));
#1206=EDGE_LOOP('',(#7286,#7287,#7288,#7289));
#1207=EDGE_LOOP('',(#7290,#7291,#7292,#7293));
#1208=EDGE_LOOP('',(#7294,#7295,#7296,#7297));
#1209=EDGE_LOOP('',(#7298,#7299,#7300,#7301));
#1210=EDGE_LOOP('',(#7302,#7303,#7304,#7305,#7306,#7307,#7308,#7309,#7310,
#7311,#7312,#7313,#7314,#7315,#7316,#7317,#7318,#7319,#7320,#7321,#7322));
#1211=EDGE_LOOP('',(#7323,#7324,#7325,#7326));
#1212=EDGE_LOOP('',(#7327,#7328,#7329,#7330));
#1213=EDGE_LOOP('',(#7331,#7332,#7333,#7334));
#1214=EDGE_LOOP('',(#7335,#7336,#7337,#7338));
#1215=EDGE_LOOP('',(#7339,#7340,#7341,#7342));
#1216=EDGE_LOOP('',(#7343,#7344,#7345,#7346));
#1217=EDGE_LOOP('',(#7347,#7348,#7349,#7350));
#1218=EDGE_LOOP('',(#7351,#7352,#7353,#7354));
#1219=EDGE_LOOP('',(#7355,#7356,#7357,#7358));
#1220=EDGE_LOOP('',(#7359,#7360,#7361,#7362));
#1221=EDGE_LOOP('',(#7363,#7364,#7365,#7366));
#1222=EDGE_LOOP('',(#7367,#7368,#7369,#7370));
#1223=EDGE_LOOP('',(#7371,#7372,#7373,#7374));
#1224=EDGE_LOOP('',(#7375,#7376,#7377,#7378));
#1225=EDGE_LOOP('',(#7379,#7380,#7381,#7382));
#1226=EDGE_LOOP('',(#7383,#7384,#7385,#7386));
#1227=EDGE_LOOP('',(#7387,#7388,#7389,#7390));
#1228=EDGE_LOOP('',(#7391,#7392,#7393,#7394,#7395,#7396,#7397,#7398,#7399,
#7400,#7401,#7402,#7403,#7404,#7405,#7406,#7407));
#1229=EDGE_LOOP('',(#7408,#7409,#7410,#7411));
#1230=EDGE_LOOP('',(#7412,#7413,#7414,#7415));
#1231=EDGE_LOOP('',(#7416,#7417,#7418,#7419));
#1232=EDGE_LOOP('',(#7420,#7421,#7422,#7423));
#1233=EDGE_LOOP('',(#7424,#7425,#7426,#7427));
#1234=EDGE_LOOP('',(#7428,#7429,#7430,#7431));
#1235=EDGE_LOOP('',(#7432,#7433,#7434,#7435));
#1236=EDGE_LOOP('',(#7436,#7437,#7438,#7439));
#1237=EDGE_LOOP('',(#7440,#7441,#7442,#7443));
#1238=EDGE_LOOP('',(#7444,#7445,#7446,#7447));
#1239=EDGE_LOOP('',(#7448,#7449,#7450,#7451));
#1240=EDGE_LOOP('',(#7452,#7453,#7454,#7455));
#1241=EDGE_LOOP('',(#7456,#7457,#7458,#7459));
#1242=EDGE_LOOP('',(#7460,#7461,#7462,#7463));
#1243=EDGE_LOOP('',(#7464,#7465,#7466,#7467));
#1244=EDGE_LOOP('',(#7468,#7469,#7470,#7471));
#1245=EDGE_LOOP('',(#7472,#7473,#7474,#7475));
#1246=EDGE_LOOP('',(#7476,#7477,#7478,#7479,#7480,#7481,#7482,#7483,#7484,
#7485,#7486,#7487,#7488,#7489,#7490,#7491,#7492));
#1247=EDGE_LOOP('',(#7493,#7494,#7495,#7496));
#1248=EDGE_LOOP('',(#7497,#7498,#7499,#7500));
#1249=EDGE_LOOP('',(#7501,#7502,#7503,#7504));
#1250=EDGE_LOOP('',(#7505,#7506,#7507,#7508));
#1251=EDGE_LOOP('',(#7509,#7510,#7511,#7512));
#1252=EDGE_LOOP('',(#7513,#7514,#7515,#7516));
#1253=EDGE_LOOP('',(#7517,#7518,#7519,#7520));
#1254=EDGE_LOOP('',(#7521,#7522,#7523,#7524));
#1255=EDGE_LOOP('',(#7525,#7526,#7527,#7528));
#1256=EDGE_LOOP('',(#7529,#7530,#7531,#7532));
#1257=EDGE_LOOP('',(#7533,#7534,#7535,#7536));
#1258=EDGE_LOOP('',(#7537,#7538,#7539,#7540));
#1259=EDGE_LOOP('',(#7541,#7542,#7543,#7544));
#1260=EDGE_LOOP('',(#7545,#7546,#7547,#7548));
#1261=EDGE_LOOP('',(#7549,#7550,#7551,#7552));
#1262=EDGE_LOOP('',(#7553,#7554,#7555,#7556));
#1263=EDGE_LOOP('',(#7557,#7558,#7559,#7560));
#1264=EDGE_LOOP('',(#7561,#7562,#7563,#7564));
#1265=EDGE_LOOP('',(#7565,#7566,#7567,#7568));
#1266=EDGE_LOOP('',(#7569,#7570,#7571,#7572,#7573,#7574,#7575,#7576,#7577,
#7578,#7579,#7580,#7581,#7582,#7583,#7584,#7585,#7586,#7587));
#1267=EDGE_LOOP('',(#7588,#7589,#7590,#7591));
#1268=EDGE_LOOP('',(#7592,#7593,#7594,#7595));
#1269=EDGE_LOOP('',(#7596,#7597,#7598,#7599));
#1270=EDGE_LOOP('',(#7600,#7601,#7602,#7603));
#1271=EDGE_LOOP('',(#7604,#7605,#7606,#7607));
#1272=EDGE_LOOP('',(#7608,#7609,#7610,#7611));
#1273=EDGE_LOOP('',(#7612,#7613,#7614,#7615));
#1274=EDGE_LOOP('',(#7616,#7617,#7618,#7619));
#1275=EDGE_LOOP('',(#7620,#7621,#7622,#7623));
#1276=EDGE_LOOP('',(#7624,#7625,#7626,#7627));
#1277=EDGE_LOOP('',(#7628,#7629,#7630,#7631));
#1278=EDGE_LOOP('',(#7632,#7633,#7634,#7635));
#1279=EDGE_LOOP('',(#7636,#7637,#7638,#7639));
#1280=EDGE_LOOP('',(#7640,#7641,#7642,#7643));
#1281=EDGE_LOOP('',(#7644,#7645,#7646,#7647));
#1282=EDGE_LOOP('',(#7648,#7649,#7650,#7651,#7652,#7653,#7654,#7655,#7656,
#7657,#7658,#7659,#7660,#7661,#7662));
#1283=EDGE_LOOP('',(#7663,#7664,#7665,#7666));
#1284=EDGE_LOOP('',(#7667,#7668,#7669,#7670));
#1285=EDGE_LOOP('',(#7671,#7672,#7673,#7674));
#1286=EDGE_LOOP('',(#7675,#7676,#7677,#7678));
#1287=EDGE_LOOP('',(#7679,#7680,#7681,#7682));
#1288=EDGE_LOOP('',(#7683,#7684,#7685,#7686));
#1289=EDGE_LOOP('',(#7687,#7688,#7689,#7690));
#1290=EDGE_LOOP('',(#7691,#7692,#7693,#7694));
#1291=EDGE_LOOP('',(#7695,#7696,#7697,#7698));
#1292=EDGE_LOOP('',(#7699,#7700,#7701,#7702));
#1293=EDGE_LOOP('',(#7703,#7704,#7705,#7706));
#1294=EDGE_LOOP('',(#7707,#7708,#7709,#7710));
#1295=EDGE_LOOP('',(#7711,#7712,#7713,#7714));
#1296=EDGE_LOOP('',(#7715,#7716,#7717,#7718));
#1297=EDGE_LOOP('',(#7719,#7720,#7721,#7722));
#1298=EDGE_LOOP('',(#7723,#7724,#7725,#7726));
#1299=EDGE_LOOP('',(#7727,#7728,#7729,#7730,#7731,#7732,#7733,#7734));
#1300=EDGE_LOOP('',(#7735,#7736,#7737,#7738,#7739,#7740,#7741,#7742));
#1301=EDGE_LOOP('',(#7743,#7744,#7745,#7746));
#1302=EDGE_LOOP('',(#7747,#7748,#7749,#7750));
#1303=EDGE_LOOP('',(#7751,#7752,#7753,#7754));
#1304=EDGE_LOOP('',(#7755,#7756,#7757,#7758));
#1305=EDGE_LOOP('',(#7759,#7760,#7761,#7762));
#1306=EDGE_LOOP('',(#7763,#7764,#7765,#7766));
#1307=EDGE_LOOP('',(#7767,#7768,#7769,#7770));
#1308=EDGE_LOOP('',(#7771,#7772,#7773,#7774));
#1309=EDGE_LOOP('',(#7775,#7776,#7777,#7778));
#1310=EDGE_LOOP('',(#7779,#7780,#7781,#7782));
#1311=EDGE_LOOP('',(#7783,#7784,#7785,#7786));
#1312=EDGE_LOOP('',(#7787,#7788,#7789,#7790));
#1313=EDGE_LOOP('',(#7791,#7792,#7793,#7794));
#1314=EDGE_LOOP('',(#7795,#7796,#7797,#7798));
#1315=EDGE_LOOP('',(#7799,#7800,#7801,#7802));
#1316=EDGE_LOOP('',(#7803,#7804,#7805,#7806));
#1317=EDGE_LOOP('',(#7807,#7808,#7809,#7810));
#1318=EDGE_LOOP('',(#7811,#7812,#7813,#7814));
#1319=EDGE_LOOP('',(#7815,#7816,#7817,#7818));
#1320=EDGE_LOOP('',(#7819,#7820,#7821,#7822));
#1321=EDGE_LOOP('',(#7823,#7824,#7825,#7826));
#1322=EDGE_LOOP('',(#7827,#7828,#7829,#7830));
#1323=EDGE_LOOP('',(#7831,#7832,#7833,#7834));
#1324=EDGE_LOOP('',(#7835,#7836,#7837,#7838));
#1325=EDGE_LOOP('',(#7839,#7840,#7841,#7842,#7843,#7844,#7845,#7846,#7847,
#7848,#7849,#7850,#7851,#7852,#7853));
#1326=EDGE_LOOP('',(#7854,#7855,#7856,#7857,#7858,#7859,#7860,#7861,#7862));
#1327=EDGE_LOOP('',(#7863,#7864,#7865,#7866));
#1328=EDGE_LOOP('',(#7867,#7868,#7869,#7870));
#1329=EDGE_LOOP('',(#7871,#7872,#7873,#7874));
#1330=EDGE_LOOP('',(#7875,#7876,#7877,#7878));
#1331=EDGE_LOOP('',(#7879,#7880,#7881,#7882));
#1332=EDGE_LOOP('',(#7883,#7884,#7885,#7886));
#1333=EDGE_LOOP('',(#7887,#7888,#7889,#7890));
#1334=EDGE_LOOP('',(#7891,#7892,#7893,#7894));
#1335=EDGE_LOOP('',(#7895,#7896,#7897,#7898,#7899,#7900,#7901,#7902));
#1336=EDGE_LOOP('',(#7903,#7904,#7905,#7906));
#1337=EDGE_LOOP('',(#7907,#7908,#7909,#7910));
#1338=EDGE_LOOP('',(#7911,#7912,#7913,#7914));
#1339=EDGE_LOOP('',(#7915,#7916,#7917,#7918));
#1340=EDGE_LOOP('',(#7919,#7920,#7921,#7922));
#1341=EDGE_LOOP('',(#7923,#7924,#7925,#7926,#7927));
#1342=EDGE_LOOP('',(#7928,#7929,#7930,#7931));
#1343=EDGE_LOOP('',(#7932,#7933,#7934,#7935));
#1344=EDGE_LOOP('',(#7936,#7937,#7938,#7939));
#1345=EDGE_LOOP('',(#7940,#7941,#7942,#7943));
#1346=EDGE_LOOP('',(#7944,#7945,#7946,#7947));
#1347=EDGE_LOOP('',(#7948,#7949,#7950,#7951));
#1348=EDGE_LOOP('',(#7952,#7953,#7954,#7955));
#1349=EDGE_LOOP('',(#7956,#7957,#7958,#7959));
#1350=EDGE_LOOP('',(#7960,#7961,#7962,#7963));
#1351=EDGE_LOOP('',(#7964,#7965,#7966,#7967));
#1352=EDGE_LOOP('',(#7968,#7969,#7970,#7971));
#1353=EDGE_LOOP('',(#7972,#7973,#7974,#7975));
#1354=EDGE_LOOP('',(#7976,#7977,#7978,#7979));
#1355=EDGE_LOOP('',(#7980,#7981,#7982,#7983));
#1356=EDGE_LOOP('',(#7984,#7985,#7986,#7987));
#1357=EDGE_LOOP('',(#7988,#7989,#7990,#7991));
#1358=EDGE_LOOP('',(#7992,#7993,#7994,#7995));
#1359=EDGE_LOOP('',(#7996,#7997,#7998,#7999,#8000,#8001,#8002,#8003,#8004,
#8005,#8006,#8007,#8008,#8009,#8010,#8011,#8012));
#1360=EDGE_LOOP('',(#8013,#8014,#8015,#8016,#8017,#8018,#8019,#8020,#8021));
#1361=EDGE_LOOP('',(#8022,#8023,#8024,#8025,#8026,#8027,#8028,#8029));
#1362=EDGE_LOOP('',(#8030,#8031,#8032,#8033,#8034,#8035,#8036,#8037));
#1363=EDGE_LOOP('',(#8038,#8039,#8040,#8041,#8042,#8043,#8044));
#1364=EDGE_LOOP('',(#8045));
#1365=EDGE_LOOP('',(#8046));
#1366=EDGE_LOOP('',(#8047));
#1367=EDGE_LOOP('',(#8048));
#1368=EDGE_LOOP('',(#8049,#8050,#8051,#8052,#8053));
#1369=EDGE_LOOP('',(#8054));
#1370=EDGE_LOOP('',(#8055,#8056,#8057,#8058,#8059));
#1371=EDGE_LOOP('',(#8060));
#1372=EDGE_LOOP('',(#8061,#8062,#8063,#8064,#8065));
#1373=EDGE_LOOP('',(#8066));
#1374=EDGE_LOOP('',(#8067,#8068,#8069,#8070,#8071,#8072,#8073,#8074));
#1375=EDGE_LOOP('',(#8075,#8076,#8077,#8078));
#1376=B_SPLINE_CURVE_WITH_KNOTS('',3,(#10512,#10513,#10514,#10515,#10516,
#10517,#10518,#10519),.UNSPECIFIED.,.F.,.F.,(4,1,1,2,4),(0.678945180867199,
0.721379170756789,0.763813160646378,0.848681140425557,0.905260241156266),
 .UNSPECIFIED.);
#1377=B_SPLINE_CURVE_WITH_KNOTS('',3,(#10520,#10521,#10522,#10523,#10524,
#10525,#10526,#10527,#10528,#10529,#10530,#10531,#10532,#10533,#10534,#10535,
#10536,#10537,#10538,#10539,#10540,#10541,#10542),.UNSPECIFIED.,.F.,.F.,
(4,2,2,1,1,1,2,2,2,2,2,2,4),(0.905260241156266,0.961839341886974,1.01841844261768,
1.06085226467805,1.10328608673842,1.14571990879879,1.18815373085916,1.24473216027298,
1.30131126100369,1.41446946246511,1.47104856319581,1.52762699260964,1.58420542202346),
 .UNSPECIFIED.);
#1378=B_SPLINE_CURVE_WITH_KNOTS('',3,(#10543,#10544,#10545,#10546,#10547,
#10548,#10549,#10550,#10551,#10552,#10553,#10554,#10555,#10556,#10557,#10558,
#10559,#10560,#10561,#10562,#10563,#10564,#10565,#10566,#10567,#10568,#10569,
#10570,#10571),.UNSPECIFIED.,.T.,.F.,(4,2,2,2,2,2,2,1,1,1,2,2,2,2,1,1,4),
(-1.58420542202346,-1.52762699260964,-1.47104856319581,-1.41446946246511,
-1.30131126100369,-1.24473216027298,-1.18815373085916,-1.14571990879879,
-1.10328608673842,-1.06085226467805,-1.01841844261768,-0.961839341886974,
-0.905260241156266,-0.848681140425557,-0.763813160646378,-0.721379170756789,
-0.678945180867199),.UNSPECIFIED.);
#1379=B_SPLINE_CURVE_WITH_KNOTS('',3,(#10579,#10580,#10581,#10582,#10583,
#10584,#10585,#10586,#10587,#10588,#10589,#10590,#10591,#10592,#10593,#10594,
#10595,#10596,#10597,#10598,#10599,#10600,#10601,#10602,#10603,#10604,#10605,
#10606),.UNSPECIFIED.,.T.,.F.,(4,1,2,1,1,1,2,2,1,1,1,1,1,2,2,1,2,2,4),(-1.58420542202347,
-1.52762699260964,-1.47104856319582,-1.41800565626078,-1.38617991209975,
-1.34374558655172,-1.30131126100369,-1.24473216027298,-1.17400895567648,
-1.13864735337823,-1.10328575107998,-1.03256254648348,-0.997200944185226,
-0.961839341886975,-0.905260241156266,-0.848681140425558,-0.79210203969485,
-0.735523610281025,-0.6789451808672),.UNSPECIFIED.);
#1380=B_SPLINE_CURVE_WITH_KNOTS('',3,(#10609,#10610,#10611,#10612,#10613,
#10614,#10615,#10616,#10617,#10618,#10619,#10620,#10621,#10622,#10623,#10624,
#10625,#10626),.UNSPECIFIED.,.F.,.F.,(4,2,2,2,2,2,2,2,4),(0.608790816905206,
0.760937424502678,0.91308403210015,1.06533283295528,1.21758163381041,1.36983043466554,
1.52207923552067,1.67422584311815,1.82637245071562),.UNSPECIFIED.);
#1381=B_SPLINE_CURVE_WITH_KNOTS('',3,(#10627,#10628,#10629,#10630,#10631,
#10632,#10633,#10634,#10635,#10636,#10637,#10638,#10639,#10640,#10641,#10642,
#10643,#10644,#10645),.UNSPECIFIED.,.F.,.F.,(4,2,2,2,3,2,2,2,4),(1.82637245071562,
1.97851905831309,2.13066566591056,2.28291446676569,2.43516326762083,2.58741206847596,
2.73966086933109,2.89180747692856,3.04395408452603),.UNSPECIFIED.);
#1382=B_SPLINE_CURVE_WITH_KNOTS('',3,(#10648,#10649,#10650,#10651,#10652,
#10653,#10654,#10655,#10656,#10657,#10658,#10659,#10660,#10661,#10662,#10663,
#10664,#10665),.UNSPECIFIED.,.F.,.F.,(4,2,2,2,2,2,2,2,4),(0.608790816905207,
0.760937424502679,0.91308403210015,1.06533283295528,1.21758163381041,1.36983043466554,
1.52207923552068,1.67422584311815,1.82637245071562),.UNSPECIFIED.);
#1383=B_SPLINE_CURVE_WITH_KNOTS('',3,(#10666,#10667,#10668,#10669,#10670,
#10671,#10672,#10673,#10674,#10675,#10676,#10677,#10678,#10679,#10680,#10681,
#10682,#10683,#10684),.UNSPECIFIED.,.F.,.F.,(4,2,2,2,3,2,2,2,4),(1.82637245071562,
1.97851905831309,2.13066566591056,2.2829144667657,2.43516326762083,2.58741206847596,
2.73966086933109,2.89180747692856,3.04395408452603),.UNSPECIFIED.);
#1384=B_SPLINE_CURVE_WITH_KNOTS('',3,(#10687,#10688,#10689,#10690,#10691,
#10692,#10693,#10694,#10695,#10696,#10697,#10698,#10699,#10700,#10701,#10702,
#10703,#10704),.UNSPECIFIED.,.F.,.F.,(4,2,2,2,2,2,2,2,4),(0.608790816905206,
0.760937424502678,0.91308403210015,1.06533283295528,1.21758163381041,1.36983043466554,
1.52207923552067,1.67422584311815,1.82637245071562),.UNSPECIFIED.);
#1385=B_SPLINE_CURVE_WITH_KNOTS('',3,(#10705,#10706,#10707,#10708,#10709,
#10710,#10711,#10712,#10713,#10714,#10715,#10716,#10717,#10718,#10719,#10720,
#10721,#10722,#10723),.UNSPECIFIED.,.F.,.F.,(4,2,2,2,3,2,2,2,4),(1.82637245071562,
1.97851905831309,2.13066566591056,2.28291446676569,2.43516326762082,2.58741206847596,
2.73966086933109,2.89180747692856,3.04395408452603),.UNSPECIFIED.);
#1386=B_SPLINE_CURVE_WITH_KNOTS('',3,(#10883,#10884,#10885,#10886,#10887,
#10888,#10889,#10890,#10891,#10892,#10893,#10894,#10895,#10896,#10897,#10898,
#10899,#10900,#10901,#10902,#10903,#10904,#10905),.UNSPECIFIED.,.F.,.F.,
(4,2,2,1,2,2,1,1,1,1,1,2,2,1,4),(0.6789451808672,0.735523610281025,0.79210203969485,
0.848681140425558,0.905260241156266,0.961839341886975,0.997200944185226,
1.03256254648348,1.10328575107998,1.13864735337823,1.17400895567648,1.24473216027298,
1.30131126100369,1.34374558655172,1.3578903617344),.UNSPECIFIED.);
#1387=B_SPLINE_CURVE_WITH_KNOTS('',3,(#10906,#10907,#10908,#10909,#10910,
#10911,#10912,#10913,#10914),.UNSPECIFIED.,.F.,.F.,(4,1,1,2,1,4),(1.3578903617344,
1.38617991209975,1.41800565626078,1.47104856319582,1.52762699260964,1.58420542202347),
 .UNSPECIFIED.);
#1388=B_SPLINE_CURVE_WITH_KNOTS('',3,(#10925,#10926,#10927,#10928),
 .UNSPECIFIED.,.F.,.F.,(4,4),(0.,0.0441723036259551),.UNSPECIFIED.);
#1389=B_SPLINE_CURVE_WITH_KNOTS('',3,(#10930,#10931,#10932,#10933),
 .UNSPECIFIED.,.F.,.F.,(4,4),(0.,0.0441723036265404),.UNSPECIFIED.);
#1390=B_SPLINE_CURVE_WITH_KNOTS('',3,(#10937,#10938,#10939,#10940),
 .UNSPECIFIED.,.F.,.F.,(4,4),(0.,0.0441723036265404),.UNSPECIFIED.);
#1391=B_SPLINE_CURVE_WITH_KNOTS('',3,(#10944,#10945,#10946,#10947),
 .UNSPECIFIED.,.F.,.F.,(4,4),(0.,0.0441723036259551),.UNSPECIFIED.);
#1392=B_SPLINE_CURVE_WITH_KNOTS('',3,(#10954,#10955,#10956,#10957,#10958,
#10959,#10960,#10961,#10962,#10963,#10964,#10965,#10966,#10967,#10968,#10969,
#10970,#10971,#10972,#10973),.UNSPECIFIED.,.T.,.F.,(4,1,1,1,1,1,1,1,1,1,
1,1,1,1,1,1,1,4),(-1.56874593855484,-1.48470597756083,-1.45669265722949,
-1.34463937590415,-1.2325860945788,-1.12053281325346,-1.06450617259078,
-1.00847953192811,-0.896426250602765,-0.821724063052535,-0.747021875502304,
-0.672319687952074,-0.597617500401844,-0.448213125301383,-0.336159843976037,
-0.224106562650691,-0.112053281325346,0.),.UNSPECIFIED.);
#1393=B_SPLINE_CURVE_WITH_KNOTS('',3,(#10993,#10994,#10995,#10996),
 .UNSPECIFIED.,.F.,.F.,(4,4),(0.,0.0441723036261715),.UNSPECIFIED.);
#1394=B_SPLINE_CURVE_WITH_KNOTS('',3,(#10997,#10998,#10999,#11000),
 .UNSPECIFIED.,.F.,.F.,(4,4),(0.,0.0441723036265659),.UNSPECIFIED.);
#1395=B_SPLINE_CURVE_WITH_KNOTS('',3,(#11004,#11005,#11006,#11007),
 .UNSPECIFIED.,.F.,.F.,(4,4),(0.,0.0441723036265659),.UNSPECIFIED.);
#1396=B_SPLINE_CURVE_WITH_KNOTS('',3,(#11011,#11012,#11013,#11014),
 .UNSPECIFIED.,.F.,.F.,(4,4),(0.,0.0441723036261715),.UNSPECIFIED.);
#1397=B_SPLINE_CURVE_WITH_KNOTS('',3,(#11114,#11115,#11116,#11117,#11118,
#11119,#11120,#11121,#11122,#11123,#11124,#11125,#11126,#11127,#11128,#11129),
 .UNSPECIFIED.,.F.,.F.,(4,1,1,1,1,1,1,1,1,1,1,1,1,4),(0.,0.112053281325346,
0.224106562650691,0.336159843976037,0.448213125301383,0.597617500401844,
0.672319687952074,0.747021875502304,0.821724063052535,0.896426250602765,
1.00847953192811,1.06450617259078,1.12053281325346,1.17655945391613),
 .UNSPECIFIED.);
#1398=B_SPLINE_CURVE_WITH_KNOTS('',3,(#11130,#11131,#11132,#11133,#11134,
#11135,#11136,#11137),.UNSPECIFIED.,.F.,.F.,(4,1,1,1,1,4),(1.17655945391613,
1.2325860945788,1.34463937590415,1.45669265722949,1.48470597756083,1.56874593855484),
 .UNSPECIFIED.);
#1399=B_SPLINE_CURVE_WITH_KNOTS('',3,(#11141,#11142,#11143,#11144,#11145,
#11146,#11147,#11148,#11149,#11150),.UNSPECIFIED.,.F.,.F.,(4,2,2,2,4),(0.,
0.0994599295956635,0.198919859191327,0.298237031811379,0.397554204431431),
 .UNSPECIFIED.);
#1400=B_SPLINE_CURVE_WITH_KNOTS('',3,(#11151,#11152,#11153,#11154,#11155,
#11156,#11157,#11158,#11159,#11160,#11161,#11162,#11163,#11164,#11165,#11166,
#11167,#11168,#11169,#11170,#11171,#11172,#11173,#11174,#11175,#11176),
 .UNSPECIFIED.,.F.,.F.,(4,2,2,2,2,2,2,2,2,2,2,2,4),(0.397554204431431,0.496871377051484,
0.596188549671536,0.695648479267199,0.795108408862863,0.894568338458526,
0.99402826805419,1.09334544067424,1.19266261329429,1.29197978591435,1.3912969585344,
1.49075688813006,1.59021681772573),.UNSPECIFIED.);
#1401=B_SPLINE_CURVE_WITH_KNOTS('',2,(#11267,#11268,#11269,#11270),
 .UNSPECIFIED.,.F.,.F.,(3,1,3),(0.,1.,2.),.UNSPECIFIED.);
#1402=B_SPLINE_CURVE_WITH_KNOTS('',2,(#11272,#11273,#11274),
 .UNSPECIFIED.,.F.,.F.,(3,3),(0.,1.),.UNSPECIFIED.);
#1403=B_SPLINE_CURVE_WITH_KNOTS('',2,(#11276,#11277,#11278),
 .UNSPECIFIED.,.F.,.F.,(3,3),(0.,1.),.UNSPECIFIED.);
#1404=B_SPLINE_CURVE_WITH_KNOTS('',2,(#11280,#11281,#11282,#11283),
 .UNSPECIFIED.,.F.,.F.,(3,1,3),(0.,1.,2.),.UNSPECIFIED.);
#1405=B_SPLINE_CURVE_WITH_KNOTS('',2,(#11285,#11286,#11287,#11288),
 .UNSPECIFIED.,.F.,.F.,(3,1,3),(0.,1.,2.),.UNSPECIFIED.);
#1406=B_SPLINE_CURVE_WITH_KNOTS('',2,(#11294,#11295,#11296),
 .UNSPECIFIED.,.F.,.F.,(3,3),(0.,1.),.UNSPECIFIED.);
#1407=B_SPLINE_CURVE_WITH_KNOTS('',2,(#11298,#11299,#11300),
 .UNSPECIFIED.,.F.,.F.,(3,3),(0.,1.),.UNSPECIFIED.);
#1408=B_SPLINE_CURVE_WITH_KNOTS('',2,(#11302,#11303,#11304,#11305),
 .UNSPECIFIED.,.F.,.F.,(3,1,3),(0.,1.,2.),.UNSPECIFIED.);
#1409=B_SPLINE_CURVE_WITH_KNOTS('',2,(#11309,#11310,#11311),
 .UNSPECIFIED.,.F.,.F.,(3,3),(0.,1.),.UNSPECIFIED.);
#1410=B_SPLINE_CURVE_WITH_KNOTS('',2,(#11315,#11316,#11317),
 .UNSPECIFIED.,.F.,.F.,(3,3),(0.,1.),.UNSPECIFIED.);
#1411=B_SPLINE_CURVE_WITH_KNOTS('',2,(#11319,#11320,#11321,#11322),
 .UNSPECIFIED.,.F.,.F.,(3,1,3),(0.,1.,2.),.UNSPECIFIED.);
#1412=B_SPLINE_CURVE_WITH_KNOTS('',2,(#11324,#11325,#11326,#11327),
 .UNSPECIFIED.,.F.,.F.,(3,1,3),(0.,1.,2.),.UNSPECIFIED.);
#1413=B_SPLINE_CURVE_WITH_KNOTS('',2,(#11329,#11330,#11331,#11332),
 .UNSPECIFIED.,.F.,.F.,(3,1,3),(0.,1.,2.),.UNSPECIFIED.);
#1414=B_SPLINE_CURVE_WITH_KNOTS('',2,(#11333,#11334,#11335),
 .UNSPECIFIED.,.F.,.F.,(3,3),(0.,1.),.UNSPECIFIED.);
#1415=B_SPLINE_CURVE_WITH_KNOTS('',2,(#11338,#11339,#11340,#11341),
 .UNSPECIFIED.,.F.,.F.,(3,1,3),(0.,1.,2.),.UNSPECIFIED.);
#1416=B_SPLINE_CURVE_WITH_KNOTS('',2,(#11343,#11344,#11345,#11346),
 .UNSPECIFIED.,.F.,.F.,(3,1,3),(0.,1.,2.),.UNSPECIFIED.);
#1417=B_SPLINE_CURVE_WITH_KNOTS('',2,(#11350,#11351,#11352),
 .UNSPECIFIED.,.F.,.F.,(3,3),(0.,1.),.UNSPECIFIED.);
#1418=B_SPLINE_CURVE_WITH_KNOTS('',2,(#11354,#11355,#11356),
 .UNSPECIFIED.,.F.,.F.,(3,3),(0.,1.),.UNSPECIFIED.);
#1419=B_SPLINE_CURVE_WITH_KNOTS('',2,(#11358,#11359,#11360,#11361),
 .UNSPECIFIED.,.F.,.F.,(3,1,3),(0.,1.,2.),.UNSPECIFIED.);
#1420=B_SPLINE_CURVE_WITH_KNOTS('',2,(#11365,#11366,#11367),
 .UNSPECIFIED.,.F.,.F.,(3,3),(0.,1.),.UNSPECIFIED.);
#1421=B_SPLINE_CURVE_WITH_KNOTS('',2,(#11369,#11370,#11371),
 .UNSPECIFIED.,.F.,.F.,(3,3),(0.,1.),.UNSPECIFIED.);
#1422=B_SPLINE_CURVE_WITH_KNOTS('',2,(#11372,#11373,#11374,#11375),
 .UNSPECIFIED.,.F.,.F.,(3,1,3),(0.,1.,2.),.UNSPECIFIED.);
#1423=B_SPLINE_CURVE_WITH_KNOTS('',2,(#11380,#11381,#11382,#11383),
 .UNSPECIFIED.,.F.,.F.,(3,1,3),(0.,1.,2.),.UNSPECIFIED.);
#1424=B_SPLINE_CURVE_WITH_KNOTS('',2,(#11387,#11388,#11389,#11390),
 .UNSPECIFIED.,.F.,.F.,(3,1,3),(0.,1.,2.),.UNSPECIFIED.);
#1425=B_SPLINE_CURVE_WITH_KNOTS('',2,(#11394,#11395,#11396,#11397),
 .UNSPECIFIED.,.F.,.F.,(3,1,3),(0.,1.,2.),.UNSPECIFIED.);
#1426=B_SPLINE_CURVE_WITH_KNOTS('',2,(#11400,#11401,#11402,#11403),
 .UNSPECIFIED.,.F.,.F.,(3,1,3),(0.,1.,2.),.UNSPECIFIED.);
#1427=B_SPLINE_CURVE_WITH_KNOTS('',2,(#11410,#11411,#11412,#11413),
 .UNSPECIFIED.,.F.,.F.,(3,1,3),(0.,1.,2.),.UNSPECIFIED.);
#1428=B_SPLINE_CURVE_WITH_KNOTS('',2,(#11417,#11418,#11419),
 .UNSPECIFIED.,.F.,.F.,(3,3),(0.,1.),.UNSPECIFIED.);
#1429=B_SPLINE_CURVE_WITH_KNOTS('',2,(#11421,#11422,#11423),
 .UNSPECIFIED.,.F.,.F.,(3,3),(0.,1.),.UNSPECIFIED.);
#1430=B_SPLINE_CURVE_WITH_KNOTS('',2,(#11425,#11426,#11427,#11428),
 .UNSPECIFIED.,.F.,.F.,(3,1,3),(0.,1.,2.),.UNSPECIFIED.);
#1431=B_SPLINE_CURVE_WITH_KNOTS('',2,(#11432,#11433,#11434,#11435),
 .UNSPECIFIED.,.F.,.F.,(3,1,3),(0.,1.,2.),.UNSPECIFIED.);
#1432=B_SPLINE_CURVE_WITH_KNOTS('',2,(#11441,#11442,#11443),
 .UNSPECIFIED.,.F.,.F.,(3,3),(0.,1.),.UNSPECIFIED.);
#1433=B_SPLINE_CURVE_WITH_KNOTS('',2,(#11445,#11446,#11447),
 .UNSPECIFIED.,.F.,.F.,(3,3),(0.,1.),.UNSPECIFIED.);
#1434=B_SPLINE_CURVE_WITH_KNOTS('',2,(#11449,#11450,#11451,#11452),
 .UNSPECIFIED.,.F.,.F.,(3,1,3),(0.,1.,2.),.UNSPECIFIED.);
#1435=B_SPLINE_CURVE_WITH_KNOTS('',2,(#11456,#11457,#11458),
 .UNSPECIFIED.,.F.,.F.,(3,3),(0.,1.),.UNSPECIFIED.);
#1436=B_SPLINE_CURVE_WITH_KNOTS('',2,(#11460,#11461,#11462),
 .UNSPECIFIED.,.F.,.F.,(3,3),(0.,1.),.UNSPECIFIED.);
#1437=B_SPLINE_CURVE_WITH_KNOTS('',2,(#11463,#11464,#11465,#11466),
 .UNSPECIFIED.,.F.,.F.,(3,1,3),(0.,1.,2.),.UNSPECIFIED.);
#1438=B_SPLINE_CURVE_WITH_KNOTS('',2,(#11473,#11474,#11475),
 .UNSPECIFIED.,.F.,.F.,(3,3),(0.,1.),.UNSPECIFIED.);
#1439=B_SPLINE_CURVE_WITH_KNOTS('',2,(#11477,#11478,#11479),
 .UNSPECIFIED.,.F.,.F.,(3,3),(0.,1.),.UNSPECIFIED.);
#1440=B_SPLINE_CURVE_WITH_KNOTS('',2,(#11481,#11482,#11483),
 .UNSPECIFIED.,.F.,.F.,(3,3),(0.,1.),.UNSPECIFIED.);
#1441=B_SPLINE_CURVE_WITH_KNOTS('',2,(#11487,#11488,#11489,#11490),
 .UNSPECIFIED.,.F.,.F.,(3,1,3),(0.,1.,2.),.UNSPECIFIED.);
#1442=B_SPLINE_CURVE_WITH_KNOTS('',2,(#11492,#11493,#11494,#11495),
 .UNSPECIFIED.,.F.,.F.,(3,1,3),(0.,1.,2.),.UNSPECIFIED.);
#1443=B_SPLINE_CURVE_WITH_KNOTS('',2,(#11499,#11500,#11501,#11502),
 .UNSPECIFIED.,.F.,.F.,(3,1,3),(0.,1.,2.),.UNSPECIFIED.);
#1444=B_SPLINE_CURVE_WITH_KNOTS('',2,(#11506,#11507,#11508,#11509),
 .UNSPECIFIED.,.F.,.F.,(3,1,3),(0.,1.,2.),.UNSPECIFIED.);
#1445=B_SPLINE_CURVE_WITH_KNOTS('',2,(#11513,#11514,#11515,#11516),
 .UNSPECIFIED.,.F.,.F.,(3,1,3),(0.,1.,2.),.UNSPECIFIED.);
#1446=B_SPLINE_CURVE_WITH_KNOTS('',2,(#11519,#11520,#11521),
 .UNSPECIFIED.,.F.,.F.,(3,3),(0.,1.),.UNSPECIFIED.);
#1447=B_SPLINE_CURVE_WITH_KNOTS('',2,(#11524,#11525,#11526,#11527),
 .UNSPECIFIED.,.F.,.F.,(3,1,3),(0.,1.,2.),.UNSPECIFIED.);
#1448=B_SPLINE_CURVE_WITH_KNOTS('',2,(#11531,#11532,#11533),
 .UNSPECIFIED.,.F.,.F.,(3,3),(0.,1.),.UNSPECIFIED.);
#1449=B_SPLINE_CURVE_WITH_KNOTS('',2,(#11535,#11536,#11537),
 .UNSPECIFIED.,.F.,.F.,(3,3),(0.,1.),.UNSPECIFIED.);
#1450=B_SPLINE_CURVE_WITH_KNOTS('',2,(#11539,#11540,#11541,#11542),
 .UNSPECIFIED.,.F.,.F.,(3,1,3),(0.,1.,2.),.UNSPECIFIED.);
#1451=B_SPLINE_CURVE_WITH_KNOTS('',2,(#11545,#11546,#11547,#11548),
 .UNSPECIFIED.,.F.,.F.,(3,1,3),(0.,1.,2.),.UNSPECIFIED.);
#1452=B_SPLINE_CURVE_WITH_KNOTS('',2,(#11553,#11554,#11555),
 .UNSPECIFIED.,.F.,.F.,(3,3),(0.,1.),.UNSPECIFIED.);
#1453=B_SPLINE_CURVE_WITH_KNOTS('',2,(#11557,#11558,#11559),
 .UNSPECIFIED.,.F.,.F.,(3,3),(0.,1.),.UNSPECIFIED.);
#1454=B_SPLINE_CURVE_WITH_KNOTS('',2,(#11561,#11562,#11563,#11564),
 .UNSPECIFIED.,.F.,.F.,(3,1,3),(0.,1.,2.),.UNSPECIFIED.);
#1455=B_SPLINE_CURVE_WITH_KNOTS('',2,(#11568,#11569,#11570,#11571),
 .UNSPECIFIED.,.F.,.F.,(3,1,3),(0.,1.,2.),.UNSPECIFIED.);
#1456=B_SPLINE_CURVE_WITH_KNOTS('',2,(#11577,#11578,#11579),
 .UNSPECIFIED.,.F.,.F.,(3,3),(0.,1.),.UNSPECIFIED.);
#1457=B_SPLINE_CURVE_WITH_KNOTS('',2,(#11581,#11582,#11583),
 .UNSPECIFIED.,.F.,.F.,(3,3),(0.,1.),.UNSPECIFIED.);
#1458=B_SPLINE_CURVE_WITH_KNOTS('',2,(#11585,#11586,#11587,#11588),
 .UNSPECIFIED.,.F.,.F.,(3,1,3),(0.,1.,2.),.UNSPECIFIED.);
#1459=B_SPLINE_CURVE_WITH_KNOTS('',2,(#11592,#11593,#11594),
 .UNSPECIFIED.,.F.,.F.,(3,3),(0.,1.),.UNSPECIFIED.);
#1460=B_SPLINE_CURVE_WITH_KNOTS('',2,(#11597,#11598,#11599,#11600),
 .UNSPECIFIED.,.F.,.F.,(3,1,3),(0.,1.,2.),.UNSPECIFIED.);
#1461=B_SPLINE_CURVE_WITH_KNOTS('',2,(#11607,#11608,#11609,#11610),
 .UNSPECIFIED.,.F.,.F.,(3,1,3),(0.,1.,2.),.UNSPECIFIED.);
#1462=B_SPLINE_CURVE_WITH_KNOTS('',2,(#11612,#11613,#11614,#11615),
 .UNSPECIFIED.,.F.,.F.,(3,1,3),(0.,1.,2.),.UNSPECIFIED.);
#1463=B_SPLINE_CURVE_WITH_KNOTS('',2,(#11621,#11622,#11623),
 .UNSPECIFIED.,.F.,.F.,(3,3),(0.,1.),.UNSPECIFIED.);
#1464=B_SPLINE_CURVE_WITH_KNOTS('',2,(#11625,#11626,#11627),
 .UNSPECIFIED.,.F.,.F.,(3,3),(0.,1.),.UNSPECIFIED.);
#1465=B_SPLINE_CURVE_WITH_KNOTS('',2,(#11629,#11630,#11631,#11632),
 .UNSPECIFIED.,.F.,.F.,(3,1,3),(0.,1.,2.),.UNSPECIFIED.);
#1466=B_SPLINE_CURVE_WITH_KNOTS('',2,(#11638,#11639,#11640),
 .UNSPECIFIED.,.F.,.F.,(3,3),(0.,1.),.UNSPECIFIED.);
#1467=B_SPLINE_CURVE_WITH_KNOTS('',2,(#11648,#11649,#11650),
 .UNSPECIFIED.,.F.,.F.,(3,3),(0.,1.),.UNSPECIFIED.);
#1468=B_SPLINE_CURVE_WITH_KNOTS('',2,(#11654,#11655,#11656),
 .UNSPECIFIED.,.F.,.F.,(3,3),(0.,1.),.UNSPECIFIED.);
#1469=B_SPLINE_CURVE_WITH_KNOTS('',2,(#11658,#11659,#11660),
 .UNSPECIFIED.,.F.,.F.,(3,3),(0.,1.),.UNSPECIFIED.);
#1470=B_SPLINE_CURVE_WITH_KNOTS('',2,(#11662,#11663,#11664),
 .UNSPECIFIED.,.F.,.F.,(3,3),(0.,1.),.UNSPECIFIED.);
#1471=B_SPLINE_CURVE_WITH_KNOTS('',2,(#11674,#11675,#11676),
 .UNSPECIFIED.,.F.,.F.,(3,3),(0.,1.),.UNSPECIFIED.);
#1472=B_SPLINE_CURVE_WITH_KNOTS('',2,(#11678,#11679,#11680),
 .UNSPECIFIED.,.F.,.F.,(3,3),(0.,1.),.UNSPECIFIED.);
#1473=B_SPLINE_CURVE_WITH_KNOTS('',2,(#11681,#11682,#11683,#11684),
 .UNSPECIFIED.,.F.,.F.,(3,1,3),(0.,1.,2.),.UNSPECIFIED.);
#1474=B_SPLINE_CURVE_WITH_KNOTS('',2,(#11689,#11690,#11691,#11692),
 .UNSPECIFIED.,.F.,.F.,(3,1,3),(0.,1.,2.),.UNSPECIFIED.);
#1475=B_SPLINE_CURVE_WITH_KNOTS('',2,(#11696,#11697,#11698,#11699),
 .UNSPECIFIED.,.F.,.F.,(3,1,3),(0.,1.,2.),.UNSPECIFIED.);
#1476=B_SPLINE_CURVE_WITH_KNOTS('',2,(#11703,#11704,#11705,#11706),
 .UNSPECIFIED.,.F.,.F.,(3,1,3),(0.,1.,2.),.UNSPECIFIED.);
#1477=B_SPLINE_CURVE_WITH_KNOTS('',2,(#11709,#11710,#11711,#11712),
 .UNSPECIFIED.,.F.,.F.,(3,1,3),(0.,1.,2.),.UNSPECIFIED.);
#1478=B_SPLINE_CURVE_WITH_KNOTS('',2,(#11717,#11718,#11719),
 .UNSPECIFIED.,.F.,.F.,(3,3),(0.,1.),.UNSPECIFIED.);
#1479=B_SPLINE_CURVE_WITH_KNOTS('',2,(#11721,#11722,#11723),
 .UNSPECIFIED.,.F.,.F.,(3,3),(0.,1.),.UNSPECIFIED.);
#1480=B_SPLINE_CURVE_WITH_KNOTS('',2,(#11725,#11726,#11727,#11728),
 .UNSPECIFIED.,.F.,.F.,(3,1,3),(0.,1.,2.),.UNSPECIFIED.);
#1481=B_SPLINE_CURVE_WITH_KNOTS('',2,(#11734,#11735,#11736),
 .UNSPECIFIED.,.F.,.F.,(3,3),(0.,1.),.UNSPECIFIED.);
#1482=B_SPLINE_CURVE_WITH_KNOTS('',2,(#11738,#11739,#11740),
 .UNSPECIFIED.,.F.,.F.,(3,3),(0.,1.),.UNSPECIFIED.);
#1483=B_SPLINE_CURVE_WITH_KNOTS('',2,(#11742,#11743,#11744),
 .UNSPECIFIED.,.F.,.F.,(3,3),(0.,1.),.UNSPECIFIED.);
#1484=B_SPLINE_CURVE_WITH_KNOTS('',2,(#11746,#11747,#11748),
 .UNSPECIFIED.,.F.,.F.,(3,3),(0.,1.),.UNSPECIFIED.);
#1485=B_SPLINE_CURVE_WITH_KNOTS('',2,(#11752,#11753,#11754,#11755),
 .UNSPECIFIED.,.F.,.F.,(3,1,3),(0.,1.,2.),.UNSPECIFIED.);
#1486=B_SPLINE_CURVE_WITH_KNOTS('',2,(#11757,#11758,#11759),
 .UNSPECIFIED.,.F.,.F.,(3,3),(0.,1.),.UNSPECIFIED.);
#1487=B_SPLINE_CURVE_WITH_KNOTS('',2,(#11760,#11761,#11762),
 .UNSPECIFIED.,.F.,.F.,(3,3),(0.,1.),.UNSPECIFIED.);
#1488=B_SPLINE_CURVE_WITH_KNOTS('',2,(#11769,#11770,#11771),
 .UNSPECIFIED.,.F.,.F.,(3,3),(0.,1.),.UNSPECIFIED.);
#1489=B_SPLINE_CURVE_WITH_KNOTS('',2,(#11773,#11774,#11775),
 .UNSPECIFIED.,.F.,.F.,(3,3),(0.,1.),.UNSPECIFIED.);
#1490=B_SPLINE_CURVE_WITH_KNOTS('',2,(#11777,#11778,#11779,#11780),
 .UNSPECIFIED.,.F.,.F.,(3,1,3),(0.,1.,2.),.UNSPECIFIED.);
#1491=B_SPLINE_CURVE_WITH_KNOTS('',2,(#11786,#11787,#11788),
 .UNSPECIFIED.,.F.,.F.,(3,3),(0.,1.),.UNSPECIFIED.);
#1492=B_SPLINE_CURVE_WITH_KNOTS('',2,(#11790,#11791,#11792),
 .UNSPECIFIED.,.F.,.F.,(3,3),(0.,1.),.UNSPECIFIED.);
#1493=B_SPLINE_CURVE_WITH_KNOTS('',2,(#11794,#11795,#11796,#11797),
 .UNSPECIFIED.,.F.,.F.,(3,1,3),(0.,1.,2.),.UNSPECIFIED.);
#1494=B_SPLINE_CURVE_WITH_KNOTS('',2,(#11801,#11802,#11803),
 .UNSPECIFIED.,.F.,.F.,(3,3),(0.,1.),.UNSPECIFIED.);
#1495=B_SPLINE_CURVE_WITH_KNOTS('',2,(#11807,#11808,#11809,#11810),
 .UNSPECIFIED.,.F.,.F.,(3,1,3),(0.,1.,2.),.UNSPECIFIED.);
#1496=B_SPLINE_CURVE_WITH_KNOTS('',2,(#11812,#11813,#11814,#11815),
 .UNSPECIFIED.,.F.,.F.,(3,1,3),(0.,1.,2.),.UNSPECIFIED.);
#1497=B_SPLINE_CURVE_WITH_KNOTS('',2,(#11819,#11820,#11821,#11822),
 .UNSPECIFIED.,.F.,.F.,(3,1,3),(0.,1.,2.),.UNSPECIFIED.);
#1498=B_SPLINE_CURVE_WITH_KNOTS('',2,(#11824,#11825,#11826),
 .UNSPECIFIED.,.F.,.F.,(3,3),(0.,1.),.UNSPECIFIED.);
#1499=B_SPLINE_CURVE_WITH_KNOTS('',2,(#11828,#11829,#11830),
 .UNSPECIFIED.,.F.,.F.,(3,3),(0.,1.),.UNSPECIFIED.);
#1500=B_SPLINE_CURVE_WITH_KNOTS('',2,(#11832,#11833,#11834,#11835),
 .UNSPECIFIED.,.F.,.F.,(3,1,3),(0.,1.,2.),.UNSPECIFIED.);
#1501=B_SPLINE_CURVE_WITH_KNOTS('',2,(#11837,#11838,#11839),
 .UNSPECIFIED.,.F.,.F.,(3,3),(0.,1.),.UNSPECIFIED.);
#1502=B_SPLINE_CURVE_WITH_KNOTS('',2,(#11841,#11842,#11843),
 .UNSPECIFIED.,.F.,.F.,(3,3),(0.,1.),.UNSPECIFIED.);
#1503=B_SPLINE_CURVE_WITH_KNOTS('',2,(#11845,#11846,#11847),
 .UNSPECIFIED.,.F.,.F.,(3,3),(0.,1.),.UNSPECIFIED.);
#1504=B_SPLINE_CURVE_WITH_KNOTS('',2,(#11849,#11850,#11851),
 .UNSPECIFIED.,.F.,.F.,(3,3),(0.,1.),.UNSPECIFIED.);
#1505=B_SPLINE_CURVE_WITH_KNOTS('',2,(#11855,#11856,#11857),
 .UNSPECIFIED.,.F.,.F.,(3,3),(0.,1.),.UNSPECIFIED.);
#1506=B_SPLINE_CURVE_WITH_KNOTS('',2,(#11859,#11860,#11861),
 .UNSPECIFIED.,.F.,.F.,(3,3),(0.,1.),.UNSPECIFIED.);
#1507=B_SPLINE_CURVE_WITH_KNOTS('',2,(#11865,#11866,#11867,#11868),
 .UNSPECIFIED.,.F.,.F.,(3,1,3),(0.,1.,2.),.UNSPECIFIED.);
#1508=B_SPLINE_CURVE_WITH_KNOTS('',2,(#11870,#11871,#11872,#11873),
 .UNSPECIFIED.,.F.,.F.,(3,1,3),(0.,1.,2.),.UNSPECIFIED.);
#1509=B_SPLINE_CURVE_WITH_KNOTS('',2,(#11875,#11876,#11877),
 .UNSPECIFIED.,.F.,.F.,(3,3),(0.,1.),.UNSPECIFIED.);
#1510=B_SPLINE_CURVE_WITH_KNOTS('',2,(#11879,#11880,#11881),
 .UNSPECIFIED.,.F.,.F.,(3,3),(0.,1.),.UNSPECIFIED.);
#1511=B_SPLINE_CURVE_WITH_KNOTS('',2,(#11883,#11884,#11885),
 .UNSPECIFIED.,.F.,.F.,(3,3),(0.,1.),.UNSPECIFIED.);
#1512=B_SPLINE_CURVE_WITH_KNOTS('',2,(#11887,#11888,#11889,#11890),
 .UNSPECIFIED.,.F.,.F.,(3,1,3),(0.,1.,2.),.UNSPECIFIED.);
#1513=B_SPLINE_CURVE_WITH_KNOTS('',2,(#11892,#11893,#11894),
 .UNSPECIFIED.,.F.,.F.,(3,3),(0.,1.),.UNSPECIFIED.);
#1514=B_SPLINE_CURVE_WITH_KNOTS('',2,(#11896,#11897,#11898,#11899),
 .UNSPECIFIED.,.F.,.F.,(3,1,3),(0.,1.,2.),.UNSPECIFIED.);
#1515=B_SPLINE_CURVE_WITH_KNOTS('',2,(#11901,#11902,#11903),
 .UNSPECIFIED.,.F.,.F.,(3,3),(0.,1.),.UNSPECIFIED.);
#1516=B_SPLINE_CURVE_WITH_KNOTS('',2,(#11905,#11906,#11907,#11908),
 .UNSPECIFIED.,.F.,.F.,(3,1,3),(0.,1.,2.),.UNSPECIFIED.);
#1517=B_SPLINE_CURVE_WITH_KNOTS('',2,(#11910,#11911,#11912),
 .UNSPECIFIED.,.F.,.F.,(3,3),(0.,1.),.UNSPECIFIED.);
#1518=B_SPLINE_CURVE_WITH_KNOTS('',2,(#11914,#11915,#11916),
 .UNSPECIFIED.,.F.,.F.,(3,3),(0.,1.),.UNSPECIFIED.);
#1519=B_SPLINE_CURVE_WITH_KNOTS('',2,(#11918,#11919,#11920,#11921),
 .UNSPECIFIED.,.F.,.F.,(3,1,3),(0.,1.,2.),.UNSPECIFIED.);
#1520=B_SPLINE_CURVE_WITH_KNOTS('',2,(#11923,#11924,#11925),
 .UNSPECIFIED.,.F.,.F.,(3,3),(0.,1.),.UNSPECIFIED.);
#1521=B_SPLINE_CURVE_WITH_KNOTS('',2,(#11927,#11928,#11929),
 .UNSPECIFIED.,.F.,.F.,(3,3),(0.,1.),.UNSPECIFIED.);
#1522=B_SPLINE_CURVE_WITH_KNOTS('',2,(#11933,#11934,#11935,#11936),
 .UNSPECIFIED.,.F.,.F.,(3,1,3),(0.,1.,2.),.UNSPECIFIED.);
#1523=B_SPLINE_CURVE_WITH_KNOTS('',2,(#11938,#11939,#11940,#11941),
 .UNSPECIFIED.,.F.,.F.,(3,1,3),(0.,1.,2.),.UNSPECIFIED.);
#1524=B_SPLINE_CURVE_WITH_KNOTS('',2,(#11942,#11943,#11944),
 .UNSPECIFIED.,.F.,.F.,(3,3),(0.,1.),.UNSPECIFIED.);
#1525=B_SPLINE_CURVE_WITH_KNOTS('',2,(#11949,#11950,#11951,#11952),
 .UNSPECIFIED.,.F.,.F.,(3,1,3),(0.,1.,2.),.UNSPECIFIED.);
#1526=B_SPLINE_CURVE_WITH_KNOTS('',2,(#11956,#11957,#11958,#11959),
 .UNSPECIFIED.,.F.,.F.,(3,1,3),(0.,1.,2.),.UNSPECIFIED.);
#1527=B_SPLINE_CURVE_WITH_KNOTS('',2,(#11963,#11964,#11965),
 .UNSPECIFIED.,.F.,.F.,(3,3),(0.,1.),.UNSPECIFIED.);
#1528=B_SPLINE_CURVE_WITH_KNOTS('',2,(#11967,#11968,#11969),
 .UNSPECIFIED.,.F.,.F.,(3,3),(0.,1.),.UNSPECIFIED.);
#1529=B_SPLINE_CURVE_WITH_KNOTS('',2,(#11971,#11972,#11973,#11974),
 .UNSPECIFIED.,.F.,.F.,(3,1,3),(0.,1.,2.),.UNSPECIFIED.);
#1530=B_SPLINE_CURVE_WITH_KNOTS('',2,(#11978,#11979,#11980),
 .UNSPECIFIED.,.F.,.F.,(3,3),(0.,1.),.UNSPECIFIED.);
#1531=B_SPLINE_CURVE_WITH_KNOTS('',2,(#11982,#11983,#11984),
 .UNSPECIFIED.,.F.,.F.,(3,3),(0.,1.),.UNSPECIFIED.);
#1532=B_SPLINE_CURVE_WITH_KNOTS('',2,(#11986,#11987,#11988),
 .UNSPECIFIED.,.F.,.F.,(3,3),(0.,1.),.UNSPECIFIED.);
#1533=B_SPLINE_CURVE_WITH_KNOTS('',2,(#11992,#11993,#11994,#11995),
 .UNSPECIFIED.,.F.,.F.,(3,1,3),(0.,1.,2.),.UNSPECIFIED.);
#1534=B_SPLINE_CURVE_WITH_KNOTS('',2,(#11999,#12000,#12001),
 .UNSPECIFIED.,.F.,.F.,(3,3),(0.,1.),.UNSPECIFIED.);
#1535=B_SPLINE_CURVE_WITH_KNOTS('',2,(#12003,#12004,#12005),
 .UNSPECIFIED.,.F.,.F.,(3,3),(0.,1.),.UNSPECIFIED.);
#1536=B_SPLINE_CURVE_WITH_KNOTS('',2,(#12006,#12007,#12008,#12009),
 .UNSPECIFIED.,.F.,.F.,(3,1,3),(0.,1.,2.),.UNSPECIFIED.);
#1537=B_SPLINE_CURVE_WITH_KNOTS('',2,(#12012,#12013,#12014),
 .UNSPECIFIED.,.F.,.F.,(3,3),(0.,1.),.UNSPECIFIED.);
#1538=B_SPLINE_CURVE_WITH_KNOTS('',2,(#12020,#12021,#12022,#12023),
 .UNSPECIFIED.,.F.,.F.,(3,1,3),(0.,1.,2.),.UNSPECIFIED.);
#1539=B_SPLINE_CURVE_WITH_KNOTS('',2,(#12025,#12026,#12027,#12028),
 .UNSPECIFIED.,.F.,.F.,(3,1,3),(0.,1.,2.),.UNSPECIFIED.);
#1540=B_SPLINE_CURVE_WITH_KNOTS('',2,(#12032,#12033,#12034),
 .UNSPECIFIED.,.F.,.F.,(3,3),(0.,1.),.UNSPECIFIED.);
#1541=B_SPLINE_CURVE_WITH_KNOTS('',2,(#12036,#12037,#12038),
 .UNSPECIFIED.,.F.,.F.,(3,3),(0.,1.),.UNSPECIFIED.);
#1542=B_SPLINE_CURVE_WITH_KNOTS('',2,(#12042,#12043,#12044),
 .UNSPECIFIED.,.F.,.F.,(3,3),(0.,1.),.UNSPECIFIED.);
#1543=B_SPLINE_CURVE_WITH_KNOTS('',2,(#12046,#12047,#12048),
 .UNSPECIFIED.,.F.,.F.,(3,3),(0.,1.),.UNSPECIFIED.);
#1544=B_SPLINE_CURVE_WITH_KNOTS('',2,(#12050,#12051,#12052,#12053),
 .UNSPECIFIED.,.F.,.F.,(3,1,3),(0.,1.,2.),.UNSPECIFIED.);
#1545=B_SPLINE_CURVE_WITH_KNOTS('',2,(#12055,#12056,#12057),
 .UNSPECIFIED.,.F.,.F.,(3,3),(0.,1.),.UNSPECIFIED.);
#1546=B_SPLINE_CURVE_WITH_KNOTS('',2,(#12059,#12060,#12061),
 .UNSPECIFIED.,.F.,.F.,(3,3),(0.,1.),.UNSPECIFIED.);
#1547=B_SPLINE_CURVE_WITH_KNOTS('',2,(#12063,#12064,#12065),
 .UNSPECIFIED.,.F.,.F.,(3,3),(0.,1.),.UNSPECIFIED.);
#1548=B_SPLINE_CURVE_WITH_KNOTS('',2,(#12069,#12070,#12071,#12072),
 .UNSPECIFIED.,.F.,.F.,(3,1,3),(0.,1.,2.),.UNSPECIFIED.);
#1549=B_SPLINE_CURVE_WITH_KNOTS('',2,(#12074,#12075,#12076),
 .UNSPECIFIED.,.F.,.F.,(3,3),(0.,1.),.UNSPECIFIED.);
#1550=B_SPLINE_CURVE_WITH_KNOTS('',2,(#12078,#12079,#12080),
 .UNSPECIFIED.,.F.,.F.,(3,3),(0.,1.),.UNSPECIFIED.);
#1551=B_SPLINE_CURVE_WITH_KNOTS('',2,(#12082,#12083,#12084,#12085),
 .UNSPECIFIED.,.F.,.F.,(3,1,3),(0.,1.,2.),.UNSPECIFIED.);
#1552=B_SPLINE_CURVE_WITH_KNOTS('',2,(#12086,#12087,#12088,#12089),
 .UNSPECIFIED.,.F.,.F.,(3,1,3),(0.,1.,2.),.UNSPECIFIED.);
#1553=B_SPLINE_CURVE_WITH_KNOTS('',2,(#12092,#12093,#12094,#12095),
 .UNSPECIFIED.,.F.,.F.,(3,1,3),(0.,1.,2.),.UNSPECIFIED.);
#1554=B_SPLINE_CURVE_WITH_KNOTS('',2,(#12099,#12100,#12101,#12102),
 .UNSPECIFIED.,.F.,.F.,(3,1,3),(0.,1.,2.),.UNSPECIFIED.);
#1555=B_SPLINE_CURVE_WITH_KNOTS('',2,(#12106,#12107,#12108,#12109),
 .UNSPECIFIED.,.F.,.F.,(3,1,3),(0.,1.,2.),.UNSPECIFIED.);
#1556=B_SPLINE_CURVE_WITH_KNOTS('',2,(#12113,#12114,#12115,#12116),
 .UNSPECIFIED.,.F.,.F.,(3,1,3),(0.,1.,2.),.UNSPECIFIED.);
#1557=B_SPLINE_CURVE_WITH_KNOTS('',2,(#12118,#12119,#12120,#12121),
 .UNSPECIFIED.,.F.,.F.,(3,1,3),(0.,1.,2.),.UNSPECIFIED.);
#1558=B_SPLINE_CURVE_WITH_KNOTS('',2,(#12125,#12126,#12127),
 .UNSPECIFIED.,.F.,.F.,(3,3),(0.,1.),.UNSPECIFIED.);
#1559=B_SPLINE_CURVE_WITH_KNOTS('',2,(#12129,#12130,#12131,#12132),
 .UNSPECIFIED.,.F.,.F.,(3,1,3),(0.,1.,2.),.UNSPECIFIED.);
#1560=B_SPLINE_CURVE_WITH_KNOTS('',2,(#12136,#12137,#12138),
 .UNSPECIFIED.,.F.,.F.,(3,3),(0.,1.),.UNSPECIFIED.);
#1561=B_SPLINE_CURVE_WITH_KNOTS('',2,(#12140,#12141,#12142),
 .UNSPECIFIED.,.F.,.F.,(3,3),(0.,1.),.UNSPECIFIED.);
#1562=B_SPLINE_CURVE_WITH_KNOTS('',2,(#12144,#12145,#12146),
 .UNSPECIFIED.,.F.,.F.,(3,3),(0.,1.),.UNSPECIFIED.);
#1563=B_SPLINE_CURVE_WITH_KNOTS('',2,(#12149,#12150,#12151,#12152),
 .UNSPECIFIED.,.F.,.F.,(3,1,3),(0.,1.,2.),.UNSPECIFIED.);
#1564=B_SPLINE_CURVE_WITH_KNOTS('',2,(#12155,#12156,#12157,#12158),
 .UNSPECIFIED.,.F.,.F.,(3,1,3),(0.,1.,2.),.UNSPECIFIED.);
#1565=B_SPLINE_CURVE_WITH_KNOTS('',2,(#12162,#12163,#12164,#12165),
 .UNSPECIFIED.,.F.,.F.,(3,1,3),(0.,1.,2.),.UNSPECIFIED.);
#1566=B_SPLINE_CURVE_WITH_KNOTS('',2,(#12169,#12170,#12171,#12172),
 .UNSPECIFIED.,.F.,.F.,(3,1,3),(0.,1.,2.),.UNSPECIFIED.);
#1567=B_SPLINE_CURVE_WITH_KNOTS('',2,(#12176,#12177,#12178,#12179),
 .UNSPECIFIED.,.F.,.F.,(3,1,3),(0.,1.,2.),.UNSPECIFIED.);
#1568=B_SPLINE_CURVE_WITH_KNOTS('',2,(#12181,#12182,#12183,#12184),
 .UNSPECIFIED.,.F.,.F.,(3,1,3),(0.,1.,2.),.UNSPECIFIED.);
#1569=B_SPLINE_CURVE_WITH_KNOTS('',2,(#12188,#12189,#12190),
 .UNSPECIFIED.,.F.,.F.,(3,3),(0.,1.),.UNSPECIFIED.);
#1570=B_SPLINE_CURVE_WITH_KNOTS('',2,(#12192,#12193,#12194,#12195),
 .UNSPECIFIED.,.F.,.F.,(3,1,3),(0.,1.,2.),.UNSPECIFIED.);
#1571=B_SPLINE_CURVE_WITH_KNOTS('',2,(#12199,#12200,#12201),
 .UNSPECIFIED.,.F.,.F.,(3,3),(0.,1.),.UNSPECIFIED.);
#1572=B_SPLINE_CURVE_WITH_KNOTS('',2,(#12203,#12204,#12205),
 .UNSPECIFIED.,.F.,.F.,(3,3),(0.,1.),.UNSPECIFIED.);
#1573=B_SPLINE_CURVE_WITH_KNOTS('',2,(#12207,#12208,#12209),
 .UNSPECIFIED.,.F.,.F.,(3,3),(0.,1.),.UNSPECIFIED.);
#1574=B_SPLINE_CURVE_WITH_KNOTS('',2,(#12212,#12213,#12214,#12215),
 .UNSPECIFIED.,.F.,.F.,(3,1,3),(0.,1.,2.),.UNSPECIFIED.);
#1575=B_SPLINE_CURVE_WITH_KNOTS('',2,(#12222,#12223,#12224,#12225),
 .UNSPECIFIED.,.F.,.F.,(3,1,3),(0.,1.,2.),.UNSPECIFIED.);
#1576=B_SPLINE_CURVE_WITH_KNOTS('',2,(#12227,#12228,#12229,#12230),
 .UNSPECIFIED.,.F.,.F.,(3,1,3),(0.,1.,2.),.UNSPECIFIED.);
#1577=B_SPLINE_CURVE_WITH_KNOTS('',2,(#12236,#12237,#12238),
 .UNSPECIFIED.,.F.,.F.,(3,3),(0.,1.),.UNSPECIFIED.);
#1578=B_SPLINE_CURVE_WITH_KNOTS('',2,(#12240,#12241,#12242),
 .UNSPECIFIED.,.F.,.F.,(3,3),(0.,1.),.UNSPECIFIED.);
#1579=B_SPLINE_CURVE_WITH_KNOTS('',2,(#12244,#12245,#12246,#12247),
 .UNSPECIFIED.,.F.,.F.,(3,1,3),(0.,1.,2.),.UNSPECIFIED.);
#1580=B_SPLINE_CURVE_WITH_KNOTS('',2,(#12253,#12254,#12255),
 .UNSPECIFIED.,.F.,.F.,(3,3),(0.,1.),.UNSPECIFIED.);
#1581=B_SPLINE_CURVE_WITH_KNOTS('',2,(#12257,#12258,#12259),
 .UNSPECIFIED.,.F.,.F.,(3,3),(0.,1.),.UNSPECIFIED.);
#1582=B_SPLINE_CURVE_WITH_KNOTS('',2,(#12261,#12262,#12263,#12264),
 .UNSPECIFIED.,.F.,.F.,(3,1,3),(0.,1.,2.),.UNSPECIFIED.);
#1583=B_SPLINE_CURVE_WITH_KNOTS('',2,(#12270,#12271,#12272),
 .UNSPECIFIED.,.F.,.F.,(3,3),(0.,1.),.UNSPECIFIED.);
#1584=B_SPLINE_CURVE_WITH_KNOTS('',2,(#12274,#12275,#12276),
 .UNSPECIFIED.,.F.,.F.,(3,3),(0.,1.),.UNSPECIFIED.);
#1585=B_SPLINE_CURVE_WITH_KNOTS('',2,(#12277,#12278,#12279,#12280),
 .UNSPECIFIED.,.F.,.F.,(3,1,3),(0.,1.,2.),.UNSPECIFIED.);
#1586=B_SPLINE_CURVE_WITH_KNOTS('',2,(#12285,#12286,#12287),
 .UNSPECIFIED.,.F.,.F.,(3,3),(0.,1.),.UNSPECIFIED.);
#1587=B_SPLINE_CURVE_WITH_KNOTS('',2,(#12289,#12290,#12291),
 .UNSPECIFIED.,.F.,.F.,(3,3),(0.,1.),.UNSPECIFIED.);
#1588=B_SPLINE_CURVE_WITH_KNOTS('',2,(#12293,#12294,#12295,#12296),
 .UNSPECIFIED.,.F.,.F.,(3,1,3),(0.,1.,2.),.UNSPECIFIED.);
#1589=B_SPLINE_CURVE_WITH_KNOTS('',2,(#12300,#12301,#12302,#12303),
 .UNSPECIFIED.,.F.,.F.,(3,1,3),(0.,1.,2.),.UNSPECIFIED.);
#1590=B_SPLINE_CURVE_WITH_KNOTS('',2,(#12309,#12310,#12311),
 .UNSPECIFIED.,.F.,.F.,(3,3),(0.,1.),.UNSPECIFIED.);
#1591=B_SPLINE_CURVE_WITH_KNOTS('',2,(#12313,#12314,#12315),
 .UNSPECIFIED.,.F.,.F.,(3,3),(0.,1.),.UNSPECIFIED.);
#1592=B_SPLINE_CURVE_WITH_KNOTS('',2,(#12317,#12318,#12319,#12320),
 .UNSPECIFIED.,.F.,.F.,(3,1,3),(0.,1.,2.),.UNSPECIFIED.);
#1593=B_SPLINE_CURVE_WITH_KNOTS('',2,(#12324,#12325,#12326),
 .UNSPECIFIED.,.F.,.F.,(3,3),(0.,1.),.UNSPECIFIED.);
#1594=B_SPLINE_CURVE_WITH_KNOTS('',2,(#12329,#12330,#12331,#12332),
 .UNSPECIFIED.,.F.,.F.,(3,1,3),(0.,1.,2.),.UNSPECIFIED.);
#1595=B_SPLINE_CURVE_WITH_KNOTS('',2,(#12337,#12338,#12339,#12340),
 .UNSPECIFIED.,.F.,.F.,(3,1,3),(0.,1.,2.),.UNSPECIFIED.);
#1596=B_SPLINE_CURVE_WITH_KNOTS('',2,(#12344,#12345,#12346,#12347),
 .UNSPECIFIED.,.F.,.F.,(3,1,3),(0.,1.,2.),.UNSPECIFIED.);
#1597=B_SPLINE_CURVE_WITH_KNOTS('',2,(#12351,#12352,#12353,#12354),
 .UNSPECIFIED.,.F.,.F.,(3,1,3),(0.,1.,2.),.UNSPECIFIED.);
#1598=B_SPLINE_CURVE_WITH_KNOTS('',2,(#12357,#12358,#12359,#12360),
 .UNSPECIFIED.,.F.,.F.,(3,1,3),(0.,1.,2.),.UNSPECIFIED.);
#1599=B_SPLINE_CURVE_WITH_KNOTS('',2,(#12367,#12368,#12369,#12370),
 .UNSPECIFIED.,.F.,.F.,(3,1,3),(0.,1.,2.),.UNSPECIFIED.);
#1600=B_SPLINE_CURVE_WITH_KNOTS('',2,(#12374,#12375,#12376,#12377),
 .UNSPECIFIED.,.F.,.F.,(3,1,3),(0.,1.,2.),.UNSPECIFIED.);
#1601=B_SPLINE_CURVE_WITH_KNOTS('',2,(#12381,#12382,#12383),
 .UNSPECIFIED.,.F.,.F.,(3,3),(0.,1.),.UNSPECIFIED.);
#1602=B_SPLINE_CURVE_WITH_KNOTS('',2,(#12387,#12388,#12389,#12390),
 .UNSPECIFIED.,.F.,.F.,(3,1,3),(0.,1.,2.),.UNSPECIFIED.);
#1603=B_SPLINE_CURVE_WITH_KNOTS('',2,(#12394,#12395,#12396),
 .UNSPECIFIED.,.F.,.F.,(3,3),(0.,1.),.UNSPECIFIED.);
#1604=B_SPLINE_CURVE_WITH_KNOTS('',2,(#12398,#12399,#12400),
 .UNSPECIFIED.,.F.,.F.,(3,3),(0.,1.),.UNSPECIFIED.);
#1605=B_SPLINE_CURVE_WITH_KNOTS('',2,(#12402,#12403,#12404,#12405),
 .UNSPECIFIED.,.F.,.F.,(3,1,3),(0.,1.,2.),.UNSPECIFIED.);
#1606=B_SPLINE_CURVE_WITH_KNOTS('',2,(#12408,#12409,#12410,#12411),
 .UNSPECIFIED.,.F.,.F.,(3,1,3),(0.,1.,2.),.UNSPECIFIED.);
#1607=B_SPLINE_CURVE_WITH_KNOTS('',2,(#12416,#12417,#12418),
 .UNSPECIFIED.,.F.,.F.,(3,3),(0.,1.),.UNSPECIFIED.);
#1608=B_SPLINE_CURVE_WITH_KNOTS('',2,(#12420,#12421,#12422),
 .UNSPECIFIED.,.F.,.F.,(3,3),(0.,1.),.UNSPECIFIED.);
#1609=B_SPLINE_CURVE_WITH_KNOTS('',2,(#12424,#12425,#12426,#12427),
 .UNSPECIFIED.,.F.,.F.,(3,1,3),(0.,1.,2.),.UNSPECIFIED.);
#1610=B_SPLINE_CURVE_WITH_KNOTS('',2,(#12431,#12432,#12433),
 .UNSPECIFIED.,.F.,.F.,(3,3),(0.,1.),.UNSPECIFIED.);
#1611=B_SPLINE_CURVE_WITH_KNOTS('',2,(#12435,#12436,#12437),
 .UNSPECIFIED.,.F.,.F.,(3,3),(0.,1.),.UNSPECIFIED.);
#1612=B_SPLINE_CURVE_WITH_KNOTS('',2,(#12438,#12439,#12440,#12441),
 .UNSPECIFIED.,.F.,.F.,(3,1,3),(0.,1.,2.),.UNSPECIFIED.);
#1613=B_SPLINE_CURVE_WITH_KNOTS('',2,(#12444,#12445,#12446),
 .UNSPECIFIED.,.F.,.F.,(3,3),(0.,1.),.UNSPECIFIED.);
#1614=B_SPLINE_CURVE_WITH_KNOTS('',2,(#12448,#12449,#12450,#12451),
 .UNSPECIFIED.,.F.,.F.,(3,1,3),(0.,1.,2.),.UNSPECIFIED.);
#1615=B_SPLINE_CURVE_WITH_KNOTS('',2,(#12453,#12454,#12455,#12456),
 .UNSPECIFIED.,.F.,.F.,(3,1,3),(0.,1.,2.),.UNSPECIFIED.);
#1616=B_SPLINE_CURVE_WITH_KNOTS('',2,(#12458,#12459,#12460,#12461),
 .UNSPECIFIED.,.F.,.F.,(3,1,3),(0.,1.,2.),.UNSPECIFIED.);
#1617=B_SPLINE_CURVE_WITH_KNOTS('',2,(#12462,#12463,#12464),
 .UNSPECIFIED.,.F.,.F.,(3,3),(0.,1.),.UNSPECIFIED.);
#1618=B_SPLINE_CURVE_WITH_KNOTS('',2,(#12469,#12470,#12471),
 .UNSPECIFIED.,.F.,.F.,(3,3),(0.,1.),.UNSPECIFIED.);
#1619=B_SPLINE_CURVE_WITH_KNOTS('',2,(#12475,#12476,#12477,#12478),
 .UNSPECIFIED.,.F.,.F.,(3,1,3),(0.,1.,2.),.UNSPECIFIED.);
#1620=B_SPLINE_CURVE_WITH_KNOTS('',2,(#12482,#12483,#12484),
 .UNSPECIFIED.,.F.,.F.,(3,3),(0.,1.),.UNSPECIFIED.);
#1621=B_SPLINE_CURVE_WITH_KNOTS('',2,(#12486,#12487,#12488),
 .UNSPECIFIED.,.F.,.F.,(3,3),(0.,1.),.UNSPECIFIED.);
#1622=B_SPLINE_CURVE_WITH_KNOTS('',2,(#12490,#12491,#12492,#12493),
 .UNSPECIFIED.,.F.,.F.,(3,1,3),(0.,1.,2.),.UNSPECIFIED.);
#1623=B_SPLINE_CURVE_WITH_KNOTS('',2,(#12497,#12498,#12499),
 .UNSPECIFIED.,.F.,.F.,(3,3),(0.,1.),.UNSPECIFIED.);
#1624=B_SPLINE_CURVE_WITH_KNOTS('',2,(#12501,#12502,#12503),
 .UNSPECIFIED.,.F.,.F.,(3,3),(0.,1.),.UNSPECIFIED.);
#1625=B_SPLINE_CURVE_WITH_KNOTS('',2,(#12505,#12506,#12507),
 .UNSPECIFIED.,.F.,.F.,(3,3),(0.,1.),.UNSPECIFIED.);
#1626=B_SPLINE_CURVE_WITH_KNOTS('',2,(#12513,#12514,#12515),
 .UNSPECIFIED.,.F.,.F.,(3,3),(0.,1.),.UNSPECIFIED.);
#1627=B_SPLINE_CURVE_WITH_KNOTS('',2,(#12517,#12518,#12519),
 .UNSPECIFIED.,.F.,.F.,(3,3),(0.,1.),.UNSPECIFIED.);
#1628=B_SPLINE_CURVE_WITH_KNOTS('',2,(#12520,#12521,#12522,#12523),
 .UNSPECIFIED.,.F.,.F.,(3,1,3),(0.,1.,2.),.UNSPECIFIED.);
#1629=B_SPLINE_CURVE_WITH_KNOTS('',2,(#12539,#12540,#12541,#12542),
 .UNSPECIFIED.,.F.,.F.,(3,1,3),(0.,1.,2.),.UNSPECIFIED.);
#1630=B_SPLINE_CURVE_WITH_KNOTS('',2,(#12556,#12557,#12558),
 .UNSPECIFIED.,.F.,.F.,(3,3),(0.,1.),.UNSPECIFIED.);
#1631=B_SPLINE_CURVE_WITH_KNOTS('',2,(#12573,#12574,#12575,#12576),
 .UNSPECIFIED.,.F.,.F.,(3,1,3),(0.,1.,2.),.UNSPECIFIED.);
#1632=B_SPLINE_CURVE_WITH_KNOTS('',2,(#12585,#12586,#12587),
 .UNSPECIFIED.,.F.,.F.,(3,3),(0.,1.),.UNSPECIFIED.);
#1633=B_SPLINE_CURVE_WITH_KNOTS('',2,(#12596,#12597,#12598),
 .UNSPECIFIED.,.F.,.F.,(3,3),(0.,1.),.UNSPECIFIED.);
#1634=B_SPLINE_CURVE_WITH_KNOTS('',2,(#12617,#12618,#12619,#12620),
 .UNSPECIFIED.,.F.,.F.,(3,1,3),(0.,1.,2.),.UNSPECIFIED.);
#1635=B_SPLINE_CURVE_WITH_KNOTS('',2,(#12631,#12632,#12633,#12634),
 .UNSPECIFIED.,.F.,.F.,(3,1,3),(0.,1.,2.),.UNSPECIFIED.);
#1636=B_SPLINE_CURVE_WITH_KNOTS('',2,(#12643,#12644,#12645),
 .UNSPECIFIED.,.F.,.F.,(3,3),(0.,1.),.UNSPECIFIED.);
#1637=B_SPLINE_CURVE_WITH_KNOTS('',2,(#12652,#12653,#12654),
 .UNSPECIFIED.,.F.,.F.,(3,3),(0.,1.),.UNSPECIFIED.);
#1638=B_SPLINE_CURVE_WITH_KNOTS('',2,(#12665,#12666,#12667),
 .UNSPECIFIED.,.F.,.F.,(3,3),(0.,1.),.UNSPECIFIED.);
#1639=B_SPLINE_CURVE_WITH_KNOTS('',2,(#12677,#12678,#12679),
 .UNSPECIFIED.,.F.,.F.,(3,3),(0.,1.),.UNSPECIFIED.);
#1640=B_SPLINE_CURVE_WITH_KNOTS('',2,(#12690,#12691,#12692,#12693),
 .UNSPECIFIED.,.F.,.F.,(3,1,3),(0.,1.,2.),.UNSPECIFIED.);
#1641=B_SPLINE_CURVE_WITH_KNOTS('',2,(#12704,#12705,#12706,#12707),
 .UNSPECIFIED.,.F.,.F.,(3,1,3),(0.,1.,2.),.UNSPECIFIED.);
#1642=B_SPLINE_CURVE_WITH_KNOTS('',2,(#12716,#12717,#12718,#12719),
 .UNSPECIFIED.,.F.,.F.,(3,1,3),(0.,1.,2.),.UNSPECIFIED.);
#1643=B_SPLINE_CURVE_WITH_KNOTS('',2,(#12732,#12733,#12734,#12735),
 .UNSPECIFIED.,.F.,.F.,(3,1,3),(0.,1.,2.),.UNSPECIFIED.);
#1644=B_SPLINE_CURVE_WITH_KNOTS('',2,(#12747,#12748,#12749,#12750),
 .UNSPECIFIED.,.F.,.F.,(3,1,3),(0.,1.,2.),.UNSPECIFIED.);
#1645=B_SPLINE_CURVE_WITH_KNOTS('',2,(#12759,#12760,#12761),
 .UNSPECIFIED.,.F.,.F.,(3,3),(0.,1.),.UNSPECIFIED.);
#1646=B_SPLINE_CURVE_WITH_KNOTS('',2,(#12770,#12771,#12772),
 .UNSPECIFIED.,.F.,.F.,(3,3),(0.,1.),.UNSPECIFIED.);
#1647=B_SPLINE_CURVE_WITH_KNOTS('',2,(#12787,#12788,#12789,#12790),
 .UNSPECIFIED.,.F.,.F.,(3,1,3),(0.,1.,2.),.UNSPECIFIED.);
#1648=B_SPLINE_CURVE_WITH_KNOTS('',2,(#12799,#12800,#12801),
 .UNSPECIFIED.,.F.,.F.,(3,3),(0.,1.),.UNSPECIFIED.);
#1649=B_SPLINE_CURVE_WITH_KNOTS('',2,(#12810,#12811,#12812),
 .UNSPECIFIED.,.F.,.F.,(3,3),(0.,1.),.UNSPECIFIED.);
#1650=B_SPLINE_CURVE_WITH_KNOTS('',2,(#12825,#12826,#12827,#12828),
 .UNSPECIFIED.,.F.,.F.,(3,1,3),(0.,1.,2.),.UNSPECIFIED.);
#1651=B_SPLINE_CURVE_WITH_KNOTS('',2,(#12840,#12841,#12842,#12843),
 .UNSPECIFIED.,.F.,.F.,(3,1,3),(0.,1.,2.),.UNSPECIFIED.);
#1652=B_SPLINE_CURVE_WITH_KNOTS('',2,(#12847,#12848,#12849,#12850),
 .UNSPECIFIED.,.F.,.F.,(3,1,3),(0.,1.,2.),.UNSPECIFIED.);
#1653=B_SPLINE_CURVE_WITH_KNOTS('',2,(#12867,#12868,#12869,#12870),
 .UNSPECIFIED.,.F.,.F.,(3,1,3),(0.,1.,2.),.UNSPECIFIED.);
#1654=B_SPLINE_CURVE_WITH_KNOTS('',2,(#12872,#12873,#12874,#12875),
 .UNSPECIFIED.,.F.,.F.,(3,1,3),(0.,1.,2.),.UNSPECIFIED.);
#1655=B_SPLINE_CURVE_WITH_KNOTS('',2,(#12892,#12893,#12894,#12895),
 .UNSPECIFIED.,.F.,.F.,(3,1,3),(0.,1.,2.),.UNSPECIFIED.);
#1656=B_SPLINE_CURVE_WITH_KNOTS('',2,(#12897,#12898,#12899,#12900),
 .UNSPECIFIED.,.F.,.F.,(3,1,3),(0.,1.,2.),.UNSPECIFIED.);
#1657=B_SPLINE_CURVE_WITH_KNOTS('',2,(#12917,#12918,#12919,#12920),
 .UNSPECIFIED.,.F.,.F.,(3,1,3),(0.,1.,2.),.UNSPECIFIED.);
#1658=B_SPLINE_CURVE_WITH_KNOTS('',2,(#12922,#12923,#12924,#12925),
 .UNSPECIFIED.,.F.,.F.,(3,1,3),(0.,1.,2.),.UNSPECIFIED.);
#1659=B_SPLINE_CURVE_WITH_KNOTS('',2,(#12946,#12947,#12948,#12949),
 .UNSPECIFIED.,.F.,.F.,(3,1,3),(0.,1.,2.),.UNSPECIFIED.);
#1660=B_SPLINE_CURVE_WITH_KNOTS('',2,(#12964,#12965,#12966,#12967),
 .UNSPECIFIED.,.F.,.F.,(3,1,3),(0.,1.,2.),.UNSPECIFIED.);
#1661=B_SPLINE_CURVE_WITH_KNOTS('',2,(#12982,#12983,#12984,#12985),
 .UNSPECIFIED.,.F.,.F.,(3,1,3),(0.,1.,2.),.UNSPECIFIED.);
#1662=B_SPLINE_CURVE_WITH_KNOTS('',2,(#12998,#12999,#13000,#13001),
 .UNSPECIFIED.,.F.,.F.,(3,1,3),(0.,1.,2.),.UNSPECIFIED.);
#1663=B_SPLINE_CURVE_WITH_KNOTS('',2,(#13019,#13020,#13021,#13022),
 .UNSPECIFIED.,.F.,.F.,(3,1,3),(0.,1.,2.),.UNSPECIFIED.);
#1664=B_SPLINE_CURVE_WITH_KNOTS('',2,(#13031,#13032,#13033),
 .UNSPECIFIED.,.F.,.F.,(3,3),(0.,1.),.UNSPECIFIED.);
#1665=B_SPLINE_CURVE_WITH_KNOTS('',2,(#13042,#13043,#13044),
 .UNSPECIFIED.,.F.,.F.,(3,3),(0.,1.),.UNSPECIFIED.);
#1666=B_SPLINE_CURVE_WITH_KNOTS('',2,(#13059,#13060,#13061,#13062),
 .UNSPECIFIED.,.F.,.F.,(3,1,3),(0.,1.,2.),.UNSPECIFIED.);
#1667=B_SPLINE_CURVE_WITH_KNOTS('',2,(#13071,#13072,#13073),
 .UNSPECIFIED.,.F.,.F.,(3,3),(0.,1.),.UNSPECIFIED.);
#1668=B_SPLINE_CURVE_WITH_KNOTS('',2,(#13082,#13083,#13084),
 .UNSPECIFIED.,.F.,.F.,(3,3),(0.,1.),.UNSPECIFIED.);
#1669=B_SPLINE_CURVE_WITH_KNOTS('',2,(#13103,#13104,#13105,#13106),
 .UNSPECIFIED.,.F.,.F.,(3,1,3),(0.,1.,2.),.UNSPECIFIED.);
#1670=B_SPLINE_CURVE_WITH_KNOTS('',2,(#13121,#13122,#13123,#13124),
 .UNSPECIFIED.,.F.,.F.,(3,1,3),(0.,1.,2.),.UNSPECIFIED.);
#1671=B_SPLINE_CURVE_WITH_KNOTS('',2,(#13133,#13134,#13135),
 .UNSPECIFIED.,.F.,.F.,(3,3),(0.,1.),.UNSPECIFIED.);
#1672=B_SPLINE_CURVE_WITH_KNOTS('',2,(#13144,#13145,#13146),
 .UNSPECIFIED.,.F.,.F.,(3,3),(0.,1.),.UNSPECIFIED.);
#1673=B_SPLINE_CURVE_WITH_KNOTS('',2,(#13161,#13162,#13163,#13164),
 .UNSPECIFIED.,.F.,.F.,(3,1,3),(0.,1.,2.),.UNSPECIFIED.);
#1674=B_SPLINE_CURVE_WITH_KNOTS('',2,(#13186,#13187,#13188,#13189),
 .UNSPECIFIED.,.F.,.F.,(3,1,3),(0.,1.,2.),.UNSPECIFIED.);
#1675=B_SPLINE_CURVE_WITH_KNOTS('',2,(#13191,#13192,#13193,#13194),
 .UNSPECIFIED.,.F.,.F.,(3,1,3),(0.,1.,2.),.UNSPECIFIED.);
#1676=B_SPLINE_CURVE_WITH_KNOTS('',2,(#13209,#13210,#13211),
 .UNSPECIFIED.,.F.,.F.,(3,3),(0.,1.),.UNSPECIFIED.);
#1677=B_SPLINE_CURVE_WITH_KNOTS('',2,(#13213,#13214,#13215),
 .UNSPECIFIED.,.F.,.F.,(3,3),(0.,1.),.UNSPECIFIED.);
#1678=B_SPLINE_CURVE_WITH_KNOTS('',2,(#13226,#13227,#13228,#13229),
 .UNSPECIFIED.,.F.,.F.,(3,1,3),(0.,1.,2.),.UNSPECIFIED.);
#1679=B_SPLINE_CURVE_WITH_KNOTS('',2,(#13231,#13232,#13233,#13234),
 .UNSPECIFIED.,.F.,.F.,(3,1,3),(0.,1.,2.),.UNSPECIFIED.);
#1680=B_SPLINE_CURVE_WITH_KNOTS('',2,(#13259,#13260,#13261),
 .UNSPECIFIED.,.F.,.F.,(3,3),(0.,1.),.UNSPECIFIED.);
#1681=B_SPLINE_CURVE_WITH_KNOTS('',2,(#13276,#13277,#13278,#13279),
 .UNSPECIFIED.,.F.,.F.,(3,1,3),(0.,1.,2.),.UNSPECIFIED.);
#1682=B_SPLINE_CURVE_WITH_KNOTS('',2,(#13294,#13295,#13296,#13297),
 .UNSPECIFIED.,.F.,.F.,(3,1,3),(0.,1.,2.),.UNSPECIFIED.);
#1683=B_SPLINE_CURVE_WITH_KNOTS('',2,(#13312,#13313,#13314,#13315),
 .UNSPECIFIED.,.F.,.F.,(3,1,3),(0.,1.,2.),.UNSPECIFIED.);
#1684=B_SPLINE_CURVE_WITH_KNOTS('',2,(#13330,#13331,#13332,#13333),
 .UNSPECIFIED.,.F.,.F.,(3,1,3),(0.,1.,2.),.UNSPECIFIED.);
#1685=B_SPLINE_CURVE_WITH_KNOTS('',2,(#13344,#13345,#13346,#13347),
 .UNSPECIFIED.,.F.,.F.,(3,1,3),(0.,1.,2.),.UNSPECIFIED.);
#1686=B_SPLINE_CURVE_WITH_KNOTS('',2,(#13360,#13361,#13362),
 .UNSPECIFIED.,.F.,.F.,(3,3),(0.,1.),.UNSPECIFIED.);
#1687=B_SPLINE_CURVE_WITH_KNOTS('',2,(#13371,#13372,#13373),
 .UNSPECIFIED.,.F.,.F.,(3,3),(0.,1.),.UNSPECIFIED.);
#1688=B_SPLINE_CURVE_WITH_KNOTS('',2,(#13382,#13383,#13384),
 .UNSPECIFIED.,.F.,.F.,(3,3),(0.,1.),.UNSPECIFIED.);
#1689=B_SPLINE_CURVE_WITH_KNOTS('',2,(#13399,#13400,#13401,#13402),
 .UNSPECIFIED.,.F.,.F.,(3,1,3),(0.,1.,2.),.UNSPECIFIED.);
#1690=B_SPLINE_CURVE_WITH_KNOTS('',2,(#13414,#13415,#13416,#13417),
 .UNSPECIFIED.,.F.,.F.,(3,1,3),(0.,1.,2.),.UNSPECIFIED.);
#1691=B_SPLINE_CURVE_WITH_KNOTS('',2,(#13432,#13433,#13434,#13435),
 .UNSPECIFIED.,.F.,.F.,(3,1,3),(0.,1.,2.),.UNSPECIFIED.);
#1692=B_SPLINE_CURVE_WITH_KNOTS('',2,(#13444,#13445,#13446),
 .UNSPECIFIED.,.F.,.F.,(3,3),(0.,1.),.UNSPECIFIED.);
#1693=B_SPLINE_CURVE_WITH_KNOTS('',2,(#13455,#13456,#13457),
 .UNSPECIFIED.,.F.,.F.,(3,3),(0.,1.),.UNSPECIFIED.);
#1694=B_SPLINE_CURVE_WITH_KNOTS('',2,(#13477,#13478,#13479,#13480),
 .UNSPECIFIED.,.F.,.F.,(3,1,3),(0.,1.,2.),.UNSPECIFIED.);
#1695=B_SPLINE_CURVE_WITH_KNOTS('',2,(#13493,#13494,#13495),
 .UNSPECIFIED.,.F.,.F.,(3,3),(0.,1.),.UNSPECIFIED.);
#1696=B_SPLINE_CURVE_WITH_KNOTS('',2,(#13510,#13511,#13512,#13513),
 .UNSPECIFIED.,.F.,.F.,(3,1,3),(0.,1.,2.),.UNSPECIFIED.);
#1697=B_SPLINE_CURVE_WITH_KNOTS('',2,(#13522,#13523,#13524),
 .UNSPECIFIED.,.F.,.F.,(3,3),(0.,1.),.UNSPECIFIED.);
#1698=B_SPLINE_CURVE_WITH_KNOTS('',2,(#13533,#13534,#13535),
 .UNSPECIFIED.,.F.,.F.,(3,3),(0.,1.),.UNSPECIFIED.);
#1699=B_SPLINE_CURVE_WITH_KNOTS('',2,(#13554,#13555,#13556,#13557),
 .UNSPECIFIED.,.F.,.F.,(3,1,3),(0.,1.,2.),.UNSPECIFIED.);
#1700=B_SPLINE_CURVE_WITH_KNOTS('',2,(#13572,#13573,#13574,#13575),
 .UNSPECIFIED.,.F.,.F.,(3,1,3),(0.,1.,2.),.UNSPECIFIED.);
#1701=B_SPLINE_CURVE_WITH_KNOTS('',2,(#13584,#13585,#13586),
 .UNSPECIFIED.,.F.,.F.,(3,3),(0.,1.),.UNSPECIFIED.);
#1702=B_SPLINE_CURVE_WITH_KNOTS('',2,(#13593,#13594,#13595),
 .UNSPECIFIED.,.F.,.F.,(3,3),(0.,1.),.UNSPECIFIED.);
#1703=B_SPLINE_CURVE_WITH_KNOTS('',2,(#13613,#13614,#13615,#13616),
 .UNSPECIFIED.,.F.,.F.,(3,1,3),(0.,1.,2.),.UNSPECIFIED.);
#1704=B_SPLINE_CURVE_WITH_KNOTS('',2,(#13625,#13626,#13627),
 .UNSPECIFIED.,.F.,.F.,(3,3),(0.,1.),.UNSPECIFIED.);
#1705=B_SPLINE_CURVE_WITH_KNOTS('',2,(#13636,#13637,#13638),
 .UNSPECIFIED.,.F.,.F.,(3,3),(0.,1.),.UNSPECIFIED.);
#1706=B_SPLINE_CURVE_WITH_KNOTS('',2,(#13663,#13664,#13665),
 .UNSPECIFIED.,.F.,.F.,(3,3),(0.,1.),.UNSPECIFIED.);
#1707=B_SPLINE_CURVE_WITH_KNOTS('',2,(#13674,#13675,#13676),
 .UNSPECIFIED.,.F.,.F.,(3,3),(0.,1.),.UNSPECIFIED.);
#1708=B_SPLINE_CURVE_WITH_KNOTS('',2,(#13685,#13686,#13687),
 .UNSPECIFIED.,.F.,.F.,(3,3),(0.,1.),.UNSPECIFIED.);
#1709=B_SPLINE_CURVE_WITH_KNOTS('',2,(#13700,#13701,#13702),
 .UNSPECIFIED.,.F.,.F.,(3,3),(0.,1.),.UNSPECIFIED.);
#1710=B_SPLINE_CURVE_WITH_KNOTS('',2,(#13723,#13724,#13725),
 .UNSPECIFIED.,.F.,.F.,(3,3),(0.,1.),.UNSPECIFIED.);
#1711=B_SPLINE_CURVE_WITH_KNOTS('',2,(#13744,#13745,#13746,#13747),
 .UNSPECIFIED.,.F.,.F.,(3,1,3),(0.,1.,2.),.UNSPECIFIED.);
#1712=B_SPLINE_CURVE_WITH_KNOTS('',2,(#13756,#13757,#13758),
 .UNSPECIFIED.,.F.,.F.,(3,3),(0.,1.),.UNSPECIFIED.);
#1713=B_SPLINE_CURVE_WITH_KNOTS('',2,(#13767,#13768,#13769),
 .UNSPECIFIED.,.F.,.F.,(3,3),(0.,1.),.UNSPECIFIED.);
#1714=B_SPLINE_CURVE_WITH_KNOTS('',2,(#13788,#13789,#13790,#13791),
 .UNSPECIFIED.,.F.,.F.,(3,1,3),(0.,1.,2.),.UNSPECIFIED.);
#1715=B_SPLINE_CURVE_WITH_KNOTS('',2,(#13802,#13803,#13804,#13805),
 .UNSPECIFIED.,.F.,.F.,(3,1,3),(0.,1.,2.),.UNSPECIFIED.);
#1716=B_SPLINE_CURVE_WITH_KNOTS('',2,(#13819,#13820,#13821,#13822),
 .UNSPECIFIED.,.F.,.F.,(3,1,3),(0.,1.,2.),.UNSPECIFIED.);
#1717=B_SPLINE_CURVE_WITH_KNOTS('',2,(#13826,#13827,#13828,#13829),
 .UNSPECIFIED.,.F.,.F.,(3,1,3),(0.,1.,2.),.UNSPECIFIED.);
#1718=B_SPLINE_CURVE_WITH_KNOTS('',2,(#13846,#13847,#13848,#13849),
 .UNSPECIFIED.,.F.,.F.,(3,1,3),(0.,1.,2.),.UNSPECIFIED.);
#1719=B_SPLINE_CURVE_WITH_KNOTS('',2,(#13851,#13852,#13853,#13854),
 .UNSPECIFIED.,.F.,.F.,(3,1,3),(0.,1.,2.),.UNSPECIFIED.);
#1720=B_SPLINE_CURVE_WITH_KNOTS('',2,(#13871,#13872,#13873,#13874),
 .UNSPECIFIED.,.F.,.F.,(3,1,3),(0.,1.,2.),.UNSPECIFIED.);
#1721=B_SPLINE_CURVE_WITH_KNOTS('',2,(#13876,#13877,#13878,#13879),
 .UNSPECIFIED.,.F.,.F.,(3,1,3),(0.,1.,2.),.UNSPECIFIED.);
#1722=B_SPLINE_CURVE_WITH_KNOTS('',2,(#13896,#13897,#13898,#13899),
 .UNSPECIFIED.,.F.,.F.,(3,1,3),(0.,1.,2.),.UNSPECIFIED.);
#1723=B_SPLINE_CURVE_WITH_KNOTS('',2,(#13901,#13902,#13903,#13904),
 .UNSPECIFIED.,.F.,.F.,(3,1,3),(0.,1.,2.),.UNSPECIFIED.);
#1724=B_SPLINE_CURVE_WITH_KNOTS('',2,(#13925,#13926,#13927,#13928),
 .UNSPECIFIED.,.F.,.F.,(3,1,3),(0.,1.,2.),.UNSPECIFIED.);
#1725=B_SPLINE_CURVE_WITH_KNOTS('',2,(#13943,#13944,#13945,#13946),
 .UNSPECIFIED.,.F.,.F.,(3,1,3),(0.,1.,2.),.UNSPECIFIED.);
#1726=B_SPLINE_CURVE_WITH_KNOTS('',2,(#13961,#13962,#13963,#13964),
 .UNSPECIFIED.,.F.,.F.,(3,1,3),(0.,1.,2.),.UNSPECIFIED.);
#1727=B_SPLINE_CURVE_WITH_KNOTS('',2,(#13977,#13978,#13979,#13980),
 .UNSPECIFIED.,.F.,.F.,(3,1,3),(0.,1.,2.),.UNSPECIFIED.);
#1728=B_SPLINE_CURVE_WITH_KNOTS('',2,(#13996,#13997,#13998),
 .UNSPECIFIED.,.F.,.F.,(3,3),(0.,1.),.UNSPECIFIED.);
#1729=B_SPLINE_CURVE_WITH_KNOTS('',2,(#14007,#14008,#14009),
 .UNSPECIFIED.,.F.,.F.,(3,3),(0.,1.),.UNSPECIFIED.);
#1730=B_SPLINE_CURVE_WITH_KNOTS('',2,(#14020,#14021,#14022,#14023),
 .UNSPECIFIED.,.F.,.F.,(3,1,3),(0.,1.,2.),.UNSPECIFIED.);
#1731=B_SPLINE_CURVE_WITH_KNOTS('',2,(#14036,#14037,#14038),
 .UNSPECIFIED.,.F.,.F.,(3,3),(0.,1.),.UNSPECIFIED.);
#1732=B_SPLINE_CURVE_WITH_KNOTS('',2,(#14047,#14048,#14049),
 .UNSPECIFIED.,.F.,.F.,(3,3),(0.,1.),.UNSPECIFIED.);
#1733=B_SPLINE_CURVE_WITH_KNOTS('',2,(#14058,#14059,#14060),
 .UNSPECIFIED.,.F.,.F.,(3,3),(0.,1.),.UNSPECIFIED.);
#1734=B_SPLINE_CURVE_WITH_KNOTS('',2,(#14069,#14070,#14071),
 .UNSPECIFIED.,.F.,.F.,(3,3),(0.,1.),.UNSPECIFIED.);
#1735=B_SPLINE_CURVE_WITH_KNOTS('',2,(#14090,#14091,#14092,#14093),
 .UNSPECIFIED.,.F.,.F.,(3,1,3),(0.,1.,2.),.UNSPECIFIED.);
#1736=B_SPLINE_CURVE_WITH_KNOTS('',2,(#14102,#14103,#14104),
 .UNSPECIFIED.,.F.,.F.,(3,3),(0.,1.),.UNSPECIFIED.);
#1737=B_SPLINE_CURVE_WITH_KNOTS('',2,(#14111,#14112,#14113),
 .UNSPECIFIED.,.F.,.F.,(3,3),(0.,1.),.UNSPECIFIED.);
#1738=B_SPLINE_CURVE_WITH_KNOTS('',2,(#14135,#14136,#14137,#14138),
 .UNSPECIFIED.,.F.,.F.,(3,1,3),(0.,1.,2.),.UNSPECIFIED.);
#1739=B_SPLINE_CURVE_WITH_KNOTS('',2,(#14149,#14150,#14151,#14152),
 .UNSPECIFIED.,.F.,.F.,(3,1,3),(0.,1.,2.),.UNSPECIFIED.);
#1740=B_SPLINE_CURVE_WITH_KNOTS('',2,(#14165,#14166,#14167),
 .UNSPECIFIED.,.F.,.F.,(3,3),(0.,1.),.UNSPECIFIED.);
#1741=B_SPLINE_CURVE_WITH_KNOTS('',2,(#14182,#14183,#14184,#14185),
 .UNSPECIFIED.,.F.,.F.,(3,1,3),(0.,1.,2.),.UNSPECIFIED.);
#1742=B_SPLINE_CURVE_WITH_KNOTS('',2,(#14194,#14195,#14196),
 .UNSPECIFIED.,.F.,.F.,(3,3),(0.,1.),.UNSPECIFIED.);
#1743=B_SPLINE_CURVE_WITH_KNOTS('',2,(#14205,#14206,#14207),
 .UNSPECIFIED.,.F.,.F.,(3,3),(0.,1.),.UNSPECIFIED.);
#1744=B_SPLINE_CURVE_WITH_KNOTS('',2,(#14226,#14227,#14228,#14229),
 .UNSPECIFIED.,.F.,.F.,(3,1,3),(0.,1.,2.),.UNSPECIFIED.);
#1745=B_SPLINE_CURVE_WITH_KNOTS('',2,(#14238,#14239,#14240),
 .UNSPECIFIED.,.F.,.F.,(3,3),(0.,1.),.UNSPECIFIED.);
#1746=B_SPLINE_CURVE_WITH_KNOTS('',2,(#14249,#14250,#14251),
 .UNSPECIFIED.,.F.,.F.,(3,3),(0.,1.),.UNSPECIFIED.);
#1747=B_SPLINE_CURVE_WITH_KNOTS('',2,(#14266,#14267,#14268,#14269),
 .UNSPECIFIED.,.F.,.F.,(3,1,3),(0.,1.,2.),.UNSPECIFIED.);
#1748=B_SPLINE_CURVE_WITH_KNOTS('',2,(#14279,#14280,#14281),
 .UNSPECIFIED.,.F.,.F.,(3,3),(0.,1.),.UNSPECIFIED.);
#1749=B_SPLINE_CURVE_WITH_KNOTS('',2,(#14292,#14293,#14294,#14295),
 .UNSPECIFIED.,.F.,.F.,(3,1,3),(0.,1.,2.),.UNSPECIFIED.);
#1750=B_SPLINE_CURVE_WITH_KNOTS('',2,(#14306,#14307,#14308,#14309),
 .UNSPECIFIED.,.F.,.F.,(3,1,3),(0.,1.,2.),.UNSPECIFIED.);
#1751=B_SPLINE_CURVE_WITH_KNOTS('',2,(#14322,#14323,#14324),
 .UNSPECIFIED.,.F.,.F.,(3,3),(0.,1.),.UNSPECIFIED.);
#1752=B_SPLINE_CURVE_WITH_KNOTS('',2,(#14333,#14334,#14335),
 .UNSPECIFIED.,.F.,.F.,(3,3),(0.,1.),.UNSPECIFIED.);
#1753=B_SPLINE_CURVE_WITH_KNOTS('',2,(#14346,#14347,#14348,#14349),
 .UNSPECIFIED.,.F.,.F.,(3,1,3),(0.,1.,2.),.UNSPECIFIED.);
#1754=B_SPLINE_CURVE_WITH_KNOTS('',2,(#14358,#14359,#14360),
 .UNSPECIFIED.,.F.,.F.,(3,3),(0.,1.),.UNSPECIFIED.);
#1755=B_SPLINE_CURVE_WITH_KNOTS('',2,(#14369,#14370,#14371),
 .UNSPECIFIED.,.F.,.F.,(3,3),(0.,1.),.UNSPECIFIED.);
#1756=B_SPLINE_CURVE_WITH_KNOTS('',2,(#14382,#14383,#14384,#14385),
 .UNSPECIFIED.,.F.,.F.,(3,1,3),(0.,1.,2.),.UNSPECIFIED.);
#1757=B_SPLINE_CURVE_WITH_KNOTS('',2,(#14394,#14395,#14396),
 .UNSPECIFIED.,.F.,.F.,(3,3),(0.,1.),.UNSPECIFIED.);
#1758=B_SPLINE_CURVE_WITH_KNOTS('',2,(#14407,#14408,#14409,#14410),
 .UNSPECIFIED.,.F.,.F.,(3,1,3),(0.,1.,2.),.UNSPECIFIED.);
#1759=B_SPLINE_CURVE_WITH_KNOTS('',2,(#14419,#14420,#14421),
 .UNSPECIFIED.,.F.,.F.,(3,3),(0.,1.),.UNSPECIFIED.);
#1760=B_SPLINE_CURVE_WITH_KNOTS('',2,(#14432,#14433,#14434,#14435),
 .UNSPECIFIED.,.F.,.F.,(3,1,3),(0.,1.,2.),.UNSPECIFIED.);
#1761=B_SPLINE_CURVE_WITH_KNOTS('',2,(#14444,#14445,#14446),
 .UNSPECIFIED.,.F.,.F.,(3,3),(0.,1.),.UNSPECIFIED.);
#1762=B_SPLINE_CURVE_WITH_KNOTS('',2,(#14455,#14456,#14457),
 .UNSPECIFIED.,.F.,.F.,(3,3),(0.,1.),.UNSPECIFIED.);
#1763=B_SPLINE_CURVE_WITH_KNOTS('',2,(#14466,#14467,#14468),
 .UNSPECIFIED.,.F.,.F.,(3,3),(0.,1.),.UNSPECIFIED.);
#1764=B_SPLINE_CURVE_WITH_KNOTS('',2,(#14479,#14480,#14481,#14482),
 .UNSPECIFIED.,.F.,.F.,(3,1,3),(0.,1.,2.),.UNSPECIFIED.);
#1765=B_SPLINE_CURVE_WITH_KNOTS('',2,(#14493,#14494,#14495,#14496),
 .UNSPECIFIED.,.F.,.F.,(3,1,3),(0.,1.,2.),.UNSPECIFIED.);
#1766=B_SPLINE_CURVE_WITH_KNOTS('',2,(#14509,#14510,#14511),
 .UNSPECIFIED.,.F.,.F.,(3,3),(0.,1.),.UNSPECIFIED.);
#1767=B_SPLINE_CURVE_WITH_KNOTS('',2,(#14520,#14521,#14522),
 .UNSPECIFIED.,.F.,.F.,(3,3),(0.,1.),.UNSPECIFIED.);
#1768=B_SPLINE_CURVE_WITH_KNOTS('',2,(#14535,#14536,#14537),
 .UNSPECIFIED.,.F.,.F.,(3,3),(0.,1.),.UNSPECIFIED.);
#1769=B_SPLINE_CURVE_WITH_KNOTS('',2,(#14546,#14547,#14548),
 .UNSPECIFIED.,.F.,.F.,(3,3),(0.,1.),.UNSPECIFIED.);
#1770=B_SPLINE_CURVE_WITH_KNOTS('',2,(#14557,#14558,#14559),
 .UNSPECIFIED.,.F.,.F.,(3,3),(0.,1.),.UNSPECIFIED.);
#1771=B_SPLINE_CURVE_WITH_KNOTS('',2,(#14568,#14569,#14570),
 .UNSPECIFIED.,.F.,.F.,(3,3),(0.,1.),.UNSPECIFIED.);
#1772=B_SPLINE_CURVE_WITH_KNOTS('',2,(#14581,#14582,#14583,#14584),
 .UNSPECIFIED.,.F.,.F.,(3,1,3),(0.,1.,2.),.UNSPECIFIED.);
#1773=B_SPLINE_CURVE_WITH_KNOTS('',2,(#14593,#14594,#14595),
 .UNSPECIFIED.,.F.,.F.,(3,3),(0.,1.),.UNSPECIFIED.);
#1774=B_SPLINE_CURVE_WITH_KNOTS('',2,(#14602,#14603,#14604),
 .UNSPECIFIED.,.F.,.F.,(3,3),(0.,1.),.UNSPECIFIED.);
#1775=B_SPLINE_CURVE_WITH_KNOTS('',2,(#14622,#14623,#14624,#14625),
 .UNSPECIFIED.,.F.,.F.,(3,1,3),(0.,1.,2.),.UNSPECIFIED.);
#1776=B_SPLINE_CURVE_WITH_KNOTS('',2,(#14634,#14635,#14636),
 .UNSPECIFIED.,.F.,.F.,(3,3),(0.,1.),.UNSPECIFIED.);
#1777=B_SPLINE_CURVE_WITH_KNOTS('',2,(#14645,#14646,#14647),
 .UNSPECIFIED.,.F.,.F.,(3,3),(0.,1.),.UNSPECIFIED.);
#1778=B_SPLINE_CURVE_WITH_KNOTS('',2,(#14662,#14663,#14664,#14665),
 .UNSPECIFIED.,.F.,.F.,(3,1,3),(0.,1.,2.),.UNSPECIFIED.);
#1779=B_SPLINE_CURVE_WITH_KNOTS('',2,(#14678,#14679,#14680),
 .UNSPECIFIED.,.F.,.F.,(3,3),(0.,1.),.UNSPECIFIED.);
#1780=B_SPLINE_CURVE_WITH_KNOTS('',2,(#14689,#14690,#14691),
 .UNSPECIFIED.,.F.,.F.,(3,3),(0.,1.),.UNSPECIFIED.);
#1781=B_SPLINE_CURVE_WITH_KNOTS('',2,(#14700,#14701,#14702),
 .UNSPECIFIED.,.F.,.F.,(3,3),(0.,1.),.UNSPECIFIED.);
#1782=B_SPLINE_CURVE_WITH_KNOTS('',2,(#14717,#14718,#14719,#14720),
 .UNSPECIFIED.,.F.,.F.,(3,1,3),(0.,1.,2.),.UNSPECIFIED.);
#1783=B_SPLINE_CURVE_WITH_KNOTS('',2,(#14729,#14730,#14731),
 .UNSPECIFIED.,.F.,.F.,(3,3),(0.,1.),.UNSPECIFIED.);
#1784=B_SPLINE_CURVE_WITH_KNOTS('',2,(#14740,#14741,#14742),
 .UNSPECIFIED.,.F.,.F.,(3,3),(0.,1.),.UNSPECIFIED.);
#1785=B_SPLINE_CURVE_WITH_KNOTS('',2,(#14757,#14758,#14759,#14760),
 .UNSPECIFIED.,.F.,.F.,(3,1,3),(0.,1.,2.),.UNSPECIFIED.);
#1786=B_SPLINE_CURVE_WITH_KNOTS('',2,(#14773,#14774,#14775,#14776),
 .UNSPECIFIED.,.F.,.F.,(3,1,3),(0.,1.,2.),.UNSPECIFIED.);
#1787=B_SPLINE_CURVE_WITH_KNOTS('',2,(#14787,#14788,#14789),
 .UNSPECIFIED.,.F.,.F.,(3,3),(0.,1.),.UNSPECIFIED.);
#1788=B_SPLINE_CURVE_WITH_KNOTS('',2,(#14801,#14802,#14803,#14804),
 .UNSPECIFIED.,.F.,.F.,(3,1,3),(0.,1.,2.),.UNSPECIFIED.);
#1789=B_SPLINE_CURVE_WITH_KNOTS('',2,(#14815,#14816,#14817,#14818),
 .UNSPECIFIED.,.F.,.F.,(3,1,3),(0.,1.,2.),.UNSPECIFIED.);
#1790=B_SPLINE_CURVE_WITH_KNOTS('',2,(#14827,#14828,#14829),
 .UNSPECIFIED.,.F.,.F.,(3,3),(0.,1.),.UNSPECIFIED.);
#1791=B_SPLINE_CURVE_WITH_KNOTS('',2,(#14838,#14839,#14840),
 .UNSPECIFIED.,.F.,.F.,(3,3),(0.,1.),.UNSPECIFIED.);
#1792=B_SPLINE_CURVE_WITH_KNOTS('',2,(#14851,#14852,#14853,#14854),
 .UNSPECIFIED.,.F.,.F.,(3,1,3),(0.,1.,2.),.UNSPECIFIED.);
#1793=B_SPLINE_CURVE_WITH_KNOTS('',2,(#14867,#14868,#14869),
 .UNSPECIFIED.,.F.,.F.,(3,3),(0.,1.),.UNSPECIFIED.);
#1794=B_SPLINE_CURVE_WITH_KNOTS('',2,(#14878,#14879,#14880),
 .UNSPECIFIED.,.F.,.F.,(3,3),(0.,1.),.UNSPECIFIED.);
#1795=B_SPLINE_CURVE_WITH_KNOTS('',2,(#14889,#14890,#14891),
 .UNSPECIFIED.,.F.,.F.,(3,3),(0.,1.),.UNSPECIFIED.);
#1796=B_SPLINE_CURVE_WITH_KNOTS('',2,(#14902,#14903,#14904,#14905),
 .UNSPECIFIED.,.F.,.F.,(3,1,3),(0.,1.,2.),.UNSPECIFIED.);
#1797=B_SPLINE_CURVE_WITH_KNOTS('',2,(#14914,#14915,#14916),
 .UNSPECIFIED.,.F.,.F.,(3,3),(0.,1.),.UNSPECIFIED.);
#1798=B_SPLINE_CURVE_WITH_KNOTS('',2,(#14925,#14926,#14927),
 .UNSPECIFIED.,.F.,.F.,(3,3),(0.,1.),.UNSPECIFIED.);
#1799=B_SPLINE_CURVE_WITH_KNOTS('',2,(#14940,#14941,#14942),
 .UNSPECIFIED.,.F.,.F.,(3,3),(0.,1.),.UNSPECIFIED.);
#1800=B_SPLINE_CURVE_WITH_KNOTS('',2,(#14951,#14952,#14953),
 .UNSPECIFIED.,.F.,.F.,(3,3),(0.,1.),.UNSPECIFIED.);
#1801=B_SPLINE_CURVE_WITH_KNOTS('',2,(#14968,#14969,#14970,#14971),
 .UNSPECIFIED.,.F.,.F.,(3,1,3),(0.,1.,2.),.UNSPECIFIED.);
#1802=B_SPLINE_CURVE_WITH_KNOTS('',2,(#14982,#14983,#14984,#14985),
 .UNSPECIFIED.,.F.,.F.,(3,1,3),(0.,1.,2.),.UNSPECIFIED.);
#1803=B_SPLINE_CURVE_WITH_KNOTS('',2,(#15004,#15005,#15006,#15007),
 .UNSPECIFIED.,.F.,.F.,(3,1,3),(0.,1.,2.),.UNSPECIFIED.);
#1804=B_SPLINE_CURVE_WITH_KNOTS('',2,(#15019,#15020,#15021,#15022),
 .UNSPECIFIED.,.F.,.F.,(3,1,3),(0.,1.,2.),.UNSPECIFIED.);
#1805=B_SPLINE_CURVE_WITH_KNOTS('',2,(#15035,#15036,#15037),
 .UNSPECIFIED.,.F.,.F.,(3,3),(0.,1.),.UNSPECIFIED.);
#1806=B_SPLINE_CURVE_WITH_KNOTS('',2,(#15046,#15047,#15048),
 .UNSPECIFIED.,.F.,.F.,(3,3),(0.,1.),.UNSPECIFIED.);
#1807=B_SPLINE_CURVE_WITH_KNOTS('',2,(#15057,#15058,#15059),
 .UNSPECIFIED.,.F.,.F.,(3,3),(0.,1.),.UNSPECIFIED.);
#1808=B_SPLINE_CURVE_WITH_KNOTS('',2,(#15074,#15075,#15076,#15077),
 .UNSPECIFIED.,.F.,.F.,(3,1,3),(0.,1.,2.),.UNSPECIFIED.);
#1809=B_SPLINE_CURVE_WITH_KNOTS('',2,(#15086,#15087,#15088),
 .UNSPECIFIED.,.F.,.F.,(3,3),(0.,1.),.UNSPECIFIED.);
#1810=B_SPLINE_CURVE_WITH_KNOTS('',2,(#15103,#15104,#15105,#15106),
 .UNSPECIFIED.,.F.,.F.,(3,1,3),(0.,1.,2.),.UNSPECIFIED.);
#1811=B_SPLINE_CURVE_WITH_KNOTS('',2,(#15117,#15118,#15119,#15120),
 .UNSPECIFIED.,.F.,.F.,(3,1,3),(0.,1.,2.),.UNSPECIFIED.);
#1812=B_SPLINE_CURVE_WITH_KNOTS('',2,(#15135,#15136,#15137,#15138),
 .UNSPECIFIED.,.F.,.F.,(3,1,3),(0.,1.,2.),.UNSPECIFIED.);
#1813=B_SPLINE_CURVE_WITH_KNOTS('',2,(#15153,#15154,#15155,#15156),
 .UNSPECIFIED.,.F.,.F.,(3,1,3),(0.,1.,2.),.UNSPECIFIED.);
#1814=B_SPLINE_CURVE_WITH_KNOTS('',2,(#15171,#15172,#15173,#15174),
 .UNSPECIFIED.,.F.,.F.,(3,1,3),(0.,1.,2.),.UNSPECIFIED.);
#1815=B_SPLINE_CURVE_WITH_KNOTS('',2,(#15186,#15187,#15188,#15189),
 .UNSPECIFIED.,.F.,.F.,(3,1,3),(0.,1.,2.),.UNSPECIFIED.);
#1816=B_SPLINE_CURVE_WITH_KNOTS('',2,(#15202,#15203,#15204),
 .UNSPECIFIED.,.F.,.F.,(3,3),(0.,1.),.UNSPECIFIED.);
#1817=B_SPLINE_CURVE_WITH_KNOTS('',2,(#15213,#15214,#15215),
 .UNSPECIFIED.,.F.,.F.,(3,3),(0.,1.),.UNSPECIFIED.);
#1818=B_SPLINE_CURVE_WITH_KNOTS('',2,(#15224,#15225,#15226),
 .UNSPECIFIED.,.F.,.F.,(3,3),(0.,1.),.UNSPECIFIED.);
#1819=B_SPLINE_CURVE_WITH_KNOTS('',2,(#15241,#15242,#15243,#15244),
 .UNSPECIFIED.,.F.,.F.,(3,1,3),(0.,1.,2.),.UNSPECIFIED.);
#1820=B_SPLINE_CURVE_WITH_KNOTS('',2,(#15253,#15254,#15255),
 .UNSPECIFIED.,.F.,.F.,(3,3),(0.,1.),.UNSPECIFIED.);
#1821=B_SPLINE_CURVE_WITH_KNOTS('',2,(#15270,#15271,#15272,#15273),
 .UNSPECIFIED.,.F.,.F.,(3,1,3),(0.,1.,2.),.UNSPECIFIED.);
#1822=B_SPLINE_CURVE_WITH_KNOTS('',2,(#15284,#15285,#15286,#15287),
 .UNSPECIFIED.,.F.,.F.,(3,1,3),(0.,1.,2.),.UNSPECIFIED.);
#1823=B_SPLINE_CURVE_WITH_KNOTS('',2,(#15302,#15303,#15304,#15305),
 .UNSPECIFIED.,.F.,.F.,(3,1,3),(0.,1.,2.),.UNSPECIFIED.);
#1824=B_SPLINE_CURVE_WITH_KNOTS('',2,(#15320,#15321,#15322,#15323),
 .UNSPECIFIED.,.F.,.F.,(3,1,3),(0.,1.,2.),.UNSPECIFIED.);
#1825=B_SPLINE_CURVE_WITH_KNOTS('',2,(#15343,#15344,#15345,#15346),
 .UNSPECIFIED.,.F.,.F.,(3,1,3),(0.,1.,2.),.UNSPECIFIED.);
#1826=B_SPLINE_CURVE_WITH_KNOTS('',2,(#15355,#15356,#15357),
 .UNSPECIFIED.,.F.,.F.,(3,3),(0.,1.),.UNSPECIFIED.);
#1827=B_SPLINE_CURVE_WITH_KNOTS('',2,(#15366,#15367,#15368),
 .UNSPECIFIED.,.F.,.F.,(3,3),(0.,1.),.UNSPECIFIED.);
#1828=B_SPLINE_CURVE_WITH_KNOTS('',2,(#15387,#15388,#15389,#15390),
 .UNSPECIFIED.,.F.,.F.,(3,1,3),(0.,1.,2.),.UNSPECIFIED.);
#1829=B_SPLINE_CURVE_WITH_KNOTS('',2,(#15399,#15400,#15401),
 .UNSPECIFIED.,.F.,.F.,(3,3),(0.,1.),.UNSPECIFIED.);
#1830=B_SPLINE_CURVE_WITH_KNOTS('',2,(#15410,#15411,#15412),
 .UNSPECIFIED.,.F.,.F.,(3,3),(0.,1.),.UNSPECIFIED.);
#1831=B_SPLINE_CURVE_WITH_KNOTS('',2,(#15431,#15432,#15433,#15434),
 .UNSPECIFIED.,.F.,.F.,(3,1,3),(0.,1.,2.),.UNSPECIFIED.);
#1832=B_SPLINE_CURVE_WITH_KNOTS('',2,(#15443,#15444,#15445),
 .UNSPECIFIED.,.F.,.F.,(3,3),(0.,1.),.UNSPECIFIED.);
#1833=B_SPLINE_CURVE_WITH_KNOTS('',2,(#15454,#15455,#15456),
 .UNSPECIFIED.,.F.,.F.,(3,3),(0.,1.),.UNSPECIFIED.);
#1834=B_SPLINE_CURVE_WITH_KNOTS('',2,(#15475,#15476,#15477,#15478),
 .UNSPECIFIED.,.F.,.F.,(3,1,3),(0.,1.,2.),.UNSPECIFIED.);
#1835=B_SPLINE_CURVE_WITH_KNOTS('',2,(#15489,#15490,#15491,#15492),
 .UNSPECIFIED.,.F.,.F.,(3,1,3),(0.,1.,2.),.UNSPECIFIED.);
#1836=B_SPLINE_CURVE_WITH_KNOTS('',2,(#15512,#15513,#15514,#15515),
 .UNSPECIFIED.,.F.,.F.,(3,1,3),(0.,1.,2.),.UNSPECIFIED.);
#1837=B_SPLINE_CURVE_WITH_KNOTS('',2,(#15528,#15529,#15530),
 .UNSPECIFIED.,.F.,.F.,(3,3),(0.,1.),.UNSPECIFIED.);
#1838=B_SPLINE_CURVE_WITH_KNOTS('',2,(#15545,#15546,#15547,#15548),
 .UNSPECIFIED.,.F.,.F.,(3,1,3),(0.,1.,2.),.UNSPECIFIED.);
#1839=B_SPLINE_CURVE_WITH_KNOTS('',2,(#15557,#15558,#15559),
 .UNSPECIFIED.,.F.,.F.,(3,3),(0.,1.),.UNSPECIFIED.);
#1840=B_SPLINE_CURVE_WITH_KNOTS('',2,(#15568,#15569,#15570),
 .UNSPECIFIED.,.F.,.F.,(3,3),(0.,1.),.UNSPECIFIED.);
#1841=B_SPLINE_CURVE_WITH_KNOTS('',2,(#15589,#15590,#15591,#15592),
 .UNSPECIFIED.,.F.,.F.,(3,1,3),(0.,1.,2.),.UNSPECIFIED.);
#1842=B_SPLINE_CURVE_WITH_KNOTS('',2,(#15607,#15608,#15609,#15610),
 .UNSPECIFIED.,.F.,.F.,(3,1,3),(0.,1.,2.),.UNSPECIFIED.);
#1843=B_SPLINE_CURVE_WITH_KNOTS('',2,(#15619,#15620,#15621),
 .UNSPECIFIED.,.F.,.F.,(3,3),(0.,1.),.UNSPECIFIED.);
#1844=B_SPLINE_CURVE_WITH_KNOTS('',2,(#15628,#15629,#15630),
 .UNSPECIFIED.,.F.,.F.,(3,3),(0.,1.),.UNSPECIFIED.);
#1845=B_SPLINE_CURVE_WITH_KNOTS('',2,(#15642,#15643,#15644,#15645),
 .UNSPECIFIED.,.F.,.F.,(3,1,3),(0.,1.,2.),.UNSPECIFIED.);
#1846=B_SPLINE_CURVE_WITH_KNOTS('',2,(#15649,#15650,#15651,#15652),
 .UNSPECIFIED.,.F.,.F.,(3,1,3),(0.,1.,2.),.UNSPECIFIED.);
#1847=B_SPLINE_CURVE_WITH_KNOTS('',2,(#15669,#15670,#15671,#15672),
 .UNSPECIFIED.,.F.,.F.,(3,1,3),(0.,1.,2.),.UNSPECIFIED.);
#1848=B_SPLINE_CURVE_WITH_KNOTS('',2,(#15674,#15675,#15676,#15677),
 .UNSPECIFIED.,.F.,.F.,(3,1,3),(0.,1.,2.),.UNSPECIFIED.);
#1849=B_SPLINE_CURVE_WITH_KNOTS('',2,(#15694,#15695,#15696,#15697),
 .UNSPECIFIED.,.F.,.F.,(3,1,3),(0.,1.,2.),.UNSPECIFIED.);
#1850=B_SPLINE_CURVE_WITH_KNOTS('',2,(#15699,#15700,#15701,#15702),
 .UNSPECIFIED.,.F.,.F.,(3,1,3),(0.,1.,2.),.UNSPECIFIED.);
#1851=B_SPLINE_CURVE_WITH_KNOTS('',2,(#15719,#15720,#15721,#15722),
 .UNSPECIFIED.,.F.,.F.,(3,1,3),(0.,1.,2.),.UNSPECIFIED.);
#1852=B_SPLINE_CURVE_WITH_KNOTS('',2,(#15724,#15725,#15726,#15727),
 .UNSPECIFIED.,.F.,.F.,(3,1,3),(0.,1.,2.),.UNSPECIFIED.);
#1853=B_SPLINE_CURVE_WITH_KNOTS('',2,(#15748,#15749,#15750,#15751),
 .UNSPECIFIED.,.F.,.F.,(3,1,3),(0.,1.,2.),.UNSPECIFIED.);
#1854=B_SPLINE_CURVE_WITH_KNOTS('',2,(#15766,#15767,#15768,#15769),
 .UNSPECIFIED.,.F.,.F.,(3,1,3),(0.,1.,2.),.UNSPECIFIED.);
#1855=B_SPLINE_CURVE_WITH_KNOTS('',2,(#15784,#15785,#15786,#15787),
 .UNSPECIFIED.,.F.,.F.,(3,1,3),(0.,1.,2.),.UNSPECIFIED.);
#1856=B_SPLINE_CURVE_WITH_KNOTS('',2,(#15800,#15801,#15802,#15803),
 .UNSPECIFIED.,.F.,.F.,(3,1,3),(0.,1.,2.),.UNSPECIFIED.);
#1857=B_SPLINE_CURVE_WITH_KNOTS('',2,(#15821,#15822,#15823),
 .UNSPECIFIED.,.F.,.F.,(3,3),(0.,1.),.UNSPECIFIED.);
#1858=B_SPLINE_CURVE_WITH_KNOTS('',2,(#15825,#15826,#15827),
 .UNSPECIFIED.,.F.,.F.,(3,3),(0.,1.),.UNSPECIFIED.);
#1859=B_SPLINE_CURVE_WITH_KNOTS('',2,(#15838,#15839,#15840,#15841),
 .UNSPECIFIED.,.F.,.F.,(3,1,3),(0.,1.,2.),.UNSPECIFIED.);
#1860=B_SPLINE_CURVE_WITH_KNOTS('',2,(#15843,#15844,#15845,#15846),
 .UNSPECIFIED.,.F.,.F.,(3,1,3),(0.,1.,2.),.UNSPECIFIED.);
#1861=B_SPLINE_CURVE_WITH_KNOTS('',2,(#15861,#15862,#15863),
 .UNSPECIFIED.,.F.,.F.,(3,3),(0.,1.),.UNSPECIFIED.);
#1862=B_SPLINE_CURVE_WITH_KNOTS('',2,(#15865,#15866,#15867),
 .UNSPECIFIED.,.F.,.F.,(3,3),(0.,1.),.UNSPECIFIED.);
#1863=B_SPLINE_CURVE_WITH_KNOTS('',2,(#15876,#15877,#15878),
 .UNSPECIFIED.,.F.,.F.,(3,3),(0.,1.),.UNSPECIFIED.);
#1864=B_SPLINE_CURVE_WITH_KNOTS('',2,(#15880,#15881,#15882),
 .UNSPECIFIED.,.F.,.F.,(3,3),(0.,1.),.UNSPECIFIED.);
#1865=B_SPLINE_CURVE_WITH_KNOTS('',2,(#15891,#15892,#15893),
 .UNSPECIFIED.,.F.,.F.,(3,3),(0.,1.),.UNSPECIFIED.);
#1866=B_SPLINE_CURVE_WITH_KNOTS('',2,(#15895,#15896,#15897),
 .UNSPECIFIED.,.F.,.F.,(3,3),(0.,1.),.UNSPECIFIED.);
#1867=B_SPLINE_CURVE_WITH_KNOTS('',2,(#15924,#15925,#15926,#15927),
 .UNSPECIFIED.,.F.,.F.,(3,1,3),(0.,1.,2.),.UNSPECIFIED.);
#1868=B_SPLINE_CURVE_WITH_KNOTS('',2,(#15942,#15943,#15944,#15945),
 .UNSPECIFIED.,.F.,.F.,(3,1,3),(0.,1.,2.),.UNSPECIFIED.);
#1869=B_SPLINE_CURVE_WITH_KNOTS('',2,(#15954,#15955,#15956),
 .UNSPECIFIED.,.F.,.F.,(3,3),(0.,1.),.UNSPECIFIED.);
#1870=B_SPLINE_CURVE_WITH_KNOTS('',2,(#15965,#15966,#15967),
 .UNSPECIFIED.,.F.,.F.,(3,3),(0.,1.),.UNSPECIFIED.);
#1871=B_SPLINE_CURVE_WITH_KNOTS('',2,(#15982,#15983,#15984,#15985),
 .UNSPECIFIED.,.F.,.F.,(3,1,3),(0.,1.,2.),.UNSPECIFIED.);
#1872=B_SPLINE_CURVE_WITH_KNOTS('',2,(#15998,#15999,#16000),
 .UNSPECIFIED.,.F.,.F.,(3,3),(0.,1.),.UNSPECIFIED.);
#1873=B_SPLINE_CURVE_WITH_KNOTS('',2,(#16015,#16016,#16017,#16018),
 .UNSPECIFIED.,.F.,.F.,(3,1,3),(0.,1.,2.),.UNSPECIFIED.);
#1874=B_SPLINE_CURVE_WITH_KNOTS('',2,(#16033,#16034,#16035,#16036),
 .UNSPECIFIED.,.F.,.F.,(3,1,3),(0.,1.,2.),.UNSPECIFIED.);
#1875=B_SPLINE_CURVE_WITH_KNOTS('',2,(#16056,#16057,#16058,#16059),
 .UNSPECIFIED.,.F.,.F.,(3,1,3),(0.,1.,2.),.UNSPECIFIED.);
#1876=B_SPLINE_CURVE_WITH_KNOTS('',2,(#16068,#16069,#16070),
 .UNSPECIFIED.,.F.,.F.,(3,3),(0.,1.),.UNSPECIFIED.);
#1877=B_SPLINE_CURVE_WITH_KNOTS('',2,(#16079,#16080,#16081),
 .UNSPECIFIED.,.F.,.F.,(3,3),(0.,1.),.UNSPECIFIED.);
#1878=B_SPLINE_CURVE_WITH_KNOTS('',2,(#16096,#16097,#16098,#16099),
 .UNSPECIFIED.,.F.,.F.,(3,1,3),(0.,1.,2.),.UNSPECIFIED.);
#1879=B_SPLINE_CURVE_WITH_KNOTS('',2,(#16108,#16109,#16110),
 .UNSPECIFIED.,.F.,.F.,(3,3),(0.,1.),.UNSPECIFIED.);
#1880=B_SPLINE_CURVE_WITH_KNOTS('',2,(#16117,#16118,#16119),
 .UNSPECIFIED.,.F.,.F.,(3,3),(0.,1.),.UNSPECIFIED.);
#1881=B_SPLINE_CURVE_WITH_KNOTS('',2,(#16130,#16131,#16132),
 .UNSPECIFIED.,.F.,.F.,(3,3),(0.,1.),.UNSPECIFIED.);
#1882=B_SPLINE_CURVE_WITH_KNOTS('',2,(#16142,#16143,#16144),
 .UNSPECIFIED.,.F.,.F.,(3,3),(0.,1.),.UNSPECIFIED.);
#1883=B_SPLINE_CURVE_WITH_KNOTS('',2,(#16155,#16156,#16157,#16158),
 .UNSPECIFIED.,.F.,.F.,(3,1,3),(0.,1.,2.),.UNSPECIFIED.);
#1884=B_SPLINE_CURVE_WITH_KNOTS('',2,(#16169,#16170,#16171,#16172),
 .UNSPECIFIED.,.F.,.F.,(3,1,3),(0.,1.,2.),.UNSPECIFIED.);
#1885=B_SPLINE_CURVE_WITH_KNOTS('',2,(#16181,#16182,#16183,#16184),
 .UNSPECIFIED.,.F.,.F.,(3,1,3),(0.,1.,2.),.UNSPECIFIED.);
#1886=B_SPLINE_CURVE_WITH_KNOTS('',2,(#16202,#16203,#16204,#16205),
 .UNSPECIFIED.,.F.,.F.,(3,1,3),(0.,1.,2.),.UNSPECIFIED.);
#1887=B_SPLINE_CURVE_WITH_KNOTS('',2,(#16214,#16215,#16216),
 .UNSPECIFIED.,.F.,.F.,(3,3),(0.,1.),.UNSPECIFIED.);
#1888=B_SPLINE_CURVE_WITH_KNOTS('',2,(#16225,#16226,#16227),
 .UNSPECIFIED.,.F.,.F.,(3,3),(0.,1.),.UNSPECIFIED.);
#1889=B_SPLINE_CURVE_WITH_KNOTS('',2,(#16244,#16245,#16246),
 .UNSPECIFIED.,.F.,.F.,(3,3),(0.,1.),.UNSPECIFIED.);
#1890=B_SPLINE_CURVE_WITH_KNOTS('',2,(#16255,#16256,#16257),
 .UNSPECIFIED.,.F.,.F.,(3,3),(0.,1.),.UNSPECIFIED.);
#1891=B_SPLINE_CURVE_WITH_KNOTS('',2,(#16266,#16267,#16268),
 .UNSPECIFIED.,.F.,.F.,(3,3),(0.,1.),.UNSPECIFIED.);
#1892=B_SPLINE_CURVE_WITH_KNOTS('',2,(#16283,#16284,#16285,#16286),
 .UNSPECIFIED.,.F.,.F.,(3,1,3),(0.,1.,2.),.UNSPECIFIED.);
#1893=B_SPLINE_CURVE_WITH_KNOTS('',2,(#16295,#16296,#16297),
 .UNSPECIFIED.,.F.,.F.,(3,3),(0.,1.),.UNSPECIFIED.);
#1894=B_SPLINE_CURVE_WITH_KNOTS('',2,(#16306,#16307,#16308),
 .UNSPECIFIED.,.F.,.F.,(3,3),(0.,1.),.UNSPECIFIED.);
#1895=B_SPLINE_CURVE_WITH_KNOTS('',2,(#16323,#16324,#16325,#16326),
 .UNSPECIFIED.,.F.,.F.,(3,1,3),(0.,1.,2.),.UNSPECIFIED.);
#1896=B_SPLINE_CURVE_WITH_KNOTS('',2,(#16337,#16338,#16339),
 .UNSPECIFIED.,.F.,.F.,(3,3),(0.,1.),.UNSPECIFIED.);
#1897=LINE('',#10510,#2617);
#1898=LINE('',#10576,#2618);
#1899=LINE('',#10726,#2619);
#1900=LINE('',#10729,#2620);
#1901=LINE('',#10734,#2621);
#1902=LINE('',#10739,#2622);
#1903=LINE('',#10741,#2623);
#1904=LINE('',#10743,#2624);
#1905=LINE('',#10744,#2625);
#1906=LINE('',#10747,#2626);
#1907=LINE('',#10753,#2627);
#1908=LINE('',#10758,#2628);
#1909=LINE('',#10760,#2629);
#1910=LINE('',#10762,#2630);
#1911=LINE('',#10763,#2631);
#1912=LINE('',#10766,#2632);
#1913=LINE('',#10881,#2633);
#1914=LINE('',#10917,#2634);
#1915=LINE('',#10919,#2635);
#1916=LINE('',#10936,#2636);
#1917=LINE('',#10950,#2637);
#1918=LINE('',#11003,#2638);
#1919=LINE('',#11017,#2639);
#1920=LINE('',#11112,#2640);
#1921=LINE('',#11177,#2641);
#1922=LINE('',#11180,#2642);
#1923=LINE('',#11185,#2643);
#1924=LINE('',#11188,#2644);
#1925=LINE('',#11193,#2645);
#1926=LINE('',#11196,#2646);
#1927=LINE('',#11201,#2647);
#1928=LINE('',#11204,#2648);
#1929=LINE('',#11209,#2649);
#1930=LINE('',#11212,#2650);
#1931=LINE('',#11217,#2651);
#1932=LINE('',#11220,#2652);
#1933=LINE('',#11225,#2653);
#1934=LINE('',#11227,#2654);
#1935=LINE('',#11229,#2655);
#1936=LINE('',#11231,#2656);
#1937=LINE('',#11233,#2657);
#1938=LINE('',#11235,#2658);
#1939=LINE('',#11237,#2659);
#1940=LINE('',#11240,#2660);
#1941=LINE('',#11248,#2661);
#1942=LINE('',#11251,#2662);
#1943=LINE('',#11255,#2663);
#1944=LINE('',#11263,#2664);
#1945=LINE('',#11290,#2665);
#1946=LINE('',#11292,#2666);
#1947=LINE('',#11307,#2667);
#1948=LINE('',#11312,#2668);
#1949=LINE('',#11348,#2669);
#1950=LINE('',#11363,#2670);
#1951=LINE('',#11378,#2671);
#1952=LINE('',#11385,#2672);
#1953=LINE('',#11392,#2673);
#1954=LINE('',#11399,#2674);
#1955=LINE('',#11406,#2675);
#1956=LINE('',#11408,#2676);
#1957=LINE('',#11415,#2677);
#1958=LINE('',#11430,#2678);
#1959=LINE('',#11437,#2679);
#1960=LINE('',#11439,#2680);
#1961=LINE('',#11454,#2681);
#1962=LINE('',#11469,#2682);
#1963=LINE('',#11471,#2683);
#1964=LINE('',#11485,#2684);
#1965=LINE('',#11497,#2685);
#1966=LINE('',#11504,#2686);
#1967=LINE('',#11511,#2687);
#1968=LINE('',#11518,#2688);
#1969=LINE('',#11529,#2689);
#1970=LINE('',#11544,#2690);
#1971=LINE('',#11551,#2691);
#1972=LINE('',#11566,#2692);
#1973=LINE('',#11573,#2693);
#1974=LINE('',#11575,#2694);
#1975=LINE('',#11590,#2695);
#1976=LINE('',#11596,#2696);
#1977=LINE('',#11603,#2697);
#1978=LINE('',#11605,#2698);
#1979=LINE('',#11617,#2699);
#1980=LINE('',#11619,#2700);
#1981=LINE('',#11634,#2701);
#1982=LINE('',#11636,#2702);
#1983=LINE('',#11642,#2703);
#1984=LINE('',#11644,#2704);
#1985=LINE('',#11646,#2705);
#1986=LINE('',#11652,#2706);
#1987=LINE('',#11666,#2707);
#1988=LINE('',#11668,#2708);
#1989=LINE('',#11670,#2709);
#1990=LINE('',#11672,#2710);
#1991=LINE('',#11687,#2711);
#1992=LINE('',#11694,#2712);
#1993=LINE('',#11701,#2713);
#1994=LINE('',#11708,#2714);
#1995=LINE('',#11715,#2715);
#1996=LINE('',#11730,#2716);
#1997=LINE('',#11732,#2717);
#1998=LINE('',#11750,#2718);
#1999=LINE('',#11765,#2719);
#2000=LINE('',#11767,#2720);
#2001=LINE('',#11782,#2721);
#2002=LINE('',#11784,#2722);
#2003=LINE('',#11799,#2723);
#2004=LINE('',#11805,#2724);
#2005=LINE('',#11816,#2725);
#2006=LINE('',#11853,#2726);
#2007=LINE('',#11863,#2727);
#2008=LINE('',#11931,#2728);
#2009=LINE('',#11947,#2729);
#2010=LINE('',#11954,#2730);
#2011=LINE('',#11961,#2731);
#2012=LINE('',#11976,#2732);
#2013=LINE('',#11990,#2733);
#2014=LINE('',#11997,#2734);
#2015=LINE('',#12016,#2735);
#2016=LINE('',#12018,#2736);
#2017=LINE('',#12030,#2737);
#2018=LINE('',#12040,#2738);
#2019=LINE('',#12067,#2739);
#2020=LINE('',#12097,#2740);
#2021=LINE('',#12104,#2741);
#2022=LINE('',#12111,#2742);
#2023=LINE('',#12123,#2743);
#2024=LINE('',#12134,#2744);
#2025=LINE('',#12148,#2745);
#2026=LINE('',#12160,#2746);
#2027=LINE('',#12167,#2747);
#2028=LINE('',#12174,#2748);
#2029=LINE('',#12186,#2749);
#2030=LINE('',#12197,#2750);
#2031=LINE('',#12211,#2751);
#2032=LINE('',#12218,#2752);
#2033=LINE('',#12220,#2753);
#2034=LINE('',#12232,#2754);
#2035=LINE('',#12234,#2755);
#2036=LINE('',#12249,#2756);
#2037=LINE('',#12251,#2757);
#2038=LINE('',#12266,#2758);
#2039=LINE('',#12268,#2759);
#2040=LINE('',#12283,#2760);
#2041=LINE('',#12298,#2761);
#2042=LINE('',#12305,#2762);
#2043=LINE('',#12307,#2763);
#2044=LINE('',#12322,#2764);
#2045=LINE('',#12328,#2765);
#2046=LINE('',#12335,#2766);
#2047=LINE('',#12342,#2767);
#2048=LINE('',#12349,#2768);
#2049=LINE('',#12356,#2769);
#2050=LINE('',#12363,#2770);
#2051=LINE('',#12365,#2771);
#2052=LINE('',#12372,#2772);
#2053=LINE('',#12379,#2773);
#2054=LINE('',#12385,#2774);
#2055=LINE('',#12392,#2775);
#2056=LINE('',#12407,#2776);
#2057=LINE('',#12414,#2777);
#2058=LINE('',#12429,#2778);
#2059=LINE('',#12467,#2779);
#2060=LINE('',#12473,#2780);
#2061=LINE('',#12480,#2781);
#2062=LINE('',#12495,#2782);
#2063=LINE('',#12509,#2783);
#2064=LINE('',#12511,#2784);
#2065=LINE('',#12527,#2785);
#2066=LINE('',#12537,#2786);
#2067=LINE('',#12543,#2787);
#2068=LINE('',#12546,#2788);
#2069=LINE('',#12547,#2789);
#2070=LINE('',#12555,#2790);
#2071=LINE('',#12561,#2791);
#2072=LINE('',#12562,#2792);
#2073=LINE('',#12572,#2793);
#2074=LINE('',#12584,#2794);
#2075=LINE('',#12595,#2795);
#2076=LINE('',#12601,#2796);
#2077=LINE('',#12602,#2797);
#2078=LINE('',#12605,#2798);
#2079=LINE('',#12606,#2799);
#2080=LINE('',#12616,#2800);
#2081=LINE('',#12630,#2801);
#2082=LINE('',#12642,#2802);
#2083=LINE('',#12663,#2803);
#2084=LINE('',#12668,#2804);
#2085=LINE('',#12676,#2805);
#2086=LINE('',#12689,#2806);
#2087=LINE('',#12703,#2807);
#2088=LINE('',#12730,#2808);
#2089=LINE('',#12736,#2809);
#2090=LINE('',#12746,#2810);
#2091=LINE('',#12758,#2811);
#2092=LINE('',#12769,#2812);
#2093=LINE('',#12775,#2813);
#2094=LINE('',#12776,#2814);
#2095=LINE('',#12786,#2815);
#2096=LINE('',#12798,#2816);
#2097=LINE('',#12809,#2817);
#2098=LINE('',#12815,#2818);
#2099=LINE('',#12816,#2819);
#2100=LINE('',#12845,#2820);
#2101=LINE('',#12851,#2821);
#2102=LINE('',#12854,#2822);
#2103=LINE('',#12856,#2823);
#2104=LINE('',#12857,#2824);
#2105=LINE('',#12876,#2825);
#2106=LINE('',#12879,#2826);
#2107=LINE('',#12881,#2827);
#2108=LINE('',#12882,#2828);
#2109=LINE('',#12901,#2829);
#2110=LINE('',#12904,#2830);
#2111=LINE('',#12906,#2831);
#2112=LINE('',#12907,#2832);
#2113=LINE('',#12926,#2833);
#2114=LINE('',#12928,#2834);
#2115=LINE('',#12929,#2835);
#2116=LINE('',#12932,#2836);
#2117=LINE('',#12934,#2837);
#2118=LINE('',#12935,#2838);
#2119=LINE('',#12945,#2839);
#2120=LINE('',#12952,#2840);
#2121=LINE('',#12953,#2841);
#2122=LINE('',#12963,#2842);
#2123=LINE('',#12970,#2843);
#2124=LINE('',#12971,#2844);
#2125=LINE('',#12981,#2845);
#2126=LINE('',#12988,#2846);
#2127=LINE('',#12989,#2847);
#2128=LINE('',#13005,#2848);
#2129=LINE('',#13007,#2849);
#2130=LINE('',#13008,#2850);
#2131=LINE('',#13018,#2851);
#2132=LINE('',#13030,#2852);
#2133=LINE('',#13041,#2853);
#2134=LINE('',#13047,#2854);
#2135=LINE('',#13048,#2855);
#2136=LINE('',#13058,#2856);
#2137=LINE('',#13070,#2857);
#2138=LINE('',#13081,#2858);
#2139=LINE('',#13087,#2859);
#2140=LINE('',#13088,#2860);
#2141=LINE('',#13091,#2861);
#2142=LINE('',#13092,#2862);
#2143=LINE('',#13102,#2863);
#2144=LINE('',#13109,#2864);
#2145=LINE('',#13110,#2865);
#2146=LINE('',#13120,#2866);
#2147=LINE('',#13132,#2867);
#2148=LINE('',#13143,#2868);
#2149=LINE('',#13149,#2869);
#2150=LINE('',#13150,#2870);
#2151=LINE('',#13160,#2871);
#2152=LINE('',#13166,#2872);
#2153=LINE('',#13171,#2873);
#2154=LINE('',#13173,#2874);
#2155=LINE('',#13175,#2875);
#2156=LINE('',#13176,#2876);
#2157=LINE('',#13195,#2877);
#2158=LINE('',#13198,#2878);
#2159=LINE('',#13200,#2879);
#2160=LINE('',#13201,#2880);
#2161=LINE('',#13216,#2881);
#2162=LINE('',#13235,#2882);
#2163=LINE('',#13238,#2883);
#2164=LINE('',#13240,#2884);
#2165=LINE('',#13241,#2885);
#2166=LINE('',#13243,#2886);
#2167=LINE('',#13244,#2887);
#2168=LINE('',#13247,#2888);
#2169=LINE('',#13249,#2889);
#2170=LINE('',#13250,#2890);
#2171=LINE('',#13258,#2891);
#2172=LINE('',#13264,#2892);
#2173=LINE('',#13265,#2893);
#2174=LINE('',#13275,#2894);
#2175=LINE('',#13282,#2895);
#2176=LINE('',#13283,#2896);
#2177=LINE('',#13293,#2897);
#2178=LINE('',#13300,#2898);
#2179=LINE('',#13301,#2899);
#2180=LINE('',#13311,#2900);
#2181=LINE('',#13318,#2901);
#2182=LINE('',#13319,#2902);
#2183=LINE('',#13329,#2903);
#2184=LINE('',#13343,#2904);
#2185=LINE('',#13350,#2905);
#2186=LINE('',#13351,#2906);
#2187=LINE('',#13359,#2907);
#2188=LINE('',#13370,#2908);
#2189=LINE('',#13381,#2909);
#2190=LINE('',#13386,#2910);
#2191=LINE('',#13397,#2911);
#2192=LINE('',#13403,#2912);
#2193=LINE('',#13413,#2913);
#2194=LINE('',#13420,#2914);
#2195=LINE('',#13421,#2915);
#2196=LINE('',#13431,#2916);
#2197=LINE('',#13443,#2917);
#2198=LINE('',#13454,#2918);
#2199=LINE('',#13459,#2919);
#2200=LINE('',#13463,#2920);
#2201=LINE('',#13465,#2921);
#2202=LINE('',#13466,#2922);
#2203=LINE('',#13476,#2923);
#2204=LINE('',#13483,#2924);
#2205=LINE('',#13484,#2925);
#2206=LINE('',#13492,#2926);
#2207=LINE('',#13498,#2927);
#2208=LINE('',#13499,#2928);
#2209=LINE('',#13509,#2929);
#2210=LINE('',#13521,#2930);
#2211=LINE('',#13532,#2931);
#2212=LINE('',#13538,#2932);
#2213=LINE('',#13539,#2933);
#2214=LINE('',#13542,#2934);
#2215=LINE('',#13543,#2935);
#2216=LINE('',#13553,#2936);
#2217=LINE('',#13560,#2937);
#2218=LINE('',#13561,#2938);
#2219=LINE('',#13571,#2939);
#2220=LINE('',#13583,#2940);
#2221=LINE('',#13599,#2941);
#2222=LINE('',#13601,#2942);
#2223=LINE('',#13602,#2943);
#2224=LINE('',#13612,#2944);
#2225=LINE('',#13624,#2945);
#2226=LINE('',#13635,#2946);
#2227=LINE('',#13641,#2947);
#2228=LINE('',#13642,#2948);
#2229=LINE('',#13645,#2949);
#2230=LINE('',#13646,#2950);
#2231=LINE('',#13649,#2951);
#2232=LINE('',#13650,#2952);
#2233=LINE('',#13653,#2953);
#2234=LINE('',#13654,#2954);
#2235=LINE('',#13662,#2955);
#2236=LINE('',#13673,#2956);
#2237=LINE('',#13684,#2957);
#2238=LINE('',#13690,#2958);
#2239=LINE('',#13691,#2959);
#2240=LINE('',#13699,#2960);
#2241=LINE('',#13705,#2961);
#2242=LINE('',#13706,#2962);
#2243=LINE('',#13709,#2963);
#2244=LINE('',#13710,#2964);
#2245=LINE('',#13713,#2965);
#2246=LINE('',#13714,#2966);
#2247=LINE('',#13722,#2967);
#2248=LINE('',#13728,#2968);
#2249=LINE('',#13729,#2969);
#2250=LINE('',#13732,#2970);
#2251=LINE('',#13733,#2971);
#2252=LINE('',#13743,#2972);
#2253=LINE('',#13755,#2973);
#2254=LINE('',#13766,#2974);
#2255=LINE('',#13772,#2975);
#2256=LINE('',#13773,#2976);
#2257=LINE('',#13776,#2977);
#2258=LINE('',#13777,#2978);
#2259=LINE('',#13787,#2979);
#2260=LINE('',#13801,#2980);
#2261=LINE('',#13807,#2981);
#2262=LINE('',#13824,#2982);
#2263=LINE('',#13830,#2983);
#2264=LINE('',#13833,#2984);
#2265=LINE('',#13835,#2985);
#2266=LINE('',#13836,#2986);
#2267=LINE('',#13855,#2987);
#2268=LINE('',#13858,#2988);
#2269=LINE('',#13860,#2989);
#2270=LINE('',#13861,#2990);
#2271=LINE('',#13880,#2991);
#2272=LINE('',#13883,#2992);
#2273=LINE('',#13885,#2993);
#2274=LINE('',#13886,#2994);
#2275=LINE('',#13905,#2995);
#2276=LINE('',#13907,#2996);
#2277=LINE('',#13908,#2997);
#2278=LINE('',#13911,#2998);
#2279=LINE('',#13913,#2999);
#2280=LINE('',#13914,#3000);
#2281=LINE('',#13924,#3001);
#2282=LINE('',#13931,#3002);
#2283=LINE('',#13932,#3003);
#2284=LINE('',#13942,#3004);
#2285=LINE('',#13949,#3005);
#2286=LINE('',#13950,#3006);
#2287=LINE('',#13960,#3007);
#2288=LINE('',#13967,#3008);
#2289=LINE('',#13968,#3009);
#2290=LINE('',#13984,#3010);
#2291=LINE('',#13986,#3011);
#2292=LINE('',#13987,#3012);
#2293=LINE('',#13995,#3013);
#2294=LINE('',#14006,#3014);
#2295=LINE('',#14019,#3015);
#2296=LINE('',#14026,#3016);
#2297=LINE('',#14027,#3017);
#2298=LINE('',#14035,#3018);
#2299=LINE('',#14046,#3019);
#2300=LINE('',#14057,#3020);
#2301=LINE('',#14068,#3021);
#2302=LINE('',#14074,#3022);
#2303=LINE('',#14075,#3023);
#2304=LINE('',#14078,#3024);
#2305=LINE('',#14079,#3025);
#2306=LINE('',#14089,#3026);
#2307=LINE('',#14101,#3027);
#2308=LINE('',#14117,#3028);
#2309=LINE('',#14119,#3029);
#2310=LINE('',#14120,#3030);
#2311=LINE('',#14123,#3031);
#2312=LINE('',#14124,#3032);
#2313=LINE('',#14134,#3033);
#2314=LINE('',#14148,#3034);
#2315=LINE('',#14155,#3035);
#2316=LINE('',#14156,#3036);
#2317=LINE('',#14164,#3037);
#2318=LINE('',#14170,#3038);
#2319=LINE('',#14171,#3039);
#2320=LINE('',#14181,#3040);
#2321=LINE('',#14193,#3041);
#2322=LINE('',#14204,#3042);
#2323=LINE('',#14210,#3043);
#2324=LINE('',#14211,#3044);
#2325=LINE('',#14214,#3045);
#2326=LINE('',#14215,#3046);
#2327=LINE('',#14225,#3047);
#2328=LINE('',#14237,#3048);
#2329=LINE('',#14248,#3049);
#2330=LINE('',#14253,#3050);
#2331=LINE('',#14264,#3051);
#2332=LINE('',#14270,#3052);
#2333=LINE('',#14278,#3053);
#2334=LINE('',#14291,#3054);
#2335=LINE('',#14305,#3055);
#2336=LINE('',#14312,#3056);
#2337=LINE('',#14313,#3057);
#2338=LINE('',#14321,#3058);
#2339=LINE('',#14332,#3059);
#2340=LINE('',#14345,#3060);
#2341=LINE('',#14357,#3061);
#2342=LINE('',#14368,#3062);
#2343=LINE('',#14381,#3063);
#2344=LINE('',#14393,#3064);
#2345=LINE('',#14406,#3065);
#2346=LINE('',#14418,#3066);
#2347=LINE('',#14431,#3067);
#2348=LINE('',#14443,#3068);
#2349=LINE('',#14454,#3069);
#2350=LINE('',#14465,#3070);
#2351=LINE('',#14478,#3071);
#2352=LINE('',#14492,#3072);
#2353=LINE('',#14499,#3073);
#2354=LINE('',#14500,#3074);
#2355=LINE('',#14508,#3075);
#2356=LINE('',#14519,#3076);
#2357=LINE('',#14525,#3077);
#2358=LINE('',#14526,#3078);
#2359=LINE('',#14534,#3079);
#2360=LINE('',#14545,#3080);
#2361=LINE('',#14556,#3081);
#2362=LINE('',#14567,#3082);
#2363=LINE('',#14580,#3083);
#2364=LINE('',#14592,#3084);
#2365=LINE('',#14608,#3085);
#2366=LINE('',#14610,#3086);
#2367=LINE('',#14611,#3087);
#2368=LINE('',#14621,#3088);
#2369=LINE('',#14633,#3089);
#2370=LINE('',#14644,#3090);
#2371=LINE('',#14650,#3091);
#2372=LINE('',#14651,#3092);
#2373=LINE('',#14661,#3093);
#2374=LINE('',#14668,#3094);
#2375=LINE('',#14669,#3095);
#2376=LINE('',#14677,#3096);
#2377=LINE('',#14688,#3097);
#2378=LINE('',#14699,#3098);
#2379=LINE('',#14705,#3099);
#2380=LINE('',#14706,#3100);
#2381=LINE('',#14716,#3101);
#2382=LINE('',#14728,#3102);
#2383=LINE('',#14739,#3103);
#2384=LINE('',#14745,#3104);
#2385=LINE('',#14746,#3105);
#2386=LINE('',#14756,#3106);
#2387=LINE('',#14763,#3107);
#2388=LINE('',#14764,#3108);
#2389=LINE('',#14785,#3109);
#2390=LINE('',#14790,#3110);
#2391=LINE('',#14800,#3111);
#2392=LINE('',#14814,#3112);
#2393=LINE('',#14826,#3113);
#2394=LINE('',#14837,#3114);
#2395=LINE('',#14850,#3115);
#2396=LINE('',#14857,#3116);
#2397=LINE('',#14858,#3117);
#2398=LINE('',#14866,#3118);
#2399=LINE('',#14877,#3119);
#2400=LINE('',#14888,#3120);
#2401=LINE('',#14901,#3121);
#2402=LINE('',#14913,#3122);
#2403=LINE('',#14924,#3123);
#2404=LINE('',#14930,#3124);
#2405=LINE('',#14931,#3125);
#2406=LINE('',#14939,#3126);
#2407=LINE('',#14950,#3127);
#2408=LINE('',#14956,#3128);
#2409=LINE('',#14957,#3129);
#2410=LINE('',#14967,#3130);
#2411=LINE('',#14981,#3131);
#2412=LINE('',#14988,#3132);
#2413=LINE('',#14989,#3133);
#2414=LINE('',#14991,#3134);
#2415=LINE('',#15002,#3135);
#2416=LINE('',#15008,#3136);
#2417=LINE('',#15018,#3137);
#2418=LINE('',#15025,#3138);
#2419=LINE('',#15026,#3139);
#2420=LINE('',#15034,#3140);
#2421=LINE('',#15045,#3141);
#2422=LINE('',#15056,#3142);
#2423=LINE('',#15062,#3143);
#2424=LINE('',#15063,#3144);
#2425=LINE('',#15073,#3145);
#2426=LINE('',#15085,#3146);
#2427=LINE('',#15091,#3147);
#2428=LINE('',#15092,#3148);
#2429=LINE('',#15102,#3149);
#2430=LINE('',#15116,#3150);
#2431=LINE('',#15123,#3151);
#2432=LINE('',#15124,#3152);
#2433=LINE('',#15134,#3153);
#2434=LINE('',#15141,#3154);
#2435=LINE('',#15142,#3155);
#2436=LINE('',#15152,#3156);
#2437=LINE('',#15158,#3157);
#2438=LINE('',#15169,#3158);
#2439=LINE('',#15175,#3159);
#2440=LINE('',#15185,#3160);
#2441=LINE('',#15192,#3161);
#2442=LINE('',#15193,#3162);
#2443=LINE('',#15201,#3163);
#2444=LINE('',#15212,#3164);
#2445=LINE('',#15223,#3165);
#2446=LINE('',#15229,#3166);
#2447=LINE('',#15230,#3167);
#2448=LINE('',#15240,#3168);
#2449=LINE('',#15252,#3169);
#2450=LINE('',#15258,#3170);
#2451=LINE('',#15259,#3171);
#2452=LINE('',#15269,#3172);
#2453=LINE('',#15283,#3173);
#2454=LINE('',#15290,#3174);
#2455=LINE('',#15291,#3175);
#2456=LINE('',#15301,#3176);
#2457=LINE('',#15308,#3177);
#2458=LINE('',#15309,#3178);
#2459=LINE('',#15319,#3179);
#2460=LINE('',#15325,#3180);
#2461=LINE('',#15329,#3181);
#2462=LINE('',#15331,#3182);
#2463=LINE('',#15332,#3183);
#2464=LINE('',#15342,#3184);
#2465=LINE('',#15354,#3185);
#2466=LINE('',#15365,#3186);
#2467=LINE('',#15371,#3187);
#2468=LINE('',#15372,#3188);
#2469=LINE('',#15375,#3189);
#2470=LINE('',#15376,#3190);
#2471=LINE('',#15386,#3191);
#2472=LINE('',#15398,#3192);
#2473=LINE('',#15409,#3193);
#2474=LINE('',#15415,#3194);
#2475=LINE('',#15416,#3195);
#2476=LINE('',#15419,#3196);
#2477=LINE('',#15420,#3197);
#2478=LINE('',#15430,#3198);
#2479=LINE('',#15442,#3199);
#2480=LINE('',#15453,#3200);
#2481=LINE('',#15459,#3201);
#2482=LINE('',#15460,#3202);
#2483=LINE('',#15463,#3203);
#2484=LINE('',#15464,#3204);
#2485=LINE('',#15474,#3205);
#2486=LINE('',#15488,#3206);
#2487=LINE('',#15494,#3207);
#2488=LINE('',#15498,#3208);
#2489=LINE('',#15500,#3209);
#2490=LINE('',#15501,#3210);
#2491=LINE('',#15511,#3211);
#2492=LINE('',#15518,#3212);
#2493=LINE('',#15519,#3213);
#2494=LINE('',#15527,#3214);
#2495=LINE('',#15533,#3215);
#2496=LINE('',#15534,#3216);
#2497=LINE('',#15544,#3217);
#2498=LINE('',#15556,#3218);
#2499=LINE('',#15567,#3219);
#2500=LINE('',#15573,#3220);
#2501=LINE('',#15574,#3221);
#2502=LINE('',#15577,#3222);
#2503=LINE('',#15578,#3223);
#2504=LINE('',#15588,#3224);
#2505=LINE('',#15595,#3225);
#2506=LINE('',#15596,#3226);
#2507=LINE('',#15606,#3227);
#2508=LINE('',#15618,#3228);
#2509=LINE('',#15647,#3229);
#2510=LINE('',#15653,#3230);
#2511=LINE('',#15656,#3231);
#2512=LINE('',#15658,#3232);
#2513=LINE('',#15659,#3233);
#2514=LINE('',#15678,#3234);
#2515=LINE('',#15681,#3235);
#2516=LINE('',#15683,#3236);
#2517=LINE('',#15684,#3237);
#2518=LINE('',#15703,#3238);
#2519=LINE('',#15706,#3239);
#2520=LINE('',#15708,#3240);
#2521=LINE('',#15709,#3241);
#2522=LINE('',#15728,#3242);
#2523=LINE('',#15730,#3243);
#2524=LINE('',#15731,#3244);
#2525=LINE('',#15734,#3245);
#2526=LINE('',#15736,#3246);
#2527=LINE('',#15737,#3247);
#2528=LINE('',#15747,#3248);
#2529=LINE('',#15754,#3249);
#2530=LINE('',#15755,#3250);
#2531=LINE('',#15765,#3251);
#2532=LINE('',#15772,#3252);
#2533=LINE('',#15773,#3253);
#2534=LINE('',#15783,#3254);
#2535=LINE('',#15790,#3255);
#2536=LINE('',#15791,#3256);
#2537=LINE('',#15808,#3257);
#2538=LINE('',#15810,#3258);
#2539=LINE('',#15812,#3259);
#2540=LINE('',#15813,#3260);
#2541=LINE('',#15828,#3261);
#2542=LINE('',#15847,#3262);
#2543=LINE('',#15850,#3263);
#2544=LINE('',#15852,#3264);
#2545=LINE('',#15853,#3265);
#2546=LINE('',#15868,#3266);
#2547=LINE('',#15883,#3267);
#2548=LINE('',#15898,#3268);
#2549=LINE('',#15901,#3269);
#2550=LINE('',#15903,#3270);
#2551=LINE('',#15904,#3271);
#2552=LINE('',#15906,#3272);
#2553=LINE('',#15907,#3273);
#2554=LINE('',#15910,#3274);
#2555=LINE('',#15912,#3275);
#2556=LINE('',#15913,#3276);
#2557=LINE('',#15923,#3277);
#2558=LINE('',#15930,#3278);
#2559=LINE('',#15931,#3279);
#2560=LINE('',#15941,#3280);
#2561=LINE('',#15953,#3281);
#2562=LINE('',#15964,#3282);
#2563=LINE('',#15970,#3283);
#2564=LINE('',#15971,#3284);
#2565=LINE('',#15981,#3285);
#2566=LINE('',#15988,#3286);
#2567=LINE('',#15989,#3287);
#2568=LINE('',#15997,#3288);
#2569=LINE('',#16003,#3289);
#2570=LINE('',#16004,#3290);
#2571=LINE('',#16014,#3291);
#2572=LINE('',#16021,#3292);
#2573=LINE('',#16022,#3293);
#2574=LINE('',#16032,#3294);
#2575=LINE('',#16038,#3295);
#2576=LINE('',#16042,#3296);
#2577=LINE('',#16044,#3297);
#2578=LINE('',#16045,#3298);
#2579=LINE('',#16055,#3299);
#2580=LINE('',#16067,#3300);
#2581=LINE('',#16078,#3301);
#2582=LINE('',#16084,#3302);
#2583=LINE('',#16085,#3303);
#2584=LINE('',#16095,#3304);
#2585=LINE('',#16107,#3305);
#2586=LINE('',#16128,#3306);
#2587=LINE('',#16133,#3307);
#2588=LINE('',#16141,#3308);
#2589=LINE('',#16154,#3309);
#2590=LINE('',#16168,#3310);
#2591=LINE('',#16188,#3311);
#2592=LINE('',#16190,#3312);
#2593=LINE('',#16191,#3313);
#2594=LINE('',#16201,#3314);
#2595=LINE('',#16213,#3315);
#2596=LINE('',#16224,#3316);
#2597=LINE('',#16230,#3317);
#2598=LINE('',#16231,#3318);
#2599=LINE('',#16234,#3319);
#2600=LINE('',#16235,#3320);
#2601=LINE('',#16243,#3321);
#2602=LINE('',#16254,#3322);
#2603=LINE('',#16265,#3323);
#2604=LINE('',#16271,#3324);
#2605=LINE('',#16272,#3325);
#2606=LINE('',#16282,#3326);
#2607=LINE('',#16294,#3327);
#2608=LINE('',#16305,#3328);
#2609=LINE('',#16311,#3329);
#2610=LINE('',#16312,#3330);
#2611=LINE('',#16322,#3331);
#2612=LINE('',#16329,#3332);
#2613=LINE('',#16330,#3333);
#2614=LINE('',#16351,#3334);
#2615=LINE('',#16356,#3335);
#2616=LINE('',#16361,#3336);
#2617=VECTOR('',#9107,10.);
#2618=VECTOR('',#9112,11.);
#2619=VECTOR('',#9117,1.5);
#2620=VECTOR('',#9120,1.5);
#2621=VECTOR('',#9125,1.65);
#2622=VECTOR('',#9130,10.);
#2623=VECTOR('',#9131,10.);
#2624=VECTOR('',#9132,10.);
#2625=VECTOR('',#9133,10.);
#2626=VECTOR('',#9136,1.6);
#2627=VECTOR('',#9143,1.65);
#2628=VECTOR('',#9148,10.);
#2629=VECTOR('',#9149,10.);
#2630=VECTOR('',#9150,10.);
#2631=VECTOR('',#9151,10.);
#2632=VECTOR('',#9154,1.6);
#2633=VECTOR('',#9157,10.);
#2634=VECTOR('',#9160,1.5);
#2635=VECTOR('',#9161,1.5);
#2636=VECTOR('',#9172,10.);
#2637=VECTOR('',#9181,10.);
#2638=VECTOR('',#9208,10.);
#2639=VECTOR('',#9217,10.);
#2640=VECTOR('',#9232,10.);
#2641=VECTOR('',#9235,2.6);
#2642=VECTOR('',#9238,2.65);
#2643=VECTOR('',#9245,2.5);
#2644=VECTOR('',#9248,2.65);
#2645=VECTOR('',#9255,2.5);
#2646=VECTOR('',#9258,2.65);
#2647=VECTOR('',#9265,2.5);
#2648=VECTOR('',#9268,2.65);
#2649=VECTOR('',#9275,2.5);
#2650=VECTOR('',#9278,2.65);
#2651=VECTOR('',#9285,2.5);
#2652=VECTOR('',#9288,2.65);
#2653=VECTOR('',#9295,2.5);
#2654=VECTOR('',#9298,2.65);
#2655=VECTOR('',#9301,2.65);
#2656=VECTOR('',#9304,2.65);
#2657=VECTOR('',#9307,2.65);
#2658=VECTOR('',#9310,2.65);
#2659=VECTOR('',#9313,2.65);
#2660=VECTOR('',#9316,7.45);
#2661=VECTOR('',#9327,6.15);
#2662=VECTOR('',#9330,6.);
#2663=VECTOR('',#9335,6.15);
#2664=VECTOR('',#9346,10.85);
#2665=VECTOR('',#9349,10.);
#2666=VECTOR('',#9350,10.);
#2667=VECTOR('',#9351,10.);
#2668=VECTOR('',#9352,10.);
#2669=VECTOR('',#9353,10.);
#2670=VECTOR('',#9354,10.);
#2671=VECTOR('',#9355,10.);
#2672=VECTOR('',#9356,10.);
#2673=VECTOR('',#9357,10.);
#2674=VECTOR('',#9358,10.);
#2675=VECTOR('',#9359,10.);
#2676=VECTOR('',#9360,10.);
#2677=VECTOR('',#9361,10.);
#2678=VECTOR('',#9362,10.);
#2679=VECTOR('',#9363,10.);
#2680=VECTOR('',#9364,10.);
#2681=VECTOR('',#9365,10.);
#2682=VECTOR('',#9366,10.);
#2683=VECTOR('',#9367,10.);
#2684=VECTOR('',#9368,10.);
#2685=VECTOR('',#9369,10.);
#2686=VECTOR('',#9370,10.);
#2687=VECTOR('',#9371,10.);
#2688=VECTOR('',#9372,10.);
#2689=VECTOR('',#9373,10.);
#2690=VECTOR('',#9374,10.);
#2691=VECTOR('',#9375,10.);
#2692=VECTOR('',#9376,10.);
#2693=VECTOR('',#9377,10.);
#2694=VECTOR('',#9378,10.);
#2695=VECTOR('',#9379,10.);
#2696=VECTOR('',#9380,10.);
#2697=VECTOR('',#9381,10.);
#2698=VECTOR('',#9382,10.);
#2699=VECTOR('',#9383,10.);
#2700=VECTOR('',#9384,10.);
#2701=VECTOR('',#9385,10.);
#2702=VECTOR('',#9386,10.);
#2703=VECTOR('',#9387,10.);
#2704=VECTOR('',#9388,10.);
#2705=VECTOR('',#9389,10.);
#2706=VECTOR('',#9390,10.);
#2707=VECTOR('',#9391,10.);
#2708=VECTOR('',#9392,10.);
#2709=VECTOR('',#9393,10.);
#2710=VECTOR('',#9394,10.);
#2711=VECTOR('',#9395,10.);
#2712=VECTOR('',#9396,10.);
#2713=VECTOR('',#9397,10.);
#2714=VECTOR('',#9398,10.);
#2715=VECTOR('',#9399,10.);
#2716=VECTOR('',#9400,10.);
#2717=VECTOR('',#9401,10.);
#2718=VECTOR('',#9402,10.);
#2719=VECTOR('',#9403,10.);
#2720=VECTOR('',#9404,10.);
#2721=VECTOR('',#9405,10.);
#2722=VECTOR('',#9406,10.);
#2723=VECTOR('',#9407,10.);
#2724=VECTOR('',#9408,10.);
#2725=VECTOR('',#9409,10.);
#2726=VECTOR('',#9410,10.);
#2727=VECTOR('',#9411,10.);
#2728=VECTOR('',#9412,10.);
#2729=VECTOR('',#9413,10.);
#2730=VECTOR('',#9414,10.);
#2731=VECTOR('',#9415,10.);
#2732=VECTOR('',#9416,10.);
#2733=VECTOR('',#9417,10.);
#2734=VECTOR('',#9418,10.);
#2735=VECTOR('',#9419,10.);
#2736=VECTOR('',#9420,10.);
#2737=VECTOR('',#9421,10.);
#2738=VECTOR('',#9422,10.);
#2739=VECTOR('',#9423,10.);
#2740=VECTOR('',#9424,10.);
#2741=VECTOR('',#9425,10.);
#2742=VECTOR('',#9426,10.);
#2743=VECTOR('',#9427,10.);
#2744=VECTOR('',#9428,10.);
#2745=VECTOR('',#9429,10.);
#2746=VECTOR('',#9430,10.);
#2747=VECTOR('',#9431,10.);
#2748=VECTOR('',#9432,10.);
#2749=VECTOR('',#9433,10.);
#2750=VECTOR('',#9434,10.);
#2751=VECTOR('',#9435,10.);
#2752=VECTOR('',#9436,10.);
#2753=VECTOR('',#9437,10.);
#2754=VECTOR('',#9438,10.);
#2755=VECTOR('',#9439,10.);
#2756=VECTOR('',#9440,10.);
#2757=VECTOR('',#9441,10.);
#2758=VECTOR('',#9442,10.);
#2759=VECTOR('',#9443,10.);
#2760=VECTOR('',#9444,10.);
#2761=VECTOR('',#9445,10.);
#2762=VECTOR('',#9446,10.);
#2763=VECTOR('',#9447,10.);
#2764=VECTOR('',#9448,10.);
#2765=VECTOR('',#9449,10.);
#2766=VECTOR('',#9450,10.);
#2767=VECTOR('',#9451,10.);
#2768=VECTOR('',#9452,10.);
#2769=VECTOR('',#9453,10.);
#2770=VECTOR('',#9454,10.);
#2771=VECTOR('',#9455,10.);
#2772=VECTOR('',#9456,10.);
#2773=VECTOR('',#9457,10.);
#2774=VECTOR('',#9458,10.);
#2775=VECTOR('',#9459,10.);
#2776=VECTOR('',#9460,10.);
#2777=VECTOR('',#9461,10.);
#2778=VECTOR('',#9462,10.);
#2779=VECTOR('',#9463,10.);
#2780=VECTOR('',#9464,10.);
#2781=VECTOR('',#9465,10.);
#2782=VECTOR('',#9466,10.);
#2783=VECTOR('',#9467,10.);
#2784=VECTOR('',#9468,10.);
#2785=VECTOR('',#9473,7.45);
#2786=VECTOR('',#9474,10.);
#2787=VECTOR('',#9475,10.);
#2788=VECTOR('',#9478,10.);
#2789=VECTOR('',#9479,10.);
#2790=VECTOR('',#9480,10.);
#2791=VECTOR('',#9483,10.);
#2792=VECTOR('',#9484,10.);
#2793=VECTOR('',#9485,10.);
#2794=VECTOR('',#9486,10.);
#2795=VECTOR('',#9487,10.);
#2796=VECTOR('',#9490,10.);
#2797=VECTOR('',#9491,10.);
#2798=VECTOR('',#9494,10.);
#2799=VECTOR('',#9495,10.);
#2800=VECTOR('',#9496,10.);
#2801=VECTOR('',#9497,10.);
#2802=VECTOR('',#9498,10.);
#2803=VECTOR('',#9501,10.);
#2804=VECTOR('',#9502,10.);
#2805=VECTOR('',#9503,10.);
#2806=VECTOR('',#9504,10.);
#2807=VECTOR('',#9505,10.);
#2808=VECTOR('',#9508,10.);
#2809=VECTOR('',#9509,10.);
#2810=VECTOR('',#9510,10.);
#2811=VECTOR('',#9511,10.);
#2812=VECTOR('',#9512,10.);
#2813=VECTOR('',#9515,10.);
#2814=VECTOR('',#9516,10.);
#2815=VECTOR('',#9517,10.);
#2816=VECTOR('',#9518,10.);
#2817=VECTOR('',#9519,10.);
#2818=VECTOR('',#9522,10.);
#2819=VECTOR('',#9523,10.);
#2820=VECTOR('',#9526,10.);
#2821=VECTOR('',#9527,10.);
#2822=VECTOR('',#9530,10.);
#2823=VECTOR('',#9531,10.);
#2824=VECTOR('',#9532,10.);
#2825=VECTOR('',#9533,10.);
#2826=VECTOR('',#9536,10.);
#2827=VECTOR('',#9537,10.);
#2828=VECTOR('',#9538,10.);
#2829=VECTOR('',#9539,10.);
#2830=VECTOR('',#9542,10.);
#2831=VECTOR('',#9543,10.);
#2832=VECTOR('',#9544,10.);
#2833=VECTOR('',#9545,10.);
#2834=VECTOR('',#9548,10.);
#2835=VECTOR('',#9549,10.);
#2836=VECTOR('',#9552,10.);
#2837=VECTOR('',#9553,10.);
#2838=VECTOR('',#9554,10.);
#2839=VECTOR('',#9555,10.);
#2840=VECTOR('',#9558,10.);
#2841=VECTOR('',#9559,10.);
#2842=VECTOR('',#9560,10.);
#2843=VECTOR('',#9563,10.);
#2844=VECTOR('',#9564,10.);
#2845=VECTOR('',#9565,10.);
#2846=VECTOR('',#9568,10.);
#2847=VECTOR('',#9569,10.);
#2848=VECTOR('',#9574,10.);
#2849=VECTOR('',#9575,10.);
#2850=VECTOR('',#9576,10.);
#2851=VECTOR('',#9577,10.);
#2852=VECTOR('',#9578,10.);
#2853=VECTOR('',#9579,10.);
#2854=VECTOR('',#9582,10.);
#2855=VECTOR('',#9583,10.);
#2856=VECTOR('',#9584,10.);
#2857=VECTOR('',#9585,10.);
#2858=VECTOR('',#9586,10.);
#2859=VECTOR('',#9589,10.);
#2860=VECTOR('',#9590,10.);
#2861=VECTOR('',#9593,10.);
#2862=VECTOR('',#9594,10.);
#2863=VECTOR('',#9595,10.);
#2864=VECTOR('',#9598,10.);
#2865=VECTOR('',#9599,10.);
#2866=VECTOR('',#9600,10.);
#2867=VECTOR('',#9601,10.);
#2868=VECTOR('',#9602,10.);
#2869=VECTOR('',#9605,10.);
#2870=VECTOR('',#9606,10.);
#2871=VECTOR('',#9607,10.);
#2872=VECTOR('',#9610,10.);
#2873=VECTOR('',#9615,10.);
#2874=VECTOR('',#9616,10.);
#2875=VECTOR('',#9617,10.);
#2876=VECTOR('',#9618,10.);
#2877=VECTOR('',#9619,10.);
#2878=VECTOR('',#9622,10.);
#2879=VECTOR('',#9623,10.);
#2880=VECTOR('',#9624,10.);
#2881=VECTOR('',#9625,10.);
#2882=VECTOR('',#9626,10.);
#2883=VECTOR('',#9629,10.);
#2884=VECTOR('',#9630,10.);
#2885=VECTOR('',#9631,10.);
#2886=VECTOR('',#9634,10.);
#2887=VECTOR('',#9635,10.);
#2888=VECTOR('',#9638,10.);
#2889=VECTOR('',#9639,10.);
#2890=VECTOR('',#9640,10.);
#2891=VECTOR('',#9641,10.);
#2892=VECTOR('',#9644,10.);
#2893=VECTOR('',#9645,10.);
#2894=VECTOR('',#9646,10.);
#2895=VECTOR('',#9649,10.);
#2896=VECTOR('',#9650,10.);
#2897=VECTOR('',#9651,10.);
#2898=VECTOR('',#9654,10.);
#2899=VECTOR('',#9655,10.);
#2900=VECTOR('',#9656,10.);
#2901=VECTOR('',#9659,10.);
#2902=VECTOR('',#9660,10.);
#2903=VECTOR('',#9661,10.);
#2904=VECTOR('',#9662,10.);
#2905=VECTOR('',#9665,10.);
#2906=VECTOR('',#9666,10.);
#2907=VECTOR('',#9667,10.);
#2908=VECTOR('',#9668,10.);
#2909=VECTOR('',#9669,10.);
#2910=VECTOR('',#9672,10.);
#2911=VECTOR('',#9675,10.);
#2912=VECTOR('',#9676,10.);
#2913=VECTOR('',#9677,10.);
#2914=VECTOR('',#9680,10.);
#2915=VECTOR('',#9681,10.);
#2916=VECTOR('',#9682,10.);
#2917=VECTOR('',#9683,10.);
#2918=VECTOR('',#9684,10.);
#2919=VECTOR('',#9687,10.);
#2920=VECTOR('',#9692,10.);
#2921=VECTOR('',#9693,10.);
#2922=VECTOR('',#9694,10.);
#2923=VECTOR('',#9695,10.);
#2924=VECTOR('',#9698,10.);
#2925=VECTOR('',#9699,10.);
#2926=VECTOR('',#9700,10.);
#2927=VECTOR('',#9703,10.);
#2928=VECTOR('',#9704,10.);
#2929=VECTOR('',#9705,10.);
#2930=VECTOR('',#9706,10.);
#2931=VECTOR('',#9707,10.);
#2932=VECTOR('',#9710,10.);
#2933=VECTOR('',#9711,10.);
#2934=VECTOR('',#9714,10.);
#2935=VECTOR('',#9715,10.);
#2936=VECTOR('',#9716,10.);
#2937=VECTOR('',#9719,10.);
#2938=VECTOR('',#9720,10.);
#2939=VECTOR('',#9721,10.);
#2940=VECTOR('',#9722,10.);
#2941=VECTOR('',#9727,10.);
#2942=VECTOR('',#9728,10.);
#2943=VECTOR('',#9729,10.);
#2944=VECTOR('',#9730,10.);
#2945=VECTOR('',#9731,10.);
#2946=VECTOR('',#9732,10.);
#2947=VECTOR('',#9735,10.);
#2948=VECTOR('',#9736,10.);
#2949=VECTOR('',#9739,10.);
#2950=VECTOR('',#9740,10.);
#2951=VECTOR('',#9743,10.);
#2952=VECTOR('',#9744,10.);
#2953=VECTOR('',#9747,10.);
#2954=VECTOR('',#9748,10.);
#2955=VECTOR('',#9749,10.);
#2956=VECTOR('',#9750,10.);
#2957=VECTOR('',#9751,10.);
#2958=VECTOR('',#9754,10.);
#2959=VECTOR('',#9755,10.);
#2960=VECTOR('',#9756,10.);
#2961=VECTOR('',#9759,10.);
#2962=VECTOR('',#9760,10.);
#2963=VECTOR('',#9763,10.);
#2964=VECTOR('',#9764,10.);
#2965=VECTOR('',#9767,10.);
#2966=VECTOR('',#9768,10.);
#2967=VECTOR('',#9769,10.);
#2968=VECTOR('',#9772,10.);
#2969=VECTOR('',#9773,10.);
#2970=VECTOR('',#9776,10.);
#2971=VECTOR('',#9777,10.);
#2972=VECTOR('',#9778,10.);
#2973=VECTOR('',#9779,10.);
#2974=VECTOR('',#9780,10.);
#2975=VECTOR('',#9783,10.);
#2976=VECTOR('',#9784,10.);
#2977=VECTOR('',#9787,10.);
#2978=VECTOR('',#9788,10.);
#2979=VECTOR('',#9789,10.);
#2980=VECTOR('',#9790,10.);
#2981=VECTOR('',#9793,10.);
#2982=VECTOR('',#9796,10.);
#2983=VECTOR('',#9797,10.);
#2984=VECTOR('',#9800,10.);
#2985=VECTOR('',#9801,10.);
#2986=VECTOR('',#9802,10.);
#2987=VECTOR('',#9803,10.);
#2988=VECTOR('',#9806,10.);
#2989=VECTOR('',#9807,10.);
#2990=VECTOR('',#9808,10.);
#2991=VECTOR('',#9809,10.);
#2992=VECTOR('',#9812,10.);
#2993=VECTOR('',#9813,10.);
#2994=VECTOR('',#9814,10.);
#2995=VECTOR('',#9815,10.);
#2996=VECTOR('',#9818,10.);
#2997=VECTOR('',#9819,10.);
#2998=VECTOR('',#9822,10.);
#2999=VECTOR('',#9823,10.);
#3000=VECTOR('',#9824,10.);
#3001=VECTOR('',#9825,10.);
#3002=VECTOR('',#9828,10.);
#3003=VECTOR('',#9829,10.);
#3004=VECTOR('',#9830,10.);
#3005=VECTOR('',#9833,10.);
#3006=VECTOR('',#9834,10.);
#3007=VECTOR('',#9835,10.);
#3008=VECTOR('',#9838,10.);
#3009=VECTOR('',#9839,10.);
#3010=VECTOR('',#9844,10.);
#3011=VECTOR('',#9845,10.);
#3012=VECTOR('',#9846,10.);
#3013=VECTOR('',#9847,10.);
#3014=VECTOR('',#9848,10.);
#3015=VECTOR('',#9849,10.);
#3016=VECTOR('',#9852,10.);
#3017=VECTOR('',#9853,10.);
#3018=VECTOR('',#9854,10.);
#3019=VECTOR('',#9855,10.);
#3020=VECTOR('',#9856,10.);
#3021=VECTOR('',#9857,10.);
#3022=VECTOR('',#9860,10.);
#3023=VECTOR('',#9861,10.);
#3024=VECTOR('',#9864,10.);
#3025=VECTOR('',#9865,10.);
#3026=VECTOR('',#9866,10.);
#3027=VECTOR('',#9867,10.);
#3028=VECTOR('',#9872,10.);
#3029=VECTOR('',#9873,10.);
#3030=VECTOR('',#9874,10.);
#3031=VECTOR('',#9877,10.);
#3032=VECTOR('',#9878,10.);
#3033=VECTOR('',#9879,10.);
#3034=VECTOR('',#9880,10.);
#3035=VECTOR('',#9883,10.);
#3036=VECTOR('',#9884,10.);
#3037=VECTOR('',#9885,10.);
#3038=VECTOR('',#9888,10.);
#3039=VECTOR('',#9889,10.);
#3040=VECTOR('',#9890,10.);
#3041=VECTOR('',#9891,10.);
#3042=VECTOR('',#9892,10.);
#3043=VECTOR('',#9895,10.);
#3044=VECTOR('',#9896,10.);
#3045=VECTOR('',#9899,10.);
#3046=VECTOR('',#9900,10.);
#3047=VECTOR('',#9901,10.);
#3048=VECTOR('',#9902,10.);
#3049=VECTOR('',#9903,10.);
#3050=VECTOR('',#9906,10.);
#3051=VECTOR('',#9909,10.);
#3052=VECTOR('',#9910,10.);
#3053=VECTOR('',#9911,10.);
#3054=VECTOR('',#9912,10.);
#3055=VECTOR('',#9913,10.);
#3056=VECTOR('',#9916,10.);
#3057=VECTOR('',#9917,10.);
#3058=VECTOR('',#9918,10.);
#3059=VECTOR('',#9919,10.);
#3060=VECTOR('',#9920,10.);
#3061=VECTOR('',#9921,10.);
#3062=VECTOR('',#9922,10.);
#3063=VECTOR('',#9923,10.);
#3064=VECTOR('',#9924,10.);
#3065=VECTOR('',#9925,10.);
#3066=VECTOR('',#9926,10.);
#3067=VECTOR('',#9927,10.);
#3068=VECTOR('',#9928,10.);
#3069=VECTOR('',#9929,10.);
#3070=VECTOR('',#9930,10.);
#3071=VECTOR('',#9931,10.);
#3072=VECTOR('',#9932,10.);
#3073=VECTOR('',#9935,10.);
#3074=VECTOR('',#9936,10.);
#3075=VECTOR('',#9937,10.);
#3076=VECTOR('',#9938,10.);
#3077=VECTOR('',#9941,10.);
#3078=VECTOR('',#9942,10.);
#3079=VECTOR('',#9943,10.);
#3080=VECTOR('',#9944,10.);
#3081=VECTOR('',#9945,10.);
#3082=VECTOR('',#9946,10.);
#3083=VECTOR('',#9947,10.);
#3084=VECTOR('',#9948,10.);
#3085=VECTOR('',#9953,10.);
#3086=VECTOR('',#9954,10.);
#3087=VECTOR('',#9955,10.);
#3088=VECTOR('',#9956,10.);
#3089=VECTOR('',#9957,10.);
#3090=VECTOR('',#9958,10.);
#3091=VECTOR('',#9961,10.);
#3092=VECTOR('',#9962,10.);
#3093=VECTOR('',#9963,10.);
#3094=VECTOR('',#9966,10.);
#3095=VECTOR('',#9967,10.);
#3096=VECTOR('',#9968,10.);
#3097=VECTOR('',#9969,10.);
#3098=VECTOR('',#9970,10.);
#3099=VECTOR('',#9973,10.);
#3100=VECTOR('',#9974,10.);
#3101=VECTOR('',#9975,10.);
#3102=VECTOR('',#9976,10.);
#3103=VECTOR('',#9977,10.);
#3104=VECTOR('',#9980,10.);
#3105=VECTOR('',#9981,10.);
#3106=VECTOR('',#9982,10.);
#3107=VECTOR('',#9985,10.);
#3108=VECTOR('',#9986,10.);
#3109=VECTOR('',#9989,10.);
#3110=VECTOR('',#9990,10.);
#3111=VECTOR('',#9991,10.);
#3112=VECTOR('',#9992,10.);
#3113=VECTOR('',#9993,10.);
#3114=VECTOR('',#9994,10.);
#3115=VECTOR('',#9995,10.);
#3116=VECTOR('',#9998,10.);
#3117=VECTOR('',#9999,10.);
#3118=VECTOR('',#10000,10.);
#3119=VECTOR('',#10001,10.);
#3120=VECTOR('',#10002,10.);
#3121=VECTOR('',#10003,10.);
#3122=VECTOR('',#10004,10.);
#3123=VECTOR('',#10005,10.);
#3124=VECTOR('',#10008,10.);
#3125=VECTOR('',#10009,10.);
#3126=VECTOR('',#10010,10.);
#3127=VECTOR('',#10011,10.);
#3128=VECTOR('',#10014,10.);
#3129=VECTOR('',#10015,10.);
#3130=VECTOR('',#10016,10.);
#3131=VECTOR('',#10017,10.);
#3132=VECTOR('',#10020,10.);
#3133=VECTOR('',#10021,10.);
#3134=VECTOR('',#10024,10.);
#3135=VECTOR('',#10027,10.);
#3136=VECTOR('',#10028,10.);
#3137=VECTOR('',#10029,10.);
#3138=VECTOR('',#10032,10.);
#3139=VECTOR('',#10033,10.);
#3140=VECTOR('',#10034,10.);
#3141=VECTOR('',#10035,10.);
#3142=VECTOR('',#10036,10.);
#3143=VECTOR('',#10039,10.);
#3144=VECTOR('',#10040,10.);
#3145=VECTOR('',#10041,10.);
#3146=VECTOR('',#10042,10.);
#3147=VECTOR('',#10045,10.);
#3148=VECTOR('',#10046,10.);
#3149=VECTOR('',#10047,10.);
#3150=VECTOR('',#10048,10.);
#3151=VECTOR('',#10051,10.);
#3152=VECTOR('',#10052,10.);
#3153=VECTOR('',#10053,10.);
#3154=VECTOR('',#10056,10.);
#3155=VECTOR('',#10057,10.);
#3156=VECTOR('',#10058,10.);
#3157=VECTOR('',#10061,10.);
#3158=VECTOR('',#10064,10.);
#3159=VECTOR('',#10065,10.);
#3160=VECTOR('',#10066,10.);
#3161=VECTOR('',#10069,10.);
#3162=VECTOR('',#10070,10.);
#3163=VECTOR('',#10071,10.);
#3164=VECTOR('',#10072,10.);
#3165=VECTOR('',#10073,10.);
#3166=VECTOR('',#10076,10.);
#3167=VECTOR('',#10077,10.);
#3168=VECTOR('',#10078,10.);
#3169=VECTOR('',#10079,10.);
#3170=VECTOR('',#10082,10.);
#3171=VECTOR('',#10083,10.);
#3172=VECTOR('',#10084,10.);
#3173=VECTOR('',#10085,10.);
#3174=VECTOR('',#10088,10.);
#3175=VECTOR('',#10089,10.);
#3176=VECTOR('',#10090,10.);
#3177=VECTOR('',#10093,10.);
#3178=VECTOR('',#10094,10.);
#3179=VECTOR('',#10095,10.);
#3180=VECTOR('',#10098,10.);
#3181=VECTOR('',#10103,10.);
#3182=VECTOR('',#10104,10.);
#3183=VECTOR('',#10105,10.);
#3184=VECTOR('',#10106,10.);
#3185=VECTOR('',#10107,10.);
#3186=VECTOR('',#10108,10.);
#3187=VECTOR('',#10111,10.);
#3188=VECTOR('',#10112,10.);
#3189=VECTOR('',#10115,10.);
#3190=VECTOR('',#10116,10.);
#3191=VECTOR('',#10117,10.);
#3192=VECTOR('',#10118,10.);
#3193=VECTOR('',#10119,10.);
#3194=VECTOR('',#10122,10.);
#3195=VECTOR('',#10123,10.);
#3196=VECTOR('',#10126,10.);
#3197=VECTOR('',#10127,10.);
#3198=VECTOR('',#10128,10.);
#3199=VECTOR('',#10129,10.);
#3200=VECTOR('',#10130,10.);
#3201=VECTOR('',#10133,10.);
#3202=VECTOR('',#10134,10.);
#3203=VECTOR('',#10137,10.);
#3204=VECTOR('',#10138,10.);
#3205=VECTOR('',#10139,10.);
#3206=VECTOR('',#10140,10.);
#3207=VECTOR('',#10143,10.);
#3208=VECTOR('',#10148,10.);
#3209=VECTOR('',#10149,10.);
#3210=VECTOR('',#10150,10.);
#3211=VECTOR('',#10151,10.);
#3212=VECTOR('',#10154,10.);
#3213=VECTOR('',#10155,10.);
#3214=VECTOR('',#10156,10.);
#3215=VECTOR('',#10159,10.);
#3216=VECTOR('',#10160,10.);
#3217=VECTOR('',#10161,10.);
#3218=VECTOR('',#10162,10.);
#3219=VECTOR('',#10163,10.);
#3220=VECTOR('',#10166,10.);
#3221=VECTOR('',#10167,10.);
#3222=VECTOR('',#10170,10.);
#3223=VECTOR('',#10171,10.);
#3224=VECTOR('',#10172,10.);
#3225=VECTOR('',#10175,10.);
#3226=VECTOR('',#10176,10.);
#3227=VECTOR('',#10177,10.);
#3228=VECTOR('',#10178,10.);
#3229=VECTOR('',#10181,10.);
#3230=VECTOR('',#10182,10.);
#3231=VECTOR('',#10185,10.);
#3232=VECTOR('',#10186,10.);
#3233=VECTOR('',#10187,10.);
#3234=VECTOR('',#10188,10.);
#3235=VECTOR('',#10191,10.);
#3236=VECTOR('',#10192,10.);
#3237=VECTOR('',#10193,10.);
#3238=VECTOR('',#10194,10.);
#3239=VECTOR('',#10197,10.);
#3240=VECTOR('',#10198,10.);
#3241=VECTOR('',#10199,10.);
#3242=VECTOR('',#10200,10.);
#3243=VECTOR('',#10203,10.);
#3244=VECTOR('',#10204,10.);
#3245=VECTOR('',#10207,10.);
#3246=VECTOR('',#10208,10.);
#3247=VECTOR('',#10209,10.);
#3248=VECTOR('',#10210,10.);
#3249=VECTOR('',#10213,10.);
#3250=VECTOR('',#10214,10.);
#3251=VECTOR('',#10215,10.);
#3252=VECTOR('',#10218,10.);
#3253=VECTOR('',#10219,10.);
#3254=VECTOR('',#10220,10.);
#3255=VECTOR('',#10223,10.);
#3256=VECTOR('',#10224,10.);
#3257=VECTOR('',#10229,10.);
#3258=VECTOR('',#10230,10.);
#3259=VECTOR('',#10231,10.);
#3260=VECTOR('',#10232,10.);
#3261=VECTOR('',#10233,10.);
#3262=VECTOR('',#10234,10.);
#3263=VECTOR('',#10237,10.);
#3264=VECTOR('',#10238,10.);
#3265=VECTOR('',#10239,10.);
#3266=VECTOR('',#10240,10.);
#3267=VECTOR('',#10241,10.);
#3268=VECTOR('',#10242,10.);
#3269=VECTOR('',#10245,10.);
#3270=VECTOR('',#10246,10.);
#3271=VECTOR('',#10247,10.);
#3272=VECTOR('',#10250,10.);
#3273=VECTOR('',#10251,10.);
#3274=VECTOR('',#10254,10.);
#3275=VECTOR('',#10255,10.);
#3276=VECTOR('',#10256,10.);
#3277=VECTOR('',#10257,10.);
#3278=VECTOR('',#10260,10.);
#3279=VECTOR('',#10261,10.);
#3280=VECTOR('',#10262,10.);
#3281=VECTOR('',#10263,10.);
#3282=VECTOR('',#10264,10.);
#3283=VECTOR('',#10267,10.);
#3284=VECTOR('',#10268,10.);
#3285=VECTOR('',#10269,10.);
#3286=VECTOR('',#10272,10.);
#3287=VECTOR('',#10273,10.);
#3288=VECTOR('',#10274,10.);
#3289=VECTOR('',#10277,10.);
#3290=VECTOR('',#10278,10.);
#3291=VECTOR('',#10279,10.);
#3292=VECTOR('',#10282,10.);
#3293=VECTOR('',#10283,10.);
#3294=VECTOR('',#10284,10.);
#3295=VECTOR('',#10287,10.);
#3296=VECTOR('',#10292,10.);
#3297=VECTOR('',#10293,10.);
#3298=VECTOR('',#10294,10.);
#3299=VECTOR('',#10295,10.);
#3300=VECTOR('',#10296,10.);
#3301=VECTOR('',#10297,10.);
#3302=VECTOR('',#10300,10.);
#3303=VECTOR('',#10301,10.);
#3304=VECTOR('',#10302,10.);
#3305=VECTOR('',#10303,10.);
#3306=VECTOR('',#10306,10.);
#3307=VECTOR('',#10307,10.);
#3308=VECTOR('',#10308,10.);
#3309=VECTOR('',#10309,10.);
#3310=VECTOR('',#10310,10.);
#3311=VECTOR('',#10315,10.);
#3312=VECTOR('',#10316,10.);
#3313=VECTOR('',#10317,10.);
#3314=VECTOR('',#10318,10.);
#3315=VECTOR('',#10319,10.);
#3316=VECTOR('',#10320,10.);
#3317=VECTOR('',#10323,10.);
#3318=VECTOR('',#10324,10.);
#3319=VECTOR('',#10327,10.);
#3320=VECTOR('',#10328,10.);
#3321=VECTOR('',#10329,10.);
#3322=VECTOR('',#10330,10.);
#3323=VECTOR('',#10331,10.);
#3324=VECTOR('',#10334,10.);
#3325=VECTOR('',#10335,10.);
#3326=VECTOR('',#10336,10.);
#3327=VECTOR('',#10337,10.);
#3328=VECTOR('',#10338,10.);
#3329=VECTOR('',#10341,10.);
#3330=VECTOR('',#10342,10.);
#3331=VECTOR('',#10343,10.);
#3332=VECTOR('',#10346,10.);
#3333=VECTOR('',#10347,10.);
#3334=VECTOR('',#10368,4.);
#3335=VECTOR('',#10375,4.);
#3336=VECTOR('',#10382,4.);
#3337=VERTEX_POINT('',#10508);
#3338=VERTEX_POINT('',#10509);
#3339=VERTEX_POINT('',#10511);
#3340=VERTEX_POINT('',#10573);
#3341=VERTEX_POINT('',#10575);
#3342=VERTEX_POINT('',#10578);
#3343=VERTEX_POINT('',#10607);
#3344=VERTEX_POINT('',#10608);
#3345=VERTEX_POINT('',#10646);
#3346=VERTEX_POINT('',#10647);
#3347=VERTEX_POINT('',#10685);
#3348=VERTEX_POINT('',#10686);
#3349=VERTEX_POINT('',#10725);
#3350=VERTEX_POINT('',#10728);
#3351=VERTEX_POINT('',#10731);
#3352=VERTEX_POINT('',#10733);
#3353=VERTEX_POINT('',#10737);
#3354=VERTEX_POINT('',#10738);
#3355=VERTEX_POINT('',#10740);
#3356=VERTEX_POINT('',#10742);
#3357=VERTEX_POINT('',#10746);
#3358=VERTEX_POINT('',#10750);
#3359=VERTEX_POINT('',#10752);
#3360=VERTEX_POINT('',#10756);
#3361=VERTEX_POINT('',#10757);
#3362=VERTEX_POINT('',#10759);
#3363=VERTEX_POINT('',#10761);
#3364=VERTEX_POINT('',#10765);
#3365=VERTEX_POINT('',#10880);
#3366=VERTEX_POINT('',#10882);
#3367=VERTEX_POINT('',#10916);
#3368=VERTEX_POINT('',#10918);
#3369=VERTEX_POINT('',#10922);
#3370=VERTEX_POINT('',#10923);
#3371=VERTEX_POINT('',#10935);
#3372=VERTEX_POINT('',#10942);
#3373=VERTEX_POINT('',#10953);
#3374=VERTEX_POINT('',#10975);
#3375=VERTEX_POINT('',#10977);
#3376=VERTEX_POINT('',#10979);
#3377=VERTEX_POINT('',#10981);
#3378=VERTEX_POINT('',#10983);
#3379=VERTEX_POINT('',#10985);
#3380=VERTEX_POINT('',#10987);
#3381=VERTEX_POINT('',#10990);
#3382=VERTEX_POINT('',#10991);
#3383=VERTEX_POINT('',#11002);
#3384=VERTEX_POINT('',#11009);
#3385=VERTEX_POINT('',#11019);
#3386=VERTEX_POINT('',#11021);
#3387=VERTEX_POINT('',#11023);
#3388=VERTEX_POINT('',#11025);
#3389=VERTEX_POINT('',#11027);
#3390=VERTEX_POINT('',#11029);
#3391=VERTEX_POINT('',#11111);
#3392=VERTEX_POINT('',#11113);
#3393=VERTEX_POINT('',#11139);
#3394=VERTEX_POINT('',#11140);
#3395=VERTEX_POINT('',#11179);
#3396=VERTEX_POINT('',#11183);
#3397=VERTEX_POINT('',#11187);
#3398=VERTEX_POINT('',#11191);
#3399=VERTEX_POINT('',#11195);
#3400=VERTEX_POINT('',#11199);
#3401=VERTEX_POINT('',#11203);
#3402=VERTEX_POINT('',#11207);
#3403=VERTEX_POINT('',#11211);
#3404=VERTEX_POINT('',#11215);
#3405=VERTEX_POINT('',#11219);
#3406=VERTEX_POINT('',#11223);
#3407=VERTEX_POINT('',#11239);
#3408=VERTEX_POINT('',#11243);
#3409=VERTEX_POINT('',#11246);
#3410=VERTEX_POINT('',#11250);
#3411=VERTEX_POINT('',#11254);
#3412=VERTEX_POINT('',#11258);
#3413=VERTEX_POINT('',#11261);
#3414=VERTEX_POINT('',#11265);
#3415=VERTEX_POINT('',#11266);
#3416=VERTEX_POINT('',#11271);
#3417=VERTEX_POINT('',#11275);
#3418=VERTEX_POINT('',#11279);
#3419=VERTEX_POINT('',#11284);
#3420=VERTEX_POINT('',#11289);
#3421=VERTEX_POINT('',#11291);
#3422=VERTEX_POINT('',#11293);
#3423=VERTEX_POINT('',#11297);
#3424=VERTEX_POINT('',#11301);
#3425=VERTEX_POINT('',#11306);
#3426=VERTEX_POINT('',#11308);
#3427=VERTEX_POINT('',#11313);
#3428=VERTEX_POINT('',#11314);
#3429=VERTEX_POINT('',#11318);
#3430=VERTEX_POINT('',#11323);
#3431=VERTEX_POINT('',#11328);
#3432=VERTEX_POINT('',#11336);
#3433=VERTEX_POINT('',#11337);
#3434=VERTEX_POINT('',#11342);
#3435=VERTEX_POINT('',#11347);
#3436=VERTEX_POINT('',#11349);
#3437=VERTEX_POINT('',#11353);
#3438=VERTEX_POINT('',#11357);
#3439=VERTEX_POINT('',#11362);
#3440=VERTEX_POINT('',#11364);
#3441=VERTEX_POINT('',#11368);
#3442=VERTEX_POINT('',#11376);
#3443=VERTEX_POINT('',#11377);
#3444=VERTEX_POINT('',#11379);
#3445=VERTEX_POINT('',#11384);
#3446=VERTEX_POINT('',#11386);
#3447=VERTEX_POINT('',#11391);
#3448=VERTEX_POINT('',#11393);
#3449=VERTEX_POINT('',#11398);
#3450=VERTEX_POINT('',#11404);
#3451=VERTEX_POINT('',#11405);
#3452=VERTEX_POINT('',#11407);
#3453=VERTEX_POINT('',#11409);
#3454=VERTEX_POINT('',#11414);
#3455=VERTEX_POINT('',#11416);
#3456=VERTEX_POINT('',#11420);
#3457=VERTEX_POINT('',#11424);
#3458=VERTEX_POINT('',#11429);
#3459=VERTEX_POINT('',#11431);
#3460=VERTEX_POINT('',#11436);
#3461=VERTEX_POINT('',#11438);
#3462=VERTEX_POINT('',#11440);
#3463=VERTEX_POINT('',#11444);
#3464=VERTEX_POINT('',#11448);
#3465=VERTEX_POINT('',#11453);
#3466=VERTEX_POINT('',#11455);
#3467=VERTEX_POINT('',#11459);
#3468=VERTEX_POINT('',#11467);
#3469=VERTEX_POINT('',#11468);
#3470=VERTEX_POINT('',#11470);
#3471=VERTEX_POINT('',#11472);
#3472=VERTEX_POINT('',#11476);
#3473=VERTEX_POINT('',#11480);
#3474=VERTEX_POINT('',#11484);
#3475=VERTEX_POINT('',#11486);
#3476=VERTEX_POINT('',#11491);
#3477=VERTEX_POINT('',#11496);
#3478=VERTEX_POINT('',#11498);
#3479=VERTEX_POINT('',#11503);
#3480=VERTEX_POINT('',#11505);
#3481=VERTEX_POINT('',#11510);
#3482=VERTEX_POINT('',#11512);
#3483=VERTEX_POINT('',#11517);
#3484=VERTEX_POINT('',#11522);
#3485=VERTEX_POINT('',#11523);
#3486=VERTEX_POINT('',#11528);
#3487=VERTEX_POINT('',#11530);
#3488=VERTEX_POINT('',#11534);
#3489=VERTEX_POINT('',#11538);
#3490=VERTEX_POINT('',#11543);
#3491=VERTEX_POINT('',#11549);
#3492=VERTEX_POINT('',#11550);
#3493=VERTEX_POINT('',#11552);
#3494=VERTEX_POINT('',#11556);
#3495=VERTEX_POINT('',#11560);
#3496=VERTEX_POINT('',#11565);
#3497=VERTEX_POINT('',#11567);
#3498=VERTEX_POINT('',#11572);
#3499=VERTEX_POINT('',#11574);
#3500=VERTEX_POINT('',#11576);
#3501=VERTEX_POINT('',#11580);
#3502=VERTEX_POINT('',#11584);
#3503=VERTEX_POINT('',#11589);
#3504=VERTEX_POINT('',#11591);
#3505=VERTEX_POINT('',#11595);
#3506=VERTEX_POINT('',#11601);
#3507=VERTEX_POINT('',#11602);
#3508=VERTEX_POINT('',#11604);
#3509=VERTEX_POINT('',#11606);
#3510=VERTEX_POINT('',#11611);
#3511=VERTEX_POINT('',#11616);
#3512=VERTEX_POINT('',#11618);
#3513=VERTEX_POINT('',#11620);
#3514=VERTEX_POINT('',#11624);
#3515=VERTEX_POINT('',#11628);
#3516=VERTEX_POINT('',#11633);
#3517=VERTEX_POINT('',#11635);
#3518=VERTEX_POINT('',#11637);
#3519=VERTEX_POINT('',#11641);
#3520=VERTEX_POINT('',#11643);
#3521=VERTEX_POINT('',#11645);
#3522=VERTEX_POINT('',#11647);
#3523=VERTEX_POINT('',#11651);
#3524=VERTEX_POINT('',#11653);
#3525=VERTEX_POINT('',#11657);
#3526=VERTEX_POINT('',#11661);
#3527=VERTEX_POINT('',#11665);
#3528=VERTEX_POINT('',#11667);
#3529=VERTEX_POINT('',#11669);
#3530=VERTEX_POINT('',#11671);
#3531=VERTEX_POINT('',#11673);
#3532=VERTEX_POINT('',#11677);
#3533=VERTEX_POINT('',#11685);
#3534=VERTEX_POINT('',#11686);
#3535=VERTEX_POINT('',#11688);
#3536=VERTEX_POINT('',#11693);
#3537=VERTEX_POINT('',#11695);
#3538=VERTEX_POINT('',#11700);
#3539=VERTEX_POINT('',#11702);
#3540=VERTEX_POINT('',#11707);
#3541=VERTEX_POINT('',#11713);
#3542=VERTEX_POINT('',#11714);
#3543=VERTEX_POINT('',#11716);
#3544=VERTEX_POINT('',#11720);
#3545=VERTEX_POINT('',#11724);
#3546=VERTEX_POINT('',#11729);
#3547=VERTEX_POINT('',#11731);
#3548=VERTEX_POINT('',#11733);
#3549=VERTEX_POINT('',#11737);
#3550=VERTEX_POINT('',#11741);
#3551=VERTEX_POINT('',#11745);
#3552=VERTEX_POINT('',#11749);
#3553=VERTEX_POINT('',#11751);
#3554=VERTEX_POINT('',#11756);
#3555=VERTEX_POINT('',#11763);
#3556=VERTEX_POINT('',#11764);
#3557=VERTEX_POINT('',#11766);
#3558=VERTEX_POINT('',#11768);
#3559=VERTEX_POINT('',#11772);
#3560=VERTEX_POINT('',#11776);
#3561=VERTEX_POINT('',#11781);
#3562=VERTEX_POINT('',#11783);
#3563=VERTEX_POINT('',#11785);
#3564=VERTEX_POINT('',#11789);
#3565=VERTEX_POINT('',#11793);
#3566=VERTEX_POINT('',#11798);
#3567=VERTEX_POINT('',#11800);
#3568=VERTEX_POINT('',#11804);
#3569=VERTEX_POINT('',#11806);
#3570=VERTEX_POINT('',#11811);
#3571=VERTEX_POINT('',#11817);
#3572=VERTEX_POINT('',#11818);
#3573=VERTEX_POINT('',#11823);
#3574=VERTEX_POINT('',#11827);
#3575=VERTEX_POINT('',#11831);
#3576=VERTEX_POINT('',#11836);
#3577=VERTEX_POINT('',#11840);
#3578=VERTEX_POINT('',#11844);
#3579=VERTEX_POINT('',#11848);
#3580=VERTEX_POINT('',#11852);
#3581=VERTEX_POINT('',#11854);
#3582=VERTEX_POINT('',#11858);
#3583=VERTEX_POINT('',#11862);
#3584=VERTEX_POINT('',#11864);
#3585=VERTEX_POINT('',#11869);
#3586=VERTEX_POINT('',#11874);
#3587=VERTEX_POINT('',#11878);
#3588=VERTEX_POINT('',#11882);
#3589=VERTEX_POINT('',#11886);
#3590=VERTEX_POINT('',#11891);
#3591=VERTEX_POINT('',#11895);
#3592=VERTEX_POINT('',#11900);
#3593=VERTEX_POINT('',#11904);
#3594=VERTEX_POINT('',#11909);
#3595=VERTEX_POINT('',#11913);
#3596=VERTEX_POINT('',#11917);
#3597=VERTEX_POINT('',#11922);
#3598=VERTEX_POINT('',#11926);
#3599=VERTEX_POINT('',#11930);
#3600=VERTEX_POINT('',#11932);
#3601=VERTEX_POINT('',#11937);
#3602=VERTEX_POINT('',#11945);
#3603=VERTEX_POINT('',#11946);
#3604=VERTEX_POINT('',#11948);
#3605=VERTEX_POINT('',#11953);
#3606=VERTEX_POINT('',#11955);
#3607=VERTEX_POINT('',#11960);
#3608=VERTEX_POINT('',#11962);
#3609=VERTEX_POINT('',#11966);
#3610=VERTEX_POINT('',#11970);
#3611=VERTEX_POINT('',#11975);
#3612=VERTEX_POINT('',#11977);
#3613=VERTEX_POINT('',#11981);
#3614=VERTEX_POINT('',#11985);
#3615=VERTEX_POINT('',#11989);
#3616=VERTEX_POINT('',#11991);
#3617=VERTEX_POINT('',#11996);
#3618=VERTEX_POINT('',#11998);
#3619=VERTEX_POINT('',#12002);
#3620=VERTEX_POINT('',#12010);
#3621=VERTEX_POINT('',#12011);
#3622=VERTEX_POINT('',#12015);
#3623=VERTEX_POINT('',#12017);
#3624=VERTEX_POINT('',#12019);
#3625=VERTEX_POINT('',#12024);
#3626=VERTEX_POINT('',#12029);
#3627=VERTEX_POINT('',#12031);
#3628=VERTEX_POINT('',#12035);
#3629=VERTEX_POINT('',#12039);
#3630=VERTEX_POINT('',#12041);
#3631=VERTEX_POINT('',#12045);
#3632=VERTEX_POINT('',#12049);
#3633=VERTEX_POINT('',#12054);
#3634=VERTEX_POINT('',#12058);
#3635=VERTEX_POINT('',#12062);
#3636=VERTEX_POINT('',#12066);
#3637=VERTEX_POINT('',#12068);
#3638=VERTEX_POINT('',#12073);
#3639=VERTEX_POINT('',#12077);
#3640=VERTEX_POINT('',#12081);
#3641=VERTEX_POINT('',#12090);
#3642=VERTEX_POINT('',#12091);
#3643=VERTEX_POINT('',#12096);
#3644=VERTEX_POINT('',#12098);
#3645=VERTEX_POINT('',#12103);
#3646=VERTEX_POINT('',#12105);
#3647=VERTEX_POINT('',#12110);
#3648=VERTEX_POINT('',#12112);
#3649=VERTEX_POINT('',#12117);
#3650=VERTEX_POINT('',#12122);
#3651=VERTEX_POINT('',#12124);
#3652=VERTEX_POINT('',#12128);
#3653=VERTEX_POINT('',#12133);
#3654=VERTEX_POINT('',#12135);
#3655=VERTEX_POINT('',#12139);
#3656=VERTEX_POINT('',#12143);
#3657=VERTEX_POINT('',#12147);
#3658=VERTEX_POINT('',#12153);
#3659=VERTEX_POINT('',#12154);
#3660=VERTEX_POINT('',#12159);
#3661=VERTEX_POINT('',#12161);
#3662=VERTEX_POINT('',#12166);
#3663=VERTEX_POINT('',#12168);
#3664=VERTEX_POINT('',#12173);
#3665=VERTEX_POINT('',#12175);
#3666=VERTEX_POINT('',#12180);
#3667=VERTEX_POINT('',#12185);
#3668=VERTEX_POINT('',#12187);
#3669=VERTEX_POINT('',#12191);
#3670=VERTEX_POINT('',#12196);
#3671=VERTEX_POINT('',#12198);
#3672=VERTEX_POINT('',#12202);
#3673=VERTEX_POINT('',#12206);
#3674=VERTEX_POINT('',#12210);
#3675=VERTEX_POINT('',#12216);
#3676=VERTEX_POINT('',#12217);
#3677=VERTEX_POINT('',#12219);
#3678=VERTEX_POINT('',#12221);
#3679=VERTEX_POINT('',#12226);
#3680=VERTEX_POINT('',#12231);
#3681=VERTEX_POINT('',#12233);
#3682=VERTEX_POINT('',#12235);
#3683=VERTEX_POINT('',#12239);
#3684=VERTEX_POINT('',#12243);
#3685=VERTEX_POINT('',#12248);
#3686=VERTEX_POINT('',#12250);
#3687=VERTEX_POINT('',#12252);
#3688=VERTEX_POINT('',#12256);
#3689=VERTEX_POINT('',#12260);
#3690=VERTEX_POINT('',#12265);
#3691=VERTEX_POINT('',#12267);
#3692=VERTEX_POINT('',#12269);
#3693=VERTEX_POINT('',#12273);
#3694=VERTEX_POINT('',#12281);
#3695=VERTEX_POINT('',#12282);
#3696=VERTEX_POINT('',#12284);
#3697=VERTEX_POINT('',#12288);
#3698=VERTEX_POINT('',#12292);
#3699=VERTEX_POINT('',#12297);
#3700=VERTEX_POINT('',#12299);
#3701=VERTEX_POINT('',#12304);
#3702=VERTEX_POINT('',#12306);
#3703=VERTEX_POINT('',#12308);
#3704=VERTEX_POINT('',#12312);
#3705=VERTEX_POINT('',#12316);
#3706=VERTEX_POINT('',#12321);
#3707=VERTEX_POINT('',#12323);
#3708=VERTEX_POINT('',#12327);
#3709=VERTEX_POINT('',#12333);
#3710=VERTEX_POINT('',#12334);
#3711=VERTEX_POINT('',#12336);
#3712=VERTEX_POINT('',#12341);
#3713=VERTEX_POINT('',#12343);
#3714=VERTEX_POINT('',#12348);
#3715=VERTEX_POINT('',#12350);
#3716=VERTEX_POINT('',#12355);
#3717=VERTEX_POINT('',#12361);
#3718=VERTEX_POINT('',#12362);
#3719=VERTEX_POINT('',#12364);
#3720=VERTEX_POINT('',#12366);
#3721=VERTEX_POINT('',#12371);
#3722=VERTEX_POINT('',#12373);
#3723=VERTEX_POINT('',#12378);
#3724=VERTEX_POINT('',#12380);
#3725=VERTEX_POINT('',#12384);
#3726=VERTEX_POINT('',#12386);
#3727=VERTEX_POINT('',#12391);
#3728=VERTEX_POINT('',#12393);
#3729=VERTEX_POINT('',#12397);
#3730=VERTEX_POINT('',#12401);
#3731=VERTEX_POINT('',#12406);
#3732=VERTEX_POINT('',#12412);
#3733=VERTEX_POINT('',#12413);
#3734=VERTEX_POINT('',#12415);
#3735=VERTEX_POINT('',#12419);
#3736=VERTEX_POINT('',#12423);
#3737=VERTEX_POINT('',#12428);
#3738=VERTEX_POINT('',#12430);
#3739=VERTEX_POINT('',#12434);
#3740=VERTEX_POINT('',#12442);
#3741=VERTEX_POINT('',#12443);
#3742=VERTEX_POINT('',#12447);
#3743=VERTEX_POINT('',#12452);
#3744=VERTEX_POINT('',#12457);
#3745=VERTEX_POINT('',#12465);
#3746=VERTEX_POINT('',#12466);
#3747=VERTEX_POINT('',#12468);
#3748=VERTEX_POINT('',#12472);
#3749=VERTEX_POINT('',#12474);
#3750=VERTEX_POINT('',#12479);
#3751=VERTEX_POINT('',#12481);
#3752=VERTEX_POINT('',#12485);
#3753=VERTEX_POINT('',#12489);
#3754=VERTEX_POINT('',#12494);
#3755=VERTEX_POINT('',#12496);
#3756=VERTEX_POINT('',#12500);
#3757=VERTEX_POINT('',#12504);
#3758=VERTEX_POINT('',#12508);
#3759=VERTEX_POINT('',#12510);
#3760=VERTEX_POINT('',#12512);
#3761=VERTEX_POINT('',#12516);
#3762=VERTEX_POINT('',#12524);
#3763=VERTEX_POINT('',#12536);
#3764=VERTEX_POINT('',#12538);
#3765=VERTEX_POINT('',#12545);
#3766=VERTEX_POINT('',#12554);
#3767=VERTEX_POINT('',#12560);
#3768=VERTEX_POINT('',#12571);
#3769=VERTEX_POINT('',#12583);
#3770=VERTEX_POINT('',#12594);
#3771=VERTEX_POINT('',#12600);
#3772=VERTEX_POINT('',#12604);
#3773=VERTEX_POINT('',#12615);
#3774=VERTEX_POINT('',#12629);
#3775=VERTEX_POINT('',#12641);
#3776=VERTEX_POINT('',#12662);
#3777=VERTEX_POINT('',#12664);
#3778=VERTEX_POINT('',#12675);
#3779=VERTEX_POINT('',#12688);
#3780=VERTEX_POINT('',#12702);
#3781=VERTEX_POINT('',#12729);
#3782=VERTEX_POINT('',#12731);
#3783=VERTEX_POINT('',#12745);
#3784=VERTEX_POINT('',#12757);
#3785=VERTEX_POINT('',#12768);
#3786=VERTEX_POINT('',#12774);
#3787=VERTEX_POINT('',#12785);
#3788=VERTEX_POINT('',#12797);
#3789=VERTEX_POINT('',#12808);
#3790=VERTEX_POINT('',#12814);
#3791=VERTEX_POINT('',#12838);
#3792=VERTEX_POINT('',#12839);
#3793=VERTEX_POINT('',#12844);
#3794=VERTEX_POINT('',#12846);
#3795=VERTEX_POINT('',#12853);
#3796=VERTEX_POINT('',#12855);
#3797=VERTEX_POINT('',#12866);
#3798=VERTEX_POINT('',#12871);
#3799=VERTEX_POINT('',#12878);
#3800=VERTEX_POINT('',#12880);
#3801=VERTEX_POINT('',#12891);
#3802=VERTEX_POINT('',#12896);
#3803=VERTEX_POINT('',#12903);
#3804=VERTEX_POINT('',#12905);
#3805=VERTEX_POINT('',#12916);
#3806=VERTEX_POINT('',#12921);
#3807=VERTEX_POINT('',#12931);
#3808=VERTEX_POINT('',#12933);
#3809=VERTEX_POINT('',#12944);
#3810=VERTEX_POINT('',#12951);
#3811=VERTEX_POINT('',#12962);
#3812=VERTEX_POINT('',#12969);
#3813=VERTEX_POINT('',#12980);
#3814=VERTEX_POINT('',#12987);
#3815=VERTEX_POINT('',#13004);
#3816=VERTEX_POINT('',#13006);
#3817=VERTEX_POINT('',#13017);
#3818=VERTEX_POINT('',#13029);
#3819=VERTEX_POINT('',#13040);
#3820=VERTEX_POINT('',#13046);
#3821=VERTEX_POINT('',#13057);
#3822=VERTEX_POINT('',#13069);
#3823=VERTEX_POINT('',#13080);
#3824=VERTEX_POINT('',#13086);
#3825=VERTEX_POINT('',#13090);
#3826=VERTEX_POINT('',#13101);
#3827=VERTEX_POINT('',#13108);
#3828=VERTEX_POINT('',#13119);
#3829=VERTEX_POINT('',#13131);
#3830=VERTEX_POINT('',#13142);
#3831=VERTEX_POINT('',#13148);
#3832=VERTEX_POINT('',#13159);
#3833=VERTEX_POINT('',#13169);
#3834=VERTEX_POINT('',#13170);
#3835=VERTEX_POINT('',#13172);
#3836=VERTEX_POINT('',#13174);
#3837=VERTEX_POINT('',#13185);
#3838=VERTEX_POINT('',#13190);
#3839=VERTEX_POINT('',#13197);
#3840=VERTEX_POINT('',#13199);
#3841=VERTEX_POINT('',#13208);
#3842=VERTEX_POINT('',#13212);
#3843=VERTEX_POINT('',#13225);
#3844=VERTEX_POINT('',#13230);
#3845=VERTEX_POINT('',#13237);
#3846=VERTEX_POINT('',#13239);
#3847=VERTEX_POINT('',#13246);
#3848=VERTEX_POINT('',#13248);
#3849=VERTEX_POINT('',#13257);
#3850=VERTEX_POINT('',#13263);
#3851=VERTEX_POINT('',#13274);
#3852=VERTEX_POINT('',#13281);
#3853=VERTEX_POINT('',#13292);
#3854=VERTEX_POINT('',#13299);
#3855=VERTEX_POINT('',#13310);
#3856=VERTEX_POINT('',#13317);
#3857=VERTEX_POINT('',#13328);
#3858=VERTEX_POINT('',#13342);
#3859=VERTEX_POINT('',#13349);
#3860=VERTEX_POINT('',#13358);
#3861=VERTEX_POINT('',#13369);
#3862=VERTEX_POINT('',#13380);
#3863=VERTEX_POINT('',#13396);
#3864=VERTEX_POINT('',#13398);
#3865=VERTEX_POINT('',#13412);
#3866=VERTEX_POINT('',#13419);
#3867=VERTEX_POINT('',#13430);
#3868=VERTEX_POINT('',#13442);
#3869=VERTEX_POINT('',#13453);
#3870=VERTEX_POINT('',#13462);
#3871=VERTEX_POINT('',#13464);
#3872=VERTEX_POINT('',#13475);
#3873=VERTEX_POINT('',#13482);
#3874=VERTEX_POINT('',#13491);
#3875=VERTEX_POINT('',#13497);
#3876=VERTEX_POINT('',#13508);
#3877=VERTEX_POINT('',#13520);
#3878=VERTEX_POINT('',#13531);
#3879=VERTEX_POINT('',#13537);
#3880=VERTEX_POINT('',#13541);
#3881=VERTEX_POINT('',#13552);
#3882=VERTEX_POINT('',#13559);
#3883=VERTEX_POINT('',#13570);
#3884=VERTEX_POINT('',#13582);
#3885=VERTEX_POINT('',#13598);
#3886=VERTEX_POINT('',#13600);
#3887=VERTEX_POINT('',#13611);
#3888=VERTEX_POINT('',#13623);
#3889=VERTEX_POINT('',#13634);
#3890=VERTEX_POINT('',#13640);
#3891=VERTEX_POINT('',#13644);
#3892=VERTEX_POINT('',#13648);
#3893=VERTEX_POINT('',#13652);
#3894=VERTEX_POINT('',#13661);
#3895=VERTEX_POINT('',#13672);
#3896=VERTEX_POINT('',#13683);
#3897=VERTEX_POINT('',#13689);
#3898=VERTEX_POINT('',#13698);
#3899=VERTEX_POINT('',#13704);
#3900=VERTEX_POINT('',#13708);
#3901=VERTEX_POINT('',#13712);
#3902=VERTEX_POINT('',#13721);
#3903=VERTEX_POINT('',#13727);
#3904=VERTEX_POINT('',#13731);
#3905=VERTEX_POINT('',#13742);
#3906=VERTEX_POINT('',#13754);
#3907=VERTEX_POINT('',#13765);
#3908=VERTEX_POINT('',#13771);
#3909=VERTEX_POINT('',#13775);
#3910=VERTEX_POINT('',#13786);
#3911=VERTEX_POINT('',#13800);
#3912=VERTEX_POINT('',#13817);
#3913=VERTEX_POINT('',#13818);
#3914=VERTEX_POINT('',#13823);
#3915=VERTEX_POINT('',#13825);
#3916=VERTEX_POINT('',#13832);
#3917=VERTEX_POINT('',#13834);
#3918=VERTEX_POINT('',#13845);
#3919=VERTEX_POINT('',#13850);
#3920=VERTEX_POINT('',#13857);
#3921=VERTEX_POINT('',#13859);
#3922=VERTEX_POINT('',#13870);
#3923=VERTEX_POINT('',#13875);
#3924=VERTEX_POINT('',#13882);
#3925=VERTEX_POINT('',#13884);
#3926=VERTEX_POINT('',#13895);
#3927=VERTEX_POINT('',#13900);
#3928=VERTEX_POINT('',#13910);
#3929=VERTEX_POINT('',#13912);
#3930=VERTEX_POINT('',#13923);
#3931=VERTEX_POINT('',#13930);
#3932=VERTEX_POINT('',#13941);
#3933=VERTEX_POINT('',#13948);
#3934=VERTEX_POINT('',#13959);
#3935=VERTEX_POINT('',#13966);
#3936=VERTEX_POINT('',#13983);
#3937=VERTEX_POINT('',#13985);
#3938=VERTEX_POINT('',#13994);
#3939=VERTEX_POINT('',#14005);
#3940=VERTEX_POINT('',#14018);
#3941=VERTEX_POINT('',#14025);
#3942=VERTEX_POINT('',#14034);
#3943=VERTEX_POINT('',#14045);
#3944=VERTEX_POINT('',#14056);
#3945=VERTEX_POINT('',#14067);
#3946=VERTEX_POINT('',#14073);
#3947=VERTEX_POINT('',#14077);
#3948=VERTEX_POINT('',#14088);
#3949=VERTEX_POINT('',#14100);
#3950=VERTEX_POINT('',#14116);
#3951=VERTEX_POINT('',#14118);
#3952=VERTEX_POINT('',#14122);
#3953=VERTEX_POINT('',#14133);
#3954=VERTEX_POINT('',#14147);
#3955=VERTEX_POINT('',#14154);
#3956=VERTEX_POINT('',#14163);
#3957=VERTEX_POINT('',#14169);
#3958=VERTEX_POINT('',#14180);
#3959=VERTEX_POINT('',#14192);
#3960=VERTEX_POINT('',#14203);
#3961=VERTEX_POINT('',#14209);
#3962=VERTEX_POINT('',#14213);
#3963=VERTEX_POINT('',#14224);
#3964=VERTEX_POINT('',#14236);
#3965=VERTEX_POINT('',#14247);
#3966=VERTEX_POINT('',#14263);
#3967=VERTEX_POINT('',#14265);
#3968=VERTEX_POINT('',#14277);
#3969=VERTEX_POINT('',#14290);
#3970=VERTEX_POINT('',#14304);
#3971=VERTEX_POINT('',#14311);
#3972=VERTEX_POINT('',#14320);
#3973=VERTEX_POINT('',#14331);
#3974=VERTEX_POINT('',#14344);
#3975=VERTEX_POINT('',#14356);
#3976=VERTEX_POINT('',#14367);
#3977=VERTEX_POINT('',#14380);
#3978=VERTEX_POINT('',#14392);
#3979=VERTEX_POINT('',#14405);
#3980=VERTEX_POINT('',#14417);
#3981=VERTEX_POINT('',#14430);
#3982=VERTEX_POINT('',#14442);
#3983=VERTEX_POINT('',#14453);
#3984=VERTEX_POINT('',#14464);
#3985=VERTEX_POINT('',#14477);
#3986=VERTEX_POINT('',#14491);
#3987=VERTEX_POINT('',#14498);
#3988=VERTEX_POINT('',#14507);
#3989=VERTEX_POINT('',#14518);
#3990=VERTEX_POINT('',#14524);
#3991=VERTEX_POINT('',#14533);
#3992=VERTEX_POINT('',#14544);
#3993=VERTEX_POINT('',#14555);
#3994=VERTEX_POINT('',#14566);
#3995=VERTEX_POINT('',#14579);
#3996=VERTEX_POINT('',#14591);
#3997=VERTEX_POINT('',#14607);
#3998=VERTEX_POINT('',#14609);
#3999=VERTEX_POINT('',#14620);
#4000=VERTEX_POINT('',#14632);
#4001=VERTEX_POINT('',#14643);
#4002=VERTEX_POINT('',#14649);
#4003=VERTEX_POINT('',#14660);
#4004=VERTEX_POINT('',#14667);
#4005=VERTEX_POINT('',#14676);
#4006=VERTEX_POINT('',#14687);
#4007=VERTEX_POINT('',#14698);
#4008=VERTEX_POINT('',#14704);
#4009=VERTEX_POINT('',#14715);
#4010=VERTEX_POINT('',#14727);
#4011=VERTEX_POINT('',#14738);
#4012=VERTEX_POINT('',#14744);
#4013=VERTEX_POINT('',#14755);
#4014=VERTEX_POINT('',#14762);
#4015=VERTEX_POINT('',#14784);
#4016=VERTEX_POINT('',#14786);
#4017=VERTEX_POINT('',#14799);
#4018=VERTEX_POINT('',#14813);
#4019=VERTEX_POINT('',#14825);
#4020=VERTEX_POINT('',#14836);
#4021=VERTEX_POINT('',#14849);
#4022=VERTEX_POINT('',#14856);
#4023=VERTEX_POINT('',#14865);
#4024=VERTEX_POINT('',#14876);
#4025=VERTEX_POINT('',#14887);
#4026=VERTEX_POINT('',#14900);
#4027=VERTEX_POINT('',#14912);
#4028=VERTEX_POINT('',#14923);
#4029=VERTEX_POINT('',#14929);
#4030=VERTEX_POINT('',#14938);
#4031=VERTEX_POINT('',#14949);
#4032=VERTEX_POINT('',#14955);
#4033=VERTEX_POINT('',#14966);
#4034=VERTEX_POINT('',#14980);
#4035=VERTEX_POINT('',#14987);
#4036=VERTEX_POINT('',#15001);
#4037=VERTEX_POINT('',#15003);
#4038=VERTEX_POINT('',#15017);
#4039=VERTEX_POINT('',#15024);
#4040=VERTEX_POINT('',#15033);
#4041=VERTEX_POINT('',#15044);
#4042=VERTEX_POINT('',#15055);
#4043=VERTEX_POINT('',#15061);
#4044=VERTEX_POINT('',#15072);
#4045=VERTEX_POINT('',#15084);
#4046=VERTEX_POINT('',#15090);
#4047=VERTEX_POINT('',#15101);
#4048=VERTEX_POINT('',#15115);
#4049=VERTEX_POINT('',#15122);
#4050=VERTEX_POINT('',#15133);
#4051=VERTEX_POINT('',#15140);
#4052=VERTEX_POINT('',#15151);
#4053=VERTEX_POINT('',#15168);
#4054=VERTEX_POINT('',#15170);
#4055=VERTEX_POINT('',#15184);
#4056=VERTEX_POINT('',#15191);
#4057=VERTEX_POINT('',#15200);
#4058=VERTEX_POINT('',#15211);
#4059=VERTEX_POINT('',#15222);
#4060=VERTEX_POINT('',#15228);
#4061=VERTEX_POINT('',#15239);
#4062=VERTEX_POINT('',#15251);
#4063=VERTEX_POINT('',#15257);
#4064=VERTEX_POINT('',#15268);
#4065=VERTEX_POINT('',#15282);
#4066=VERTEX_POINT('',#15289);
#4067=VERTEX_POINT('',#15300);
#4068=VERTEX_POINT('',#15307);
#4069=VERTEX_POINT('',#15318);
#4070=VERTEX_POINT('',#15328);
#4071=VERTEX_POINT('',#15330);
#4072=VERTEX_POINT('',#15341);
#4073=VERTEX_POINT('',#15353);
#4074=VERTEX_POINT('',#15364);
#4075=VERTEX_POINT('',#15370);
#4076=VERTEX_POINT('',#15374);
#4077=VERTEX_POINT('',#15385);
#4078=VERTEX_POINT('',#15397);
#4079=VERTEX_POINT('',#15408);
#4080=VERTEX_POINT('',#15414);
#4081=VERTEX_POINT('',#15418);
#4082=VERTEX_POINT('',#15429);
#4083=VERTEX_POINT('',#15441);
#4084=VERTEX_POINT('',#15452);
#4085=VERTEX_POINT('',#15458);
#4086=VERTEX_POINT('',#15462);
#4087=VERTEX_POINT('',#15473);
#4088=VERTEX_POINT('',#15487);
#4089=VERTEX_POINT('',#15497);
#4090=VERTEX_POINT('',#15499);
#4091=VERTEX_POINT('',#15510);
#4092=VERTEX_POINT('',#15517);
#4093=VERTEX_POINT('',#15526);
#4094=VERTEX_POINT('',#15532);
#4095=VERTEX_POINT('',#15543);
#4096=VERTEX_POINT('',#15555);
#4097=VERTEX_POINT('',#15566);
#4098=VERTEX_POINT('',#15572);
#4099=VERTEX_POINT('',#15576);
#4100=VERTEX_POINT('',#15587);
#4101=VERTEX_POINT('',#15594);
#4102=VERTEX_POINT('',#15605);
#4103=VERTEX_POINT('',#15617);
#4104=VERTEX_POINT('',#15640);
#4105=VERTEX_POINT('',#15641);
#4106=VERTEX_POINT('',#15646);
#4107=VERTEX_POINT('',#15648);
#4108=VERTEX_POINT('',#15655);
#4109=VERTEX_POINT('',#15657);
#4110=VERTEX_POINT('',#15668);
#4111=VERTEX_POINT('',#15673);
#4112=VERTEX_POINT('',#15680);
#4113=VERTEX_POINT('',#15682);
#4114=VERTEX_POINT('',#15693);
#4115=VERTEX_POINT('',#15698);
#4116=VERTEX_POINT('',#15705);
#4117=VERTEX_POINT('',#15707);
#4118=VERTEX_POINT('',#15718);
#4119=VERTEX_POINT('',#15723);
#4120=VERTEX_POINT('',#15733);
#4121=VERTEX_POINT('',#15735);
#4122=VERTEX_POINT('',#15746);
#4123=VERTEX_POINT('',#15753);
#4124=VERTEX_POINT('',#15764);
#4125=VERTEX_POINT('',#15771);
#4126=VERTEX_POINT('',#15782);
#4127=VERTEX_POINT('',#15789);
#4128=VERTEX_POINT('',#15806);
#4129=VERTEX_POINT('',#15807);
#4130=VERTEX_POINT('',#15809);
#4131=VERTEX_POINT('',#15811);
#4132=VERTEX_POINT('',#15820);
#4133=VERTEX_POINT('',#15824);
#4134=VERTEX_POINT('',#15837);
#4135=VERTEX_POINT('',#15842);
#4136=VERTEX_POINT('',#15849);
#4137=VERTEX_POINT('',#15851);
#4138=VERTEX_POINT('',#15860);
#4139=VERTEX_POINT('',#15864);
#4140=VERTEX_POINT('',#15875);
#4141=VERTEX_POINT('',#15879);
#4142=VERTEX_POINT('',#15890);
#4143=VERTEX_POINT('',#15894);
#4144=VERTEX_POINT('',#15900);
#4145=VERTEX_POINT('',#15902);
#4146=VERTEX_POINT('',#15909);
#4147=VERTEX_POINT('',#15911);
#4148=VERTEX_POINT('',#15922);
#4149=VERTEX_POINT('',#15929);
#4150=VERTEX_POINT('',#15940);
#4151=VERTEX_POINT('',#15952);
#4152=VERTEX_POINT('',#15963);
#4153=VERTEX_POINT('',#15969);
#4154=VERTEX_POINT('',#15980);
#4155=VERTEX_POINT('',#15987);
#4156=VERTEX_POINT('',#15996);
#4157=VERTEX_POINT('',#16002);
#4158=VERTEX_POINT('',#16013);
#4159=VERTEX_POINT('',#16020);
#4160=VERTEX_POINT('',#16031);
#4161=VERTEX_POINT('',#16041);
#4162=VERTEX_POINT('',#16043);
#4163=VERTEX_POINT('',#16054);
#4164=VERTEX_POINT('',#16066);
#4165=VERTEX_POINT('',#16077);
#4166=VERTEX_POINT('',#16083);
#4167=VERTEX_POINT('',#16094);
#4168=VERTEX_POINT('',#16106);
#4169=VERTEX_POINT('',#16127);
#4170=VERTEX_POINT('',#16129);
#4171=VERTEX_POINT('',#16140);
#4172=VERTEX_POINT('',#16153);
#4173=VERTEX_POINT('',#16167);
#4174=VERTEX_POINT('',#16187);
#4175=VERTEX_POINT('',#16189);
#4176=VERTEX_POINT('',#16200);
#4177=VERTEX_POINT('',#16212);
#4178=VERTEX_POINT('',#16223);
#4179=VERTEX_POINT('',#16229);
#4180=VERTEX_POINT('',#16233);
#4181=VERTEX_POINT('',#16242);
#4182=VERTEX_POINT('',#16253);
#4183=VERTEX_POINT('',#16264);
#4184=VERTEX_POINT('',#16270);
#4185=VERTEX_POINT('',#16281);
#4186=VERTEX_POINT('',#16293);
#4187=VERTEX_POINT('',#16304);
#4188=VERTEX_POINT('',#16310);
#4189=VERTEX_POINT('',#16321);
#4190=VERTEX_POINT('',#16328);
#4191=VERTEX_POINT('',#16350);
#4192=VERTEX_POINT('',#16355);
#4193=VERTEX_POINT('',#16360);
#4194=EDGE_CURVE('',#3337,#3338,#1897,.T.);
#4195=EDGE_CURVE('',#3338,#3339,#1376,.T.);
#4196=EDGE_CURVE('',#3339,#3338,#1377,.T.);
#4197=EDGE_CURVE('',#3337,#3337,#1378,.T.);
#4198=EDGE_CURVE('',#3340,#3340,#291,.T.);
#4199=EDGE_CURVE('',#3340,#3341,#1898,.T.);
#4200=EDGE_CURVE('',#3341,#3341,#292,.T.);
#4201=EDGE_CURVE('',#3342,#3342,#1379,.T.);
#4202=EDGE_CURVE('',#3343,#3344,#1380,.T.);
#4203=EDGE_CURVE('',#3344,#3343,#1381,.T.);
#4204=EDGE_CURVE('',#3345,#3346,#1382,.T.);
#4205=EDGE_CURVE('',#3346,#3345,#1383,.T.);
#4206=EDGE_CURVE('',#3347,#3348,#1384,.T.);
#4207=EDGE_CURVE('',#3348,#3347,#1385,.T.);
#4208=EDGE_CURVE('',#3339,#3349,#1899,.T.);
#4209=EDGE_CURVE('',#3349,#3349,#293,.T.);
#4210=EDGE_CURVE('',#3339,#3350,#1900,.T.);
#4211=EDGE_CURVE('',#3351,#3351,#294,.T.);
#4212=EDGE_CURVE('',#3351,#3352,#1901,.T.);
#4213=EDGE_CURVE('',#3352,#3352,#295,.T.);
#4214=EDGE_CURVE('',#3353,#3354,#1902,.T.);
#4215=EDGE_CURVE('',#3355,#3353,#1903,.T.);
#4216=EDGE_CURVE('',#3356,#3355,#1904,.T.);
#4217=EDGE_CURVE('',#3354,#3356,#1905,.T.);
#4218=EDGE_CURVE('',#3352,#3357,#1906,.T.);
#4219=EDGE_CURVE('',#3357,#3357,#296,.T.);
#4220=EDGE_CURVE('',#3358,#3358,#297,.T.);
#4221=EDGE_CURVE('',#3358,#3359,#1907,.T.);
#4222=EDGE_CURVE('',#3359,#3359,#298,.T.);
#4223=EDGE_CURVE('',#3360,#3361,#1908,.T.);
#4224=EDGE_CURVE('',#3362,#3360,#1909,.T.);
#4225=EDGE_CURVE('',#3363,#3362,#1910,.T.);
#4226=EDGE_CURVE('',#3361,#3363,#1911,.T.);
#4227=EDGE_CURVE('',#3359,#3364,#1912,.T.);
#4228=EDGE_CURVE('',#3364,#3364,#299,.T.);
#4229=EDGE_CURVE('',#3342,#3365,#1913,.T.);
#4230=EDGE_CURVE('',#3365,#3366,#1386,.T.);
#4231=EDGE_CURVE('',#3366,#3365,#1387,.T.);
#4232=EDGE_CURVE('',#3366,#3367,#1914,.T.);
#4233=EDGE_CURVE('',#3366,#3368,#1915,.T.);
#4234=EDGE_CURVE('',#3368,#3368,#300,.T.);
#4235=EDGE_CURVE('',#3369,#3370,#301,.T.);
#4236=EDGE_CURVE('',#3370,#3354,#1388,.T.);
#4237=EDGE_CURVE('',#3354,#3360,#302,.T.);
#4238=EDGE_CURVE('',#3369,#3360,#1389,.T.);
#4239=EDGE_CURVE('',#3370,#3371,#1916,.T.);
#4240=EDGE_CURVE('',#3371,#3353,#1390,.T.);
#4241=EDGE_CURVE('',#3371,#3372,#303,.T.);
#4242=EDGE_CURVE('',#3372,#3361,#1391,.T.);
#4243=EDGE_CURVE('',#3361,#3353,#304,.T.);
#4244=EDGE_CURVE('',#3372,#3369,#1917,.T.);
#4245=EDGE_CURVE('',#3362,#3356,#305,.T.);
#4246=EDGE_CURVE('',#3373,#3373,#1392,.T.);
#4247=EDGE_CURVE('',#3374,#3374,#306,.T.);
#4248=EDGE_CURVE('',#3375,#3375,#307,.T.);
#4249=EDGE_CURVE('',#3376,#3376,#308,.T.);
#4250=EDGE_CURVE('',#3377,#3377,#309,.T.);
#4251=EDGE_CURVE('',#3378,#3378,#310,.T.);
#4252=EDGE_CURVE('',#3379,#3379,#311,.T.);
#4253=EDGE_CURVE('',#3380,#3380,#312,.T.);
#4254=EDGE_CURVE('',#3381,#3382,#313,.T.);
#4255=EDGE_CURVE('',#3382,#3362,#1393,.T.);
#4256=EDGE_CURVE('',#3381,#3356,#1394,.T.);
#4257=EDGE_CURVE('',#3382,#3383,#1918,.T.);
#4258=EDGE_CURVE('',#3383,#3363,#1395,.T.);
#4259=EDGE_CURVE('',#3383,#3384,#314,.T.);
#4260=EDGE_CURVE('',#3384,#3355,#1396,.T.);
#4261=EDGE_CURVE('',#3355,#3363,#315,.T.);
#4262=EDGE_CURVE('',#3384,#3381,#1919,.T.);
#4263=EDGE_CURVE('',#3385,#3385,#316,.T.);
#4264=EDGE_CURVE('',#3386,#3386,#317,.T.);
#4265=EDGE_CURVE('',#3387,#3387,#318,.T.);
#4266=EDGE_CURVE('',#3388,#3388,#319,.T.);
#4267=EDGE_CURVE('',#3389,#3389,#320,.T.);
#4268=EDGE_CURVE('',#3390,#3390,#321,.T.);
#4269=EDGE_CURVE('',#3373,#3391,#1920,.T.);
#4270=EDGE_CURVE('',#3391,#3392,#1397,.T.);
#4271=EDGE_CURVE('',#3392,#3391,#1398,.T.);
#4272=EDGE_CURVE('',#3393,#3394,#1399,.T.);
#4273=EDGE_CURVE('',#3394,#3393,#1400,.T.);
#4274=EDGE_CURVE('',#3394,#3392,#1921,.T.);
#4275=EDGE_CURVE('',#3385,#3395,#1922,.T.);
#4276=EDGE_CURVE('',#3395,#3395,#322,.T.);
#4277=EDGE_CURVE('',#3396,#3396,#323,.T.);
#4278=EDGE_CURVE('',#3396,#3395,#1923,.T.);
#4279=EDGE_CURVE('',#3390,#3397,#1924,.T.);
#4280=EDGE_CURVE('',#3397,#3397,#324,.T.);
#4281=EDGE_CURVE('',#3398,#3398,#325,.T.);
#4282=EDGE_CURVE('',#3398,#3397,#1925,.T.);
#4283=EDGE_CURVE('',#3386,#3399,#1926,.T.);
#4284=EDGE_CURVE('',#3399,#3399,#326,.T.);
#4285=EDGE_CURVE('',#3400,#3400,#327,.T.);
#4286=EDGE_CURVE('',#3400,#3399,#1927,.T.);
#4287=EDGE_CURVE('',#3389,#3401,#1928,.T.);
#4288=EDGE_CURVE('',#3401,#3401,#328,.T.);
#4289=EDGE_CURVE('',#3402,#3402,#329,.T.);
#4290=EDGE_CURVE('',#3402,#3401,#1929,.T.);
#4291=EDGE_CURVE('',#3387,#3403,#1930,.T.);
#4292=EDGE_CURVE('',#3403,#3403,#330,.T.);
#4293=EDGE_CURVE('',#3404,#3404,#331,.T.);
#4294=EDGE_CURVE('',#3404,#3403,#1931,.T.);
#4295=EDGE_CURVE('',#3388,#3405,#1932,.T.);
#4296=EDGE_CURVE('',#3405,#3405,#332,.T.);
#4297=EDGE_CURVE('',#3406,#3406,#333,.T.);
#4298=EDGE_CURVE('',#3406,#3405,#1933,.T.);
#4299=EDGE_CURVE('',#3374,#3396,#1934,.T.);
#4300=EDGE_CURVE('',#3380,#3400,#1935,.T.);
#4301=EDGE_CURVE('',#3375,#3398,#1936,.T.);
#4302=EDGE_CURVE('',#3379,#3406,#1937,.T.);
#4303=EDGE_CURVE('',#3376,#3404,#1938,.T.);
#4304=EDGE_CURVE('',#3378,#3402,#1939,.T.);
#4305=EDGE_CURVE('',#3377,#3407,#1940,.T.);
#4306=EDGE_CURVE('',#3407,#3407,#334,.T.);
#4307=EDGE_CURVE('',#3408,#3408,#335,.T.);
#4308=EDGE_CURVE('',#3409,#3409,#336,.T.);
#4309=EDGE_CURVE('',#3409,#3408,#1941,.T.);
#4310=EDGE_CURVE('',#3409,#3410,#1942,.T.);
#4311=EDGE_CURVE('',#3410,#3410,#337,.T.);
#4312=EDGE_CURVE('',#3410,#3411,#1943,.T.);
#4313=EDGE_CURVE('',#3411,#3411,#338,.T.);
#4314=EDGE_CURVE('',#3412,#3412,#339,.T.);
#4315=EDGE_CURVE('',#3413,#3413,#340,.T.);
#4316=EDGE_CURVE('',#3413,#3340,#1944,.T.);
#4317=EDGE_CURVE('',#3414,#3415,#1401,.T.);
#4318=EDGE_CURVE('',#3415,#3416,#1402,.T.);
#4319=EDGE_CURVE('',#3416,#3417,#1403,.T.);
#4320=EDGE_CURVE('',#3417,#3418,#1404,.T.);
#4321=EDGE_CURVE('',#3418,#3419,#1405,.T.);
#4322=EDGE_CURVE('',#3419,#3420,#1945,.T.);
#4323=EDGE_CURVE('',#3420,#3421,#1946,.T.);
#4324=EDGE_CURVE('',#3421,#3422,#1406,.T.);
#4325=EDGE_CURVE('',#3422,#3423,#1407,.T.);
#4326=EDGE_CURVE('',#3423,#3424,#1408,.T.);
#4327=EDGE_CURVE('',#3424,#3425,#1947,.T.);
#4328=EDGE_CURVE('',#3425,#3426,#1409,.T.);
#4329=EDGE_CURVE('',#3426,#3414,#1948,.T.);
#4330=EDGE_CURVE('',#3427,#3428,#1410,.T.);
#4331=EDGE_CURVE('',#3428,#3429,#1411,.T.);
#4332=EDGE_CURVE('',#3429,#3430,#1412,.T.);
#4333=EDGE_CURVE('',#3430,#3431,#1413,.T.);
#4334=EDGE_CURVE('',#3431,#3427,#1414,.T.);
#4335=EDGE_CURVE('',#3432,#3433,#1415,.T.);
#4336=EDGE_CURVE('',#3433,#3434,#1416,.T.);
#4337=EDGE_CURVE('',#3434,#3435,#1949,.T.);
#4338=EDGE_CURVE('',#3435,#3436,#1417,.T.);
#4339=EDGE_CURVE('',#3436,#3437,#1418,.T.);
#4340=EDGE_CURVE('',#3437,#3438,#1419,.T.);
#4341=EDGE_CURVE('',#3438,#3439,#1950,.T.);
#4342=EDGE_CURVE('',#3439,#3440,#1420,.T.);
#4343=EDGE_CURVE('',#3440,#3441,#1421,.T.);
#4344=EDGE_CURVE('',#3441,#3432,#1422,.T.);
#4345=EDGE_CURVE('',#3442,#3443,#1951,.T.);
#4346=EDGE_CURVE('',#3443,#3444,#1423,.T.);
#4347=EDGE_CURVE('',#3444,#3445,#1952,.T.);
#4348=EDGE_CURVE('',#3445,#3446,#1424,.T.);
#4349=EDGE_CURVE('',#3446,#3447,#1953,.T.);
#4350=EDGE_CURVE('',#3447,#3448,#1425,.T.);
#4351=EDGE_CURVE('',#3448,#3449,#1954,.T.);
#4352=EDGE_CURVE('',#3449,#3442,#1426,.T.);
#4353=EDGE_CURVE('',#3450,#3451,#1955,.T.);
#4354=EDGE_CURVE('',#3451,#3452,#1956,.T.);
#4355=EDGE_CURVE('',#3452,#3453,#1427,.T.);
#4356=EDGE_CURVE('',#3453,#3454,#1957,.T.);
#4357=EDGE_CURVE('',#3454,#3455,#1428,.T.);
#4358=EDGE_CURVE('',#3455,#3456,#1429,.T.);
#4359=EDGE_CURVE('',#3456,#3457,#1430,.T.);
#4360=EDGE_CURVE('',#3457,#3458,#1958,.T.);
#4361=EDGE_CURVE('',#3458,#3459,#1431,.T.);
#4362=EDGE_CURVE('',#3459,#3460,#1959,.T.);
#4363=EDGE_CURVE('',#3460,#3461,#1960,.T.);
#4364=EDGE_CURVE('',#3461,#3462,#1432,.T.);
#4365=EDGE_CURVE('',#3462,#3463,#1433,.T.);
#4366=EDGE_CURVE('',#3463,#3464,#1434,.T.);
#4367=EDGE_CURVE('',#3464,#3465,#1961,.T.);
#4368=EDGE_CURVE('',#3465,#3466,#1435,.T.);
#4369=EDGE_CURVE('',#3466,#3467,#1436,.T.);
#4370=EDGE_CURVE('',#3467,#3450,#1437,.T.);
#4371=EDGE_CURVE('',#3468,#3469,#1962,.T.);
#4372=EDGE_CURVE('',#3469,#3470,#1963,.T.);
#4373=EDGE_CURVE('',#3470,#3471,#1438,.T.);
#4374=EDGE_CURVE('',#3471,#3472,#1439,.T.);
#4375=EDGE_CURVE('',#3472,#3473,#1440,.T.);
#4376=EDGE_CURVE('',#3473,#3474,#1964,.T.);
#4377=EDGE_CURVE('',#3474,#3475,#1441,.T.);
#4378=EDGE_CURVE('',#3475,#3476,#1442,.T.);
#4379=EDGE_CURVE('',#3476,#3477,#1965,.T.);
#4380=EDGE_CURVE('',#3477,#3478,#1443,.T.);
#4381=EDGE_CURVE('',#3478,#3479,#1966,.T.);
#4382=EDGE_CURVE('',#3479,#3480,#1444,.T.);
#4383=EDGE_CURVE('',#3480,#3481,#1967,.T.);
#4384=EDGE_CURVE('',#3481,#3482,#1445,.T.);
#4385=EDGE_CURVE('',#3482,#3483,#1968,.T.);
#4386=EDGE_CURVE('',#3483,#3468,#1446,.T.);
#4387=EDGE_CURVE('',#3484,#3485,#1447,.T.);
#4388=EDGE_CURVE('',#3485,#3486,#1969,.T.);
#4389=EDGE_CURVE('',#3486,#3487,#1448,.T.);
#4390=EDGE_CURVE('',#3487,#3488,#1449,.T.);
#4391=EDGE_CURVE('',#3488,#3489,#1450,.T.);
#4392=EDGE_CURVE('',#3489,#3490,#1970,.T.);
#4393=EDGE_CURVE('',#3490,#3484,#1451,.T.);
#4394=EDGE_CURVE('',#3491,#3492,#1971,.T.);
#4395=EDGE_CURVE('',#3492,#3493,#1452,.T.);
#4396=EDGE_CURVE('',#3493,#3494,#1453,.T.);
#4397=EDGE_CURVE('',#3494,#3495,#1454,.T.);
#4398=EDGE_CURVE('',#3495,#3496,#1972,.T.);
#4399=EDGE_CURVE('',#3496,#3497,#1455,.T.);
#4400=EDGE_CURVE('',#3497,#3498,#1973,.T.);
#4401=EDGE_CURVE('',#3498,#3499,#1974,.T.);
#4402=EDGE_CURVE('',#3499,#3500,#1456,.T.);
#4403=EDGE_CURVE('',#3500,#3501,#1457,.T.);
#4404=EDGE_CURVE('',#3501,#3502,#1458,.T.);
#4405=EDGE_CURVE('',#3502,#3503,#1975,.T.);
#4406=EDGE_CURVE('',#3503,#3504,#1459,.T.);
#4407=EDGE_CURVE('',#3504,#3505,#1976,.T.);
#4408=EDGE_CURVE('',#3505,#3491,#1460,.T.);
#4409=EDGE_CURVE('',#3506,#3507,#1977,.T.);
#4410=EDGE_CURVE('',#3507,#3508,#1978,.T.);
#4411=EDGE_CURVE('',#3508,#3509,#1461,.T.);
#4412=EDGE_CURVE('',#3509,#3510,#1462,.T.);
#4413=EDGE_CURVE('',#3510,#3511,#1979,.T.);
#4414=EDGE_CURVE('',#3511,#3512,#1980,.T.);
#4415=EDGE_CURVE('',#3512,#3513,#1463,.T.);
#4416=EDGE_CURVE('',#3513,#3514,#1464,.T.);
#4417=EDGE_CURVE('',#3514,#3515,#1465,.T.);
#4418=EDGE_CURVE('',#3515,#3516,#1981,.T.);
#4419=EDGE_CURVE('',#3516,#3517,#1982,.T.);
#4420=EDGE_CURVE('',#3517,#3518,#1466,.T.);
#4421=EDGE_CURVE('',#3518,#3519,#1983,.T.);
#4422=EDGE_CURVE('',#3519,#3520,#1984,.T.);
#4423=EDGE_CURVE('',#3520,#3521,#1985,.T.);
#4424=EDGE_CURVE('',#3521,#3522,#1467,.T.);
#4425=EDGE_CURVE('',#3522,#3523,#1986,.T.);
#4426=EDGE_CURVE('',#3523,#3524,#1468,.T.);
#4427=EDGE_CURVE('',#3524,#3525,#1469,.T.);
#4428=EDGE_CURVE('',#3525,#3526,#1470,.T.);
#4429=EDGE_CURVE('',#3526,#3527,#1987,.T.);
#4430=EDGE_CURVE('',#3527,#3528,#1988,.T.);
#4431=EDGE_CURVE('',#3528,#3529,#1989,.T.);
#4432=EDGE_CURVE('',#3529,#3530,#1990,.T.);
#4433=EDGE_CURVE('',#3530,#3531,#1471,.T.);
#4434=EDGE_CURVE('',#3531,#3532,#1472,.T.);
#4435=EDGE_CURVE('',#3532,#3506,#1473,.T.);
#4436=EDGE_CURVE('',#3533,#3534,#1991,.T.);
#4437=EDGE_CURVE('',#3534,#3535,#1474,.T.);
#4438=EDGE_CURVE('',#3535,#3536,#1992,.T.);
#4439=EDGE_CURVE('',#3536,#3537,#1475,.T.);
#4440=EDGE_CURVE('',#3537,#3538,#1993,.T.);
#4441=EDGE_CURVE('',#3538,#3539,#1476,.T.);
#4442=EDGE_CURVE('',#3539,#3540,#1994,.T.);
#4443=EDGE_CURVE('',#3540,#3533,#1477,.T.);
#4444=EDGE_CURVE('',#3541,#3542,#1995,.T.);
#4445=EDGE_CURVE('',#3542,#3543,#1478,.T.);
#4446=EDGE_CURVE('',#3543,#3544,#1479,.T.);
#4447=EDGE_CURVE('',#3544,#3545,#1480,.T.);
#4448=EDGE_CURVE('',#3545,#3546,#1996,.T.);
#4449=EDGE_CURVE('',#3546,#3547,#1997,.T.);
#4450=EDGE_CURVE('',#3547,#3548,#1481,.T.);
#4451=EDGE_CURVE('',#3548,#3549,#1482,.T.);
#4452=EDGE_CURVE('',#3549,#3550,#1483,.T.);
#4453=EDGE_CURVE('',#3550,#3551,#1484,.T.);
#4454=EDGE_CURVE('',#3551,#3552,#1998,.T.);
#4455=EDGE_CURVE('',#3552,#3553,#1485,.T.);
#4456=EDGE_CURVE('',#3553,#3554,#1486,.T.);
#4457=EDGE_CURVE('',#3554,#3541,#1487,.T.);
#4458=EDGE_CURVE('',#3555,#3556,#1999,.T.);
#4459=EDGE_CURVE('',#3556,#3557,#2000,.T.);
#4460=EDGE_CURVE('',#3557,#3558,#1488,.T.);
#4461=EDGE_CURVE('',#3558,#3559,#1489,.T.);
#4462=EDGE_CURVE('',#3559,#3560,#1490,.T.);
#4463=EDGE_CURVE('',#3560,#3561,#2001,.T.);
#4464=EDGE_CURVE('',#3561,#3562,#2002,.T.);
#4465=EDGE_CURVE('',#3562,#3563,#1491,.T.);
#4466=EDGE_CURVE('',#3563,#3564,#1492,.T.);
#4467=EDGE_CURVE('',#3564,#3565,#1493,.T.);
#4468=EDGE_CURVE('',#3565,#3566,#2003,.T.);
#4469=EDGE_CURVE('',#3566,#3567,#1494,.T.);
#4470=EDGE_CURVE('',#3567,#3568,#2004,.T.);
#4471=EDGE_CURVE('',#3568,#3569,#1495,.T.);
#4472=EDGE_CURVE('',#3569,#3570,#1496,.T.);
#4473=EDGE_CURVE('',#3570,#3555,#2005,.T.);
#4474=EDGE_CURVE('',#3571,#3572,#1497,.T.);
#4475=EDGE_CURVE('',#3572,#3573,#1498,.T.);
#4476=EDGE_CURVE('',#3573,#3574,#1499,.T.);
#4477=EDGE_CURVE('',#3574,#3575,#1500,.T.);
#4478=EDGE_CURVE('',#3575,#3576,#1501,.T.);
#4479=EDGE_CURVE('',#3576,#3577,#1502,.T.);
#4480=EDGE_CURVE('',#3577,#3578,#1503,.T.);
#4481=EDGE_CURVE('',#3578,#3579,#1504,.T.);
#4482=EDGE_CURVE('',#3579,#3580,#2006,.T.);
#4483=EDGE_CURVE('',#3580,#3581,#1505,.T.);
#4484=EDGE_CURVE('',#3581,#3582,#1506,.T.);
#4485=EDGE_CURVE('',#3582,#3583,#2007,.T.);
#4486=EDGE_CURVE('',#3583,#3584,#1507,.T.);
#4487=EDGE_CURVE('',#3584,#3585,#1508,.T.);
#4488=EDGE_CURVE('',#3585,#3586,#1509,.T.);
#4489=EDGE_CURVE('',#3586,#3587,#1510,.T.);
#4490=EDGE_CURVE('',#3587,#3588,#1511,.T.);
#4491=EDGE_CURVE('',#3588,#3589,#1512,.T.);
#4492=EDGE_CURVE('',#3589,#3590,#1513,.T.);
#4493=EDGE_CURVE('',#3590,#3591,#1514,.T.);
#4494=EDGE_CURVE('',#3591,#3592,#1515,.T.);
#4495=EDGE_CURVE('',#3592,#3593,#1516,.T.);
#4496=EDGE_CURVE('',#3593,#3594,#1517,.T.);
#4497=EDGE_CURVE('',#3594,#3595,#1518,.T.);
#4498=EDGE_CURVE('',#3595,#3596,#1519,.T.);
#4499=EDGE_CURVE('',#3596,#3597,#1520,.T.);
#4500=EDGE_CURVE('',#3597,#3598,#1521,.T.);
#4501=EDGE_CURVE('',#3598,#3599,#2008,.T.);
#4502=EDGE_CURVE('',#3599,#3600,#1522,.T.);
#4503=EDGE_CURVE('',#3600,#3601,#1523,.T.);
#4504=EDGE_CURVE('',#3601,#3571,#1524,.T.);
#4505=EDGE_CURVE('',#3602,#3603,#2009,.T.);
#4506=EDGE_CURVE('',#3603,#3604,#1525,.T.);
#4507=EDGE_CURVE('',#3604,#3605,#2010,.T.);
#4508=EDGE_CURVE('',#3605,#3606,#1526,.T.);
#4509=EDGE_CURVE('',#3606,#3607,#2011,.T.);
#4510=EDGE_CURVE('',#3607,#3608,#1527,.T.);
#4511=EDGE_CURVE('',#3608,#3609,#1528,.T.);
#4512=EDGE_CURVE('',#3609,#3610,#1529,.T.);
#4513=EDGE_CURVE('',#3610,#3611,#2012,.T.);
#4514=EDGE_CURVE('',#3611,#3612,#1530,.T.);
#4515=EDGE_CURVE('',#3612,#3613,#1531,.T.);
#4516=EDGE_CURVE('',#3613,#3614,#1532,.T.);
#4517=EDGE_CURVE('',#3614,#3615,#2013,.T.);
#4518=EDGE_CURVE('',#3615,#3616,#1533,.T.);
#4519=EDGE_CURVE('',#3616,#3617,#2014,.T.);
#4520=EDGE_CURVE('',#3617,#3618,#1534,.T.);
#4521=EDGE_CURVE('',#3618,#3619,#1535,.T.);
#4522=EDGE_CURVE('',#3619,#3602,#1536,.T.);
#4523=EDGE_CURVE('',#3620,#3621,#1537,.T.);
#4524=EDGE_CURVE('',#3621,#3622,#2015,.T.);
#4525=EDGE_CURVE('',#3622,#3623,#2016,.T.);
#4526=EDGE_CURVE('',#3623,#3624,#1538,.T.);
#4527=EDGE_CURVE('',#3624,#3625,#1539,.T.);
#4528=EDGE_CURVE('',#3625,#3626,#2017,.T.);
#4529=EDGE_CURVE('',#3626,#3627,#1540,.T.);
#4530=EDGE_CURVE('',#3627,#3628,#1541,.T.);
#4531=EDGE_CURVE('',#3628,#3629,#2018,.T.);
#4532=EDGE_CURVE('',#3629,#3630,#1542,.T.);
#4533=EDGE_CURVE('',#3630,#3631,#1543,.T.);
#4534=EDGE_CURVE('',#3631,#3632,#1544,.T.);
#4535=EDGE_CURVE('',#3632,#3633,#1545,.T.);
#4536=EDGE_CURVE('',#3633,#3634,#1546,.T.);
#4537=EDGE_CURVE('',#3634,#3635,#1547,.T.);
#4538=EDGE_CURVE('',#3635,#3636,#2019,.T.);
#4539=EDGE_CURVE('',#3636,#3637,#1548,.T.);
#4540=EDGE_CURVE('',#3637,#3638,#1549,.T.);
#4541=EDGE_CURVE('',#3638,#3639,#1550,.T.);
#4542=EDGE_CURVE('',#3639,#3640,#1551,.T.);
#4543=EDGE_CURVE('',#3640,#3620,#1552,.T.);
#4544=EDGE_CURVE('',#3641,#3642,#1553,.T.);
#4545=EDGE_CURVE('',#3642,#3643,#2020,.T.);
#4546=EDGE_CURVE('',#3643,#3644,#1554,.T.);
#4547=EDGE_CURVE('',#3644,#3645,#2021,.T.);
#4548=EDGE_CURVE('',#3645,#3646,#1555,.T.);
#4549=EDGE_CURVE('',#3646,#3647,#2022,.T.);
#4550=EDGE_CURVE('',#3647,#3648,#1556,.T.);
#4551=EDGE_CURVE('',#3648,#3649,#1557,.T.);
#4552=EDGE_CURVE('',#3649,#3650,#2023,.T.);
#4553=EDGE_CURVE('',#3650,#3651,#1558,.T.);
#4554=EDGE_CURVE('',#3651,#3652,#1559,.T.);
#4555=EDGE_CURVE('',#3652,#3653,#2024,.T.);
#4556=EDGE_CURVE('',#3653,#3654,#1560,.T.);
#4557=EDGE_CURVE('',#3654,#3655,#1561,.T.);
#4558=EDGE_CURVE('',#3655,#3656,#1562,.T.);
#4559=EDGE_CURVE('',#3656,#3657,#2025,.T.);
#4560=EDGE_CURVE('',#3657,#3641,#1563,.T.);
#4561=EDGE_CURVE('',#3658,#3659,#1564,.T.);
#4562=EDGE_CURVE('',#3659,#3660,#2026,.T.);
#4563=EDGE_CURVE('',#3660,#3661,#1565,.T.);
#4564=EDGE_CURVE('',#3661,#3662,#2027,.T.);
#4565=EDGE_CURVE('',#3662,#3663,#1566,.T.);
#4566=EDGE_CURVE('',#3663,#3664,#2028,.T.);
#4567=EDGE_CURVE('',#3664,#3665,#1567,.T.);
#4568=EDGE_CURVE('',#3665,#3666,#1568,.T.);
#4569=EDGE_CURVE('',#3666,#3667,#2029,.T.);
#4570=EDGE_CURVE('',#3667,#3668,#1569,.T.);
#4571=EDGE_CURVE('',#3668,#3669,#1570,.T.);
#4572=EDGE_CURVE('',#3669,#3670,#2030,.T.);
#4573=EDGE_CURVE('',#3670,#3671,#1571,.T.);
#4574=EDGE_CURVE('',#3671,#3672,#1572,.T.);
#4575=EDGE_CURVE('',#3672,#3673,#1573,.T.);
#4576=EDGE_CURVE('',#3673,#3674,#2031,.T.);
#4577=EDGE_CURVE('',#3674,#3658,#1574,.T.);
#4578=EDGE_CURVE('',#3675,#3676,#2032,.T.);
#4579=EDGE_CURVE('',#3676,#3677,#2033,.T.);
#4580=EDGE_CURVE('',#3677,#3678,#1575,.T.);
#4581=EDGE_CURVE('',#3678,#3679,#1576,.T.);
#4582=EDGE_CURVE('',#3679,#3680,#2034,.T.);
#4583=EDGE_CURVE('',#3680,#3681,#2035,.T.);
#4584=EDGE_CURVE('',#3681,#3682,#1577,.T.);
#4585=EDGE_CURVE('',#3682,#3683,#1578,.T.);
#4586=EDGE_CURVE('',#3683,#3684,#1579,.T.);
#4587=EDGE_CURVE('',#3684,#3685,#2036,.T.);
#4588=EDGE_CURVE('',#3685,#3686,#2037,.T.);
#4589=EDGE_CURVE('',#3686,#3687,#1580,.T.);
#4590=EDGE_CURVE('',#3687,#3688,#1581,.T.);
#4591=EDGE_CURVE('',#3688,#3689,#1582,.T.);
#4592=EDGE_CURVE('',#3689,#3690,#2038,.T.);
#4593=EDGE_CURVE('',#3690,#3691,#2039,.T.);
#4594=EDGE_CURVE('',#3691,#3692,#1583,.T.);
#4595=EDGE_CURVE('',#3692,#3693,#1584,.T.);
#4596=EDGE_CURVE('',#3693,#3675,#1585,.T.);
#4597=EDGE_CURVE('',#3694,#3695,#2040,.T.);
#4598=EDGE_CURVE('',#3695,#3696,#1586,.T.);
#4599=EDGE_CURVE('',#3696,#3697,#1587,.T.);
#4600=EDGE_CURVE('',#3697,#3698,#1588,.T.);
#4601=EDGE_CURVE('',#3698,#3699,#2041,.T.);
#4602=EDGE_CURVE('',#3699,#3700,#1589,.T.);
#4603=EDGE_CURVE('',#3700,#3701,#2042,.T.);
#4604=EDGE_CURVE('',#3701,#3702,#2043,.T.);
#4605=EDGE_CURVE('',#3702,#3703,#1590,.T.);
#4606=EDGE_CURVE('',#3703,#3704,#1591,.T.);
#4607=EDGE_CURVE('',#3704,#3705,#1592,.T.);
#4608=EDGE_CURVE('',#3705,#3706,#2044,.T.);
#4609=EDGE_CURVE('',#3706,#3707,#1593,.T.);
#4610=EDGE_CURVE('',#3707,#3708,#2045,.T.);
#4611=EDGE_CURVE('',#3708,#3694,#1594,.T.);
#4612=EDGE_CURVE('',#3709,#3710,#2046,.T.);
#4613=EDGE_CURVE('',#3710,#3711,#1595,.T.);
#4614=EDGE_CURVE('',#3711,#3712,#2047,.T.);
#4615=EDGE_CURVE('',#3712,#3713,#1596,.T.);
#4616=EDGE_CURVE('',#3713,#3714,#2048,.T.);
#4617=EDGE_CURVE('',#3714,#3715,#1597,.T.);
#4618=EDGE_CURVE('',#3715,#3716,#2049,.T.);
#4619=EDGE_CURVE('',#3716,#3709,#1598,.T.);
#4620=EDGE_CURVE('',#3717,#3718,#2050,.T.);
#4621=EDGE_CURVE('',#3718,#3719,#2051,.T.);
#4622=EDGE_CURVE('',#3719,#3720,#1599,.T.);
#4623=EDGE_CURVE('',#3720,#3721,#2052,.T.);
#4624=EDGE_CURVE('',#3721,#3722,#1600,.T.);
#4625=EDGE_CURVE('',#3722,#3723,#2053,.T.);
#4626=EDGE_CURVE('',#3723,#3724,#1601,.T.);
#4627=EDGE_CURVE('',#3724,#3725,#2054,.T.);
#4628=EDGE_CURVE('',#3725,#3726,#1602,.T.);
#4629=EDGE_CURVE('',#3726,#3727,#2055,.T.);
#4630=EDGE_CURVE('',#3727,#3728,#1603,.T.);
#4631=EDGE_CURVE('',#3728,#3729,#1604,.T.);
#4632=EDGE_CURVE('',#3729,#3730,#1605,.T.);
#4633=EDGE_CURVE('',#3730,#3731,#2056,.T.);
#4634=EDGE_CURVE('',#3731,#3717,#1606,.T.);
#4635=EDGE_CURVE('',#3732,#3733,#2057,.T.);
#4636=EDGE_CURVE('',#3733,#3734,#1607,.T.);
#4637=EDGE_CURVE('',#3734,#3735,#1608,.T.);
#4638=EDGE_CURVE('',#3735,#3736,#1609,.T.);
#4639=EDGE_CURVE('',#3736,#3737,#2058,.T.);
#4640=EDGE_CURVE('',#3737,#3738,#1610,.T.);
#4641=EDGE_CURVE('',#3738,#3739,#1611,.T.);
#4642=EDGE_CURVE('',#3739,#3732,#1612,.T.);
#4643=EDGE_CURVE('',#3740,#3741,#1613,.T.);
#4644=EDGE_CURVE('',#3741,#3742,#1614,.T.);
#4645=EDGE_CURVE('',#3742,#3743,#1615,.T.);
#4646=EDGE_CURVE('',#3743,#3744,#1616,.T.);
#4647=EDGE_CURVE('',#3744,#3740,#1617,.T.);
#4648=EDGE_CURVE('',#3745,#3746,#2059,.T.);
#4649=EDGE_CURVE('',#3746,#3747,#1618,.T.);
#4650=EDGE_CURVE('',#3747,#3748,#2060,.T.);
#4651=EDGE_CURVE('',#3748,#3749,#1619,.T.);
#4652=EDGE_CURVE('',#3749,#3750,#2061,.T.);
#4653=EDGE_CURVE('',#3750,#3751,#1620,.T.);
#4654=EDGE_CURVE('',#3751,#3752,#1621,.T.);
#4655=EDGE_CURVE('',#3752,#3753,#1622,.T.);
#4656=EDGE_CURVE('',#3753,#3754,#2062,.T.);
#4657=EDGE_CURVE('',#3754,#3755,#1623,.T.);
#4658=EDGE_CURVE('',#3755,#3756,#1624,.T.);
#4659=EDGE_CURVE('',#3756,#3757,#1625,.T.);
#4660=EDGE_CURVE('',#3757,#3758,#2063,.T.);
#4661=EDGE_CURVE('',#3758,#3759,#2064,.T.);
#4662=EDGE_CURVE('',#3759,#3760,#1626,.T.);
#4663=EDGE_CURVE('',#3760,#3761,#1627,.T.);
#4664=EDGE_CURVE('',#3761,#3745,#1628,.T.);
#4665=EDGE_CURVE('',#3762,#3762,#341,.T.);
#4666=EDGE_CURVE('',#3762,#3412,#2065,.T.);
#4667=EDGE_CURVE('',#3414,#3763,#2066,.T.);
#4668=EDGE_CURVE('',#3763,#3764,#1629,.T.);
#4669=EDGE_CURVE('',#3415,#3764,#2067,.T.);
#4670=EDGE_CURVE('',#3426,#3765,#2068,.T.);
#4671=EDGE_CURVE('',#3765,#3763,#2069,.T.);
#4672=EDGE_CURVE('',#3425,#3766,#2070,.T.);
#4673=EDGE_CURVE('',#3766,#3765,#1630,.T.);
#4674=EDGE_CURVE('',#3424,#3767,#2071,.T.);
#4675=EDGE_CURVE('',#3767,#3766,#2072,.T.);
#4676=EDGE_CURVE('',#3423,#3768,#2073,.T.);
#4677=EDGE_CURVE('',#3768,#3767,#1631,.T.);
#4678=EDGE_CURVE('',#3422,#3769,#2074,.T.);
#4679=EDGE_CURVE('',#3769,#3768,#1632,.T.);
#4680=EDGE_CURVE('',#3421,#3770,#2075,.T.);
#4681=EDGE_CURVE('',#3770,#3769,#1633,.T.);
#4682=EDGE_CURVE('',#3420,#3771,#2076,.T.);
#4683=EDGE_CURVE('',#3771,#3770,#2077,.T.);
#4684=EDGE_CURVE('',#3419,#3772,#2078,.T.);
#4685=EDGE_CURVE('',#3772,#3771,#2079,.T.);
#4686=EDGE_CURVE('',#3418,#3773,#2080,.T.);
#4687=EDGE_CURVE('',#3773,#3772,#1634,.T.);
#4688=EDGE_CURVE('',#3417,#3774,#2081,.T.);
#4689=EDGE_CURVE('',#3774,#3773,#1635,.T.);
#4690=EDGE_CURVE('',#3416,#3775,#2082,.T.);
#4691=EDGE_CURVE('',#3775,#3774,#1636,.T.);
#4692=EDGE_CURVE('',#3764,#3775,#1637,.T.);
#4693=EDGE_CURVE('',#3427,#3776,#2083,.T.);
#4694=EDGE_CURVE('',#3776,#3777,#1638,.T.);
#4695=EDGE_CURVE('',#3428,#3777,#2084,.T.);
#4696=EDGE_CURVE('',#3431,#3778,#2085,.T.);
#4697=EDGE_CURVE('',#3778,#3776,#1639,.T.);
#4698=EDGE_CURVE('',#3430,#3779,#2086,.T.);
#4699=EDGE_CURVE('',#3779,#3778,#1640,.T.);
#4700=EDGE_CURVE('',#3429,#3780,#2087,.T.);
#4701=EDGE_CURVE('',#3780,#3779,#1641,.T.);
#4702=EDGE_CURVE('',#3777,#3780,#1642,.T.);
#4703=EDGE_CURVE('',#3432,#3781,#2088,.T.);
#4704=EDGE_CURVE('',#3781,#3782,#1643,.T.);
#4705=EDGE_CURVE('',#3433,#3782,#2089,.T.);
#4706=EDGE_CURVE('',#3441,#3783,#2090,.T.);
#4707=EDGE_CURVE('',#3783,#3781,#1644,.T.);
#4708=EDGE_CURVE('',#3440,#3784,#2091,.T.);
#4709=EDGE_CURVE('',#3784,#3783,#1645,.T.);
#4710=EDGE_CURVE('',#3439,#3785,#2092,.T.);
#4711=EDGE_CURVE('',#3785,#3784,#1646,.T.);
#4712=EDGE_CURVE('',#3438,#3786,#2093,.T.);
#4713=EDGE_CURVE('',#3786,#3785,#2094,.T.);
#4714=EDGE_CURVE('',#3437,#3787,#2095,.T.);
#4715=EDGE_CURVE('',#3787,#3786,#1647,.T.);
#4716=EDGE_CURVE('',#3436,#3788,#2096,.T.);
#4717=EDGE_CURVE('',#3788,#3787,#1648,.T.);
#4718=EDGE_CURVE('',#3435,#3789,#2097,.T.);
#4719=EDGE_CURVE('',#3789,#3788,#1649,.T.);
#4720=EDGE_CURVE('',#3434,#3790,#2098,.T.);
#4721=EDGE_CURVE('',#3790,#3789,#2099,.T.);
#4722=EDGE_CURVE('',#3782,#3790,#1650,.T.);
#4723=EDGE_CURVE('',#3791,#3792,#1651,.T.);
#4724=EDGE_CURVE('',#3791,#3793,#2100,.T.);
#4725=EDGE_CURVE('',#3793,#3794,#1652,.T.);
#4726=EDGE_CURVE('',#3792,#3794,#2101,.T.);
#4727=EDGE_CURVE('',#3792,#3795,#2102,.T.);
#4728=EDGE_CURVE('',#3794,#3796,#2103,.T.);
#4729=EDGE_CURVE('',#3795,#3796,#2104,.T.);
#4730=EDGE_CURVE('',#3795,#3797,#1653,.T.);
#4731=EDGE_CURVE('',#3796,#3798,#1654,.T.);
#4732=EDGE_CURVE('',#3797,#3798,#2105,.T.);
#4733=EDGE_CURVE('',#3797,#3799,#2106,.T.);
#4734=EDGE_CURVE('',#3798,#3800,#2107,.T.);
#4735=EDGE_CURVE('',#3799,#3800,#2108,.T.);
#4736=EDGE_CURVE('',#3799,#3801,#1655,.T.);
#4737=EDGE_CURVE('',#3800,#3802,#1656,.T.);
#4738=EDGE_CURVE('',#3801,#3802,#2109,.T.);
#4739=EDGE_CURVE('',#3801,#3803,#2110,.T.);
#4740=EDGE_CURVE('',#3802,#3804,#2111,.T.);
#4741=EDGE_CURVE('',#3803,#3804,#2112,.T.);
#4742=EDGE_CURVE('',#3803,#3805,#1657,.T.);
#4743=EDGE_CURVE('',#3804,#3806,#1658,.T.);
#4744=EDGE_CURVE('',#3805,#3806,#2113,.T.);
#4745=EDGE_CURVE('',#3805,#3791,#2114,.T.);
#4746=EDGE_CURVE('',#3806,#3793,#2115,.T.);
#4747=EDGE_CURVE('',#3442,#3807,#2116,.T.);
#4748=EDGE_CURVE('',#3807,#3808,#2117,.T.);
#4749=EDGE_CURVE('',#3443,#3808,#2118,.T.);
#4750=EDGE_CURVE('',#3449,#3809,#2119,.T.);
#4751=EDGE_CURVE('',#3809,#3807,#1659,.T.);
#4752=EDGE_CURVE('',#3448,#3810,#2120,.T.);
#4753=EDGE_CURVE('',#3810,#3809,#2121,.T.);
#4754=EDGE_CURVE('',#3447,#3811,#2122,.T.);
#4755=EDGE_CURVE('',#3811,#3810,#1660,.T.);
#4756=EDGE_CURVE('',#3446,#3812,#2123,.T.);
#4757=EDGE_CURVE('',#3812,#3811,#2124,.T.);
#4758=EDGE_CURVE('',#3445,#3813,#2125,.T.);
#4759=EDGE_CURVE('',#3813,#3812,#1661,.T.);
#4760=EDGE_CURVE('',#3444,#3814,#2126,.T.);
#4761=EDGE_CURVE('',#3814,#3813,#2127,.T.);
#4762=EDGE_CURVE('',#3808,#3814,#1662,.T.);
#4763=EDGE_CURVE('',#3450,#3815,#2128,.T.);
#4764=EDGE_CURVE('',#3815,#3816,#2129,.T.);
#4765=EDGE_CURVE('',#3451,#3816,#2130,.T.);
#4766=EDGE_CURVE('',#3467,#3817,#2131,.T.);
#4767=EDGE_CURVE('',#3817,#3815,#1663,.T.);
#4768=EDGE_CURVE('',#3466,#3818,#2132,.T.);
#4769=EDGE_CURVE('',#3818,#3817,#1664,.T.);
#4770=EDGE_CURVE('',#3465,#3819,#2133,.T.);
#4771=EDGE_CURVE('',#3819,#3818,#1665,.T.);
#4772=EDGE_CURVE('',#3464,#3820,#2134,.T.);
#4773=EDGE_CURVE('',#3820,#3819,#2135,.T.);
#4774=EDGE_CURVE('',#3463,#3821,#2136,.T.);
#4775=EDGE_CURVE('',#3821,#3820,#1666,.T.);
#4776=EDGE_CURVE('',#3462,#3822,#2137,.T.);
#4777=EDGE_CURVE('',#3822,#3821,#1667,.T.);
#4778=EDGE_CURVE('',#3461,#3823,#2138,.T.);
#4779=EDGE_CURVE('',#3823,#3822,#1668,.T.);
#4780=EDGE_CURVE('',#3460,#3824,#2139,.T.);
#4781=EDGE_CURVE('',#3824,#3823,#2140,.T.);
#4782=EDGE_CURVE('',#3459,#3825,#2141,.T.);
#4783=EDGE_CURVE('',#3825,#3824,#2142,.T.);
#4784=EDGE_CURVE('',#3458,#3826,#2143,.T.);
#4785=EDGE_CURVE('',#3826,#3825,#1669,.T.);
#4786=EDGE_CURVE('',#3457,#3827,#2144,.T.);
#4787=EDGE_CURVE('',#3827,#3826,#2145,.T.);
#4788=EDGE_CURVE('',#3456,#3828,#2146,.T.);
#4789=EDGE_CURVE('',#3828,#3827,#1670,.T.);
#4790=EDGE_CURVE('',#3455,#3829,#2147,.T.);
#4791=EDGE_CURVE('',#3829,#3828,#1671,.T.);
#4792=EDGE_CURVE('',#3454,#3830,#2148,.T.);
#4793=EDGE_CURVE('',#3830,#3829,#1672,.T.);
#4794=EDGE_CURVE('',#3453,#3831,#2149,.T.);
#4795=EDGE_CURVE('',#3831,#3830,#2150,.T.);
#4796=EDGE_CURVE('',#3452,#3832,#2151,.T.);
#4797=EDGE_CURVE('',#3832,#3831,#1673,.T.);
#4798=EDGE_CURVE('',#3816,#3832,#2152,.T.);
#4799=EDGE_CURVE('',#3833,#3834,#2153,.T.);
#4800=EDGE_CURVE('',#3833,#3835,#2154,.T.);
#4801=EDGE_CURVE('',#3835,#3836,#2155,.T.);
#4802=EDGE_CURVE('',#3834,#3836,#2156,.T.);
#4803=EDGE_CURVE('',#3834,#3837,#1674,.T.);
#4804=EDGE_CURVE('',#3836,#3838,#1675,.T.);
#4805=EDGE_CURVE('',#3837,#3838,#2157,.T.);
#4806=EDGE_CURVE('',#3837,#3839,#2158,.T.);
#4807=EDGE_CURVE('',#3838,#3840,#2159,.T.);
#4808=EDGE_CURVE('',#3839,#3840,#2160,.T.);
#4809=EDGE_CURVE('',#3839,#3841,#1676,.T.);
#4810=EDGE_CURVE('',#3840,#3842,#1677,.T.);
#4811=EDGE_CURVE('',#3841,#3842,#2161,.T.);
#4812=EDGE_CURVE('',#3841,#3843,#1678,.T.);
#4813=EDGE_CURVE('',#3842,#3844,#1679,.T.);
#4814=EDGE_CURVE('',#3843,#3844,#2162,.T.);
#4815=EDGE_CURVE('',#3843,#3845,#2163,.T.);
#4816=EDGE_CURVE('',#3844,#3846,#2164,.T.);
#4817=EDGE_CURVE('',#3845,#3846,#2165,.T.);
#4818=EDGE_CURVE('',#3845,#3833,#2166,.T.);
#4819=EDGE_CURVE('',#3846,#3835,#2167,.T.);
#4820=EDGE_CURVE('',#3468,#3847,#2168,.T.);
#4821=EDGE_CURVE('',#3847,#3848,#2169,.T.);
#4822=EDGE_CURVE('',#3469,#3848,#2170,.T.);
#4823=EDGE_CURVE('',#3483,#3849,#2171,.T.);
#4824=EDGE_CURVE('',#3849,#3847,#1680,.T.);
#4825=EDGE_CURVE('',#3482,#3850,#2172,.T.);
#4826=EDGE_CURVE('',#3850,#3849,#2173,.T.);
#4827=EDGE_CURVE('',#3481,#3851,#2174,.T.);
#4828=EDGE_CURVE('',#3851,#3850,#1681,.T.);
#4829=EDGE_CURVE('',#3480,#3852,#2175,.T.);
#4830=EDGE_CURVE('',#3852,#3851,#2176,.T.);
#4831=EDGE_CURVE('',#3479,#3853,#2177,.T.);
#4832=EDGE_CURVE('',#3853,#3852,#1682,.T.);
#4833=EDGE_CURVE('',#3478,#3854,#2178,.T.);
#4834=EDGE_CURVE('',#3854,#3853,#2179,.T.);
#4835=EDGE_CURVE('',#3477,#3855,#2180,.T.);
#4836=EDGE_CURVE('',#3855,#3854,#1683,.T.);
#4837=EDGE_CURVE('',#3476,#3856,#2181,.T.);
#4838=EDGE_CURVE('',#3856,#3855,#2182,.T.);
#4839=EDGE_CURVE('',#3475,#3857,#2183,.T.);
#4840=EDGE_CURVE('',#3857,#3856,#1684,.T.);
#4841=EDGE_CURVE('',#3474,#3858,#2184,.T.);
#4842=EDGE_CURVE('',#3858,#3857,#1685,.T.);
#4843=EDGE_CURVE('',#3473,#3859,#2185,.T.);
#4844=EDGE_CURVE('',#3859,#3858,#2186,.T.);
#4845=EDGE_CURVE('',#3472,#3860,#2187,.T.);
#4846=EDGE_CURVE('',#3860,#3859,#1686,.T.);
#4847=EDGE_CURVE('',#3471,#3861,#2188,.T.);
#4848=EDGE_CURVE('',#3861,#3860,#1687,.T.);
#4849=EDGE_CURVE('',#3470,#3862,#2189,.T.);
#4850=EDGE_CURVE('',#3862,#3861,#1688,.T.);
#4851=EDGE_CURVE('',#3848,#3862,#2190,.T.);
#4852=EDGE_CURVE('',#3484,#3863,#2191,.T.);
#4853=EDGE_CURVE('',#3863,#3864,#1689,.T.);
#4854=EDGE_CURVE('',#3485,#3864,#2192,.T.);
#4855=EDGE_CURVE('',#3490,#3865,#2193,.T.);
#4856=EDGE_CURVE('',#3865,#3863,#1690,.T.);
#4857=EDGE_CURVE('',#3489,#3866,#2194,.T.);
#4858=EDGE_CURVE('',#3866,#3865,#2195,.T.);
#4859=EDGE_CURVE('',#3488,#3867,#2196,.T.);
#4860=EDGE_CURVE('',#3867,#3866,#1691,.T.);
#4861=EDGE_CURVE('',#3487,#3868,#2197,.T.);
#4862=EDGE_CURVE('',#3868,#3867,#1692,.T.);
#4863=EDGE_CURVE('',#3486,#3869,#2198,.T.);
#4864=EDGE_CURVE('',#3869,#3868,#1693,.T.);
#4865=EDGE_CURVE('',#3864,#3869,#2199,.T.);
#4866=EDGE_CURVE('',#3491,#3870,#2200,.T.);
#4867=EDGE_CURVE('',#3870,#3871,#2201,.T.);
#4868=EDGE_CURVE('',#3492,#3871,#2202,.T.);
#4869=EDGE_CURVE('',#3505,#3872,#2203,.T.);
#4870=EDGE_CURVE('',#3872,#3870,#1694,.T.);
#4871=EDGE_CURVE('',#3504,#3873,#2204,.T.);
#4872=EDGE_CURVE('',#3873,#3872,#2205,.T.);
#4873=EDGE_CURVE('',#3503,#3874,#2206,.T.);
#4874=EDGE_CURVE('',#3874,#3873,#1695,.T.);
#4875=EDGE_CURVE('',#3502,#3875,#2207,.T.);
#4876=EDGE_CURVE('',#3875,#3874,#2208,.T.);
#4877=EDGE_CURVE('',#3501,#3876,#2209,.T.);
#4878=EDGE_CURVE('',#3876,#3875,#1696,.T.);
#4879=EDGE_CURVE('',#3500,#3877,#2210,.T.);
#4880=EDGE_CURVE('',#3877,#3876,#1697,.T.);
#4881=EDGE_CURVE('',#3499,#3878,#2211,.T.);
#4882=EDGE_CURVE('',#3878,#3877,#1698,.T.);
#4883=EDGE_CURVE('',#3498,#3879,#2212,.T.);
#4884=EDGE_CURVE('',#3879,#3878,#2213,.T.);
#4885=EDGE_CURVE('',#3497,#3880,#2214,.T.);
#4886=EDGE_CURVE('',#3880,#3879,#2215,.T.);
#4887=EDGE_CURVE('',#3496,#3881,#2216,.T.);
#4888=EDGE_CURVE('',#3881,#3880,#1699,.T.);
#4889=EDGE_CURVE('',#3495,#3882,#2217,.T.);
#4890=EDGE_CURVE('',#3882,#3881,#2218,.T.);
#4891=EDGE_CURVE('',#3494,#3883,#2219,.T.);
#4892=EDGE_CURVE('',#3883,#3882,#1700,.T.);
#4893=EDGE_CURVE('',#3493,#3884,#2220,.T.);
#4894=EDGE_CURVE('',#3884,#3883,#1701,.T.);
#4895=EDGE_CURVE('',#3871,#3884,#1702,.T.);
#4896=EDGE_CURVE('',#3506,#3885,#2221,.T.);
#4897=EDGE_CURVE('',#3885,#3886,#2222,.T.);
#4898=EDGE_CURVE('',#3507,#3886,#2223,.T.);
#4899=EDGE_CURVE('',#3532,#3887,#2224,.T.);
#4900=EDGE_CURVE('',#3887,#3885,#1703,.T.);
#4901=EDGE_CURVE('',#3531,#3888,#2225,.T.);
#4902=EDGE_CURVE('',#3888,#3887,#1704,.T.);
#4903=EDGE_CURVE('',#3530,#3889,#2226,.T.);
#4904=EDGE_CURVE('',#3889,#3888,#1705,.T.);
#4905=EDGE_CURVE('',#3529,#3890,#2227,.T.);
#4906=EDGE_CURVE('',#3890,#3889,#2228,.T.);
#4907=EDGE_CURVE('',#3528,#3891,#2229,.T.);
#4908=EDGE_CURVE('',#3891,#3890,#2230,.T.);
#4909=EDGE_CURVE('',#3527,#3892,#2231,.T.);
#4910=EDGE_CURVE('',#3892,#3891,#2232,.T.);
#4911=EDGE_CURVE('',#3526,#3893,#2233,.T.);
#4912=EDGE_CURVE('',#3893,#3892,#2234,.T.);
#4913=EDGE_CURVE('',#3525,#3894,#2235,.T.);
#4914=EDGE_CURVE('',#3894,#3893,#1706,.T.);
#4915=EDGE_CURVE('',#3524,#3895,#2236,.T.);
#4916=EDGE_CURVE('',#3895,#3894,#1707,.T.);
#4917=EDGE_CURVE('',#3523,#3896,#2237,.T.);
#4918=EDGE_CURVE('',#3896,#3895,#1708,.T.);
#4919=EDGE_CURVE('',#3522,#3897,#2238,.T.);
#4920=EDGE_CURVE('',#3897,#3896,#2239,.T.);
#4921=EDGE_CURVE('',#3521,#3898,#2240,.T.);
#4922=EDGE_CURVE('',#3898,#3897,#1709,.T.);
#4923=EDGE_CURVE('',#3520,#3899,#2241,.T.);
#4924=EDGE_CURVE('',#3899,#3898,#2242,.T.);
#4925=EDGE_CURVE('',#3519,#3900,#2243,.T.);
#4926=EDGE_CURVE('',#3900,#3899,#2244,.T.);
#4927=EDGE_CURVE('',#3518,#3901,#2245,.T.);
#4928=EDGE_CURVE('',#3901,#3900,#2246,.T.);
#4929=EDGE_CURVE('',#3517,#3902,#2247,.T.);
#4930=EDGE_CURVE('',#3902,#3901,#1710,.T.);
#4931=EDGE_CURVE('',#3516,#3903,#2248,.T.);
#4932=EDGE_CURVE('',#3903,#3902,#2249,.T.);
#4933=EDGE_CURVE('',#3515,#3904,#2250,.T.);
#4934=EDGE_CURVE('',#3904,#3903,#2251,.T.);
#4935=EDGE_CURVE('',#3514,#3905,#2252,.T.);
#4936=EDGE_CURVE('',#3905,#3904,#1711,.T.);
#4937=EDGE_CURVE('',#3513,#3906,#2253,.T.);
#4938=EDGE_CURVE('',#3906,#3905,#1712,.T.);
#4939=EDGE_CURVE('',#3512,#3907,#2254,.T.);
#4940=EDGE_CURVE('',#3907,#3906,#1713,.T.);
#4941=EDGE_CURVE('',#3511,#3908,#2255,.T.);
#4942=EDGE_CURVE('',#3908,#3907,#2256,.T.);
#4943=EDGE_CURVE('',#3510,#3909,#2257,.T.);
#4944=EDGE_CURVE('',#3909,#3908,#2258,.T.);
#4945=EDGE_CURVE('',#3509,#3910,#2259,.T.);
#4946=EDGE_CURVE('',#3910,#3909,#1714,.T.);
#4947=EDGE_CURVE('',#3508,#3911,#2260,.T.);
#4948=EDGE_CURVE('',#3911,#3910,#1715,.T.);
#4949=EDGE_CURVE('',#3886,#3911,#2261,.T.);
#4950=EDGE_CURVE('',#3912,#3913,#1716,.T.);
#4951=EDGE_CURVE('',#3912,#3914,#2262,.T.);
#4952=EDGE_CURVE('',#3914,#3915,#1717,.T.);
#4953=EDGE_CURVE('',#3913,#3915,#2263,.T.);
#4954=EDGE_CURVE('',#3913,#3916,#2264,.T.);
#4955=EDGE_CURVE('',#3915,#3917,#2265,.T.);
#4956=EDGE_CURVE('',#3916,#3917,#2266,.T.);
#4957=EDGE_CURVE('',#3916,#3918,#1718,.T.);
#4958=EDGE_CURVE('',#3917,#3919,#1719,.T.);
#4959=EDGE_CURVE('',#3918,#3919,#2267,.T.);
#4960=EDGE_CURVE('',#3918,#3920,#2268,.T.);
#4961=EDGE_CURVE('',#3919,#3921,#2269,.T.);
#4962=EDGE_CURVE('',#3920,#3921,#2270,.T.);
#4963=EDGE_CURVE('',#3920,#3922,#1720,.T.);
#4964=EDGE_CURVE('',#3921,#3923,#1721,.T.);
#4965=EDGE_CURVE('',#3922,#3923,#2271,.T.);
#4966=EDGE_CURVE('',#3922,#3924,#2272,.T.);
#4967=EDGE_CURVE('',#3923,#3925,#2273,.T.);
#4968=EDGE_CURVE('',#3924,#3925,#2274,.T.);
#4969=EDGE_CURVE('',#3924,#3926,#1722,.T.);
#4970=EDGE_CURVE('',#3925,#3927,#1723,.T.);
#4971=EDGE_CURVE('',#3926,#3927,#2275,.T.);
#4972=EDGE_CURVE('',#3926,#3912,#2276,.T.);
#4973=EDGE_CURVE('',#3927,#3914,#2277,.T.);
#4974=EDGE_CURVE('',#3533,#3928,#2278,.T.);
#4975=EDGE_CURVE('',#3928,#3929,#2279,.T.);
#4976=EDGE_CURVE('',#3534,#3929,#2280,.T.);
#4977=EDGE_CURVE('',#3540,#3930,#2281,.T.);
#4978=EDGE_CURVE('',#3930,#3928,#1724,.T.);
#4979=EDGE_CURVE('',#3539,#3931,#2282,.T.);
#4980=EDGE_CURVE('',#3931,#3930,#2283,.T.);
#4981=EDGE_CURVE('',#3538,#3932,#2284,.T.);
#4982=EDGE_CURVE('',#3932,#3931,#1725,.T.);
#4983=EDGE_CURVE('',#3537,#3933,#2285,.T.);
#4984=EDGE_CURVE('',#3933,#3932,#2286,.T.);
#4985=EDGE_CURVE('',#3536,#3934,#2287,.T.);
#4986=EDGE_CURVE('',#3934,#3933,#1726,.T.);
#4987=EDGE_CURVE('',#3535,#3935,#2288,.T.);
#4988=EDGE_CURVE('',#3935,#3934,#2289,.T.);
#4989=EDGE_CURVE('',#3929,#3935,#1727,.T.);
#4990=EDGE_CURVE('',#3541,#3936,#2290,.T.);
#4991=EDGE_CURVE('',#3936,#3937,#2291,.T.);
#4992=EDGE_CURVE('',#3542,#3937,#2292,.T.);
#4993=EDGE_CURVE('',#3554,#3938,#2293,.T.);
#4994=EDGE_CURVE('',#3938,#3936,#1728,.T.);
#4995=EDGE_CURVE('',#3553,#3939,#2294,.T.);
#4996=EDGE_CURVE('',#3939,#3938,#1729,.T.);
#4997=EDGE_CURVE('',#3552,#3940,#2295,.T.);
#4998=EDGE_CURVE('',#3940,#3939,#1730,.T.);
#4999=EDGE_CURVE('',#3551,#3941,#2296,.T.);
#5000=EDGE_CURVE('',#3941,#3940,#2297,.T.);
#5001=EDGE_CURVE('',#3550,#3942,#2298,.T.);
#5002=EDGE_CURVE('',#3942,#3941,#1731,.T.);
#5003=EDGE_CURVE('',#3549,#3943,#2299,.T.);
#5004=EDGE_CURVE('',#3943,#3942,#1732,.T.);
#5005=EDGE_CURVE('',#3548,#3944,#2300,.T.);
#5006=EDGE_CURVE('',#3944,#3943,#1733,.T.);
#5007=EDGE_CURVE('',#3547,#3945,#2301,.T.);
#5008=EDGE_CURVE('',#3945,#3944,#1734,.T.);
#5009=EDGE_CURVE('',#3546,#3946,#2302,.T.);
#5010=EDGE_CURVE('',#3946,#3945,#2303,.T.);
#5011=EDGE_CURVE('',#3545,#3947,#2304,.T.);
#5012=EDGE_CURVE('',#3947,#3946,#2305,.T.);
#5013=EDGE_CURVE('',#3544,#3948,#2306,.T.);
#5014=EDGE_CURVE('',#3948,#3947,#1735,.T.);
#5015=EDGE_CURVE('',#3543,#3949,#2307,.T.);
#5016=EDGE_CURVE('',#3949,#3948,#1736,.T.);
#5017=EDGE_CURVE('',#3937,#3949,#1737,.T.);
#5018=EDGE_CURVE('',#3555,#3950,#2308,.T.);
#5019=EDGE_CURVE('',#3950,#3951,#2309,.T.);
#5020=EDGE_CURVE('',#3556,#3951,#2310,.T.);
#5021=EDGE_CURVE('',#3570,#3952,#2311,.T.);
#5022=EDGE_CURVE('',#3952,#3950,#2312,.T.);
#5023=EDGE_CURVE('',#3569,#3953,#2313,.T.);
#5024=EDGE_CURVE('',#3953,#3952,#1738,.T.);
#5025=EDGE_CURVE('',#3568,#3954,#2314,.T.);
#5026=EDGE_CURVE('',#3954,#3953,#1739,.T.);
#5027=EDGE_CURVE('',#3567,#3955,#2315,.T.);
#5028=EDGE_CURVE('',#3955,#3954,#2316,.T.);
#5029=EDGE_CURVE('',#3566,#3956,#2317,.T.);
#5030=EDGE_CURVE('',#3956,#3955,#1740,.T.);
#5031=EDGE_CURVE('',#3565,#3957,#2318,.T.);
#5032=EDGE_CURVE('',#3957,#3956,#2319,.T.);
#5033=EDGE_CURVE('',#3564,#3958,#2320,.T.);
#5034=EDGE_CURVE('',#3958,#3957,#1741,.T.);
#5035=EDGE_CURVE('',#3563,#3959,#2321,.T.);
#5036=EDGE_CURVE('',#3959,#3958,#1742,.T.);
#5037=EDGE_CURVE('',#3562,#3960,#2322,.T.);
#5038=EDGE_CURVE('',#3960,#3959,#1743,.T.);
#5039=EDGE_CURVE('',#3561,#3961,#2323,.T.);
#5040=EDGE_CURVE('',#3961,#3960,#2324,.T.);
#5041=EDGE_CURVE('',#3560,#3962,#2325,.T.);
#5042=EDGE_CURVE('',#3962,#3961,#2326,.T.);
#5043=EDGE_CURVE('',#3559,#3963,#2327,.T.);
#5044=EDGE_CURVE('',#3963,#3962,#1744,.T.);
#5045=EDGE_CURVE('',#3558,#3964,#2328,.T.);
#5046=EDGE_CURVE('',#3964,#3963,#1745,.T.);
#5047=EDGE_CURVE('',#3557,#3965,#2329,.T.);
#5048=EDGE_CURVE('',#3965,#3964,#1746,.T.);
#5049=EDGE_CURVE('',#3951,#3965,#2330,.T.);
#5050=EDGE_CURVE('',#3571,#3966,#2331,.T.);
#5051=EDGE_CURVE('',#3966,#3967,#1747,.T.);
#5052=EDGE_CURVE('',#3572,#3967,#2332,.T.);
#5053=EDGE_CURVE('',#3601,#3968,#2333,.T.);
#5054=EDGE_CURVE('',#3968,#3966,#1748,.T.);
#5055=EDGE_CURVE('',#3600,#3969,#2334,.T.);
#5056=EDGE_CURVE('',#3969,#3968,#1749,.T.);
#5057=EDGE_CURVE('',#3599,#3970,#2335,.T.);
#5058=EDGE_CURVE('',#3970,#3969,#1750,.T.);
#5059=EDGE_CURVE('',#3598,#3971,#2336,.T.);
#5060=EDGE_CURVE('',#3971,#3970,#2337,.T.);
#5061=EDGE_CURVE('',#3597,#3972,#2338,.T.);
#5062=EDGE_CURVE('',#3972,#3971,#1751,.T.);
#5063=EDGE_CURVE('',#3596,#3973,#2339,.T.);
#5064=EDGE_CURVE('',#3973,#3972,#1752,.T.);
#5065=EDGE_CURVE('',#3595,#3974,#2340,.T.);
#5066=EDGE_CURVE('',#3974,#3973,#1753,.T.);
#5067=EDGE_CURVE('',#3594,#3975,#2341,.T.);
#5068=EDGE_CURVE('',#3975,#3974,#1754,.T.);
#5069=EDGE_CURVE('',#3593,#3976,#2342,.T.);
#5070=EDGE_CURVE('',#3976,#3975,#1755,.T.);
#5071=EDGE_CURVE('',#3592,#3977,#2343,.T.);
#5072=EDGE_CURVE('',#3977,#3976,#1756,.T.);
#5073=EDGE_CURVE('',#3591,#3978,#2344,.T.);
#5074=EDGE_CURVE('',#3978,#3977,#1757,.T.);
#5075=EDGE_CURVE('',#3590,#3979,#2345,.T.);
#5076=EDGE_CURVE('',#3979,#3978,#1758,.T.);
#5077=EDGE_CURVE('',#3589,#3980,#2346,.T.);
#5078=EDGE_CURVE('',#3980,#3979,#1759,.T.);
#5079=EDGE_CURVE('',#3588,#3981,#2347,.T.);
#5080=EDGE_CURVE('',#3981,#3980,#1760,.T.);
#5081=EDGE_CURVE('',#3587,#3982,#2348,.T.);
#5082=EDGE_CURVE('',#3982,#3981,#1761,.T.);
#5083=EDGE_CURVE('',#3586,#3983,#2349,.T.);
#5084=EDGE_CURVE('',#3983,#3982,#1762,.T.);
#5085=EDGE_CURVE('',#3585,#3984,#2350,.T.);
#5086=EDGE_CURVE('',#3984,#3983,#1763,.T.);
#5087=EDGE_CURVE('',#3584,#3985,#2351,.T.);
#5088=EDGE_CURVE('',#3985,#3984,#1764,.T.);
#5089=EDGE_CURVE('',#3583,#3986,#2352,.T.);
#5090=EDGE_CURVE('',#3986,#3985,#1765,.T.);
#5091=EDGE_CURVE('',#3582,#3987,#2353,.T.);
#5092=EDGE_CURVE('',#3987,#3986,#2354,.T.);
#5093=EDGE_CURVE('',#3581,#3988,#2355,.T.);
#5094=EDGE_CURVE('',#3988,#3987,#1766,.T.);
#5095=EDGE_CURVE('',#3580,#3989,#2356,.T.);
#5096=EDGE_CURVE('',#3989,#3988,#1767,.T.);
#5097=EDGE_CURVE('',#3579,#3990,#2357,.T.);
#5098=EDGE_CURVE('',#3990,#3989,#2358,.T.);
#5099=EDGE_CURVE('',#3578,#3991,#2359,.T.);
#5100=EDGE_CURVE('',#3991,#3990,#1768,.T.);
#5101=EDGE_CURVE('',#3577,#3992,#2360,.T.);
#5102=EDGE_CURVE('',#3992,#3991,#1769,.T.);
#5103=EDGE_CURVE('',#3576,#3993,#2361,.T.);
#5104=EDGE_CURVE('',#3993,#3992,#1770,.T.);
#5105=EDGE_CURVE('',#3575,#3994,#2362,.T.);
#5106=EDGE_CURVE('',#3994,#3993,#1771,.T.);
#5107=EDGE_CURVE('',#3574,#3995,#2363,.T.);
#5108=EDGE_CURVE('',#3995,#3994,#1772,.T.);
#5109=EDGE_CURVE('',#3573,#3996,#2364,.T.);
#5110=EDGE_CURVE('',#3996,#3995,#1773,.T.);
#5111=EDGE_CURVE('',#3967,#3996,#1774,.T.);
#5112=EDGE_CURVE('',#3602,#3997,#2365,.T.);
#5113=EDGE_CURVE('',#3997,#3998,#2366,.T.);
#5114=EDGE_CURVE('',#3603,#3998,#2367,.T.);
#5115=EDGE_CURVE('',#3619,#3999,#2368,.T.);
#5116=EDGE_CURVE('',#3999,#3997,#1775,.T.);
#5117=EDGE_CURVE('',#3618,#4000,#2369,.T.);
#5118=EDGE_CURVE('',#4000,#3999,#1776,.T.);
#5119=EDGE_CURVE('',#3617,#4001,#2370,.T.);
#5120=EDGE_CURVE('',#4001,#4000,#1777,.T.);
#5121=EDGE_CURVE('',#3616,#4002,#2371,.T.);
#5122=EDGE_CURVE('',#4002,#4001,#2372,.T.);
#5123=EDGE_CURVE('',#3615,#4003,#2373,.T.);
#5124=EDGE_CURVE('',#4003,#4002,#1778,.T.);
#5125=EDGE_CURVE('',#3614,#4004,#2374,.T.);
#5126=EDGE_CURVE('',#4004,#4003,#2375,.T.);
#5127=EDGE_CURVE('',#3613,#4005,#2376,.T.);
#5128=EDGE_CURVE('',#4005,#4004,#1779,.T.);
#5129=EDGE_CURVE('',#3612,#4006,#2377,.T.);
#5130=EDGE_CURVE('',#4006,#4005,#1780,.T.);
#5131=EDGE_CURVE('',#3611,#4007,#2378,.T.);
#5132=EDGE_CURVE('',#4007,#4006,#1781,.T.);
#5133=EDGE_CURVE('',#3610,#4008,#2379,.T.);
#5134=EDGE_CURVE('',#4008,#4007,#2380,.T.);
#5135=EDGE_CURVE('',#3609,#4009,#2381,.T.);
#5136=EDGE_CURVE('',#4009,#4008,#1782,.T.);
#5137=EDGE_CURVE('',#3608,#4010,#2382,.T.);
#5138=EDGE_CURVE('',#4010,#4009,#1783,.T.);
#5139=EDGE_CURVE('',#3607,#4011,#2383,.T.);
#5140=EDGE_CURVE('',#4011,#4010,#1784,.T.);
#5141=EDGE_CURVE('',#3606,#4012,#2384,.T.);
#5142=EDGE_CURVE('',#4012,#4011,#2385,.T.);
#5143=EDGE_CURVE('',#3605,#4013,#2386,.T.);
#5144=EDGE_CURVE('',#4013,#4012,#1785,.T.);
#5145=EDGE_CURVE('',#3604,#4014,#2387,.T.);
#5146=EDGE_CURVE('',#4014,#4013,#2388,.T.);
#5147=EDGE_CURVE('',#3998,#4014,#1786,.T.);
#5148=EDGE_CURVE('',#3620,#4015,#2389,.T.);
#5149=EDGE_CURVE('',#4015,#4016,#1787,.T.);
#5150=EDGE_CURVE('',#3621,#4016,#2390,.T.);
#5151=EDGE_CURVE('',#3640,#4017,#2391,.T.);
#5152=EDGE_CURVE('',#4017,#4015,#1788,.T.);
#5153=EDGE_CURVE('',#3639,#4018,#2392,.T.);
#5154=EDGE_CURVE('',#4018,#4017,#1789,.T.);
#5155=EDGE_CURVE('',#3638,#4019,#2393,.T.);
#5156=EDGE_CURVE('',#4019,#4018,#1790,.T.);
#5157=EDGE_CURVE('',#3637,#4020,#2394,.T.);
#5158=EDGE_CURVE('',#4020,#4019,#1791,.T.);
#5159=EDGE_CURVE('',#3636,#4021,#2395,.T.);
#5160=EDGE_CURVE('',#4021,#4020,#1792,.T.);
#5161=EDGE_CURVE('',#3635,#4022,#2396,.T.);
#5162=EDGE_CURVE('',#4022,#4021,#2397,.T.);
#5163=EDGE_CURVE('',#3634,#4023,#2398,.T.);
#5164=EDGE_CURVE('',#4023,#4022,#1793,.T.);
#5165=EDGE_CURVE('',#3633,#4024,#2399,.T.);
#5166=EDGE_CURVE('',#4024,#4023,#1794,.T.);
#5167=EDGE_CURVE('',#3632,#4025,#2400,.T.);
#5168=EDGE_CURVE('',#4025,#4024,#1795,.T.);
#5169=EDGE_CURVE('',#3631,#4026,#2401,.T.);
#5170=EDGE_CURVE('',#4026,#4025,#1796,.T.);
#5171=EDGE_CURVE('',#3630,#4027,#2402,.T.);
#5172=EDGE_CURVE('',#4027,#4026,#1797,.T.);
#5173=EDGE_CURVE('',#3629,#4028,#2403,.T.);
#5174=EDGE_CURVE('',#4028,#4027,#1798,.T.);
#5175=EDGE_CURVE('',#3628,#4029,#2404,.T.);
#5176=EDGE_CURVE('',#4029,#4028,#2405,.T.);
#5177=EDGE_CURVE('',#3627,#4030,#2406,.T.);
#5178=EDGE_CURVE('',#4030,#4029,#1799,.T.);
#5179=EDGE_CURVE('',#3626,#4031,#2407,.T.);
#5180=EDGE_CURVE('',#4031,#4030,#1800,.T.);
#5181=EDGE_CURVE('',#3625,#4032,#2408,.T.);
#5182=EDGE_CURVE('',#4032,#4031,#2409,.T.);
#5183=EDGE_CURVE('',#3624,#4033,#2410,.T.);
#5184=EDGE_CURVE('',#4033,#4032,#1801,.T.);
#5185=EDGE_CURVE('',#3623,#4034,#2411,.T.);
#5186=EDGE_CURVE('',#4034,#4033,#1802,.T.);
#5187=EDGE_CURVE('',#3622,#4035,#2412,.T.);
#5188=EDGE_CURVE('',#4035,#4034,#2413,.T.);
#5189=EDGE_CURVE('',#4016,#4035,#2414,.T.);
#5190=EDGE_CURVE('',#3641,#4036,#2415,.T.);
#5191=EDGE_CURVE('',#4036,#4037,#1803,.T.);
#5192=EDGE_CURVE('',#3642,#4037,#2416,.T.);
#5193=EDGE_CURVE('',#3657,#4038,#2417,.T.);
#5194=EDGE_CURVE('',#4038,#4036,#1804,.T.);
#5195=EDGE_CURVE('',#3656,#4039,#2418,.T.);
#5196=EDGE_CURVE('',#4039,#4038,#2419,.T.);
#5197=EDGE_CURVE('',#3655,#4040,#2420,.T.);
#5198=EDGE_CURVE('',#4040,#4039,#1805,.T.);
#5199=EDGE_CURVE('',#3654,#4041,#2421,.T.);
#5200=EDGE_CURVE('',#4041,#4040,#1806,.T.);
#5201=EDGE_CURVE('',#3653,#4042,#2422,.T.);
#5202=EDGE_CURVE('',#4042,#4041,#1807,.T.);
#5203=EDGE_CURVE('',#3652,#4043,#2423,.T.);
#5204=EDGE_CURVE('',#4043,#4042,#2424,.T.);
#5205=EDGE_CURVE('',#3651,#4044,#2425,.T.);
#5206=EDGE_CURVE('',#4044,#4043,#1808,.T.);
#5207=EDGE_CURVE('',#3650,#4045,#2426,.T.);
#5208=EDGE_CURVE('',#4045,#4044,#1809,.T.);
#5209=EDGE_CURVE('',#3649,#4046,#2427,.T.);
#5210=EDGE_CURVE('',#4046,#4045,#2428,.T.);
#5211=EDGE_CURVE('',#3648,#4047,#2429,.T.);
#5212=EDGE_CURVE('',#4047,#4046,#1810,.T.);
#5213=EDGE_CURVE('',#3647,#4048,#2430,.T.);
#5214=EDGE_CURVE('',#4048,#4047,#1811,.T.);
#5215=EDGE_CURVE('',#3646,#4049,#2431,.T.);
#5216=EDGE_CURVE('',#4049,#4048,#2432,.T.);
#5217=EDGE_CURVE('',#3645,#4050,#2433,.T.);
#5218=EDGE_CURVE('',#4050,#4049,#1812,.T.);
#5219=EDGE_CURVE('',#3644,#4051,#2434,.T.);
#5220=EDGE_CURVE('',#4051,#4050,#2435,.T.);
#5221=EDGE_CURVE('',#3643,#4052,#2436,.T.);
#5222=EDGE_CURVE('',#4052,#4051,#1813,.T.);
#5223=EDGE_CURVE('',#4037,#4052,#2437,.T.);
#5224=EDGE_CURVE('',#3658,#4053,#2438,.T.);
#5225=EDGE_CURVE('',#4053,#4054,#1814,.T.);
#5226=EDGE_CURVE('',#3659,#4054,#2439,.T.);
#5227=EDGE_CURVE('',#3674,#4055,#2440,.T.);
#5228=EDGE_CURVE('',#4055,#4053,#1815,.T.);
#5229=EDGE_CURVE('',#3673,#4056,#2441,.T.);
#5230=EDGE_CURVE('',#4056,#4055,#2442,.T.);
#5231=EDGE_CURVE('',#3672,#4057,#2443,.T.);
#5232=EDGE_CURVE('',#4057,#4056,#1816,.T.);
#5233=EDGE_CURVE('',#3671,#4058,#2444,.T.);
#5234=EDGE_CURVE('',#4058,#4057,#1817,.T.);
#5235=EDGE_CURVE('',#3670,#4059,#2445,.T.);
#5236=EDGE_CURVE('',#4059,#4058,#1818,.T.);
#5237=EDGE_CURVE('',#3669,#4060,#2446,.T.);
#5238=EDGE_CURVE('',#4060,#4059,#2447,.T.);
#5239=EDGE_CURVE('',#3668,#4061,#2448,.T.);
#5240=EDGE_CURVE('',#4061,#4060,#1819,.T.);
#5241=EDGE_CURVE('',#3667,#4062,#2449,.T.);
#5242=EDGE_CURVE('',#4062,#4061,#1820,.T.);
#5243=EDGE_CURVE('',#3666,#4063,#2450,.T.);
#5244=EDGE_CURVE('',#4063,#4062,#2451,.T.);
#5245=EDGE_CURVE('',#3665,#4064,#2452,.T.);
#5246=EDGE_CURVE('',#4064,#4063,#1821,.T.);
#5247=EDGE_CURVE('',#3664,#4065,#2453,.T.);
#5248=EDGE_CURVE('',#4065,#4064,#1822,.T.);
#5249=EDGE_CURVE('',#3663,#4066,#2454,.T.);
#5250=EDGE_CURVE('',#4066,#4065,#2455,.T.);
#5251=EDGE_CURVE('',#3662,#4067,#2456,.T.);
#5252=EDGE_CURVE('',#4067,#4066,#1823,.T.);
#5253=EDGE_CURVE('',#3661,#4068,#2457,.T.);
#5254=EDGE_CURVE('',#4068,#4067,#2458,.T.);
#5255=EDGE_CURVE('',#3660,#4069,#2459,.T.);
#5256=EDGE_CURVE('',#4069,#4068,#1824,.T.);
#5257=EDGE_CURVE('',#4054,#4069,#2460,.T.);
#5258=EDGE_CURVE('',#3675,#4070,#2461,.T.);
#5259=EDGE_CURVE('',#4070,#4071,#2462,.T.);
#5260=EDGE_CURVE('',#3676,#4071,#2463,.T.);
#5261=EDGE_CURVE('',#3693,#4072,#2464,.T.);
#5262=EDGE_CURVE('',#4072,#4070,#1825,.T.);
#5263=EDGE_CURVE('',#3692,#4073,#2465,.T.);
#5264=EDGE_CURVE('',#4073,#4072,#1826,.T.);
#5265=EDGE_CURVE('',#3691,#4074,#2466,.T.);
#5266=EDGE_CURVE('',#4074,#4073,#1827,.T.);
#5267=EDGE_CURVE('',#3690,#4075,#2467,.T.);
#5268=EDGE_CURVE('',#4075,#4074,#2468,.T.);
#5269=EDGE_CURVE('',#3689,#4076,#2469,.T.);
#5270=EDGE_CURVE('',#4076,#4075,#2470,.T.);
#5271=EDGE_CURVE('',#3688,#4077,#2471,.T.);
#5272=EDGE_CURVE('',#4077,#4076,#1828,.T.);
#5273=EDGE_CURVE('',#3687,#4078,#2472,.T.);
#5274=EDGE_CURVE('',#4078,#4077,#1829,.T.);
#5275=EDGE_CURVE('',#3686,#4079,#2473,.T.);
#5276=EDGE_CURVE('',#4079,#4078,#1830,.T.);
#5277=EDGE_CURVE('',#3685,#4080,#2474,.T.);
#5278=EDGE_CURVE('',#4080,#4079,#2475,.T.);
#5279=EDGE_CURVE('',#3684,#4081,#2476,.T.);
#5280=EDGE_CURVE('',#4081,#4080,#2477,.T.);
#5281=EDGE_CURVE('',#3683,#4082,#2478,.T.);
#5282=EDGE_CURVE('',#4082,#4081,#1831,.T.);
#5283=EDGE_CURVE('',#3682,#4083,#2479,.T.);
#5284=EDGE_CURVE('',#4083,#4082,#1832,.T.);
#5285=EDGE_CURVE('',#3681,#4084,#2480,.T.);
#5286=EDGE_CURVE('',#4084,#4083,#1833,.T.);
#5287=EDGE_CURVE('',#3680,#4085,#2481,.T.);
#5288=EDGE_CURVE('',#4085,#4084,#2482,.T.);
#5289=EDGE_CURVE('',#3679,#4086,#2483,.T.);
#5290=EDGE_CURVE('',#4086,#4085,#2484,.T.);
#5291=EDGE_CURVE('',#3678,#4087,#2485,.T.);
#5292=EDGE_CURVE('',#4087,#4086,#1834,.T.);
#5293=EDGE_CURVE('',#3677,#4088,#2486,.T.);
#5294=EDGE_CURVE('',#4088,#4087,#1835,.T.);
#5295=EDGE_CURVE('',#4071,#4088,#2487,.T.);
#5296=EDGE_CURVE('',#3694,#4089,#2488,.T.);
#5297=EDGE_CURVE('',#4089,#4090,#2489,.T.);
#5298=EDGE_CURVE('',#3695,#4090,#2490,.T.);
#5299=EDGE_CURVE('',#3708,#4091,#2491,.T.);
#5300=EDGE_CURVE('',#4091,#4089,#1836,.T.);
#5301=EDGE_CURVE('',#3707,#4092,#2492,.T.);
#5302=EDGE_CURVE('',#4092,#4091,#2493,.T.);
#5303=EDGE_CURVE('',#3706,#4093,#2494,.T.);
#5304=EDGE_CURVE('',#4093,#4092,#1837,.T.);
#5305=EDGE_CURVE('',#3705,#4094,#2495,.T.);
#5306=EDGE_CURVE('',#4094,#4093,#2496,.T.);
#5307=EDGE_CURVE('',#3704,#4095,#2497,.T.);
#5308=EDGE_CURVE('',#4095,#4094,#1838,.T.);
#5309=EDGE_CURVE('',#3703,#4096,#2498,.T.);
#5310=EDGE_CURVE('',#4096,#4095,#1839,.T.);
#5311=EDGE_CURVE('',#3702,#4097,#2499,.T.);
#5312=EDGE_CURVE('',#4097,#4096,#1840,.T.);
#5313=EDGE_CURVE('',#3701,#4098,#2500,.T.);
#5314=EDGE_CURVE('',#4098,#4097,#2501,.T.);
#5315=EDGE_CURVE('',#3700,#4099,#2502,.T.);
#5316=EDGE_CURVE('',#4099,#4098,#2503,.T.);
#5317=EDGE_CURVE('',#3699,#4100,#2504,.T.);
#5318=EDGE_CURVE('',#4100,#4099,#1841,.T.);
#5319=EDGE_CURVE('',#3698,#4101,#2505,.T.);
#5320=EDGE_CURVE('',#4101,#4100,#2506,.T.);
#5321=EDGE_CURVE('',#3697,#4102,#2507,.T.);
#5322=EDGE_CURVE('',#4102,#4101,#1842,.T.);
#5323=EDGE_CURVE('',#3696,#4103,#2508,.T.);
#5324=EDGE_CURVE('',#4103,#4102,#1843,.T.);
#5325=EDGE_CURVE('',#4090,#4103,#1844,.T.);
#5326=EDGE_CURVE('',#4104,#4105,#1845,.T.);
#5327=EDGE_CURVE('',#4104,#4106,#2509,.T.);
#5328=EDGE_CURVE('',#4106,#4107,#1846,.T.);
#5329=EDGE_CURVE('',#4105,#4107,#2510,.T.);
#5330=EDGE_CURVE('',#4105,#4108,#2511,.T.);
#5331=EDGE_CURVE('',#4107,#4109,#2512,.T.);
#5332=EDGE_CURVE('',#4108,#4109,#2513,.T.);
#5333=EDGE_CURVE('',#4108,#4110,#1847,.T.);
#5334=EDGE_CURVE('',#4109,#4111,#1848,.T.);
#5335=EDGE_CURVE('',#4110,#4111,#2514,.T.);
#5336=EDGE_CURVE('',#4110,#4112,#2515,.T.);
#5337=EDGE_CURVE('',#4111,#4113,#2516,.T.);
#5338=EDGE_CURVE('',#4112,#4113,#2517,.T.);
#5339=EDGE_CURVE('',#4112,#4114,#1849,.T.);
#5340=EDGE_CURVE('',#4113,#4115,#1850,.T.);
#5341=EDGE_CURVE('',#4114,#4115,#2518,.T.);
#5342=EDGE_CURVE('',#4114,#4116,#2519,.T.);
#5343=EDGE_CURVE('',#4115,#4117,#2520,.T.);
#5344=EDGE_CURVE('',#4116,#4117,#2521,.T.);
#5345=EDGE_CURVE('',#4116,#4118,#1851,.T.);
#5346=EDGE_CURVE('',#4117,#4119,#1852,.T.);
#5347=EDGE_CURVE('',#4118,#4119,#2522,.T.);
#5348=EDGE_CURVE('',#4118,#4104,#2523,.T.);
#5349=EDGE_CURVE('',#4119,#4106,#2524,.T.);
#5350=EDGE_CURVE('',#3709,#4120,#2525,.T.);
#5351=EDGE_CURVE('',#4120,#4121,#2526,.T.);
#5352=EDGE_CURVE('',#3710,#4121,#2527,.T.);
#5353=EDGE_CURVE('',#3716,#4122,#2528,.T.);
#5354=EDGE_CURVE('',#4122,#4120,#1853,.T.);
#5355=EDGE_CURVE('',#3715,#4123,#2529,.T.);
#5356=EDGE_CURVE('',#4123,#4122,#2530,.T.);
#5357=EDGE_CURVE('',#3714,#4124,#2531,.T.);
#5358=EDGE_CURVE('',#4124,#4123,#1854,.T.);
#5359=EDGE_CURVE('',#3713,#4125,#2532,.T.);
#5360=EDGE_CURVE('',#4125,#4124,#2533,.T.);
#5361=EDGE_CURVE('',#3712,#4126,#2534,.T.);
#5362=EDGE_CURVE('',#4126,#4125,#1855,.T.);
#5363=EDGE_CURVE('',#3711,#4127,#2535,.T.);
#5364=EDGE_CURVE('',#4127,#4126,#2536,.T.);
#5365=EDGE_CURVE('',#4121,#4127,#1856,.T.);
#5366=EDGE_CURVE('',#4128,#4129,#2537,.T.);
#5367=EDGE_CURVE('',#4128,#4130,#2538,.T.);
#5368=EDGE_CURVE('',#4130,#4131,#2539,.T.);
#5369=EDGE_CURVE('',#4129,#4131,#2540,.T.);
#5370=EDGE_CURVE('',#4129,#4132,#1857,.T.);
#5371=EDGE_CURVE('',#4131,#4133,#1858,.T.);
#5372=EDGE_CURVE('',#4132,#4133,#2541,.T.);
#5373=EDGE_CURVE('',#4132,#4134,#1859,.T.);
#5374=EDGE_CURVE('',#4133,#4135,#1860,.T.);
#5375=EDGE_CURVE('',#4134,#4135,#2542,.T.);
#5376=EDGE_CURVE('',#4134,#4136,#2543,.T.);
#5377=EDGE_CURVE('',#4135,#4137,#2544,.T.);
#5378=EDGE_CURVE('',#4136,#4137,#2545,.T.);
#5379=EDGE_CURVE('',#4136,#4138,#1861,.T.);
#5380=EDGE_CURVE('',#4137,#4139,#1862,.T.);
#5381=EDGE_CURVE('',#4138,#4139,#2546,.T.);
#5382=EDGE_CURVE('',#4138,#4140,#1863,.T.);
#5383=EDGE_CURVE('',#4139,#4141,#1864,.T.);
#5384=EDGE_CURVE('',#4140,#4141,#2547,.T.);
#5385=EDGE_CURVE('',#4140,#4142,#1865,.T.);
#5386=EDGE_CURVE('',#4141,#4143,#1866,.T.);
#5387=EDGE_CURVE('',#4142,#4143,#2548,.T.);
#5388=EDGE_CURVE('',#4142,#4144,#2549,.T.);
#5389=EDGE_CURVE('',#4143,#4145,#2550,.T.);
#5390=EDGE_CURVE('',#4144,#4145,#2551,.T.);
#5391=EDGE_CURVE('',#4144,#4128,#2552,.T.);
#5392=EDGE_CURVE('',#4145,#4130,#2553,.T.);
#5393=EDGE_CURVE('',#3717,#4146,#2554,.T.);
#5394=EDGE_CURVE('',#4146,#4147,#2555,.T.);
#5395=EDGE_CURVE('',#3718,#4147,#2556,.T.);
#5396=EDGE_CURVE('',#3731,#4148,#2557,.T.);
#5397=EDGE_CURVE('',#4148,#4146,#1867,.T.);
#5398=EDGE_CURVE('',#3730,#4149,#2558,.T.);
#5399=EDGE_CURVE('',#4149,#4148,#2559,.T.);
#5400=EDGE_CURVE('',#3729,#4150,#2560,.T.);
#5401=EDGE_CURVE('',#4150,#4149,#1868,.T.);
#5402=EDGE_CURVE('',#3728,#4151,#2561,.T.);
#5403=EDGE_CURVE('',#4151,#4150,#1869,.T.);
#5404=EDGE_CURVE('',#3727,#4152,#2562,.T.);
#5405=EDGE_CURVE('',#4152,#4151,#1870,.T.);
#5406=EDGE_CURVE('',#3726,#4153,#2563,.T.);
#5407=EDGE_CURVE('',#4153,#4152,#2564,.T.);
#5408=EDGE_CURVE('',#3725,#4154,#2565,.T.);
#5409=EDGE_CURVE('',#4154,#4153,#1871,.T.);
#5410=EDGE_CURVE('',#3724,#4155,#2566,.T.);
#5411=EDGE_CURVE('',#4155,#4154,#2567,.T.);
#5412=EDGE_CURVE('',#3723,#4156,#2568,.T.);
#5413=EDGE_CURVE('',#4156,#4155,#1872,.T.);
#5414=EDGE_CURVE('',#3722,#4157,#2569,.T.);
#5415=EDGE_CURVE('',#4157,#4156,#2570,.T.);
#5416=EDGE_CURVE('',#3721,#4158,#2571,.T.);
#5417=EDGE_CURVE('',#4158,#4157,#1873,.T.);
#5418=EDGE_CURVE('',#3720,#4159,#2572,.T.);
#5419=EDGE_CURVE('',#4159,#4158,#2573,.T.);
#5420=EDGE_CURVE('',#3719,#4160,#2574,.T.);
#5421=EDGE_CURVE('',#4160,#4159,#1874,.T.);
#5422=EDGE_CURVE('',#4147,#4160,#2575,.T.);
#5423=EDGE_CURVE('',#3732,#4161,#2576,.T.);
#5424=EDGE_CURVE('',#4161,#4162,#2577,.T.);
#5425=EDGE_CURVE('',#3733,#4162,#2578,.T.);
#5426=EDGE_CURVE('',#3739,#4163,#2579,.T.);
#5427=EDGE_CURVE('',#4163,#4161,#1875,.T.);
#5428=EDGE_CURVE('',#3738,#4164,#2580,.T.);
#5429=EDGE_CURVE('',#4164,#4163,#1876,.T.);
#5430=EDGE_CURVE('',#3737,#4165,#2581,.T.);
#5431=EDGE_CURVE('',#4165,#4164,#1877,.T.);
#5432=EDGE_CURVE('',#3736,#4166,#2582,.T.);
#5433=EDGE_CURVE('',#4166,#4165,#2583,.T.);
#5434=EDGE_CURVE('',#3735,#4167,#2584,.T.);
#5435=EDGE_CURVE('',#4167,#4166,#1878,.T.);
#5436=EDGE_CURVE('',#3734,#4168,#2585,.T.);
#5437=EDGE_CURVE('',#4168,#4167,#1879,.T.);
#5438=EDGE_CURVE('',#4162,#4168,#1880,.T.);
#5439=EDGE_CURVE('',#3740,#4169,#2586,.T.);
#5440=EDGE_CURVE('',#4169,#4170,#1881,.T.);
#5441=EDGE_CURVE('',#3741,#4170,#2587,.T.);
#5442=EDGE_CURVE('',#3744,#4171,#2588,.T.);
#5443=EDGE_CURVE('',#4171,#4169,#1882,.T.);
#5444=EDGE_CURVE('',#3743,#4172,#2589,.T.);
#5445=EDGE_CURVE('',#4172,#4171,#1883,.T.);
#5446=EDGE_CURVE('',#3742,#4173,#2590,.T.);
#5447=EDGE_CURVE('',#4173,#4172,#1884,.T.);
#5448=EDGE_CURVE('',#4170,#4173,#1885,.T.);
#5449=EDGE_CURVE('',#3745,#4174,#2591,.T.);
#5450=EDGE_CURVE('',#4174,#4175,#2592,.T.);
#5451=EDGE_CURVE('',#3746,#4175,#2593,.T.);
#5452=EDGE_CURVE('',#3761,#4176,#2594,.T.);
#5453=EDGE_CURVE('',#4176,#4174,#1886,.T.);
#5454=EDGE_CURVE('',#3760,#4177,#2595,.T.);
#5455=EDGE_CURVE('',#4177,#4176,#1887,.T.);
#5456=EDGE_CURVE('',#3759,#4178,#2596,.T.);
#5457=EDGE_CURVE('',#4178,#4177,#1888,.T.);
#5458=EDGE_CURVE('',#3758,#4179,#2597,.T.);
#5459=EDGE_CURVE('',#4179,#4178,#2598,.T.);
#5460=EDGE_CURVE('',#3757,#4180,#2599,.T.);
#5461=EDGE_CURVE('',#4180,#4179,#2600,.T.);
#5462=EDGE_CURVE('',#3756,#4181,#2601,.T.);
#5463=EDGE_CURVE('',#4181,#4180,#1889,.T.);
#5464=EDGE_CURVE('',#3755,#4182,#2602,.T.);
#5465=EDGE_CURVE('',#4182,#4181,#1890,.T.);
#5466=EDGE_CURVE('',#3754,#4183,#2603,.T.);
#5467=EDGE_CURVE('',#4183,#4182,#1891,.T.);
#5468=EDGE_CURVE('',#3753,#4184,#2604,.T.);
#5469=EDGE_CURVE('',#4184,#4183,#2605,.T.);
#5470=EDGE_CURVE('',#3752,#4185,#2606,.T.);
#5471=EDGE_CURVE('',#4185,#4184,#1892,.T.);
#5472=EDGE_CURVE('',#3751,#4186,#2607,.T.);
#5473=EDGE_CURVE('',#4186,#4185,#1893,.T.);
#5474=EDGE_CURVE('',#3750,#4187,#2608,.T.);
#5475=EDGE_CURVE('',#4187,#4186,#1894,.T.);
#5476=EDGE_CURVE('',#3749,#4188,#2609,.T.);
#5477=EDGE_CURVE('',#4188,#4187,#2610,.T.);
#5478=EDGE_CURVE('',#3748,#4189,#2611,.T.);
#5479=EDGE_CURVE('',#4189,#4188,#1895,.T.);
#5480=EDGE_CURVE('',#3747,#4190,#2612,.T.);
#5481=EDGE_CURVE('',#4190,#4189,#2613,.T.);
#5482=EDGE_CURVE('',#4175,#4190,#1896,.T.);
#5483=EDGE_CURVE('',#3347,#4191,#2614,.T.);
#5484=EDGE_CURVE('',#4191,#4191,#342,.T.);
#5485=EDGE_CURVE('',#3345,#4192,#2615,.T.);
#5486=EDGE_CURVE('',#4192,#4192,#343,.T.);
#5487=EDGE_CURVE('',#3343,#4193,#2616,.T.);
#5488=EDGE_CURVE('',#4193,#4193,#344,.T.);
#5489=ORIENTED_EDGE('',*,*,#4194,.T.);
#5490=ORIENTED_EDGE('',*,*,#4195,.T.);
#5491=ORIENTED_EDGE('',*,*,#4196,.T.);
#5492=ORIENTED_EDGE('',*,*,#4194,.F.);
#5493=ORIENTED_EDGE('',*,*,#4197,.T.);
#5494=ORIENTED_EDGE('',*,*,#4198,.F.);
#5495=ORIENTED_EDGE('',*,*,#4199,.T.);
#5496=ORIENTED_EDGE('',*,*,#4200,.F.);
#5497=ORIENTED_EDGE('',*,*,#4199,.F.);
#5498=ORIENTED_EDGE('',*,*,#4201,.F.);
#5499=ORIENTED_EDGE('',*,*,#4202,.T.);
#5500=ORIENTED_EDGE('',*,*,#4203,.T.);
#5501=ORIENTED_EDGE('',*,*,#4204,.T.);
#5502=ORIENTED_EDGE('',*,*,#4205,.T.);
#5503=ORIENTED_EDGE('',*,*,#4206,.T.);
#5504=ORIENTED_EDGE('',*,*,#4207,.T.);
#5505=ORIENTED_EDGE('',*,*,#4197,.F.);
#5506=ORIENTED_EDGE('',*,*,#4195,.F.);
#5507=ORIENTED_EDGE('',*,*,#4196,.F.);
#5508=ORIENTED_EDGE('',*,*,#4208,.T.);
#5509=ORIENTED_EDGE('',*,*,#4209,.T.);
#5510=ORIENTED_EDGE('',*,*,#4208,.F.);
#5511=ORIENTED_EDGE('',*,*,#4210,.T.);
#5512=ORIENTED_EDGE('',*,*,#4210,.F.);
#5513=ORIENTED_EDGE('',*,*,#4211,.T.);
#5514=ORIENTED_EDGE('',*,*,#4212,.T.);
#5515=ORIENTED_EDGE('',*,*,#4213,.T.);
#5516=ORIENTED_EDGE('',*,*,#4212,.F.);
#5517=ORIENTED_EDGE('',*,*,#4214,.F.);
#5518=ORIENTED_EDGE('',*,*,#4215,.F.);
#5519=ORIENTED_EDGE('',*,*,#4216,.F.);
#5520=ORIENTED_EDGE('',*,*,#4217,.F.);
#5521=ORIENTED_EDGE('',*,*,#4211,.F.);
#5522=ORIENTED_EDGE('',*,*,#4213,.F.);
#5523=ORIENTED_EDGE('',*,*,#4218,.T.);
#5524=ORIENTED_EDGE('',*,*,#4219,.T.);
#5525=ORIENTED_EDGE('',*,*,#4218,.F.);
#5526=ORIENTED_EDGE('',*,*,#4220,.T.);
#5527=ORIENTED_EDGE('',*,*,#4221,.T.);
#5528=ORIENTED_EDGE('',*,*,#4222,.T.);
#5529=ORIENTED_EDGE('',*,*,#4221,.F.);
#5530=ORIENTED_EDGE('',*,*,#4223,.F.);
#5531=ORIENTED_EDGE('',*,*,#4224,.F.);
#5532=ORIENTED_EDGE('',*,*,#4225,.F.);
#5533=ORIENTED_EDGE('',*,*,#4226,.F.);
#5534=ORIENTED_EDGE('',*,*,#4220,.F.);
#5535=ORIENTED_EDGE('',*,*,#4222,.F.);
#5536=ORIENTED_EDGE('',*,*,#4227,.T.);
#5537=ORIENTED_EDGE('',*,*,#4228,.T.);
#5538=ORIENTED_EDGE('',*,*,#4227,.F.);
#5539=ORIENTED_EDGE('',*,*,#4229,.T.);
#5540=ORIENTED_EDGE('',*,*,#4230,.T.);
#5541=ORIENTED_EDGE('',*,*,#4231,.T.);
#5542=ORIENTED_EDGE('',*,*,#4229,.F.);
#5543=ORIENTED_EDGE('',*,*,#4201,.T.);
#5544=ORIENTED_EDGE('',*,*,#4230,.F.);
#5545=ORIENTED_EDGE('',*,*,#4231,.F.);
#5546=ORIENTED_EDGE('',*,*,#4232,.T.);
#5547=ORIENTED_EDGE('',*,*,#4232,.F.);
#5548=ORIENTED_EDGE('',*,*,#4233,.T.);
#5549=ORIENTED_EDGE('',*,*,#4234,.T.);
#5550=ORIENTED_EDGE('',*,*,#4233,.F.);
#5551=ORIENTED_EDGE('',*,*,#4235,.T.);
#5552=ORIENTED_EDGE('',*,*,#4236,.T.);
#5553=ORIENTED_EDGE('',*,*,#4237,.T.);
#5554=ORIENTED_EDGE('',*,*,#4238,.F.);
#5555=ORIENTED_EDGE('',*,*,#4239,.T.);
#5556=ORIENTED_EDGE('',*,*,#4240,.T.);
#5557=ORIENTED_EDGE('',*,*,#4214,.T.);
#5558=ORIENTED_EDGE('',*,*,#4236,.F.);
#5559=ORIENTED_EDGE('',*,*,#4241,.T.);
#5560=ORIENTED_EDGE('',*,*,#4242,.T.);
#5561=ORIENTED_EDGE('',*,*,#4243,.T.);
#5562=ORIENTED_EDGE('',*,*,#4240,.F.);
#5563=ORIENTED_EDGE('',*,*,#4223,.T.);
#5564=ORIENTED_EDGE('',*,*,#4242,.F.);
#5565=ORIENTED_EDGE('',*,*,#4244,.T.);
#5566=ORIENTED_EDGE('',*,*,#4238,.T.);
#5567=ORIENTED_EDGE('',*,*,#4237,.F.);
#5568=ORIENTED_EDGE('',*,*,#4217,.T.);
#5569=ORIENTED_EDGE('',*,*,#4245,.F.);
#5570=ORIENTED_EDGE('',*,*,#4224,.T.);
#5571=ORIENTED_EDGE('',*,*,#4246,.F.);
#5572=ORIENTED_EDGE('',*,*,#4235,.F.);
#5573=ORIENTED_EDGE('',*,*,#4244,.F.);
#5574=ORIENTED_EDGE('',*,*,#4241,.F.);
#5575=ORIENTED_EDGE('',*,*,#4239,.F.);
#5576=ORIENTED_EDGE('',*,*,#4247,.F.);
#5577=ORIENTED_EDGE('',*,*,#4248,.F.);
#5578=ORIENTED_EDGE('',*,*,#4249,.F.);
#5579=ORIENTED_EDGE('',*,*,#4250,.T.);
#5580=ORIENTED_EDGE('',*,*,#4251,.F.);
#5581=ORIENTED_EDGE('',*,*,#4252,.F.);
#5582=ORIENTED_EDGE('',*,*,#4253,.F.);
#5583=ORIENTED_EDGE('',*,*,#4254,.T.);
#5584=ORIENTED_EDGE('',*,*,#4255,.T.);
#5585=ORIENTED_EDGE('',*,*,#4245,.T.);
#5586=ORIENTED_EDGE('',*,*,#4256,.F.);
#5587=ORIENTED_EDGE('',*,*,#4257,.T.);
#5588=ORIENTED_EDGE('',*,*,#4258,.T.);
#5589=ORIENTED_EDGE('',*,*,#4225,.T.);
#5590=ORIENTED_EDGE('',*,*,#4255,.F.);
#5591=ORIENTED_EDGE('',*,*,#4259,.T.);
#5592=ORIENTED_EDGE('',*,*,#4260,.T.);
#5593=ORIENTED_EDGE('',*,*,#4261,.T.);
#5594=ORIENTED_EDGE('',*,*,#4258,.F.);
#5595=ORIENTED_EDGE('',*,*,#4216,.T.);
#5596=ORIENTED_EDGE('',*,*,#4260,.F.);
#5597=ORIENTED_EDGE('',*,*,#4262,.T.);
#5598=ORIENTED_EDGE('',*,*,#4256,.T.);
#5599=ORIENTED_EDGE('',*,*,#4254,.F.);
#5600=ORIENTED_EDGE('',*,*,#4262,.F.);
#5601=ORIENTED_EDGE('',*,*,#4259,.F.);
#5602=ORIENTED_EDGE('',*,*,#4257,.F.);
#5603=ORIENTED_EDGE('',*,*,#4263,.F.);
#5604=ORIENTED_EDGE('',*,*,#4264,.F.);
#5605=ORIENTED_EDGE('',*,*,#4265,.F.);
#5606=ORIENTED_EDGE('',*,*,#4200,.T.);
#5607=ORIENTED_EDGE('',*,*,#4266,.F.);
#5608=ORIENTED_EDGE('',*,*,#4267,.F.);
#5609=ORIENTED_EDGE('',*,*,#4268,.F.);
#5610=ORIENTED_EDGE('',*,*,#4269,.T.);
#5611=ORIENTED_EDGE('',*,*,#4270,.T.);
#5612=ORIENTED_EDGE('',*,*,#4271,.T.);
#5613=ORIENTED_EDGE('',*,*,#4269,.F.);
#5614=ORIENTED_EDGE('',*,*,#4246,.T.);
#5615=ORIENTED_EDGE('',*,*,#4272,.F.);
#5616=ORIENTED_EDGE('',*,*,#4273,.F.);
#5617=ORIENTED_EDGE('',*,*,#4274,.T.);
#5618=ORIENTED_EDGE('',*,*,#4270,.F.);
#5619=ORIENTED_EDGE('',*,*,#4271,.F.);
#5620=ORIENTED_EDGE('',*,*,#4274,.F.);
#5621=ORIENTED_EDGE('',*,*,#4263,.T.);
#5622=ORIENTED_EDGE('',*,*,#4275,.T.);
#5623=ORIENTED_EDGE('',*,*,#4276,.T.);
#5624=ORIENTED_EDGE('',*,*,#4275,.F.);
#5625=ORIENTED_EDGE('',*,*,#4277,.F.);
#5626=ORIENTED_EDGE('',*,*,#4278,.T.);
#5627=ORIENTED_EDGE('',*,*,#4276,.F.);
#5628=ORIENTED_EDGE('',*,*,#4278,.F.);
#5629=ORIENTED_EDGE('',*,*,#4268,.T.);
#5630=ORIENTED_EDGE('',*,*,#4279,.T.);
#5631=ORIENTED_EDGE('',*,*,#4280,.T.);
#5632=ORIENTED_EDGE('',*,*,#4279,.F.);
#5633=ORIENTED_EDGE('',*,*,#4281,.F.);
#5634=ORIENTED_EDGE('',*,*,#4282,.T.);
#5635=ORIENTED_EDGE('',*,*,#4280,.F.);
#5636=ORIENTED_EDGE('',*,*,#4282,.F.);
#5637=ORIENTED_EDGE('',*,*,#4264,.T.);
#5638=ORIENTED_EDGE('',*,*,#4283,.T.);
#5639=ORIENTED_EDGE('',*,*,#4284,.T.);
#5640=ORIENTED_EDGE('',*,*,#4283,.F.);
#5641=ORIENTED_EDGE('',*,*,#4285,.F.);
#5642=ORIENTED_EDGE('',*,*,#4286,.T.);
#5643=ORIENTED_EDGE('',*,*,#4284,.F.);
#5644=ORIENTED_EDGE('',*,*,#4286,.F.);
#5645=ORIENTED_EDGE('',*,*,#4267,.T.);
#5646=ORIENTED_EDGE('',*,*,#4287,.T.);
#5647=ORIENTED_EDGE('',*,*,#4288,.T.);
#5648=ORIENTED_EDGE('',*,*,#4287,.F.);
#5649=ORIENTED_EDGE('',*,*,#4289,.F.);
#5650=ORIENTED_EDGE('',*,*,#4290,.T.);
#5651=ORIENTED_EDGE('',*,*,#4288,.F.);
#5652=ORIENTED_EDGE('',*,*,#4290,.F.);
#5653=ORIENTED_EDGE('',*,*,#4265,.T.);
#5654=ORIENTED_EDGE('',*,*,#4291,.T.);
#5655=ORIENTED_EDGE('',*,*,#4292,.T.);
#5656=ORIENTED_EDGE('',*,*,#4291,.F.);
#5657=ORIENTED_EDGE('',*,*,#4293,.F.);
#5658=ORIENTED_EDGE('',*,*,#4294,.T.);
#5659=ORIENTED_EDGE('',*,*,#4292,.F.);
#5660=ORIENTED_EDGE('',*,*,#4294,.F.);
#5661=ORIENTED_EDGE('',*,*,#4266,.T.);
#5662=ORIENTED_EDGE('',*,*,#4295,.T.);
#5663=ORIENTED_EDGE('',*,*,#4296,.T.);
#5664=ORIENTED_EDGE('',*,*,#4295,.F.);
#5665=ORIENTED_EDGE('',*,*,#4297,.F.);
#5666=ORIENTED_EDGE('',*,*,#4298,.T.);
#5667=ORIENTED_EDGE('',*,*,#4296,.F.);
#5668=ORIENTED_EDGE('',*,*,#4298,.F.);
#5669=ORIENTED_EDGE('',*,*,#4247,.T.);
#5670=ORIENTED_EDGE('',*,*,#4299,.T.);
#5671=ORIENTED_EDGE('',*,*,#4277,.T.);
#5672=ORIENTED_EDGE('',*,*,#4299,.F.);
#5673=ORIENTED_EDGE('',*,*,#4253,.T.);
#5674=ORIENTED_EDGE('',*,*,#4300,.T.);
#5675=ORIENTED_EDGE('',*,*,#4285,.T.);
#5676=ORIENTED_EDGE('',*,*,#4300,.F.);
#5677=ORIENTED_EDGE('',*,*,#4248,.T.);
#5678=ORIENTED_EDGE('',*,*,#4301,.T.);
#5679=ORIENTED_EDGE('',*,*,#4281,.T.);
#5680=ORIENTED_EDGE('',*,*,#4301,.F.);
#5681=ORIENTED_EDGE('',*,*,#4252,.T.);
#5682=ORIENTED_EDGE('',*,*,#4302,.T.);
#5683=ORIENTED_EDGE('',*,*,#4297,.T.);
#5684=ORIENTED_EDGE('',*,*,#4302,.F.);
#5685=ORIENTED_EDGE('',*,*,#4249,.T.);
#5686=ORIENTED_EDGE('',*,*,#4303,.T.);
#5687=ORIENTED_EDGE('',*,*,#4293,.T.);
#5688=ORIENTED_EDGE('',*,*,#4303,.F.);
#5689=ORIENTED_EDGE('',*,*,#4251,.T.);
#5690=ORIENTED_EDGE('',*,*,#4304,.T.);
#5691=ORIENTED_EDGE('',*,*,#4289,.T.);
#5692=ORIENTED_EDGE('',*,*,#4304,.F.);
#5693=ORIENTED_EDGE('',*,*,#4250,.F.);
#5694=ORIENTED_EDGE('',*,*,#4305,.T.);
#5695=ORIENTED_EDGE('',*,*,#4306,.T.);
#5696=ORIENTED_EDGE('',*,*,#4305,.F.);
#5697=ORIENTED_EDGE('',*,*,#4306,.F.);
#5698=ORIENTED_EDGE('',*,*,#4307,.F.);
#5699=ORIENTED_EDGE('',*,*,#4308,.T.);
#5700=ORIENTED_EDGE('',*,*,#4309,.T.);
#5701=ORIENTED_EDGE('',*,*,#4307,.T.);
#5702=ORIENTED_EDGE('',*,*,#4309,.F.);
#5703=ORIENTED_EDGE('',*,*,#4308,.F.);
#5704=ORIENTED_EDGE('',*,*,#4310,.T.);
#5705=ORIENTED_EDGE('',*,*,#4311,.F.);
#5706=ORIENTED_EDGE('',*,*,#4310,.F.);
#5707=ORIENTED_EDGE('',*,*,#4272,.T.);
#5708=ORIENTED_EDGE('',*,*,#4273,.T.);
#5709=ORIENTED_EDGE('',*,*,#4311,.T.);
#5710=ORIENTED_EDGE('',*,*,#4312,.T.);
#5711=ORIENTED_EDGE('',*,*,#4313,.T.);
#5712=ORIENTED_EDGE('',*,*,#4312,.F.);
#5713=ORIENTED_EDGE('',*,*,#4314,.F.);
#5714=ORIENTED_EDGE('',*,*,#4313,.F.);
#5715=ORIENTED_EDGE('',*,*,#4315,.T.);
#5716=ORIENTED_EDGE('',*,*,#4316,.T.);
#5717=ORIENTED_EDGE('',*,*,#4198,.T.);
#5718=ORIENTED_EDGE('',*,*,#4316,.F.);
#5719=ORIENTED_EDGE('',*,*,#4315,.F.);
#5720=ORIENTED_EDGE('',*,*,#4317,.T.);
#5721=ORIENTED_EDGE('',*,*,#4318,.T.);
#5722=ORIENTED_EDGE('',*,*,#4319,.T.);
#5723=ORIENTED_EDGE('',*,*,#4320,.T.);
#5724=ORIENTED_EDGE('',*,*,#4321,.T.);
#5725=ORIENTED_EDGE('',*,*,#4322,.T.);
#5726=ORIENTED_EDGE('',*,*,#4323,.T.);
#5727=ORIENTED_EDGE('',*,*,#4324,.T.);
#5728=ORIENTED_EDGE('',*,*,#4325,.T.);
#5729=ORIENTED_EDGE('',*,*,#4326,.T.);
#5730=ORIENTED_EDGE('',*,*,#4327,.T.);
#5731=ORIENTED_EDGE('',*,*,#4328,.T.);
#5732=ORIENTED_EDGE('',*,*,#4329,.T.);
#5733=ORIENTED_EDGE('',*,*,#4330,.T.);
#5734=ORIENTED_EDGE('',*,*,#4331,.T.);
#5735=ORIENTED_EDGE('',*,*,#4332,.T.);
#5736=ORIENTED_EDGE('',*,*,#4333,.T.);
#5737=ORIENTED_EDGE('',*,*,#4334,.T.);
#5738=ORIENTED_EDGE('',*,*,#4335,.T.);
#5739=ORIENTED_EDGE('',*,*,#4336,.T.);
#5740=ORIENTED_EDGE('',*,*,#4337,.T.);
#5741=ORIENTED_EDGE('',*,*,#4338,.T.);
#5742=ORIENTED_EDGE('',*,*,#4339,.T.);
#5743=ORIENTED_EDGE('',*,*,#4340,.T.);
#5744=ORIENTED_EDGE('',*,*,#4341,.T.);
#5745=ORIENTED_EDGE('',*,*,#4342,.T.);
#5746=ORIENTED_EDGE('',*,*,#4343,.T.);
#5747=ORIENTED_EDGE('',*,*,#4344,.T.);
#5748=ORIENTED_EDGE('',*,*,#4345,.T.);
#5749=ORIENTED_EDGE('',*,*,#4346,.T.);
#5750=ORIENTED_EDGE('',*,*,#4347,.T.);
#5751=ORIENTED_EDGE('',*,*,#4348,.T.);
#5752=ORIENTED_EDGE('',*,*,#4349,.T.);
#5753=ORIENTED_EDGE('',*,*,#4350,.T.);
#5754=ORIENTED_EDGE('',*,*,#4351,.T.);
#5755=ORIENTED_EDGE('',*,*,#4352,.T.);
#5756=ORIENTED_EDGE('',*,*,#4353,.T.);
#5757=ORIENTED_EDGE('',*,*,#4354,.T.);
#5758=ORIENTED_EDGE('',*,*,#4355,.T.);
#5759=ORIENTED_EDGE('',*,*,#4356,.T.);
#5760=ORIENTED_EDGE('',*,*,#4357,.T.);
#5761=ORIENTED_EDGE('',*,*,#4358,.T.);
#5762=ORIENTED_EDGE('',*,*,#4359,.T.);
#5763=ORIENTED_EDGE('',*,*,#4360,.T.);
#5764=ORIENTED_EDGE('',*,*,#4361,.T.);
#5765=ORIENTED_EDGE('',*,*,#4362,.T.);
#5766=ORIENTED_EDGE('',*,*,#4363,.T.);
#5767=ORIENTED_EDGE('',*,*,#4364,.T.);
#5768=ORIENTED_EDGE('',*,*,#4365,.T.);
#5769=ORIENTED_EDGE('',*,*,#4366,.T.);
#5770=ORIENTED_EDGE('',*,*,#4367,.T.);
#5771=ORIENTED_EDGE('',*,*,#4368,.T.);
#5772=ORIENTED_EDGE('',*,*,#4369,.T.);
#5773=ORIENTED_EDGE('',*,*,#4370,.T.);
#5774=ORIENTED_EDGE('',*,*,#4371,.T.);
#5775=ORIENTED_EDGE('',*,*,#4372,.T.);
#5776=ORIENTED_EDGE('',*,*,#4373,.T.);
#5777=ORIENTED_EDGE('',*,*,#4374,.T.);
#5778=ORIENTED_EDGE('',*,*,#4375,.T.);
#5779=ORIENTED_EDGE('',*,*,#4376,.T.);
#5780=ORIENTED_EDGE('',*,*,#4377,.T.);
#5781=ORIENTED_EDGE('',*,*,#4378,.T.);
#5782=ORIENTED_EDGE('',*,*,#4379,.T.);
#5783=ORIENTED_EDGE('',*,*,#4380,.T.);
#5784=ORIENTED_EDGE('',*,*,#4381,.T.);
#5785=ORIENTED_EDGE('',*,*,#4382,.T.);
#5786=ORIENTED_EDGE('',*,*,#4383,.T.);
#5787=ORIENTED_EDGE('',*,*,#4384,.T.);
#5788=ORIENTED_EDGE('',*,*,#4385,.T.);
#5789=ORIENTED_EDGE('',*,*,#4386,.T.);
#5790=ORIENTED_EDGE('',*,*,#4387,.T.);
#5791=ORIENTED_EDGE('',*,*,#4388,.T.);
#5792=ORIENTED_EDGE('',*,*,#4389,.T.);
#5793=ORIENTED_EDGE('',*,*,#4390,.T.);
#5794=ORIENTED_EDGE('',*,*,#4391,.T.);
#5795=ORIENTED_EDGE('',*,*,#4392,.T.);
#5796=ORIENTED_EDGE('',*,*,#4393,.T.);
#5797=ORIENTED_EDGE('',*,*,#4394,.T.);
#5798=ORIENTED_EDGE('',*,*,#4395,.T.);
#5799=ORIENTED_EDGE('',*,*,#4396,.T.);
#5800=ORIENTED_EDGE('',*,*,#4397,.T.);
#5801=ORIENTED_EDGE('',*,*,#4398,.T.);
#5802=ORIENTED_EDGE('',*,*,#4399,.T.);
#5803=ORIENTED_EDGE('',*,*,#4400,.T.);
#5804=ORIENTED_EDGE('',*,*,#4401,.T.);
#5805=ORIENTED_EDGE('',*,*,#4402,.T.);
#5806=ORIENTED_EDGE('',*,*,#4403,.T.);
#5807=ORIENTED_EDGE('',*,*,#4404,.T.);
#5808=ORIENTED_EDGE('',*,*,#4405,.T.);
#5809=ORIENTED_EDGE('',*,*,#4406,.T.);
#5810=ORIENTED_EDGE('',*,*,#4407,.T.);
#5811=ORIENTED_EDGE('',*,*,#4408,.T.);
#5812=ORIENTED_EDGE('',*,*,#4409,.T.);
#5813=ORIENTED_EDGE('',*,*,#4410,.T.);
#5814=ORIENTED_EDGE('',*,*,#4411,.T.);
#5815=ORIENTED_EDGE('',*,*,#4412,.T.);
#5816=ORIENTED_EDGE('',*,*,#4413,.T.);
#5817=ORIENTED_EDGE('',*,*,#4414,.T.);
#5818=ORIENTED_EDGE('',*,*,#4415,.T.);
#5819=ORIENTED_EDGE('',*,*,#4416,.T.);
#5820=ORIENTED_EDGE('',*,*,#4417,.T.);
#5821=ORIENTED_EDGE('',*,*,#4418,.T.);
#5822=ORIENTED_EDGE('',*,*,#4419,.T.);
#5823=ORIENTED_EDGE('',*,*,#4420,.T.);
#5824=ORIENTED_EDGE('',*,*,#4421,.T.);
#5825=ORIENTED_EDGE('',*,*,#4422,.T.);
#5826=ORIENTED_EDGE('',*,*,#4423,.T.);
#5827=ORIENTED_EDGE('',*,*,#4424,.T.);
#5828=ORIENTED_EDGE('',*,*,#4425,.T.);
#5829=ORIENTED_EDGE('',*,*,#4426,.T.);
#5830=ORIENTED_EDGE('',*,*,#4427,.T.);
#5831=ORIENTED_EDGE('',*,*,#4428,.T.);
#5832=ORIENTED_EDGE('',*,*,#4429,.T.);
#5833=ORIENTED_EDGE('',*,*,#4430,.T.);
#5834=ORIENTED_EDGE('',*,*,#4431,.T.);
#5835=ORIENTED_EDGE('',*,*,#4432,.T.);
#5836=ORIENTED_EDGE('',*,*,#4433,.T.);
#5837=ORIENTED_EDGE('',*,*,#4434,.T.);
#5838=ORIENTED_EDGE('',*,*,#4435,.T.);
#5839=ORIENTED_EDGE('',*,*,#4436,.T.);
#5840=ORIENTED_EDGE('',*,*,#4437,.T.);
#5841=ORIENTED_EDGE('',*,*,#4438,.T.);
#5842=ORIENTED_EDGE('',*,*,#4439,.T.);
#5843=ORIENTED_EDGE('',*,*,#4440,.T.);
#5844=ORIENTED_EDGE('',*,*,#4441,.T.);
#5845=ORIENTED_EDGE('',*,*,#4442,.T.);
#5846=ORIENTED_EDGE('',*,*,#4443,.T.);
#5847=ORIENTED_EDGE('',*,*,#4444,.T.);
#5848=ORIENTED_EDGE('',*,*,#4445,.T.);
#5849=ORIENTED_EDGE('',*,*,#4446,.T.);
#5850=ORIENTED_EDGE('',*,*,#4447,.T.);
#5851=ORIENTED_EDGE('',*,*,#4448,.T.);
#5852=ORIENTED_EDGE('',*,*,#4449,.T.);
#5853=ORIENTED_EDGE('',*,*,#4450,.T.);
#5854=ORIENTED_EDGE('',*,*,#4451,.T.);
#5855=ORIENTED_EDGE('',*,*,#4452,.T.);
#5856=ORIENTED_EDGE('',*,*,#4453,.T.);
#5857=ORIENTED_EDGE('',*,*,#4454,.T.);
#5858=ORIENTED_EDGE('',*,*,#4455,.T.);
#5859=ORIENTED_EDGE('',*,*,#4456,.T.);
#5860=ORIENTED_EDGE('',*,*,#4457,.T.);
#5861=ORIENTED_EDGE('',*,*,#4458,.T.);
#5862=ORIENTED_EDGE('',*,*,#4459,.T.);
#5863=ORIENTED_EDGE('',*,*,#4460,.T.);
#5864=ORIENTED_EDGE('',*,*,#4461,.T.);
#5865=ORIENTED_EDGE('',*,*,#4462,.T.);
#5866=ORIENTED_EDGE('',*,*,#4463,.T.);
#5867=ORIENTED_EDGE('',*,*,#4464,.T.);
#5868=ORIENTED_EDGE('',*,*,#4465,.T.);
#5869=ORIENTED_EDGE('',*,*,#4466,.T.);
#5870=ORIENTED_EDGE('',*,*,#4467,.T.);
#5871=ORIENTED_EDGE('',*,*,#4468,.T.);
#5872=ORIENTED_EDGE('',*,*,#4469,.T.);
#5873=ORIENTED_EDGE('',*,*,#4470,.T.);
#5874=ORIENTED_EDGE('',*,*,#4471,.T.);
#5875=ORIENTED_EDGE('',*,*,#4472,.T.);
#5876=ORIENTED_EDGE('',*,*,#4473,.T.);
#5877=ORIENTED_EDGE('',*,*,#4474,.T.);
#5878=ORIENTED_EDGE('',*,*,#4475,.T.);
#5879=ORIENTED_EDGE('',*,*,#4476,.T.);
#5880=ORIENTED_EDGE('',*,*,#4477,.T.);
#5881=ORIENTED_EDGE('',*,*,#4478,.T.);
#5882=ORIENTED_EDGE('',*,*,#4479,.T.);
#5883=ORIENTED_EDGE('',*,*,#4480,.T.);
#5884=ORIENTED_EDGE('',*,*,#4481,.T.);
#5885=ORIENTED_EDGE('',*,*,#4482,.T.);
#5886=ORIENTED_EDGE('',*,*,#4483,.T.);
#5887=ORIENTED_EDGE('',*,*,#4484,.T.);
#5888=ORIENTED_EDGE('',*,*,#4485,.T.);
#5889=ORIENTED_EDGE('',*,*,#4486,.T.);
#5890=ORIENTED_EDGE('',*,*,#4487,.T.);
#5891=ORIENTED_EDGE('',*,*,#4488,.T.);
#5892=ORIENTED_EDGE('',*,*,#4489,.T.);
#5893=ORIENTED_EDGE('',*,*,#4490,.T.);
#5894=ORIENTED_EDGE('',*,*,#4491,.T.);
#5895=ORIENTED_EDGE('',*,*,#4492,.T.);
#5896=ORIENTED_EDGE('',*,*,#4493,.T.);
#5897=ORIENTED_EDGE('',*,*,#4494,.T.);
#5898=ORIENTED_EDGE('',*,*,#4495,.T.);
#5899=ORIENTED_EDGE('',*,*,#4496,.T.);
#5900=ORIENTED_EDGE('',*,*,#4497,.T.);
#5901=ORIENTED_EDGE('',*,*,#4498,.T.);
#5902=ORIENTED_EDGE('',*,*,#4499,.T.);
#5903=ORIENTED_EDGE('',*,*,#4500,.T.);
#5904=ORIENTED_EDGE('',*,*,#4501,.T.);
#5905=ORIENTED_EDGE('',*,*,#4502,.T.);
#5906=ORIENTED_EDGE('',*,*,#4503,.T.);
#5907=ORIENTED_EDGE('',*,*,#4504,.T.);
#5908=ORIENTED_EDGE('',*,*,#4505,.T.);
#5909=ORIENTED_EDGE('',*,*,#4506,.T.);
#5910=ORIENTED_EDGE('',*,*,#4507,.T.);
#5911=ORIENTED_EDGE('',*,*,#4508,.T.);
#5912=ORIENTED_EDGE('',*,*,#4509,.T.);
#5913=ORIENTED_EDGE('',*,*,#4510,.T.);
#5914=ORIENTED_EDGE('',*,*,#4511,.T.);
#5915=ORIENTED_EDGE('',*,*,#4512,.T.);
#5916=ORIENTED_EDGE('',*,*,#4513,.T.);
#5917=ORIENTED_EDGE('',*,*,#4514,.T.);
#5918=ORIENTED_EDGE('',*,*,#4515,.T.);
#5919=ORIENTED_EDGE('',*,*,#4516,.T.);
#5920=ORIENTED_EDGE('',*,*,#4517,.T.);
#5921=ORIENTED_EDGE('',*,*,#4518,.T.);
#5922=ORIENTED_EDGE('',*,*,#4519,.T.);
#5923=ORIENTED_EDGE('',*,*,#4520,.T.);
#5924=ORIENTED_EDGE('',*,*,#4521,.T.);
#5925=ORIENTED_EDGE('',*,*,#4522,.T.);
#5926=ORIENTED_EDGE('',*,*,#4523,.T.);
#5927=ORIENTED_EDGE('',*,*,#4524,.T.);
#5928=ORIENTED_EDGE('',*,*,#4525,.T.);
#5929=ORIENTED_EDGE('',*,*,#4526,.T.);
#5930=ORIENTED_EDGE('',*,*,#4527,.T.);
#5931=ORIENTED_EDGE('',*,*,#4528,.T.);
#5932=ORIENTED_EDGE('',*,*,#4529,.T.);
#5933=ORIENTED_EDGE('',*,*,#4530,.T.);
#5934=ORIENTED_EDGE('',*,*,#4531,.T.);
#5935=ORIENTED_EDGE('',*,*,#4532,.T.);
#5936=ORIENTED_EDGE('',*,*,#4533,.T.);
#5937=ORIENTED_EDGE('',*,*,#4534,.T.);
#5938=ORIENTED_EDGE('',*,*,#4535,.T.);
#5939=ORIENTED_EDGE('',*,*,#4536,.T.);
#5940=ORIENTED_EDGE('',*,*,#4537,.T.);
#5941=ORIENTED_EDGE('',*,*,#4538,.T.);
#5942=ORIENTED_EDGE('',*,*,#4539,.T.);
#5943=ORIENTED_EDGE('',*,*,#4540,.T.);
#5944=ORIENTED_EDGE('',*,*,#4541,.T.);
#5945=ORIENTED_EDGE('',*,*,#4542,.T.);
#5946=ORIENTED_EDGE('',*,*,#4543,.T.);
#5947=ORIENTED_EDGE('',*,*,#4544,.T.);
#5948=ORIENTED_EDGE('',*,*,#4545,.T.);
#5949=ORIENTED_EDGE('',*,*,#4546,.T.);
#5950=ORIENTED_EDGE('',*,*,#4547,.T.);
#5951=ORIENTED_EDGE('',*,*,#4548,.T.);
#5952=ORIENTED_EDGE('',*,*,#4549,.T.);
#5953=ORIENTED_EDGE('',*,*,#4550,.T.);
#5954=ORIENTED_EDGE('',*,*,#4551,.T.);
#5955=ORIENTED_EDGE('',*,*,#4552,.T.);
#5956=ORIENTED_EDGE('',*,*,#4553,.T.);
#5957=ORIENTED_EDGE('',*,*,#4554,.T.);
#5958=ORIENTED_EDGE('',*,*,#4555,.T.);
#5959=ORIENTED_EDGE('',*,*,#4556,.T.);
#5960=ORIENTED_EDGE('',*,*,#4557,.T.);
#5961=ORIENTED_EDGE('',*,*,#4558,.T.);
#5962=ORIENTED_EDGE('',*,*,#4559,.T.);
#5963=ORIENTED_EDGE('',*,*,#4560,.T.);
#5964=ORIENTED_EDGE('',*,*,#4561,.T.);
#5965=ORIENTED_EDGE('',*,*,#4562,.T.);
#5966=ORIENTED_EDGE('',*,*,#4563,.T.);
#5967=ORIENTED_EDGE('',*,*,#4564,.T.);
#5968=ORIENTED_EDGE('',*,*,#4565,.T.);
#5969=ORIENTED_EDGE('',*,*,#4566,.T.);
#5970=ORIENTED_EDGE('',*,*,#4567,.T.);
#5971=ORIENTED_EDGE('',*,*,#4568,.T.);
#5972=ORIENTED_EDGE('',*,*,#4569,.T.);
#5973=ORIENTED_EDGE('',*,*,#4570,.T.);
#5974=ORIENTED_EDGE('',*,*,#4571,.T.);
#5975=ORIENTED_EDGE('',*,*,#4572,.T.);
#5976=ORIENTED_EDGE('',*,*,#4573,.T.);
#5977=ORIENTED_EDGE('',*,*,#4574,.T.);
#5978=ORIENTED_EDGE('',*,*,#4575,.T.);
#5979=ORIENTED_EDGE('',*,*,#4576,.T.);
#5980=ORIENTED_EDGE('',*,*,#4577,.T.);
#5981=ORIENTED_EDGE('',*,*,#4578,.T.);
#5982=ORIENTED_EDGE('',*,*,#4579,.T.);
#5983=ORIENTED_EDGE('',*,*,#4580,.T.);
#5984=ORIENTED_EDGE('',*,*,#4581,.T.);
#5985=ORIENTED_EDGE('',*,*,#4582,.T.);
#5986=ORIENTED_EDGE('',*,*,#4583,.T.);
#5987=ORIENTED_EDGE('',*,*,#4584,.T.);
#5988=ORIENTED_EDGE('',*,*,#4585,.T.);
#5989=ORIENTED_EDGE('',*,*,#4586,.T.);
#5990=ORIENTED_EDGE('',*,*,#4587,.T.);
#5991=ORIENTED_EDGE('',*,*,#4588,.T.);
#5992=ORIENTED_EDGE('',*,*,#4589,.T.);
#5993=ORIENTED_EDGE('',*,*,#4590,.T.);
#5994=ORIENTED_EDGE('',*,*,#4591,.T.);
#5995=ORIENTED_EDGE('',*,*,#4592,.T.);
#5996=ORIENTED_EDGE('',*,*,#4593,.T.);
#5997=ORIENTED_EDGE('',*,*,#4594,.T.);
#5998=ORIENTED_EDGE('',*,*,#4595,.T.);
#5999=ORIENTED_EDGE('',*,*,#4596,.T.);
#6000=ORIENTED_EDGE('',*,*,#4597,.T.);
#6001=ORIENTED_EDGE('',*,*,#4598,.T.);
#6002=ORIENTED_EDGE('',*,*,#4599,.T.);
#6003=ORIENTED_EDGE('',*,*,#4600,.T.);
#6004=ORIENTED_EDGE('',*,*,#4601,.T.);
#6005=ORIENTED_EDGE('',*,*,#4602,.T.);
#6006=ORIENTED_EDGE('',*,*,#4603,.T.);
#6007=ORIENTED_EDGE('',*,*,#4604,.T.);
#6008=ORIENTED_EDGE('',*,*,#4605,.T.);
#6009=ORIENTED_EDGE('',*,*,#4606,.T.);
#6010=ORIENTED_EDGE('',*,*,#4607,.T.);
#6011=ORIENTED_EDGE('',*,*,#4608,.T.);
#6012=ORIENTED_EDGE('',*,*,#4609,.T.);
#6013=ORIENTED_EDGE('',*,*,#4610,.T.);
#6014=ORIENTED_EDGE('',*,*,#4611,.T.);
#6015=ORIENTED_EDGE('',*,*,#4612,.T.);
#6016=ORIENTED_EDGE('',*,*,#4613,.T.);
#6017=ORIENTED_EDGE('',*,*,#4614,.T.);
#6018=ORIENTED_EDGE('',*,*,#4615,.T.);
#6019=ORIENTED_EDGE('',*,*,#4616,.T.);
#6020=ORIENTED_EDGE('',*,*,#4617,.T.);
#6021=ORIENTED_EDGE('',*,*,#4618,.T.);
#6022=ORIENTED_EDGE('',*,*,#4619,.T.);
#6023=ORIENTED_EDGE('',*,*,#4620,.T.);
#6024=ORIENTED_EDGE('',*,*,#4621,.T.);
#6025=ORIENTED_EDGE('',*,*,#4622,.T.);
#6026=ORIENTED_EDGE('',*,*,#4623,.T.);
#6027=ORIENTED_EDGE('',*,*,#4624,.T.);
#6028=ORIENTED_EDGE('',*,*,#4625,.T.);
#6029=ORIENTED_EDGE('',*,*,#4626,.T.);
#6030=ORIENTED_EDGE('',*,*,#4627,.T.);
#6031=ORIENTED_EDGE('',*,*,#4628,.T.);
#6032=ORIENTED_EDGE('',*,*,#4629,.T.);
#6033=ORIENTED_EDGE('',*,*,#4630,.T.);
#6034=ORIENTED_EDGE('',*,*,#4631,.T.);
#6035=ORIENTED_EDGE('',*,*,#4632,.T.);
#6036=ORIENTED_EDGE('',*,*,#4633,.T.);
#6037=ORIENTED_EDGE('',*,*,#4634,.T.);
#6038=ORIENTED_EDGE('',*,*,#4635,.T.);
#6039=ORIENTED_EDGE('',*,*,#4636,.T.);
#6040=ORIENTED_EDGE('',*,*,#4637,.T.);
#6041=ORIENTED_EDGE('',*,*,#4638,.T.);
#6042=ORIENTED_EDGE('',*,*,#4639,.T.);
#6043=ORIENTED_EDGE('',*,*,#4640,.T.);
#6044=ORIENTED_EDGE('',*,*,#4641,.T.);
#6045=ORIENTED_EDGE('',*,*,#4642,.T.);
#6046=ORIENTED_EDGE('',*,*,#4643,.T.);
#6047=ORIENTED_EDGE('',*,*,#4644,.T.);
#6048=ORIENTED_EDGE('',*,*,#4645,.T.);
#6049=ORIENTED_EDGE('',*,*,#4646,.T.);
#6050=ORIENTED_EDGE('',*,*,#4647,.T.);
#6051=ORIENTED_EDGE('',*,*,#4648,.T.);
#6052=ORIENTED_EDGE('',*,*,#4649,.T.);
#6053=ORIENTED_EDGE('',*,*,#4650,.T.);
#6054=ORIENTED_EDGE('',*,*,#4651,.T.);
#6055=ORIENTED_EDGE('',*,*,#4652,.T.);
#6056=ORIENTED_EDGE('',*,*,#4653,.T.);
#6057=ORIENTED_EDGE('',*,*,#4654,.T.);
#6058=ORIENTED_EDGE('',*,*,#4655,.T.);
#6059=ORIENTED_EDGE('',*,*,#4656,.T.);
#6060=ORIENTED_EDGE('',*,*,#4657,.T.);
#6061=ORIENTED_EDGE('',*,*,#4658,.T.);
#6062=ORIENTED_EDGE('',*,*,#4659,.T.);
#6063=ORIENTED_EDGE('',*,*,#4660,.T.);
#6064=ORIENTED_EDGE('',*,*,#4661,.T.);
#6065=ORIENTED_EDGE('',*,*,#4662,.T.);
#6066=ORIENTED_EDGE('',*,*,#4663,.T.);
#6067=ORIENTED_EDGE('',*,*,#4664,.T.);
#6068=ORIENTED_EDGE('',*,*,#4665,.T.);
#6069=ORIENTED_EDGE('',*,*,#4665,.F.);
#6070=ORIENTED_EDGE('',*,*,#4666,.T.);
#6071=ORIENTED_EDGE('',*,*,#4314,.T.);
#6072=ORIENTED_EDGE('',*,*,#4666,.F.);
#6073=ORIENTED_EDGE('',*,*,#4317,.F.);
#6074=ORIENTED_EDGE('',*,*,#4667,.T.);
#6075=ORIENTED_EDGE('',*,*,#4668,.T.);
#6076=ORIENTED_EDGE('',*,*,#4669,.F.);
#6077=ORIENTED_EDGE('',*,*,#4329,.F.);
#6078=ORIENTED_EDGE('',*,*,#4670,.T.);
#6079=ORIENTED_EDGE('',*,*,#4671,.T.);
#6080=ORIENTED_EDGE('',*,*,#4667,.F.);
#6081=ORIENTED_EDGE('',*,*,#4328,.F.);
#6082=ORIENTED_EDGE('',*,*,#4672,.T.);
#6083=ORIENTED_EDGE('',*,*,#4673,.T.);
#6084=ORIENTED_EDGE('',*,*,#4670,.F.);
#6085=ORIENTED_EDGE('',*,*,#4327,.F.);
#6086=ORIENTED_EDGE('',*,*,#4674,.T.);
#6087=ORIENTED_EDGE('',*,*,#4675,.T.);
#6088=ORIENTED_EDGE('',*,*,#4672,.F.);
#6089=ORIENTED_EDGE('',*,*,#4326,.F.);
#6090=ORIENTED_EDGE('',*,*,#4676,.T.);
#6091=ORIENTED_EDGE('',*,*,#4677,.T.);
#6092=ORIENTED_EDGE('',*,*,#4674,.F.);
#6093=ORIENTED_EDGE('',*,*,#4325,.F.);
#6094=ORIENTED_EDGE('',*,*,#4678,.T.);
#6095=ORIENTED_EDGE('',*,*,#4679,.T.);
#6096=ORIENTED_EDGE('',*,*,#4676,.F.);
#6097=ORIENTED_EDGE('',*,*,#4324,.F.);
#6098=ORIENTED_EDGE('',*,*,#4680,.T.);
#6099=ORIENTED_EDGE('',*,*,#4681,.T.);
#6100=ORIENTED_EDGE('',*,*,#4678,.F.);
#6101=ORIENTED_EDGE('',*,*,#4323,.F.);
#6102=ORIENTED_EDGE('',*,*,#4682,.T.);
#6103=ORIENTED_EDGE('',*,*,#4683,.T.);
#6104=ORIENTED_EDGE('',*,*,#4680,.F.);
#6105=ORIENTED_EDGE('',*,*,#4322,.F.);
#6106=ORIENTED_EDGE('',*,*,#4684,.T.);
#6107=ORIENTED_EDGE('',*,*,#4685,.T.);
#6108=ORIENTED_EDGE('',*,*,#4682,.F.);
#6109=ORIENTED_EDGE('',*,*,#4321,.F.);
#6110=ORIENTED_EDGE('',*,*,#4686,.T.);
#6111=ORIENTED_EDGE('',*,*,#4687,.T.);
#6112=ORIENTED_EDGE('',*,*,#4684,.F.);
#6113=ORIENTED_EDGE('',*,*,#4320,.F.);
#6114=ORIENTED_EDGE('',*,*,#4688,.T.);
#6115=ORIENTED_EDGE('',*,*,#4689,.T.);
#6116=ORIENTED_EDGE('',*,*,#4686,.F.);
#6117=ORIENTED_EDGE('',*,*,#4319,.F.);
#6118=ORIENTED_EDGE('',*,*,#4690,.T.);
#6119=ORIENTED_EDGE('',*,*,#4691,.T.);
#6120=ORIENTED_EDGE('',*,*,#4688,.F.);
#6121=ORIENTED_EDGE('',*,*,#4318,.F.);
#6122=ORIENTED_EDGE('',*,*,#4669,.T.);
#6123=ORIENTED_EDGE('',*,*,#4692,.T.);
#6124=ORIENTED_EDGE('',*,*,#4690,.F.);
#6125=ORIENTED_EDGE('',*,*,#4692,.F.);
#6126=ORIENTED_EDGE('',*,*,#4668,.F.);
#6127=ORIENTED_EDGE('',*,*,#4671,.F.);
#6128=ORIENTED_EDGE('',*,*,#4673,.F.);
#6129=ORIENTED_EDGE('',*,*,#4675,.F.);
#6130=ORIENTED_EDGE('',*,*,#4677,.F.);
#6131=ORIENTED_EDGE('',*,*,#4679,.F.);
#6132=ORIENTED_EDGE('',*,*,#4681,.F.);
#6133=ORIENTED_EDGE('',*,*,#4683,.F.);
#6134=ORIENTED_EDGE('',*,*,#4685,.F.);
#6135=ORIENTED_EDGE('',*,*,#4687,.F.);
#6136=ORIENTED_EDGE('',*,*,#4689,.F.);
#6137=ORIENTED_EDGE('',*,*,#4691,.F.);
#6138=ORIENTED_EDGE('',*,*,#4330,.F.);
#6139=ORIENTED_EDGE('',*,*,#4693,.T.);
#6140=ORIENTED_EDGE('',*,*,#4694,.T.);
#6141=ORIENTED_EDGE('',*,*,#4695,.F.);
#6142=ORIENTED_EDGE('',*,*,#4334,.F.);
#6143=ORIENTED_EDGE('',*,*,#4696,.T.);
#6144=ORIENTED_EDGE('',*,*,#4697,.T.);
#6145=ORIENTED_EDGE('',*,*,#4693,.F.);
#6146=ORIENTED_EDGE('',*,*,#4333,.F.);
#6147=ORIENTED_EDGE('',*,*,#4698,.T.);
#6148=ORIENTED_EDGE('',*,*,#4699,.T.);
#6149=ORIENTED_EDGE('',*,*,#4696,.F.);
#6150=ORIENTED_EDGE('',*,*,#4332,.F.);
#6151=ORIENTED_EDGE('',*,*,#4700,.T.);
#6152=ORIENTED_EDGE('',*,*,#4701,.T.);
#6153=ORIENTED_EDGE('',*,*,#4698,.F.);
#6154=ORIENTED_EDGE('',*,*,#4331,.F.);
#6155=ORIENTED_EDGE('',*,*,#4695,.T.);
#6156=ORIENTED_EDGE('',*,*,#4702,.T.);
#6157=ORIENTED_EDGE('',*,*,#4700,.F.);
#6158=ORIENTED_EDGE('',*,*,#4702,.F.);
#6159=ORIENTED_EDGE('',*,*,#4694,.F.);
#6160=ORIENTED_EDGE('',*,*,#4697,.F.);
#6161=ORIENTED_EDGE('',*,*,#4699,.F.);
#6162=ORIENTED_EDGE('',*,*,#4701,.F.);
#6163=ORIENTED_EDGE('',*,*,#4335,.F.);
#6164=ORIENTED_EDGE('',*,*,#4703,.T.);
#6165=ORIENTED_EDGE('',*,*,#4704,.T.);
#6166=ORIENTED_EDGE('',*,*,#4705,.F.);
#6167=ORIENTED_EDGE('',*,*,#4344,.F.);
#6168=ORIENTED_EDGE('',*,*,#4706,.T.);
#6169=ORIENTED_EDGE('',*,*,#4707,.T.);
#6170=ORIENTED_EDGE('',*,*,#4703,.F.);
#6171=ORIENTED_EDGE('',*,*,#4343,.F.);
#6172=ORIENTED_EDGE('',*,*,#4708,.T.);
#6173=ORIENTED_EDGE('',*,*,#4709,.T.);
#6174=ORIENTED_EDGE('',*,*,#4706,.F.);
#6175=ORIENTED_EDGE('',*,*,#4342,.F.);
#6176=ORIENTED_EDGE('',*,*,#4710,.T.);
#6177=ORIENTED_EDGE('',*,*,#4711,.T.);
#6178=ORIENTED_EDGE('',*,*,#4708,.F.);
#6179=ORIENTED_EDGE('',*,*,#4341,.F.);
#6180=ORIENTED_EDGE('',*,*,#4712,.T.);
#6181=ORIENTED_EDGE('',*,*,#4713,.T.);
#6182=ORIENTED_EDGE('',*,*,#4710,.F.);
#6183=ORIENTED_EDGE('',*,*,#4340,.F.);
#6184=ORIENTED_EDGE('',*,*,#4714,.T.);
#6185=ORIENTED_EDGE('',*,*,#4715,.T.);
#6186=ORIENTED_EDGE('',*,*,#4712,.F.);
#6187=ORIENTED_EDGE('',*,*,#4339,.F.);
#6188=ORIENTED_EDGE('',*,*,#4716,.T.);
#6189=ORIENTED_EDGE('',*,*,#4717,.T.);
#6190=ORIENTED_EDGE('',*,*,#4714,.F.);
#6191=ORIENTED_EDGE('',*,*,#4338,.F.);
#6192=ORIENTED_EDGE('',*,*,#4718,.T.);
#6193=ORIENTED_EDGE('',*,*,#4719,.T.);
#6194=ORIENTED_EDGE('',*,*,#4716,.F.);
#6195=ORIENTED_EDGE('',*,*,#4337,.F.);
#6196=ORIENTED_EDGE('',*,*,#4720,.T.);
#6197=ORIENTED_EDGE('',*,*,#4721,.T.);
#6198=ORIENTED_EDGE('',*,*,#4718,.F.);
#6199=ORIENTED_EDGE('',*,*,#4336,.F.);
#6200=ORIENTED_EDGE('',*,*,#4705,.T.);
#6201=ORIENTED_EDGE('',*,*,#4722,.T.);
#6202=ORIENTED_EDGE('',*,*,#4720,.F.);
#6203=ORIENTED_EDGE('',*,*,#4722,.F.);
#6204=ORIENTED_EDGE('',*,*,#4704,.F.);
#6205=ORIENTED_EDGE('',*,*,#4707,.F.);
#6206=ORIENTED_EDGE('',*,*,#4709,.F.);
#6207=ORIENTED_EDGE('',*,*,#4711,.F.);
#6208=ORIENTED_EDGE('',*,*,#4713,.F.);
#6209=ORIENTED_EDGE('',*,*,#4715,.F.);
#6210=ORIENTED_EDGE('',*,*,#4717,.F.);
#6211=ORIENTED_EDGE('',*,*,#4719,.F.);
#6212=ORIENTED_EDGE('',*,*,#4721,.F.);
#6213=ORIENTED_EDGE('',*,*,#4723,.F.);
#6214=ORIENTED_EDGE('',*,*,#4724,.T.);
#6215=ORIENTED_EDGE('',*,*,#4725,.T.);
#6216=ORIENTED_EDGE('',*,*,#4726,.F.);
#6217=ORIENTED_EDGE('',*,*,#4727,.F.);
#6218=ORIENTED_EDGE('',*,*,#4726,.T.);
#6219=ORIENTED_EDGE('',*,*,#4728,.T.);
#6220=ORIENTED_EDGE('',*,*,#4729,.F.);
#6221=ORIENTED_EDGE('',*,*,#4730,.F.);
#6222=ORIENTED_EDGE('',*,*,#4729,.T.);
#6223=ORIENTED_EDGE('',*,*,#4731,.T.);
#6224=ORIENTED_EDGE('',*,*,#4732,.F.);
#6225=ORIENTED_EDGE('',*,*,#4733,.F.);
#6226=ORIENTED_EDGE('',*,*,#4732,.T.);
#6227=ORIENTED_EDGE('',*,*,#4734,.T.);
#6228=ORIENTED_EDGE('',*,*,#4735,.F.);
#6229=ORIENTED_EDGE('',*,*,#4736,.F.);
#6230=ORIENTED_EDGE('',*,*,#4735,.T.);
#6231=ORIENTED_EDGE('',*,*,#4737,.T.);
#6232=ORIENTED_EDGE('',*,*,#4738,.F.);
#6233=ORIENTED_EDGE('',*,*,#4739,.F.);
#6234=ORIENTED_EDGE('',*,*,#4738,.T.);
#6235=ORIENTED_EDGE('',*,*,#4740,.T.);
#6236=ORIENTED_EDGE('',*,*,#4741,.F.);
#6237=ORIENTED_EDGE('',*,*,#4742,.F.);
#6238=ORIENTED_EDGE('',*,*,#4741,.T.);
#6239=ORIENTED_EDGE('',*,*,#4743,.T.);
#6240=ORIENTED_EDGE('',*,*,#4744,.F.);
#6241=ORIENTED_EDGE('',*,*,#4745,.F.);
#6242=ORIENTED_EDGE('',*,*,#4744,.T.);
#6243=ORIENTED_EDGE('',*,*,#4746,.T.);
#6244=ORIENTED_EDGE('',*,*,#4724,.F.);
#6245=ORIENTED_EDGE('',*,*,#4345,.F.);
#6246=ORIENTED_EDGE('',*,*,#4747,.T.);
#6247=ORIENTED_EDGE('',*,*,#4748,.T.);
#6248=ORIENTED_EDGE('',*,*,#4749,.F.);
#6249=ORIENTED_EDGE('',*,*,#4352,.F.);
#6250=ORIENTED_EDGE('',*,*,#4750,.T.);
#6251=ORIENTED_EDGE('',*,*,#4751,.T.);
#6252=ORIENTED_EDGE('',*,*,#4747,.F.);
#6253=ORIENTED_EDGE('',*,*,#4351,.F.);
#6254=ORIENTED_EDGE('',*,*,#4752,.T.);
#6255=ORIENTED_EDGE('',*,*,#4753,.T.);
#6256=ORIENTED_EDGE('',*,*,#4750,.F.);
#6257=ORIENTED_EDGE('',*,*,#4350,.F.);
#6258=ORIENTED_EDGE('',*,*,#4754,.T.);
#6259=ORIENTED_EDGE('',*,*,#4755,.T.);
#6260=ORIENTED_EDGE('',*,*,#4752,.F.);
#6261=ORIENTED_EDGE('',*,*,#4349,.F.);
#6262=ORIENTED_EDGE('',*,*,#4756,.T.);
#6263=ORIENTED_EDGE('',*,*,#4757,.T.);
#6264=ORIENTED_EDGE('',*,*,#4754,.F.);
#6265=ORIENTED_EDGE('',*,*,#4348,.F.);
#6266=ORIENTED_EDGE('',*,*,#4758,.T.);
#6267=ORIENTED_EDGE('',*,*,#4759,.T.);
#6268=ORIENTED_EDGE('',*,*,#4756,.F.);
#6269=ORIENTED_EDGE('',*,*,#4347,.F.);
#6270=ORIENTED_EDGE('',*,*,#4760,.T.);
#6271=ORIENTED_EDGE('',*,*,#4761,.T.);
#6272=ORIENTED_EDGE('',*,*,#4758,.F.);
#6273=ORIENTED_EDGE('',*,*,#4346,.F.);
#6274=ORIENTED_EDGE('',*,*,#4749,.T.);
#6275=ORIENTED_EDGE('',*,*,#4762,.T.);
#6276=ORIENTED_EDGE('',*,*,#4760,.F.);
#6277=ORIENTED_EDGE('',*,*,#4762,.F.);
#6278=ORIENTED_EDGE('',*,*,#4748,.F.);
#6279=ORIENTED_EDGE('',*,*,#4751,.F.);
#6280=ORIENTED_EDGE('',*,*,#4753,.F.);
#6281=ORIENTED_EDGE('',*,*,#4755,.F.);
#6282=ORIENTED_EDGE('',*,*,#4757,.F.);
#6283=ORIENTED_EDGE('',*,*,#4759,.F.);
#6284=ORIENTED_EDGE('',*,*,#4761,.F.);
#6285=ORIENTED_EDGE('',*,*,#4725,.F.);
#6286=ORIENTED_EDGE('',*,*,#4746,.F.);
#6287=ORIENTED_EDGE('',*,*,#4743,.F.);
#6288=ORIENTED_EDGE('',*,*,#4740,.F.);
#6289=ORIENTED_EDGE('',*,*,#4737,.F.);
#6290=ORIENTED_EDGE('',*,*,#4734,.F.);
#6291=ORIENTED_EDGE('',*,*,#4731,.F.);
#6292=ORIENTED_EDGE('',*,*,#4728,.F.);
#6293=ORIENTED_EDGE('',*,*,#4353,.F.);
#6294=ORIENTED_EDGE('',*,*,#4763,.T.);
#6295=ORIENTED_EDGE('',*,*,#4764,.T.);
#6296=ORIENTED_EDGE('',*,*,#4765,.F.);
#6297=ORIENTED_EDGE('',*,*,#4370,.F.);
#6298=ORIENTED_EDGE('',*,*,#4766,.T.);
#6299=ORIENTED_EDGE('',*,*,#4767,.T.);
#6300=ORIENTED_EDGE('',*,*,#4763,.F.);
#6301=ORIENTED_EDGE('',*,*,#4369,.F.);
#6302=ORIENTED_EDGE('',*,*,#4768,.T.);
#6303=ORIENTED_EDGE('',*,*,#4769,.T.);
#6304=ORIENTED_EDGE('',*,*,#4766,.F.);
#6305=ORIENTED_EDGE('',*,*,#4368,.F.);
#6306=ORIENTED_EDGE('',*,*,#4770,.T.);
#6307=ORIENTED_EDGE('',*,*,#4771,.T.);
#6308=ORIENTED_EDGE('',*,*,#4768,.F.);
#6309=ORIENTED_EDGE('',*,*,#4367,.F.);
#6310=ORIENTED_EDGE('',*,*,#4772,.T.);
#6311=ORIENTED_EDGE('',*,*,#4773,.T.);
#6312=ORIENTED_EDGE('',*,*,#4770,.F.);
#6313=ORIENTED_EDGE('',*,*,#4366,.F.);
#6314=ORIENTED_EDGE('',*,*,#4774,.T.);
#6315=ORIENTED_EDGE('',*,*,#4775,.T.);
#6316=ORIENTED_EDGE('',*,*,#4772,.F.);
#6317=ORIENTED_EDGE('',*,*,#4365,.F.);
#6318=ORIENTED_EDGE('',*,*,#4776,.T.);
#6319=ORIENTED_EDGE('',*,*,#4777,.T.);
#6320=ORIENTED_EDGE('',*,*,#4774,.F.);
#6321=ORIENTED_EDGE('',*,*,#4364,.F.);
#6322=ORIENTED_EDGE('',*,*,#4778,.T.);
#6323=ORIENTED_EDGE('',*,*,#4779,.T.);
#6324=ORIENTED_EDGE('',*,*,#4776,.F.);
#6325=ORIENTED_EDGE('',*,*,#4363,.F.);
#6326=ORIENTED_EDGE('',*,*,#4780,.T.);
#6327=ORIENTED_EDGE('',*,*,#4781,.T.);
#6328=ORIENTED_EDGE('',*,*,#4778,.F.);
#6329=ORIENTED_EDGE('',*,*,#4362,.F.);
#6330=ORIENTED_EDGE('',*,*,#4782,.T.);
#6331=ORIENTED_EDGE('',*,*,#4783,.T.);
#6332=ORIENTED_EDGE('',*,*,#4780,.F.);
#6333=ORIENTED_EDGE('',*,*,#4361,.F.);
#6334=ORIENTED_EDGE('',*,*,#4784,.T.);
#6335=ORIENTED_EDGE('',*,*,#4785,.T.);
#6336=ORIENTED_EDGE('',*,*,#4782,.F.);
#6337=ORIENTED_EDGE('',*,*,#4360,.F.);
#6338=ORIENTED_EDGE('',*,*,#4786,.T.);
#6339=ORIENTED_EDGE('',*,*,#4787,.T.);
#6340=ORIENTED_EDGE('',*,*,#4784,.F.);
#6341=ORIENTED_EDGE('',*,*,#4359,.F.);
#6342=ORIENTED_EDGE('',*,*,#4788,.T.);
#6343=ORIENTED_EDGE('',*,*,#4789,.T.);
#6344=ORIENTED_EDGE('',*,*,#4786,.F.);
#6345=ORIENTED_EDGE('',*,*,#4358,.F.);
#6346=ORIENTED_EDGE('',*,*,#4790,.T.);
#6347=ORIENTED_EDGE('',*,*,#4791,.T.);
#6348=ORIENTED_EDGE('',*,*,#4788,.F.);
#6349=ORIENTED_EDGE('',*,*,#4357,.F.);
#6350=ORIENTED_EDGE('',*,*,#4792,.T.);
#6351=ORIENTED_EDGE('',*,*,#4793,.T.);
#6352=ORIENTED_EDGE('',*,*,#4790,.F.);
#6353=ORIENTED_EDGE('',*,*,#4356,.F.);
#6354=ORIENTED_EDGE('',*,*,#4794,.T.);
#6355=ORIENTED_EDGE('',*,*,#4795,.T.);
#6356=ORIENTED_EDGE('',*,*,#4792,.F.);
#6357=ORIENTED_EDGE('',*,*,#4355,.F.);
#6358=ORIENTED_EDGE('',*,*,#4796,.T.);
#6359=ORIENTED_EDGE('',*,*,#4797,.T.);
#6360=ORIENTED_EDGE('',*,*,#4794,.F.);
#6361=ORIENTED_EDGE('',*,*,#4354,.F.);
#6362=ORIENTED_EDGE('',*,*,#4765,.T.);
#6363=ORIENTED_EDGE('',*,*,#4798,.T.);
#6364=ORIENTED_EDGE('',*,*,#4796,.F.);
#6365=ORIENTED_EDGE('',*,*,#4798,.F.);
#6366=ORIENTED_EDGE('',*,*,#4764,.F.);
#6367=ORIENTED_EDGE('',*,*,#4767,.F.);
#6368=ORIENTED_EDGE('',*,*,#4769,.F.);
#6369=ORIENTED_EDGE('',*,*,#4771,.F.);
#6370=ORIENTED_EDGE('',*,*,#4773,.F.);
#6371=ORIENTED_EDGE('',*,*,#4775,.F.);
#6372=ORIENTED_EDGE('',*,*,#4777,.F.);
#6373=ORIENTED_EDGE('',*,*,#4779,.F.);
#6374=ORIENTED_EDGE('',*,*,#4781,.F.);
#6375=ORIENTED_EDGE('',*,*,#4783,.F.);
#6376=ORIENTED_EDGE('',*,*,#4785,.F.);
#6377=ORIENTED_EDGE('',*,*,#4787,.F.);
#6378=ORIENTED_EDGE('',*,*,#4789,.F.);
#6379=ORIENTED_EDGE('',*,*,#4791,.F.);
#6380=ORIENTED_EDGE('',*,*,#4793,.F.);
#6381=ORIENTED_EDGE('',*,*,#4795,.F.);
#6382=ORIENTED_EDGE('',*,*,#4797,.F.);
#6383=ORIENTED_EDGE('',*,*,#4799,.F.);
#6384=ORIENTED_EDGE('',*,*,#4800,.T.);
#6385=ORIENTED_EDGE('',*,*,#4801,.T.);
#6386=ORIENTED_EDGE('',*,*,#4802,.F.);
#6387=ORIENTED_EDGE('',*,*,#4803,.F.);
#6388=ORIENTED_EDGE('',*,*,#4802,.T.);
#6389=ORIENTED_EDGE('',*,*,#4804,.T.);
#6390=ORIENTED_EDGE('',*,*,#4805,.F.);
#6391=ORIENTED_EDGE('',*,*,#4806,.F.);
#6392=ORIENTED_EDGE('',*,*,#4805,.T.);
#6393=ORIENTED_EDGE('',*,*,#4807,.T.);
#6394=ORIENTED_EDGE('',*,*,#4808,.F.);
#6395=ORIENTED_EDGE('',*,*,#4809,.F.);
#6396=ORIENTED_EDGE('',*,*,#4808,.T.);
#6397=ORIENTED_EDGE('',*,*,#4810,.T.);
#6398=ORIENTED_EDGE('',*,*,#4811,.F.);
#6399=ORIENTED_EDGE('',*,*,#4812,.F.);
#6400=ORIENTED_EDGE('',*,*,#4811,.T.);
#6401=ORIENTED_EDGE('',*,*,#4813,.T.);
#6402=ORIENTED_EDGE('',*,*,#4814,.F.);
#6403=ORIENTED_EDGE('',*,*,#4815,.F.);
#6404=ORIENTED_EDGE('',*,*,#4814,.T.);
#6405=ORIENTED_EDGE('',*,*,#4816,.T.);
#6406=ORIENTED_EDGE('',*,*,#4817,.F.);
#6407=ORIENTED_EDGE('',*,*,#4818,.F.);
#6408=ORIENTED_EDGE('',*,*,#4817,.T.);
#6409=ORIENTED_EDGE('',*,*,#4819,.T.);
#6410=ORIENTED_EDGE('',*,*,#4800,.F.);
#6411=ORIENTED_EDGE('',*,*,#4371,.F.);
#6412=ORIENTED_EDGE('',*,*,#4820,.T.);
#6413=ORIENTED_EDGE('',*,*,#4821,.T.);
#6414=ORIENTED_EDGE('',*,*,#4822,.F.);
#6415=ORIENTED_EDGE('',*,*,#4386,.F.);
#6416=ORIENTED_EDGE('',*,*,#4823,.T.);
#6417=ORIENTED_EDGE('',*,*,#4824,.T.);
#6418=ORIENTED_EDGE('',*,*,#4820,.F.);
#6419=ORIENTED_EDGE('',*,*,#4385,.F.);
#6420=ORIENTED_EDGE('',*,*,#4825,.T.);
#6421=ORIENTED_EDGE('',*,*,#4826,.T.);
#6422=ORIENTED_EDGE('',*,*,#4823,.F.);
#6423=ORIENTED_EDGE('',*,*,#4384,.F.);
#6424=ORIENTED_EDGE('',*,*,#4827,.T.);
#6425=ORIENTED_EDGE('',*,*,#4828,.T.);
#6426=ORIENTED_EDGE('',*,*,#4825,.F.);
#6427=ORIENTED_EDGE('',*,*,#4383,.F.);
#6428=ORIENTED_EDGE('',*,*,#4829,.T.);
#6429=ORIENTED_EDGE('',*,*,#4830,.T.);
#6430=ORIENTED_EDGE('',*,*,#4827,.F.);
#6431=ORIENTED_EDGE('',*,*,#4382,.F.);
#6432=ORIENTED_EDGE('',*,*,#4831,.T.);
#6433=ORIENTED_EDGE('',*,*,#4832,.T.);
#6434=ORIENTED_EDGE('',*,*,#4829,.F.);
#6435=ORIENTED_EDGE('',*,*,#4381,.F.);
#6436=ORIENTED_EDGE('',*,*,#4833,.T.);
#6437=ORIENTED_EDGE('',*,*,#4834,.T.);
#6438=ORIENTED_EDGE('',*,*,#4831,.F.);
#6439=ORIENTED_EDGE('',*,*,#4380,.F.);
#6440=ORIENTED_EDGE('',*,*,#4835,.T.);
#6441=ORIENTED_EDGE('',*,*,#4836,.T.);
#6442=ORIENTED_EDGE('',*,*,#4833,.F.);
#6443=ORIENTED_EDGE('',*,*,#4379,.F.);
#6444=ORIENTED_EDGE('',*,*,#4837,.T.);
#6445=ORIENTED_EDGE('',*,*,#4838,.T.);
#6446=ORIENTED_EDGE('',*,*,#4835,.F.);
#6447=ORIENTED_EDGE('',*,*,#4378,.F.);
#6448=ORIENTED_EDGE('',*,*,#4839,.T.);
#6449=ORIENTED_EDGE('',*,*,#4840,.T.);
#6450=ORIENTED_EDGE('',*,*,#4837,.F.);
#6451=ORIENTED_EDGE('',*,*,#4377,.F.);
#6452=ORIENTED_EDGE('',*,*,#4841,.T.);
#6453=ORIENTED_EDGE('',*,*,#4842,.T.);
#6454=ORIENTED_EDGE('',*,*,#4839,.F.);
#6455=ORIENTED_EDGE('',*,*,#4376,.F.);
#6456=ORIENTED_EDGE('',*,*,#4843,.T.);
#6457=ORIENTED_EDGE('',*,*,#4844,.T.);
#6458=ORIENTED_EDGE('',*,*,#4841,.F.);
#6459=ORIENTED_EDGE('',*,*,#4375,.F.);
#6460=ORIENTED_EDGE('',*,*,#4845,.T.);
#6461=ORIENTED_EDGE('',*,*,#4846,.T.);
#6462=ORIENTED_EDGE('',*,*,#4843,.F.);
#6463=ORIENTED_EDGE('',*,*,#4374,.F.);
#6464=ORIENTED_EDGE('',*,*,#4847,.T.);
#6465=ORIENTED_EDGE('',*,*,#4848,.T.);
#6466=ORIENTED_EDGE('',*,*,#4845,.F.);
#6467=ORIENTED_EDGE('',*,*,#4373,.F.);
#6468=ORIENTED_EDGE('',*,*,#4849,.T.);
#6469=ORIENTED_EDGE('',*,*,#4850,.T.);
#6470=ORIENTED_EDGE('',*,*,#4847,.F.);
#6471=ORIENTED_EDGE('',*,*,#4372,.F.);
#6472=ORIENTED_EDGE('',*,*,#4822,.T.);
#6473=ORIENTED_EDGE('',*,*,#4851,.T.);
#6474=ORIENTED_EDGE('',*,*,#4849,.F.);
#6475=ORIENTED_EDGE('',*,*,#4851,.F.);
#6476=ORIENTED_EDGE('',*,*,#4821,.F.);
#6477=ORIENTED_EDGE('',*,*,#4824,.F.);
#6478=ORIENTED_EDGE('',*,*,#4826,.F.);
#6479=ORIENTED_EDGE('',*,*,#4828,.F.);
#6480=ORIENTED_EDGE('',*,*,#4830,.F.);
#6481=ORIENTED_EDGE('',*,*,#4832,.F.);
#6482=ORIENTED_EDGE('',*,*,#4834,.F.);
#6483=ORIENTED_EDGE('',*,*,#4836,.F.);
#6484=ORIENTED_EDGE('',*,*,#4838,.F.);
#6485=ORIENTED_EDGE('',*,*,#4840,.F.);
#6486=ORIENTED_EDGE('',*,*,#4842,.F.);
#6487=ORIENTED_EDGE('',*,*,#4844,.F.);
#6488=ORIENTED_EDGE('',*,*,#4846,.F.);
#6489=ORIENTED_EDGE('',*,*,#4848,.F.);
#6490=ORIENTED_EDGE('',*,*,#4850,.F.);
#6491=ORIENTED_EDGE('',*,*,#4801,.F.);
#6492=ORIENTED_EDGE('',*,*,#4819,.F.);
#6493=ORIENTED_EDGE('',*,*,#4816,.F.);
#6494=ORIENTED_EDGE('',*,*,#4813,.F.);
#6495=ORIENTED_EDGE('',*,*,#4810,.F.);
#6496=ORIENTED_EDGE('',*,*,#4807,.F.);
#6497=ORIENTED_EDGE('',*,*,#4804,.F.);
#6498=ORIENTED_EDGE('',*,*,#4387,.F.);
#6499=ORIENTED_EDGE('',*,*,#4852,.T.);
#6500=ORIENTED_EDGE('',*,*,#4853,.T.);
#6501=ORIENTED_EDGE('',*,*,#4854,.F.);
#6502=ORIENTED_EDGE('',*,*,#4393,.F.);
#6503=ORIENTED_EDGE('',*,*,#4855,.T.);
#6504=ORIENTED_EDGE('',*,*,#4856,.T.);
#6505=ORIENTED_EDGE('',*,*,#4852,.F.);
#6506=ORIENTED_EDGE('',*,*,#4392,.F.);
#6507=ORIENTED_EDGE('',*,*,#4857,.T.);
#6508=ORIENTED_EDGE('',*,*,#4858,.T.);
#6509=ORIENTED_EDGE('',*,*,#4855,.F.);
#6510=ORIENTED_EDGE('',*,*,#4391,.F.);
#6511=ORIENTED_EDGE('',*,*,#4859,.T.);
#6512=ORIENTED_EDGE('',*,*,#4860,.T.);
#6513=ORIENTED_EDGE('',*,*,#4857,.F.);
#6514=ORIENTED_EDGE('',*,*,#4390,.F.);
#6515=ORIENTED_EDGE('',*,*,#4861,.T.);
#6516=ORIENTED_EDGE('',*,*,#4862,.T.);
#6517=ORIENTED_EDGE('',*,*,#4859,.F.);
#6518=ORIENTED_EDGE('',*,*,#4389,.F.);
#6519=ORIENTED_EDGE('',*,*,#4863,.T.);
#6520=ORIENTED_EDGE('',*,*,#4864,.T.);
#6521=ORIENTED_EDGE('',*,*,#4861,.F.);
#6522=ORIENTED_EDGE('',*,*,#4388,.F.);
#6523=ORIENTED_EDGE('',*,*,#4854,.T.);
#6524=ORIENTED_EDGE('',*,*,#4865,.T.);
#6525=ORIENTED_EDGE('',*,*,#4863,.F.);
#6526=ORIENTED_EDGE('',*,*,#4865,.F.);
#6527=ORIENTED_EDGE('',*,*,#4853,.F.);
#6528=ORIENTED_EDGE('',*,*,#4856,.F.);
#6529=ORIENTED_EDGE('',*,*,#4858,.F.);
#6530=ORIENTED_EDGE('',*,*,#4860,.F.);
#6531=ORIENTED_EDGE('',*,*,#4862,.F.);
#6532=ORIENTED_EDGE('',*,*,#4864,.F.);
#6533=ORIENTED_EDGE('',*,*,#4394,.F.);
#6534=ORIENTED_EDGE('',*,*,#4866,.T.);
#6535=ORIENTED_EDGE('',*,*,#4867,.T.);
#6536=ORIENTED_EDGE('',*,*,#4868,.F.);
#6537=ORIENTED_EDGE('',*,*,#4408,.F.);
#6538=ORIENTED_EDGE('',*,*,#4869,.T.);
#6539=ORIENTED_EDGE('',*,*,#4870,.T.);
#6540=ORIENTED_EDGE('',*,*,#4866,.F.);
#6541=ORIENTED_EDGE('',*,*,#4407,.F.);
#6542=ORIENTED_EDGE('',*,*,#4871,.T.);
#6543=ORIENTED_EDGE('',*,*,#4872,.T.);
#6544=ORIENTED_EDGE('',*,*,#4869,.F.);
#6545=ORIENTED_EDGE('',*,*,#4406,.F.);
#6546=ORIENTED_EDGE('',*,*,#4873,.T.);
#6547=ORIENTED_EDGE('',*,*,#4874,.T.);
#6548=ORIENTED_EDGE('',*,*,#4871,.F.);
#6549=ORIENTED_EDGE('',*,*,#4405,.F.);
#6550=ORIENTED_EDGE('',*,*,#4875,.T.);
#6551=ORIENTED_EDGE('',*,*,#4876,.T.);
#6552=ORIENTED_EDGE('',*,*,#4873,.F.);
#6553=ORIENTED_EDGE('',*,*,#4404,.F.);
#6554=ORIENTED_EDGE('',*,*,#4877,.T.);
#6555=ORIENTED_EDGE('',*,*,#4878,.T.);
#6556=ORIENTED_EDGE('',*,*,#4875,.F.);
#6557=ORIENTED_EDGE('',*,*,#4403,.F.);
#6558=ORIENTED_EDGE('',*,*,#4879,.T.);
#6559=ORIENTED_EDGE('',*,*,#4880,.T.);
#6560=ORIENTED_EDGE('',*,*,#4877,.F.);
#6561=ORIENTED_EDGE('',*,*,#4402,.F.);
#6562=ORIENTED_EDGE('',*,*,#4881,.T.);
#6563=ORIENTED_EDGE('',*,*,#4882,.T.);
#6564=ORIENTED_EDGE('',*,*,#4879,.F.);
#6565=ORIENTED_EDGE('',*,*,#4401,.F.);
#6566=ORIENTED_EDGE('',*,*,#4883,.T.);
#6567=ORIENTED_EDGE('',*,*,#4884,.T.);
#6568=ORIENTED_EDGE('',*,*,#4881,.F.);
#6569=ORIENTED_EDGE('',*,*,#4400,.F.);
#6570=ORIENTED_EDGE('',*,*,#4885,.T.);
#6571=ORIENTED_EDGE('',*,*,#4886,.T.);
#6572=ORIENTED_EDGE('',*,*,#4883,.F.);
#6573=ORIENTED_EDGE('',*,*,#4399,.F.);
#6574=ORIENTED_EDGE('',*,*,#4887,.T.);
#6575=ORIENTED_EDGE('',*,*,#4888,.T.);
#6576=ORIENTED_EDGE('',*,*,#4885,.F.);
#6577=ORIENTED_EDGE('',*,*,#4398,.F.);
#6578=ORIENTED_EDGE('',*,*,#4889,.T.);
#6579=ORIENTED_EDGE('',*,*,#4890,.T.);
#6580=ORIENTED_EDGE('',*,*,#4887,.F.);
#6581=ORIENTED_EDGE('',*,*,#4397,.F.);
#6582=ORIENTED_EDGE('',*,*,#4891,.T.);
#6583=ORIENTED_EDGE('',*,*,#4892,.T.);
#6584=ORIENTED_EDGE('',*,*,#4889,.F.);
#6585=ORIENTED_EDGE('',*,*,#4396,.F.);
#6586=ORIENTED_EDGE('',*,*,#4893,.T.);
#6587=ORIENTED_EDGE('',*,*,#4894,.T.);
#6588=ORIENTED_EDGE('',*,*,#4891,.F.);
#6589=ORIENTED_EDGE('',*,*,#4395,.F.);
#6590=ORIENTED_EDGE('',*,*,#4868,.T.);
#6591=ORIENTED_EDGE('',*,*,#4895,.T.);
#6592=ORIENTED_EDGE('',*,*,#4893,.F.);
#6593=ORIENTED_EDGE('',*,*,#4895,.F.);
#6594=ORIENTED_EDGE('',*,*,#4867,.F.);
#6595=ORIENTED_EDGE('',*,*,#4870,.F.);
#6596=ORIENTED_EDGE('',*,*,#4872,.F.);
#6597=ORIENTED_EDGE('',*,*,#4874,.F.);
#6598=ORIENTED_EDGE('',*,*,#4876,.F.);
#6599=ORIENTED_EDGE('',*,*,#4878,.F.);
#6600=ORIENTED_EDGE('',*,*,#4880,.F.);
#6601=ORIENTED_EDGE('',*,*,#4882,.F.);
#6602=ORIENTED_EDGE('',*,*,#4884,.F.);
#6603=ORIENTED_EDGE('',*,*,#4886,.F.);
#6604=ORIENTED_EDGE('',*,*,#4888,.F.);
#6605=ORIENTED_EDGE('',*,*,#4890,.F.);
#6606=ORIENTED_EDGE('',*,*,#4892,.F.);
#6607=ORIENTED_EDGE('',*,*,#4894,.F.);
#6608=ORIENTED_EDGE('',*,*,#4409,.F.);
#6609=ORIENTED_EDGE('',*,*,#4896,.T.);
#6610=ORIENTED_EDGE('',*,*,#4897,.T.);
#6611=ORIENTED_EDGE('',*,*,#4898,.F.);
#6612=ORIENTED_EDGE('',*,*,#4435,.F.);
#6613=ORIENTED_EDGE('',*,*,#4899,.T.);
#6614=ORIENTED_EDGE('',*,*,#4900,.T.);
#6615=ORIENTED_EDGE('',*,*,#4896,.F.);
#6616=ORIENTED_EDGE('',*,*,#4434,.F.);
#6617=ORIENTED_EDGE('',*,*,#4901,.T.);
#6618=ORIENTED_EDGE('',*,*,#4902,.T.);
#6619=ORIENTED_EDGE('',*,*,#4899,.F.);
#6620=ORIENTED_EDGE('',*,*,#4433,.F.);
#6621=ORIENTED_EDGE('',*,*,#4903,.T.);
#6622=ORIENTED_EDGE('',*,*,#4904,.T.);
#6623=ORIENTED_EDGE('',*,*,#4901,.F.);
#6624=ORIENTED_EDGE('',*,*,#4432,.F.);
#6625=ORIENTED_EDGE('',*,*,#4905,.T.);
#6626=ORIENTED_EDGE('',*,*,#4906,.T.);
#6627=ORIENTED_EDGE('',*,*,#4903,.F.);
#6628=ORIENTED_EDGE('',*,*,#4431,.F.);
#6629=ORIENTED_EDGE('',*,*,#4907,.T.);
#6630=ORIENTED_EDGE('',*,*,#4908,.T.);
#6631=ORIENTED_EDGE('',*,*,#4905,.F.);
#6632=ORIENTED_EDGE('',*,*,#4430,.F.);
#6633=ORIENTED_EDGE('',*,*,#4909,.T.);
#6634=ORIENTED_EDGE('',*,*,#4910,.T.);
#6635=ORIENTED_EDGE('',*,*,#4907,.F.);
#6636=ORIENTED_EDGE('',*,*,#4429,.F.);
#6637=ORIENTED_EDGE('',*,*,#4911,.T.);
#6638=ORIENTED_EDGE('',*,*,#4912,.T.);
#6639=ORIENTED_EDGE('',*,*,#4909,.F.);
#6640=ORIENTED_EDGE('',*,*,#4428,.F.);
#6641=ORIENTED_EDGE('',*,*,#4913,.T.);
#6642=ORIENTED_EDGE('',*,*,#4914,.T.);
#6643=ORIENTED_EDGE('',*,*,#4911,.F.);
#6644=ORIENTED_EDGE('',*,*,#4427,.F.);
#6645=ORIENTED_EDGE('',*,*,#4915,.T.);
#6646=ORIENTED_EDGE('',*,*,#4916,.T.);
#6647=ORIENTED_EDGE('',*,*,#4913,.F.);
#6648=ORIENTED_EDGE('',*,*,#4426,.F.);
#6649=ORIENTED_EDGE('',*,*,#4917,.T.);
#6650=ORIENTED_EDGE('',*,*,#4918,.T.);
#6651=ORIENTED_EDGE('',*,*,#4915,.F.);
#6652=ORIENTED_EDGE('',*,*,#4425,.F.);
#6653=ORIENTED_EDGE('',*,*,#4919,.T.);
#6654=ORIENTED_EDGE('',*,*,#4920,.T.);
#6655=ORIENTED_EDGE('',*,*,#4917,.F.);
#6656=ORIENTED_EDGE('',*,*,#4424,.F.);
#6657=ORIENTED_EDGE('',*,*,#4921,.T.);
#6658=ORIENTED_EDGE('',*,*,#4922,.T.);
#6659=ORIENTED_EDGE('',*,*,#4919,.F.);
#6660=ORIENTED_EDGE('',*,*,#4423,.F.);
#6661=ORIENTED_EDGE('',*,*,#4923,.T.);
#6662=ORIENTED_EDGE('',*,*,#4924,.T.);
#6663=ORIENTED_EDGE('',*,*,#4921,.F.);
#6664=ORIENTED_EDGE('',*,*,#4422,.F.);
#6665=ORIENTED_EDGE('',*,*,#4925,.T.);
#6666=ORIENTED_EDGE('',*,*,#4926,.T.);
#6667=ORIENTED_EDGE('',*,*,#4923,.F.);
#6668=ORIENTED_EDGE('',*,*,#4421,.F.);
#6669=ORIENTED_EDGE('',*,*,#4927,.T.);
#6670=ORIENTED_EDGE('',*,*,#4928,.T.);
#6671=ORIENTED_EDGE('',*,*,#4925,.F.);
#6672=ORIENTED_EDGE('',*,*,#4420,.F.);
#6673=ORIENTED_EDGE('',*,*,#4929,.T.);
#6674=ORIENTED_EDGE('',*,*,#4930,.T.);
#6675=ORIENTED_EDGE('',*,*,#4927,.F.);
#6676=ORIENTED_EDGE('',*,*,#4419,.F.);
#6677=ORIENTED_EDGE('',*,*,#4931,.T.);
#6678=ORIENTED_EDGE('',*,*,#4932,.T.);
#6679=ORIENTED_EDGE('',*,*,#4929,.F.);
#6680=ORIENTED_EDGE('',*,*,#4418,.F.);
#6681=ORIENTED_EDGE('',*,*,#4933,.T.);
#6682=ORIENTED_EDGE('',*,*,#4934,.T.);
#6683=ORIENTED_EDGE('',*,*,#4931,.F.);
#6684=ORIENTED_EDGE('',*,*,#4417,.F.);
#6685=ORIENTED_EDGE('',*,*,#4935,.T.);
#6686=ORIENTED_EDGE('',*,*,#4936,.T.);
#6687=ORIENTED_EDGE('',*,*,#4933,.F.);
#6688=ORIENTED_EDGE('',*,*,#4416,.F.);
#6689=ORIENTED_EDGE('',*,*,#4937,.T.);
#6690=ORIENTED_EDGE('',*,*,#4938,.T.);
#6691=ORIENTED_EDGE('',*,*,#4935,.F.);
#6692=ORIENTED_EDGE('',*,*,#4415,.F.);
#6693=ORIENTED_EDGE('',*,*,#4939,.T.);
#6694=ORIENTED_EDGE('',*,*,#4940,.T.);
#6695=ORIENTED_EDGE('',*,*,#4937,.F.);
#6696=ORIENTED_EDGE('',*,*,#4414,.F.);
#6697=ORIENTED_EDGE('',*,*,#4941,.T.);
#6698=ORIENTED_EDGE('',*,*,#4942,.T.);
#6699=ORIENTED_EDGE('',*,*,#4939,.F.);
#6700=ORIENTED_EDGE('',*,*,#4413,.F.);
#6701=ORIENTED_EDGE('',*,*,#4943,.T.);
#6702=ORIENTED_EDGE('',*,*,#4944,.T.);
#6703=ORIENTED_EDGE('',*,*,#4941,.F.);
#6704=ORIENTED_EDGE('',*,*,#4412,.F.);
#6705=ORIENTED_EDGE('',*,*,#4945,.T.);
#6706=ORIENTED_EDGE('',*,*,#4946,.T.);
#6707=ORIENTED_EDGE('',*,*,#4943,.F.);
#6708=ORIENTED_EDGE('',*,*,#4411,.F.);
#6709=ORIENTED_EDGE('',*,*,#4947,.T.);
#6710=ORIENTED_EDGE('',*,*,#4948,.T.);
#6711=ORIENTED_EDGE('',*,*,#4945,.F.);
#6712=ORIENTED_EDGE('',*,*,#4410,.F.);
#6713=ORIENTED_EDGE('',*,*,#4898,.T.);
#6714=ORIENTED_EDGE('',*,*,#4949,.T.);
#6715=ORIENTED_EDGE('',*,*,#4947,.F.);
#6716=ORIENTED_EDGE('',*,*,#4949,.F.);
#6717=ORIENTED_EDGE('',*,*,#4897,.F.);
#6718=ORIENTED_EDGE('',*,*,#4900,.F.);
#6719=ORIENTED_EDGE('',*,*,#4902,.F.);
#6720=ORIENTED_EDGE('',*,*,#4904,.F.);
#6721=ORIENTED_EDGE('',*,*,#4906,.F.);
#6722=ORIENTED_EDGE('',*,*,#4908,.F.);
#6723=ORIENTED_EDGE('',*,*,#4910,.F.);
#6724=ORIENTED_EDGE('',*,*,#4912,.F.);
#6725=ORIENTED_EDGE('',*,*,#4914,.F.);
#6726=ORIENTED_EDGE('',*,*,#4916,.F.);
#6727=ORIENTED_EDGE('',*,*,#4918,.F.);
#6728=ORIENTED_EDGE('',*,*,#4920,.F.);
#6729=ORIENTED_EDGE('',*,*,#4922,.F.);
#6730=ORIENTED_EDGE('',*,*,#4924,.F.);
#6731=ORIENTED_EDGE('',*,*,#4926,.F.);
#6732=ORIENTED_EDGE('',*,*,#4928,.F.);
#6733=ORIENTED_EDGE('',*,*,#4930,.F.);
#6734=ORIENTED_EDGE('',*,*,#4932,.F.);
#6735=ORIENTED_EDGE('',*,*,#4934,.F.);
#6736=ORIENTED_EDGE('',*,*,#4936,.F.);
#6737=ORIENTED_EDGE('',*,*,#4938,.F.);
#6738=ORIENTED_EDGE('',*,*,#4940,.F.);
#6739=ORIENTED_EDGE('',*,*,#4942,.F.);
#6740=ORIENTED_EDGE('',*,*,#4944,.F.);
#6741=ORIENTED_EDGE('',*,*,#4946,.F.);
#6742=ORIENTED_EDGE('',*,*,#4948,.F.);
#6743=ORIENTED_EDGE('',*,*,#4950,.F.);
#6744=ORIENTED_EDGE('',*,*,#4951,.T.);
#6745=ORIENTED_EDGE('',*,*,#4952,.T.);
#6746=ORIENTED_EDGE('',*,*,#4953,.F.);
#6747=ORIENTED_EDGE('',*,*,#4954,.F.);
#6748=ORIENTED_EDGE('',*,*,#4953,.T.);
#6749=ORIENTED_EDGE('',*,*,#4955,.T.);
#6750=ORIENTED_EDGE('',*,*,#4956,.F.);
#6751=ORIENTED_EDGE('',*,*,#4957,.F.);
#6752=ORIENTED_EDGE('',*,*,#4956,.T.);
#6753=ORIENTED_EDGE('',*,*,#4958,.T.);
#6754=ORIENTED_EDGE('',*,*,#4959,.F.);
#6755=ORIENTED_EDGE('',*,*,#4960,.F.);
#6756=ORIENTED_EDGE('',*,*,#4959,.T.);
#6757=ORIENTED_EDGE('',*,*,#4961,.T.);
#6758=ORIENTED_EDGE('',*,*,#4962,.F.);
#6759=ORIENTED_EDGE('',*,*,#4963,.F.);
#6760=ORIENTED_EDGE('',*,*,#4962,.T.);
#6761=ORIENTED_EDGE('',*,*,#4964,.T.);
#6762=ORIENTED_EDGE('',*,*,#4965,.F.);
#6763=ORIENTED_EDGE('',*,*,#4966,.F.);
#6764=ORIENTED_EDGE('',*,*,#4965,.T.);
#6765=ORIENTED_EDGE('',*,*,#4967,.T.);
#6766=ORIENTED_EDGE('',*,*,#4968,.F.);
#6767=ORIENTED_EDGE('',*,*,#4969,.F.);
#6768=ORIENTED_EDGE('',*,*,#4968,.T.);
#6769=ORIENTED_EDGE('',*,*,#4970,.T.);
#6770=ORIENTED_EDGE('',*,*,#4971,.F.);
#6771=ORIENTED_EDGE('',*,*,#4972,.F.);
#6772=ORIENTED_EDGE('',*,*,#4971,.T.);
#6773=ORIENTED_EDGE('',*,*,#4973,.T.);
#6774=ORIENTED_EDGE('',*,*,#4951,.F.);
#6775=ORIENTED_EDGE('',*,*,#4436,.F.);
#6776=ORIENTED_EDGE('',*,*,#4974,.T.);
#6777=ORIENTED_EDGE('',*,*,#4975,.T.);
#6778=ORIENTED_EDGE('',*,*,#4976,.F.);
#6779=ORIENTED_EDGE('',*,*,#4443,.F.);
#6780=ORIENTED_EDGE('',*,*,#4977,.T.);
#6781=ORIENTED_EDGE('',*,*,#4978,.T.);
#6782=ORIENTED_EDGE('',*,*,#4974,.F.);
#6783=ORIENTED_EDGE('',*,*,#4442,.F.);
#6784=ORIENTED_EDGE('',*,*,#4979,.T.);
#6785=ORIENTED_EDGE('',*,*,#4980,.T.);
#6786=ORIENTED_EDGE('',*,*,#4977,.F.);
#6787=ORIENTED_EDGE('',*,*,#4441,.F.);
#6788=ORIENTED_EDGE('',*,*,#4981,.T.);
#6789=ORIENTED_EDGE('',*,*,#4982,.T.);
#6790=ORIENTED_EDGE('',*,*,#4979,.F.);
#6791=ORIENTED_EDGE('',*,*,#4440,.F.);
#6792=ORIENTED_EDGE('',*,*,#4983,.T.);
#6793=ORIENTED_EDGE('',*,*,#4984,.T.);
#6794=ORIENTED_EDGE('',*,*,#4981,.F.);
#6795=ORIENTED_EDGE('',*,*,#4439,.F.);
#6796=ORIENTED_EDGE('',*,*,#4985,.T.);
#6797=ORIENTED_EDGE('',*,*,#4986,.T.);
#6798=ORIENTED_EDGE('',*,*,#4983,.F.);
#6799=ORIENTED_EDGE('',*,*,#4438,.F.);
#6800=ORIENTED_EDGE('',*,*,#4987,.T.);
#6801=ORIENTED_EDGE('',*,*,#4988,.T.);
#6802=ORIENTED_EDGE('',*,*,#4985,.F.);
#6803=ORIENTED_EDGE('',*,*,#4437,.F.);
#6804=ORIENTED_EDGE('',*,*,#4976,.T.);
#6805=ORIENTED_EDGE('',*,*,#4989,.T.);
#6806=ORIENTED_EDGE('',*,*,#4987,.F.);
#6807=ORIENTED_EDGE('',*,*,#4989,.F.);
#6808=ORIENTED_EDGE('',*,*,#4975,.F.);
#6809=ORIENTED_EDGE('',*,*,#4978,.F.);
#6810=ORIENTED_EDGE('',*,*,#4980,.F.);
#6811=ORIENTED_EDGE('',*,*,#4982,.F.);
#6812=ORIENTED_EDGE('',*,*,#4984,.F.);
#6813=ORIENTED_EDGE('',*,*,#4986,.F.);
#6814=ORIENTED_EDGE('',*,*,#4988,.F.);
#6815=ORIENTED_EDGE('',*,*,#4952,.F.);
#6816=ORIENTED_EDGE('',*,*,#4973,.F.);
#6817=ORIENTED_EDGE('',*,*,#4970,.F.);
#6818=ORIENTED_EDGE('',*,*,#4967,.F.);
#6819=ORIENTED_EDGE('',*,*,#4964,.F.);
#6820=ORIENTED_EDGE('',*,*,#4961,.F.);
#6821=ORIENTED_EDGE('',*,*,#4958,.F.);
#6822=ORIENTED_EDGE('',*,*,#4955,.F.);
#6823=ORIENTED_EDGE('',*,*,#4444,.F.);
#6824=ORIENTED_EDGE('',*,*,#4990,.T.);
#6825=ORIENTED_EDGE('',*,*,#4991,.T.);
#6826=ORIENTED_EDGE('',*,*,#4992,.F.);
#6827=ORIENTED_EDGE('',*,*,#4457,.F.);
#6828=ORIENTED_EDGE('',*,*,#4993,.T.);
#6829=ORIENTED_EDGE('',*,*,#4994,.T.);
#6830=ORIENTED_EDGE('',*,*,#4990,.F.);
#6831=ORIENTED_EDGE('',*,*,#4456,.F.);
#6832=ORIENTED_EDGE('',*,*,#4995,.T.);
#6833=ORIENTED_EDGE('',*,*,#4996,.T.);
#6834=ORIENTED_EDGE('',*,*,#4993,.F.);
#6835=ORIENTED_EDGE('',*,*,#4455,.F.);
#6836=ORIENTED_EDGE('',*,*,#4997,.T.);
#6837=ORIENTED_EDGE('',*,*,#4998,.T.);
#6838=ORIENTED_EDGE('',*,*,#4995,.F.);
#6839=ORIENTED_EDGE('',*,*,#4454,.F.);
#6840=ORIENTED_EDGE('',*,*,#4999,.T.);
#6841=ORIENTED_EDGE('',*,*,#5000,.T.);
#6842=ORIENTED_EDGE('',*,*,#4997,.F.);
#6843=ORIENTED_EDGE('',*,*,#4453,.F.);
#6844=ORIENTED_EDGE('',*,*,#5001,.T.);
#6845=ORIENTED_EDGE('',*,*,#5002,.T.);
#6846=ORIENTED_EDGE('',*,*,#4999,.F.);
#6847=ORIENTED_EDGE('',*,*,#4452,.F.);
#6848=ORIENTED_EDGE('',*,*,#5003,.T.);
#6849=ORIENTED_EDGE('',*,*,#5004,.T.);
#6850=ORIENTED_EDGE('',*,*,#5001,.F.);
#6851=ORIENTED_EDGE('',*,*,#4451,.F.);
#6852=ORIENTED_EDGE('',*,*,#5005,.T.);
#6853=ORIENTED_EDGE('',*,*,#5006,.T.);
#6854=ORIENTED_EDGE('',*,*,#5003,.F.);
#6855=ORIENTED_EDGE('',*,*,#4450,.F.);
#6856=ORIENTED_EDGE('',*,*,#5007,.T.);
#6857=ORIENTED_EDGE('',*,*,#5008,.T.);
#6858=ORIENTED_EDGE('',*,*,#5005,.F.);
#6859=ORIENTED_EDGE('',*,*,#4449,.F.);
#6860=ORIENTED_EDGE('',*,*,#5009,.T.);
#6861=ORIENTED_EDGE('',*,*,#5010,.T.);
#6862=ORIENTED_EDGE('',*,*,#5007,.F.);
#6863=ORIENTED_EDGE('',*,*,#4448,.F.);
#6864=ORIENTED_EDGE('',*,*,#5011,.T.);
#6865=ORIENTED_EDGE('',*,*,#5012,.T.);
#6866=ORIENTED_EDGE('',*,*,#5009,.F.);
#6867=ORIENTED_EDGE('',*,*,#4447,.F.);
#6868=ORIENTED_EDGE('',*,*,#5013,.T.);
#6869=ORIENTED_EDGE('',*,*,#5014,.T.);
#6870=ORIENTED_EDGE('',*,*,#5011,.F.);
#6871=ORIENTED_EDGE('',*,*,#4446,.F.);
#6872=ORIENTED_EDGE('',*,*,#5015,.T.);
#6873=ORIENTED_EDGE('',*,*,#5016,.T.);
#6874=ORIENTED_EDGE('',*,*,#5013,.F.);
#6875=ORIENTED_EDGE('',*,*,#4445,.F.);
#6876=ORIENTED_EDGE('',*,*,#4992,.T.);
#6877=ORIENTED_EDGE('',*,*,#5017,.T.);
#6878=ORIENTED_EDGE('',*,*,#5015,.F.);
#6879=ORIENTED_EDGE('',*,*,#5017,.F.);
#6880=ORIENTED_EDGE('',*,*,#4991,.F.);
#6881=ORIENTED_EDGE('',*,*,#4994,.F.);
#6882=ORIENTED_EDGE('',*,*,#4996,.F.);
#6883=ORIENTED_EDGE('',*,*,#4998,.F.);
#6884=ORIENTED_EDGE('',*,*,#5000,.F.);
#6885=ORIENTED_EDGE('',*,*,#5002,.F.);
#6886=ORIENTED_EDGE('',*,*,#5004,.F.);
#6887=ORIENTED_EDGE('',*,*,#5006,.F.);
#6888=ORIENTED_EDGE('',*,*,#5008,.F.);
#6889=ORIENTED_EDGE('',*,*,#5010,.F.);
#6890=ORIENTED_EDGE('',*,*,#5012,.F.);
#6891=ORIENTED_EDGE('',*,*,#5014,.F.);
#6892=ORIENTED_EDGE('',*,*,#5016,.F.);
#6893=ORIENTED_EDGE('',*,*,#4458,.F.);
#6894=ORIENTED_EDGE('',*,*,#5018,.T.);
#6895=ORIENTED_EDGE('',*,*,#5019,.T.);
#6896=ORIENTED_EDGE('',*,*,#5020,.F.);
#6897=ORIENTED_EDGE('',*,*,#4473,.F.);
#6898=ORIENTED_EDGE('',*,*,#5021,.T.);
#6899=ORIENTED_EDGE('',*,*,#5022,.T.);
#6900=ORIENTED_EDGE('',*,*,#5018,.F.);
#6901=ORIENTED_EDGE('',*,*,#4472,.F.);
#6902=ORIENTED_EDGE('',*,*,#5023,.T.);
#6903=ORIENTED_EDGE('',*,*,#5024,.T.);
#6904=ORIENTED_EDGE('',*,*,#5021,.F.);
#6905=ORIENTED_EDGE('',*,*,#4471,.F.);
#6906=ORIENTED_EDGE('',*,*,#5025,.T.);
#6907=ORIENTED_EDGE('',*,*,#5026,.T.);
#6908=ORIENTED_EDGE('',*,*,#5023,.F.);
#6909=ORIENTED_EDGE('',*,*,#4470,.F.);
#6910=ORIENTED_EDGE('',*,*,#5027,.T.);
#6911=ORIENTED_EDGE('',*,*,#5028,.T.);
#6912=ORIENTED_EDGE('',*,*,#5025,.F.);
#6913=ORIENTED_EDGE('',*,*,#4469,.F.);
#6914=ORIENTED_EDGE('',*,*,#5029,.T.);
#6915=ORIENTED_EDGE('',*,*,#5030,.T.);
#6916=ORIENTED_EDGE('',*,*,#5027,.F.);
#6917=ORIENTED_EDGE('',*,*,#4468,.F.);
#6918=ORIENTED_EDGE('',*,*,#5031,.T.);
#6919=ORIENTED_EDGE('',*,*,#5032,.T.);
#6920=ORIENTED_EDGE('',*,*,#5029,.F.);
#6921=ORIENTED_EDGE('',*,*,#4467,.F.);
#6922=ORIENTED_EDGE('',*,*,#5033,.T.);
#6923=ORIENTED_EDGE('',*,*,#5034,.T.);
#6924=ORIENTED_EDGE('',*,*,#5031,.F.);
#6925=ORIENTED_EDGE('',*,*,#4466,.F.);
#6926=ORIENTED_EDGE('',*,*,#5035,.T.);
#6927=ORIENTED_EDGE('',*,*,#5036,.T.);
#6928=ORIENTED_EDGE('',*,*,#5033,.F.);
#6929=ORIENTED_EDGE('',*,*,#4465,.F.);
#6930=ORIENTED_EDGE('',*,*,#5037,.T.);
#6931=ORIENTED_EDGE('',*,*,#5038,.T.);
#6932=ORIENTED_EDGE('',*,*,#5035,.F.);
#6933=ORIENTED_EDGE('',*,*,#4464,.F.);
#6934=ORIENTED_EDGE('',*,*,#5039,.T.);
#6935=ORIENTED_EDGE('',*,*,#5040,.T.);
#6936=ORIENTED_EDGE('',*,*,#5037,.F.);
#6937=ORIENTED_EDGE('',*,*,#4463,.F.);
#6938=ORIENTED_EDGE('',*,*,#5041,.T.);
#6939=ORIENTED_EDGE('',*,*,#5042,.T.);
#6940=ORIENTED_EDGE('',*,*,#5039,.F.);
#6941=ORIENTED_EDGE('',*,*,#4462,.F.);
#6942=ORIENTED_EDGE('',*,*,#5043,.T.);
#6943=ORIENTED_EDGE('',*,*,#5044,.T.);
#6944=ORIENTED_EDGE('',*,*,#5041,.F.);
#6945=ORIENTED_EDGE('',*,*,#4461,.F.);
#6946=ORIENTED_EDGE('',*,*,#5045,.T.);
#6947=ORIENTED_EDGE('',*,*,#5046,.T.);
#6948=ORIENTED_EDGE('',*,*,#5043,.F.);
#6949=ORIENTED_EDGE('',*,*,#4460,.F.);
#6950=ORIENTED_EDGE('',*,*,#5047,.T.);
#6951=ORIENTED_EDGE('',*,*,#5048,.T.);
#6952=ORIENTED_EDGE('',*,*,#5045,.F.);
#6953=ORIENTED_EDGE('',*,*,#4459,.F.);
#6954=ORIENTED_EDGE('',*,*,#5020,.T.);
#6955=ORIENTED_EDGE('',*,*,#5049,.T.);
#6956=ORIENTED_EDGE('',*,*,#5047,.F.);
#6957=ORIENTED_EDGE('',*,*,#5049,.F.);
#6958=ORIENTED_EDGE('',*,*,#5019,.F.);
#6959=ORIENTED_EDGE('',*,*,#5022,.F.);
#6960=ORIENTED_EDGE('',*,*,#5024,.F.);
#6961=ORIENTED_EDGE('',*,*,#5026,.F.);
#6962=ORIENTED_EDGE('',*,*,#5028,.F.);
#6963=ORIENTED_EDGE('',*,*,#5030,.F.);
#6964=ORIENTED_EDGE('',*,*,#5032,.F.);
#6965=ORIENTED_EDGE('',*,*,#5034,.F.);
#6966=ORIENTED_EDGE('',*,*,#5036,.F.);
#6967=ORIENTED_EDGE('',*,*,#5038,.F.);
#6968=ORIENTED_EDGE('',*,*,#5040,.F.);
#6969=ORIENTED_EDGE('',*,*,#5042,.F.);
#6970=ORIENTED_EDGE('',*,*,#5044,.F.);
#6971=ORIENTED_EDGE('',*,*,#5046,.F.);
#6972=ORIENTED_EDGE('',*,*,#5048,.F.);
#6973=ORIENTED_EDGE('',*,*,#4474,.F.);
#6974=ORIENTED_EDGE('',*,*,#5050,.T.);
#6975=ORIENTED_EDGE('',*,*,#5051,.T.);
#6976=ORIENTED_EDGE('',*,*,#5052,.F.);
#6977=ORIENTED_EDGE('',*,*,#4504,.F.);
#6978=ORIENTED_EDGE('',*,*,#5053,.T.);
#6979=ORIENTED_EDGE('',*,*,#5054,.T.);
#6980=ORIENTED_EDGE('',*,*,#5050,.F.);
#6981=ORIENTED_EDGE('',*,*,#4503,.F.);
#6982=ORIENTED_EDGE('',*,*,#5055,.T.);
#6983=ORIENTED_EDGE('',*,*,#5056,.T.);
#6984=ORIENTED_EDGE('',*,*,#5053,.F.);
#6985=ORIENTED_EDGE('',*,*,#4502,.F.);
#6986=ORIENTED_EDGE('',*,*,#5057,.T.);
#6987=ORIENTED_EDGE('',*,*,#5058,.T.);
#6988=ORIENTED_EDGE('',*,*,#5055,.F.);
#6989=ORIENTED_EDGE('',*,*,#4501,.F.);
#6990=ORIENTED_EDGE('',*,*,#5059,.T.);
#6991=ORIENTED_EDGE('',*,*,#5060,.T.);
#6992=ORIENTED_EDGE('',*,*,#5057,.F.);
#6993=ORIENTED_EDGE('',*,*,#4500,.F.);
#6994=ORIENTED_EDGE('',*,*,#5061,.T.);
#6995=ORIENTED_EDGE('',*,*,#5062,.T.);
#6996=ORIENTED_EDGE('',*,*,#5059,.F.);
#6997=ORIENTED_EDGE('',*,*,#4499,.F.);
#6998=ORIENTED_EDGE('',*,*,#5063,.T.);
#6999=ORIENTED_EDGE('',*,*,#5064,.T.);
#7000=ORIENTED_EDGE('',*,*,#5061,.F.);
#7001=ORIENTED_EDGE('',*,*,#4498,.F.);
#7002=ORIENTED_EDGE('',*,*,#5065,.T.);
#7003=ORIENTED_EDGE('',*,*,#5066,.T.);
#7004=ORIENTED_EDGE('',*,*,#5063,.F.);
#7005=ORIENTED_EDGE('',*,*,#4497,.F.);
#7006=ORIENTED_EDGE('',*,*,#5067,.T.);
#7007=ORIENTED_EDGE('',*,*,#5068,.T.);
#7008=ORIENTED_EDGE('',*,*,#5065,.F.);
#7009=ORIENTED_EDGE('',*,*,#4496,.F.);
#7010=ORIENTED_EDGE('',*,*,#5069,.T.);
#7011=ORIENTED_EDGE('',*,*,#5070,.T.);
#7012=ORIENTED_EDGE('',*,*,#5067,.F.);
#7013=ORIENTED_EDGE('',*,*,#4495,.F.);
#7014=ORIENTED_EDGE('',*,*,#5071,.T.);
#7015=ORIENTED_EDGE('',*,*,#5072,.T.);
#7016=ORIENTED_EDGE('',*,*,#5069,.F.);
#7017=ORIENTED_EDGE('',*,*,#4494,.F.);
#7018=ORIENTED_EDGE('',*,*,#5073,.T.);
#7019=ORIENTED_EDGE('',*,*,#5074,.T.);
#7020=ORIENTED_EDGE('',*,*,#5071,.F.);
#7021=ORIENTED_EDGE('',*,*,#4493,.F.);
#7022=ORIENTED_EDGE('',*,*,#5075,.T.);
#7023=ORIENTED_EDGE('',*,*,#5076,.T.);
#7024=ORIENTED_EDGE('',*,*,#5073,.F.);
#7025=ORIENTED_EDGE('',*,*,#4492,.F.);
#7026=ORIENTED_EDGE('',*,*,#5077,.T.);
#7027=ORIENTED_EDGE('',*,*,#5078,.T.);
#7028=ORIENTED_EDGE('',*,*,#5075,.F.);
#7029=ORIENTED_EDGE('',*,*,#4491,.F.);
#7030=ORIENTED_EDGE('',*,*,#5079,.T.);
#7031=ORIENTED_EDGE('',*,*,#5080,.T.);
#7032=ORIENTED_EDGE('',*,*,#5077,.F.);
#7033=ORIENTED_EDGE('',*,*,#4490,.F.);
#7034=ORIENTED_EDGE('',*,*,#5081,.T.);
#7035=ORIENTED_EDGE('',*,*,#5082,.T.);
#7036=ORIENTED_EDGE('',*,*,#5079,.F.);
#7037=ORIENTED_EDGE('',*,*,#4489,.F.);
#7038=ORIENTED_EDGE('',*,*,#5083,.T.);
#7039=ORIENTED_EDGE('',*,*,#5084,.T.);
#7040=ORIENTED_EDGE('',*,*,#5081,.F.);
#7041=ORIENTED_EDGE('',*,*,#4488,.F.);
#7042=ORIENTED_EDGE('',*,*,#5085,.T.);
#7043=ORIENTED_EDGE('',*,*,#5086,.T.);
#7044=ORIENTED_EDGE('',*,*,#5083,.F.);
#7045=ORIENTED_EDGE('',*,*,#4487,.F.);
#7046=ORIENTED_EDGE('',*,*,#5087,.T.);
#7047=ORIENTED_EDGE('',*,*,#5088,.T.);
#7048=ORIENTED_EDGE('',*,*,#5085,.F.);
#7049=ORIENTED_EDGE('',*,*,#4486,.F.);
#7050=ORIENTED_EDGE('',*,*,#5089,.T.);
#7051=ORIENTED_EDGE('',*,*,#5090,.T.);
#7052=ORIENTED_EDGE('',*,*,#5087,.F.);
#7053=ORIENTED_EDGE('',*,*,#4485,.F.);
#7054=ORIENTED_EDGE('',*,*,#5091,.T.);
#7055=ORIENTED_EDGE('',*,*,#5092,.T.);
#7056=ORIENTED_EDGE('',*,*,#5089,.F.);
#7057=ORIENTED_EDGE('',*,*,#4484,.F.);
#7058=ORIENTED_EDGE('',*,*,#5093,.T.);
#7059=ORIENTED_EDGE('',*,*,#5094,.T.);
#7060=ORIENTED_EDGE('',*,*,#5091,.F.);
#7061=ORIENTED_EDGE('',*,*,#4483,.F.);
#7062=ORIENTED_EDGE('',*,*,#5095,.T.);
#7063=ORIENTED_EDGE('',*,*,#5096,.T.);
#7064=ORIENTED_EDGE('',*,*,#5093,.F.);
#7065=ORIENTED_EDGE('',*,*,#4482,.F.);
#7066=ORIENTED_EDGE('',*,*,#5097,.T.);
#7067=ORIENTED_EDGE('',*,*,#5098,.T.);
#7068=ORIENTED_EDGE('',*,*,#5095,.F.);
#7069=ORIENTED_EDGE('',*,*,#4481,.F.);
#7070=ORIENTED_EDGE('',*,*,#5099,.T.);
#7071=ORIENTED_EDGE('',*,*,#5100,.T.);
#7072=ORIENTED_EDGE('',*,*,#5097,.F.);
#7073=ORIENTED_EDGE('',*,*,#4480,.F.);
#7074=ORIENTED_EDGE('',*,*,#5101,.T.);
#7075=ORIENTED_EDGE('',*,*,#5102,.T.);
#7076=ORIENTED_EDGE('',*,*,#5099,.F.);
#7077=ORIENTED_EDGE('',*,*,#4479,.F.);
#7078=ORIENTED_EDGE('',*,*,#5103,.T.);
#7079=ORIENTED_EDGE('',*,*,#5104,.T.);
#7080=ORIENTED_EDGE('',*,*,#5101,.F.);
#7081=ORIENTED_EDGE('',*,*,#4478,.F.);
#7082=ORIENTED_EDGE('',*,*,#5105,.T.);
#7083=ORIENTED_EDGE('',*,*,#5106,.T.);
#7084=ORIENTED_EDGE('',*,*,#5103,.F.);
#7085=ORIENTED_EDGE('',*,*,#4477,.F.);
#7086=ORIENTED_EDGE('',*,*,#5107,.T.);
#7087=ORIENTED_EDGE('',*,*,#5108,.T.);
#7088=ORIENTED_EDGE('',*,*,#5105,.F.);
#7089=ORIENTED_EDGE('',*,*,#4476,.F.);
#7090=ORIENTED_EDGE('',*,*,#5109,.T.);
#7091=ORIENTED_EDGE('',*,*,#5110,.T.);
#7092=ORIENTED_EDGE('',*,*,#5107,.F.);
#7093=ORIENTED_EDGE('',*,*,#4475,.F.);
#7094=ORIENTED_EDGE('',*,*,#5052,.T.);
#7095=ORIENTED_EDGE('',*,*,#5111,.T.);
#7096=ORIENTED_EDGE('',*,*,#5109,.F.);
#7097=ORIENTED_EDGE('',*,*,#5111,.F.);
#7098=ORIENTED_EDGE('',*,*,#5051,.F.);
#7099=ORIENTED_EDGE('',*,*,#5054,.F.);
#7100=ORIENTED_EDGE('',*,*,#5056,.F.);
#7101=ORIENTED_EDGE('',*,*,#5058,.F.);
#7102=ORIENTED_EDGE('',*,*,#5060,.F.);
#7103=ORIENTED_EDGE('',*,*,#5062,.F.);
#7104=ORIENTED_EDGE('',*,*,#5064,.F.);
#7105=ORIENTED_EDGE('',*,*,#5066,.F.);
#7106=ORIENTED_EDGE('',*,*,#5068,.F.);
#7107=ORIENTED_EDGE('',*,*,#5070,.F.);
#7108=ORIENTED_EDGE('',*,*,#5072,.F.);
#7109=ORIENTED_EDGE('',*,*,#5074,.F.);
#7110=ORIENTED_EDGE('',*,*,#5076,.F.);
#7111=ORIENTED_EDGE('',*,*,#5078,.F.);
#7112=ORIENTED_EDGE('',*,*,#5080,.F.);
#7113=ORIENTED_EDGE('',*,*,#5082,.F.);
#7114=ORIENTED_EDGE('',*,*,#5084,.F.);
#7115=ORIENTED_EDGE('',*,*,#5086,.F.);
#7116=ORIENTED_EDGE('',*,*,#5088,.F.);
#7117=ORIENTED_EDGE('',*,*,#5090,.F.);
#7118=ORIENTED_EDGE('',*,*,#5092,.F.);
#7119=ORIENTED_EDGE('',*,*,#5094,.F.);
#7120=ORIENTED_EDGE('',*,*,#5096,.F.);
#7121=ORIENTED_EDGE('',*,*,#5098,.F.);
#7122=ORIENTED_EDGE('',*,*,#5100,.F.);
#7123=ORIENTED_EDGE('',*,*,#5102,.F.);
#7124=ORIENTED_EDGE('',*,*,#5104,.F.);
#7125=ORIENTED_EDGE('',*,*,#5106,.F.);
#7126=ORIENTED_EDGE('',*,*,#5108,.F.);
#7127=ORIENTED_EDGE('',*,*,#5110,.F.);
#7128=ORIENTED_EDGE('',*,*,#4505,.F.);
#7129=ORIENTED_EDGE('',*,*,#5112,.T.);
#7130=ORIENTED_EDGE('',*,*,#5113,.T.);
#7131=ORIENTED_EDGE('',*,*,#5114,.F.);
#7132=ORIENTED_EDGE('',*,*,#4522,.F.);
#7133=ORIENTED_EDGE('',*,*,#5115,.T.);
#7134=ORIENTED_EDGE('',*,*,#5116,.T.);
#7135=ORIENTED_EDGE('',*,*,#5112,.F.);
#7136=ORIENTED_EDGE('',*,*,#4521,.F.);
#7137=ORIENTED_EDGE('',*,*,#5117,.T.);
#7138=ORIENTED_EDGE('',*,*,#5118,.T.);
#7139=ORIENTED_EDGE('',*,*,#5115,.F.);
#7140=ORIENTED_EDGE('',*,*,#4520,.F.);
#7141=ORIENTED_EDGE('',*,*,#5119,.T.);
#7142=ORIENTED_EDGE('',*,*,#5120,.T.);
#7143=ORIENTED_EDGE('',*,*,#5117,.F.);
#7144=ORIENTED_EDGE('',*,*,#4519,.F.);
#7145=ORIENTED_EDGE('',*,*,#5121,.T.);
#7146=ORIENTED_EDGE('',*,*,#5122,.T.);
#7147=ORIENTED_EDGE('',*,*,#5119,.F.);
#7148=ORIENTED_EDGE('',*,*,#4518,.F.);
#7149=ORIENTED_EDGE('',*,*,#5123,.T.);
#7150=ORIENTED_EDGE('',*,*,#5124,.T.);
#7151=ORIENTED_EDGE('',*,*,#5121,.F.);
#7152=ORIENTED_EDGE('',*,*,#4517,.F.);
#7153=ORIENTED_EDGE('',*,*,#5125,.T.);
#7154=ORIENTED_EDGE('',*,*,#5126,.T.);
#7155=ORIENTED_EDGE('',*,*,#5123,.F.);
#7156=ORIENTED_EDGE('',*,*,#4516,.F.);
#7157=ORIENTED_EDGE('',*,*,#5127,.T.);
#7158=ORIENTED_EDGE('',*,*,#5128,.T.);
#7159=ORIENTED_EDGE('',*,*,#5125,.F.);
#7160=ORIENTED_EDGE('',*,*,#4515,.F.);
#7161=ORIENTED_EDGE('',*,*,#5129,.T.);
#7162=ORIENTED_EDGE('',*,*,#5130,.T.);
#7163=ORIENTED_EDGE('',*,*,#5127,.F.);
#7164=ORIENTED_EDGE('',*,*,#4514,.F.);
#7165=ORIENTED_EDGE('',*,*,#5131,.T.);
#7166=ORIENTED_EDGE('',*,*,#5132,.T.);
#7167=ORIENTED_EDGE('',*,*,#5129,.F.);
#7168=ORIENTED_EDGE('',*,*,#4513,.F.);
#7169=ORIENTED_EDGE('',*,*,#5133,.T.);
#7170=ORIENTED_EDGE('',*,*,#5134,.T.);
#7171=ORIENTED_EDGE('',*,*,#5131,.F.);
#7172=ORIENTED_EDGE('',*,*,#4512,.F.);
#7173=ORIENTED_EDGE('',*,*,#5135,.T.);
#7174=ORIENTED_EDGE('',*,*,#5136,.T.);
#7175=ORIENTED_EDGE('',*,*,#5133,.F.);
#7176=ORIENTED_EDGE('',*,*,#4511,.F.);
#7177=ORIENTED_EDGE('',*,*,#5137,.T.);
#7178=ORIENTED_EDGE('',*,*,#5138,.T.);
#7179=ORIENTED_EDGE('',*,*,#5135,.F.);
#7180=ORIENTED_EDGE('',*,*,#4510,.F.);
#7181=ORIENTED_EDGE('',*,*,#5139,.T.);
#7182=ORIENTED_EDGE('',*,*,#5140,.T.);
#7183=ORIENTED_EDGE('',*,*,#5137,.F.);
#7184=ORIENTED_EDGE('',*,*,#4509,.F.);
#7185=ORIENTED_EDGE('',*,*,#5141,.T.);
#7186=ORIENTED_EDGE('',*,*,#5142,.T.);
#7187=ORIENTED_EDGE('',*,*,#5139,.F.);
#7188=ORIENTED_EDGE('',*,*,#4508,.F.);
#7189=ORIENTED_EDGE('',*,*,#5143,.T.);
#7190=ORIENTED_EDGE('',*,*,#5144,.T.);
#7191=ORIENTED_EDGE('',*,*,#5141,.F.);
#7192=ORIENTED_EDGE('',*,*,#4507,.F.);
#7193=ORIENTED_EDGE('',*,*,#5145,.T.);
#7194=ORIENTED_EDGE('',*,*,#5146,.T.);
#7195=ORIENTED_EDGE('',*,*,#5143,.F.);
#7196=ORIENTED_EDGE('',*,*,#4506,.F.);
#7197=ORIENTED_EDGE('',*,*,#5114,.T.);
#7198=ORIENTED_EDGE('',*,*,#5147,.T.);
#7199=ORIENTED_EDGE('',*,*,#5145,.F.);
#7200=ORIENTED_EDGE('',*,*,#5147,.F.);
#7201=ORIENTED_EDGE('',*,*,#5113,.F.);
#7202=ORIENTED_EDGE('',*,*,#5116,.F.);
#7203=ORIENTED_EDGE('',*,*,#5118,.F.);
#7204=ORIENTED_EDGE('',*,*,#5120,.F.);
#7205=ORIENTED_EDGE('',*,*,#5122,.F.);
#7206=ORIENTED_EDGE('',*,*,#5124,.F.);
#7207=ORIENTED_EDGE('',*,*,#5126,.F.);
#7208=ORIENTED_EDGE('',*,*,#5128,.F.);
#7209=ORIENTED_EDGE('',*,*,#5130,.F.);
#7210=ORIENTED_EDGE('',*,*,#5132,.F.);
#7211=ORIENTED_EDGE('',*,*,#5134,.F.);
#7212=ORIENTED_EDGE('',*,*,#5136,.F.);
#7213=ORIENTED_EDGE('',*,*,#5138,.F.);
#7214=ORIENTED_EDGE('',*,*,#5140,.F.);
#7215=ORIENTED_EDGE('',*,*,#5142,.F.);
#7216=ORIENTED_EDGE('',*,*,#5144,.F.);
#7217=ORIENTED_EDGE('',*,*,#5146,.F.);
#7218=ORIENTED_EDGE('',*,*,#4523,.F.);
#7219=ORIENTED_EDGE('',*,*,#5148,.T.);
#7220=ORIENTED_EDGE('',*,*,#5149,.T.);
#7221=ORIENTED_EDGE('',*,*,#5150,.F.);
#7222=ORIENTED_EDGE('',*,*,#4543,.F.);
#7223=ORIENTED_EDGE('',*,*,#5151,.T.);
#7224=ORIENTED_EDGE('',*,*,#5152,.T.);
#7225=ORIENTED_EDGE('',*,*,#5148,.F.);
#7226=ORIENTED_EDGE('',*,*,#4542,.F.);
#7227=ORIENTED_EDGE('',*,*,#5153,.T.);
#7228=ORIENTED_EDGE('',*,*,#5154,.T.);
#7229=ORIENTED_EDGE('',*,*,#5151,.F.);
#7230=ORIENTED_EDGE('',*,*,#4541,.F.);
#7231=ORIENTED_EDGE('',*,*,#5155,.T.);
#7232=ORIENTED_EDGE('',*,*,#5156,.T.);
#7233=ORIENTED_EDGE('',*,*,#5153,.F.);
#7234=ORIENTED_EDGE('',*,*,#4540,.F.);
#7235=ORIENTED_EDGE('',*,*,#5157,.T.);
#7236=ORIENTED_EDGE('',*,*,#5158,.T.);
#7237=ORIENTED_EDGE('',*,*,#5155,.F.);
#7238=ORIENTED_EDGE('',*,*,#4539,.F.);
#7239=ORIENTED_EDGE('',*,*,#5159,.T.);
#7240=ORIENTED_EDGE('',*,*,#5160,.T.);
#7241=ORIENTED_EDGE('',*,*,#5157,.F.);
#7242=ORIENTED_EDGE('',*,*,#4538,.F.);
#7243=ORIENTED_EDGE('',*,*,#5161,.T.);
#7244=ORIENTED_EDGE('',*,*,#5162,.T.);
#7245=ORIENTED_EDGE('',*,*,#5159,.F.);
#7246=ORIENTED_EDGE('',*,*,#4537,.F.);
#7247=ORIENTED_EDGE('',*,*,#5163,.T.);
#7248=ORIENTED_EDGE('',*,*,#5164,.T.);
#7249=ORIENTED_EDGE('',*,*,#5161,.F.);
#7250=ORIENTED_EDGE('',*,*,#4536,.F.);
#7251=ORIENTED_EDGE('',*,*,#5165,.T.);
#7252=ORIENTED_EDGE('',*,*,#5166,.T.);
#7253=ORIENTED_EDGE('',*,*,#5163,.F.);
#7254=ORIENTED_EDGE('',*,*,#4535,.F.);
#7255=ORIENTED_EDGE('',*,*,#5167,.T.);
#7256=ORIENTED_EDGE('',*,*,#5168,.T.);
#7257=ORIENTED_EDGE('',*,*,#5165,.F.);
#7258=ORIENTED_EDGE('',*,*,#4534,.F.);
#7259=ORIENTED_EDGE('',*,*,#5169,.T.);
#7260=ORIENTED_EDGE('',*,*,#5170,.T.);
#7261=ORIENTED_EDGE('',*,*,#5167,.F.);
#7262=ORIENTED_EDGE('',*,*,#4533,.F.);
#7263=ORIENTED_EDGE('',*,*,#5171,.T.);
#7264=ORIENTED_EDGE('',*,*,#5172,.T.);
#7265=ORIENTED_EDGE('',*,*,#5169,.F.);
#7266=ORIENTED_EDGE('',*,*,#4532,.F.);
#7267=ORIENTED_EDGE('',*,*,#5173,.T.);
#7268=ORIENTED_EDGE('',*,*,#5174,.T.);
#7269=ORIENTED_EDGE('',*,*,#5171,.F.);
#7270=ORIENTED_EDGE('',*,*,#4531,.F.);
#7271=ORIENTED_EDGE('',*,*,#5175,.T.);
#7272=ORIENTED_EDGE('',*,*,#5176,.T.);
#7273=ORIENTED_EDGE('',*,*,#5173,.F.);
#7274=ORIENTED_EDGE('',*,*,#4530,.F.);
#7275=ORIENTED_EDGE('',*,*,#5177,.T.);
#7276=ORIENTED_EDGE('',*,*,#5178,.T.);
#7277=ORIENTED_EDGE('',*,*,#5175,.F.);
#7278=ORIENTED_EDGE('',*,*,#4529,.F.);
#7279=ORIENTED_EDGE('',*,*,#5179,.T.);
#7280=ORIENTED_EDGE('',*,*,#5180,.T.);
#7281=ORIENTED_EDGE('',*,*,#5177,.F.);
#7282=ORIENTED_EDGE('',*,*,#4528,.F.);
#7283=ORIENTED_EDGE('',*,*,#5181,.T.);
#7284=ORIENTED_EDGE('',*,*,#5182,.T.);
#7285=ORIENTED_EDGE('',*,*,#5179,.F.);
#7286=ORIENTED_EDGE('',*,*,#4527,.F.);
#7287=ORIENTED_EDGE('',*,*,#5183,.T.);
#7288=ORIENTED_EDGE('',*,*,#5184,.T.);
#7289=ORIENTED_EDGE('',*,*,#5181,.F.);
#7290=ORIENTED_EDGE('',*,*,#4526,.F.);
#7291=ORIENTED_EDGE('',*,*,#5185,.T.);
#7292=ORIENTED_EDGE('',*,*,#5186,.T.);
#7293=ORIENTED_EDGE('',*,*,#5183,.F.);
#7294=ORIENTED_EDGE('',*,*,#4525,.F.);
#7295=ORIENTED_EDGE('',*,*,#5187,.T.);
#7296=ORIENTED_EDGE('',*,*,#5188,.T.);
#7297=ORIENTED_EDGE('',*,*,#5185,.F.);
#7298=ORIENTED_EDGE('',*,*,#4524,.F.);
#7299=ORIENTED_EDGE('',*,*,#5150,.T.);
#7300=ORIENTED_EDGE('',*,*,#5189,.T.);
#7301=ORIENTED_EDGE('',*,*,#5187,.F.);
#7302=ORIENTED_EDGE('',*,*,#5189,.F.);
#7303=ORIENTED_EDGE('',*,*,#5149,.F.);
#7304=ORIENTED_EDGE('',*,*,#5152,.F.);
#7305=ORIENTED_EDGE('',*,*,#5154,.F.);
#7306=ORIENTED_EDGE('',*,*,#5156,.F.);
#7307=ORIENTED_EDGE('',*,*,#5158,.F.);
#7308=ORIENTED_EDGE('',*,*,#5160,.F.);
#7309=ORIENTED_EDGE('',*,*,#5162,.F.);
#7310=ORIENTED_EDGE('',*,*,#5164,.F.);
#7311=ORIENTED_EDGE('',*,*,#5166,.F.);
#7312=ORIENTED_EDGE('',*,*,#5168,.F.);
#7313=ORIENTED_EDGE('',*,*,#5170,.F.);
#7314=ORIENTED_EDGE('',*,*,#5172,.F.);
#7315=ORIENTED_EDGE('',*,*,#5174,.F.);
#7316=ORIENTED_EDGE('',*,*,#5176,.F.);
#7317=ORIENTED_EDGE('',*,*,#5178,.F.);
#7318=ORIENTED_EDGE('',*,*,#5180,.F.);
#7319=ORIENTED_EDGE('',*,*,#5182,.F.);
#7320=ORIENTED_EDGE('',*,*,#5184,.F.);
#7321=ORIENTED_EDGE('',*,*,#5186,.F.);
#7322=ORIENTED_EDGE('',*,*,#5188,.F.);
#7323=ORIENTED_EDGE('',*,*,#4544,.F.);
#7324=ORIENTED_EDGE('',*,*,#5190,.T.);
#7325=ORIENTED_EDGE('',*,*,#5191,.T.);
#7326=ORIENTED_EDGE('',*,*,#5192,.F.);
#7327=ORIENTED_EDGE('',*,*,#4560,.F.);
#7328=ORIENTED_EDGE('',*,*,#5193,.T.);
#7329=ORIENTED_EDGE('',*,*,#5194,.T.);
#7330=ORIENTED_EDGE('',*,*,#5190,.F.);
#7331=ORIENTED_EDGE('',*,*,#4559,.F.);
#7332=ORIENTED_EDGE('',*,*,#5195,.T.);
#7333=ORIENTED_EDGE('',*,*,#5196,.T.);
#7334=ORIENTED_EDGE('',*,*,#5193,.F.);
#7335=ORIENTED_EDGE('',*,*,#4558,.F.);
#7336=ORIENTED_EDGE('',*,*,#5197,.T.);
#7337=ORIENTED_EDGE('',*,*,#5198,.T.);
#7338=ORIENTED_EDGE('',*,*,#5195,.F.);
#7339=ORIENTED_EDGE('',*,*,#4557,.F.);
#7340=ORIENTED_EDGE('',*,*,#5199,.T.);
#7341=ORIENTED_EDGE('',*,*,#5200,.T.);
#7342=ORIENTED_EDGE('',*,*,#5197,.F.);
#7343=ORIENTED_EDGE('',*,*,#4556,.F.);
#7344=ORIENTED_EDGE('',*,*,#5201,.T.);
#7345=ORIENTED_EDGE('',*,*,#5202,.T.);
#7346=ORIENTED_EDGE('',*,*,#5199,.F.);
#7347=ORIENTED_EDGE('',*,*,#4555,.F.);
#7348=ORIENTED_EDGE('',*,*,#5203,.T.);
#7349=ORIENTED_EDGE('',*,*,#5204,.T.);
#7350=ORIENTED_EDGE('',*,*,#5201,.F.);
#7351=ORIENTED_EDGE('',*,*,#4554,.F.);
#7352=ORIENTED_EDGE('',*,*,#5205,.T.);
#7353=ORIENTED_EDGE('',*,*,#5206,.T.);
#7354=ORIENTED_EDGE('',*,*,#5203,.F.);
#7355=ORIENTED_EDGE('',*,*,#4553,.F.);
#7356=ORIENTED_EDGE('',*,*,#5207,.T.);
#7357=ORIENTED_EDGE('',*,*,#5208,.T.);
#7358=ORIENTED_EDGE('',*,*,#5205,.F.);
#7359=ORIENTED_EDGE('',*,*,#4552,.F.);
#7360=ORIENTED_EDGE('',*,*,#5209,.T.);
#7361=ORIENTED_EDGE('',*,*,#5210,.T.);
#7362=ORIENTED_EDGE('',*,*,#5207,.F.);
#7363=ORIENTED_EDGE('',*,*,#4551,.F.);
#7364=ORIENTED_EDGE('',*,*,#5211,.T.);
#7365=ORIENTED_EDGE('',*,*,#5212,.T.);
#7366=ORIENTED_EDGE('',*,*,#5209,.F.);
#7367=ORIENTED_EDGE('',*,*,#4550,.F.);
#7368=ORIENTED_EDGE('',*,*,#5213,.T.);
#7369=ORIENTED_EDGE('',*,*,#5214,.T.);
#7370=ORIENTED_EDGE('',*,*,#5211,.F.);
#7371=ORIENTED_EDGE('',*,*,#4549,.F.);
#7372=ORIENTED_EDGE('',*,*,#5215,.T.);
#7373=ORIENTED_EDGE('',*,*,#5216,.T.);
#7374=ORIENTED_EDGE('',*,*,#5213,.F.);
#7375=ORIENTED_EDGE('',*,*,#4548,.F.);
#7376=ORIENTED_EDGE('',*,*,#5217,.T.);
#7377=ORIENTED_EDGE('',*,*,#5218,.T.);
#7378=ORIENTED_EDGE('',*,*,#5215,.F.);
#7379=ORIENTED_EDGE('',*,*,#4547,.F.);
#7380=ORIENTED_EDGE('',*,*,#5219,.T.);
#7381=ORIENTED_EDGE('',*,*,#5220,.T.);
#7382=ORIENTED_EDGE('',*,*,#5217,.F.);
#7383=ORIENTED_EDGE('',*,*,#4546,.F.);
#7384=ORIENTED_EDGE('',*,*,#5221,.T.);
#7385=ORIENTED_EDGE('',*,*,#5222,.T.);
#7386=ORIENTED_EDGE('',*,*,#5219,.F.);
#7387=ORIENTED_EDGE('',*,*,#4545,.F.);
#7388=ORIENTED_EDGE('',*,*,#5192,.T.);
#7389=ORIENTED_EDGE('',*,*,#5223,.T.);
#7390=ORIENTED_EDGE('',*,*,#5221,.F.);
#7391=ORIENTED_EDGE('',*,*,#5223,.F.);
#7392=ORIENTED_EDGE('',*,*,#5191,.F.);
#7393=ORIENTED_EDGE('',*,*,#5194,.F.);
#7394=ORIENTED_EDGE('',*,*,#5196,.F.);
#7395=ORIENTED_EDGE('',*,*,#5198,.F.);
#7396=ORIENTED_EDGE('',*,*,#5200,.F.);
#7397=ORIENTED_EDGE('',*,*,#5202,.F.);
#7398=ORIENTED_EDGE('',*,*,#5204,.F.);
#7399=ORIENTED_EDGE('',*,*,#5206,.F.);
#7400=ORIENTED_EDGE('',*,*,#5208,.F.);
#7401=ORIENTED_EDGE('',*,*,#5210,.F.);
#7402=ORIENTED_EDGE('',*,*,#5212,.F.);
#7403=ORIENTED_EDGE('',*,*,#5214,.F.);
#7404=ORIENTED_EDGE('',*,*,#5216,.F.);
#7405=ORIENTED_EDGE('',*,*,#5218,.F.);
#7406=ORIENTED_EDGE('',*,*,#5220,.F.);
#7407=ORIENTED_EDGE('',*,*,#5222,.F.);
#7408=ORIENTED_EDGE('',*,*,#4561,.F.);
#7409=ORIENTED_EDGE('',*,*,#5224,.T.);
#7410=ORIENTED_EDGE('',*,*,#5225,.T.);
#7411=ORIENTED_EDGE('',*,*,#5226,.F.);
#7412=ORIENTED_EDGE('',*,*,#4577,.F.);
#7413=ORIENTED_EDGE('',*,*,#5227,.T.);
#7414=ORIENTED_EDGE('',*,*,#5228,.T.);
#7415=ORIENTED_EDGE('',*,*,#5224,.F.);
#7416=ORIENTED_EDGE('',*,*,#4576,.F.);
#7417=ORIENTED_EDGE('',*,*,#5229,.T.);
#7418=ORIENTED_EDGE('',*,*,#5230,.T.);
#7419=ORIENTED_EDGE('',*,*,#5227,.F.);
#7420=ORIENTED_EDGE('',*,*,#4575,.F.);
#7421=ORIENTED_EDGE('',*,*,#5231,.T.);
#7422=ORIENTED_EDGE('',*,*,#5232,.T.);
#7423=ORIENTED_EDGE('',*,*,#5229,.F.);
#7424=ORIENTED_EDGE('',*,*,#4574,.F.);
#7425=ORIENTED_EDGE('',*,*,#5233,.T.);
#7426=ORIENTED_EDGE('',*,*,#5234,.T.);
#7427=ORIENTED_EDGE('',*,*,#5231,.F.);
#7428=ORIENTED_EDGE('',*,*,#4573,.F.);
#7429=ORIENTED_EDGE('',*,*,#5235,.T.);
#7430=ORIENTED_EDGE('',*,*,#5236,.T.);
#7431=ORIENTED_EDGE('',*,*,#5233,.F.);
#7432=ORIENTED_EDGE('',*,*,#4572,.F.);
#7433=ORIENTED_EDGE('',*,*,#5237,.T.);
#7434=ORIENTED_EDGE('',*,*,#5238,.T.);
#7435=ORIENTED_EDGE('',*,*,#5235,.F.);
#7436=ORIENTED_EDGE('',*,*,#4571,.F.);
#7437=ORIENTED_EDGE('',*,*,#5239,.T.);
#7438=ORIENTED_EDGE('',*,*,#5240,.T.);
#7439=ORIENTED_EDGE('',*,*,#5237,.F.);
#7440=ORIENTED_EDGE('',*,*,#4570,.F.);
#7441=ORIENTED_EDGE('',*,*,#5241,.T.);
#7442=ORIENTED_EDGE('',*,*,#5242,.T.);
#7443=ORIENTED_EDGE('',*,*,#5239,.F.);
#7444=ORIENTED_EDGE('',*,*,#4569,.F.);
#7445=ORIENTED_EDGE('',*,*,#5243,.T.);
#7446=ORIENTED_EDGE('',*,*,#5244,.T.);
#7447=ORIENTED_EDGE('',*,*,#5241,.F.);
#7448=ORIENTED_EDGE('',*,*,#4568,.F.);
#7449=ORIENTED_EDGE('',*,*,#5245,.T.);
#7450=ORIENTED_EDGE('',*,*,#5246,.T.);
#7451=ORIENTED_EDGE('',*,*,#5243,.F.);
#7452=ORIENTED_EDGE('',*,*,#4567,.F.);
#7453=ORIENTED_EDGE('',*,*,#5247,.T.);
#7454=ORIENTED_EDGE('',*,*,#5248,.T.);
#7455=ORIENTED_EDGE('',*,*,#5245,.F.);
#7456=ORIENTED_EDGE('',*,*,#4566,.F.);
#7457=ORIENTED_EDGE('',*,*,#5249,.T.);
#7458=ORIENTED_EDGE('',*,*,#5250,.T.);
#7459=ORIENTED_EDGE('',*,*,#5247,.F.);
#7460=ORIENTED_EDGE('',*,*,#4565,.F.);
#7461=ORIENTED_EDGE('',*,*,#5251,.T.);
#7462=ORIENTED_EDGE('',*,*,#5252,.T.);
#7463=ORIENTED_EDGE('',*,*,#5249,.F.);
#7464=ORIENTED_EDGE('',*,*,#4564,.F.);
#7465=ORIENTED_EDGE('',*,*,#5253,.T.);
#7466=ORIENTED_EDGE('',*,*,#5254,.T.);
#7467=ORIENTED_EDGE('',*,*,#5251,.F.);
#7468=ORIENTED_EDGE('',*,*,#4563,.F.);
#7469=ORIENTED_EDGE('',*,*,#5255,.T.);
#7470=ORIENTED_EDGE('',*,*,#5256,.T.);
#7471=ORIENTED_EDGE('',*,*,#5253,.F.);
#7472=ORIENTED_EDGE('',*,*,#4562,.F.);
#7473=ORIENTED_EDGE('',*,*,#5226,.T.);
#7474=ORIENTED_EDGE('',*,*,#5257,.T.);
#7475=ORIENTED_EDGE('',*,*,#5255,.F.);
#7476=ORIENTED_EDGE('',*,*,#5257,.F.);
#7477=ORIENTED_EDGE('',*,*,#5225,.F.);
#7478=ORIENTED_EDGE('',*,*,#5228,.F.);
#7479=ORIENTED_EDGE('',*,*,#5230,.F.);
#7480=ORIENTED_EDGE('',*,*,#5232,.F.);
#7481=ORIENTED_EDGE('',*,*,#5234,.F.);
#7482=ORIENTED_EDGE('',*,*,#5236,.F.);
#7483=ORIENTED_EDGE('',*,*,#5238,.F.);
#7484=ORIENTED_EDGE('',*,*,#5240,.F.);
#7485=ORIENTED_EDGE('',*,*,#5242,.F.);
#7486=ORIENTED_EDGE('',*,*,#5244,.F.);
#7487=ORIENTED_EDGE('',*,*,#5246,.F.);
#7488=ORIENTED_EDGE('',*,*,#5248,.F.);
#7489=ORIENTED_EDGE('',*,*,#5250,.F.);
#7490=ORIENTED_EDGE('',*,*,#5252,.F.);
#7491=ORIENTED_EDGE('',*,*,#5254,.F.);
#7492=ORIENTED_EDGE('',*,*,#5256,.F.);
#7493=ORIENTED_EDGE('',*,*,#4578,.F.);
#7494=ORIENTED_EDGE('',*,*,#5258,.T.);
#7495=ORIENTED_EDGE('',*,*,#5259,.T.);
#7496=ORIENTED_EDGE('',*,*,#5260,.F.);
#7497=ORIENTED_EDGE('',*,*,#4596,.F.);
#7498=ORIENTED_EDGE('',*,*,#5261,.T.);
#7499=ORIENTED_EDGE('',*,*,#5262,.T.);
#7500=ORIENTED_EDGE('',*,*,#5258,.F.);
#7501=ORIENTED_EDGE('',*,*,#4595,.F.);
#7502=ORIENTED_EDGE('',*,*,#5263,.T.);
#7503=ORIENTED_EDGE('',*,*,#5264,.T.);
#7504=ORIENTED_EDGE('',*,*,#5261,.F.);
#7505=ORIENTED_EDGE('',*,*,#4594,.F.);
#7506=ORIENTED_EDGE('',*,*,#5265,.T.);
#7507=ORIENTED_EDGE('',*,*,#5266,.T.);
#7508=ORIENTED_EDGE('',*,*,#5263,.F.);
#7509=ORIENTED_EDGE('',*,*,#4593,.F.);
#7510=ORIENTED_EDGE('',*,*,#5267,.T.);
#7511=ORIENTED_EDGE('',*,*,#5268,.T.);
#7512=ORIENTED_EDGE('',*,*,#5265,.F.);
#7513=ORIENTED_EDGE('',*,*,#4592,.F.);
#7514=ORIENTED_EDGE('',*,*,#5269,.T.);
#7515=ORIENTED_EDGE('',*,*,#5270,.T.);
#7516=ORIENTED_EDGE('',*,*,#5267,.F.);
#7517=ORIENTED_EDGE('',*,*,#4591,.F.);
#7518=ORIENTED_EDGE('',*,*,#5271,.T.);
#7519=ORIENTED_EDGE('',*,*,#5272,.T.);
#7520=ORIENTED_EDGE('',*,*,#5269,.F.);
#7521=ORIENTED_EDGE('',*,*,#4590,.F.);
#7522=ORIENTED_EDGE('',*,*,#5273,.T.);
#7523=ORIENTED_EDGE('',*,*,#5274,.T.);
#7524=ORIENTED_EDGE('',*,*,#5271,.F.);
#7525=ORIENTED_EDGE('',*,*,#4589,.F.);
#7526=ORIENTED_EDGE('',*,*,#5275,.T.);
#7527=ORIENTED_EDGE('',*,*,#5276,.T.);
#7528=ORIENTED_EDGE('',*,*,#5273,.F.);
#7529=ORIENTED_EDGE('',*,*,#4588,.F.);
#7530=ORIENTED_EDGE('',*,*,#5277,.T.);
#7531=ORIENTED_EDGE('',*,*,#5278,.T.);
#7532=ORIENTED_EDGE('',*,*,#5275,.F.);
#7533=ORIENTED_EDGE('',*,*,#4587,.F.);
#7534=ORIENTED_EDGE('',*,*,#5279,.T.);
#7535=ORIENTED_EDGE('',*,*,#5280,.T.);
#7536=ORIENTED_EDGE('',*,*,#5277,.F.);
#7537=ORIENTED_EDGE('',*,*,#4586,.F.);
#7538=ORIENTED_EDGE('',*,*,#5281,.T.);
#7539=ORIENTED_EDGE('',*,*,#5282,.T.);
#7540=ORIENTED_EDGE('',*,*,#5279,.F.);
#7541=ORIENTED_EDGE('',*,*,#4585,.F.);
#7542=ORIENTED_EDGE('',*,*,#5283,.T.);
#7543=ORIENTED_EDGE('',*,*,#5284,.T.);
#7544=ORIENTED_EDGE('',*,*,#5281,.F.);
#7545=ORIENTED_EDGE('',*,*,#4584,.F.);
#7546=ORIENTED_EDGE('',*,*,#5285,.T.);
#7547=ORIENTED_EDGE('',*,*,#5286,.T.);
#7548=ORIENTED_EDGE('',*,*,#5283,.F.);
#7549=ORIENTED_EDGE('',*,*,#4583,.F.);
#7550=ORIENTED_EDGE('',*,*,#5287,.T.);
#7551=ORIENTED_EDGE('',*,*,#5288,.T.);
#7552=ORIENTED_EDGE('',*,*,#5285,.F.);
#7553=ORIENTED_EDGE('',*,*,#4582,.F.);
#7554=ORIENTED_EDGE('',*,*,#5289,.T.);
#7555=ORIENTED_EDGE('',*,*,#5290,.T.);
#7556=ORIENTED_EDGE('',*,*,#5287,.F.);
#7557=ORIENTED_EDGE('',*,*,#4581,.F.);
#7558=ORIENTED_EDGE('',*,*,#5291,.T.);
#7559=ORIENTED_EDGE('',*,*,#5292,.T.);
#7560=ORIENTED_EDGE('',*,*,#5289,.F.);
#7561=ORIENTED_EDGE('',*,*,#4580,.F.);
#7562=ORIENTED_EDGE('',*,*,#5293,.T.);
#7563=ORIENTED_EDGE('',*,*,#5294,.T.);
#7564=ORIENTED_EDGE('',*,*,#5291,.F.);
#7565=ORIENTED_EDGE('',*,*,#4579,.F.);
#7566=ORIENTED_EDGE('',*,*,#5260,.T.);
#7567=ORIENTED_EDGE('',*,*,#5295,.T.);
#7568=ORIENTED_EDGE('',*,*,#5293,.F.);
#7569=ORIENTED_EDGE('',*,*,#5295,.F.);
#7570=ORIENTED_EDGE('',*,*,#5259,.F.);
#7571=ORIENTED_EDGE('',*,*,#5262,.F.);
#7572=ORIENTED_EDGE('',*,*,#5264,.F.);
#7573=ORIENTED_EDGE('',*,*,#5266,.F.);
#7574=ORIENTED_EDGE('',*,*,#5268,.F.);
#7575=ORIENTED_EDGE('',*,*,#5270,.F.);
#7576=ORIENTED_EDGE('',*,*,#5272,.F.);
#7577=ORIENTED_EDGE('',*,*,#5274,.F.);
#7578=ORIENTED_EDGE('',*,*,#5276,.F.);
#7579=ORIENTED_EDGE('',*,*,#5278,.F.);
#7580=ORIENTED_EDGE('',*,*,#5280,.F.);
#7581=ORIENTED_EDGE('',*,*,#5282,.F.);
#7582=ORIENTED_EDGE('',*,*,#5284,.F.);
#7583=ORIENTED_EDGE('',*,*,#5286,.F.);
#7584=ORIENTED_EDGE('',*,*,#5288,.F.);
#7585=ORIENTED_EDGE('',*,*,#5290,.F.);
#7586=ORIENTED_EDGE('',*,*,#5292,.F.);
#7587=ORIENTED_EDGE('',*,*,#5294,.F.);
#7588=ORIENTED_EDGE('',*,*,#4597,.F.);
#7589=ORIENTED_EDGE('',*,*,#5296,.T.);
#7590=ORIENTED_EDGE('',*,*,#5297,.T.);
#7591=ORIENTED_EDGE('',*,*,#5298,.F.);
#7592=ORIENTED_EDGE('',*,*,#4611,.F.);
#7593=ORIENTED_EDGE('',*,*,#5299,.T.);
#7594=ORIENTED_EDGE('',*,*,#5300,.T.);
#7595=ORIENTED_EDGE('',*,*,#5296,.F.);
#7596=ORIENTED_EDGE('',*,*,#4610,.F.);
#7597=ORIENTED_EDGE('',*,*,#5301,.T.);
#7598=ORIENTED_EDGE('',*,*,#5302,.T.);
#7599=ORIENTED_EDGE('',*,*,#5299,.F.);
#7600=ORIENTED_EDGE('',*,*,#4609,.F.);
#7601=ORIENTED_EDGE('',*,*,#5303,.T.);
#7602=ORIENTED_EDGE('',*,*,#5304,.T.);
#7603=ORIENTED_EDGE('',*,*,#5301,.F.);
#7604=ORIENTED_EDGE('',*,*,#4608,.F.);
#7605=ORIENTED_EDGE('',*,*,#5305,.T.);
#7606=ORIENTED_EDGE('',*,*,#5306,.T.);
#7607=ORIENTED_EDGE('',*,*,#5303,.F.);
#7608=ORIENTED_EDGE('',*,*,#4607,.F.);
#7609=ORIENTED_EDGE('',*,*,#5307,.T.);
#7610=ORIENTED_EDGE('',*,*,#5308,.T.);
#7611=ORIENTED_EDGE('',*,*,#5305,.F.);
#7612=ORIENTED_EDGE('',*,*,#4606,.F.);
#7613=ORIENTED_EDGE('',*,*,#5309,.T.);
#7614=ORIENTED_EDGE('',*,*,#5310,.T.);
#7615=ORIENTED_EDGE('',*,*,#5307,.F.);
#7616=ORIENTED_EDGE('',*,*,#4605,.F.);
#7617=ORIENTED_EDGE('',*,*,#5311,.T.);
#7618=ORIENTED_EDGE('',*,*,#5312,.T.);
#7619=ORIENTED_EDGE('',*,*,#5309,.F.);
#7620=ORIENTED_EDGE('',*,*,#4604,.F.);
#7621=ORIENTED_EDGE('',*,*,#5313,.T.);
#7622=ORIENTED_EDGE('',*,*,#5314,.T.);
#7623=ORIENTED_EDGE('',*,*,#5311,.F.);
#7624=ORIENTED_EDGE('',*,*,#4603,.F.);
#7625=ORIENTED_EDGE('',*,*,#5315,.T.);
#7626=ORIENTED_EDGE('',*,*,#5316,.T.);
#7627=ORIENTED_EDGE('',*,*,#5313,.F.);
#7628=ORIENTED_EDGE('',*,*,#4602,.F.);
#7629=ORIENTED_EDGE('',*,*,#5317,.T.);
#7630=ORIENTED_EDGE('',*,*,#5318,.T.);
#7631=ORIENTED_EDGE('',*,*,#5315,.F.);
#7632=ORIENTED_EDGE('',*,*,#4601,.F.);
#7633=ORIENTED_EDGE('',*,*,#5319,.T.);
#7634=ORIENTED_EDGE('',*,*,#5320,.T.);
#7635=ORIENTED_EDGE('',*,*,#5317,.F.);
#7636=ORIENTED_EDGE('',*,*,#4600,.F.);
#7637=ORIENTED_EDGE('',*,*,#5321,.T.);
#7638=ORIENTED_EDGE('',*,*,#5322,.T.);
#7639=ORIENTED_EDGE('',*,*,#5319,.F.);
#7640=ORIENTED_EDGE('',*,*,#4599,.F.);
#7641=ORIENTED_EDGE('',*,*,#5323,.T.);
#7642=ORIENTED_EDGE('',*,*,#5324,.T.);
#7643=ORIENTED_EDGE('',*,*,#5321,.F.);
#7644=ORIENTED_EDGE('',*,*,#4598,.F.);
#7645=ORIENTED_EDGE('',*,*,#5298,.T.);
#7646=ORIENTED_EDGE('',*,*,#5325,.T.);
#7647=ORIENTED_EDGE('',*,*,#5323,.F.);
#7648=ORIENTED_EDGE('',*,*,#5325,.F.);
#7649=ORIENTED_EDGE('',*,*,#5297,.F.);
#7650=ORIENTED_EDGE('',*,*,#5300,.F.);
#7651=ORIENTED_EDGE('',*,*,#5302,.F.);
#7652=ORIENTED_EDGE('',*,*,#5304,.F.);
#7653=ORIENTED_EDGE('',*,*,#5306,.F.);
#7654=ORIENTED_EDGE('',*,*,#5308,.F.);
#7655=ORIENTED_EDGE('',*,*,#5310,.F.);
#7656=ORIENTED_EDGE('',*,*,#5312,.F.);
#7657=ORIENTED_EDGE('',*,*,#5314,.F.);
#7658=ORIENTED_EDGE('',*,*,#5316,.F.);
#7659=ORIENTED_EDGE('',*,*,#5318,.F.);
#7660=ORIENTED_EDGE('',*,*,#5320,.F.);
#7661=ORIENTED_EDGE('',*,*,#5322,.F.);
#7662=ORIENTED_EDGE('',*,*,#5324,.F.);
#7663=ORIENTED_EDGE('',*,*,#5326,.F.);
#7664=ORIENTED_EDGE('',*,*,#5327,.T.);
#7665=ORIENTED_EDGE('',*,*,#5328,.T.);
#7666=ORIENTED_EDGE('',*,*,#5329,.F.);
#7667=ORIENTED_EDGE('',*,*,#5330,.F.);
#7668=ORIENTED_EDGE('',*,*,#5329,.T.);
#7669=ORIENTED_EDGE('',*,*,#5331,.T.);
#7670=ORIENTED_EDGE('',*,*,#5332,.F.);
#7671=ORIENTED_EDGE('',*,*,#5333,.F.);
#7672=ORIENTED_EDGE('',*,*,#5332,.T.);
#7673=ORIENTED_EDGE('',*,*,#5334,.T.);
#7674=ORIENTED_EDGE('',*,*,#5335,.F.);
#7675=ORIENTED_EDGE('',*,*,#5336,.F.);
#7676=ORIENTED_EDGE('',*,*,#5335,.T.);
#7677=ORIENTED_EDGE('',*,*,#5337,.T.);
#7678=ORIENTED_EDGE('',*,*,#5338,.F.);
#7679=ORIENTED_EDGE('',*,*,#5339,.F.);
#7680=ORIENTED_EDGE('',*,*,#5338,.T.);
#7681=ORIENTED_EDGE('',*,*,#5340,.T.);
#7682=ORIENTED_EDGE('',*,*,#5341,.F.);
#7683=ORIENTED_EDGE('',*,*,#5342,.F.);
#7684=ORIENTED_EDGE('',*,*,#5341,.T.);
#7685=ORIENTED_EDGE('',*,*,#5343,.T.);
#7686=ORIENTED_EDGE('',*,*,#5344,.F.);
#7687=ORIENTED_EDGE('',*,*,#5345,.F.);
#7688=ORIENTED_EDGE('',*,*,#5344,.T.);
#7689=ORIENTED_EDGE('',*,*,#5346,.T.);
#7690=ORIENTED_EDGE('',*,*,#5347,.F.);
#7691=ORIENTED_EDGE('',*,*,#5348,.F.);
#7692=ORIENTED_EDGE('',*,*,#5347,.T.);
#7693=ORIENTED_EDGE('',*,*,#5349,.T.);
#7694=ORIENTED_EDGE('',*,*,#5327,.F.);
#7695=ORIENTED_EDGE('',*,*,#4612,.F.);
#7696=ORIENTED_EDGE('',*,*,#5350,.T.);
#7697=ORIENTED_EDGE('',*,*,#5351,.T.);
#7698=ORIENTED_EDGE('',*,*,#5352,.F.);
#7699=ORIENTED_EDGE('',*,*,#4619,.F.);
#7700=ORIENTED_EDGE('',*,*,#5353,.T.);
#7701=ORIENTED_EDGE('',*,*,#5354,.T.);
#7702=ORIENTED_EDGE('',*,*,#5350,.F.);
#7703=ORIENTED_EDGE('',*,*,#4618,.F.);
#7704=ORIENTED_EDGE('',*,*,#5355,.T.);
#7705=ORIENTED_EDGE('',*,*,#5356,.T.);
#7706=ORIENTED_EDGE('',*,*,#5353,.F.);
#7707=ORIENTED_EDGE('',*,*,#4617,.F.);
#7708=ORIENTED_EDGE('',*,*,#5357,.T.);
#7709=ORIENTED_EDGE('',*,*,#5358,.T.);
#7710=ORIENTED_EDGE('',*,*,#5355,.F.);
#7711=ORIENTED_EDGE('',*,*,#4616,.F.);
#7712=ORIENTED_EDGE('',*,*,#5359,.T.);
#7713=ORIENTED_EDGE('',*,*,#5360,.T.);
#7714=ORIENTED_EDGE('',*,*,#5357,.F.);
#7715=ORIENTED_EDGE('',*,*,#4615,.F.);
#7716=ORIENTED_EDGE('',*,*,#5361,.T.);
#7717=ORIENTED_EDGE('',*,*,#5362,.T.);
#7718=ORIENTED_EDGE('',*,*,#5359,.F.);
#7719=ORIENTED_EDGE('',*,*,#4614,.F.);
#7720=ORIENTED_EDGE('',*,*,#5363,.T.);
#7721=ORIENTED_EDGE('',*,*,#5364,.T.);
#7722=ORIENTED_EDGE('',*,*,#5361,.F.);
#7723=ORIENTED_EDGE('',*,*,#4613,.F.);
#7724=ORIENTED_EDGE('',*,*,#5352,.T.);
#7725=ORIENTED_EDGE('',*,*,#5365,.T.);
#7726=ORIENTED_EDGE('',*,*,#5363,.F.);
#7727=ORIENTED_EDGE('',*,*,#5365,.F.);
#7728=ORIENTED_EDGE('',*,*,#5351,.F.);
#7729=ORIENTED_EDGE('',*,*,#5354,.F.);
#7730=ORIENTED_EDGE('',*,*,#5356,.F.);
#7731=ORIENTED_EDGE('',*,*,#5358,.F.);
#7732=ORIENTED_EDGE('',*,*,#5360,.F.);
#7733=ORIENTED_EDGE('',*,*,#5362,.F.);
#7734=ORIENTED_EDGE('',*,*,#5364,.F.);
#7735=ORIENTED_EDGE('',*,*,#5328,.F.);
#7736=ORIENTED_EDGE('',*,*,#5349,.F.);
#7737=ORIENTED_EDGE('',*,*,#5346,.F.);
#7738=ORIENTED_EDGE('',*,*,#5343,.F.);
#7739=ORIENTED_EDGE('',*,*,#5340,.F.);
#7740=ORIENTED_EDGE('',*,*,#5337,.F.);
#7741=ORIENTED_EDGE('',*,*,#5334,.F.);
#7742=ORIENTED_EDGE('',*,*,#5331,.F.);
#7743=ORIENTED_EDGE('',*,*,#5366,.F.);
#7744=ORIENTED_EDGE('',*,*,#5367,.T.);
#7745=ORIENTED_EDGE('',*,*,#5368,.T.);
#7746=ORIENTED_EDGE('',*,*,#5369,.F.);
#7747=ORIENTED_EDGE('',*,*,#5370,.F.);
#7748=ORIENTED_EDGE('',*,*,#5369,.T.);
#7749=ORIENTED_EDGE('',*,*,#5371,.T.);
#7750=ORIENTED_EDGE('',*,*,#5372,.F.);
#7751=ORIENTED_EDGE('',*,*,#5373,.F.);
#7752=ORIENTED_EDGE('',*,*,#5372,.T.);
#7753=ORIENTED_EDGE('',*,*,#5374,.T.);
#7754=ORIENTED_EDGE('',*,*,#5375,.F.);
#7755=ORIENTED_EDGE('',*,*,#5376,.F.);
#7756=ORIENTED_EDGE('',*,*,#5375,.T.);
#7757=ORIENTED_EDGE('',*,*,#5377,.T.);
#7758=ORIENTED_EDGE('',*,*,#5378,.F.);
#7759=ORIENTED_EDGE('',*,*,#5379,.F.);
#7760=ORIENTED_EDGE('',*,*,#5378,.T.);
#7761=ORIENTED_EDGE('',*,*,#5380,.T.);
#7762=ORIENTED_EDGE('',*,*,#5381,.F.);
#7763=ORIENTED_EDGE('',*,*,#5382,.F.);
#7764=ORIENTED_EDGE('',*,*,#5381,.T.);
#7765=ORIENTED_EDGE('',*,*,#5383,.T.);
#7766=ORIENTED_EDGE('',*,*,#5384,.F.);
#7767=ORIENTED_EDGE('',*,*,#5385,.F.);
#7768=ORIENTED_EDGE('',*,*,#5384,.T.);
#7769=ORIENTED_EDGE('',*,*,#5386,.T.);
#7770=ORIENTED_EDGE('',*,*,#5387,.F.);
#7771=ORIENTED_EDGE('',*,*,#5388,.F.);
#7772=ORIENTED_EDGE('',*,*,#5387,.T.);
#7773=ORIENTED_EDGE('',*,*,#5389,.T.);
#7774=ORIENTED_EDGE('',*,*,#5390,.F.);
#7775=ORIENTED_EDGE('',*,*,#5391,.F.);
#7776=ORIENTED_EDGE('',*,*,#5390,.T.);
#7777=ORIENTED_EDGE('',*,*,#5392,.T.);
#7778=ORIENTED_EDGE('',*,*,#5367,.F.);
#7779=ORIENTED_EDGE('',*,*,#4620,.F.);
#7780=ORIENTED_EDGE('',*,*,#5393,.T.);
#7781=ORIENTED_EDGE('',*,*,#5394,.T.);
#7782=ORIENTED_EDGE('',*,*,#5395,.F.);
#7783=ORIENTED_EDGE('',*,*,#4634,.F.);
#7784=ORIENTED_EDGE('',*,*,#5396,.T.);
#7785=ORIENTED_EDGE('',*,*,#5397,.T.);
#7786=ORIENTED_EDGE('',*,*,#5393,.F.);
#7787=ORIENTED_EDGE('',*,*,#4633,.F.);
#7788=ORIENTED_EDGE('',*,*,#5398,.T.);
#7789=ORIENTED_EDGE('',*,*,#5399,.T.);
#7790=ORIENTED_EDGE('',*,*,#5396,.F.);
#7791=ORIENTED_EDGE('',*,*,#4632,.F.);
#7792=ORIENTED_EDGE('',*,*,#5400,.T.);
#7793=ORIENTED_EDGE('',*,*,#5401,.T.);
#7794=ORIENTED_EDGE('',*,*,#5398,.F.);
#7795=ORIENTED_EDGE('',*,*,#4631,.F.);
#7796=ORIENTED_EDGE('',*,*,#5402,.T.);
#7797=ORIENTED_EDGE('',*,*,#5403,.T.);
#7798=ORIENTED_EDGE('',*,*,#5400,.F.);
#7799=ORIENTED_EDGE('',*,*,#4630,.F.);
#7800=ORIENTED_EDGE('',*,*,#5404,.T.);
#7801=ORIENTED_EDGE('',*,*,#5405,.T.);
#7802=ORIENTED_EDGE('',*,*,#5402,.F.);
#7803=ORIENTED_EDGE('',*,*,#4629,.F.);
#7804=ORIENTED_EDGE('',*,*,#5406,.T.);
#7805=ORIENTED_EDGE('',*,*,#5407,.T.);
#7806=ORIENTED_EDGE('',*,*,#5404,.F.);
#7807=ORIENTED_EDGE('',*,*,#4628,.F.);
#7808=ORIENTED_EDGE('',*,*,#5408,.T.);
#7809=ORIENTED_EDGE('',*,*,#5409,.T.);
#7810=ORIENTED_EDGE('',*,*,#5406,.F.);
#7811=ORIENTED_EDGE('',*,*,#4627,.F.);
#7812=ORIENTED_EDGE('',*,*,#5410,.T.);
#7813=ORIENTED_EDGE('',*,*,#5411,.T.);
#7814=ORIENTED_EDGE('',*,*,#5408,.F.);
#7815=ORIENTED_EDGE('',*,*,#4626,.F.);
#7816=ORIENTED_EDGE('',*,*,#5412,.T.);
#7817=ORIENTED_EDGE('',*,*,#5413,.T.);
#7818=ORIENTED_EDGE('',*,*,#5410,.F.);
#7819=ORIENTED_EDGE('',*,*,#4625,.F.);
#7820=ORIENTED_EDGE('',*,*,#5414,.T.);
#7821=ORIENTED_EDGE('',*,*,#5415,.T.);
#7822=ORIENTED_EDGE('',*,*,#5412,.F.);
#7823=ORIENTED_EDGE('',*,*,#4624,.F.);
#7824=ORIENTED_EDGE('',*,*,#5416,.T.);
#7825=ORIENTED_EDGE('',*,*,#5417,.T.);
#7826=ORIENTED_EDGE('',*,*,#5414,.F.);
#7827=ORIENTED_EDGE('',*,*,#4623,.F.);
#7828=ORIENTED_EDGE('',*,*,#5418,.T.);
#7829=ORIENTED_EDGE('',*,*,#5419,.T.);
#7830=ORIENTED_EDGE('',*,*,#5416,.F.);
#7831=ORIENTED_EDGE('',*,*,#4622,.F.);
#7832=ORIENTED_EDGE('',*,*,#5420,.T.);
#7833=ORIENTED_EDGE('',*,*,#5421,.T.);
#7834=ORIENTED_EDGE('',*,*,#5418,.F.);
#7835=ORIENTED_EDGE('',*,*,#4621,.F.);
#7836=ORIENTED_EDGE('',*,*,#5395,.T.);
#7837=ORIENTED_EDGE('',*,*,#5422,.T.);
#7838=ORIENTED_EDGE('',*,*,#5420,.F.);
#7839=ORIENTED_EDGE('',*,*,#5422,.F.);
#7840=ORIENTED_EDGE('',*,*,#5394,.F.);
#7841=ORIENTED_EDGE('',*,*,#5397,.F.);
#7842=ORIENTED_EDGE('',*,*,#5399,.F.);
#7843=ORIENTED_EDGE('',*,*,#5401,.F.);
#7844=ORIENTED_EDGE('',*,*,#5403,.F.);
#7845=ORIENTED_EDGE('',*,*,#5405,.F.);
#7846=ORIENTED_EDGE('',*,*,#5407,.F.);
#7847=ORIENTED_EDGE('',*,*,#5409,.F.);
#7848=ORIENTED_EDGE('',*,*,#5411,.F.);
#7849=ORIENTED_EDGE('',*,*,#5413,.F.);
#7850=ORIENTED_EDGE('',*,*,#5415,.F.);
#7851=ORIENTED_EDGE('',*,*,#5417,.F.);
#7852=ORIENTED_EDGE('',*,*,#5419,.F.);
#7853=ORIENTED_EDGE('',*,*,#5421,.F.);
#7854=ORIENTED_EDGE('',*,*,#5368,.F.);
#7855=ORIENTED_EDGE('',*,*,#5392,.F.);
#7856=ORIENTED_EDGE('',*,*,#5389,.F.);
#7857=ORIENTED_EDGE('',*,*,#5386,.F.);
#7858=ORIENTED_EDGE('',*,*,#5383,.F.);
#7859=ORIENTED_EDGE('',*,*,#5380,.F.);
#7860=ORIENTED_EDGE('',*,*,#5377,.F.);
#7861=ORIENTED_EDGE('',*,*,#5374,.F.);
#7862=ORIENTED_EDGE('',*,*,#5371,.F.);
#7863=ORIENTED_EDGE('',*,*,#4635,.F.);
#7864=ORIENTED_EDGE('',*,*,#5423,.T.);
#7865=ORIENTED_EDGE('',*,*,#5424,.T.);
#7866=ORIENTED_EDGE('',*,*,#5425,.F.);
#7867=ORIENTED_EDGE('',*,*,#4642,.F.);
#7868=ORIENTED_EDGE('',*,*,#5426,.T.);
#7869=ORIENTED_EDGE('',*,*,#5427,.T.);
#7870=ORIENTED_EDGE('',*,*,#5423,.F.);
#7871=ORIENTED_EDGE('',*,*,#4641,.F.);
#7872=ORIENTED_EDGE('',*,*,#5428,.T.);
#7873=ORIENTED_EDGE('',*,*,#5429,.T.);
#7874=ORIENTED_EDGE('',*,*,#5426,.F.);
#7875=ORIENTED_EDGE('',*,*,#4640,.F.);
#7876=ORIENTED_EDGE('',*,*,#5430,.T.);
#7877=ORIENTED_EDGE('',*,*,#5431,.T.);
#7878=ORIENTED_EDGE('',*,*,#5428,.F.);
#7879=ORIENTED_EDGE('',*,*,#4639,.F.);
#7880=ORIENTED_EDGE('',*,*,#5432,.T.);
#7881=ORIENTED_EDGE('',*,*,#5433,.T.);
#7882=ORIENTED_EDGE('',*,*,#5430,.F.);
#7883=ORIENTED_EDGE('',*,*,#4638,.F.);
#7884=ORIENTED_EDGE('',*,*,#5434,.T.);
#7885=ORIENTED_EDGE('',*,*,#5435,.T.);
#7886=ORIENTED_EDGE('',*,*,#5432,.F.);
#7887=ORIENTED_EDGE('',*,*,#4637,.F.);
#7888=ORIENTED_EDGE('',*,*,#5436,.T.);
#7889=ORIENTED_EDGE('',*,*,#5437,.T.);
#7890=ORIENTED_EDGE('',*,*,#5434,.F.);
#7891=ORIENTED_EDGE('',*,*,#4636,.F.);
#7892=ORIENTED_EDGE('',*,*,#5425,.T.);
#7893=ORIENTED_EDGE('',*,*,#5438,.T.);
#7894=ORIENTED_EDGE('',*,*,#5436,.F.);
#7895=ORIENTED_EDGE('',*,*,#5438,.F.);
#7896=ORIENTED_EDGE('',*,*,#5424,.F.);
#7897=ORIENTED_EDGE('',*,*,#5427,.F.);
#7898=ORIENTED_EDGE('',*,*,#5429,.F.);
#7899=ORIENTED_EDGE('',*,*,#5431,.F.);
#7900=ORIENTED_EDGE('',*,*,#5433,.F.);
#7901=ORIENTED_EDGE('',*,*,#5435,.F.);
#7902=ORIENTED_EDGE('',*,*,#5437,.F.);
#7903=ORIENTED_EDGE('',*,*,#4643,.F.);
#7904=ORIENTED_EDGE('',*,*,#5439,.T.);
#7905=ORIENTED_EDGE('',*,*,#5440,.T.);
#7906=ORIENTED_EDGE('',*,*,#5441,.F.);
#7907=ORIENTED_EDGE('',*,*,#4647,.F.);
#7908=ORIENTED_EDGE('',*,*,#5442,.T.);
#7909=ORIENTED_EDGE('',*,*,#5443,.T.);
#7910=ORIENTED_EDGE('',*,*,#5439,.F.);
#7911=ORIENTED_EDGE('',*,*,#4646,.F.);
#7912=ORIENTED_EDGE('',*,*,#5444,.T.);
#7913=ORIENTED_EDGE('',*,*,#5445,.T.);
#7914=ORIENTED_EDGE('',*,*,#5442,.F.);
#7915=ORIENTED_EDGE('',*,*,#4645,.F.);
#7916=ORIENTED_EDGE('',*,*,#5446,.T.);
#7917=ORIENTED_EDGE('',*,*,#5447,.T.);
#7918=ORIENTED_EDGE('',*,*,#5444,.F.);
#7919=ORIENTED_EDGE('',*,*,#4644,.F.);
#7920=ORIENTED_EDGE('',*,*,#5441,.T.);
#7921=ORIENTED_EDGE('',*,*,#5448,.T.);
#7922=ORIENTED_EDGE('',*,*,#5446,.F.);
#7923=ORIENTED_EDGE('',*,*,#5448,.F.);
#7924=ORIENTED_EDGE('',*,*,#5440,.F.);
#7925=ORIENTED_EDGE('',*,*,#5443,.F.);
#7926=ORIENTED_EDGE('',*,*,#5445,.F.);
#7927=ORIENTED_EDGE('',*,*,#5447,.F.);
#7928=ORIENTED_EDGE('',*,*,#4648,.F.);
#7929=ORIENTED_EDGE('',*,*,#5449,.T.);
#7930=ORIENTED_EDGE('',*,*,#5450,.T.);
#7931=ORIENTED_EDGE('',*,*,#5451,.F.);
#7932=ORIENTED_EDGE('',*,*,#4664,.F.);
#7933=ORIENTED_EDGE('',*,*,#5452,.T.);
#7934=ORIENTED_EDGE('',*,*,#5453,.T.);
#7935=ORIENTED_EDGE('',*,*,#5449,.F.);
#7936=ORIENTED_EDGE('',*,*,#4663,.F.);
#7937=ORIENTED_EDGE('',*,*,#5454,.T.);
#7938=ORIENTED_EDGE('',*,*,#5455,.T.);
#7939=ORIENTED_EDGE('',*,*,#5452,.F.);
#7940=ORIENTED_EDGE('',*,*,#4662,.F.);
#7941=ORIENTED_EDGE('',*,*,#5456,.T.);
#7942=ORIENTED_EDGE('',*,*,#5457,.T.);
#7943=ORIENTED_EDGE('',*,*,#5454,.F.);
#7944=ORIENTED_EDGE('',*,*,#4661,.F.);
#7945=ORIENTED_EDGE('',*,*,#5458,.T.);
#7946=ORIENTED_EDGE('',*,*,#5459,.T.);
#7947=ORIENTED_EDGE('',*,*,#5456,.F.);
#7948=ORIENTED_EDGE('',*,*,#4660,.F.);
#7949=ORIENTED_EDGE('',*,*,#5460,.T.);
#7950=ORIENTED_EDGE('',*,*,#5461,.T.);
#7951=ORIENTED_EDGE('',*,*,#5458,.F.);
#7952=ORIENTED_EDGE('',*,*,#4659,.F.);
#7953=ORIENTED_EDGE('',*,*,#5462,.T.);
#7954=ORIENTED_EDGE('',*,*,#5463,.T.);
#7955=ORIENTED_EDGE('',*,*,#5460,.F.);
#7956=ORIENTED_EDGE('',*,*,#4658,.F.);
#7957=ORIENTED_EDGE('',*,*,#5464,.T.);
#7958=ORIENTED_EDGE('',*,*,#5465,.T.);
#7959=ORIENTED_EDGE('',*,*,#5462,.F.);
#7960=ORIENTED_EDGE('',*,*,#4657,.F.);
#7961=ORIENTED_EDGE('',*,*,#5466,.T.);
#7962=ORIENTED_EDGE('',*,*,#5467,.T.);
#7963=ORIENTED_EDGE('',*,*,#5464,.F.);
#7964=ORIENTED_EDGE('',*,*,#4656,.F.);
#7965=ORIENTED_EDGE('',*,*,#5468,.T.);
#7966=ORIENTED_EDGE('',*,*,#5469,.T.);
#7967=ORIENTED_EDGE('',*,*,#5466,.F.);
#7968=ORIENTED_EDGE('',*,*,#4655,.F.);
#7969=ORIENTED_EDGE('',*,*,#5470,.T.);
#7970=ORIENTED_EDGE('',*,*,#5471,.T.);
#7971=ORIENTED_EDGE('',*,*,#5468,.F.);
#7972=ORIENTED_EDGE('',*,*,#4654,.F.);
#7973=ORIENTED_EDGE('',*,*,#5472,.T.);
#7974=ORIENTED_EDGE('',*,*,#5473,.T.);
#7975=ORIENTED_EDGE('',*,*,#5470,.F.);
#7976=ORIENTED_EDGE('',*,*,#4653,.F.);
#7977=ORIENTED_EDGE('',*,*,#5474,.T.);
#7978=ORIENTED_EDGE('',*,*,#5475,.T.);
#7979=ORIENTED_EDGE('',*,*,#5472,.F.);
#7980=ORIENTED_EDGE('',*,*,#4652,.F.);
#7981=ORIENTED_EDGE('',*,*,#5476,.T.);
#7982=ORIENTED_EDGE('',*,*,#5477,.T.);
#7983=ORIENTED_EDGE('',*,*,#5474,.F.);
#7984=ORIENTED_EDGE('',*,*,#4651,.F.);
#7985=ORIENTED_EDGE('',*,*,#5478,.T.);
#7986=ORIENTED_EDGE('',*,*,#5479,.T.);
#7987=ORIENTED_EDGE('',*,*,#5476,.F.);
#7988=ORIENTED_EDGE('',*,*,#4650,.F.);
#7989=ORIENTED_EDGE('',*,*,#5480,.T.);
#7990=ORIENTED_EDGE('',*,*,#5481,.T.);
#7991=ORIENTED_EDGE('',*,*,#5478,.F.);
#7992=ORIENTED_EDGE('',*,*,#4649,.F.);
#7993=ORIENTED_EDGE('',*,*,#5451,.T.);
#7994=ORIENTED_EDGE('',*,*,#5482,.T.);
#7995=ORIENTED_EDGE('',*,*,#5480,.F.);
#7996=ORIENTED_EDGE('',*,*,#5482,.F.);
#7997=ORIENTED_EDGE('',*,*,#5450,.F.);
#7998=ORIENTED_EDGE('',*,*,#5453,.F.);
#7999=ORIENTED_EDGE('',*,*,#5455,.F.);
#8000=ORIENTED_EDGE('',*,*,#5457,.F.);
#8001=ORIENTED_EDGE('',*,*,#5459,.F.);
#8002=ORIENTED_EDGE('',*,*,#5461,.F.);
#8003=ORIENTED_EDGE('',*,*,#5463,.F.);
#8004=ORIENTED_EDGE('',*,*,#5465,.F.);
#8005=ORIENTED_EDGE('',*,*,#5467,.F.);
#8006=ORIENTED_EDGE('',*,*,#5469,.F.);
#8007=ORIENTED_EDGE('',*,*,#5471,.F.);
#8008=ORIENTED_EDGE('',*,*,#5473,.F.);
#8009=ORIENTED_EDGE('',*,*,#5475,.F.);
#8010=ORIENTED_EDGE('',*,*,#5477,.F.);
#8011=ORIENTED_EDGE('',*,*,#5479,.F.);
#8012=ORIENTED_EDGE('',*,*,#5481,.F.);
#8013=ORIENTED_EDGE('',*,*,#5366,.T.);
#8014=ORIENTED_EDGE('',*,*,#5370,.T.);
#8015=ORIENTED_EDGE('',*,*,#5373,.T.);
#8016=ORIENTED_EDGE('',*,*,#5376,.T.);
#8017=ORIENTED_EDGE('',*,*,#5379,.T.);
#8018=ORIENTED_EDGE('',*,*,#5382,.T.);
#8019=ORIENTED_EDGE('',*,*,#5385,.T.);
#8020=ORIENTED_EDGE('',*,*,#5388,.T.);
#8021=ORIENTED_EDGE('',*,*,#5391,.T.);
#8022=ORIENTED_EDGE('',*,*,#5326,.T.);
#8023=ORIENTED_EDGE('',*,*,#5330,.T.);
#8024=ORIENTED_EDGE('',*,*,#5333,.T.);
#8025=ORIENTED_EDGE('',*,*,#5336,.T.);
#8026=ORIENTED_EDGE('',*,*,#5339,.T.);
#8027=ORIENTED_EDGE('',*,*,#5342,.T.);
#8028=ORIENTED_EDGE('',*,*,#5345,.T.);
#8029=ORIENTED_EDGE('',*,*,#5348,.T.);
#8030=ORIENTED_EDGE('',*,*,#4950,.T.);
#8031=ORIENTED_EDGE('',*,*,#4954,.T.);
#8032=ORIENTED_EDGE('',*,*,#4957,.T.);
#8033=ORIENTED_EDGE('',*,*,#4960,.T.);
#8034=ORIENTED_EDGE('',*,*,#4963,.T.);
#8035=ORIENTED_EDGE('',*,*,#4966,.T.);
#8036=ORIENTED_EDGE('',*,*,#4969,.T.);
#8037=ORIENTED_EDGE('',*,*,#4972,.T.);
#8038=ORIENTED_EDGE('',*,*,#4799,.T.);
#8039=ORIENTED_EDGE('',*,*,#4803,.T.);
#8040=ORIENTED_EDGE('',*,*,#4806,.T.);
#8041=ORIENTED_EDGE('',*,*,#4809,.T.);
#8042=ORIENTED_EDGE('',*,*,#4812,.T.);
#8043=ORIENTED_EDGE('',*,*,#4815,.T.);
#8044=ORIENTED_EDGE('',*,*,#4818,.T.);
#8045=ORIENTED_EDGE('',*,*,#4219,.F.);
#8046=ORIENTED_EDGE('',*,*,#4228,.F.);
#8047=ORIENTED_EDGE('',*,*,#4209,.F.);
#8048=ORIENTED_EDGE('',*,*,#4234,.F.);
#8049=ORIENTED_EDGE('',*,*,#4206,.F.);
#8050=ORIENTED_EDGE('',*,*,#5483,.T.);
#8051=ORIENTED_EDGE('',*,*,#5484,.T.);
#8052=ORIENTED_EDGE('',*,*,#5483,.F.);
#8053=ORIENTED_EDGE('',*,*,#4207,.F.);
#8054=ORIENTED_EDGE('',*,*,#5484,.F.);
#8055=ORIENTED_EDGE('',*,*,#4204,.F.);
#8056=ORIENTED_EDGE('',*,*,#5485,.T.);
#8057=ORIENTED_EDGE('',*,*,#5486,.T.);
#8058=ORIENTED_EDGE('',*,*,#5485,.F.);
#8059=ORIENTED_EDGE('',*,*,#4205,.F.);
#8060=ORIENTED_EDGE('',*,*,#5486,.F.);
#8061=ORIENTED_EDGE('',*,*,#4202,.F.);
#8062=ORIENTED_EDGE('',*,*,#5487,.T.);
#8063=ORIENTED_EDGE('',*,*,#5488,.T.);
#8064=ORIENTED_EDGE('',*,*,#5487,.F.);
#8065=ORIENTED_EDGE('',*,*,#4203,.F.);
#8066=ORIENTED_EDGE('',*,*,#5488,.F.);
#8067=ORIENTED_EDGE('',*,*,#4723,.T.);
#8068=ORIENTED_EDGE('',*,*,#4727,.T.);
#8069=ORIENTED_EDGE('',*,*,#4730,.T.);
#8070=ORIENTED_EDGE('',*,*,#4733,.T.);
#8071=ORIENTED_EDGE('',*,*,#4736,.T.);
#8072=ORIENTED_EDGE('',*,*,#4739,.T.);
#8073=ORIENTED_EDGE('',*,*,#4742,.T.);
#8074=ORIENTED_EDGE('',*,*,#4745,.T.);
#8075=ORIENTED_EDGE('',*,*,#4243,.F.);
#8076=ORIENTED_EDGE('',*,*,#4226,.T.);
#8077=ORIENTED_EDGE('',*,*,#4261,.F.);
#8078=ORIENTED_EDGE('',*,*,#4215,.T.);
#8079=B_SPLINE_SURFACE_WITH_KNOTS('',3,3,((#10392,#10393,#10394,#10395,
#10396,#10397,#10398,#10399,#10400,#10401,#10402,#10403,#10404,#10405,#10406,
#10407,#10408,#10409,#10410,#10411,#10412,#10413,#10414,#10415,#10416,#10417,
#10418,#10419,#10420),(#10421,#10422,#10423,#10424,#10425,#10426,#10427,
#10428,#10429,#10430,#10431,#10432,#10433,#10434,#10435,#10436,#10437,#10438,
#10439,#10440,#10441,#10442,#10443,#10444,#10445,#10446,#10447,#10448,#10449),
(#10450,#10451,#10452,#10453,#10454,#10455,#10456,#10457,#10458,#10459,
#10460,#10461,#10462,#10463,#10464,#10465,#10466,#10467,#10468,#10469,#10470,
#10471,#10472,#10473,#10474,#10475,#10476,#10477,#10478),(#10479,#10480,
#10481,#10482,#10483,#10484,#10485,#10486,#10487,#10488,#10489,#10490,#10491,
#10492,#10493,#10494,#10495,#10496,#10497,#10498,#10499,#10500,#10501,#10502,
#10503,#10504,#10505,#10506,#10507)),.UNSPECIFIED.,.F.,.T.,.F.,(4,4),(4,
1,1,2,2,2,2,1,1,1,2,2,2,2,2,2,4),(0.,1.),(0.678945180867199,0.721379170756789,
0.763813160646378,0.848681140425557,0.905260241156266,0.961839341886974,
1.01841844261768,1.06085226467805,1.10328608673842,1.14571990879879,1.18815373085916,
1.24473216027298,1.30131126100369,1.41446946246511,1.47104856319581,1.52762699260964,
1.58420542202346),.UNSPECIFIED.);
#8080=B_SPLINE_SURFACE_WITH_KNOTS('',3,3,((#10768,#10769,#10770,#10771,
#10772,#10773,#10774,#10775,#10776,#10777,#10778,#10779,#10780,#10781,#10782,
#10783,#10784,#10785,#10786,#10787,#10788,#10789,#10790,#10791,#10792,#10793,
#10794,#10795),(#10796,#10797,#10798,#10799,#10800,#10801,#10802,#10803,
#10804,#10805,#10806,#10807,#10808,#10809,#10810,#10811,#10812,#10813,#10814,
#10815,#10816,#10817,#10818,#10819,#10820,#10821,#10822,#10823),(#10824,
#10825,#10826,#10827,#10828,#10829,#10830,#10831,#10832,#10833,#10834,#10835,
#10836,#10837,#10838,#10839,#10840,#10841,#10842,#10843,#10844,#10845,#10846,
#10847,#10848,#10849,#10850,#10851),(#10852,#10853,#10854,#10855,#10856,
#10857,#10858,#10859,#10860,#10861,#10862,#10863,#10864,#10865,#10866,#10867,
#10868,#10869,#10870,#10871,#10872,#10873,#10874,#10875,#10876,#10877,#10878,
#10879)),.UNSPECIFIED.,.F.,.T.,.F.,(4,4),(4,2,2,1,2,2,1,1,1,1,1,2,2,1,1,
1,2,1,4),(0.,1.),(0.6789451808672,0.735523610281025,0.79210203969485,0.848681140425558,
0.905260241156266,0.961839341886975,0.997200944185226,1.03256254648348,
1.10328575107998,1.13864735337823,1.17400895567648,1.24473216027298,1.30131126100369,
1.34374558655172,1.38617991209975,1.41800565626078,1.47104856319582,1.52762699260964,
1.58420542202347),.UNSPECIFIED.);
#8081=B_SPLINE_SURFACE_WITH_KNOTS('',3,3,((#11031,#11032,#11033,#11034,
#11035,#11036,#11037,#11038,#11039,#11040,#11041,#11042,#11043,#11044,#11045,
#11046,#11047,#11048,#11049,#11050),(#11051,#11052,#11053,#11054,#11055,
#11056,#11057,#11058,#11059,#11060,#11061,#11062,#11063,#11064,#11065,#11066,
#11067,#11068,#11069,#11070),(#11071,#11072,#11073,#11074,#11075,#11076,
#11077,#11078,#11079,#11080,#11081,#11082,#11083,#11084,#11085,#11086,#11087,
#11088,#11089,#11090),(#11091,#11092,#11093,#11094,#11095,#11096,#11097,
#11098,#11099,#11100,#11101,#11102,#11103,#11104,#11105,#11106,#11107,#11108,
#11109,#11110)),.UNSPECIFIED.,.F.,.T.,.F.,(4,4),(4,1,1,1,1,1,1,1,1,1,1,
1,1,1,1,1,1,4),(0.,1.),(0.,0.112053281325346,0.224106562650691,0.336159843976037,
0.448213125301383,0.597617500401844,0.672319687952074,0.747021875502304,
0.821724063052535,0.896426250602765,1.00847953192811,1.06450617259078,1.12053281325346,
1.2325860945788,1.34463937590415,1.45669265722949,1.48470597756083,1.56874593855484),
 .UNSPECIFIED.);
#8082=B_SPLINE_SURFACE_WITH_KNOTS('',2,1,((#12528,#12529),(#12530,#12531),
(#12532,#12533),(#12534,#12535)),.UNSPECIFIED.,.F.,.F.,.F.,(3,1,3),(2,2),
(0.,1.,2.),(0.,0.02),.UNSPECIFIED.);
#8083=B_SPLINE_SURFACE_WITH_KNOTS('',2,1,((#12548,#12549),(#12550,#12551),
(#12552,#12553)),.UNSPECIFIED.,.F.,.F.,.F.,(3,3),(2,2),(0.,1.),(0.,0.02),
 .UNSPECIFIED.);
#8084=B_SPLINE_SURFACE_WITH_KNOTS('',2,1,((#12563,#12564),(#12565,#12566),
(#12567,#12568),(#12569,#12570)),.UNSPECIFIED.,.F.,.F.,.F.,(3,1,3),(2,2),
(0.,1.,2.),(0.,0.02),.UNSPECIFIED.);
#8085=B_SPLINE_SURFACE_WITH_KNOTS('',2,1,((#12577,#12578),(#12579,#12580),
(#12581,#12582)),.UNSPECIFIED.,.F.,.F.,.F.,(3,3),(2,2),(0.,1.),(0.,0.02),
 .UNSPECIFIED.);
#8086=B_SPLINE_SURFACE_WITH_KNOTS('',2,1,((#12588,#12589),(#12590,#12591),
(#12592,#12593)),.UNSPECIFIED.,.F.,.F.,.F.,(3,3),(2,2),(0.,1.),(0.,0.02),
 .UNSPECIFIED.);
#8087=B_SPLINE_SURFACE_WITH_KNOTS('',2,1,((#12607,#12608),(#12609,#12610),
(#12611,#12612),(#12613,#12614)),.UNSPECIFIED.,.F.,.F.,.F.,(3,1,3),(2,2),
(0.,1.,2.),(0.,0.02),.UNSPECIFIED.);
#8088=B_SPLINE_SURFACE_WITH_KNOTS('',2,1,((#12621,#12622),(#12623,#12624),
(#12625,#12626),(#12627,#12628)),.UNSPECIFIED.,.F.,.F.,.F.,(3,1,3),(2,2),
(0.,1.,2.),(0.,0.02),.UNSPECIFIED.);
#8089=B_SPLINE_SURFACE_WITH_KNOTS('',2,1,((#12635,#12636),(#12637,#12638),
(#12639,#12640)),.UNSPECIFIED.,.F.,.F.,.F.,(3,3),(2,2),(0.,1.),(0.,0.02),
 .UNSPECIFIED.);
#8090=B_SPLINE_SURFACE_WITH_KNOTS('',2,1,((#12646,#12647),(#12648,#12649),
(#12650,#12651)),.UNSPECIFIED.,.F.,.F.,.F.,(3,3),(2,2),(0.,1.),(0.,0.02),
 .UNSPECIFIED.);
#8091=B_SPLINE_SURFACE_WITH_KNOTS('',2,1,((#12656,#12657),(#12658,#12659),
(#12660,#12661)),.UNSPECIFIED.,.F.,.F.,.F.,(3,3),(2,2),(0.,1.),(0.,0.02),
 .UNSPECIFIED.);
#8092=B_SPLINE_SURFACE_WITH_KNOTS('',2,1,((#12669,#12670),(#12671,#12672),
(#12673,#12674)),.UNSPECIFIED.,.F.,.F.,.F.,(3,3),(2,2),(0.,1.),(0.,0.02),
 .UNSPECIFIED.);
#8093=B_SPLINE_SURFACE_WITH_KNOTS('',2,1,((#12680,#12681),(#12682,#12683),
(#12684,#12685),(#12686,#12687)),.UNSPECIFIED.,.F.,.F.,.F.,(3,1,3),(2,2),
(0.,1.,2.),(0.,0.02),.UNSPECIFIED.);
#8094=B_SPLINE_SURFACE_WITH_KNOTS('',2,1,((#12694,#12695),(#12696,#12697),
(#12698,#12699),(#12700,#12701)),.UNSPECIFIED.,.F.,.F.,.F.,(3,1,3),(2,2),
(0.,1.,2.),(0.,0.02),.UNSPECIFIED.);
#8095=B_SPLINE_SURFACE_WITH_KNOTS('',2,1,((#12708,#12709),(#12710,#12711),
(#12712,#12713),(#12714,#12715)),.UNSPECIFIED.,.F.,.F.,.F.,(3,1,3),(2,2),
(0.,1.,2.),(0.,0.02),.UNSPECIFIED.);
#8096=B_SPLINE_SURFACE_WITH_KNOTS('',2,1,((#12721,#12722),(#12723,#12724),
(#12725,#12726),(#12727,#12728)),.UNSPECIFIED.,.F.,.F.,.F.,(3,1,3),(2,2),
(0.,1.,2.),(0.,0.02),.UNSPECIFIED.);
#8097=B_SPLINE_SURFACE_WITH_KNOTS('',2,1,((#12737,#12738),(#12739,#12740),
(#12741,#12742),(#12743,#12744)),.UNSPECIFIED.,.F.,.F.,.F.,(3,1,3),(2,2),
(0.,1.,2.),(0.,0.02),.UNSPECIFIED.);
#8098=B_SPLINE_SURFACE_WITH_KNOTS('',2,1,((#12751,#12752),(#12753,#12754),
(#12755,#12756)),.UNSPECIFIED.,.F.,.F.,.F.,(3,3),(2,2),(0.,1.),(0.,0.02),
 .UNSPECIFIED.);
#8099=B_SPLINE_SURFACE_WITH_KNOTS('',2,1,((#12762,#12763),(#12764,#12765),
(#12766,#12767)),.UNSPECIFIED.,.F.,.F.,.F.,(3,3),(2,2),(0.,1.),(0.,0.02),
 .UNSPECIFIED.);
#8100=B_SPLINE_SURFACE_WITH_KNOTS('',2,1,((#12777,#12778),(#12779,#12780),
(#12781,#12782),(#12783,#12784)),.UNSPECIFIED.,.F.,.F.,.F.,(3,1,3),(2,2),
(0.,1.,2.),(0.,0.02),.UNSPECIFIED.);
#8101=B_SPLINE_SURFACE_WITH_KNOTS('',2,1,((#12791,#12792),(#12793,#12794),
(#12795,#12796)),.UNSPECIFIED.,.F.,.F.,.F.,(3,3),(2,2),(0.,1.),(0.,0.02),
 .UNSPECIFIED.);
#8102=B_SPLINE_SURFACE_WITH_KNOTS('',2,1,((#12802,#12803),(#12804,#12805),
(#12806,#12807)),.UNSPECIFIED.,.F.,.F.,.F.,(3,3),(2,2),(0.,1.),(0.,0.02),
 .UNSPECIFIED.);
#8103=B_SPLINE_SURFACE_WITH_KNOTS('',2,1,((#12817,#12818),(#12819,#12820),
(#12821,#12822),(#12823,#12824)),.UNSPECIFIED.,.F.,.F.,.F.,(3,1,3),(2,2),
(0.,1.,2.),(0.,0.02),.UNSPECIFIED.);
#8104=B_SPLINE_SURFACE_WITH_KNOTS('',2,1,((#12830,#12831),(#12832,#12833),
(#12834,#12835),(#12836,#12837)),.UNSPECIFIED.,.F.,.F.,.F.,(3,1,3),(2,2),
(-2.,-1.,0.),(0.,0.02),.UNSPECIFIED.);
#8105=B_SPLINE_SURFACE_WITH_KNOTS('',2,1,((#12858,#12859),(#12860,#12861),
(#12862,#12863),(#12864,#12865)),.UNSPECIFIED.,.F.,.F.,.F.,(3,1,3),(2,2),
(-2.,-1.,0.),(0.,0.02),.UNSPECIFIED.);
#8106=B_SPLINE_SURFACE_WITH_KNOTS('',2,1,((#12883,#12884),(#12885,#12886),
(#12887,#12888),(#12889,#12890)),.UNSPECIFIED.,.F.,.F.,.F.,(3,1,3),(2,2),
(-2.,-1.,0.),(0.,0.02),.UNSPECIFIED.);
#8107=B_SPLINE_SURFACE_WITH_KNOTS('',2,1,((#12908,#12909),(#12910,#12911),
(#12912,#12913),(#12914,#12915)),.UNSPECIFIED.,.F.,.F.,.F.,(3,1,3),(2,2),
(-2.,-1.,0.),(0.,0.02),.UNSPECIFIED.);
#8108=B_SPLINE_SURFACE_WITH_KNOTS('',2,1,((#12936,#12937),(#12938,#12939),
(#12940,#12941),(#12942,#12943)),.UNSPECIFIED.,.F.,.F.,.F.,(3,1,3),(2,2),
(0.,1.,2.),(0.,0.02),.UNSPECIFIED.);
#8109=B_SPLINE_SURFACE_WITH_KNOTS('',2,1,((#12954,#12955),(#12956,#12957),
(#12958,#12959),(#12960,#12961)),.UNSPECIFIED.,.F.,.F.,.F.,(3,1,3),(2,2),
(0.,1.,2.),(0.,0.02),.UNSPECIFIED.);
#8110=B_SPLINE_SURFACE_WITH_KNOTS('',2,1,((#12972,#12973),(#12974,#12975),
(#12976,#12977),(#12978,#12979)),.UNSPECIFIED.,.F.,.F.,.F.,(3,1,3),(2,2),
(0.,1.,2.),(0.,0.02),.UNSPECIFIED.);
#8111=B_SPLINE_SURFACE_WITH_KNOTS('',2,1,((#12990,#12991),(#12992,#12993),
(#12994,#12995),(#12996,#12997)),.UNSPECIFIED.,.F.,.F.,.F.,(3,1,3),(2,2),
(0.,1.,2.),(0.,0.02),.UNSPECIFIED.);
#8112=B_SPLINE_SURFACE_WITH_KNOTS('',2,1,((#13009,#13010),(#13011,#13012),
(#13013,#13014),(#13015,#13016)),.UNSPECIFIED.,.F.,.F.,.F.,(3,1,3),(2,2),
(0.,1.,2.),(0.,0.02),.UNSPECIFIED.);
#8113=B_SPLINE_SURFACE_WITH_KNOTS('',2,1,((#13023,#13024),(#13025,#13026),
(#13027,#13028)),.UNSPECIFIED.,.F.,.F.,.F.,(3,3),(2,2),(0.,1.),(0.,0.02),
 .UNSPECIFIED.);
#8114=B_SPLINE_SURFACE_WITH_KNOTS('',2,1,((#13034,#13035),(#13036,#13037),
(#13038,#13039)),.UNSPECIFIED.,.F.,.F.,.F.,(3,3),(2,2),(0.,1.),(0.,0.02),
 .UNSPECIFIED.);
#8115=B_SPLINE_SURFACE_WITH_KNOTS('',2,1,((#13049,#13050),(#13051,#13052),
(#13053,#13054),(#13055,#13056)),.UNSPECIFIED.,.F.,.F.,.F.,(3,1,3),(2,2),
(0.,1.,2.),(0.,0.02),.UNSPECIFIED.);
#8116=B_SPLINE_SURFACE_WITH_KNOTS('',2,1,((#13063,#13064),(#13065,#13066),
(#13067,#13068)),.UNSPECIFIED.,.F.,.F.,.F.,(3,3),(2,2),(0.,1.),(0.,0.02),
 .UNSPECIFIED.);
#8117=B_SPLINE_SURFACE_WITH_KNOTS('',2,1,((#13074,#13075),(#13076,#13077),
(#13078,#13079)),.UNSPECIFIED.,.F.,.F.,.F.,(3,3),(2,2),(0.,1.),(0.,0.02),
 .UNSPECIFIED.);
#8118=B_SPLINE_SURFACE_WITH_KNOTS('',2,1,((#13093,#13094),(#13095,#13096),
(#13097,#13098),(#13099,#13100)),.UNSPECIFIED.,.F.,.F.,.F.,(3,1,3),(2,2),
(0.,1.,2.),(0.,0.02),.UNSPECIFIED.);
#8119=B_SPLINE_SURFACE_WITH_KNOTS('',2,1,((#13111,#13112),(#13113,#13114),
(#13115,#13116),(#13117,#13118)),.UNSPECIFIED.,.F.,.F.,.F.,(3,1,3),(2,2),
(0.,1.,2.),(0.,0.02),.UNSPECIFIED.);
#8120=B_SPLINE_SURFACE_WITH_KNOTS('',2,1,((#13125,#13126),(#13127,#13128),
(#13129,#13130)),.UNSPECIFIED.,.F.,.F.,.F.,(3,3),(2,2),(0.,1.),(0.,0.02),
 .UNSPECIFIED.);
#8121=B_SPLINE_SURFACE_WITH_KNOTS('',2,1,((#13136,#13137),(#13138,#13139),
(#13140,#13141)),.UNSPECIFIED.,.F.,.F.,.F.,(3,3),(2,2),(0.,1.),(0.,0.02),
 .UNSPECIFIED.);
#8122=B_SPLINE_SURFACE_WITH_KNOTS('',2,1,((#13151,#13152),(#13153,#13154),
(#13155,#13156),(#13157,#13158)),.UNSPECIFIED.,.F.,.F.,.F.,(3,1,3),(2,2),
(0.,1.,2.),(0.,0.02),.UNSPECIFIED.);
#8123=B_SPLINE_SURFACE_WITH_KNOTS('',2,1,((#13177,#13178),(#13179,#13180),
(#13181,#13182),(#13183,#13184)),.UNSPECIFIED.,.F.,.F.,.F.,(3,1,3),(2,2),
(-2.,-1.,0.),(0.,0.02),.UNSPECIFIED.);
#8124=B_SPLINE_SURFACE_WITH_KNOTS('',2,1,((#13202,#13203),(#13204,#13205),
(#13206,#13207)),.UNSPECIFIED.,.F.,.F.,.F.,(3,3),(2,2),(-1.,0.),(0.,0.02),
 .UNSPECIFIED.);
#8125=B_SPLINE_SURFACE_WITH_KNOTS('',2,1,((#13217,#13218),(#13219,#13220),
(#13221,#13222),(#13223,#13224)),.UNSPECIFIED.,.F.,.F.,.F.,(3,1,3),(2,2),
(-2.,-1.,0.),(0.,0.02),.UNSPECIFIED.);
#8126=B_SPLINE_SURFACE_WITH_KNOTS('',2,1,((#13251,#13252),(#13253,#13254),
(#13255,#13256)),.UNSPECIFIED.,.F.,.F.,.F.,(3,3),(2,2),(0.,1.),(0.,0.02),
 .UNSPECIFIED.);
#8127=B_SPLINE_SURFACE_WITH_KNOTS('',2,1,((#13266,#13267),(#13268,#13269),
(#13270,#13271),(#13272,#13273)),.UNSPECIFIED.,.F.,.F.,.F.,(3,1,3),(2,2),
(0.,1.,2.),(0.,0.02),.UNSPECIFIED.);
#8128=B_SPLINE_SURFACE_WITH_KNOTS('',2,1,((#13284,#13285),(#13286,#13287),
(#13288,#13289),(#13290,#13291)),.UNSPECIFIED.,.F.,.F.,.F.,(3,1,3),(2,2),
(0.,1.,2.),(0.,0.02),.UNSPECIFIED.);
#8129=B_SPLINE_SURFACE_WITH_KNOTS('',2,1,((#13302,#13303),(#13304,#13305),
(#13306,#13307),(#13308,#13309)),.UNSPECIFIED.,.F.,.F.,.F.,(3,1,3),(2,2),
(0.,1.,2.),(0.,0.02),.UNSPECIFIED.);
#8130=B_SPLINE_SURFACE_WITH_KNOTS('',2,1,((#13320,#13321),(#13322,#13323),
(#13324,#13325),(#13326,#13327)),.UNSPECIFIED.,.F.,.F.,.F.,(3,1,3),(2,2),
(0.,1.,2.),(0.,0.02),.UNSPECIFIED.);
#8131=B_SPLINE_SURFACE_WITH_KNOTS('',2,1,((#13334,#13335),(#13336,#13337),
(#13338,#13339),(#13340,#13341)),.UNSPECIFIED.,.F.,.F.,.F.,(3,1,3),(2,2),
(0.,1.,2.),(0.,0.02),.UNSPECIFIED.);
#8132=B_SPLINE_SURFACE_WITH_KNOTS('',2,1,((#13352,#13353),(#13354,#13355),
(#13356,#13357)),.UNSPECIFIED.,.F.,.F.,.F.,(3,3),(2,2),(0.,1.),(0.,0.02),
 .UNSPECIFIED.);
#8133=B_SPLINE_SURFACE_WITH_KNOTS('',2,1,((#13363,#13364),(#13365,#13366),
(#13367,#13368)),.UNSPECIFIED.,.F.,.F.,.F.,(3,3),(2,2),(0.,1.),(0.,0.02),
 .UNSPECIFIED.);
#8134=B_SPLINE_SURFACE_WITH_KNOTS('',2,1,((#13374,#13375),(#13376,#13377),
(#13378,#13379)),.UNSPECIFIED.,.F.,.F.,.F.,(3,3),(2,2),(0.,1.),(0.,0.02),
 .UNSPECIFIED.);
#8135=B_SPLINE_SURFACE_WITH_KNOTS('',2,1,((#13388,#13389),(#13390,#13391),
(#13392,#13393),(#13394,#13395)),.UNSPECIFIED.,.F.,.F.,.F.,(3,1,3),(2,2),
(0.,1.,2.),(0.,0.02),.UNSPECIFIED.);
#8136=B_SPLINE_SURFACE_WITH_KNOTS('',2,1,((#13404,#13405),(#13406,#13407),
(#13408,#13409),(#13410,#13411)),.UNSPECIFIED.,.F.,.F.,.F.,(3,1,3),(2,2),
(0.,1.,2.),(0.,0.02),.UNSPECIFIED.);
#8137=B_SPLINE_SURFACE_WITH_KNOTS('',2,1,((#13422,#13423),(#13424,#13425),
(#13426,#13427),(#13428,#13429)),.UNSPECIFIED.,.F.,.F.,.F.,(3,1,3),(2,2),
(0.,1.,2.),(0.,0.02),.UNSPECIFIED.);
#8138=B_SPLINE_SURFACE_WITH_KNOTS('',2,1,((#13436,#13437),(#13438,#13439),
(#13440,#13441)),.UNSPECIFIED.,.F.,.F.,.F.,(3,3),(2,2),(0.,1.),(0.,0.02),
 .UNSPECIFIED.);
#8139=B_SPLINE_SURFACE_WITH_KNOTS('',2,1,((#13447,#13448),(#13449,#13450),
(#13451,#13452)),.UNSPECIFIED.,.F.,.F.,.F.,(3,3),(2,2),(0.,1.),(0.,0.02),
 .UNSPECIFIED.);
#8140=B_SPLINE_SURFACE_WITH_KNOTS('',2,1,((#13467,#13468),(#13469,#13470),
(#13471,#13472),(#13473,#13474)),.UNSPECIFIED.,.F.,.F.,.F.,(3,1,3),(2,2),
(0.,1.,2.),(0.,0.02),.UNSPECIFIED.);
#8141=B_SPLINE_SURFACE_WITH_KNOTS('',2,1,((#13485,#13486),(#13487,#13488),
(#13489,#13490)),.UNSPECIFIED.,.F.,.F.,.F.,(3,3),(2,2),(0.,1.),(0.,0.02),
 .UNSPECIFIED.);
#8142=B_SPLINE_SURFACE_WITH_KNOTS('',2,1,((#13500,#13501),(#13502,#13503),
(#13504,#13505),(#13506,#13507)),.UNSPECIFIED.,.F.,.F.,.F.,(3,1,3),(2,2),
(0.,1.,2.),(0.,0.02),.UNSPECIFIED.);
#8143=B_SPLINE_SURFACE_WITH_KNOTS('',2,1,((#13514,#13515),(#13516,#13517),
(#13518,#13519)),.UNSPECIFIED.,.F.,.F.,.F.,(3,3),(2,2),(0.,1.),(0.,0.02),
 .UNSPECIFIED.);
#8144=B_SPLINE_SURFACE_WITH_KNOTS('',2,1,((#13525,#13526),(#13527,#13528),
(#13529,#13530)),.UNSPECIFIED.,.F.,.F.,.F.,(3,3),(2,2),(0.,1.),(0.,0.02),
 .UNSPECIFIED.);
#8145=B_SPLINE_SURFACE_WITH_KNOTS('',2,1,((#13544,#13545),(#13546,#13547),
(#13548,#13549),(#13550,#13551)),.UNSPECIFIED.,.F.,.F.,.F.,(3,1,3),(2,2),
(0.,1.,2.),(0.,0.02),.UNSPECIFIED.);
#8146=B_SPLINE_SURFACE_WITH_KNOTS('',2,1,((#13562,#13563),(#13564,#13565),
(#13566,#13567),(#13568,#13569)),.UNSPECIFIED.,.F.,.F.,.F.,(3,1,3),(2,2),
(0.,1.,2.),(0.,0.02),.UNSPECIFIED.);
#8147=B_SPLINE_SURFACE_WITH_KNOTS('',2,1,((#13576,#13577),(#13578,#13579),
(#13580,#13581)),.UNSPECIFIED.,.F.,.F.,.F.,(3,3),(2,2),(0.,1.),(0.,0.02),
 .UNSPECIFIED.);
#8148=B_SPLINE_SURFACE_WITH_KNOTS('',2,1,((#13587,#13588),(#13589,#13590),
(#13591,#13592)),.UNSPECIFIED.,.F.,.F.,.F.,(3,3),(2,2),(0.,1.),(0.,0.02),
 .UNSPECIFIED.);
#8149=B_SPLINE_SURFACE_WITH_KNOTS('',2,1,((#13603,#13604),(#13605,#13606),
(#13607,#13608),(#13609,#13610)),.UNSPECIFIED.,.F.,.F.,.F.,(3,1,3),(2,2),
(0.,1.,2.),(0.,0.02),.UNSPECIFIED.);
#8150=B_SPLINE_SURFACE_WITH_KNOTS('',2,1,((#13617,#13618),(#13619,#13620),
(#13621,#13622)),.UNSPECIFIED.,.F.,.F.,.F.,(3,3),(2,2),(0.,1.),(0.,0.02),
 .UNSPECIFIED.);
#8151=B_SPLINE_SURFACE_WITH_KNOTS('',2,1,((#13628,#13629),(#13630,#13631),
(#13632,#13633)),.UNSPECIFIED.,.F.,.F.,.F.,(3,3),(2,2),(0.,1.),(0.,0.02),
 .UNSPECIFIED.);
#8152=B_SPLINE_SURFACE_WITH_KNOTS('',2,1,((#13655,#13656),(#13657,#13658),
(#13659,#13660)),.UNSPECIFIED.,.F.,.F.,.F.,(3,3),(2,2),(0.,1.),(0.,0.02),
 .UNSPECIFIED.);
#8153=B_SPLINE_SURFACE_WITH_KNOTS('',2,1,((#13666,#13667),(#13668,#13669),
(#13670,#13671)),.UNSPECIFIED.,.F.,.F.,.F.,(3,3),(2,2),(0.,1.),(0.,0.02),
 .UNSPECIFIED.);
#8154=B_SPLINE_SURFACE_WITH_KNOTS('',2,1,((#13677,#13678),(#13679,#13680),
(#13681,#13682)),.UNSPECIFIED.,.F.,.F.,.F.,(3,3),(2,2),(0.,1.),(0.,0.02),
 .UNSPECIFIED.);
#8155=B_SPLINE_SURFACE_WITH_KNOTS('',2,1,((#13692,#13693),(#13694,#13695),
(#13696,#13697)),.UNSPECIFIED.,.F.,.F.,.F.,(3,3),(2,2),(0.,1.),(0.,0.02),
 .UNSPECIFIED.);
#8156=B_SPLINE_SURFACE_WITH_KNOTS('',2,1,((#13715,#13716),(#13717,#13718),
(#13719,#13720)),.UNSPECIFIED.,.F.,.F.,.F.,(3,3),(2,2),(0.,1.),(0.,0.02),
 .UNSPECIFIED.);
#8157=B_SPLINE_SURFACE_WITH_KNOTS('',2,1,((#13734,#13735),(#13736,#13737),
(#13738,#13739),(#13740,#13741)),.UNSPECIFIED.,.F.,.F.,.F.,(3,1,3),(2,2),
(0.,1.,2.),(0.,0.02),.UNSPECIFIED.);
#8158=B_SPLINE_SURFACE_WITH_KNOTS('',2,1,((#13748,#13749),(#13750,#13751),
(#13752,#13753)),.UNSPECIFIED.,.F.,.F.,.F.,(3,3),(2,2),(0.,1.),(0.,0.02),
 .UNSPECIFIED.);
#8159=B_SPLINE_SURFACE_WITH_KNOTS('',2,1,((#13759,#13760),(#13761,#13762),
(#13763,#13764)),.UNSPECIFIED.,.F.,.F.,.F.,(3,3),(2,2),(0.,1.),(0.,0.02),
 .UNSPECIFIED.);
#8160=B_SPLINE_SURFACE_WITH_KNOTS('',2,1,((#13778,#13779),(#13780,#13781),
(#13782,#13783),(#13784,#13785)),.UNSPECIFIED.,.F.,.F.,.F.,(3,1,3),(2,2),
(0.,1.,2.),(0.,0.02),.UNSPECIFIED.);
#8161=B_SPLINE_SURFACE_WITH_KNOTS('',2,1,((#13792,#13793),(#13794,#13795),
(#13796,#13797),(#13798,#13799)),.UNSPECIFIED.,.F.,.F.,.F.,(3,1,3),(2,2),
(0.,1.,2.),(0.,0.02),.UNSPECIFIED.);
#8162=B_SPLINE_SURFACE_WITH_KNOTS('',2,1,((#13809,#13810),(#13811,#13812),
(#13813,#13814),(#13815,#13816)),.UNSPECIFIED.,.F.,.F.,.F.,(3,1,3),(2,2),
(-2.,-1.,0.),(0.,0.02),.UNSPECIFIED.);
#8163=B_SPLINE_SURFACE_WITH_KNOTS('',2,1,((#13837,#13838),(#13839,#13840),
(#13841,#13842),(#13843,#13844)),.UNSPECIFIED.,.F.,.F.,.F.,(3,1,3),(2,2),
(-2.,-1.,0.),(0.,0.02),.UNSPECIFIED.);
#8164=B_SPLINE_SURFACE_WITH_KNOTS('',2,1,((#13862,#13863),(#13864,#13865),
(#13866,#13867),(#13868,#13869)),.UNSPECIFIED.,.F.,.F.,.F.,(3,1,3),(2,2),
(-2.,-1.,0.),(0.,0.02),.UNSPECIFIED.);
#8165=B_SPLINE_SURFACE_WITH_KNOTS('',2,1,((#13887,#13888),(#13889,#13890),
(#13891,#13892),(#13893,#13894)),.UNSPECIFIED.,.F.,.F.,.F.,(3,1,3),(2,2),
(-2.,-1.,0.),(0.,0.02),.UNSPECIFIED.);
#8166=B_SPLINE_SURFACE_WITH_KNOTS('',2,1,((#13915,#13916),(#13917,#13918),
(#13919,#13920),(#13921,#13922)),.UNSPECIFIED.,.F.,.F.,.F.,(3,1,3),(2,2),
(0.,1.,2.),(0.,0.02),.UNSPECIFIED.);
#8167=B_SPLINE_SURFACE_WITH_KNOTS('',2,1,((#13933,#13934),(#13935,#13936),
(#13937,#13938),(#13939,#13940)),.UNSPECIFIED.,.F.,.F.,.F.,(3,1,3),(2,2),
(0.,1.,2.),(0.,0.02),.UNSPECIFIED.);
#8168=B_SPLINE_SURFACE_WITH_KNOTS('',2,1,((#13951,#13952),(#13953,#13954),
(#13955,#13956),(#13957,#13958)),.UNSPECIFIED.,.F.,.F.,.F.,(3,1,3),(2,2),
(0.,1.,2.),(0.,0.02),.UNSPECIFIED.);
#8169=B_SPLINE_SURFACE_WITH_KNOTS('',2,1,((#13969,#13970),(#13971,#13972),
(#13973,#13974),(#13975,#13976)),.UNSPECIFIED.,.F.,.F.,.F.,(3,1,3),(2,2),
(0.,1.,2.),(0.,0.02),.UNSPECIFIED.);
#8170=B_SPLINE_SURFACE_WITH_KNOTS('',2,1,((#13988,#13989),(#13990,#13991),
(#13992,#13993)),.UNSPECIFIED.,.F.,.F.,.F.,(3,3),(2,2),(0.,1.),(0.,0.02),
 .UNSPECIFIED.);
#8171=B_SPLINE_SURFACE_WITH_KNOTS('',2,1,((#13999,#14000),(#14001,#14002),
(#14003,#14004)),.UNSPECIFIED.,.F.,.F.,.F.,(3,3),(2,2),(0.,1.),(0.,0.02),
 .UNSPECIFIED.);
#8172=B_SPLINE_SURFACE_WITH_KNOTS('',2,1,((#14010,#14011),(#14012,#14013),
(#14014,#14015),(#14016,#14017)),.UNSPECIFIED.,.F.,.F.,.F.,(3,1,3),(2,2),
(0.,1.,2.),(0.,0.02),.UNSPECIFIED.);
#8173=B_SPLINE_SURFACE_WITH_KNOTS('',2,1,((#14028,#14029),(#14030,#14031),
(#14032,#14033)),.UNSPECIFIED.,.F.,.F.,.F.,(3,3),(2,2),(0.,1.),(0.,0.02),
 .UNSPECIFIED.);
#8174=B_SPLINE_SURFACE_WITH_KNOTS('',2,1,((#14039,#14040),(#14041,#14042),
(#14043,#14044)),.UNSPECIFIED.,.F.,.F.,.F.,(3,3),(2,2),(0.,1.),(0.,0.02),
 .UNSPECIFIED.);
#8175=B_SPLINE_SURFACE_WITH_KNOTS('',2,1,((#14050,#14051),(#14052,#14053),
(#14054,#14055)),.UNSPECIFIED.,.F.,.F.,.F.,(3,3),(2,2),(0.,1.),(0.,0.02),
 .UNSPECIFIED.);
#8176=B_SPLINE_SURFACE_WITH_KNOTS('',2,1,((#14061,#14062),(#14063,#14064),
(#14065,#14066)),.UNSPECIFIED.,.F.,.F.,.F.,(3,3),(2,2),(0.,1.),(0.,0.02),
 .UNSPECIFIED.);
#8177=B_SPLINE_SURFACE_WITH_KNOTS('',2,1,((#14080,#14081),(#14082,#14083),
(#14084,#14085),(#14086,#14087)),.UNSPECIFIED.,.F.,.F.,.F.,(3,1,3),(2,2),
(0.,1.,2.),(0.,0.02),.UNSPECIFIED.);
#8178=B_SPLINE_SURFACE_WITH_KNOTS('',2,1,((#14094,#14095),(#14096,#14097),
(#14098,#14099)),.UNSPECIFIED.,.F.,.F.,.F.,(3,3),(2,2),(0.,1.),(0.,0.02),
 .UNSPECIFIED.);
#8179=B_SPLINE_SURFACE_WITH_KNOTS('',2,1,((#14105,#14106),(#14107,#14108),
(#14109,#14110)),.UNSPECIFIED.,.F.,.F.,.F.,(3,3),(2,2),(0.,1.),(0.,0.02),
 .UNSPECIFIED.);
#8180=B_SPLINE_SURFACE_WITH_KNOTS('',2,1,((#14125,#14126),(#14127,#14128),
(#14129,#14130),(#14131,#14132)),.UNSPECIFIED.,.F.,.F.,.F.,(3,1,3),(2,2),
(0.,1.,2.),(0.,0.02),.UNSPECIFIED.);
#8181=B_SPLINE_SURFACE_WITH_KNOTS('',2,1,((#14139,#14140),(#14141,#14142),
(#14143,#14144),(#14145,#14146)),.UNSPECIFIED.,.F.,.F.,.F.,(3,1,3),(2,2),
(0.,1.,2.),(0.,0.02),.UNSPECIFIED.);
#8182=B_SPLINE_SURFACE_WITH_KNOTS('',2,1,((#14157,#14158),(#14159,#14160),
(#14161,#14162)),.UNSPECIFIED.,.F.,.F.,.F.,(3,3),(2,2),(0.,1.),(0.,0.02),
 .UNSPECIFIED.);
#8183=B_SPLINE_SURFACE_WITH_KNOTS('',2,1,((#14172,#14173),(#14174,#14175),
(#14176,#14177),(#14178,#14179)),.UNSPECIFIED.,.F.,.F.,.F.,(3,1,3),(2,2),
(0.,1.,2.),(0.,0.02),.UNSPECIFIED.);
#8184=B_SPLINE_SURFACE_WITH_KNOTS('',2,1,((#14186,#14187),(#14188,#14189),
(#14190,#14191)),.UNSPECIFIED.,.F.,.F.,.F.,(3,3),(2,2),(0.,1.),(0.,0.02),
 .UNSPECIFIED.);
#8185=B_SPLINE_SURFACE_WITH_KNOTS('',2,1,((#14197,#14198),(#14199,#14200),
(#14201,#14202)),.UNSPECIFIED.,.F.,.F.,.F.,(3,3),(2,2),(0.,1.),(0.,0.02),
 .UNSPECIFIED.);
#8186=B_SPLINE_SURFACE_WITH_KNOTS('',2,1,((#14216,#14217),(#14218,#14219),
(#14220,#14221),(#14222,#14223)),.UNSPECIFIED.,.F.,.F.,.F.,(3,1,3),(2,2),
(0.,1.,2.),(0.,0.02),.UNSPECIFIED.);
#8187=B_SPLINE_SURFACE_WITH_KNOTS('',2,1,((#14230,#14231),(#14232,#14233),
(#14234,#14235)),.UNSPECIFIED.,.F.,.F.,.F.,(3,3),(2,2),(0.,1.),(0.,0.02),
 .UNSPECIFIED.);
#8188=B_SPLINE_SURFACE_WITH_KNOTS('',2,1,((#14241,#14242),(#14243,#14244),
(#14245,#14246)),.UNSPECIFIED.,.F.,.F.,.F.,(3,3),(2,2),(0.,1.),(0.,0.02),
 .UNSPECIFIED.);
#8189=B_SPLINE_SURFACE_WITH_KNOTS('',2,1,((#14255,#14256),(#14257,#14258),
(#14259,#14260),(#14261,#14262)),.UNSPECIFIED.,.F.,.F.,.F.,(3,1,3),(2,2),
(0.,1.,2.),(0.,0.02),.UNSPECIFIED.);
#8190=B_SPLINE_SURFACE_WITH_KNOTS('',2,1,((#14271,#14272),(#14273,#14274),
(#14275,#14276)),.UNSPECIFIED.,.F.,.F.,.F.,(3,3),(2,2),(0.,1.),(0.,0.02),
 .UNSPECIFIED.);
#8191=B_SPLINE_SURFACE_WITH_KNOTS('',2,1,((#14282,#14283),(#14284,#14285),
(#14286,#14287),(#14288,#14289)),.UNSPECIFIED.,.F.,.F.,.F.,(3,1,3),(2,2),
(0.,1.,2.),(0.,0.02),.UNSPECIFIED.);
#8192=B_SPLINE_SURFACE_WITH_KNOTS('',2,1,((#14296,#14297),(#14298,#14299),
(#14300,#14301),(#14302,#14303)),.UNSPECIFIED.,.F.,.F.,.F.,(3,1,3),(2,2),
(0.,1.,2.),(0.,0.02),.UNSPECIFIED.);
#8193=B_SPLINE_SURFACE_WITH_KNOTS('',2,1,((#14314,#14315),(#14316,#14317),
(#14318,#14319)),.UNSPECIFIED.,.F.,.F.,.F.,(3,3),(2,2),(0.,1.),(0.,0.02),
 .UNSPECIFIED.);
#8194=B_SPLINE_SURFACE_WITH_KNOTS('',2,1,((#14325,#14326),(#14327,#14328),
(#14329,#14330)),.UNSPECIFIED.,.F.,.F.,.F.,(3,3),(2,2),(0.,1.),(0.,0.02),
 .UNSPECIFIED.);
#8195=B_SPLINE_SURFACE_WITH_KNOTS('',2,1,((#14336,#14337),(#14338,#14339),
(#14340,#14341),(#14342,#14343)),.UNSPECIFIED.,.F.,.F.,.F.,(3,1,3),(2,2),
(0.,1.,2.),(0.,0.02),.UNSPECIFIED.);
#8196=B_SPLINE_SURFACE_WITH_KNOTS('',2,1,((#14350,#14351),(#14352,#14353),
(#14354,#14355)),.UNSPECIFIED.,.F.,.F.,.F.,(3,3),(2,2),(0.,1.),(0.,0.02),
 .UNSPECIFIED.);
#8197=B_SPLINE_SURFACE_WITH_KNOTS('',2,1,((#14361,#14362),(#14363,#14364),
(#14365,#14366)),.UNSPECIFIED.,.F.,.F.,.F.,(3,3),(2,2),(0.,1.),(0.,0.02),
 .UNSPECIFIED.);
#8198=B_SPLINE_SURFACE_WITH_KNOTS('',2,1,((#14372,#14373),(#14374,#14375),
(#14376,#14377),(#14378,#14379)),.UNSPECIFIED.,.F.,.F.,.F.,(3,1,3),(2,2),
(0.,1.,2.),(0.,0.02),.UNSPECIFIED.);
#8199=B_SPLINE_SURFACE_WITH_KNOTS('',2,1,((#14386,#14387),(#14388,#14389),
(#14390,#14391)),.UNSPECIFIED.,.F.,.F.,.F.,(3,3),(2,2),(0.,1.),(0.,0.02),
 .UNSPECIFIED.);
#8200=B_SPLINE_SURFACE_WITH_KNOTS('',2,1,((#14397,#14398),(#14399,#14400),
(#14401,#14402),(#14403,#14404)),.UNSPECIFIED.,.F.,.F.,.F.,(3,1,3),(2,2),
(0.,1.,2.),(0.,0.02),.UNSPECIFIED.);
#8201=B_SPLINE_SURFACE_WITH_KNOTS('',2,1,((#14411,#14412),(#14413,#14414),
(#14415,#14416)),.UNSPECIFIED.,.F.,.F.,.F.,(3,3),(2,2),(0.,1.),(0.,0.02),
 .UNSPECIFIED.);
#8202=B_SPLINE_SURFACE_WITH_KNOTS('',2,1,((#14422,#14423),(#14424,#14425),
(#14426,#14427),(#14428,#14429)),.UNSPECIFIED.,.F.,.F.,.F.,(3,1,3),(2,2),
(0.,1.,2.),(0.,0.02),.UNSPECIFIED.);
#8203=B_SPLINE_SURFACE_WITH_KNOTS('',2,1,((#14436,#14437),(#14438,#14439),
(#14440,#14441)),.UNSPECIFIED.,.F.,.F.,.F.,(3,3),(2,2),(0.,1.),(0.,0.02),
 .UNSPECIFIED.);
#8204=B_SPLINE_SURFACE_WITH_KNOTS('',2,1,((#14447,#14448),(#14449,#14450),
(#14451,#14452)),.UNSPECIFIED.,.F.,.F.,.F.,(3,3),(2,2),(0.,1.),(0.,0.02),
 .UNSPECIFIED.);
#8205=B_SPLINE_SURFACE_WITH_KNOTS('',2,1,((#14458,#14459),(#14460,#14461),
(#14462,#14463)),.UNSPECIFIED.,.F.,.F.,.F.,(3,3),(2,2),(0.,1.),(0.,0.02),
 .UNSPECIFIED.);
#8206=B_SPLINE_SURFACE_WITH_KNOTS('',2,1,((#14469,#14470),(#14471,#14472),
(#14473,#14474),(#14475,#14476)),.UNSPECIFIED.,.F.,.F.,.F.,(3,1,3),(2,2),
(0.,1.,2.),(0.,0.02),.UNSPECIFIED.);
#8207=B_SPLINE_SURFACE_WITH_KNOTS('',2,1,((#14483,#14484),(#14485,#14486),
(#14487,#14488),(#14489,#14490)),.UNSPECIFIED.,.F.,.F.,.F.,(3,1,3),(2,2),
(0.,1.,2.),(0.,0.02),.UNSPECIFIED.);
#8208=B_SPLINE_SURFACE_WITH_KNOTS('',2,1,((#14501,#14502),(#14503,#14504),
(#14505,#14506)),.UNSPECIFIED.,.F.,.F.,.F.,(3,3),(2,2),(0.,1.),(0.,0.02),
 .UNSPECIFIED.);
#8209=B_SPLINE_SURFACE_WITH_KNOTS('',2,1,((#14512,#14513),(#14514,#14515),
(#14516,#14517)),.UNSPECIFIED.,.F.,.F.,.F.,(3,3),(2,2),(0.,1.),(0.,0.02),
 .UNSPECIFIED.);
#8210=B_SPLINE_SURFACE_WITH_KNOTS('',2,1,((#14527,#14528),(#14529,#14530),
(#14531,#14532)),.UNSPECIFIED.,.F.,.F.,.F.,(3,3),(2,2),(0.,1.),(0.,0.02),
 .UNSPECIFIED.);
#8211=B_SPLINE_SURFACE_WITH_KNOTS('',2,1,((#14538,#14539),(#14540,#14541),
(#14542,#14543)),.UNSPECIFIED.,.F.,.F.,.F.,(3,3),(2,2),(0.,1.),(0.,0.02),
 .UNSPECIFIED.);
#8212=B_SPLINE_SURFACE_WITH_KNOTS('',2,1,((#14549,#14550),(#14551,#14552),
(#14553,#14554)),.UNSPECIFIED.,.F.,.F.,.F.,(3,3),(2,2),(0.,1.),(0.,0.02),
 .UNSPECIFIED.);
#8213=B_SPLINE_SURFACE_WITH_KNOTS('',2,1,((#14560,#14561),(#14562,#14563),
(#14564,#14565)),.UNSPECIFIED.,.F.,.F.,.F.,(3,3),(2,2),(0.,1.),(0.,0.02),
 .UNSPECIFIED.);
#8214=B_SPLINE_SURFACE_WITH_KNOTS('',2,1,((#14571,#14572),(#14573,#14574),
(#14575,#14576),(#14577,#14578)),.UNSPECIFIED.,.F.,.F.,.F.,(3,1,3),(2,2),
(0.,1.,2.),(0.,0.02),.UNSPECIFIED.);
#8215=B_SPLINE_SURFACE_WITH_KNOTS('',2,1,((#14585,#14586),(#14587,#14588),
(#14589,#14590)),.UNSPECIFIED.,.F.,.F.,.F.,(3,3),(2,2),(0.,1.),(0.,0.02),
 .UNSPECIFIED.);
#8216=B_SPLINE_SURFACE_WITH_KNOTS('',2,1,((#14596,#14597),(#14598,#14599),
(#14600,#14601)),.UNSPECIFIED.,.F.,.F.,.F.,(3,3),(2,2),(0.,1.),(0.,0.02),
 .UNSPECIFIED.);
#8217=B_SPLINE_SURFACE_WITH_KNOTS('',2,1,((#14612,#14613),(#14614,#14615),
(#14616,#14617),(#14618,#14619)),.UNSPECIFIED.,.F.,.F.,.F.,(3,1,3),(2,2),
(0.,1.,2.),(0.,0.02),.UNSPECIFIED.);
#8218=B_SPLINE_SURFACE_WITH_KNOTS('',2,1,((#14626,#14627),(#14628,#14629),
(#14630,#14631)),.UNSPECIFIED.,.F.,.F.,.F.,(3,3),(2,2),(0.,1.),(0.,0.02),
 .UNSPECIFIED.);
#8219=B_SPLINE_SURFACE_WITH_KNOTS('',2,1,((#14637,#14638),(#14639,#14640),
(#14641,#14642)),.UNSPECIFIED.,.F.,.F.,.F.,(3,3),(2,2),(0.,1.),(0.,0.02),
 .UNSPECIFIED.);
#8220=B_SPLINE_SURFACE_WITH_KNOTS('',2,1,((#14652,#14653),(#14654,#14655),
(#14656,#14657),(#14658,#14659)),.UNSPECIFIED.,.F.,.F.,.F.,(3,1,3),(2,2),
(0.,1.,2.),(0.,0.02),.UNSPECIFIED.);
#8221=B_SPLINE_SURFACE_WITH_KNOTS('',2,1,((#14670,#14671),(#14672,#14673),
(#14674,#14675)),.UNSPECIFIED.,.F.,.F.,.F.,(3,3),(2,2),(0.,1.),(0.,0.02),
 .UNSPECIFIED.);
#8222=B_SPLINE_SURFACE_WITH_KNOTS('',2,1,((#14681,#14682),(#14683,#14684),
(#14685,#14686)),.UNSPECIFIED.,.F.,.F.,.F.,(3,3),(2,2),(0.,1.),(0.,0.02),
 .UNSPECIFIED.);
#8223=B_SPLINE_SURFACE_WITH_KNOTS('',2,1,((#14692,#14693),(#14694,#14695),
(#14696,#14697)),.UNSPECIFIED.,.F.,.F.,.F.,(3,3),(2,2),(0.,1.),(0.,0.02),
 .UNSPECIFIED.);
#8224=B_SPLINE_SURFACE_WITH_KNOTS('',2,1,((#14707,#14708),(#14709,#14710),
(#14711,#14712),(#14713,#14714)),.UNSPECIFIED.,.F.,.F.,.F.,(3,1,3),(2,2),
(0.,1.,2.),(0.,0.02),.UNSPECIFIED.);
#8225=B_SPLINE_SURFACE_WITH_KNOTS('',2,1,((#14721,#14722),(#14723,#14724),
(#14725,#14726)),.UNSPECIFIED.,.F.,.F.,.F.,(3,3),(2,2),(0.,1.),(0.,0.02),
 .UNSPECIFIED.);
#8226=B_SPLINE_SURFACE_WITH_KNOTS('',2,1,((#14732,#14733),(#14734,#14735),
(#14736,#14737)),.UNSPECIFIED.,.F.,.F.,.F.,(3,3),(2,2),(0.,1.),(0.,0.02),
 .UNSPECIFIED.);
#8227=B_SPLINE_SURFACE_WITH_KNOTS('',2,1,((#14747,#14748),(#14749,#14750),
(#14751,#14752),(#14753,#14754)),.UNSPECIFIED.,.F.,.F.,.F.,(3,1,3),(2,2),
(0.,1.,2.),(0.,0.02),.UNSPECIFIED.);
#8228=B_SPLINE_SURFACE_WITH_KNOTS('',2,1,((#14765,#14766),(#14767,#14768),
(#14769,#14770),(#14771,#14772)),.UNSPECIFIED.,.F.,.F.,.F.,(3,1,3),(2,2),
(0.,1.,2.),(0.,0.02),.UNSPECIFIED.);
#8229=B_SPLINE_SURFACE_WITH_KNOTS('',2,1,((#14778,#14779),(#14780,#14781),
(#14782,#14783)),.UNSPECIFIED.,.F.,.F.,.F.,(3,3),(2,2),(0.,1.),(0.,0.02),
 .UNSPECIFIED.);
#8230=B_SPLINE_SURFACE_WITH_KNOTS('',2,1,((#14791,#14792),(#14793,#14794),
(#14795,#14796),(#14797,#14798)),.UNSPECIFIED.,.F.,.F.,.F.,(3,1,3),(2,2),
(0.,1.,2.),(0.,0.02),.UNSPECIFIED.);
#8231=B_SPLINE_SURFACE_WITH_KNOTS('',2,1,((#14805,#14806),(#14807,#14808),
(#14809,#14810),(#14811,#14812)),.UNSPECIFIED.,.F.,.F.,.F.,(3,1,3),(2,2),
(0.,1.,2.),(0.,0.02),.UNSPECIFIED.);
#8232=B_SPLINE_SURFACE_WITH_KNOTS('',2,1,((#14819,#14820),(#14821,#14822),
(#14823,#14824)),.UNSPECIFIED.,.F.,.F.,.F.,(3,3),(2,2),(0.,1.),(0.,0.02),
 .UNSPECIFIED.);
#8233=B_SPLINE_SURFACE_WITH_KNOTS('',2,1,((#14830,#14831),(#14832,#14833),
(#14834,#14835)),.UNSPECIFIED.,.F.,.F.,.F.,(3,3),(2,2),(0.,1.),(0.,0.02),
 .UNSPECIFIED.);
#8234=B_SPLINE_SURFACE_WITH_KNOTS('',2,1,((#14841,#14842),(#14843,#14844),
(#14845,#14846),(#14847,#14848)),.UNSPECIFIED.,.F.,.F.,.F.,(3,1,3),(2,2),
(0.,1.,2.),(0.,0.02),.UNSPECIFIED.);
#8235=B_SPLINE_SURFACE_WITH_KNOTS('',2,1,((#14859,#14860),(#14861,#14862),
(#14863,#14864)),.UNSPECIFIED.,.F.,.F.,.F.,(3,3),(2,2),(0.,1.),(0.,0.02),
 .UNSPECIFIED.);
#8236=B_SPLINE_SURFACE_WITH_KNOTS('',2,1,((#14870,#14871),(#14872,#14873),
(#14874,#14875)),.UNSPECIFIED.,.F.,.F.,.F.,(3,3),(2,2),(0.,1.),(0.,0.02),
 .UNSPECIFIED.);
#8237=B_SPLINE_SURFACE_WITH_KNOTS('',2,1,((#14881,#14882),(#14883,#14884),
(#14885,#14886)),.UNSPECIFIED.,.F.,.F.,.F.,(3,3),(2,2),(0.,1.),(0.,0.02),
 .UNSPECIFIED.);
#8238=B_SPLINE_SURFACE_WITH_KNOTS('',2,1,((#14892,#14893),(#14894,#14895),
(#14896,#14897),(#14898,#14899)),.UNSPECIFIED.,.F.,.F.,.F.,(3,1,3),(2,2),
(0.,1.,2.),(0.,0.02),.UNSPECIFIED.);
#8239=B_SPLINE_SURFACE_WITH_KNOTS('',2,1,((#14906,#14907),(#14908,#14909),
(#14910,#14911)),.UNSPECIFIED.,.F.,.F.,.F.,(3,3),(2,2),(0.,1.),(0.,0.02),
 .UNSPECIFIED.);
#8240=B_SPLINE_SURFACE_WITH_KNOTS('',2,1,((#14917,#14918),(#14919,#14920),
(#14921,#14922)),.UNSPECIFIED.,.F.,.F.,.F.,(3,3),(2,2),(0.,1.),(0.,0.02),
 .UNSPECIFIED.);
#8241=B_SPLINE_SURFACE_WITH_KNOTS('',2,1,((#14932,#14933),(#14934,#14935),
(#14936,#14937)),.UNSPECIFIED.,.F.,.F.,.F.,(3,3),(2,2),(0.,1.),(0.,0.02),
 .UNSPECIFIED.);
#8242=B_SPLINE_SURFACE_WITH_KNOTS('',2,1,((#14943,#14944),(#14945,#14946),
(#14947,#14948)),.UNSPECIFIED.,.F.,.F.,.F.,(3,3),(2,2),(0.,1.),(0.,0.02),
 .UNSPECIFIED.);
#8243=B_SPLINE_SURFACE_WITH_KNOTS('',2,1,((#14958,#14959),(#14960,#14961),
(#14962,#14963),(#14964,#14965)),.UNSPECIFIED.,.F.,.F.,.F.,(3,1,3),(2,2),
(0.,1.,2.),(0.,0.02),.UNSPECIFIED.);
#8244=B_SPLINE_SURFACE_WITH_KNOTS('',2,1,((#14972,#14973),(#14974,#14975),
(#14976,#14977),(#14978,#14979)),.UNSPECIFIED.,.F.,.F.,.F.,(3,1,3),(2,2),
(0.,1.,2.),(0.,0.02),.UNSPECIFIED.);
#8245=B_SPLINE_SURFACE_WITH_KNOTS('',2,1,((#14993,#14994),(#14995,#14996),
(#14997,#14998),(#14999,#15000)),.UNSPECIFIED.,.F.,.F.,.F.,(3,1,3),(2,2),
(0.,1.,2.),(0.,0.02),.UNSPECIFIED.);
#8246=B_SPLINE_SURFACE_WITH_KNOTS('',2,1,((#15009,#15010),(#15011,#15012),
(#15013,#15014),(#15015,#15016)),.UNSPECIFIED.,.F.,.F.,.F.,(3,1,3),(2,2),
(0.,1.,2.),(0.,0.02),.UNSPECIFIED.);
#8247=B_SPLINE_SURFACE_WITH_KNOTS('',2,1,((#15027,#15028),(#15029,#15030),
(#15031,#15032)),.UNSPECIFIED.,.F.,.F.,.F.,(3,3),(2,2),(0.,1.),(0.,0.02),
 .UNSPECIFIED.);
#8248=B_SPLINE_SURFACE_WITH_KNOTS('',2,1,((#15038,#15039),(#15040,#15041),
(#15042,#15043)),.UNSPECIFIED.,.F.,.F.,.F.,(3,3),(2,2),(0.,1.),(0.,0.02),
 .UNSPECIFIED.);
#8249=B_SPLINE_SURFACE_WITH_KNOTS('',2,1,((#15049,#15050),(#15051,#15052),
(#15053,#15054)),.UNSPECIFIED.,.F.,.F.,.F.,(3,3),(2,2),(0.,1.),(0.,0.02),
 .UNSPECIFIED.);
#8250=B_SPLINE_SURFACE_WITH_KNOTS('',2,1,((#15064,#15065),(#15066,#15067),
(#15068,#15069),(#15070,#15071)),.UNSPECIFIED.,.F.,.F.,.F.,(3,1,3),(2,2),
(0.,1.,2.),(0.,0.02),.UNSPECIFIED.);
#8251=B_SPLINE_SURFACE_WITH_KNOTS('',2,1,((#15078,#15079),(#15080,#15081),
(#15082,#15083)),.UNSPECIFIED.,.F.,.F.,.F.,(3,3),(2,2),(0.,1.),(0.,0.02),
 .UNSPECIFIED.);
#8252=B_SPLINE_SURFACE_WITH_KNOTS('',2,1,((#15093,#15094),(#15095,#15096),
(#15097,#15098),(#15099,#15100)),.UNSPECIFIED.,.F.,.F.,.F.,(3,1,3),(2,2),
(0.,1.,2.),(0.,0.02),.UNSPECIFIED.);
#8253=B_SPLINE_SURFACE_WITH_KNOTS('',2,1,((#15107,#15108),(#15109,#15110),
(#15111,#15112),(#15113,#15114)),.UNSPECIFIED.,.F.,.F.,.F.,(3,1,3),(2,2),
(0.,1.,2.),(0.,0.02),.UNSPECIFIED.);
#8254=B_SPLINE_SURFACE_WITH_KNOTS('',2,1,((#15125,#15126),(#15127,#15128),
(#15129,#15130),(#15131,#15132)),.UNSPECIFIED.,.F.,.F.,.F.,(3,1,3),(2,2),
(0.,1.,2.),(0.,0.02),.UNSPECIFIED.);
#8255=B_SPLINE_SURFACE_WITH_KNOTS('',2,1,((#15143,#15144),(#15145,#15146),
(#15147,#15148),(#15149,#15150)),.UNSPECIFIED.,.F.,.F.,.F.,(3,1,3),(2,2),
(0.,1.,2.),(0.,0.02),.UNSPECIFIED.);
#8256=B_SPLINE_SURFACE_WITH_KNOTS('',2,1,((#15160,#15161),(#15162,#15163),
(#15164,#15165),(#15166,#15167)),.UNSPECIFIED.,.F.,.F.,.F.,(3,1,3),(2,2),
(0.,1.,2.),(0.,0.02),.UNSPECIFIED.);
#8257=B_SPLINE_SURFACE_WITH_KNOTS('',2,1,((#15176,#15177),(#15178,#15179),
(#15180,#15181),(#15182,#15183)),.UNSPECIFIED.,.F.,.F.,.F.,(3,1,3),(2,2),
(0.,1.,2.),(0.,0.02),.UNSPECIFIED.);
#8258=B_SPLINE_SURFACE_WITH_KNOTS('',2,1,((#15194,#15195),(#15196,#15197),
(#15198,#15199)),.UNSPECIFIED.,.F.,.F.,.F.,(3,3),(2,2),(0.,1.),(0.,0.02),
 .UNSPECIFIED.);
#8259=B_SPLINE_SURFACE_WITH_KNOTS('',2,1,((#15205,#15206),(#15207,#15208),
(#15209,#15210)),.UNSPECIFIED.,.F.,.F.,.F.,(3,3),(2,2),(0.,1.),(0.,0.02),
 .UNSPECIFIED.);
#8260=B_SPLINE_SURFACE_WITH_KNOTS('',2,1,((#15216,#15217),(#15218,#15219),
(#15220,#15221)),.UNSPECIFIED.,.F.,.F.,.F.,(3,3),(2,2),(0.,1.),(0.,0.02),
 .UNSPECIFIED.);
#8261=B_SPLINE_SURFACE_WITH_KNOTS('',2,1,((#15231,#15232),(#15233,#15234),
(#15235,#15236),(#15237,#15238)),.UNSPECIFIED.,.F.,.F.,.F.,(3,1,3),(2,2),
(0.,1.,2.),(0.,0.02),.UNSPECIFIED.);
#8262=B_SPLINE_SURFACE_WITH_KNOTS('',2,1,((#15245,#15246),(#15247,#15248),
(#15249,#15250)),.UNSPECIFIED.,.F.,.F.,.F.,(3,3),(2,2),(0.,1.),(0.,0.02),
 .UNSPECIFIED.);
#8263=B_SPLINE_SURFACE_WITH_KNOTS('',2,1,((#15260,#15261),(#15262,#15263),
(#15264,#15265),(#15266,#15267)),.UNSPECIFIED.,.F.,.F.,.F.,(3,1,3),(2,2),
(0.,1.,2.),(0.,0.02),.UNSPECIFIED.);
#8264=B_SPLINE_SURFACE_WITH_KNOTS('',2,1,((#15274,#15275),(#15276,#15277),
(#15278,#15279),(#15280,#15281)),.UNSPECIFIED.,.F.,.F.,.F.,(3,1,3),(2,2),
(0.,1.,2.),(0.,0.02),.UNSPECIFIED.);
#8265=B_SPLINE_SURFACE_WITH_KNOTS('',2,1,((#15292,#15293),(#15294,#15295),
(#15296,#15297),(#15298,#15299)),.UNSPECIFIED.,.F.,.F.,.F.,(3,1,3),(2,2),
(0.,1.,2.),(0.,0.02),.UNSPECIFIED.);
#8266=B_SPLINE_SURFACE_WITH_KNOTS('',2,1,((#15310,#15311),(#15312,#15313),
(#15314,#15315),(#15316,#15317)),.UNSPECIFIED.,.F.,.F.,.F.,(3,1,3),(2,2),
(0.,1.,2.),(0.,0.02),.UNSPECIFIED.);
#8267=B_SPLINE_SURFACE_WITH_KNOTS('',2,1,((#15333,#15334),(#15335,#15336),
(#15337,#15338),(#15339,#15340)),.UNSPECIFIED.,.F.,.F.,.F.,(3,1,3),(2,2),
(0.,1.,2.),(0.,0.02),.UNSPECIFIED.);
#8268=B_SPLINE_SURFACE_WITH_KNOTS('',2,1,((#15347,#15348),(#15349,#15350),
(#15351,#15352)),.UNSPECIFIED.,.F.,.F.,.F.,(3,3),(2,2),(0.,1.),(0.,0.02),
 .UNSPECIFIED.);
#8269=B_SPLINE_SURFACE_WITH_KNOTS('',2,1,((#15358,#15359),(#15360,#15361),
(#15362,#15363)),.UNSPECIFIED.,.F.,.F.,.F.,(3,3),(2,2),(0.,1.),(0.,0.02),
 .UNSPECIFIED.);
#8270=B_SPLINE_SURFACE_WITH_KNOTS('',2,1,((#15377,#15378),(#15379,#15380),
(#15381,#15382),(#15383,#15384)),.UNSPECIFIED.,.F.,.F.,.F.,(3,1,3),(2,2),
(0.,1.,2.),(0.,0.02),.UNSPECIFIED.);
#8271=B_SPLINE_SURFACE_WITH_KNOTS('',2,1,((#15391,#15392),(#15393,#15394),
(#15395,#15396)),.UNSPECIFIED.,.F.,.F.,.F.,(3,3),(2,2),(0.,1.),(0.,0.02),
 .UNSPECIFIED.);
#8272=B_SPLINE_SURFACE_WITH_KNOTS('',2,1,((#15402,#15403),(#15404,#15405),
(#15406,#15407)),.UNSPECIFIED.,.F.,.F.,.F.,(3,3),(2,2),(0.,1.),(0.,0.02),
 .UNSPECIFIED.);
#8273=B_SPLINE_SURFACE_WITH_KNOTS('',2,1,((#15421,#15422),(#15423,#15424),
(#15425,#15426),(#15427,#15428)),.UNSPECIFIED.,.F.,.F.,.F.,(3,1,3),(2,2),
(0.,1.,2.),(0.,0.02),.UNSPECIFIED.);
#8274=B_SPLINE_SURFACE_WITH_KNOTS('',2,1,((#15435,#15436),(#15437,#15438),
(#15439,#15440)),.UNSPECIFIED.,.F.,.F.,.F.,(3,3),(2,2),(0.,1.),(0.,0.02),
 .UNSPECIFIED.);
#8275=B_SPLINE_SURFACE_WITH_KNOTS('',2,1,((#15446,#15447),(#15448,#15449),
(#15450,#15451)),.UNSPECIFIED.,.F.,.F.,.F.,(3,3),(2,2),(0.,1.),(0.,0.02),
 .UNSPECIFIED.);
#8276=B_SPLINE_SURFACE_WITH_KNOTS('',2,1,((#15465,#15466),(#15467,#15468),
(#15469,#15470),(#15471,#15472)),.UNSPECIFIED.,.F.,.F.,.F.,(3,1,3),(2,2),
(0.,1.,2.),(0.,0.02),.UNSPECIFIED.);
#8277=B_SPLINE_SURFACE_WITH_KNOTS('',2,1,((#15479,#15480),(#15481,#15482),
(#15483,#15484),(#15485,#15486)),.UNSPECIFIED.,.F.,.F.,.F.,(3,1,3),(2,2),
(0.,1.,2.),(0.,0.02),.UNSPECIFIED.);
#8278=B_SPLINE_SURFACE_WITH_KNOTS('',2,1,((#15502,#15503),(#15504,#15505),
(#15506,#15507),(#15508,#15509)),.UNSPECIFIED.,.F.,.F.,.F.,(3,1,3),(2,2),
(0.,1.,2.),(0.,0.02),.UNSPECIFIED.);
#8279=B_SPLINE_SURFACE_WITH_KNOTS('',2,1,((#15520,#15521),(#15522,#15523),
(#15524,#15525)),.UNSPECIFIED.,.F.,.F.,.F.,(3,3),(2,2),(0.,1.),(0.,0.02),
 .UNSPECIFIED.);
#8280=B_SPLINE_SURFACE_WITH_KNOTS('',2,1,((#15535,#15536),(#15537,#15538),
(#15539,#15540),(#15541,#15542)),.UNSPECIFIED.,.F.,.F.,.F.,(3,1,3),(2,2),
(0.,1.,2.),(0.,0.02),.UNSPECIFIED.);
#8281=B_SPLINE_SURFACE_WITH_KNOTS('',2,1,((#15549,#15550),(#15551,#15552),
(#15553,#15554)),.UNSPECIFIED.,.F.,.F.,.F.,(3,3),(2,2),(0.,1.),(0.,0.02),
 .UNSPECIFIED.);
#8282=B_SPLINE_SURFACE_WITH_KNOTS('',2,1,((#15560,#15561),(#15562,#15563),
(#15564,#15565)),.UNSPECIFIED.,.F.,.F.,.F.,(3,3),(2,2),(0.,1.),(0.,0.02),
 .UNSPECIFIED.);
#8283=B_SPLINE_SURFACE_WITH_KNOTS('',2,1,((#15579,#15580),(#15581,#15582),
(#15583,#15584),(#15585,#15586)),.UNSPECIFIED.,.F.,.F.,.F.,(3,1,3),(2,2),
(0.,1.,2.),(0.,0.02),.UNSPECIFIED.);
#8284=B_SPLINE_SURFACE_WITH_KNOTS('',2,1,((#15597,#15598),(#15599,#15600),
(#15601,#15602),(#15603,#15604)),.UNSPECIFIED.,.F.,.F.,.F.,(3,1,3),(2,2),
(0.,1.,2.),(0.,0.02),.UNSPECIFIED.);
#8285=B_SPLINE_SURFACE_WITH_KNOTS('',2,1,((#15611,#15612),(#15613,#15614),
(#15615,#15616)),.UNSPECIFIED.,.F.,.F.,.F.,(3,3),(2,2),(0.,1.),(0.,0.02),
 .UNSPECIFIED.);
#8286=B_SPLINE_SURFACE_WITH_KNOTS('',2,1,((#15622,#15623),(#15624,#15625),
(#15626,#15627)),.UNSPECIFIED.,.F.,.F.,.F.,(3,3),(2,2),(0.,1.),(0.,0.02),
 .UNSPECIFIED.);
#8287=B_SPLINE_SURFACE_WITH_KNOTS('',2,1,((#15632,#15633),(#15634,#15635),
(#15636,#15637),(#15638,#15639)),.UNSPECIFIED.,.F.,.F.,.F.,(3,1,3),(2,2),
(-2.,-1.,0.),(0.,0.02),.UNSPECIFIED.);
#8288=B_SPLINE_SURFACE_WITH_KNOTS('',2,1,((#15660,#15661),(#15662,#15663),
(#15664,#15665),(#15666,#15667)),.UNSPECIFIED.,.F.,.F.,.F.,(3,1,3),(2,2),
(-2.,-1.,0.),(0.,0.02),.UNSPECIFIED.);
#8289=B_SPLINE_SURFACE_WITH_KNOTS('',2,1,((#15685,#15686),(#15687,#15688),
(#15689,#15690),(#15691,#15692)),.UNSPECIFIED.,.F.,.F.,.F.,(3,1,3),(2,2),
(-2.,-1.,0.),(0.,0.02),.UNSPECIFIED.);
#8290=B_SPLINE_SURFACE_WITH_KNOTS('',2,1,((#15710,#15711),(#15712,#15713),
(#15714,#15715),(#15716,#15717)),.UNSPECIFIED.,.F.,.F.,.F.,(3,1,3),(2,2),
(-2.,-1.,0.),(0.,0.02),.UNSPECIFIED.);
#8291=B_SPLINE_SURFACE_WITH_KNOTS('',2,1,((#15738,#15739),(#15740,#15741),
(#15742,#15743),(#15744,#15745)),.UNSPECIFIED.,.F.,.F.,.F.,(3,1,3),(2,2),
(0.,1.,2.),(0.,0.02),.UNSPECIFIED.);
#8292=B_SPLINE_SURFACE_WITH_KNOTS('',2,1,((#15756,#15757),(#15758,#15759),
(#15760,#15761),(#15762,#15763)),.UNSPECIFIED.,.F.,.F.,.F.,(3,1,3),(2,2),
(0.,1.,2.),(0.,0.02),.UNSPECIFIED.);
#8293=B_SPLINE_SURFACE_WITH_KNOTS('',2,1,((#15774,#15775),(#15776,#15777),
(#15778,#15779),(#15780,#15781)),.UNSPECIFIED.,.F.,.F.,.F.,(3,1,3),(2,2),
(0.,1.,2.),(0.,0.02),.UNSPECIFIED.);
#8294=B_SPLINE_SURFACE_WITH_KNOTS('',2,1,((#15792,#15793),(#15794,#15795),
(#15796,#15797),(#15798,#15799)),.UNSPECIFIED.,.F.,.F.,.F.,(3,1,3),(2,2),
(0.,1.,2.),(0.,0.02),.UNSPECIFIED.);
#8295=B_SPLINE_SURFACE_WITH_KNOTS('',2,1,((#15814,#15815),(#15816,#15817),
(#15818,#15819)),.UNSPECIFIED.,.F.,.F.,.F.,(3,3),(2,2),(-1.,0.),(0.,0.02),
 .UNSPECIFIED.);
#8296=B_SPLINE_SURFACE_WITH_KNOTS('',2,1,((#15829,#15830),(#15831,#15832),
(#15833,#15834),(#15835,#15836)),.UNSPECIFIED.,.F.,.F.,.F.,(3,1,3),(2,2),
(-2.,-1.,0.),(0.,0.02),.UNSPECIFIED.);
#8297=B_SPLINE_SURFACE_WITH_KNOTS('',2,1,((#15854,#15855),(#15856,#15857),
(#15858,#15859)),.UNSPECIFIED.,.F.,.F.,.F.,(3,3),(2,2),(-1.,0.),(0.,0.02),
 .UNSPECIFIED.);
#8298=B_SPLINE_SURFACE_WITH_KNOTS('',2,1,((#15869,#15870),(#15871,#15872),
(#15873,#15874)),.UNSPECIFIED.,.F.,.F.,.F.,(3,3),(2,2),(-1.,0.),(0.,0.02),
 .UNSPECIFIED.);
#8299=B_SPLINE_SURFACE_WITH_KNOTS('',2,1,((#15884,#15885),(#15886,#15887),
(#15888,#15889)),.UNSPECIFIED.,.F.,.F.,.F.,(3,3),(2,2),(-1.,0.),(0.,0.02),
 .UNSPECIFIED.);
#8300=B_SPLINE_SURFACE_WITH_KNOTS('',2,1,((#15914,#15915),(#15916,#15917),
(#15918,#15919),(#15920,#15921)),.UNSPECIFIED.,.F.,.F.,.F.,(3,1,3),(2,2),
(0.,1.,2.),(0.,0.02),.UNSPECIFIED.);
#8301=B_SPLINE_SURFACE_WITH_KNOTS('',2,1,((#15932,#15933),(#15934,#15935),
(#15936,#15937),(#15938,#15939)),.UNSPECIFIED.,.F.,.F.,.F.,(3,1,3),(2,2),
(0.,1.,2.),(0.,0.02),.UNSPECIFIED.);
#8302=B_SPLINE_SURFACE_WITH_KNOTS('',2,1,((#15946,#15947),(#15948,#15949),
(#15950,#15951)),.UNSPECIFIED.,.F.,.F.,.F.,(3,3),(2,2),(0.,1.),(0.,0.02),
 .UNSPECIFIED.);
#8303=B_SPLINE_SURFACE_WITH_KNOTS('',2,1,((#15957,#15958),(#15959,#15960),
(#15961,#15962)),.UNSPECIFIED.,.F.,.F.,.F.,(3,3),(2,2),(0.,1.),(0.,0.02),
 .UNSPECIFIED.);
#8304=B_SPLINE_SURFACE_WITH_KNOTS('',2,1,((#15972,#15973),(#15974,#15975),
(#15976,#15977),(#15978,#15979)),.UNSPECIFIED.,.F.,.F.,.F.,(3,1,3),(2,2),
(0.,1.,2.),(0.,0.02),.UNSPECIFIED.);
#8305=B_SPLINE_SURFACE_WITH_KNOTS('',2,1,((#15990,#15991),(#15992,#15993),
(#15994,#15995)),.UNSPECIFIED.,.F.,.F.,.F.,(3,3),(2,2),(0.,1.),(0.,0.02),
 .UNSPECIFIED.);
#8306=B_SPLINE_SURFACE_WITH_KNOTS('',2,1,((#16005,#16006),(#16007,#16008),
(#16009,#16010),(#16011,#16012)),.UNSPECIFIED.,.F.,.F.,.F.,(3,1,3),(2,2),
(0.,1.,2.),(0.,0.02),.UNSPECIFIED.);
#8307=B_SPLINE_SURFACE_WITH_KNOTS('',2,1,((#16023,#16024),(#16025,#16026),
(#16027,#16028),(#16029,#16030)),.UNSPECIFIED.,.F.,.F.,.F.,(3,1,3),(2,2),
(0.,1.,2.),(0.,0.02),.UNSPECIFIED.);
#8308=B_SPLINE_SURFACE_WITH_KNOTS('',2,1,((#16046,#16047),(#16048,#16049),
(#16050,#16051),(#16052,#16053)),.UNSPECIFIED.,.F.,.F.,.F.,(3,1,3),(2,2),
(0.,1.,2.),(0.,0.02),.UNSPECIFIED.);
#8309=B_SPLINE_SURFACE_WITH_KNOTS('',2,1,((#16060,#16061),(#16062,#16063),
(#16064,#16065)),.UNSPECIFIED.,.F.,.F.,.F.,(3,3),(2,2),(0.,1.),(0.,0.02),
 .UNSPECIFIED.);
#8310=B_SPLINE_SURFACE_WITH_KNOTS('',2,1,((#16071,#16072),(#16073,#16074),
(#16075,#16076)),.UNSPECIFIED.,.F.,.F.,.F.,(3,3),(2,2),(0.,1.),(0.,0.02),
 .UNSPECIFIED.);
#8311=B_SPLINE_SURFACE_WITH_KNOTS('',2,1,((#16086,#16087),(#16088,#16089),
(#16090,#16091),(#16092,#16093)),.UNSPECIFIED.,.F.,.F.,.F.,(3,1,3),(2,2),
(0.,1.,2.),(0.,0.02),.UNSPECIFIED.);
#8312=B_SPLINE_SURFACE_WITH_KNOTS('',2,1,((#16100,#16101),(#16102,#16103),
(#16104,#16105)),.UNSPECIFIED.,.F.,.F.,.F.,(3,3),(2,2),(0.,1.),(0.,0.02),
 .UNSPECIFIED.);
#8313=B_SPLINE_SURFACE_WITH_KNOTS('',2,1,((#16111,#16112),(#16113,#16114),
(#16115,#16116)),.UNSPECIFIED.,.F.,.F.,.F.,(3,3),(2,2),(0.,1.),(0.,0.02),
 .UNSPECIFIED.);
#8314=B_SPLINE_SURFACE_WITH_KNOTS('',2,1,((#16121,#16122),(#16123,#16124),
(#16125,#16126)),.UNSPECIFIED.,.F.,.F.,.F.,(3,3),(2,2),(0.,1.),(0.,0.02),
 .UNSPECIFIED.);
#8315=B_SPLINE_SURFACE_WITH_KNOTS('',2,1,((#16134,#16135),(#16136,#16137),
(#16138,#16139)),.UNSPECIFIED.,.F.,.F.,.F.,(3,3),(2,2),(0.,1.),(0.,0.02),
 .UNSPECIFIED.);
#8316=B_SPLINE_SURFACE_WITH_KNOTS('',2,1,((#16145,#16146),(#16147,#16148),
(#16149,#16150),(#16151,#16152)),.UNSPECIFIED.,.F.,.F.,.F.,(3,1,3),(2,2),
(0.,1.,2.),(0.,0.02),.UNSPECIFIED.);
#8317=B_SPLINE_SURFACE_WITH_KNOTS('',2,1,((#16159,#16160),(#16161,#16162),
(#16163,#16164),(#16165,#16166)),.UNSPECIFIED.,.F.,.F.,.F.,(3,1,3),(2,2),
(0.,1.,2.),(0.,0.02),.UNSPECIFIED.);
#8318=B_SPLINE_SURFACE_WITH_KNOTS('',2,1,((#16173,#16174),(#16175,#16176),
(#16177,#16178),(#16179,#16180)),.UNSPECIFIED.,.F.,.F.,.F.,(3,1,3),(2,2),
(0.,1.,2.),(0.,0.02),.UNSPECIFIED.);
#8319=B_SPLINE_SURFACE_WITH_KNOTS('',2,1,((#16192,#16193),(#16194,#16195),
(#16196,#16197),(#16198,#16199)),.UNSPECIFIED.,.F.,.F.,.F.,(3,1,3),(2,2),
(0.,1.,2.),(0.,0.02),.UNSPECIFIED.);
#8320=B_SPLINE_SURFACE_WITH_KNOTS('',2,1,((#16206,#16207),(#16208,#16209),
(#16210,#16211)),.UNSPECIFIED.,.F.,.F.,.F.,(3,3),(2,2),(0.,1.),(0.,0.02),
 .UNSPECIFIED.);
#8321=B_SPLINE_SURFACE_WITH_KNOTS('',2,1,((#16217,#16218),(#16219,#16220),
(#16221,#16222)),.UNSPECIFIED.,.F.,.F.,.F.,(3,3),(2,2),(0.,1.),(0.,0.02),
 .UNSPECIFIED.);
#8322=B_SPLINE_SURFACE_WITH_KNOTS('',2,1,((#16236,#16237),(#16238,#16239),
(#16240,#16241)),.UNSPECIFIED.,.F.,.F.,.F.,(3,3),(2,2),(0.,1.),(0.,0.02),
 .UNSPECIFIED.);
#8323=B_SPLINE_SURFACE_WITH_KNOTS('',2,1,((#16247,#16248),(#16249,#16250),
(#16251,#16252)),.UNSPECIFIED.,.F.,.F.,.F.,(3,3),(2,2),(0.,1.),(0.,0.02),
 .UNSPECIFIED.);
#8324=B_SPLINE_SURFACE_WITH_KNOTS('',2,1,((#16258,#16259),(#16260,#16261),
(#16262,#16263)),.UNSPECIFIED.,.F.,.F.,.F.,(3,3),(2,2),(0.,1.),(0.,0.02),
 .UNSPECIFIED.);
#8325=B_SPLINE_SURFACE_WITH_KNOTS('',2,1,((#16273,#16274),(#16275,#16276),
(#16277,#16278),(#16279,#16280)),.UNSPECIFIED.,.F.,.F.,.F.,(3,1,3),(2,2),
(0.,1.,2.),(0.,0.02),.UNSPECIFIED.);
#8326=B_SPLINE_SURFACE_WITH_KNOTS('',2,1,((#16287,#16288),(#16289,#16290),
(#16291,#16292)),.UNSPECIFIED.,.F.,.F.,.F.,(3,3),(2,2),(0.,1.),(0.,0.02),
 .UNSPECIFIED.);
#8327=B_SPLINE_SURFACE_WITH_KNOTS('',2,1,((#16298,#16299),(#16300,#16301),
(#16302,#16303)),.UNSPECIFIED.,.F.,.F.,.F.,(3,3),(2,2),(0.,1.),(0.,0.02),
 .UNSPECIFIED.);
#8328=B_SPLINE_SURFACE_WITH_KNOTS('',2,1,((#16313,#16314),(#16315,#16316),
(#16317,#16318),(#16319,#16320)),.UNSPECIFIED.,.F.,.F.,.F.,(3,1,3),(2,2),
(0.,1.,2.),(0.,0.02),.UNSPECIFIED.);
#8329=B_SPLINE_SURFACE_WITH_KNOTS('',2,1,((#16331,#16332),(#16333,#16334),
(#16335,#16336)),.UNSPECIFIED.,.F.,.F.,.F.,(3,3),(2,2),(0.,1.),(0.,0.02),
 .UNSPECIFIED.);
#8330=ADVANCED_FACE('',(#363),#8079,.T.);
#8331=ADVANCED_FACE('',(#364,#236,#237,#238,#239,#240),#345,.T.);
#8332=ADVANCED_FACE('',(#365),#346,.F.);
#8333=ADVANCED_FACE('',(#366),#213,.F.);
#8334=ADVANCED_FACE('',(#367,#241),#26,.T.);
#8335=ADVANCED_FACE('',(#368),#347,.F.);
#8336=ADVANCED_FACE('',(#369),#214,.F.);
#8337=ADVANCED_FACE('',(#370,#242),#27,.T.);
#8338=ADVANCED_FACE('',(#371),#348,.F.);
#8339=ADVANCED_FACE('',(#372),#8080,.T.);
#8340=ADVANCED_FACE('',(#373),#349,.F.);
#8341=ADVANCED_FACE('',(#374),#215,.T.);
#8342=ADVANCED_FACE('',(#375),#28,.T.);
#8343=ADVANCED_FACE('',(#376),#216,.T.);
#8344=ADVANCED_FACE('',(#377),#29,.T.);
#8345=ADVANCED_FACE('',(#378,#243),#350,.T.);
#8346=ADVANCED_FACE('',(#379,#244,#245,#246,#247,#248,#249,#250),#30,.F.);
#8347=ADVANCED_FACE('',(#380),#217,.T.);
#8348=ADVANCED_FACE('',(#381),#31,.T.);
#8349=ADVANCED_FACE('',(#382),#218,.T.);
#8350=ADVANCED_FACE('',(#383),#32,.T.);
#8351=ADVANCED_FACE('',(#384,#251,#252,#253,#254,#255,#256,#257),#33,.T.);
#8352=ADVANCED_FACE('',(#385),#8081,.T.);
#8353=ADVANCED_FACE('',(#386),#351,.F.);
#8354=ADVANCED_FACE('',(#387),#219,.F.);
#8355=ADVANCED_FACE('',(#388),#352,.F.);
#8356=ADVANCED_FACE('',(#389),#220,.F.);
#8357=ADVANCED_FACE('',(#390),#353,.F.);
#8358=ADVANCED_FACE('',(#391),#221,.F.);
#8359=ADVANCED_FACE('',(#392),#354,.F.);
#8360=ADVANCED_FACE('',(#393),#222,.F.);
#8361=ADVANCED_FACE('',(#394),#355,.F.);
#8362=ADVANCED_FACE('',(#395),#223,.F.);
#8363=ADVANCED_FACE('',(#396),#356,.F.);
#8364=ADVANCED_FACE('',(#397),#224,.F.);
#8365=ADVANCED_FACE('',(#398),#357,.F.);
#8366=ADVANCED_FACE('',(#399),#225,.F.);
#8367=ADVANCED_FACE('',(#400),#226,.F.);
#8368=ADVANCED_FACE('',(#401),#227,.F.);
#8369=ADVANCED_FACE('',(#402),#228,.F.);
#8370=ADVANCED_FACE('',(#403),#229,.F.);
#8371=ADVANCED_FACE('',(#404),#230,.F.);
#8372=ADVANCED_FACE('',(#405),#231,.F.);
#8373=ADVANCED_FACE('',(#406,#258),#34,.F.);
#8374=ADVANCED_FACE('',(#407),#232,.F.);
#8375=ADVANCED_FACE('',(#408,#259),#358,.F.);
#8376=ADVANCED_FACE('',(#409),#233,.F.);
#8377=ADVANCED_FACE('',(#410,#260),#35,.T.);
#8378=ADVANCED_FACE('',(#411),#234,.T.);
#8379=ADVANCED_FACE('',(#412,#261,#262,#263,#264,#265,#266,#267,#268,#269,
#270,#271,#272,#273,#274,#275,#276,#277,#278,#279,#280,#281,#282,#283,#284,
#285),#36,.T.);
#8380=ADVANCED_FACE('',(#413),#235,.F.);
#8381=ADVANCED_FACE('',(#414),#8082,.F.);
#8382=ADVANCED_FACE('',(#415),#37,.F.);
#8383=ADVANCED_FACE('',(#416),#8083,.F.);
#8384=ADVANCED_FACE('',(#417),#38,.F.);
#8385=ADVANCED_FACE('',(#418),#8084,.F.);
#8386=ADVANCED_FACE('',(#419),#8085,.F.);
#8387=ADVANCED_FACE('',(#420),#8086,.F.);
#8388=ADVANCED_FACE('',(#421),#39,.F.);
#8389=ADVANCED_FACE('',(#422),#40,.F.);
#8390=ADVANCED_FACE('',(#423),#8087,.F.);
#8391=ADVANCED_FACE('',(#424),#8088,.F.);
#8392=ADVANCED_FACE('',(#425),#8089,.F.);
#8393=ADVANCED_FACE('',(#426),#8090,.F.);
#8394=ADVANCED_FACE('',(#427),#41,.T.);
#8395=ADVANCED_FACE('',(#428),#8091,.F.);
#8396=ADVANCED_FACE('',(#429),#8092,.F.);
#8397=ADVANCED_FACE('',(#430),#8093,.F.);
#8398=ADVANCED_FACE('',(#431),#8094,.F.);
#8399=ADVANCED_FACE('',(#432),#8095,.F.);
#8400=ADVANCED_FACE('',(#433),#42,.T.);
#8401=ADVANCED_FACE('',(#434),#8096,.F.);
#8402=ADVANCED_FACE('',(#435),#8097,.F.);
#8403=ADVANCED_FACE('',(#436),#8098,.F.);
#8404=ADVANCED_FACE('',(#437),#8099,.F.);
#8405=ADVANCED_FACE('',(#438),#43,.F.);
#8406=ADVANCED_FACE('',(#439),#8100,.F.);
#8407=ADVANCED_FACE('',(#440),#8101,.F.);
#8408=ADVANCED_FACE('',(#441),#8102,.F.);
#8409=ADVANCED_FACE('',(#442),#44,.F.);
#8410=ADVANCED_FACE('',(#443),#8103,.F.);
#8411=ADVANCED_FACE('',(#444),#45,.T.);
#8412=ADVANCED_FACE('',(#445),#8104,.T.);
#8413=ADVANCED_FACE('',(#446),#46,.T.);
#8414=ADVANCED_FACE('',(#447),#8105,.T.);
#8415=ADVANCED_FACE('',(#448),#47,.T.);
#8416=ADVANCED_FACE('',(#449),#8106,.T.);
#8417=ADVANCED_FACE('',(#450),#48,.T.);
#8418=ADVANCED_FACE('',(#451),#8107,.T.);
#8419=ADVANCED_FACE('',(#452),#49,.T.);
#8420=ADVANCED_FACE('',(#453),#50,.F.);
#8421=ADVANCED_FACE('',(#454),#8108,.F.);
#8422=ADVANCED_FACE('',(#455),#51,.F.);
#8423=ADVANCED_FACE('',(#456),#8109,.F.);
#8424=ADVANCED_FACE('',(#457),#52,.F.);
#8425=ADVANCED_FACE('',(#458),#8110,.F.);
#8426=ADVANCED_FACE('',(#459),#53,.F.);
#8427=ADVANCED_FACE('',(#460),#8111,.F.);
#8428=ADVANCED_FACE('',(#461,#286),#54,.T.);
#8429=ADVANCED_FACE('',(#462),#55,.F.);
#8430=ADVANCED_FACE('',(#463),#8112,.F.);
#8431=ADVANCED_FACE('',(#464),#8113,.F.);
#8432=ADVANCED_FACE('',(#465),#8114,.F.);
#8433=ADVANCED_FACE('',(#466),#56,.F.);
#8434=ADVANCED_FACE('',(#467),#8115,.F.);
#8435=ADVANCED_FACE('',(#468),#8116,.F.);
#8436=ADVANCED_FACE('',(#469),#8117,.F.);
#8437=ADVANCED_FACE('',(#470),#57,.F.);
#8438=ADVANCED_FACE('',(#471),#58,.F.);
#8439=ADVANCED_FACE('',(#472),#8118,.F.);
#8440=ADVANCED_FACE('',(#473),#59,.F.);
#8441=ADVANCED_FACE('',(#474),#8119,.F.);
#8442=ADVANCED_FACE('',(#475),#8120,.F.);
#8443=ADVANCED_FACE('',(#476),#8121,.F.);
#8444=ADVANCED_FACE('',(#477),#60,.F.);
#8445=ADVANCED_FACE('',(#478),#8122,.F.);
#8446=ADVANCED_FACE('',(#479),#61,.F.);
#8447=ADVANCED_FACE('',(#480),#62,.T.);
#8448=ADVANCED_FACE('',(#481),#63,.T.);
#8449=ADVANCED_FACE('',(#482),#8123,.T.);
#8450=ADVANCED_FACE('',(#483),#64,.T.);
#8451=ADVANCED_FACE('',(#484),#8124,.T.);
#8452=ADVANCED_FACE('',(#485),#8125,.T.);
#8453=ADVANCED_FACE('',(#486),#65,.T.);
#8454=ADVANCED_FACE('',(#487),#66,.T.);
#8455=ADVANCED_FACE('',(#488),#67,.F.);
#8456=ADVANCED_FACE('',(#489),#8126,.F.);
#8457=ADVANCED_FACE('',(#490),#68,.F.);
#8458=ADVANCED_FACE('',(#491),#8127,.F.);
#8459=ADVANCED_FACE('',(#492),#69,.F.);
#8460=ADVANCED_FACE('',(#493),#8128,.F.);
#8461=ADVANCED_FACE('',(#494),#70,.F.);
#8462=ADVANCED_FACE('',(#495),#8129,.F.);
#8463=ADVANCED_FACE('',(#496),#71,.F.);
#8464=ADVANCED_FACE('',(#497),#8130,.F.);
#8465=ADVANCED_FACE('',(#498),#8131,.F.);
#8466=ADVANCED_FACE('',(#499),#72,.F.);
#8467=ADVANCED_FACE('',(#500),#8132,.F.);
#8468=ADVANCED_FACE('',(#501),#8133,.F.);
#8469=ADVANCED_FACE('',(#502),#8134,.F.);
#8470=ADVANCED_FACE('',(#503),#73,.F.);
#8471=ADVANCED_FACE('',(#504,#287),#74,.F.);
#8472=ADVANCED_FACE('',(#505),#8135,.F.);
#8473=ADVANCED_FACE('',(#506),#8136,.F.);
#8474=ADVANCED_FACE('',(#507),#75,.F.);
#8475=ADVANCED_FACE('',(#508),#8137,.F.);
#8476=ADVANCED_FACE('',(#509),#8138,.F.);
#8477=ADVANCED_FACE('',(#510),#8139,.F.);
#8478=ADVANCED_FACE('',(#511),#76,.F.);
#8479=ADVANCED_FACE('',(#512),#77,.F.);
#8480=ADVANCED_FACE('',(#513),#78,.F.);
#8481=ADVANCED_FACE('',(#514),#8140,.F.);
#8482=ADVANCED_FACE('',(#515),#79,.F.);
#8483=ADVANCED_FACE('',(#516),#8141,.F.);
#8484=ADVANCED_FACE('',(#517),#80,.F.);
#8485=ADVANCED_FACE('',(#518),#8142,.F.);
#8486=ADVANCED_FACE('',(#519),#8143,.F.);
#8487=ADVANCED_FACE('',(#520),#8144,.F.);
#8488=ADVANCED_FACE('',(#521),#81,.F.);
#8489=ADVANCED_FACE('',(#522),#82,.F.);
#8490=ADVANCED_FACE('',(#523),#8145,.F.);
#8491=ADVANCED_FACE('',(#524),#83,.F.);
#8492=ADVANCED_FACE('',(#525),#8146,.F.);
#8493=ADVANCED_FACE('',(#526),#8147,.F.);
#8494=ADVANCED_FACE('',(#527),#8148,.F.);
#8495=ADVANCED_FACE('',(#528),#84,.F.);
#8496=ADVANCED_FACE('',(#529),#85,.F.);
#8497=ADVANCED_FACE('',(#530),#8149,.F.);
#8498=ADVANCED_FACE('',(#531),#8150,.F.);
#8499=ADVANCED_FACE('',(#532),#8151,.F.);
#8500=ADVANCED_FACE('',(#533),#86,.F.);
#8501=ADVANCED_FACE('',(#534),#87,.F.);
#8502=ADVANCED_FACE('',(#535),#88,.F.);
#8503=ADVANCED_FACE('',(#536),#89,.F.);
#8504=ADVANCED_FACE('',(#537),#8152,.F.);
#8505=ADVANCED_FACE('',(#538),#8153,.F.);
#8506=ADVANCED_FACE('',(#539),#8154,.F.);
#8507=ADVANCED_FACE('',(#540),#90,.F.);
#8508=ADVANCED_FACE('',(#541),#8155,.F.);
#8509=ADVANCED_FACE('',(#542),#91,.F.);
#8510=ADVANCED_FACE('',(#543),#92,.F.);
#8511=ADVANCED_FACE('',(#544),#93,.F.);
#8512=ADVANCED_FACE('',(#545),#8156,.F.);
#8513=ADVANCED_FACE('',(#546),#94,.F.);
#8514=ADVANCED_FACE('',(#547),#95,.F.);
#8515=ADVANCED_FACE('',(#548),#8157,.F.);
#8516=ADVANCED_FACE('',(#549),#8158,.F.);
#8517=ADVANCED_FACE('',(#550),#8159,.F.);
#8518=ADVANCED_FACE('',(#551),#96,.F.);
#8519=ADVANCED_FACE('',(#552),#97,.F.);
#8520=ADVANCED_FACE('',(#553),#8160,.F.);
#8521=ADVANCED_FACE('',(#554),#8161,.F.);
#8522=ADVANCED_FACE('',(#555),#98,.F.);
#8523=ADVANCED_FACE('',(#556),#99,.F.);
#8524=ADVANCED_FACE('',(#557),#8162,.T.);
#8525=ADVANCED_FACE('',(#558),#100,.T.);
#8526=ADVANCED_FACE('',(#559),#8163,.T.);
#8527=ADVANCED_FACE('',(#560),#101,.T.);
#8528=ADVANCED_FACE('',(#561),#8164,.T.);
#8529=ADVANCED_FACE('',(#562),#102,.T.);
#8530=ADVANCED_FACE('',(#563),#8165,.T.);
#8531=ADVANCED_FACE('',(#564),#103,.T.);
#8532=ADVANCED_FACE('',(#565),#104,.F.);
#8533=ADVANCED_FACE('',(#566),#8166,.F.);
#8534=ADVANCED_FACE('',(#567),#105,.F.);
#8535=ADVANCED_FACE('',(#568),#8167,.F.);
#8536=ADVANCED_FACE('',(#569),#106,.F.);
#8537=ADVANCED_FACE('',(#570),#8168,.F.);
#8538=ADVANCED_FACE('',(#571),#107,.F.);
#8539=ADVANCED_FACE('',(#572),#8169,.F.);
#8540=ADVANCED_FACE('',(#573,#288),#108,.F.);
#8541=ADVANCED_FACE('',(#574),#109,.F.);
#8542=ADVANCED_FACE('',(#575),#8170,.F.);
#8543=ADVANCED_FACE('',(#576),#8171,.F.);
#8544=ADVANCED_FACE('',(#577),#8172,.F.);
#8545=ADVANCED_FACE('',(#578),#110,.F.);
#8546=ADVANCED_FACE('',(#579),#8173,.F.);
#8547=ADVANCED_FACE('',(#580),#8174,.F.);
#8548=ADVANCED_FACE('',(#581),#8175,.F.);
#8549=ADVANCED_FACE('',(#582),#8176,.F.);
#8550=ADVANCED_FACE('',(#583),#111,.F.);
#8551=ADVANCED_FACE('',(#584),#112,.F.);
#8552=ADVANCED_FACE('',(#585),#8177,.F.);
#8553=ADVANCED_FACE('',(#586),#8178,.F.);
#8554=ADVANCED_FACE('',(#587),#8179,.F.);
#8555=ADVANCED_FACE('',(#588),#113,.F.);
#8556=ADVANCED_FACE('',(#589),#114,.F.);
#8557=ADVANCED_FACE('',(#590),#115,.F.);
#8558=ADVANCED_FACE('',(#591),#8180,.F.);
#8559=ADVANCED_FACE('',(#592),#8181,.F.);
#8560=ADVANCED_FACE('',(#593),#116,.F.);
#8561=ADVANCED_FACE('',(#594),#8182,.F.);
#8562=ADVANCED_FACE('',(#595),#117,.F.);
#8563=ADVANCED_FACE('',(#596),#8183,.F.);
#8564=ADVANCED_FACE('',(#597),#8184,.F.);
#8565=ADVANCED_FACE('',(#598),#8185,.F.);
#8566=ADVANCED_FACE('',(#599),#118,.F.);
#8567=ADVANCED_FACE('',(#600),#119,.F.);
#8568=ADVANCED_FACE('',(#601),#8186,.F.);
#8569=ADVANCED_FACE('',(#602),#8187,.F.);
#8570=ADVANCED_FACE('',(#603),#8188,.F.);
#8571=ADVANCED_FACE('',(#604),#120,.F.);
#8572=ADVANCED_FACE('',(#605),#121,.T.);
#8573=ADVANCED_FACE('',(#606),#8189,.F.);
#8574=ADVANCED_FACE('',(#607),#8190,.F.);
#8575=ADVANCED_FACE('',(#608),#8191,.F.);
#8576=ADVANCED_FACE('',(#609),#8192,.F.);
#8577=ADVANCED_FACE('',(#610),#122,.F.);
#8578=ADVANCED_FACE('',(#611),#8193,.F.);
#8579=ADVANCED_FACE('',(#612),#8194,.F.);
#8580=ADVANCED_FACE('',(#613),#8195,.F.);
#8581=ADVANCED_FACE('',(#614),#8196,.F.);
#8582=ADVANCED_FACE('',(#615),#8197,.F.);
#8583=ADVANCED_FACE('',(#616),#8198,.F.);
#8584=ADVANCED_FACE('',(#617),#8199,.F.);
#8585=ADVANCED_FACE('',(#618),#8200,.F.);
#8586=ADVANCED_FACE('',(#619),#8201,.F.);
#8587=ADVANCED_FACE('',(#620),#8202,.F.);
#8588=ADVANCED_FACE('',(#621),#8203,.F.);
#8589=ADVANCED_FACE('',(#622),#8204,.F.);
#8590=ADVANCED_FACE('',(#623),#8205,.F.);
#8591=ADVANCED_FACE('',(#624),#8206,.F.);
#8592=ADVANCED_FACE('',(#625),#8207,.F.);
#8593=ADVANCED_FACE('',(#626),#123,.F.);
#8594=ADVANCED_FACE('',(#627),#8208,.F.);
#8595=ADVANCED_FACE('',(#628),#8209,.F.);
#8596=ADVANCED_FACE('',(#629),#124,.F.);
#8597=ADVANCED_FACE('',(#630),#8210,.F.);
#8598=ADVANCED_FACE('',(#631),#8211,.F.);
#8599=ADVANCED_FACE('',(#632),#8212,.F.);
#8600=ADVANCED_FACE('',(#633),#8213,.F.);
#8601=ADVANCED_FACE('',(#634),#8214,.F.);
#8602=ADVANCED_FACE('',(#635),#8215,.F.);
#8603=ADVANCED_FACE('',(#636),#8216,.F.);
#8604=ADVANCED_FACE('',(#637),#125,.T.);
#8605=ADVANCED_FACE('',(#638),#126,.F.);
#8606=ADVANCED_FACE('',(#639),#8217,.F.);
#8607=ADVANCED_FACE('',(#640),#8218,.F.);
#8608=ADVANCED_FACE('',(#641),#8219,.F.);
#8609=ADVANCED_FACE('',(#642),#127,.F.);
#8610=ADVANCED_FACE('',(#643),#8220,.F.);
#8611=ADVANCED_FACE('',(#644),#128,.F.);
#8612=ADVANCED_FACE('',(#645),#8221,.F.);
#8613=ADVANCED_FACE('',(#646),#8222,.F.);
#8614=ADVANCED_FACE('',(#647),#8223,.F.);
#8615=ADVANCED_FACE('',(#648),#129,.F.);
#8616=ADVANCED_FACE('',(#649),#8224,.F.);
#8617=ADVANCED_FACE('',(#650),#8225,.F.);
#8618=ADVANCED_FACE('',(#651),#8226,.F.);
#8619=ADVANCED_FACE('',(#652),#130,.F.);
#8620=ADVANCED_FACE('',(#653),#8227,.F.);
#8621=ADVANCED_FACE('',(#654),#131,.F.);
#8622=ADVANCED_FACE('',(#655),#8228,.F.);
#8623=ADVANCED_FACE('',(#656),#132,.F.);
#8624=ADVANCED_FACE('',(#657),#8229,.F.);
#8625=ADVANCED_FACE('',(#658),#8230,.F.);
#8626=ADVANCED_FACE('',(#659),#8231,.F.);
#8627=ADVANCED_FACE('',(#660),#8232,.F.);
#8628=ADVANCED_FACE('',(#661),#8233,.F.);
#8629=ADVANCED_FACE('',(#662),#8234,.F.);
#8630=ADVANCED_FACE('',(#663),#133,.F.);
#8631=ADVANCED_FACE('',(#664),#8235,.F.);
#8632=ADVANCED_FACE('',(#665),#8236,.F.);
#8633=ADVANCED_FACE('',(#666),#8237,.F.);
#8634=ADVANCED_FACE('',(#667),#8238,.F.);
#8635=ADVANCED_FACE('',(#668),#8239,.F.);
#8636=ADVANCED_FACE('',(#669),#8240,.F.);
#8637=ADVANCED_FACE('',(#670),#134,.F.);
#8638=ADVANCED_FACE('',(#671),#8241,.F.);
#8639=ADVANCED_FACE('',(#672),#8242,.F.);
#8640=ADVANCED_FACE('',(#673),#135,.F.);
#8641=ADVANCED_FACE('',(#674),#8243,.F.);
#8642=ADVANCED_FACE('',(#675),#8244,.F.);
#8643=ADVANCED_FACE('',(#676),#136,.F.);
#8644=ADVANCED_FACE('',(#677),#137,.F.);
#8645=ADVANCED_FACE('',(#678),#138,.T.);
#8646=ADVANCED_FACE('',(#679),#8245,.F.);
#8647=ADVANCED_FACE('',(#680),#8246,.F.);
#8648=ADVANCED_FACE('',(#681),#139,.F.);
#8649=ADVANCED_FACE('',(#682),#8247,.F.);
#8650=ADVANCED_FACE('',(#683),#8248,.F.);
#8651=ADVANCED_FACE('',(#684),#8249,.F.);
#8652=ADVANCED_FACE('',(#685),#140,.F.);
#8653=ADVANCED_FACE('',(#686),#8250,.F.);
#8654=ADVANCED_FACE('',(#687),#8251,.F.);
#8655=ADVANCED_FACE('',(#688),#141,.F.);
#8656=ADVANCED_FACE('',(#689),#8252,.F.);
#8657=ADVANCED_FACE('',(#690),#8253,.F.);
#8658=ADVANCED_FACE('',(#691),#142,.F.);
#8659=ADVANCED_FACE('',(#692),#8254,.F.);
#8660=ADVANCED_FACE('',(#693),#143,.F.);
#8661=ADVANCED_FACE('',(#694),#8255,.F.);
#8662=ADVANCED_FACE('',(#695),#144,.F.);
#8663=ADVANCED_FACE('',(#696),#145,.T.);
#8664=ADVANCED_FACE('',(#697),#8256,.F.);
#8665=ADVANCED_FACE('',(#698),#8257,.F.);
#8666=ADVANCED_FACE('',(#699),#146,.F.);
#8667=ADVANCED_FACE('',(#700),#8258,.F.);
#8668=ADVANCED_FACE('',(#701),#8259,.F.);
#8669=ADVANCED_FACE('',(#702),#8260,.F.);
#8670=ADVANCED_FACE('',(#703),#147,.F.);
#8671=ADVANCED_FACE('',(#704),#8261,.F.);
#8672=ADVANCED_FACE('',(#705),#8262,.F.);
#8673=ADVANCED_FACE('',(#706),#148,.F.);
#8674=ADVANCED_FACE('',(#707),#8263,.F.);
#8675=ADVANCED_FACE('',(#708),#8264,.F.);
#8676=ADVANCED_FACE('',(#709),#149,.F.);
#8677=ADVANCED_FACE('',(#710),#8265,.F.);
#8678=ADVANCED_FACE('',(#711),#150,.F.);
#8679=ADVANCED_FACE('',(#712),#8266,.F.);
#8680=ADVANCED_FACE('',(#713),#151,.F.);
#8681=ADVANCED_FACE('',(#714),#152,.F.);
#8682=ADVANCED_FACE('',(#715),#153,.F.);
#8683=ADVANCED_FACE('',(#716),#8267,.F.);
#8684=ADVANCED_FACE('',(#717),#8268,.F.);
#8685=ADVANCED_FACE('',(#718),#8269,.F.);
#8686=ADVANCED_FACE('',(#719),#154,.F.);
#8687=ADVANCED_FACE('',(#720),#155,.F.);
#8688=ADVANCED_FACE('',(#721),#8270,.F.);
#8689=ADVANCED_FACE('',(#722),#8271,.F.);
#8690=ADVANCED_FACE('',(#723),#8272,.F.);
#8691=ADVANCED_FACE('',(#724),#156,.F.);
#8692=ADVANCED_FACE('',(#725),#157,.F.);
#8693=ADVANCED_FACE('',(#726),#8273,.F.);
#8694=ADVANCED_FACE('',(#727),#8274,.F.);
#8695=ADVANCED_FACE('',(#728),#8275,.F.);
#8696=ADVANCED_FACE('',(#729),#158,.F.);
#8697=ADVANCED_FACE('',(#730),#159,.F.);
#8698=ADVANCED_FACE('',(#731),#8276,.F.);
#8699=ADVANCED_FACE('',(#732),#8277,.F.);
#8700=ADVANCED_FACE('',(#733),#160,.F.);
#8701=ADVANCED_FACE('',(#734),#161,.T.);
#8702=ADVANCED_FACE('',(#735),#162,.F.);
#8703=ADVANCED_FACE('',(#736),#8278,.F.);
#8704=ADVANCED_FACE('',(#737),#163,.F.);
#8705=ADVANCED_FACE('',(#738),#8279,.F.);
#8706=ADVANCED_FACE('',(#739),#164,.F.);
#8707=ADVANCED_FACE('',(#740),#8280,.F.);
#8708=ADVANCED_FACE('',(#741),#8281,.F.);
#8709=ADVANCED_FACE('',(#742),#8282,.F.);
#8710=ADVANCED_FACE('',(#743),#165,.F.);
#8711=ADVANCED_FACE('',(#744),#166,.F.);
#8712=ADVANCED_FACE('',(#745),#8283,.F.);
#8713=ADVANCED_FACE('',(#746),#167,.F.);
#8714=ADVANCED_FACE('',(#747),#8284,.F.);
#8715=ADVANCED_FACE('',(#748),#8285,.F.);
#8716=ADVANCED_FACE('',(#749),#8286,.F.);
#8717=ADVANCED_FACE('',(#750),#168,.F.);
#8718=ADVANCED_FACE('',(#751),#8287,.T.);
#8719=ADVANCED_FACE('',(#752),#169,.T.);
#8720=ADVANCED_FACE('',(#753),#8288,.T.);
#8721=ADVANCED_FACE('',(#754),#170,.T.);
#8722=ADVANCED_FACE('',(#755),#8289,.T.);
#8723=ADVANCED_FACE('',(#756),#171,.T.);
#8724=ADVANCED_FACE('',(#757),#8290,.T.);
#8725=ADVANCED_FACE('',(#758),#172,.T.);
#8726=ADVANCED_FACE('',(#759),#173,.F.);
#8727=ADVANCED_FACE('',(#760),#8291,.F.);
#8728=ADVANCED_FACE('',(#761),#174,.F.);
#8729=ADVANCED_FACE('',(#762),#8292,.F.);
#8730=ADVANCED_FACE('',(#763),#175,.F.);
#8731=ADVANCED_FACE('',(#764),#8293,.F.);
#8732=ADVANCED_FACE('',(#765),#176,.F.);
#8733=ADVANCED_FACE('',(#766),#8294,.F.);
#8734=ADVANCED_FACE('',(#767,#289),#177,.T.);
#8735=ADVANCED_FACE('',(#768),#178,.T.);
#8736=ADVANCED_FACE('',(#769),#8295,.T.);
#8737=ADVANCED_FACE('',(#770),#8296,.T.);
#8738=ADVANCED_FACE('',(#771),#179,.T.);
#8739=ADVANCED_FACE('',(#772),#8297,.T.);
#8740=ADVANCED_FACE('',(#773),#8298,.T.);
#8741=ADVANCED_FACE('',(#774),#8299,.T.);
#8742=ADVANCED_FACE('',(#775),#180,.T.);
#8743=ADVANCED_FACE('',(#776),#181,.T.);
#8744=ADVANCED_FACE('',(#777),#182,.F.);
#8745=ADVANCED_FACE('',(#778),#8300,.F.);
#8746=ADVANCED_FACE('',(#779),#183,.F.);
#8747=ADVANCED_FACE('',(#780),#8301,.F.);
#8748=ADVANCED_FACE('',(#781),#8302,.F.);
#8749=ADVANCED_FACE('',(#782),#8303,.F.);
#8750=ADVANCED_FACE('',(#783),#184,.F.);
#8751=ADVANCED_FACE('',(#784),#8304,.F.);
#8752=ADVANCED_FACE('',(#785),#185,.F.);
#8753=ADVANCED_FACE('',(#786),#8305,.F.);
#8754=ADVANCED_FACE('',(#787),#186,.F.);
#8755=ADVANCED_FACE('',(#788),#8306,.F.);
#8756=ADVANCED_FACE('',(#789),#187,.F.);
#8757=ADVANCED_FACE('',(#790),#8307,.F.);
#8758=ADVANCED_FACE('',(#791),#188,.F.);
#8759=ADVANCED_FACE('',(#792,#290),#189,.T.);
#8760=ADVANCED_FACE('',(#793),#190,.F.);
#8761=ADVANCED_FACE('',(#794),#8308,.F.);
#8762=ADVANCED_FACE('',(#795),#8309,.F.);
#8763=ADVANCED_FACE('',(#796),#8310,.F.);
#8764=ADVANCED_FACE('',(#797),#191,.F.);
#8765=ADVANCED_FACE('',(#798),#8311,.F.);
#8766=ADVANCED_FACE('',(#799),#8312,.F.);
#8767=ADVANCED_FACE('',(#800),#8313,.F.);
#8768=ADVANCED_FACE('',(#801),#192,.T.);
#8769=ADVANCED_FACE('',(#802),#8314,.F.);
#8770=ADVANCED_FACE('',(#803),#8315,.F.);
#8771=ADVANCED_FACE('',(#804),#8316,.F.);
#8772=ADVANCED_FACE('',(#805),#8317,.F.);
#8773=ADVANCED_FACE('',(#806),#8318,.F.);
#8774=ADVANCED_FACE('',(#807),#193,.F.);
#8775=ADVANCED_FACE('',(#808),#194,.F.);
#8776=ADVANCED_FACE('',(#809),#8319,.F.);
#8777=ADVANCED_FACE('',(#810),#8320,.F.);
#8778=ADVANCED_FACE('',(#811),#8321,.F.);
#8779=ADVANCED_FACE('',(#812),#195,.F.);
#8780=ADVANCED_FACE('',(#813),#196,.F.);
#8781=ADVANCED_FACE('',(#814),#8322,.F.);
#8782=ADVANCED_FACE('',(#815),#8323,.F.);
#8783=ADVANCED_FACE('',(#816),#8324,.F.);
#8784=ADVANCED_FACE('',(#817),#197,.F.);
#8785=ADVANCED_FACE('',(#818),#8325,.F.);
#8786=ADVANCED_FACE('',(#819),#8326,.F.);
#8787=ADVANCED_FACE('',(#820),#8327,.F.);
#8788=ADVANCED_FACE('',(#821),#198,.F.);
#8789=ADVANCED_FACE('',(#822),#8328,.F.);
#8790=ADVANCED_FACE('',(#823),#199,.F.);
#8791=ADVANCED_FACE('',(#824),#8329,.F.);
#8792=ADVANCED_FACE('',(#825),#200,.T.);
#8793=ADVANCED_FACE('',(#826),#201,.T.);
#8794=ADVANCED_FACE('',(#827),#202,.T.);
#8795=ADVANCED_FACE('',(#828),#203,.T.);
#8796=ADVANCED_FACE('',(#829),#204,.T.);
#8797=ADVANCED_FACE('',(#830),#205,.F.);
#8798=ADVANCED_FACE('',(#831),#206,.T.);
#8799=ADVANCED_FACE('',(#832),#207,.F.);
#8800=ADVANCED_FACE('',(#833),#208,.T.);
#8801=ADVANCED_FACE('',(#834),#359,.F.);
#8802=ADVANCED_FACE('',(#835),#209,.T.);
#8803=ADVANCED_FACE('',(#836),#360,.F.);
#8804=ADVANCED_FACE('',(#837),#210,.F.);
#8805=ADVANCED_FACE('',(#838),#361,.F.);
#8806=ADVANCED_FACE('',(#839),#211,.T.);
#8807=ADVANCED_FACE('',(#840),#212,.T.);
#8808=ADVANCED_FACE('',(#841),#362,.T.);
#8809=CLOSED_SHELL('',(#8330,#8331,#8332,#8333,#8334,#8335,#8336,#8337,
#8338,#8339,#8340,#8341,#8342,#8343,#8344,#8345,#8346,#8347,#8348,#8349,
#8350,#8351,#8352,#8353,#8354,#8355,#8356,#8357,#8358,#8359,#8360,#8361,
#8362,#8363,#8364,#8365,#8366,#8367,#8368,#8369,#8370,#8371,#8372,#8373,
#8374,#8375,#8376,#8377,#8378,#8379,#8380,#8381,#8382,#8383,#8384,#8385,
#8386,#8387,#8388,#8389,#8390,#8391,#8392,#8393,#8394,#8395,#8396,#8397,
#8398,#8399,#8400,#8401,#8402,#8403,#8404,#8405,#8406,#8407,#8408,#8409,
#8410,#8411,#8412,#8413,#8414,#8415,#8416,#8417,#8418,#8419,#8420,#8421,
#8422,#8423,#8424,#8425,#8426,#8427,#8428,#8429,#8430,#8431,#8432,#8433,
#8434,#8435,#8436,#8437,#8438,#8439,#8440,#8441,#8442,#8443,#8444,#8445,
#8446,#8447,#8448,#8449,#8450,#8451,#8452,#8453,#8454,#8455,#8456,#8457,
#8458,#8459,#8460,#8461,#8462,#8463,#8464,#8465,#8466,#8467,#8468,#8469,
#8470,#8471,#8472,#8473,#8474,#8475,#8476,#8477,#8478,#8479,#8480,#8481,
#8482,#8483,#8484,#8485,#8486,#8487,#8488,#8489,#8490,#8491,#8492,#8493,
#8494,#8495,#8496,#8497,#8498,#8499,#8500,#8501,#8502,#8503,#8504,#8505,
#8506,#8507,#8508,#8509,#8510,#8511,#8512,#8513,#8514,#8515,#8516,#8517,
#8518,#8519,#8520,#8521,#8522,#8523,#8524,#8525,#8526,#8527,#8528,#8529,
#8530,#8531,#8532,#8533,#8534,#8535,#8536,#8537,#8538,#8539,#8540,#8541,
#8542,#8543,#8544,#8545,#8546,#8547,#8548,#8549,#8550,#8551,#8552,#8553,
#8554,#8555,#8556,#8557,#8558,#8559,#8560,#8561,#8562,#8563,#8564,#8565,
#8566,#8567,#8568,#8569,#8570,#8571,#8572,#8573,#8574,#8575,#8576,#8577,
#8578,#8579,#8580,#8581,#8582,#8583,#8584,#8585,#8586,#8587,#8588,#8589,
#8590,#8591,#8592,#8593,#8594,#8595,#8596,#8597,#8598,#8599,#8600,#8601,
#8602,#8603,#8604,#8605,#8606,#8607,#8608,#8609,#8610,#8611,#8612,#8613,
#8614,#8615,#8616,#8617,#8618,#8619,#8620,#8621,#8622,#8623,#8624,#8625,
#8626,#8627,#8628,#8629,#8630,#8631,#8632,#8633,#8634,#8635,#8636,#8637,
#8638,#8639,#8640,#8641,#8642,#8643,#8644,#8645,#8646,#8647,#8648,#8649,
#8650,#8651,#8652,#8653,#8654,#8655,#8656,#8657,#8658,#8659,#8660,#8661,
#8662,#8663,#8664,#8665,#8666,#8667,#8668,#8669,#8670,#8671,#8672,#8673,
#8674,#8675,#8676,#8677,#8678,#8679,#8680,#8681,#8682,#8683,#8684,#8685,
#8686,#8687,#8688,#8689,#8690,#8691,#8692,#8693,#8694,#8695,#8696,#8697,
#8698,#8699,#8700,#8701,#8702,#8703,#8704,#8705,#8706,#8707,#8708,#8709,
#8710,#8711,#8712,#8713,#8714,#8715,#8716,#8717,#8718,#8719,#8720,#8721,
#8722,#8723,#8724,#8725,#8726,#8727,#8728,#8729,#8730,#8731,#8732,#8733,
#8734,#8735,#8736,#8737,#8738,#8739,#8740,#8741,#8742,#8743,#8744,#8745,
#8746,#8747,#8748,#8749,#8750,#8751,#8752,#8753,#8754,#8755,#8756,#8757,
#8758,#8759,#8760,#8761,#8762,#8763,#8764,#8765,#8766,#8767,#8768,#8769,
#8770,#8771,#8772,#8773,#8774,#8775,#8776,#8777,#8778,#8779,#8780,#8781,
#8782,#8783,#8784,#8785,#8786,#8787,#8788,#8789,#8790,#8791,#8792,#8793,
#8794,#8795,#8796,#8797,#8798,#8799,#8800,#8801,#8802,#8803,#8804,#8805,
#8806,#8807,#8808));
#8810=DERIVED_UNIT_ELEMENT(#8812,1.);
#8811=DERIVED_UNIT_ELEMENT(#16371,3.);
#8812=(
MASS_UNIT()
NAMED_UNIT(*)
SI_UNIT($,.GRAM.)
);
#8813=DERIVED_UNIT((#8810,#8811));
#8814=MEASURE_REPRESENTATION_ITEM('density measure',
POSITIVE_RATIO_MEASURE(7.85),#8813);
#8815=PROPERTY_DEFINITION_REPRESENTATION(#8820,#8817);
#8816=PROPERTY_DEFINITION_REPRESENTATION(#8821,#8818);
#8817=REPRESENTATION('material name',(#8819),#16368);
#8818=REPRESENTATION('density',(#8814),#16368);
#8819=DESCRIPTIVE_REPRESENTATION_ITEM('\X2\042104420430043B044C\X0\',
'\X2\042104420430043B044C\X0\');
#8820=PROPERTY_DEFINITION('material property','material name',#16378);
#8821=PROPERTY_DEFINITION('material property','density of part',#16378);
#8822=AXIS2_PLACEMENT_3D('placement',#10391,#9105,#9106);
#8823=AXIS2_PLACEMENT_3D('',#10572,#9108,#9109);
#8824=AXIS2_PLACEMENT_3D('',#10574,#9110,#9111);
#8825=AXIS2_PLACEMENT_3D('',#10577,#9113,#9114);
#8826=AXIS2_PLACEMENT_3D('',#10724,#9115,#9116);
#8827=AXIS2_PLACEMENT_3D('',#10727,#9118,#9119);
#8828=AXIS2_PLACEMENT_3D('',#10730,#9121,#9122);
#8829=AXIS2_PLACEMENT_3D('',#10732,#9123,#9124);
#8830=AXIS2_PLACEMENT_3D('',#10735,#9126,#9127);
#8831=AXIS2_PLACEMENT_3D('',#10736,#9128,#9129);
#8832=AXIS2_PLACEMENT_3D('',#10745,#9134,#9135);
#8833=AXIS2_PLACEMENT_3D('',#10748,#9137,#9138);
#8834=AXIS2_PLACEMENT_3D('',#10749,#9139,#9140);
#8835=AXIS2_PLACEMENT_3D('',#10751,#9141,#9142);
#8836=AXIS2_PLACEMENT_3D('',#10754,#9144,#9145);
#8837=AXIS2_PLACEMENT_3D('',#10755,#9146,#9147);
#8838=AXIS2_PLACEMENT_3D('',#10764,#9152,#9153);
#8839=AXIS2_PLACEMENT_3D('',#10767,#9155,#9156);
#8840=AXIS2_PLACEMENT_3D('',#10915,#9158,#9159);
#8841=AXIS2_PLACEMENT_3D('',#10920,#9162,#9163);
#8842=AXIS2_PLACEMENT_3D('',#10921,#9164,#9165);
#8843=AXIS2_PLACEMENT_3D('',#10924,#9166,#9167);
#8844=AXIS2_PLACEMENT_3D('',#10929,#9168,#9169);
#8845=AXIS2_PLACEMENT_3D('',#10934,#9170,#9171);
#8846=AXIS2_PLACEMENT_3D('',#10941,#9173,#9174);
#8847=AXIS2_PLACEMENT_3D('',#10943,#9175,#9176);
#8848=AXIS2_PLACEMENT_3D('',#10948,#9177,#9178);
#8849=AXIS2_PLACEMENT_3D('',#10949,#9179,#9180);
#8850=AXIS2_PLACEMENT_3D('',#10951,#9182,#9183);
#8851=AXIS2_PLACEMENT_3D('',#10952,#9184,#9185);
#8852=AXIS2_PLACEMENT_3D('',#10974,#9186,#9187);
#8853=AXIS2_PLACEMENT_3D('',#10976,#9188,#9189);
#8854=AXIS2_PLACEMENT_3D('',#10978,#9190,#9191);
#8855=AXIS2_PLACEMENT_3D('',#10980,#9192,#9193);
#8856=AXIS2_PLACEMENT_3D('',#10982,#9194,#9195);
#8857=AXIS2_PLACEMENT_3D('',#10984,#9196,#9197);
#8858=AXIS2_PLACEMENT_3D('',#10986,#9198,#9199);
#8859=AXIS2_PLACEMENT_3D('',#10988,#9200,#9201);
#8860=AXIS2_PLACEMENT_3D('',#10989,#9202,#9203);
#8861=AXIS2_PLACEMENT_3D('',#10992,#9204,#9205);
#8862=AXIS2_PLACEMENT_3D('',#11001,#9206,#9207);
#8863=AXIS2_PLACEMENT_3D('',#11008,#9209,#9210);
#8864=AXIS2_PLACEMENT_3D('',#11010,#9211,#9212);
#8865=AXIS2_PLACEMENT_3D('',#11015,#9213,#9214);
#8866=AXIS2_PLACEMENT_3D('',#11016,#9215,#9216);
#8867=AXIS2_PLACEMENT_3D('',#11018,#9218,#9219);
#8868=AXIS2_PLACEMENT_3D('',#11020,#9220,#9221);
#8869=AXIS2_PLACEMENT_3D('',#11022,#9222,#9223);
#8870=AXIS2_PLACEMENT_3D('',#11024,#9224,#9225);
#8871=AXIS2_PLACEMENT_3D('',#11026,#9226,#9227);
#8872=AXIS2_PLACEMENT_3D('',#11028,#9228,#9229);
#8873=AXIS2_PLACEMENT_3D('',#11030,#9230,#9231);
#8874=AXIS2_PLACEMENT_3D('',#11138,#9233,#9234);
#8875=AXIS2_PLACEMENT_3D('',#11178,#9236,#9237);
#8876=AXIS2_PLACEMENT_3D('',#11181,#9239,#9240);
#8877=AXIS2_PLACEMENT_3D('',#11182,#9241,#9242);
#8878=AXIS2_PLACEMENT_3D('',#11184,#9243,#9244);
#8879=AXIS2_PLACEMENT_3D('',#11186,#9246,#9247);
#8880=AXIS2_PLACEMENT_3D('',#11189,#9249,#9250);
#8881=AXIS2_PLACEMENT_3D('',#11190,#9251,#9252);
#8882=AXIS2_PLACEMENT_3D('',#11192,#9253,#9254);
#8883=AXIS2_PLACEMENT_3D('',#11194,#9256,#9257);
#8884=AXIS2_PLACEMENT_3D('',#11197,#9259,#9260);
#8885=AXIS2_PLACEMENT_3D('',#11198,#9261,#9262);
#8886=AXIS2_PLACEMENT_3D('',#11200,#9263,#9264);
#8887=AXIS2_PLACEMENT_3D('',#11202,#9266,#9267);
#8888=AXIS2_PLACEMENT_3D('',#11205,#9269,#9270);
#8889=AXIS2_PLACEMENT_3D('',#11206,#9271,#9272);
#8890=AXIS2_PLACEMENT_3D('',#11208,#9273,#9274);
#8891=AXIS2_PLACEMENT_3D('',#11210,#9276,#9277);
#8892=AXIS2_PLACEMENT_3D('',#11213,#9279,#9280);
#8893=AXIS2_PLACEMENT_3D('',#11214,#9281,#9282);
#8894=AXIS2_PLACEMENT_3D('',#11216,#9283,#9284);
#8895=AXIS2_PLACEMENT_3D('',#11218,#9286,#9287);
#8896=AXIS2_PLACEMENT_3D('',#11221,#9289,#9290);
#8897=AXIS2_PLACEMENT_3D('',#11222,#9291,#9292);
#8898=AXIS2_PLACEMENT_3D('',#11224,#9293,#9294);
#8899=AXIS2_PLACEMENT_3D('',#11226,#9296,#9297);
#8900=AXIS2_PLACEMENT_3D('',#11228,#9299,#9300);
#8901=AXIS2_PLACEMENT_3D('',#11230,#9302,#9303);
#8902=AXIS2_PLACEMENT_3D('',#11232,#9305,#9306);
#8903=AXIS2_PLACEMENT_3D('',#11234,#9308,#9309);
#8904=AXIS2_PLACEMENT_3D('',#11236,#9311,#9312);
#8905=AXIS2_PLACEMENT_3D('',#11238,#9314,#9315);
#8906=AXIS2_PLACEMENT_3D('',#11241,#9317,#9318);
#8907=AXIS2_PLACEMENT_3D('',#11242,#9319,#9320);
#8908=AXIS2_PLACEMENT_3D('',#11244,#9321,#9322);
#8909=AXIS2_PLACEMENT_3D('',#11245,#9323,#9324);
#8910=AXIS2_PLACEMENT_3D('',#11247,#9325,#9326);
#8911=AXIS2_PLACEMENT_3D('',#11249,#9328,#9329);
#8912=AXIS2_PLACEMENT_3D('',#11252,#9331,#9332);
#8913=AXIS2_PLACEMENT_3D('',#11253,#9333,#9334);
#8914=AXIS2_PLACEMENT_3D('',#11256,#9336,#9337);
#8915=AXIS2_PLACEMENT_3D('',#11257,#9338,#9339);
#8916=AXIS2_PLACEMENT_3D('',#11259,#9340,#9341);
#8917=AXIS2_PLACEMENT_3D('',#11260,#9342,#9343);
#8918=AXIS2_PLACEMENT_3D('',#11262,#9344,#9345);
#8919=AXIS2_PLACEMENT_3D('',#11264,#9347,#9348);
#8920=AXIS2_PLACEMENT_3D('',#12525,#9469,#9470);
#8921=AXIS2_PLACEMENT_3D('',#12526,#9471,#9472);
#8922=AXIS2_PLACEMENT_3D('',#12544,#9476,#9477);
#8923=AXIS2_PLACEMENT_3D('',#12559,#9481,#9482);
#8924=AXIS2_PLACEMENT_3D('',#12599,#9488,#9489);
#8925=AXIS2_PLACEMENT_3D('',#12603,#9492,#9493);
#8926=AXIS2_PLACEMENT_3D('',#12655,#9499,#9500);
#8927=AXIS2_PLACEMENT_3D('',#12720,#9506,#9507);
#8928=AXIS2_PLACEMENT_3D('',#12773,#9513,#9514);
#8929=AXIS2_PLACEMENT_3D('',#12813,#9520,#9521);
#8930=AXIS2_PLACEMENT_3D('',#12829,#9524,#9525);
#8931=AXIS2_PLACEMENT_3D('',#12852,#9528,#9529);
#8932=AXIS2_PLACEMENT_3D('',#12877,#9534,#9535);
#8933=AXIS2_PLACEMENT_3D('',#12902,#9540,#9541);
#8934=AXIS2_PLACEMENT_3D('',#12927,#9546,#9547);
#8935=AXIS2_PLACEMENT_3D('',#12930,#9550,#9551);
#8936=AXIS2_PLACEMENT_3D('',#12950,#9556,#9557);
#8937=AXIS2_PLACEMENT_3D('',#12968,#9561,#9562);
#8938=AXIS2_PLACEMENT_3D('',#12986,#9566,#9567);
#8939=AXIS2_PLACEMENT_3D('',#13002,#9570,#9571);
#8940=AXIS2_PLACEMENT_3D('',#13003,#9572,#9573);
#8941=AXIS2_PLACEMENT_3D('',#13045,#9580,#9581);
#8942=AXIS2_PLACEMENT_3D('',#13085,#9587,#9588);
#8943=AXIS2_PLACEMENT_3D('',#13089,#9591,#9592);
#8944=AXIS2_PLACEMENT_3D('',#13107,#9596,#9597);
#8945=AXIS2_PLACEMENT_3D('',#13147,#9603,#9604);
#8946=AXIS2_PLACEMENT_3D('',#13165,#9608,#9609);
#8947=AXIS2_PLACEMENT_3D('',#13167,#9611,#9612);
#8948=AXIS2_PLACEMENT_3D('',#13168,#9613,#9614);
#8949=AXIS2_PLACEMENT_3D('',#13196,#9620,#9621);
#8950=AXIS2_PLACEMENT_3D('',#13236,#9627,#9628);
#8951=AXIS2_PLACEMENT_3D('',#13242,#9632,#9633);
#8952=AXIS2_PLACEMENT_3D('',#13245,#9636,#9637);
#8953=AXIS2_PLACEMENT_3D('',#13262,#9642,#9643);
#8954=AXIS2_PLACEMENT_3D('',#13280,#9647,#9648);
#8955=AXIS2_PLACEMENT_3D('',#13298,#9652,#9653);
#8956=AXIS2_PLACEMENT_3D('',#13316,#9657,#9658);
#8957=AXIS2_PLACEMENT_3D('',#13348,#9663,#9664);
#8958=AXIS2_PLACEMENT_3D('',#13385,#9670,#9671);
#8959=AXIS2_PLACEMENT_3D('',#13387,#9673,#9674);
#8960=AXIS2_PLACEMENT_3D('',#13418,#9678,#9679);
#8961=AXIS2_PLACEMENT_3D('',#13458,#9685,#9686);
#8962=AXIS2_PLACEMENT_3D('',#13460,#9688,#9689);
#8963=AXIS2_PLACEMENT_3D('',#13461,#9690,#9691);
#8964=AXIS2_PLACEMENT_3D('',#13481,#9696,#9697);
#8965=AXIS2_PLACEMENT_3D('',#13496,#9701,#9702);
#8966=AXIS2_PLACEMENT_3D('',#13536,#9708,#9709);
#8967=AXIS2_PLACEMENT_3D('',#13540,#9712,#9713);
#8968=AXIS2_PLACEMENT_3D('',#13558,#9717,#9718);
#8969=AXIS2_PLACEMENT_3D('',#13596,#9723,#9724);
#8970=AXIS2_PLACEMENT_3D('',#13597,#9725,#9726);
#8971=AXIS2_PLACEMENT_3D('',#13639,#9733,#9734);
#8972=AXIS2_PLACEMENT_3D('',#13643,#9737,#9738);
#8973=AXIS2_PLACEMENT_3D('',#13647,#9741,#9742);
#8974=AXIS2_PLACEMENT_3D('',#13651,#9745,#9746);
#8975=AXIS2_PLACEMENT_3D('',#13688,#9752,#9753);
#8976=AXIS2_PLACEMENT_3D('',#13703,#9757,#9758);
#8977=AXIS2_PLACEMENT_3D('',#13707,#9761,#9762);
#8978=AXIS2_PLACEMENT_3D('',#13711,#9765,#9766);
#8979=AXIS2_PLACEMENT_3D('',#13726,#9770,#9771);
#8980=AXIS2_PLACEMENT_3D('',#13730,#9774,#9775);
#8981=AXIS2_PLACEMENT_3D('',#13770,#9781,#9782);
#8982=AXIS2_PLACEMENT_3D('',#13774,#9785,#9786);
#8983=AXIS2_PLACEMENT_3D('',#13806,#9791,#9792);
#8984=AXIS2_PLACEMENT_3D('',#13808,#9794,#9795);
#8985=AXIS2_PLACEMENT_3D('',#13831,#9798,#9799);
#8986=AXIS2_PLACEMENT_3D('',#13856,#9804,#9805);
#8987=AXIS2_PLACEMENT_3D('',#13881,#9810,#9811);
#8988=AXIS2_PLACEMENT_3D('',#13906,#9816,#9817);
#8989=AXIS2_PLACEMENT_3D('',#13909,#9820,#9821);
#8990=AXIS2_PLACEMENT_3D('',#13929,#9826,#9827);
#8991=AXIS2_PLACEMENT_3D('',#13947,#9831,#9832);
#8992=AXIS2_PLACEMENT_3D('',#13965,#9836,#9837);
#8993=AXIS2_PLACEMENT_3D('',#13981,#9840,#9841);
#8994=AXIS2_PLACEMENT_3D('',#13982,#9842,#9843);
#8995=AXIS2_PLACEMENT_3D('',#14024,#9850,#9851);
#8996=AXIS2_PLACEMENT_3D('',#14072,#9858,#9859);
#8997=AXIS2_PLACEMENT_3D('',#14076,#9862,#9863);
#8998=AXIS2_PLACEMENT_3D('',#14114,#9868,#9869);
#8999=AXIS2_PLACEMENT_3D('',#14115,#9870,#9871);
#9000=AXIS2_PLACEMENT_3D('',#14121,#9875,#9876);
#9001=AXIS2_PLACEMENT_3D('',#14153,#9881,#9882);
#9002=AXIS2_PLACEMENT_3D('',#14168,#9886,#9887);
#9003=AXIS2_PLACEMENT_3D('',#14208,#9893,#9894);
#9004=AXIS2_PLACEMENT_3D('',#14212,#9897,#9898);
#9005=AXIS2_PLACEMENT_3D('',#14252,#9904,#9905);
#9006=AXIS2_PLACEMENT_3D('',#14254,#9907,#9908);
#9007=AXIS2_PLACEMENT_3D('',#14310,#9914,#9915);
#9008=AXIS2_PLACEMENT_3D('',#14497,#9933,#9934);
#9009=AXIS2_PLACEMENT_3D('',#14523,#9939,#9940);
#9010=AXIS2_PLACEMENT_3D('',#14605,#9949,#9950);
#9011=AXIS2_PLACEMENT_3D('',#14606,#9951,#9952);
#9012=AXIS2_PLACEMENT_3D('',#14648,#9959,#9960);
#9013=AXIS2_PLACEMENT_3D('',#14666,#9964,#9965);
#9014=AXIS2_PLACEMENT_3D('',#14703,#9971,#9972);
#9015=AXIS2_PLACEMENT_3D('',#14743,#9978,#9979);
#9016=AXIS2_PLACEMENT_3D('',#14761,#9983,#9984);
#9017=AXIS2_PLACEMENT_3D('',#14777,#9987,#9988);
#9018=AXIS2_PLACEMENT_3D('',#14855,#9996,#9997);
#9019=AXIS2_PLACEMENT_3D('',#14928,#10006,#10007);
#9020=AXIS2_PLACEMENT_3D('',#14954,#10012,#10013);
#9021=AXIS2_PLACEMENT_3D('',#14986,#10018,#10019);
#9022=AXIS2_PLACEMENT_3D('',#14990,#10022,#10023);
#9023=AXIS2_PLACEMENT_3D('',#14992,#10025,#10026);
#9024=AXIS2_PLACEMENT_3D('',#15023,#10030,#10031);
#9025=AXIS2_PLACEMENT_3D('',#15060,#10037,#10038);
#9026=AXIS2_PLACEMENT_3D('',#15089,#10043,#10044);
#9027=AXIS2_PLACEMENT_3D('',#15121,#10049,#10050);
#9028=AXIS2_PLACEMENT_3D('',#15139,#10054,#10055);
#9029=AXIS2_PLACEMENT_3D('',#15157,#10059,#10060);
#9030=AXIS2_PLACEMENT_3D('',#15159,#10062,#10063);
#9031=AXIS2_PLACEMENT_3D('',#15190,#10067,#10068);
#9032=AXIS2_PLACEMENT_3D('',#15227,#10074,#10075);
#9033=AXIS2_PLACEMENT_3D('',#15256,#10080,#10081);
#9034=AXIS2_PLACEMENT_3D('',#15288,#10086,#10087);
#9035=AXIS2_PLACEMENT_3D('',#15306,#10091,#10092);
#9036=AXIS2_PLACEMENT_3D('',#15324,#10096,#10097);
#9037=AXIS2_PLACEMENT_3D('',#15326,#10099,#10100);
#9038=AXIS2_PLACEMENT_3D('',#15327,#10101,#10102);
#9039=AXIS2_PLACEMENT_3D('',#15369,#10109,#10110);
#9040=AXIS2_PLACEMENT_3D('',#15373,#10113,#10114);
#9041=AXIS2_PLACEMENT_3D('',#15413,#10120,#10121);
#9042=AXIS2_PLACEMENT_3D('',#15417,#10124,#10125);
#9043=AXIS2_PLACEMENT_3D('',#15457,#10131,#10132);
#9044=AXIS2_PLACEMENT_3D('',#15461,#10135,#10136);
#9045=AXIS2_PLACEMENT_3D('',#15493,#10141,#10142);
#9046=AXIS2_PLACEMENT_3D('',#15495,#10144,#10145);
#9047=AXIS2_PLACEMENT_3D('',#15496,#10146,#10147);
#9048=AXIS2_PLACEMENT_3D('',#15516,#10152,#10153);
#9049=AXIS2_PLACEMENT_3D('',#15531,#10157,#10158);
#9050=AXIS2_PLACEMENT_3D('',#15571,#10164,#10165);
#9051=AXIS2_PLACEMENT_3D('',#15575,#10168,#10169);
#9052=AXIS2_PLACEMENT_3D('',#15593,#10173,#10174);
#9053=AXIS2_PLACEMENT_3D('',#15631,#10179,#10180);
#9054=AXIS2_PLACEMENT_3D('',#15654,#10183,#10184);
#9055=AXIS2_PLACEMENT_3D('',#15679,#10189,#10190);
#9056=AXIS2_PLACEMENT_3D('',#15704,#10195,#10196);
#9057=AXIS2_PLACEMENT_3D('',#15729,#10201,#10202);
#9058=AXIS2_PLACEMENT_3D('',#15732,#10205,#10206);
#9059=AXIS2_PLACEMENT_3D('',#15752,#10211,#10212);
#9060=AXIS2_PLACEMENT_3D('',#15770,#10216,#10217);
#9061=AXIS2_PLACEMENT_3D('',#15788,#10221,#10222);
#9062=AXIS2_PLACEMENT_3D('',#15804,#10225,#10226);
#9063=AXIS2_PLACEMENT_3D('',#15805,#10227,#10228);
#9064=AXIS2_PLACEMENT_3D('',#15848,#10235,#10236);
#9065=AXIS2_PLACEMENT_3D('',#15899,#10243,#10244);
#9066=AXIS2_PLACEMENT_3D('',#15905,#10248,#10249);
#9067=AXIS2_PLACEMENT_3D('',#15908,#10252,#10253);
#9068=AXIS2_PLACEMENT_3D('',#15928,#10258,#10259);
#9069=AXIS2_PLACEMENT_3D('',#15968,#10265,#10266);
#9070=AXIS2_PLACEMENT_3D('',#15986,#10270,#10271);
#9071=AXIS2_PLACEMENT_3D('',#16001,#10275,#10276);
#9072=AXIS2_PLACEMENT_3D('',#16019,#10280,#10281);
#9073=AXIS2_PLACEMENT_3D('',#16037,#10285,#10286);
#9074=AXIS2_PLACEMENT_3D('',#16039,#10288,#10289);
#9075=AXIS2_PLACEMENT_3D('',#16040,#10290,#10291);
#9076=AXIS2_PLACEMENT_3D('',#16082,#10298,#10299);
#9077=AXIS2_PLACEMENT_3D('',#16120,#10304,#10305);
#9078=AXIS2_PLACEMENT_3D('',#16185,#10311,#10312);
#9079=AXIS2_PLACEMENT_3D('',#16186,#10313,#10314);
#9080=AXIS2_PLACEMENT_3D('',#16228,#10321,#10322);
#9081=AXIS2_PLACEMENT_3D('',#16232,#10325,#10326);
#9082=AXIS2_PLACEMENT_3D('',#16269,#10332,#10333);
#9083=AXIS2_PLACEMENT_3D('',#16309,#10339,#10340);
#9084=AXIS2_PLACEMENT_3D('',#16327,#10344,#10345);
#9085=AXIS2_PLACEMENT_3D('',#16340,#10348,#10349);
#9086=AXIS2_PLACEMENT_3D('',#16341,#10350,#10351);
#9087=AXIS2_PLACEMENT_3D('',#16342,#10352,#10353);
#9088=AXIS2_PLACEMENT_3D('',#16343,#10354,#10355);
#9089=AXIS2_PLACEMENT_3D('',#16344,#10356,#10357);
#9090=AXIS2_PLACEMENT_3D('',#16345,#10358,#10359);
#9091=AXIS2_PLACEMENT_3D('',#16346,#10360,#10361);
#9092=AXIS2_PLACEMENT_3D('',#16347,#10362,#10363);
#9093=AXIS2_PLACEMENT_3D('',#16348,#10364,#10365);
#9094=AXIS2_PLACEMENT_3D('',#16349,#10366,#10367);
#9095=AXIS2_PLACEMENT_3D('',#16352,#10369,#10370);
#9096=AXIS2_PLACEMENT_3D('',#16353,#10371,#10372);
#9097=AXIS2_PLACEMENT_3D('',#16354,#10373,#10374);
#9098=AXIS2_PLACEMENT_3D('',#16357,#10376,#10377);
#9099=AXIS2_PLACEMENT_3D('',#16358,#10378,#10379);
#9100=AXIS2_PLACEMENT_3D('',#16359,#10380,#10381);
#9101=AXIS2_PLACEMENT_3D('',#16362,#10383,#10384);
#9102=AXIS2_PLACEMENT_3D('',#16363,#10385,#10386);
#9103=AXIS2_PLACEMENT_3D('',#16364,#10387,#10388);
#9104=AXIS2_PLACEMENT_3D('',#16365,#10389,#10390);
#9105=DIRECTION('axis',(0.,0.,1.));
#9106=DIRECTION('refdir',(1.,0.,0.));
#9107=DIRECTION('',(-2.20794252002411E-15,0.707106781186548,0.707106781186548));
#9108=DIRECTION('center_axis',(0.,1.,0.));
#9109=DIRECTION('ref_axis',(1.,0.,0.));
#9110=DIRECTION('center_axis',(0.,1.,0.));
#9111=DIRECTION('ref_axis',(1.,0.,0.));
#9112=DIRECTION('',(0.,-1.,0.));
#9113=DIRECTION('center_axis',(0.,-1.,0.));
#9114=DIRECTION('ref_axis',(1.,0.,0.));
#9115=DIRECTION('center_axis',(0.,0.,1.));
#9116=DIRECTION('ref_axis',(-1.,0.,0.));
#9117=DIRECTION('',(0.,0.,1.));
#9118=DIRECTION('center_axis',(0.,0.,1.));
#9119=DIRECTION('ref_axis',(-1.,0.,0.));
#9120=DIRECTION('',(0.,0.,-1.));
#9121=DIRECTION('center_axis',(0.,0.,-1.));
#9122=DIRECTION('ref_axis',(1.,-5.55111512312578E-17,0.));
#9123=DIRECTION('center_axis',(0.,0.,-1.));
#9124=DIRECTION('ref_axis',(1.,-5.55111512312578E-17,0.));
#9125=DIRECTION('',(0.707106781186548,-1.25847917090644E-16,0.707106781186548));
#9126=DIRECTION('center_axis',(0.,0.,1.));
#9127=DIRECTION('ref_axis',(1.,-5.55111512312578E-17,0.));
#9128=DIRECTION('center_axis',(0.,0.,-1.));
#9129=DIRECTION('ref_axis',(-1.,0.,0.));
#9130=DIRECTION('',(1.,0.,0.));
#9131=DIRECTION('',(0.,-1.,0.));
#9132=DIRECTION('',(-1.,0.,0.));
#9133=DIRECTION('',(0.,1.,0.));
#9134=DIRECTION('center_axis',(0.,0.,1.));
#9135=DIRECTION('ref_axis',(1.,-5.55111512312578E-17,0.));
#9136=DIRECTION('',(0.,0.,1.));
#9137=DIRECTION('center_axis',(0.,0.,1.));
#9138=DIRECTION('ref_axis',(1.,-5.55111512312578E-17,0.));
#9139=DIRECTION('center_axis',(0.,0.,1.));
#9140=DIRECTION('ref_axis',(-1.,0.,0.));
#9141=DIRECTION('center_axis',(0.,0.,1.));
#9142=DIRECTION('ref_axis',(-1.,0.,0.));
#9143=DIRECTION('',(-0.707106781186548,-8.65956056235493E-17,-0.707106781186548));
#9144=DIRECTION('center_axis',(0.,0.,-1.));
#9145=DIRECTION('ref_axis',(-1.,0.,0.));
#9146=DIRECTION('center_axis',(0.,0.,1.));
#9147=DIRECTION('ref_axis',(1.,0.,0.));
#9148=DIRECTION('',(-1.,0.,0.));
#9149=DIRECTION('',(0.,-1.,0.));
#9150=DIRECTION('',(1.,0.,0.));
#9151=DIRECTION('',(0.,1.,0.));
#9152=DIRECTION('center_axis',(0.,0.,-1.));
#9153=DIRECTION('ref_axis',(-1.,0.,0.));
#9154=DIRECTION('',(0.,0.,-1.));
#9155=DIRECTION('center_axis',(0.,0.,-1.));
#9156=DIRECTION('ref_axis',(-1.,0.,0.));
#9157=DIRECTION('',(7.35980840008035E-16,0.707106781186548,-0.707106781186548));
#9158=DIRECTION('center_axis',(0.,0.,-1.));
#9159=DIRECTION('ref_axis',(-1.,0.,0.));
#9160=DIRECTION('',(0.,0.,1.));
#9161=DIRECTION('',(0.,0.,-1.));
#9162=DIRECTION('center_axis',(0.,0.,-1.));
#9163=DIRECTION('ref_axis',(-1.,0.,0.));
#9164=DIRECTION('center_axis',(0.,1.,0.));
#9165=DIRECTION('ref_axis',(1.,0.,0.));
#9166=DIRECTION('center_axis',(0.,1.,0.));
#9167=DIRECTION('ref_axis',(1.,0.,0.));
#9168=DIRECTION('center_axis',(0.,-1.,0.));
#9169=DIRECTION('ref_axis',(1.,0.,0.));
#9170=DIRECTION('center_axis',(0.,-0.707106781186548,-0.707106781186547));
#9171=DIRECTION('ref_axis',(-1.,0.,0.));
#9172=DIRECTION('',(-1.,0.,0.));
#9173=DIRECTION('center_axis',(0.,1.,0.));
#9174=DIRECTION('ref_axis',(-1.,0.,0.));
#9175=DIRECTION('center_axis',(0.,1.,0.));
#9176=DIRECTION('ref_axis',(-1.,0.,0.));
#9177=DIRECTION('center_axis',(0.,-1.,0.));
#9178=DIRECTION('ref_axis',(-1.,0.,0.));
#9179=DIRECTION('center_axis',(0.,-0.707106781186548,0.707106781186547));
#9180=DIRECTION('ref_axis',(1.,0.,0.));
#9181=DIRECTION('',(1.,0.,0.));
#9182=DIRECTION('center_axis',(0.,1.,0.));
#9183=DIRECTION('ref_axis',(1.,0.,0.));
#9184=DIRECTION('center_axis',(0.,1.,0.));
#9185=DIRECTION('ref_axis',(1.,0.,0.));
#9186=DIRECTION('center_axis',(0.,1.,0.));
#9187=DIRECTION('ref_axis',(0.,0.,1.));
#9188=DIRECTION('center_axis',(0.,-1.,0.));
#9189=DIRECTION('ref_axis',(-1.,0.,0.));
#9190=DIRECTION('center_axis',(0.,-1.,0.));
#9191=DIRECTION('ref_axis',(-1.,0.,0.));
#9192=DIRECTION('center_axis',(0.,-1.,0.));
#9193=DIRECTION('ref_axis',(-1.,0.,0.));
#9194=DIRECTION('center_axis',(0.,1.,0.));
#9195=DIRECTION('ref_axis',(1.,0.,0.));
#9196=DIRECTION('center_axis',(0.,-1.,0.));
#9197=DIRECTION('ref_axis',(-1.,0.,0.));
#9198=DIRECTION('center_axis',(0.,-1.,0.));
#9199=DIRECTION('ref_axis',(-1.,0.,0.));
#9200=DIRECTION('center_axis',(0.,-1.,0.));
#9201=DIRECTION('ref_axis',(-1.,0.,0.));
#9202=DIRECTION('center_axis',(0.,-1.,0.));
#9203=DIRECTION('ref_axis',(1.,0.,0.));
#9204=DIRECTION('center_axis',(0.,-1.,0.));
#9205=DIRECTION('ref_axis',(1.,0.,0.));
#9206=DIRECTION('center_axis',(0.,0.707106781186548,0.707106781186548));
#9207=DIRECTION('ref_axis',(1.,0.,0.));
#9208=DIRECTION('',(-1.,0.,0.));
#9209=DIRECTION('center_axis',(0.,-1.,0.));
#9210=DIRECTION('ref_axis',(-1.,0.,0.));
#9211=DIRECTION('center_axis',(0.,-1.,0.));
#9212=DIRECTION('ref_axis',(-1.,0.,0.));
#9213=DIRECTION('center_axis',(0.,1.,0.));
#9214=DIRECTION('ref_axis',(-1.,0.,0.));
#9215=DIRECTION('center_axis',(0.,0.707106781186548,-0.707106781186548));
#9216=DIRECTION('ref_axis',(-1.,0.,0.));
#9217=DIRECTION('',(1.,0.,0.));
#9218=DIRECTION('center_axis',(0.,1.,0.));
#9219=DIRECTION('ref_axis',(0.,0.,1.));
#9220=DIRECTION('center_axis',(0.,1.,0.));
#9221=DIRECTION('ref_axis',(-1.,0.,0.));
#9222=DIRECTION('center_axis',(0.,1.,0.));
#9223=DIRECTION('ref_axis',(-1.,0.,0.));
#9224=DIRECTION('center_axis',(0.,1.,0.));
#9225=DIRECTION('ref_axis',(-1.,0.,0.));
#9226=DIRECTION('center_axis',(0.,1.,0.));
#9227=DIRECTION('ref_axis',(-1.,0.,0.));
#9228=DIRECTION('center_axis',(0.,1.,0.));
#9229=DIRECTION('ref_axis',(-1.,0.,0.));
#9230=DIRECTION('center_axis',(0.,1.,0.));
#9231=DIRECTION('ref_axis',(-1.,0.,0.));
#9232=DIRECTION('',(-0.896790624400973,1.40348467176045E-15,0.442455168335181));
#9233=DIRECTION('center_axis',(0.923879532511287,0.,0.38268343236509));
#9234=DIRECTION('ref_axis',(0.,-1.,0.));
#9235=DIRECTION('',(0.923879532511287,0.,0.38268343236509));
#9236=DIRECTION('center_axis',(0.,1.,0.));
#9237=DIRECTION('ref_axis',(-1.,0.,0.));
#9238=DIRECTION('',(-0.707106781186548,-0.707106781186548,8.65956056235494E-17));
#9239=DIRECTION('center_axis',(0.,-1.,0.));
#9240=DIRECTION('ref_axis',(-1.,0.,0.));
#9241=DIRECTION('center_axis',(0.,1.,0.));
#9242=DIRECTION('ref_axis',(-1.,0.,0.));
#9243=DIRECTION('center_axis',(0.,1.,0.));
#9244=DIRECTION('ref_axis',(-1.,0.,0.));
#9245=DIRECTION('',(0.,1.,0.));
#9246=DIRECTION('center_axis',(0.,1.,0.));
#9247=DIRECTION('ref_axis',(-1.,0.,0.));
#9248=DIRECTION('',(-0.707106781186548,-0.707106781186548,8.65956056235493E-17));
#9249=DIRECTION('center_axis',(0.,-1.,0.));
#9250=DIRECTION('ref_axis',(-1.,0.,0.));
#9251=DIRECTION('center_axis',(0.,1.,0.));
#9252=DIRECTION('ref_axis',(-1.,0.,0.));
#9253=DIRECTION('center_axis',(0.,1.,0.));
#9254=DIRECTION('ref_axis',(-1.,0.,0.));
#9255=DIRECTION('',(0.,1.,0.));
#9256=DIRECTION('center_axis',(0.,1.,0.));
#9257=DIRECTION('ref_axis',(-1.,0.,0.));
#9258=DIRECTION('',(-0.707106781186548,-0.707106781186548,8.65956056235493E-17));
#9259=DIRECTION('center_axis',(0.,-1.,0.));
#9260=DIRECTION('ref_axis',(-1.,0.,0.));
#9261=DIRECTION('center_axis',(0.,1.,0.));
#9262=DIRECTION('ref_axis',(-1.,0.,0.));
#9263=DIRECTION('center_axis',(0.,1.,0.));
#9264=DIRECTION('ref_axis',(-1.,0.,0.));
#9265=DIRECTION('',(0.,1.,0.));
#9266=DIRECTION('center_axis',(0.,1.,0.));
#9267=DIRECTION('ref_axis',(-1.,0.,0.));
#9268=DIRECTION('',(-0.707106781186548,-0.707106781186548,8.65956056235493E-17));
#9269=DIRECTION('center_axis',(0.,-1.,0.));
#9270=DIRECTION('ref_axis',(-1.,0.,0.));
#9271=DIRECTION('center_axis',(0.,1.,0.));
#9272=DIRECTION('ref_axis',(-1.,0.,0.));
#9273=DIRECTION('center_axis',(0.,1.,0.));
#9274=DIRECTION('ref_axis',(-1.,0.,0.));
#9275=DIRECTION('',(0.,1.,0.));
#9276=DIRECTION('center_axis',(0.,1.,0.));
#9277=DIRECTION('ref_axis',(-1.,0.,0.));
#9278=DIRECTION('',(-0.707106781186548,-0.707106781186548,8.65956056235493E-17));
#9279=DIRECTION('center_axis',(0.,-1.,0.));
#9280=DIRECTION('ref_axis',(-1.,0.,0.));
#9281=DIRECTION('center_axis',(0.,1.,0.));
#9282=DIRECTION('ref_axis',(-1.,0.,0.));
#9283=DIRECTION('center_axis',(0.,1.,0.));
#9284=DIRECTION('ref_axis',(-1.,0.,0.));
#9285=DIRECTION('',(0.,1.,0.));
#9286=DIRECTION('center_axis',(0.,1.,0.));
#9287=DIRECTION('ref_axis',(-1.,0.,0.));
#9288=DIRECTION('',(-0.707106781186548,-0.707106781186548,8.65956056235493E-17));
#9289=DIRECTION('center_axis',(0.,-1.,0.));
#9290=DIRECTION('ref_axis',(-1.,0.,0.));
#9291=DIRECTION('center_axis',(0.,1.,0.));
#9292=DIRECTION('ref_axis',(-1.,0.,0.));
#9293=DIRECTION('center_axis',(0.,1.,0.));
#9294=DIRECTION('ref_axis',(-1.,0.,0.));
#9295=DIRECTION('',(0.,1.,0.));
#9296=DIRECTION('center_axis',(0.,-1.,0.));
#9297=DIRECTION('ref_axis',(-1.,0.,0.));
#9298=DIRECTION('',(-0.707106781186548,0.707106781186547,-8.65956056235494E-17));
#9299=DIRECTION('center_axis',(0.,-1.,0.));
#9300=DIRECTION('ref_axis',(-1.,0.,0.));
#9301=DIRECTION('',(-0.707106781186548,0.707106781186547,-8.65956056235494E-17));
#9302=DIRECTION('center_axis',(0.,-1.,0.));
#9303=DIRECTION('ref_axis',(-1.,0.,0.));
#9304=DIRECTION('',(-0.707106781186548,0.707106781186547,-8.65956056235494E-17));
#9305=DIRECTION('center_axis',(0.,-1.,0.));
#9306=DIRECTION('ref_axis',(-1.,0.,0.));
#9307=DIRECTION('',(-0.707106781186548,0.707106781186547,-8.65956056235494E-17));
#9308=DIRECTION('center_axis',(0.,-1.,0.));
#9309=DIRECTION('ref_axis',(-1.,0.,0.));
#9310=DIRECTION('',(-0.707106781186548,0.707106781186547,-8.65956056235494E-17));
#9311=DIRECTION('center_axis',(0.,-1.,0.));
#9312=DIRECTION('ref_axis',(-1.,0.,0.));
#9313=DIRECTION('',(-0.707106781186548,0.707106781186547,-8.65956056235494E-17));
#9314=DIRECTION('center_axis',(0.,-1.,0.));
#9315=DIRECTION('ref_axis',(1.,0.,0.));
#9316=DIRECTION('',(0.707106781186548,0.707106781186547,8.65956056235494E-17));
#9317=DIRECTION('center_axis',(0.,1.,0.));
#9318=DIRECTION('ref_axis',(1.,0.,0.));
#9319=DIRECTION('center_axis',(0.,1.,0.));
#9320=DIRECTION('ref_axis',(0.,0.,1.));
#9321=DIRECTION('center_axis',(0.,-1.,0.));
#9322=DIRECTION('ref_axis',(1.,0.,0.));
#9323=DIRECTION('center_axis',(0.,-1.,0.));
#9324=DIRECTION('ref_axis',(1.,0.,0.));
#9325=DIRECTION('center_axis',(0.,1.,0.));
#9326=DIRECTION('ref_axis',(1.,0.,0.));
#9327=DIRECTION('',(-0.707106781186548,-0.707106781186547,8.65956056235494E-17));
#9328=DIRECTION('center_axis',(0.,1.,0.));
#9329=DIRECTION('ref_axis',(1.,0.,0.));
#9330=DIRECTION('',(0.,1.,0.));
#9331=DIRECTION('center_axis',(0.,-1.,0.));
#9332=DIRECTION('ref_axis',(1.,0.,0.));
#9333=DIRECTION('center_axis',(0.,1.,0.));
#9334=DIRECTION('ref_axis',(1.,0.,0.));
#9335=DIRECTION('',(-0.70710678118655,0.707106781186545,-8.65956056235497E-17));
#9336=DIRECTION('center_axis',(0.,1.,0.));
#9337=DIRECTION('ref_axis',(1.,0.,0.));
#9338=DIRECTION('center_axis',(0.,1.,0.));
#9339=DIRECTION('ref_axis',(0.,0.,1.));
#9340=DIRECTION('center_axis',(0.,-1.,0.));
#9341=DIRECTION('ref_axis',(1.,0.,0.));
#9342=DIRECTION('center_axis',(0.,-1.,0.));
#9343=DIRECTION('ref_axis',(1.,0.,0.));
#9344=DIRECTION('center_axis',(0.,-1.,0.));
#9345=DIRECTION('ref_axis',(1.,0.,0.));
#9346=DIRECTION('',(-0.70710678118655,-0.707106781186545,8.65956056235497E-17));
#9347=DIRECTION('center_axis',(0.,1.,0.));
#9348=DIRECTION('ref_axis',(0.,0.,1.));
#9349=DIRECTION('',(-0.999990994761121,0.,-0.00424386576886358));
#9350=DIRECTION('',(-0.00424386576886499,0.,0.999990994761121));
#9351=DIRECTION('',(0.00424386576886497,0.,-0.999990994761121));
#9352=DIRECTION('',(0.999990994761121,0.,0.00424386576886426));
#9353=DIRECTION('',(-0.560280008602877,0.,-0.828303272938095));
#9354=DIRECTION('',(0.560280008602877,0.,0.828303272938095));
#9355=DIRECTION('',(0.664232511645425,0.,0.747526033308011));
#9356=DIRECTION('',(-0.74752603330801,0.,0.664232511645427));
#9357=DIRECTION('',(-0.664232511645425,0.,-0.747526033308011));
#9358=DIRECTION('',(0.74752603330801,0.,-0.664232511645427));
#9359=DIRECTION('',(0.873096572626258,0.,0.487547305262044));
#9360=DIRECTION('',(0.487547305262043,0.,-0.873096572626259));
#9361=DIRECTION('',(0.873096572626259,0.,0.487547305262043));
#9362=DIRECTION('',(-0.87309657262626,0.,-0.487547305262041));
#9363=DIRECTION('',(-0.487547305262041,0.,0.87309657262626));
#9364=DIRECTION('',(0.87309657262626,0.,0.487547305262042));
#9365=DIRECTION('',(-0.873096572626259,0.,-0.487547305262043));
#9366=DIRECTION('',(-0.335138932426596,0.,0.942168719482854));
#9367=DIRECTION('',(0.942168719482855,0.,0.335138932426596));
#9368=DIRECTION('',(0.335138932426595,0.,-0.942168719482855));
#9369=DIRECTION('',(-0.335138932426595,0.,0.942168719482855));
#9370=DIRECTION('',(-0.942168719482854,0.,-0.335138932426596));
#9371=DIRECTION('',(0.335138932426595,0.,-0.942168719482855));
#9372=DIRECTION('',(0.942168719482854,0.,0.335138932426597));
#9373=DIRECTION('',(-0.0305131748461742,0.,0.999534364672274));
#9374=DIRECTION('',(0.0305131748461742,0.,-0.999534364672274));
#9375=DIRECTION('',(0.960857082245695,0.,-0.277044522592109));
#9376=DIRECTION('',(-0.960857082245695,0.,0.277044522592108));
#9377=DIRECTION('',(0.27704452259211,0.,0.960857082245695));
#9378=DIRECTION('',(0.960857082245695,0.,-0.277044522592109));
#9379=DIRECTION('',(-0.960857082245695,0.,0.277044522592109));
#9380=DIRECTION('',(-0.27704452259211,0.,-0.960857082245695));
#9381=DIRECTION('',(-0.453003009872573,0.,-0.891508986520265));
#9382=DIRECTION('',(-0.891508986520262,0.,0.453003009872579));
#9383=DIRECTION('',(0.891508986520262,0.,-0.453003009872579));
#9384=DIRECTION('',(-0.453003009872574,0.,-0.891508986520264));
#9385=DIRECTION('',(0.453003009872574,0.,0.891508986520264));
#9386=DIRECTION('',(0.891508986520263,0.,-0.453003009872576));
#9387=DIRECTION('',(0.345735190812531,0.,0.938332125547145));
#9388=DIRECTION('',(0.202469383063231,0.,0.97928859327677));
#9389=DIRECTION('',(0.190656888038359,0.,0.981656737889334));
#9390=DIRECTION('',(-0.570179251137061,0.,0.821520311113961));
#9391=DIRECTION('',(-0.322371690278926,0.,-0.946613169835867));
#9392=DIRECTION('',(-0.183658234725502,0.,-0.98299015906443));
#9393=DIRECTION('',(-0.891508986520262,0.,0.453003009872578));
#9394=DIRECTION('',(0.453003009872573,0.,0.891508986520265));
#9395=DIRECTION('',(-0.60482102632903,0.,-0.796361429321071));
#9396=DIRECTION('',(0.796361429321063,0.,-0.60482102632904));
#9397=DIRECTION('',(0.60482102632903,0.,0.796361429321071));
#9398=DIRECTION('',(-0.79636142932107,0.,0.604821026329031));
#9399=DIRECTION('',(-0.819624589308621,0.,-0.572900979751889));
#9400=DIRECTION('',(0.819624589308621,0.,0.572900979751889));
#9401=DIRECTION('',(-0.278771769335769,0.,-0.9603573817186));
#9402=DIRECTION('',(0.174459937396386,0.,0.984664272858343));
#9403=DIRECTION('',(-0.962409572364216,0.,-0.271602310413086));
#9404=DIRECTION('',(-0.271602310413084,0.,0.962409572364217));
#9405=DIRECTION('',(0.271602310413084,0.,-0.962409572364217));
#9406=DIRECTION('',(-0.962409572364217,0.,-0.271602310413084));
#9407=DIRECTION('',(0.962409572364217,0.,0.271602310413085));
#9408=DIRECTION('',(-0.271602310413086,0.,0.962409572364216));
#9409=DIRECTION('',(0.271602310413084,0.,-0.962409572364217));
#9410=DIRECTION('',(-0.840282232192647,0.,-0.54214921401893));
#9411=DIRECTION('',(-0.668519423534229,0.,0.743694682216743));
#9412=DIRECTION('',(0.668073661703485,0.,-0.744095143471651));
#9413=DIRECTION('',(-0.89849481791105,0.,-0.438984125210683));
#9414=DIRECTION('',(0.438984125210686,0.,-0.898494817911049));
#9415=DIRECTION('',(0.898494817911051,0.,0.438984125210682));
#9416=DIRECTION('',(-0.898494817911051,0.,-0.438984125210683));
#9417=DIRECTION('',(-0.438984125210684,0.,0.89849481791105));
#9418=DIRECTION('',(0.898494817911051,0.,0.438984125210682));
#9419=DIRECTION('',(-0.238042942609353,0.,-0.971254630606145));
#9420=DIRECTION('',(-0.684362885139419,0.,0.729141578463092));
#9421=DIRECTION('',(0.684362885139418,0.,-0.729141578463093));
#9422=DIRECTION('',(0.254892953843676,0.,0.966969276699547));
#9423=DIRECTION('',(0.512738834873213,0.,-0.858544633209515));
#9424=DIRECTION('',(0.422620017606709,0.,0.906306968260812));
#9425=DIRECTION('',(-0.906306968260812,0.,0.422620017606709));
#9426=DIRECTION('',(-0.422620017606709,0.,-0.906306968260812));
#9427=DIRECTION('',(0.422620017606709,0.,0.906306968260812));
#9428=DIRECTION('',(0.906306968260812,0.,-0.422620017606709));
#9429=DIRECTION('',(-0.422620017606709,0.,-0.906306968260812));
#9430=DIRECTION('',(0.12477343226558,0.,0.99218526022143));
#9431=DIRECTION('',(-0.99218526022143,0.,0.124773432265578));
#9432=DIRECTION('',(-0.124773432265581,0.,-0.99218526022143));
#9433=DIRECTION('',(0.12477343226558,0.,0.99218526022143));
#9434=DIRECTION('',(0.99218526022143,0.,-0.124773432265579));
#9435=DIRECTION('',(-0.12477343226558,0.,-0.99218526022143));
#9436=DIRECTION('',(0.982726782885124,0.,0.185062341388664));
#9437=DIRECTION('',(0.185062341388661,0.,-0.982726782885124));
#9438=DIRECTION('',(-0.185062341388661,0.,0.982726782885124));
#9439=DIRECTION('',(0.982726782885124,0.,0.185062341388663));
#9440=DIRECTION('',(-0.982726782885124,0.,-0.185062341388663));
#9441=DIRECTION('',(-0.185062341388674,0.,0.982726782885122));
#9442=DIRECTION('',(0.185062341388674,0.,-0.982726782885122));
#9443=DIRECTION('',(-0.982726782885124,0.,-0.185062341388664));
#9444=DIRECTION('',(0.779578355969433,0.,0.626304707713423));
#9445=DIRECTION('',(-0.779578355969433,0.,-0.626304707713423));
#9446=DIRECTION('',(-0.626304707713424,0.,0.779578355969432));
#9447=DIRECTION('',(0.779578355969434,0.,0.626304707713422));
#9448=DIRECTION('',(-0.779578355969433,0.,-0.626304707713423));
#9449=DIRECTION('',(0.626304707713423,0.,-0.779578355969433));
#9450=DIRECTION('',(0.446617244921939,0.,0.894725117864887));
#9451=DIRECTION('',(-0.894725117864887,0.,0.44661724492194));
#9452=DIRECTION('',(-0.446617244921941,0.,-0.894725117864886));
#9453=DIRECTION('',(0.894725117864887,0.,-0.44661724492194));
#9454=DIRECTION('',(-0.29117546593373,0.,-0.956669665055956));
#9455=DIRECTION('',(-0.956669665055957,0.,0.291175465933726));
#9456=DIRECTION('',(-0.291175465933727,0.,-0.956669665055957));
#9457=DIRECTION('',(0.956669665055957,0.,-0.291175465933728));
#9458=DIRECTION('',(0.291175465933728,0.,0.956669665055957));
#9459=DIRECTION('',(-0.956669665055957,0.,0.291175465933726));
#9460=DIRECTION('',(0.956669665055957,0.,-0.291175465933727));
#9461=DIRECTION('',(0.174769864514997,0.,0.98460931056811));
#9462=DIRECTION('',(-0.174769864514998,0.,-0.98460931056811));
#9463=DIRECTION('',(-0.159181242972913,0.,0.987249376746118));
#9464=DIRECTION('',(-0.987249376746118,0.,-0.159181242972915));
#9465=DIRECTION('',(0.159181242972913,0.,-0.987249376746118));
#9466=DIRECTION('',(-0.159181242972912,0.,0.987249376746118));
#9467=DIRECTION('',(0.987249376746118,0.,0.159181242972913));
#9468=DIRECTION('',(0.159181242972913,0.,-0.987249376746118));
#9469=DIRECTION('center_axis',(0.,-1.,0.));
#9470=DIRECTION('ref_axis',(1.,0.,0.));
#9471=DIRECTION('center_axis',(0.,1.,0.));
#9472=DIRECTION('ref_axis',(1.,0.,0.));
#9473=DIRECTION('',(0.707106781186571,-0.707106781186524,-8.65956056235522E-17));
#9474=DIRECTION('',(0.,-1.,0.));
#9475=DIRECTION('',(0.,-1.,0.));
#9476=DIRECTION('center_axis',(0.00424386576886426,0.,-0.999990994761121));
#9477=DIRECTION('ref_axis',(0.999990994761121,0.,0.00424386576886426));
#9478=DIRECTION('',(0.,-1.,0.));
#9479=DIRECTION('',(0.999990994761121,0.,0.00424386576886426));
#9480=DIRECTION('',(0.,-1.,0.));
#9481=DIRECTION('center_axis',(-0.999990994761121,0.,-0.00424386576886497));
#9482=DIRECTION('ref_axis',(0.00424386576886497,0.,-0.999990994761121));
#9483=DIRECTION('',(0.,-1.,0.));
#9484=DIRECTION('',(0.00424386576886497,0.,-0.999990994761121));
#9485=DIRECTION('',(0.,-1.,0.));
#9486=DIRECTION('',(0.,-1.,0.));
#9487=DIRECTION('',(0.,-1.,0.));
#9488=DIRECTION('center_axis',(0.999990994761121,0.,0.00424386576886499));
#9489=DIRECTION('ref_axis',(-0.00424386576886499,0.,0.999990994761121));
#9490=DIRECTION('',(0.,-1.,0.));
#9491=DIRECTION('',(-0.00424386576886499,0.,0.999990994761121));
#9492=DIRECTION('center_axis',(-0.00424386576886358,0.,0.999990994761121));
#9493=DIRECTION('ref_axis',(-0.999990994761121,0.,-0.00424386576886358));
#9494=DIRECTION('',(0.,-1.,0.));
#9495=DIRECTION('',(-0.999990994761121,0.,-0.00424386576886358));
#9496=DIRECTION('',(0.,-1.,0.));
#9497=DIRECTION('',(0.,-1.,0.));
#9498=DIRECTION('',(0.,-1.,0.));
#9499=DIRECTION('center_axis',(7.16310198422987E-17,1.,-2.61594448046547E-16));
#9500=DIRECTION('ref_axis',(0.,2.61594448046547E-16,1.));
#9501=DIRECTION('',(0.,-1.,0.));
#9502=DIRECTION('',(0.,-1.,0.));
#9503=DIRECTION('',(0.,-1.,0.));
#9504=DIRECTION('',(0.,-1.,0.));
#9505=DIRECTION('',(0.,-1.,0.));
#9506=DIRECTION('center_axis',(-1.15844296111555E-15,1.,1.793857702635E-15));
#9507=DIRECTION('ref_axis',(0.,-1.793857702635E-15,1.));
#9508=DIRECTION('',(0.,-1.,0.));
#9509=DIRECTION('',(0.,-1.,0.));
#9510=DIRECTION('',(0.,-1.,0.));
#9511=DIRECTION('',(0.,-1.,0.));
#9512=DIRECTION('',(0.,-1.,0.));
#9513=DIRECTION('center_axis',(0.828303272938095,0.,-0.560280008602877));
#9514=DIRECTION('ref_axis',(0.560280008602877,0.,0.828303272938095));
#9515=DIRECTION('',(0.,-1.,0.));
#9516=DIRECTION('',(0.560280008602877,0.,0.828303272938095));
#9517=DIRECTION('',(0.,-1.,0.));
#9518=DIRECTION('',(0.,-1.,0.));
#9519=DIRECTION('',(0.,-1.,0.));
#9520=DIRECTION('center_axis',(-0.828303272938095,0.,0.560280008602877));
#9521=DIRECTION('ref_axis',(-0.560280008602877,0.,-0.828303272938095));
#9522=DIRECTION('',(0.,-1.,0.));
#9523=DIRECTION('',(-0.560280008602877,0.,-0.828303272938095));
#9524=DIRECTION('center_axis',(-2.35654764198399E-15,1.,2.35715421193619E-15));
#9525=DIRECTION('ref_axis',(0.,-2.35715421193619E-15,1.));
#9526=DIRECTION('',(0.,-1.,0.));
#9527=DIRECTION('',(0.,-1.,0.));
#9528=DIRECTION('center_axis',(-0.664232511645422,0.,-0.747526033308015));
#9529=DIRECTION('ref_axis',(0.747526033308015,0.,-0.664232511645422));
#9530=DIRECTION('',(-0.747526033308015,0.,0.664232511645422));
#9531=DIRECTION('',(-0.747526033308015,-2.8894405119697E-19,0.664232511645422));
#9532=DIRECTION('',(0.,-1.,0.));
#9533=DIRECTION('',(0.,-1.,0.));
#9534=DIRECTION('center_axis',(-0.747526033308011,0.,0.664232511645425));
#9535=DIRECTION('ref_axis',(-0.664232511645425,0.,-0.747526033308011));
#9536=DIRECTION('',(0.664232511645425,0.,0.747526033308011));
#9537=DIRECTION('',(0.664232511645425,5.86968123875163E-18,0.747526033308011));
#9538=DIRECTION('',(0.,-1.,0.));
#9539=DIRECTION('',(0.,-1.,0.));
#9540=DIRECTION('center_axis',(0.664232511645422,0.,0.747526033308015));
#9541=DIRECTION('ref_axis',(-0.747526033308015,0.,0.664232511645422));
#9542=DIRECTION('',(0.747526033308015,0.,-0.664232511645422));
#9543=DIRECTION('',(0.747526033308015,2.8894405119697E-19,-0.664232511645422));
#9544=DIRECTION('',(0.,-1.,0.));
#9545=DIRECTION('',(0.,-1.,0.));
#9546=DIRECTION('center_axis',(0.747526033308011,0.,-0.664232511645425));
#9547=DIRECTION('ref_axis',(0.664232511645425,0.,0.747526033308011));
#9548=DIRECTION('',(-0.664232511645425,0.,-0.747526033308011));
#9549=DIRECTION('',(-0.664232511645425,-5.86968123875163E-18,-0.747526033308011));
#9550=DIRECTION('center_axis',(0.747526033308011,0.,-0.664232511645425));
#9551=DIRECTION('ref_axis',(0.664232511645425,0.,0.747526033308011));
#9552=DIRECTION('',(0.,-1.,0.));
#9553=DIRECTION('',(0.664232511645425,0.,0.747526033308011));
#9554=DIRECTION('',(0.,-1.,0.));
#9555=DIRECTION('',(0.,-1.,0.));
#9556=DIRECTION('center_axis',(-0.664232511645427,0.,-0.74752603330801));
#9557=DIRECTION('ref_axis',(0.74752603330801,0.,-0.664232511645427));
#9558=DIRECTION('',(0.,-1.,0.));
#9559=DIRECTION('',(0.74752603330801,0.,-0.664232511645427));
#9560=DIRECTION('',(0.,-1.,0.));
#9561=DIRECTION('center_axis',(-0.747526033308011,0.,0.664232511645425));
#9562=DIRECTION('ref_axis',(-0.664232511645425,0.,-0.747526033308011));
#9563=DIRECTION('',(0.,-1.,0.));
#9564=DIRECTION('',(-0.664232511645425,0.,-0.747526033308011));
#9565=DIRECTION('',(0.,-1.,0.));
#9566=DIRECTION('center_axis',(0.664232511645427,0.,0.74752603330801));
#9567=DIRECTION('ref_axis',(-0.74752603330801,0.,0.664232511645427));
#9568=DIRECTION('',(0.,-1.,0.));
#9569=DIRECTION('',(-0.74752603330801,0.,0.664232511645427));
#9570=DIRECTION('center_axis',(-4.11482631221322E-18,1.,-4.19581350033491E-18));
#9571=DIRECTION('ref_axis',(0.,4.19581350033491E-18,1.));
#9572=DIRECTION('center_axis',(0.487547305262044,0.,-0.873096572626258));
#9573=DIRECTION('ref_axis',(0.873096572626258,0.,0.487547305262044));
#9574=DIRECTION('',(0.,-1.,0.));
#9575=DIRECTION('',(0.873096572626258,0.,0.487547305262044));
#9576=DIRECTION('',(0.,-1.,0.));
#9577=DIRECTION('',(0.,-1.,0.));
#9578=DIRECTION('',(0.,-1.,0.));
#9579=DIRECTION('',(0.,-1.,0.));
#9580=DIRECTION('center_axis',(-0.487547305262043,0.,0.873096572626259));
#9581=DIRECTION('ref_axis',(-0.873096572626259,0.,-0.487547305262043));
#9582=DIRECTION('',(0.,-1.,0.));
#9583=DIRECTION('',(-0.873096572626259,0.,-0.487547305262043));
#9584=DIRECTION('',(0.,-1.,0.));
#9585=DIRECTION('',(0.,-1.,0.));
#9586=DIRECTION('',(0.,-1.,0.));
#9587=DIRECTION('center_axis',(0.487547305262042,0.,-0.87309657262626));
#9588=DIRECTION('ref_axis',(0.873096572626259,0.,0.487547305262042));
#9589=DIRECTION('',(0.,-1.,0.));
#9590=DIRECTION('',(0.873096572626259,0.,0.487547305262042));
#9591=DIRECTION('center_axis',(0.87309657262626,0.,0.487547305262041));
#9592=DIRECTION('ref_axis',(-0.487547305262041,0.,0.87309657262626));
#9593=DIRECTION('',(0.,-1.,0.));
#9594=DIRECTION('',(-0.487547305262041,0.,0.87309657262626));
#9595=DIRECTION('',(0.,-1.,0.));
#9596=DIRECTION('center_axis',(-0.487547305262042,0.,0.87309657262626));
#9597=DIRECTION('ref_axis',(-0.87309657262626,0.,-0.487547305262041));
#9598=DIRECTION('',(0.,-1.,0.));
#9599=DIRECTION('',(-0.87309657262626,0.,-0.487547305262041));
#9600=DIRECTION('',(0.,-1.,0.));
#9601=DIRECTION('',(0.,-1.,0.));
#9602=DIRECTION('',(0.,-1.,0.));
#9603=DIRECTION('center_axis',(0.487547305262043,0.,-0.873096572626259));
#9604=DIRECTION('ref_axis',(0.873096572626259,0.,0.487547305262043));
#9605=DIRECTION('',(0.,-1.,0.));
#9606=DIRECTION('',(0.873096572626259,0.,0.487547305262043));
#9607=DIRECTION('',(0.,-1.,0.));
#9608=DIRECTION('center_axis',(-0.873096572626259,0.,-0.487547305262043));
#9609=DIRECTION('ref_axis',(0.487547305262043,0.,-0.873096572626259));
#9610=DIRECTION('',(0.487547305262043,0.,-0.873096572626259));
#9611=DIRECTION('center_axis',(3.08076083220482E-17,1.,3.21554005989654E-17));
#9612=DIRECTION('ref_axis',(0.,-3.21554005989654E-17,1.));
#9613=DIRECTION('center_axis',(0.335138932426593,0.,-0.942168719482856));
#9614=DIRECTION('ref_axis',(0.942168719482856,0.,0.335138932426593));
#9615=DIRECTION('',(-0.942168719482856,0.,-0.335138932426593));
#9616=DIRECTION('',(0.,-1.,0.));
#9617=DIRECTION('',(-0.942168719482856,1.54222751675136E-15,-0.335138932426593));
#9618=DIRECTION('',(0.,-1.,0.));
#9619=DIRECTION('',(0.,-1.,0.));
#9620=DIRECTION('center_axis',(-0.942168719482854,0.,-0.335138932426597));
#9621=DIRECTION('ref_axis',(0.335138932426597,0.,-0.942168719482854));
#9622=DIRECTION('',(-0.335138932426597,0.,0.942168719482854));
#9623=DIRECTION('',(-0.335138932426597,-9.63690588832235E-16,0.942168719482854));
#9624=DIRECTION('',(0.,-1.,0.));
#9625=DIRECTION('',(0.,-1.,0.));
#9626=DIRECTION('',(0.,-1.,0.));
#9627=DIRECTION('center_axis',(-0.335138932426593,0.,0.942168719482856));
#9628=DIRECTION('ref_axis',(-0.942168719482856,0.,-0.335138932426593));
#9629=DIRECTION('',(0.942168719482856,0.,0.335138932426593));
#9630=DIRECTION('',(0.942168719482856,-1.54222751675136E-15,0.335138932426593));
#9631=DIRECTION('',(0.,-1.,0.));
#9632=DIRECTION('center_axis',(0.942168719482855,0.,0.335138932426595));
#9633=DIRECTION('ref_axis',(-0.335138932426595,0.,0.942168719482855));
#9634=DIRECTION('',(0.335138932426595,0.,-0.942168719482855));
#9635=DIRECTION('',(0.335138932426595,9.63690588832237E-16,-0.942168719482855));
#9636=DIRECTION('center_axis',(0.942168719482854,0.,0.335138932426596));
#9637=DIRECTION('ref_axis',(-0.335138932426596,0.,0.942168719482854));
#9638=DIRECTION('',(0.,-1.,0.));
#9639=DIRECTION('',(-0.335138932426596,0.,0.942168719482854));
#9640=DIRECTION('',(0.,-1.,0.));
#9641=DIRECTION('',(0.,-1.,0.));
#9642=DIRECTION('center_axis',(0.335138932426597,0.,-0.942168719482854));
#9643=DIRECTION('ref_axis',(0.942168719482854,0.,0.335138932426597));
#9644=DIRECTION('',(0.,-1.,0.));
#9645=DIRECTION('',(0.942168719482854,0.,0.335138932426597));
#9646=DIRECTION('',(0.,-1.,0.));
#9647=DIRECTION('center_axis',(-0.942168719482855,0.,-0.335138932426595));
#9648=DIRECTION('ref_axis',(0.335138932426595,0.,-0.942168719482855));
#9649=DIRECTION('',(0.,-1.,0.));
#9650=DIRECTION('',(0.335138932426595,0.,-0.942168719482855));
#9651=DIRECTION('',(0.,-1.,0.));
#9652=DIRECTION('center_axis',(-0.335138932426596,0.,0.942168719482854));
#9653=DIRECTION('ref_axis',(-0.942168719482854,0.,-0.335138932426596));
#9654=DIRECTION('',(0.,-1.,0.));
#9655=DIRECTION('',(-0.942168719482854,0.,-0.335138932426596));
#9656=DIRECTION('',(0.,-1.,0.));
#9657=DIRECTION('center_axis',(0.942168719482855,0.,0.335138932426595));
#9658=DIRECTION('ref_axis',(-0.335138932426595,0.,0.942168719482855));
#9659=DIRECTION('',(0.,-1.,0.));
#9660=DIRECTION('',(-0.335138932426595,0.,0.942168719482855));
#9661=DIRECTION('',(0.,-1.,0.));
#9662=DIRECTION('',(0.,-1.,0.));
#9663=DIRECTION('center_axis',(-0.942168719482855,0.,-0.335138932426595));
#9664=DIRECTION('ref_axis',(0.335138932426595,0.,-0.942168719482855));
#9665=DIRECTION('',(0.,-1.,0.));
#9666=DIRECTION('',(0.335138932426595,0.,-0.942168719482855));
#9667=DIRECTION('',(0.,-1.,0.));
#9668=DIRECTION('',(0.,-1.,0.));
#9669=DIRECTION('',(0.,-1.,0.));
#9670=DIRECTION('center_axis',(0.335138932426596,0.,-0.942168719482854));
#9671=DIRECTION('ref_axis',(0.942168719482855,0.,0.335138932426596));
#9672=DIRECTION('',(0.942168719482855,0.,0.335138932426596));
#9673=DIRECTION('center_axis',(-1.13006828947807E-15,-1.,-1.42481961158072E-15));
#9674=DIRECTION('ref_axis',(0.,1.42481961158072E-15,-1.));
#9675=DIRECTION('',(0.,-1.,0.));
#9676=DIRECTION('',(0.,-1.,0.));
#9677=DIRECTION('',(0.,-1.,0.));
#9678=DIRECTION('center_axis',(-0.999534364672274,0.,-0.0305131748461742));
#9679=DIRECTION('ref_axis',(0.0305131748461742,0.,-0.999534364672274));
#9680=DIRECTION('',(0.,-1.,0.));
#9681=DIRECTION('',(0.0305131748461742,0.,-0.999534364672274));
#9682=DIRECTION('',(0.,-1.,0.));
#9683=DIRECTION('',(0.,-1.,0.));
#9684=DIRECTION('',(0.,-1.,0.));
#9685=DIRECTION('center_axis',(0.999534364672274,0.,0.0305131748461742));
#9686=DIRECTION('ref_axis',(-0.0305131748461742,0.,0.999534364672274));
#9687=DIRECTION('',(-0.0305131748461742,0.,0.999534364672274));
#9688=DIRECTION('center_axis',(-1.54096839257751E-15,-1.,-8.79725170878117E-16));
#9689=DIRECTION('ref_axis',(0.,8.79725170878117E-16,-1.));
#9690=DIRECTION('center_axis',(-0.277044522592109,0.,-0.960857082245695));
#9691=DIRECTION('ref_axis',(0.960857082245695,0.,-0.277044522592109));
#9692=DIRECTION('',(0.,-1.,0.));
#9693=DIRECTION('',(0.960857082245695,0.,-0.277044522592109));
#9694=DIRECTION('',(0.,-1.,0.));
#9695=DIRECTION('',(0.,-1.,0.));
#9696=DIRECTION('center_axis',(-0.960857082245695,0.,0.27704452259211));
#9697=DIRECTION('ref_axis',(-0.27704452259211,0.,-0.960857082245695));
#9698=DIRECTION('',(0.,-1.,0.));
#9699=DIRECTION('',(-0.27704452259211,0.,-0.960857082245695));
#9700=DIRECTION('',(0.,-1.,0.));
#9701=DIRECTION('center_axis',(0.277044522592109,0.,0.960857082245695));
#9702=DIRECTION('ref_axis',(-0.960857082245695,0.,0.277044522592109));
#9703=DIRECTION('',(0.,-1.,0.));
#9704=DIRECTION('',(-0.960857082245695,0.,0.277044522592109));
#9705=DIRECTION('',(0.,-1.,0.));
#9706=DIRECTION('',(0.,-1.,0.));
#9707=DIRECTION('',(0.,-1.,0.));
#9708=DIRECTION('center_axis',(-0.277044522592109,0.,-0.960857082245695));
#9709=DIRECTION('ref_axis',(0.960857082245695,0.,-0.277044522592109));
#9710=DIRECTION('',(0.,-1.,0.));
#9711=DIRECTION('',(0.960857082245695,0.,-0.277044522592109));
#9712=DIRECTION('center_axis',(0.960857082245695,0.,-0.27704452259211));
#9713=DIRECTION('ref_axis',(0.27704452259211,0.,0.960857082245695));
#9714=DIRECTION('',(0.,-1.,0.));
#9715=DIRECTION('',(0.27704452259211,0.,0.960857082245695));
#9716=DIRECTION('',(0.,-1.,0.));
#9717=DIRECTION('center_axis',(0.277044522592108,0.,0.960857082245695));
#9718=DIRECTION('ref_axis',(-0.960857082245695,0.,0.277044522592108));
#9719=DIRECTION('',(0.,-1.,0.));
#9720=DIRECTION('',(-0.960857082245695,0.,0.277044522592108));
#9721=DIRECTION('',(0.,-1.,0.));
#9722=DIRECTION('',(0.,-1.,0.));
#9723=DIRECTION('center_axis',(5.35086359160517E-16,-1.,-6.44909517371239E-16));
#9724=DIRECTION('ref_axis',(0.,6.44909517371239E-16,-1.));
#9725=DIRECTION('center_axis',(-0.891508986520265,0.,0.453003009872573));
#9726=DIRECTION('ref_axis',(-0.453003009872573,0.,-0.891508986520265));
#9727=DIRECTION('',(0.,-1.,0.));
#9728=DIRECTION('',(-0.453003009872573,0.,-0.891508986520265));
#9729=DIRECTION('',(0.,-1.,0.));
#9730=DIRECTION('',(0.,-1.,0.));
#9731=DIRECTION('',(0.,-1.,0.));
#9732=DIRECTION('',(0.,-1.,0.));
#9733=DIRECTION('center_axis',(0.891508986520265,0.,-0.453003009872573));
#9734=DIRECTION('ref_axis',(0.453003009872573,0.,0.891508986520265));
#9735=DIRECTION('',(0.,-1.,0.));
#9736=DIRECTION('',(0.453003009872573,0.,0.891508986520265));
#9737=DIRECTION('center_axis',(0.453003009872578,0.,0.891508986520262));
#9738=DIRECTION('ref_axis',(-0.891508986520262,0.,0.453003009872578));
#9739=DIRECTION('',(0.,-1.,0.));
#9740=DIRECTION('',(-0.891508986520262,0.,0.453003009872578));
#9741=DIRECTION('center_axis',(-0.98299015906443,0.,0.183658234725502));
#9742=DIRECTION('ref_axis',(-0.183658234725502,0.,-0.98299015906443));
#9743=DIRECTION('',(0.,-1.,0.));
#9744=DIRECTION('',(-0.183658234725502,0.,-0.98299015906443));
#9745=DIRECTION('center_axis',(-0.946613169835867,0.,0.322371690278926));
#9746=DIRECTION('ref_axis',(-0.322371690278926,0.,-0.946613169835867));
#9747=DIRECTION('',(0.,-1.,0.));
#9748=DIRECTION('',(-0.322371690278926,0.,-0.946613169835867));
#9749=DIRECTION('',(0.,-1.,0.));
#9750=DIRECTION('',(0.,-1.,0.));
#9751=DIRECTION('',(0.,-1.,0.));
#9752=DIRECTION('center_axis',(0.821520311113961,0.,0.570179251137061));
#9753=DIRECTION('ref_axis',(-0.570179251137061,0.,0.821520311113961));
#9754=DIRECTION('',(0.,-1.,0.));
#9755=DIRECTION('',(-0.570179251137061,0.,0.821520311113961));
#9756=DIRECTION('',(0.,-1.,0.));
#9757=DIRECTION('center_axis',(0.981656737889334,0.,-0.190656888038359));
#9758=DIRECTION('ref_axis',(0.190656888038359,0.,0.981656737889334));
#9759=DIRECTION('',(0.,-1.,0.));
#9760=DIRECTION('',(0.190656888038359,0.,0.981656737889334));
#9761=DIRECTION('center_axis',(0.97928859327677,0.,-0.202469383063231));
#9762=DIRECTION('ref_axis',(0.202469383063231,0.,0.97928859327677));
#9763=DIRECTION('',(0.,-1.,0.));
#9764=DIRECTION('',(0.202469383063231,0.,0.97928859327677));
#9765=DIRECTION('center_axis',(0.938332125547145,0.,-0.345735190812531));
#9766=DIRECTION('ref_axis',(0.345735190812531,0.,0.938332125547145));
#9767=DIRECTION('',(0.,-1.,0.));
#9768=DIRECTION('',(0.345735190812531,0.,0.938332125547145));
#9769=DIRECTION('',(0.,-1.,0.));
#9770=DIRECTION('center_axis',(-0.453003009872576,0.,-0.891508986520263));
#9771=DIRECTION('ref_axis',(0.891508986520263,0.,-0.453003009872576));
#9772=DIRECTION('',(0.,-1.,0.));
#9773=DIRECTION('',(0.891508986520263,0.,-0.453003009872576));
#9774=DIRECTION('center_axis',(0.891508986520264,0.,-0.453003009872574));
#9775=DIRECTION('ref_axis',(0.453003009872574,0.,0.891508986520264));
#9776=DIRECTION('',(0.,-1.,0.));
#9777=DIRECTION('',(0.453003009872574,0.,0.891508986520264));
#9778=DIRECTION('',(0.,-1.,0.));
#9779=DIRECTION('',(0.,-1.,0.));
#9780=DIRECTION('',(0.,-1.,0.));
#9781=DIRECTION('center_axis',(-0.891508986520264,0.,0.453003009872574));
#9782=DIRECTION('ref_axis',(-0.453003009872574,0.,-0.891508986520264));
#9783=DIRECTION('',(0.,-1.,0.));
#9784=DIRECTION('',(-0.453003009872574,0.,-0.891508986520264));
#9785=DIRECTION('center_axis',(-0.453003009872579,0.,-0.891508986520262));
#9786=DIRECTION('ref_axis',(0.891508986520262,0.,-0.453003009872579));
#9787=DIRECTION('',(0.,-1.,0.));
#9788=DIRECTION('',(0.891508986520262,0.,-0.453003009872579));
#9789=DIRECTION('',(0.,-1.,0.));
#9790=DIRECTION('',(0.,-1.,0.));
#9791=DIRECTION('center_axis',(0.453003009872579,0.,0.891508986520262));
#9792=DIRECTION('ref_axis',(-0.891508986520262,0.,0.453003009872579));
#9793=DIRECTION('',(-0.891508986520262,0.,0.453003009872579));
#9794=DIRECTION('center_axis',(-1.15358334247543E-15,-1.,2.30910782065696E-16));
#9795=DIRECTION('ref_axis',(0.,-2.30910782065696E-16,-1.));
#9796=DIRECTION('',(0.,-1.,0.));
#9797=DIRECTION('',(0.,-1.,0.));
#9798=DIRECTION('center_axis',(0.604821026329034,0.,0.796361429321067));
#9799=DIRECTION('ref_axis',(-0.796361429321067,0.,0.604821026329034));
#9800=DIRECTION('',(0.796361429321067,0.,-0.604821026329034));
#9801=DIRECTION('',(0.796361429321067,-1.72946772821669E-19,-0.604821026329034));
#9802=DIRECTION('',(0.,-1.,0.));
#9803=DIRECTION('',(0.,-1.,0.));
#9804=DIRECTION('center_axis',(0.79636142932107,0.,-0.604821026329031));
#9805=DIRECTION('ref_axis',(0.604821026329031,0.,0.79636142932107));
#9806=DIRECTION('',(-0.604821026329031,0.,-0.79636142932107));
#9807=DIRECTION('',(-0.604821026329031,1.99161286391157E-18,-0.79636142932107));
#9808=DIRECTION('',(0.,-1.,0.));
#9809=DIRECTION('',(0.,-1.,0.));
#9810=DIRECTION('center_axis',(-0.604821026329031,0.,-0.79636142932107));
#9811=DIRECTION('ref_axis',(0.79636142932107,0.,-0.604821026329031));
#9812=DIRECTION('',(-0.79636142932107,0.,0.604821026329031));
#9813=DIRECTION('',(-0.79636142932107,1.72946772821677E-19,0.604821026329031));
#9814=DIRECTION('',(0.,-1.,0.));
#9815=DIRECTION('',(0.,-1.,0.));
#9816=DIRECTION('center_axis',(-0.796361429321071,0.,0.60482102632903));
#9817=DIRECTION('ref_axis',(-0.60482102632903,0.,-0.796361429321071));
#9818=DIRECTION('',(0.60482102632903,0.,0.796361429321071));
#9819=DIRECTION('',(0.60482102632903,-1.99161286391157E-18,0.796361429321071));
#9820=DIRECTION('center_axis',(-0.796361429321071,0.,0.60482102632903));
#9821=DIRECTION('ref_axis',(-0.60482102632903,0.,-0.796361429321071));
#9822=DIRECTION('',(0.,-1.,0.));
#9823=DIRECTION('',(-0.60482102632903,0.,-0.796361429321071));
#9824=DIRECTION('',(0.,-1.,0.));
#9825=DIRECTION('',(0.,-1.,0.));
#9826=DIRECTION('center_axis',(0.604821026329031,0.,0.79636142932107));
#9827=DIRECTION('ref_axis',(-0.79636142932107,0.,0.604821026329031));
#9828=DIRECTION('',(0.,-1.,0.));
#9829=DIRECTION('',(-0.79636142932107,0.,0.604821026329031));
#9830=DIRECTION('',(0.,-1.,0.));
#9831=DIRECTION('center_axis',(0.796361429321071,0.,-0.60482102632903));
#9832=DIRECTION('ref_axis',(0.60482102632903,0.,0.796361429321071));
#9833=DIRECTION('',(0.,-1.,0.));
#9834=DIRECTION('',(0.60482102632903,0.,0.796361429321071));
#9835=DIRECTION('',(0.,-1.,0.));
#9836=DIRECTION('center_axis',(-0.604821026329041,0.,-0.796361429321063));
#9837=DIRECTION('ref_axis',(0.796361429321063,0.,-0.60482102632904));
#9838=DIRECTION('',(0.,-1.,0.));
#9839=DIRECTION('',(0.796361429321063,0.,-0.60482102632904));
#9840=DIRECTION('center_axis',(-1.34229747560183E-18,-1.,-1.48144182232055E-18));
#9841=DIRECTION('ref_axis',(0.,1.48144182232055E-18,-1.));
#9842=DIRECTION('center_axis',(-0.572900979751889,0.,0.819624589308621));
#9843=DIRECTION('ref_axis',(-0.819624589308621,0.,-0.572900979751889));
#9844=DIRECTION('',(0.,-1.,0.));
#9845=DIRECTION('',(-0.819624589308621,0.,-0.572900979751889));
#9846=DIRECTION('',(0.,-1.,0.));
#9847=DIRECTION('',(0.,-1.,0.));
#9848=DIRECTION('',(0.,-1.,0.));
#9849=DIRECTION('',(0.,-1.,0.));
#9850=DIRECTION('center_axis',(0.984664272858343,0.,-0.174459937396386));
#9851=DIRECTION('ref_axis',(0.174459937396386,0.,0.984664272858343));
#9852=DIRECTION('',(0.,-1.,0.));
#9853=DIRECTION('',(0.174459937396386,0.,0.984664272858343));
#9854=DIRECTION('',(0.,-1.,0.));
#9855=DIRECTION('',(0.,-1.,0.));
#9856=DIRECTION('',(0.,-1.,0.));
#9857=DIRECTION('',(0.,-1.,0.));
#9858=DIRECTION('center_axis',(-0.9603573817186,0.,0.278771769335769));
#9859=DIRECTION('ref_axis',(-0.278771769335769,0.,-0.9603573817186));
#9860=DIRECTION('',(0.,-1.,0.));
#9861=DIRECTION('',(-0.278771769335769,0.,-0.9603573817186));
#9862=DIRECTION('center_axis',(0.572900979751889,0.,-0.819624589308621));
#9863=DIRECTION('ref_axis',(0.819624589308621,0.,0.572900979751889));
#9864=DIRECTION('',(0.,-1.,0.));
#9865=DIRECTION('',(0.819624589308621,0.,0.572900979751889));
#9866=DIRECTION('',(0.,-1.,0.));
#9867=DIRECTION('',(0.,-1.,0.));
#9868=DIRECTION('center_axis',(-4.29254285241319E-16,-1.,5.21990659552419E-16));
#9869=DIRECTION('ref_axis',(0.,-5.21990659552419E-16,-1.));
#9870=DIRECTION('center_axis',(-0.271602310413086,0.,0.962409572364216));
#9871=DIRECTION('ref_axis',(-0.962409572364216,0.,-0.271602310413086));
#9872=DIRECTION('',(0.,-1.,0.));
#9873=DIRECTION('',(-0.962409572364216,0.,-0.271602310413086));
#9874=DIRECTION('',(0.,-1.,0.));
#9875=DIRECTION('center_axis',(-0.962409572364217,0.,-0.271602310413084));
#9876=DIRECTION('ref_axis',(0.271602310413084,0.,-0.962409572364217));
#9877=DIRECTION('',(0.,-1.,0.));
#9878=DIRECTION('',(0.271602310413084,0.,-0.962409572364217));
#9879=DIRECTION('',(0.,-1.,0.));
#9880=DIRECTION('',(0.,-1.,0.));
#9881=DIRECTION('center_axis',(0.962409572364216,0.,0.271602310413086));
#9882=DIRECTION('ref_axis',(-0.271602310413086,0.,0.962409572364216));
#9883=DIRECTION('',(0.,-1.,0.));
#9884=DIRECTION('',(-0.271602310413086,0.,0.962409572364216));
#9885=DIRECTION('',(0.,-1.,0.));
#9886=DIRECTION('center_axis',(0.271602310413085,0.,-0.962409572364217));
#9887=DIRECTION('ref_axis',(0.962409572364217,0.,0.271602310413085));
#9888=DIRECTION('',(0.,-1.,0.));
#9889=DIRECTION('',(0.962409572364217,0.,0.271602310413085));
#9890=DIRECTION('',(0.,-1.,0.));
#9891=DIRECTION('',(0.,-1.,0.));
#9892=DIRECTION('',(0.,-1.,0.));
#9893=DIRECTION('center_axis',(-0.271602310413084,0.,0.962409572364217));
#9894=DIRECTION('ref_axis',(-0.962409572364217,0.,-0.271602310413084));
#9895=DIRECTION('',(0.,-1.,0.));
#9896=DIRECTION('',(-0.962409572364217,0.,-0.271602310413084));
#9897=DIRECTION('center_axis',(-0.962409572364217,0.,-0.271602310413084));
#9898=DIRECTION('ref_axis',(0.271602310413084,0.,-0.962409572364217));
#9899=DIRECTION('',(0.,-1.,0.));
#9900=DIRECTION('',(0.271602310413084,0.,-0.962409572364217));
#9901=DIRECTION('',(0.,-1.,0.));
#9902=DIRECTION('',(0.,-1.,0.));
#9903=DIRECTION('',(0.,-1.,0.));
#9904=DIRECTION('center_axis',(0.962409572364217,0.,0.271602310413084));
#9905=DIRECTION('ref_axis',(-0.271602310413084,0.,0.962409572364217));
#9906=DIRECTION('',(-0.271602310413084,0.,0.962409572364217));
#9907=DIRECTION('center_axis',(7.82160621106251E-16,1.,-2.00606240332413E-15));
#9908=DIRECTION('ref_axis',(0.,2.00606240332413E-15,1.));
#9909=DIRECTION('',(0.,-1.,0.));
#9910=DIRECTION('',(0.,-1.,0.));
#9911=DIRECTION('',(0.,-1.,0.));
#9912=DIRECTION('',(0.,-1.,0.));
#9913=DIRECTION('',(0.,-1.,0.));
#9914=DIRECTION('center_axis',(-0.744095143471651,0.,-0.668073661703485));
#9915=DIRECTION('ref_axis',(0.668073661703485,0.,-0.744095143471651));
#9916=DIRECTION('',(0.,-1.,0.));
#9917=DIRECTION('',(0.668073661703485,0.,-0.744095143471651));
#9918=DIRECTION('',(0.,-1.,0.));
#9919=DIRECTION('',(0.,-1.,0.));
#9920=DIRECTION('',(0.,-1.,0.));
#9921=DIRECTION('',(0.,-1.,0.));
#9922=DIRECTION('',(0.,-1.,0.));
#9923=DIRECTION('',(0.,-1.,0.));
#9924=DIRECTION('',(0.,-1.,0.));
#9925=DIRECTION('',(0.,-1.,0.));
#9926=DIRECTION('',(0.,-1.,0.));
#9927=DIRECTION('',(0.,-1.,0.));
#9928=DIRECTION('',(0.,-1.,0.));
#9929=DIRECTION('',(0.,-1.,0.));
#9930=DIRECTION('',(0.,-1.,0.));
#9931=DIRECTION('',(0.,-1.,0.));
#9932=DIRECTION('',(0.,-1.,0.));
#9933=DIRECTION('center_axis',(0.743694682216743,0.,0.668519423534229));
#9934=DIRECTION('ref_axis',(-0.668519423534229,0.,0.743694682216743));
#9935=DIRECTION('',(0.,-1.,0.));
#9936=DIRECTION('',(-0.668519423534229,0.,0.743694682216743));
#9937=DIRECTION('',(0.,-1.,0.));
#9938=DIRECTION('',(0.,-1.,0.));
#9939=DIRECTION('center_axis',(-0.54214921401893,0.,0.840282232192647));
#9940=DIRECTION('ref_axis',(-0.840282232192647,0.,-0.54214921401893));
#9941=DIRECTION('',(0.,-1.,0.));
#9942=DIRECTION('',(-0.840282232192647,0.,-0.54214921401893));
#9943=DIRECTION('',(0.,-1.,0.));
#9944=DIRECTION('',(0.,-1.,0.));
#9945=DIRECTION('',(0.,-1.,0.));
#9946=DIRECTION('',(0.,-1.,0.));
#9947=DIRECTION('',(0.,-1.,0.));
#9948=DIRECTION('',(0.,-1.,0.));
#9949=DIRECTION('center_axis',(3.13665122950796E-16,1.,-1.25126054175812E-16));
#9950=DIRECTION('ref_axis',(0.,1.25126054175812E-16,1.));
#9951=DIRECTION('center_axis',(-0.438984125210683,0.,0.89849481791105));
#9952=DIRECTION('ref_axis',(-0.89849481791105,0.,-0.438984125210683));
#9953=DIRECTION('',(0.,-1.,0.));
#9954=DIRECTION('',(-0.89849481791105,0.,-0.438984125210683));
#9955=DIRECTION('',(0.,-1.,0.));
#9956=DIRECTION('',(0.,-1.,0.));
#9957=DIRECTION('',(0.,-1.,0.));
#9958=DIRECTION('',(0.,-1.,0.));
#9959=DIRECTION('center_axis',(0.438984125210682,0.,-0.898494817911051));
#9960=DIRECTION('ref_axis',(0.898494817911051,0.,0.438984125210682));
#9961=DIRECTION('',(0.,-1.,0.));
#9962=DIRECTION('',(0.898494817911051,0.,0.438984125210682));
#9963=DIRECTION('',(0.,-1.,0.));
#9964=DIRECTION('center_axis',(0.89849481791105,0.,0.438984125210684));
#9965=DIRECTION('ref_axis',(-0.438984125210684,0.,0.89849481791105));
#9966=DIRECTION('',(0.,-1.,0.));
#9967=DIRECTION('',(-0.438984125210684,0.,0.89849481791105));
#9968=DIRECTION('',(0.,-1.,0.));
#9969=DIRECTION('',(0.,-1.,0.));
#9970=DIRECTION('',(0.,-1.,0.));
#9971=DIRECTION('center_axis',(-0.438984125210683,0.,0.898494817911051));
#9972=DIRECTION('ref_axis',(-0.898494817911051,0.,-0.438984125210683));
#9973=DIRECTION('',(0.,-1.,0.));
#9974=DIRECTION('',(-0.898494817911051,0.,-0.438984125210683));
#9975=DIRECTION('',(0.,-1.,0.));
#9976=DIRECTION('',(0.,-1.,0.));
#9977=DIRECTION('',(0.,-1.,0.));
#9978=DIRECTION('center_axis',(0.438984125210682,0.,-0.898494817911051));
#9979=DIRECTION('ref_axis',(0.898494817911051,0.,0.438984125210682));
#9980=DIRECTION('',(0.,-1.,0.));
#9981=DIRECTION('',(0.898494817911051,0.,0.438984125210682));
#9982=DIRECTION('',(0.,-1.,0.));
#9983=DIRECTION('center_axis',(-0.898494817911049,0.,-0.438984125210686));
#9984=DIRECTION('ref_axis',(0.438984125210686,0.,-0.898494817911049));
#9985=DIRECTION('',(0.,-1.,0.));
#9986=DIRECTION('',(0.438984125210686,0.,-0.898494817911049));
#9987=DIRECTION('center_axis',(7.0752420305169E-16,-1.,1.87110227449174E-15));
#9988=DIRECTION('ref_axis',(0.,-1.87110227449174E-15,-1.));
#9989=DIRECTION('',(0.,-1.,0.));
#9990=DIRECTION('',(0.,-1.,0.));
#9991=DIRECTION('',(0.,-1.,0.));
#9992=DIRECTION('',(0.,-1.,0.));
#9993=DIRECTION('',(0.,-1.,0.));
#9994=DIRECTION('',(0.,-1.,0.));
#9995=DIRECTION('',(0.,-1.,0.));
#9996=DIRECTION('center_axis',(-0.858544633209515,0.,-0.512738834873213));
#9997=DIRECTION('ref_axis',(0.512738834873213,0.,-0.858544633209515));
#9998=DIRECTION('',(0.,-1.,0.));
#9999=DIRECTION('',(0.512738834873213,0.,-0.858544633209515));
#10000=DIRECTION('',(0.,-1.,0.));
#10001=DIRECTION('',(0.,-1.,0.));
#10002=DIRECTION('',(0.,-1.,0.));
#10003=DIRECTION('',(0.,-1.,0.));
#10004=DIRECTION('',(0.,-1.,0.));
#10005=DIRECTION('',(0.,-1.,0.));
#10006=DIRECTION('center_axis',(0.966969276699547,0.,-0.254892953843676));
#10007=DIRECTION('ref_axis',(0.254892953843676,0.,0.966969276699547));
#10008=DIRECTION('',(0.,-1.,0.));
#10009=DIRECTION('',(0.254892953843676,0.,0.966969276699547));
#10010=DIRECTION('',(0.,-1.,0.));
#10011=DIRECTION('',(0.,-1.,0.));
#10012=DIRECTION('center_axis',(-0.729141578463093,0.,-0.684362885139418));
#10013=DIRECTION('ref_axis',(0.684362885139418,0.,-0.729141578463093));
#10014=DIRECTION('',(0.,-1.,0.));
#10015=DIRECTION('',(0.684362885139418,0.,-0.729141578463093));
#10016=DIRECTION('',(0.,-1.,0.));
#10017=DIRECTION('',(0.,-1.,0.));
#10018=DIRECTION('center_axis',(0.729141578463092,0.,0.684362885139419));
#10019=DIRECTION('ref_axis',(-0.684362885139419,0.,0.729141578463092));
#10020=DIRECTION('',(0.,-1.,0.));
#10021=DIRECTION('',(-0.684362885139419,0.,0.729141578463092));
#10022=DIRECTION('center_axis',(-0.971254630606145,0.,0.238042942609353));
#10023=DIRECTION('ref_axis',(-0.238042942609353,0.,-0.971254630606145));
#10024=DIRECTION('',(-0.238042942609353,0.,-0.971254630606145));
#10025=DIRECTION('center_axis',(1.01015900404637E-15,1.,-3.40380742937545E-16));
#10026=DIRECTION('ref_axis',(0.,3.40380742937545E-16,1.));
#10027=DIRECTION('',(0.,-1.,0.));
#10028=DIRECTION('',(0.,-1.,0.));
#10029=DIRECTION('',(0.,-1.,0.));
#10030=DIRECTION('center_axis',(-0.906306968260812,0.,0.422620017606709));
#10031=DIRECTION('ref_axis',(-0.422620017606709,0.,-0.906306968260812));
#10032=DIRECTION('',(0.,-1.,0.));
#10033=DIRECTION('',(-0.422620017606709,0.,-0.906306968260812));
#10034=DIRECTION('',(0.,-1.,0.));
#10035=DIRECTION('',(0.,-1.,0.));
#10036=DIRECTION('',(0.,-1.,0.));
#10037=DIRECTION('center_axis',(-0.422620017606709,0.,-0.906306968260812));
#10038=DIRECTION('ref_axis',(0.906306968260812,0.,-0.422620017606709));
#10039=DIRECTION('',(0.,-1.,0.));
#10040=DIRECTION('',(0.906306968260812,0.,-0.422620017606709));
#10041=DIRECTION('',(0.,-1.,0.));
#10042=DIRECTION('',(0.,-1.,0.));
#10043=DIRECTION('center_axis',(0.906306968260812,0.,-0.422620017606709));
#10044=DIRECTION('ref_axis',(0.422620017606709,0.,0.906306968260812));
#10045=DIRECTION('',(0.,-1.,0.));
#10046=DIRECTION('',(0.422620017606709,0.,0.906306968260812));
#10047=DIRECTION('',(0.,-1.,0.));
#10048=DIRECTION('',(0.,-1.,0.));
#10049=DIRECTION('center_axis',(-0.906306968260812,0.,0.422620017606709));
#10050=DIRECTION('ref_axis',(-0.422620017606709,0.,-0.906306968260812));
#10051=DIRECTION('',(0.,-1.,0.));
#10052=DIRECTION('',(-0.422620017606709,0.,-0.906306968260812));
#10053=DIRECTION('',(0.,-1.,0.));
#10054=DIRECTION('center_axis',(0.422620017606709,0.,0.906306968260812));
#10055=DIRECTION('ref_axis',(-0.906306968260812,0.,0.422620017606709));
#10056=DIRECTION('',(0.,-1.,0.));
#10057=DIRECTION('',(-0.906306968260812,0.,0.422620017606709));
#10058=DIRECTION('',(0.,-1.,0.));
#10059=DIRECTION('center_axis',(0.906306968260812,0.,-0.422620017606709));
#10060=DIRECTION('ref_axis',(0.422620017606709,0.,0.906306968260812));
#10061=DIRECTION('',(0.422620017606709,0.,0.906306968260812));
#10062=DIRECTION('center_axis',(-2.22312481009355E-16,1.,1.89463133316438E-15));
#10063=DIRECTION('ref_axis',(0.,-1.89463133316438E-15,1.));
#10064=DIRECTION('',(0.,-1.,0.));
#10065=DIRECTION('',(0.,-1.,0.));
#10066=DIRECTION('',(0.,-1.,0.));
#10067=DIRECTION('center_axis',(-0.99218526022143,0.,0.12477343226558));
#10068=DIRECTION('ref_axis',(-0.12477343226558,0.,-0.99218526022143));
#10069=DIRECTION('',(0.,-1.,0.));
#10070=DIRECTION('',(-0.12477343226558,0.,-0.99218526022143));
#10071=DIRECTION('',(0.,-1.,0.));
#10072=DIRECTION('',(0.,-1.,0.));
#10073=DIRECTION('',(0.,-1.,0.));
#10074=DIRECTION('center_axis',(-0.124773432265579,0.,-0.99218526022143));
#10075=DIRECTION('ref_axis',(0.99218526022143,0.,-0.124773432265579));
#10076=DIRECTION('',(0.,-1.,0.));
#10077=DIRECTION('',(0.99218526022143,0.,-0.124773432265579));
#10078=DIRECTION('',(0.,-1.,0.));
#10079=DIRECTION('',(0.,-1.,0.));
#10080=DIRECTION('center_axis',(0.99218526022143,0.,-0.12477343226558));
#10081=DIRECTION('ref_axis',(0.12477343226558,0.,0.99218526022143));
#10082=DIRECTION('',(0.,-1.,0.));
#10083=DIRECTION('',(0.12477343226558,0.,0.99218526022143));
#10084=DIRECTION('',(0.,-1.,0.));
#10085=DIRECTION('',(0.,-1.,0.));
#10086=DIRECTION('center_axis',(-0.99218526022143,0.,0.124773432265581));
#10087=DIRECTION('ref_axis',(-0.124773432265581,0.,-0.99218526022143));
#10088=DIRECTION('',(0.,-1.,0.));
#10089=DIRECTION('',(-0.124773432265581,0.,-0.99218526022143));
#10090=DIRECTION('',(0.,-1.,0.));
#10091=DIRECTION('center_axis',(0.124773432265578,0.,0.99218526022143));
#10092=DIRECTION('ref_axis',(-0.99218526022143,0.,0.124773432265578));
#10093=DIRECTION('',(0.,-1.,0.));
#10094=DIRECTION('',(-0.99218526022143,0.,0.124773432265578));
#10095=DIRECTION('',(0.,-1.,0.));
#10096=DIRECTION('center_axis',(0.99218526022143,0.,-0.12477343226558));
#10097=DIRECTION('ref_axis',(0.12477343226558,0.,0.99218526022143));
#10098=DIRECTION('',(0.12477343226558,0.,0.99218526022143));
#10099=DIRECTION('center_axis',(-1.03093118922046E-15,-1.,-2.12866600712181E-15));
#10100=DIRECTION('ref_axis',(0.,2.12866600712181E-15,-1.));
#10101=DIRECTION('center_axis',(0.185062341388664,0.,-0.982726782885124));
#10102=DIRECTION('ref_axis',(0.982726782885124,0.,0.185062341388664));
#10103=DIRECTION('',(0.,-1.,0.));
#10104=DIRECTION('',(0.982726782885124,0.,0.185062341388664));
#10105=DIRECTION('',(0.,-1.,0.));
#10106=DIRECTION('',(0.,-1.,0.));
#10107=DIRECTION('',(0.,-1.,0.));
#10108=DIRECTION('',(0.,-1.,0.));
#10109=DIRECTION('center_axis',(-0.185062341388664,0.,0.982726782885124));
#10110=DIRECTION('ref_axis',(-0.982726782885124,0.,-0.185062341388664));
#10111=DIRECTION('',(0.,-1.,0.));
#10112=DIRECTION('',(-0.982726782885124,0.,-0.185062341388664));
#10113=DIRECTION('center_axis',(-0.982726782885122,0.,-0.185062341388674));
#10114=DIRECTION('ref_axis',(0.185062341388674,0.,-0.982726782885122));
#10115=DIRECTION('',(0.,-1.,0.));
#10116=DIRECTION('',(0.185062341388674,0.,-0.982726782885122));
#10117=DIRECTION('',(0.,-1.,0.));
#10118=DIRECTION('',(0.,-1.,0.));
#10119=DIRECTION('',(0.,-1.,0.));
#10120=DIRECTION('center_axis',(0.982726782885122,0.,0.185062341388674));
#10121=DIRECTION('ref_axis',(-0.185062341388674,0.,0.982726782885122));
#10122=DIRECTION('',(0.,-1.,0.));
#10123=DIRECTION('',(-0.185062341388674,0.,0.982726782885122));
#10124=DIRECTION('center_axis',(-0.185062341388663,0.,0.982726782885124));
#10125=DIRECTION('ref_axis',(-0.982726782885124,0.,-0.185062341388663));
#10126=DIRECTION('',(0.,-1.,0.));
#10127=DIRECTION('',(-0.982726782885124,0.,-0.185062341388663));
#10128=DIRECTION('',(0.,-1.,0.));
#10129=DIRECTION('',(0.,-1.,0.));
#10130=DIRECTION('',(0.,-1.,0.));
#10131=DIRECTION('center_axis',(0.185062341388663,0.,-0.982726782885124));
#10132=DIRECTION('ref_axis',(0.982726782885124,0.,0.185062341388663));
#10133=DIRECTION('',(0.,-1.,0.));
#10134=DIRECTION('',(0.982726782885124,0.,0.185062341388663));
#10135=DIRECTION('center_axis',(0.982726782885124,0.,0.185062341388661));
#10136=DIRECTION('ref_axis',(-0.185062341388661,0.,0.982726782885124));
#10137=DIRECTION('',(0.,-1.,0.));
#10138=DIRECTION('',(-0.185062341388661,0.,0.982726782885124));
#10139=DIRECTION('',(0.,-1.,0.));
#10140=DIRECTION('',(0.,-1.,0.));
#10141=DIRECTION('center_axis',(-0.982726782885124,0.,-0.185062341388661));
#10142=DIRECTION('ref_axis',(0.185062341388661,0.,-0.982726782885124));
#10143=DIRECTION('',(0.185062341388661,0.,-0.982726782885124));
#10144=DIRECTION('center_axis',(7.81811106747689E-16,1.,2.21529851420606E-16));
#10145=DIRECTION('ref_axis',(0.,-2.21529851420606E-16,1.));
#10146=DIRECTION('center_axis',(0.626304707713423,0.,-0.779578355969433));
#10147=DIRECTION('ref_axis',(0.779578355969433,0.,0.626304707713423));
#10148=DIRECTION('',(0.,-1.,0.));
#10149=DIRECTION('',(0.779578355969433,0.,0.626304707713423));
#10150=DIRECTION('',(0.,-1.,0.));
#10151=DIRECTION('',(0.,-1.,0.));
#10152=DIRECTION('center_axis',(-0.779578355969433,0.,-0.626304707713423));
#10153=DIRECTION('ref_axis',(0.626304707713423,0.,-0.779578355969433));
#10154=DIRECTION('',(0.,-1.,0.));
#10155=DIRECTION('',(0.626304707713423,0.,-0.779578355969433));
#10156=DIRECTION('',(0.,-1.,0.));
#10157=DIRECTION('center_axis',(-0.626304707713423,0.,0.779578355969433));
#10158=DIRECTION('ref_axis',(-0.779578355969433,0.,-0.626304707713423));
#10159=DIRECTION('',(0.,-1.,0.));
#10160=DIRECTION('',(-0.779578355969433,0.,-0.626304707713423));
#10161=DIRECTION('',(0.,-1.,0.));
#10162=DIRECTION('',(0.,-1.,0.));
#10163=DIRECTION('',(0.,-1.,0.));
#10164=DIRECTION('center_axis',(0.626304707713422,0.,-0.779578355969434));
#10165=DIRECTION('ref_axis',(0.779578355969434,0.,0.626304707713422));
#10166=DIRECTION('',(0.,-1.,0.));
#10167=DIRECTION('',(0.779578355969434,0.,0.626304707713422));
#10168=DIRECTION('center_axis',(0.779578355969432,0.,0.626304707713424));
#10169=DIRECTION('ref_axis',(-0.626304707713424,0.,0.779578355969432));
#10170=DIRECTION('',(0.,-1.,0.));
#10171=DIRECTION('',(-0.626304707713424,0.,0.779578355969432));
#10172=DIRECTION('',(0.,-1.,0.));
#10173=DIRECTION('center_axis',(-0.626304707713423,0.,0.779578355969433));
#10174=DIRECTION('ref_axis',(-0.779578355969433,0.,-0.626304707713423));
#10175=DIRECTION('',(0.,-1.,0.));
#10176=DIRECTION('',(-0.779578355969433,0.,-0.626304707713423));
#10177=DIRECTION('',(0.,-1.,0.));
#10178=DIRECTION('',(0.,-1.,0.));
#10179=DIRECTION('center_axis',(7.05521370996267E-16,-1.,6.5873112348096E-16));
#10180=DIRECTION('ref_axis',(0.,-6.5873112348096E-16,-1.));
#10181=DIRECTION('',(0.,-1.,0.));
#10182=DIRECTION('',(0.,-1.,0.));
#10183=DIRECTION('center_axis',(-0.44661724492194,0.,-0.894725117864887));
#10184=DIRECTION('ref_axis',(0.894725117864887,0.,-0.44661724492194));
#10185=DIRECTION('',(-0.894725117864887,0.,0.44661724492194));
#10186=DIRECTION('',(-0.894725117864887,1.00367170896393E-16,0.44661724492194));
#10187=DIRECTION('',(0.,-1.,0.));
#10188=DIRECTION('',(0.,-1.,0.));
#10189=DIRECTION('center_axis',(-0.894725117864887,0.,0.446617244921939));
#10190=DIRECTION('ref_axis',(-0.446617244921939,0.,-0.894725117864887));
#10191=DIRECTION('',(0.446617244921939,0.,0.894725117864887));
#10192=DIRECTION('',(0.446617244921939,-4.48338459202245E-17,0.894725117864887));
#10193=DIRECTION('',(0.,-1.,0.));
#10194=DIRECTION('',(0.,-1.,0.));
#10195=DIRECTION('center_axis',(0.44661724492194,0.,0.894725117864887));
#10196=DIRECTION('ref_axis',(-0.894725117864887,0.,0.44661724492194));
#10197=DIRECTION('',(0.894725117864887,0.,-0.44661724492194));
#10198=DIRECTION('',(0.894725117864887,-1.00367170896393E-16,-0.44661724492194));
#10199=DIRECTION('',(0.,-1.,0.));
#10200=DIRECTION('',(0.,-1.,0.));
#10201=DIRECTION('center_axis',(0.894725117864887,0.,-0.446617244921941));
#10202=DIRECTION('ref_axis',(0.446617244921941,0.,0.894725117864886));
#10203=DIRECTION('',(-0.446617244921941,0.,-0.894725117864886));
#10204=DIRECTION('',(-0.446617244921941,4.48338459202247E-17,-0.894725117864886));
#10205=DIRECTION('center_axis',(0.894725117864887,0.,-0.446617244921939));
#10206=DIRECTION('ref_axis',(0.446617244921939,0.,0.894725117864887));
#10207=DIRECTION('',(0.,-1.,0.));
#10208=DIRECTION('',(0.446617244921939,0.,0.894725117864887));
#10209=DIRECTION('',(0.,-1.,0.));
#10210=DIRECTION('',(0.,-1.,0.));
#10211=DIRECTION('center_axis',(-0.44661724492194,0.,-0.894725117864887));
#10212=DIRECTION('ref_axis',(0.894725117864887,0.,-0.44661724492194));
#10213=DIRECTION('',(0.,-1.,0.));
#10214=DIRECTION('',(0.894725117864887,0.,-0.44661724492194));
#10215=DIRECTION('',(0.,-1.,0.));
#10216=DIRECTION('center_axis',(-0.894725117864887,0.,0.446617244921941));
#10217=DIRECTION('ref_axis',(-0.446617244921941,0.,-0.894725117864886));
#10218=DIRECTION('',(0.,-1.,0.));
#10219=DIRECTION('',(-0.446617244921941,0.,-0.894725117864886));
#10220=DIRECTION('',(0.,-1.,0.));
#10221=DIRECTION('center_axis',(0.44661724492194,0.,0.894725117864887));
#10222=DIRECTION('ref_axis',(-0.894725117864887,0.,0.44661724492194));
#10223=DIRECTION('',(0.,-1.,0.));
#10224=DIRECTION('',(-0.894725117864887,0.,0.44661724492194));
#10225=DIRECTION('center_axis',(1.09824597554186E-16,1.,-4.71174127104765E-18));
#10226=DIRECTION('ref_axis',(0.,4.71174127104765E-18,1.));
#10227=DIRECTION('center_axis',(-0.291175465933726,0.,-0.956669665055957));
#10228=DIRECTION('ref_axis',(0.956669665055957,0.,-0.291175465933726));
#10229=DIRECTION('',(-0.956669665055957,0.,0.291175465933726));
#10230=DIRECTION('',(0.,-1.,0.));
#10231=DIRECTION('',(-0.956669665055957,8.12608272667299E-16,0.291175465933726));
#10232=DIRECTION('',(0.,-1.,0.));
#10233=DIRECTION('',(0.,-1.,0.));
#10234=DIRECTION('',(0.,-1.,0.));
#10235=DIRECTION('center_axis',(-0.956669665055957,0.,0.291175465933726));
#10236=DIRECTION('ref_axis',(-0.291175465933726,0.,-0.956669665055957));
#10237=DIRECTION('',(0.291175465933726,0.,0.956669665055957));
#10238=DIRECTION('',(0.291175465933726,5.25515506073722E-16,0.956669665055957));
#10239=DIRECTION('',(0.,-1.,0.));
#10240=DIRECTION('',(0.,-1.,0.));
#10241=DIRECTION('',(0.,-1.,0.));
#10242=DIRECTION('',(0.,-1.,0.));
#10243=DIRECTION('center_axis',(0.291175465933726,0.,0.956669665055957));
#10244=DIRECTION('ref_axis',(-0.956669665055957,0.,0.291175465933726));
#10245=DIRECTION('',(0.956669665055957,0.,-0.291175465933726));
#10246=DIRECTION('',(0.956669665055957,-8.12608272667299E-16,-0.291175465933726));
#10247=DIRECTION('',(0.,-1.,0.));
#10248=DIRECTION('center_axis',(0.956669665055957,0.,-0.291175465933728));
#10249=DIRECTION('ref_axis',(0.291175465933728,0.,0.956669665055957));
#10250=DIRECTION('',(-0.291175465933728,0.,-0.956669665055957));
#10251=DIRECTION('',(-0.291175465933728,-5.25515506073721E-16,-0.956669665055957));
#10252=DIRECTION('center_axis',(-0.956669665055956,0.,0.29117546593373));
#10253=DIRECTION('ref_axis',(-0.29117546593373,0.,-0.956669665055956));
#10254=DIRECTION('',(0.,-1.,0.));
#10255=DIRECTION('',(-0.29117546593373,0.,-0.956669665055956));
#10256=DIRECTION('',(0.,-1.,0.));
#10257=DIRECTION('',(0.,-1.,0.));
#10258=DIRECTION('center_axis',(-0.291175465933727,0.,-0.956669665055957));
#10259=DIRECTION('ref_axis',(0.956669665055957,0.,-0.291175465933727));
#10260=DIRECTION('',(0.,-1.,0.));
#10261=DIRECTION('',(0.956669665055957,0.,-0.291175465933727));
#10262=DIRECTION('',(0.,-1.,0.));
#10263=DIRECTION('',(0.,-1.,0.));
#10264=DIRECTION('',(0.,-1.,0.));
#10265=DIRECTION('center_axis',(0.291175465933726,0.,0.956669665055957));
#10266=DIRECTION('ref_axis',(-0.956669665055957,0.,0.291175465933726));
#10267=DIRECTION('',(0.,-1.,0.));
#10268=DIRECTION('',(-0.956669665055957,0.,0.291175465933726));
#10269=DIRECTION('',(0.,-1.,0.));
#10270=DIRECTION('center_axis',(0.956669665055957,0.,-0.291175465933728));
#10271=DIRECTION('ref_axis',(0.291175465933728,0.,0.956669665055957));
#10272=DIRECTION('',(0.,-1.,0.));
#10273=DIRECTION('',(0.291175465933728,0.,0.956669665055957));
#10274=DIRECTION('',(0.,-1.,0.));
#10275=DIRECTION('center_axis',(-0.291175465933728,0.,-0.956669665055957));
#10276=DIRECTION('ref_axis',(0.956669665055957,0.,-0.291175465933728));
#10277=DIRECTION('',(0.,-1.,0.));
#10278=DIRECTION('',(0.956669665055957,0.,-0.291175465933728));
#10279=DIRECTION('',(0.,-1.,0.));
#10280=DIRECTION('center_axis',(-0.956669665055957,0.,0.291175465933727));
#10281=DIRECTION('ref_axis',(-0.291175465933727,0.,-0.956669665055957));
#10282=DIRECTION('',(0.,-1.,0.));
#10283=DIRECTION('',(-0.291175465933727,0.,-0.956669665055957));
#10284=DIRECTION('',(0.,-1.,0.));
#10285=DIRECTION('center_axis',(0.291175465933726,0.,0.956669665055957));
#10286=DIRECTION('ref_axis',(-0.956669665055957,0.,0.291175465933726));
#10287=DIRECTION('',(-0.956669665055957,0.,0.291175465933726));
#10288=DIRECTION('center_axis',(6.24380461697911E-16,1.,-7.39356335592761E-16));
#10289=DIRECTION('ref_axis',(0.,7.39356335592761E-16,1.));
#10290=DIRECTION('center_axis',(0.98460931056811,0.,-0.174769864514997));
#10291=DIRECTION('ref_axis',(0.174769864514997,0.,0.98460931056811));
#10292=DIRECTION('',(0.,-1.,0.));
#10293=DIRECTION('',(0.174769864514997,0.,0.98460931056811));
#10294=DIRECTION('',(0.,-1.,0.));
#10295=DIRECTION('',(0.,-1.,0.));
#10296=DIRECTION('',(0.,-1.,0.));
#10297=DIRECTION('',(0.,-1.,0.));
#10298=DIRECTION('center_axis',(-0.98460931056811,0.,0.174769864514998));
#10299=DIRECTION('ref_axis',(-0.174769864514998,0.,-0.98460931056811));
#10300=DIRECTION('',(0.,-1.,0.));
#10301=DIRECTION('',(-0.174769864514998,0.,-0.98460931056811));
#10302=DIRECTION('',(0.,-1.,0.));
#10303=DIRECTION('',(0.,-1.,0.));
#10304=DIRECTION('center_axis',(4.13574316219731E-17,1.,-2.90249897657832E-17));
#10305=DIRECTION('ref_axis',(0.,2.90249897657832E-17,1.));
#10306=DIRECTION('',(0.,-1.,0.));
#10307=DIRECTION('',(0.,-1.,0.));
#10308=DIRECTION('',(0.,-1.,0.));
#10309=DIRECTION('',(0.,-1.,0.));
#10310=DIRECTION('',(0.,-1.,0.));
#10311=DIRECTION('center_axis',(1.38357469915102E-16,-1.,1.00469450787786E-15));
#10312=DIRECTION('ref_axis',(0.,-1.00469450787786E-15,-1.));
#10313=DIRECTION('center_axis',(0.987249376746118,0.,0.159181242972913));
#10314=DIRECTION('ref_axis',(-0.159181242972913,0.,0.987249376746118));
#10315=DIRECTION('',(0.,-1.,0.));
#10316=DIRECTION('',(-0.159181242972913,0.,0.987249376746118));
#10317=DIRECTION('',(0.,-1.,0.));
#10318=DIRECTION('',(0.,-1.,0.));
#10319=DIRECTION('',(0.,-1.,0.));
#10320=DIRECTION('',(0.,-1.,0.));
#10321=DIRECTION('center_axis',(-0.987249376746118,0.,-0.159181242972913));
#10322=DIRECTION('ref_axis',(0.159181242972913,0.,-0.987249376746118));
#10323=DIRECTION('',(0.,-1.,0.));
#10324=DIRECTION('',(0.159181242972913,0.,-0.987249376746118));
#10325=DIRECTION('center_axis',(0.159181242972913,0.,-0.987249376746118));
#10326=DIRECTION('ref_axis',(0.987249376746118,0.,0.159181242972913));
#10327=DIRECTION('',(0.,-1.,0.));
#10328=DIRECTION('',(0.987249376746118,0.,0.159181242972913));
#10329=DIRECTION('',(0.,-1.,0.));
#10330=DIRECTION('',(0.,-1.,0.));
#10331=DIRECTION('',(0.,-1.,0.));
#10332=DIRECTION('center_axis',(0.987249376746118,0.,0.159181242972912));
#10333=DIRECTION('ref_axis',(-0.159181242972912,0.,0.987249376746118));
#10334=DIRECTION('',(0.,-1.,0.));
#10335=DIRECTION('',(-0.159181242972912,0.,0.987249376746118));
#10336=DIRECTION('',(0.,-1.,0.));
#10337=DIRECTION('',(0.,-1.,0.));
#10338=DIRECTION('',(0.,-1.,0.));
#10339=DIRECTION('center_axis',(-0.987249376746118,0.,-0.159181242972913));
#10340=DIRECTION('ref_axis',(0.159181242972913,0.,-0.987249376746118));
#10341=DIRECTION('',(0.,-1.,0.));
#10342=DIRECTION('',(0.159181242972913,0.,-0.987249376746118));
#10343=DIRECTION('',(0.,-1.,0.));
#10344=DIRECTION('center_axis',(-0.159181242972915,0.,0.987249376746118));
#10345=DIRECTION('ref_axis',(-0.987249376746118,0.,-0.159181242972915));
#10346=DIRECTION('',(0.,-1.,0.));
#10347=DIRECTION('',(-0.987249376746118,0.,-0.159181242972915));
#10348=DIRECTION('center_axis',(-4.20113079026557E-16,1.,1.6653745872138E-15));
#10349=DIRECTION('ref_axis',(0.,-1.6653745872138E-15,1.));
#10350=DIRECTION('center_axis',(0.,1.,0.));
#10351=DIRECTION('ref_axis',(0.,0.,1.));
#10352=DIRECTION('center_axis',(0.,1.,0.));
#10353=DIRECTION('ref_axis',(0.,0.,1.));
#10354=DIRECTION('center_axis',(0.,1.,0.));
#10355=DIRECTION('ref_axis',(0.,0.,1.));
#10356=DIRECTION('center_axis',(0.,1.,0.));
#10357=DIRECTION('ref_axis',(0.,0.,1.));
#10358=DIRECTION('center_axis',(0.,0.,1.));
#10359=DIRECTION('ref_axis',(1.,0.,0.));
#10360=DIRECTION('center_axis',(0.,0.,1.));
#10361=DIRECTION('ref_axis',(1.,0.,0.));
#10362=DIRECTION('center_axis',(0.,0.,1.));
#10363=DIRECTION('ref_axis',(1.,0.,0.));
#10364=DIRECTION('center_axis',(0.,0.,1.));
#10365=DIRECTION('ref_axis',(1.,0.,0.));
#10366=DIRECTION('center_axis',(0.707106781186548,0.,0.707106781186547));
#10367=DIRECTION('ref_axis',(0.,-1.,0.));
#10368=DIRECTION('',(0.707106781186548,0.,0.707106781186547));
#10369=DIRECTION('center_axis',(0.707106781186548,0.,0.707106781186547));
#10370=DIRECTION('ref_axis',(0.,-1.,0.));
#10371=DIRECTION('center_axis',(-0.707106781186548,-1.85131587322626E-16,
-0.707106781186547));
#10372=DIRECTION('ref_axis',(-0.707106781186547,0.,0.707106781186548));
#10373=DIRECTION('center_axis',(0.5,0.,-0.866025403784439));
#10374=DIRECTION('ref_axis',(0.,-1.,0.));
#10375=DIRECTION('',(0.5,0.,-0.866025403784439));
#10376=DIRECTION('center_axis',(0.5,0.,-0.866025403784439));
#10377=DIRECTION('ref_axis',(0.,-1.,0.));
#10378=DIRECTION('center_axis',(0.5,0.,-0.866025403784439));
#10379=DIRECTION('ref_axis',(-0.866025403784439,0.,-0.5));
#10380=DIRECTION('center_axis',(-1.,0.,0.));
#10381=DIRECTION('ref_axis',(0.,-1.,0.));
#10382=DIRECTION('',(-1.,0.,0.));
#10383=DIRECTION('center_axis',(-1.,0.,0.));
#10384=DIRECTION('ref_axis',(0.,-1.,0.));
#10385=DIRECTION('center_axis',(1.,0.,0.));
#10386=DIRECTION('ref_axis',(0.,0.,-1.));
#10387=DIRECTION('center_axis',(0.,1.,0.));
#10388=DIRECTION('ref_axis',(0.,0.,1.));
#10389=DIRECTION('center_axis',(0.,1.,0.));
#10390=DIRECTION('ref_axis',(-1.,0.,-1.22464679914735E-16));
#10391=CARTESIAN_POINT('',(0.,0.,0.));
#10392=CARTESIAN_POINT('Ctrl Pts',(2.77555756156289E-16,31.4,-11.));
#10393=CARTESIAN_POINT('Ctrl Pts',(0.150876408496321,31.4,-11.));
#10394=CARTESIAN_POINT('Ctrl Pts',(0.468432984385921,31.4436525849997,-10.9934037757878));
#10395=CARTESIAN_POINT('Ctrl Pts',(1.05544437308162,31.7261098616779,-10.9551752777363));
#10396=CARTESIAN_POINT('Ctrl Pts',(1.35080089235388,32.0881114171919,-10.9172788479675));
#10397=CARTESIAN_POINT('Ctrl Pts',(1.5586830944998,32.583381543811,-10.8892477151199));
#10398=CARTESIAN_POINT('Ctrl Pts',(1.59795337601445,32.7973115116911,-10.8831864668187));
#10399=CARTESIAN_POINT('Ctrl Pts',(1.59830332951671,33.2002733826495,-10.8831496124084));
#10400=CARTESIAN_POINT('Ctrl Pts',(1.5580738158297,33.4147591692847,-10.8892698913938));
#10401=CARTESIAN_POINT('Ctrl Pts',(1.39484516063377,33.8090862378019,-10.9114334553924));
#10402=CARTESIAN_POINT('Ctrl Pts',(1.27214869629883,33.9888887760542,-10.9270500841528));
#10403=CARTESIAN_POINT('Ctrl Pts',(1.02353408198504,34.2368628715404,-10.9526707397145));
#10404=CARTESIAN_POINT('Ctrl Pts',(0.771048192616974,34.4299926834659,-10.9759148721751));
#10405=CARTESIAN_POINT('Ctrl Pts',(0.306233503164823,34.592587594566,-10.9990099167836));
#10406=CARTESIAN_POINT('Ctrl Pts',(-0.151876167689848,34.6140667396221,
-11.002198387621));
#10407=CARTESIAN_POINT('Ctrl Pts',(-0.464284929208119,34.5389621640624,
-10.9912785941653));
#10408=CARTESIAN_POINT('Ctrl Pts',(-0.809634995901402,34.3961838154176,
-10.9720396249235));
#10409=CARTESIAN_POINT('Ctrl Pts',(-0.988939982848107,34.2731430790559,
-10.9564851429596));
#10410=CARTESIAN_POINT('Ctrl Pts',(-1.27261133970077,33.9888577790134,-10.9270954587771));
#10411=CARTESIAN_POINT('Ctrl Pts',(-1.39568511068082,33.8102317406532,-10.911585799715));
#10412=CARTESIAN_POINT('Ctrl Pts',(-1.63985624164508,33.2145627945216,-10.8779663200046));
#10413=CARTESIAN_POINT('Ctrl Pts',(-1.64012891980487,32.7846784071353,-10.8778515724464));
#10414=CARTESIAN_POINT('Ctrl Pts',(-1.39587608132747,32.1907798859408,-10.9114267453374));
#10415=CARTESIAN_POINT('Ctrl Pts',(-1.27279107929335,32.0113860381515,-10.9269759933634));
#10416=CARTESIAN_POINT('Ctrl Pts',(-0.989207521083915,31.727230126424,-10.9563436319338));
#10417=CARTESIAN_POINT('Ctrl Pts',(-0.809644212460615,31.6040687670543,
-10.9718919236591));
#10418=CARTESIAN_POINT('Ctrl Pts',(-0.415578497795388,31.4404903601384,
-10.9939340991301));
#10419=CARTESIAN_POINT('Ctrl Pts',(-0.201167749026934,31.4,-11.));
#10420=CARTESIAN_POINT('Ctrl Pts',(-2.77555756156289E-16,31.4,-11.));
#10421=CARTESIAN_POINT('Ctrl Pts',(1.73472347597681E-16,31.4333333333333,
-10.9666666666667));
#10422=CARTESIAN_POINT('Ctrl Pts',(0.147317647566005,31.4333255328905,-10.9666657843392));
#10423=CARTESIAN_POINT('Ctrl Pts',(0.457340275753071,31.4758192866931,-10.9603535015037));
#10424=CARTESIAN_POINT('Ctrl Pts',(1.03145699242817,31.7511026862,-10.923741615807));
#10425=CARTESIAN_POINT('Ctrl Pts',(1.32173895149906,32.1052305158426,-10.8873361489125));
#10426=CARTESIAN_POINT('Ctrl Pts',(1.52621103483344,32.5909099360177,-10.8603893340313));
#10427=CARTESIAN_POINT('Ctrl Pts',(1.56497274231462,32.8009754039982,-10.8545474048755));
#10428=CARTESIAN_POINT('Ctrl Pts',(1.56528814252003,33.1966148599067,-10.8545153969129));
#10429=CARTESIAN_POINT('Ctrl Pts',(1.52565091317914,33.4072053608924,-10.8604044146896));
#10430=CARTESIAN_POINT('Ctrl Pts',(1.36503337713753,33.7939315028304,-10.8817182541448));
#10431=CARTESIAN_POINT('Ctrl Pts',(1.24440736205593,33.9700070734651,-10.8967247590063));
#10432=CARTESIAN_POINT('Ctrl Pts',(1.00057378925022,34.2124971243434,-10.921319082447));
#10433=CARTESIAN_POINT('Ctrl Pts',(0.753159966665039,34.4010686073315,-10.9436102446938));
#10434=CARTESIAN_POINT('Ctrl Pts',(0.29892625314596,34.5594313996708,-10.9657198140696));
#10435=CARTESIAN_POINT('Ctrl Pts',(-0.148237331589327,34.5803417946524,
-10.9687721247044));
#10436=CARTESIAN_POINT('Ctrl Pts',(-0.453387986148046,34.5072130891233,
-10.9583189725601));
#10437=CARTESIAN_POINT('Ctrl Pts',(-0.791002953397986,34.3680662359131,
-10.9398994727345));
#10438=CARTESIAN_POINT('Ctrl Pts',(-0.966627678200197,34.2479684551442,
-10.9249810230844));
#10439=CARTESIAN_POINT('Ctrl Pts',(-1.24489433443529,33.9699985625923,-10.896774610974));
#10440=CARTESIAN_POINT('Ctrl Pts',(-1.36585103588056,33.7950455336011,-10.8818656859657));
#10441=CARTESIAN_POINT('Ctrl Pts',(-1.60618060167281,33.2109032043736,-10.8495387529293));
#10442=CARTESIAN_POINT('Ctrl Pts',(-1.60648830310237,32.7883296026398,-10.8494314282812));
#10443=CARTESIAN_POINT('Ctrl Pts',(-1.3660277909392,32.2059685700392,-10.8817037162917));
#10444=CARTESIAN_POINT('Ctrl Pts',(-1.2450848442121,32.0302450568822,-10.8966564574431));
#10445=CARTESIAN_POINT('Ctrl Pts',(-0.966883939360101,31.7524031368845,
-10.9248390385705));
#10446=CARTESIAN_POINT('Ctrl Pts',(-0.791030880028218,31.6321932699349,
-10.9397506837976));
#10447=CARTESIAN_POINT('Ctrl Pts',(-0.405752400866935,31.4727419341661,
-10.9608608097604));
#10448=CARTESIAN_POINT('Ctrl Pts',(-0.19639523810114,31.4333568522733,-10.9666599441451));
#10449=CARTESIAN_POINT('Ctrl Pts',(-7.97972798949331E-16,31.4333333333333,
-10.9666666666667));
#10450=CARTESIAN_POINT('Ctrl Pts',(6.93889390390723E-17,31.4666666666667,
-10.9333333333333));
#10451=CARTESIAN_POINT('Ctrl Pts',(0.143719515414112,31.4666744671095,-10.9333342156608));
#10452=CARTESIAN_POINT('Ctrl Pts',(0.446245383132438,31.5079605527631,-10.9273105339377));
#10453=CARTESIAN_POINT('Ctrl Pts',(1.00743945991944,31.7761324673499,-10.8923058054125));
#10454=CARTESIAN_POINT('Ctrl Pts',(1.29259806925997,32.1223143575001,-10.8574093958632));
#10455=CARTESIAN_POINT('Ctrl Pts',(1.49388191837581,32.5985596571724,-10.8315105609766));
#10456=CARTESIAN_POINT('Ctrl Pts',(1.53198886254354,32.8046743899681,-10.8259113870306));
#10457=CARTESIAN_POINT('Ctrl Pts',(1.53235663966232,33.1930321846773,-10.8258734333671));
#10458=CARTESIAN_POINT('Ctrl Pts',(1.49326158161113,33.3997082058206,-10.8315379766328));
#10459=CARTESIAN_POINT('Ctrl Pts',(1.33526808658615,33.7788316033022,-10.8520039481068));
#10460=CARTESIAN_POINT('Ctrl Pts',(1.21675404890543,33.9511958685693,-10.8664043612205));
#10461=CARTESIAN_POINT('Ctrl Pts',(0.977608416185844,34.188177584926,-10.8899672886415));
#10462=CARTESIAN_POINT('Ctrl Pts',(0.735326393811674,34.3721976292557,-10.9113067501426));
#10463=CARTESIAN_POINT('Ctrl Pts',(0.291620803018062,34.5263325195755,-10.9324316221886));
#10464=CARTESIAN_POINT('Ctrl Pts',(-0.144605386238774,34.546643760389,-10.9353406503852));
#10465=CARTESIAN_POINT('Ctrl Pts',(-0.442449657131099,34.4755311527057,
-10.9253638216432));
#10466=CARTESIAN_POINT('Ctrl Pts',(-0.772415356886671,34.3399230383141,
-10.9077389872877));
#10467=CARTESIAN_POINT('Ctrl Pts',(-0.944319722790823,34.2228476320826,
-10.8934753335917));
#10468=CARTESIAN_POINT('Ctrl Pts',(-1.21717718489616,33.9511321187143,-10.8664376032182));
#10469=CARTESIAN_POINT('Ctrl Pts',(-1.33604542670459,33.7799385779961,-10.8521450365069));
#10470=CARTESIAN_POINT('Ctrl Pts',(-1.57246833947218,33.2071726257907,-10.8210850471123));
#10471=CARTESIAN_POINT('Ctrl Pts',(-1.57270659103378,32.7921049160418,-10.8209755378857));
#10472=CARTESIAN_POINT('Ctrl Pts',(-1.33627184024117,32.2210011318717,-10.8520049792825));
#10473=CARTESIAN_POINT('Ctrl Pts',(-1.21735191604762,32.0490854024046,-10.8663298154145));
#10474=CARTESIAN_POINT('Ctrl Pts',(-0.944602111653348,31.7774899973229,
-10.8933495847372));
#10475=CARTESIAN_POINT('Ctrl Pts',(-0.77242956433488,31.6602914164011,-10.9076089810017));
#10476=CARTESIAN_POINT('Ctrl Pts',(-0.395927405965456,31.5049572917042,
-10.9277957190117));
#10477=CARTESIAN_POINT('Ctrl Pts',(-0.19165277777752,31.4666431477267,-10.9333400558549));
#10478=CARTESIAN_POINT('Ctrl Pts',(-1.31838984174237E-15,31.4666666666667,
-10.9333333333333));
#10479=CARTESIAN_POINT('Ctrl Pts',(-3.46944695195361E-17,31.5,-10.9));
#10480=CARTESIAN_POINT('Ctrl Pts',(0.140160754483796,31.5,-10.9));
#10481=CARTESIAN_POINT('Ctrl Pts',(0.435152674499588,31.5401272544565,-10.8942602596536));
#10482=CARTESIAN_POINT('Ctrl Pts',(0.983452079265991,31.8011252918721,-10.8608721434832));
#10483=CARTESIAN_POINT('Ctrl Pts',(1.26353612840515,32.1394334561509,-10.8274666968082));
#10484=CARTESIAN_POINT('Ctrl Pts',(1.46140985870945,32.6060880493791,-10.802652179888));
#10485=CARTESIAN_POINT('Ctrl Pts',(1.49900822884372,32.8083382822752,-10.7972723250873));
#10486=CARTESIAN_POINT('Ctrl Pts',(1.49934145266565,33.1893736619345,-10.7972392178716));
#10487=CARTESIAN_POINT('Ctrl Pts',(1.46083867896057,33.3921543974283,-10.8026724999286));
#10488=CARTESIAN_POINT('Ctrl Pts',(1.30545630308991,33.7636768683307,-10.8222887468592));
#10489=CARTESIAN_POINT('Ctrl Pts',(1.18901271466254,33.9323141659802,-10.836079036074));
#10490=CARTESIAN_POINT('Ctrl Pts',(0.954648123451022,34.163811837729,-10.8586156313741));
#10491=CARTESIAN_POINT('Ctrl Pts',(0.717438167859739,34.3432735531213,-10.8790021226614));
#10492=CARTESIAN_POINT('Ctrl Pts',(0.284313552999199,34.4931763246803,-10.8991415194746));
#10493=CARTESIAN_POINT('Ctrl Pts',(-0.140966550138253,34.5129188154194,
-10.9019143874686));
#10494=CARTESIAN_POINT('Ctrl Pts',(-0.431552714071026,34.4437820777665,
-10.892404200038));
#10495=CARTESIAN_POINT('Ctrl Pts',(-0.753783314383256,34.3118054588097,
-10.8755988350987));
#10496=CARTESIAN_POINT('Ctrl Pts',(-0.922007418142913,34.1976730081709,
-10.8619712137164));
#10497=CARTESIAN_POINT('Ctrl Pts',(-1.18946017963067,33.9322729022933,-10.836116755415));
#10498=CARTESIAN_POINT('Ctrl Pts',(-1.30621135190434,33.764752370944,-10.8224249227576));
#10499=CARTESIAN_POINT('Ctrl Pts',(-1.53879269949991,33.2035130356427,-10.7926574800371));
#10500=CARTESIAN_POINT('Ctrl Pts',(-1.53906597433128,32.7957561115463,-10.7925553937205));
#10501=CARTESIAN_POINT('Ctrl Pts',(-1.30642354985291,32.2361898159701,-10.8222819502367));
#10502=CARTESIAN_POINT('Ctrl Pts',(-1.18964568096637,32.0679444211353,-10.8360102794941));
#10503=CARTESIAN_POINT('Ctrl Pts',(-0.922278529929534,31.8026630077835,
-10.861844991374));
#10504=CARTESIAN_POINT('Ctrl Pts',(-0.753816231902482,31.6884159192817,
-10.8754677411403));
#10505=CARTESIAN_POINT('Ctrl Pts',(-0.386101309037002,31.5372088657319,
-10.8947224296421));
#10506=CARTESIAN_POINT('Ctrl Pts',(-0.186880266851727,31.5,-10.9));
#10507=CARTESIAN_POINT('Ctrl Pts',(-1.83880688453542E-15,31.5,-10.9));
#10508=CARTESIAN_POINT('',(-2.77555756156289E-16,31.4,-11.));
#10509=CARTESIAN_POINT('',(-3.46944695195361E-17,31.5,-10.9));
#10510=CARTESIAN_POINT('',(2.77555756156289E-16,31.4,-11.));
#10511=CARTESIAN_POINT('',(1.5,33.,-10.7972473588517));
#10512=CARTESIAN_POINT('Ctrl Pts',(-3.46944695195361E-17,31.5,-10.9));
#10513=CARTESIAN_POINT('Ctrl Pts',(0.140160754483796,31.5,-10.9));
#10514=CARTESIAN_POINT('Ctrl Pts',(0.435152674499588,31.5401272544565,-10.8942602596536));
#10515=CARTESIAN_POINT('Ctrl Pts',(0.983452079265991,31.8011252918721,-10.8608721434832));
#10516=CARTESIAN_POINT('Ctrl Pts',(1.26353612840515,32.1394334561509,-10.8274666968082));
#10517=CARTESIAN_POINT('Ctrl Pts',(1.46140985870945,32.6060880493791,-10.802652179888));
#10518=CARTESIAN_POINT('Ctrl Pts',(1.49900822884372,32.8083382822752,-10.7972723250873));
#10519=CARTESIAN_POINT('Ctrl Pts',(1.49917484075468,32.9988559721048,-10.7972557714795));
#10520=CARTESIAN_POINT('Ctrl Pts',(1.49917484075468,32.9988559721048,-10.7972557714795));
#10521=CARTESIAN_POINT('Ctrl Pts',(1.49934145266565,33.1893736619345,-10.7972392178716));
#10522=CARTESIAN_POINT('Ctrl Pts',(1.46083867896057,33.3921543974283,-10.8026724999286));
#10523=CARTESIAN_POINT('Ctrl Pts',(1.30545630308991,33.7636768683307,-10.8222887468592));
#10524=CARTESIAN_POINT('Ctrl Pts',(1.18901271466254,33.9323141659802,-10.836079036074));
#10525=CARTESIAN_POINT('Ctrl Pts',(0.954648123451022,34.163811837729,-10.8586156313741));
#10526=CARTESIAN_POINT('Ctrl Pts',(0.717438167859739,34.3432735531213,-10.8790021226614));
#10527=CARTESIAN_POINT('Ctrl Pts',(0.284313552999199,34.4931763246803,-10.8991415194746));
#10528=CARTESIAN_POINT('Ctrl Pts',(-0.140966550138253,34.5129188154194,
-10.9019143874686));
#10529=CARTESIAN_POINT('Ctrl Pts',(-0.431552714071026,34.4437820777665,
-10.892404200038));
#10530=CARTESIAN_POINT('Ctrl Pts',(-0.753783314383256,34.3118054588097,
-10.8755988350987));
#10531=CARTESIAN_POINT('Ctrl Pts',(-0.922007418142913,34.1976730081709,
-10.8619712137164));
#10532=CARTESIAN_POINT('Ctrl Pts',(-1.18946017963067,33.9322729022933,-10.836116755415));
#10533=CARTESIAN_POINT('Ctrl Pts',(-1.30621135190434,33.764752370944,-10.8224249227576));
#10534=CARTESIAN_POINT('Ctrl Pts',(-1.53879269949991,33.2035130356427,-10.7926574800371));
#10535=CARTESIAN_POINT('Ctrl Pts',(-1.53906597433128,32.7957561115463,-10.7925553937205));
#10536=CARTESIAN_POINT('Ctrl Pts',(-1.30642354985291,32.2361898159701,-10.8222819502367));
#10537=CARTESIAN_POINT('Ctrl Pts',(-1.18964568096637,32.0679444211353,-10.8360102794941));
#10538=CARTESIAN_POINT('Ctrl Pts',(-0.922278529929534,31.8026630077835,
-10.861844991374));
#10539=CARTESIAN_POINT('Ctrl Pts',(-0.753816231902482,31.6884159192817,
-10.8754677411403));
#10540=CARTESIAN_POINT('Ctrl Pts',(-0.386101309037002,31.5372088657319,
-10.8947224296421));
#10541=CARTESIAN_POINT('Ctrl Pts',(-0.186880266851727,31.5,-10.9));
#10542=CARTESIAN_POINT('Ctrl Pts',(-1.83880688453542E-15,31.5,-10.9));
#10543=CARTESIAN_POINT('Ctrl Pts',(-2.77555756156289E-16,31.4,-11.));
#10544=CARTESIAN_POINT('Ctrl Pts',(-0.201167749026934,31.4,-11.));
#10545=CARTESIAN_POINT('Ctrl Pts',(-0.415578497795388,31.4404903601384,
-10.9939340991301));
#10546=CARTESIAN_POINT('Ctrl Pts',(-0.809644212460615,31.6040687670543,
-10.9718919236591));
#10547=CARTESIAN_POINT('Ctrl Pts',(-0.989207521083915,31.727230126424,-10.9563436319338));
#10548=CARTESIAN_POINT('Ctrl Pts',(-1.27279107929335,32.0113860381515,-10.9269759933634));
#10549=CARTESIAN_POINT('Ctrl Pts',(-1.39587608132747,32.1907798859408,-10.9114267453374));
#10550=CARTESIAN_POINT('Ctrl Pts',(-1.64012891980487,32.7846784071353,-10.8778515724464));
#10551=CARTESIAN_POINT('Ctrl Pts',(-1.63985624164508,33.2145627945216,-10.8779663200046));
#10552=CARTESIAN_POINT('Ctrl Pts',(-1.39568511068082,33.8102317406532,-10.911585799715));
#10553=CARTESIAN_POINT('Ctrl Pts',(-1.27261133970077,33.9888577790134,-10.9270954587771));
#10554=CARTESIAN_POINT('Ctrl Pts',(-0.988939982848107,34.2731430790559,
-10.9564851429596));
#10555=CARTESIAN_POINT('Ctrl Pts',(-0.809634995901402,34.3961838154176,
-10.9720396249235));
#10556=CARTESIAN_POINT('Ctrl Pts',(-0.464284929208119,34.5389621640624,
-10.9912785941653));
#10557=CARTESIAN_POINT('Ctrl Pts',(-0.151876167689848,34.6140667396221,
-11.002198387621));
#10558=CARTESIAN_POINT('Ctrl Pts',(0.306233503164823,34.592587594566,-10.9990099167836));
#10559=CARTESIAN_POINT('Ctrl Pts',(0.771048192616974,34.4299926834659,-10.9759148721751));
#10560=CARTESIAN_POINT('Ctrl Pts',(1.02353408198504,34.2368628715404,-10.9526707397145));
#10561=CARTESIAN_POINT('Ctrl Pts',(1.27214869629883,33.9888887760542,-10.9270500841528));
#10562=CARTESIAN_POINT('Ctrl Pts',(1.39484516063377,33.8090862378019,-10.9114334553924));
#10563=CARTESIAN_POINT('Ctrl Pts',(1.5580738158297,33.4147591692847,-10.8892698913938));
#10564=CARTESIAN_POINT('Ctrl Pts',(1.59830332951671,33.2002733826495,-10.8831496124084));
#10565=CARTESIAN_POINT('Ctrl Pts',(1.59795337601445,32.7973115116911,-10.8831864668187));
#10566=CARTESIAN_POINT('Ctrl Pts',(1.5586830944998,32.583381543811,-10.8892477151199));
#10567=CARTESIAN_POINT('Ctrl Pts',(1.35080089235388,32.0881114171919,-10.9172788479675));
#10568=CARTESIAN_POINT('Ctrl Pts',(1.05544437308162,31.7261098616779,-10.9551752777363));
#10569=CARTESIAN_POINT('Ctrl Pts',(0.468432984385921,31.4436525849997,-10.9934037757878));
#10570=CARTESIAN_POINT('Ctrl Pts',(0.150876408496321,31.4,-11.));
#10571=CARTESIAN_POINT('Ctrl Pts',(2.77555756156289E-16,31.4,-11.));
#10572=CARTESIAN_POINT('Origin',(0.,0.,0.));
#10573=CARTESIAN_POINT('',(-11.,35.7,1.34711147906209E-15));
#10574=CARTESIAN_POINT('Origin',(0.,35.7,0.));
#10575=CARTESIAN_POINT('',(-11.,8.,-1.34711147906209E-15));
#10576=CARTESIAN_POINT('',(-11.,0.,1.34711147906209E-15));
#10577=CARTESIAN_POINT('Origin',(0.,8.,0.));
#10578=CARTESIAN_POINT('',(6.59194920871187E-16,31.4,11.));
#10579=CARTESIAN_POINT('Ctrl Pts',(6.59194920871187E-16,31.4,11.));
#10580=CARTESIAN_POINT('Ctrl Pts',(0.201167749026939,31.4,11.));
#10581=CARTESIAN_POINT('Ctrl Pts',(0.629728083848239,31.4811529123051,10.9876091725167));
#10582=CARTESIAN_POINT('Ctrl Pts',(0.989232613898083,31.7266833534131,10.956253491956));
#10583=CARTESIAN_POINT('Ctrl Pts',(1.26396051365392,32.0021454285863,10.9279307508074));
#10584=CARTESIAN_POINT('Ctrl Pts',(1.4501447226483,32.2659379665447,10.9045108326114));
#10585=CARTESIAN_POINT('Ctrl Pts',(1.59387451752008,32.7319246015055,10.8839169286293));
#10586=CARTESIAN_POINT('Ctrl Pts',(1.61409700008499,33.1513092971698,10.8808781947229));
#10587=CARTESIAN_POINT('Ctrl Pts',(1.53892415388025,33.4644368107757,10.8919440105265));
#10588=CARTESIAN_POINT('Ctrl Pts',(1.39614580655157,33.8099433493938,10.9113271964339));
#10589=CARTESIAN_POINT('Ctrl Pts',(1.27310696561119,33.9896014604935,10.9269736860329));
#10590=CARTESIAN_POINT('Ctrl Pts',(0.954208516206172,34.3087054719585,10.9599654121092));
#10591=CARTESIAN_POINT('Ctrl Pts',(0.593801620924501,34.5288499992789,10.9895155857172));
#10592=CARTESIAN_POINT('Ctrl Pts',(0.0748196264835944,34.6129755576174,
11.0018991230633));
#10593=CARTESIAN_POINT('Ctrl Pts',(-0.435019976531895,34.5802728254886,
10.9969955525237));
#10594=CARTESIAN_POINT('Ctrl Pts',(-0.94519655156389,34.3371160820347,10.962679245085));
#10595=CARTESIAN_POINT('Ctrl Pts',(-1.28889976060397,33.9689650384381,10.9245435480939));
#10596=CARTESIAN_POINT('Ctrl Pts',(-1.4264662344598,33.7358645941091,10.9071921870754));
#10597=CARTESIAN_POINT('Ctrl Pts',(-1.55913518386111,33.4157133065014,10.8890978104731));
#10598=CARTESIAN_POINT('Ctrl Pts',(-1.59939116609863,33.2012670391591,10.8830137604146));
#10599=CARTESIAN_POINT('Ctrl Pts',(-1.59915119943921,32.7985963287161,10.8830144525304));
#10600=CARTESIAN_POINT('Ctrl Pts',(-1.51826137382721,32.3698678061452,10.8955773882442));
#10601=CARTESIAN_POINT('Ctrl Pts',(-1.27278140005863,32.0101997454343,10.9270758770748));
#10602=CARTESIAN_POINT('Ctrl Pts',(-0.989359746783887,31.726337899033,10.9563670992745));
#10603=CARTESIAN_POINT('Ctrl Pts',(-0.809696467956713,31.6034588487241,
10.971924731175));
#10604=CARTESIAN_POINT('Ctrl Pts',(-0.415620162973208,31.4401430432907,
10.993948884736));
#10605=CARTESIAN_POINT('Ctrl Pts',(-0.201167749026939,31.4,11.));
#10606=CARTESIAN_POINT('Ctrl Pts',(1.38777878078145E-16,31.4,11.));
#10607=CARTESIAN_POINT('',(11.,19.,4.89858719658941E-16));
#10608=CARTESIAN_POINT('',(11.,11.,0.));
#10609=CARTESIAN_POINT('Ctrl Pts',(11.,19.,1.38777878078145E-16));
#10610=CARTESIAN_POINT('Ctrl Pts',(11.,19.,-0.50715535865824));
#10611=CARTESIAN_POINT('Ctrl Pts',(10.9615203868236,18.8977003710463,-1.04502669885062));
#10612=CARTESIAN_POINT('Ctrl Pts',(10.8226175397612,18.488006447158,-2.02927562778067));
#10613=CARTESIAN_POINT('Ctrl Pts',(10.7239188717228,18.180856671765,-2.47599757772737));
#10614=CARTESIAN_POINT('Ctrl Pts',(10.5363097686131,17.4757608591828,-3.18109339030953));
#10615=CARTESIAN_POINT('Ctrl Pts',(10.4345906687847,17.0291312181349,-3.48806206021971));
#10616=CARTESIAN_POINT('Ctrl Pts',(10.2886259881948,16.0452319048686,-3.89761945118641));
#10617=CARTESIAN_POINT('Ctrl Pts',(10.2469507659596,15.5074960028504,-4.));
#10618=CARTESIAN_POINT('Ctrl Pts',(10.2469507659596,14.4925039971496,-4.));
#10619=CARTESIAN_POINT('Ctrl Pts',(10.2886259881948,13.9547680951315,-3.89761945118641));
#10620=CARTESIAN_POINT('Ctrl Pts',(10.4345906687847,12.9708687818651,-3.48806206021971));
#10621=CARTESIAN_POINT('Ctrl Pts',(10.5363097686131,12.5242391408172,-3.18109339030953));
#10622=CARTESIAN_POINT('Ctrl Pts',(10.7239188717228,11.819143328235,-2.47599757772737));
#10623=CARTESIAN_POINT('Ctrl Pts',(10.8226175397612,11.511993552842,-2.02927562778067));
#10624=CARTESIAN_POINT('Ctrl Pts',(10.9615203868236,11.1022996289537,-1.04502669885062));
#10625=CARTESIAN_POINT('Ctrl Pts',(11.,11.,-0.507155358658241));
#10626=CARTESIAN_POINT('Ctrl Pts',(11.,11.,-1.11022302462516E-15));
#10627=CARTESIAN_POINT('Ctrl Pts',(11.,11.,-1.2490009027033E-15));
#10628=CARTESIAN_POINT('Ctrl Pts',(11.,11.,0.507155358658239));
#10629=CARTESIAN_POINT('Ctrl Pts',(10.9615203868236,11.1022996289537,1.04502669885062));
#10630=CARTESIAN_POINT('Ctrl Pts',(10.8226175397612,11.511993552842,2.02927562778068));
#10631=CARTESIAN_POINT('Ctrl Pts',(10.7239188717228,11.819143328235,2.47599757772737));
#10632=CARTESIAN_POINT('Ctrl Pts',(10.5363097686131,12.5242391408172,3.18109339030953));
#10633=CARTESIAN_POINT('Ctrl Pts',(10.4345906687847,12.9708687818651,3.48806206021971));
#10634=CARTESIAN_POINT('Ctrl Pts',(10.2886259881948,13.9547680951315,3.89761945118641));
#10635=CARTESIAN_POINT('Ctrl Pts',(10.2469507659596,14.4925039971496,4.));
#10636=CARTESIAN_POINT('Ctrl Pts',(10.2469507659596,15.,4.));
#10637=CARTESIAN_POINT('Ctrl Pts',(10.2469507659596,15.5074960028504,4.));
#10638=CARTESIAN_POINT('Ctrl Pts',(10.2886259881948,16.0452319048685,3.89761945118641));
#10639=CARTESIAN_POINT('Ctrl Pts',(10.4345906687847,17.0291312181349,3.48806206021971));
#10640=CARTESIAN_POINT('Ctrl Pts',(10.5363097686131,17.4757608591828,3.18109339030953));
#10641=CARTESIAN_POINT('Ctrl Pts',(10.7239188717228,18.180856671765,2.47599757772737));
#10642=CARTESIAN_POINT('Ctrl Pts',(10.8226175397612,18.488006447158,2.02927562778067));
#10643=CARTESIAN_POINT('Ctrl Pts',(10.9615203868236,18.8977003710463,1.04502669885062));
#10644=CARTESIAN_POINT('Ctrl Pts',(11.,19.,0.50715535865824));
#10645=CARTESIAN_POINT('Ctrl Pts',(11.,19.,2.77555756156289E-16));
#10646=CARTESIAN_POINT('',(-5.5,29.5,9.52627944162882));
#10647=CARTESIAN_POINT('',(-5.5,21.5,9.52627944162882));
#10648=CARTESIAN_POINT('Ctrl Pts',(-5.5,29.5,9.52627944162882));
#10649=CARTESIAN_POINT('Ctrl Pts',(-5.06079057573656,29.5,9.77985712095794));
#10650=CARTESIAN_POINT('Ctrl Pts',(-4.57574052457418,29.3977003710463,10.0154684685156));
#10651=CARTESIAN_POINT('Ctrl Pts',(-3.65390452494191,28.988006447158,10.3872995387666));
#10652=CARTESIAN_POINT('Ctrl Pts',(-3.21768263384075,28.680856671765,10.525184959899));
#10653=CARTESIAN_POINT('Ctrl Pts',(-2.51324719648773,27.9757608591829,10.7152586169159));
#10654=CARTESIAN_POINT('Ctrl Pts',(-2.1965449802654,27.5291312181349,10.7806516273695));
#10655=CARTESIAN_POINT('Ctrl Pts',(-1.76887553508563,26.5452319048686,10.8590212014067));
#10656=CARTESIAN_POINT('Ctrl Pts',(-1.65937376784205,26.0074960028504,10.8741196746494));
#10657=CARTESIAN_POINT('Ctrl Pts',(-1.65937376784205,24.9925039971496,10.8741196746494));
#10658=CARTESIAN_POINT('Ctrl Pts',(-1.76887553508563,24.4547680951315,10.8590212014067));
#10659=CARTESIAN_POINT('Ctrl Pts',(-2.19654498026539,23.4708687818651,10.7806516273695));
#10660=CARTESIAN_POINT('Ctrl Pts',(-2.51324719648772,23.0242391408172,10.7152586169159));
#10661=CARTESIAN_POINT('Ctrl Pts',(-3.21768263384075,22.319143328235,10.525184959899));
#10662=CARTESIAN_POINT('Ctrl Pts',(-3.6539045249419,22.011993552842,10.3872995387666));
#10663=CARTESIAN_POINT('Ctrl Pts',(-4.57574052457417,21.6022996289537,10.0154684685156));
#10664=CARTESIAN_POINT('Ctrl Pts',(-5.06079057573656,21.5,9.77985712095795));
#10665=CARTESIAN_POINT('Ctrl Pts',(-5.5,21.5,9.52627944162882));
#10666=CARTESIAN_POINT('Ctrl Pts',(-5.5,21.5,9.52627944162882));
#10667=CARTESIAN_POINT('Ctrl Pts',(-5.93920942426344,21.5,9.27270176229971));
#10668=CARTESIAN_POINT('Ctrl Pts',(-6.38577986224944,21.6022996289537,8.97044176966496));
#10669=CARTESIAN_POINT('Ctrl Pts',(-7.16871301481926,22.011993552842,8.35802391098588));
#10670=CARTESIAN_POINT('Ctrl Pts',(-7.50623623788203,22.319143328235,8.0491873821716));
#10671=CARTESIAN_POINT('Ctrl Pts',(-8.02306257212537,23.0242391408171,7.53416522660632));
#10672=CARTESIAN_POINT('Ctrl Pts',(-8.2380456885193,23.4708687818651,7.29258956714975));
#10673=CARTESIAN_POINT('Ctrl Pts',(-8.51975045310921,24.4547680951314,6.9614017502203));
#10674=CARTESIAN_POINT('Ctrl Pts',(-8.58757699811756,24.9925039971496,6.87411967464942));
#10675=CARTESIAN_POINT('Ctrl Pts',(-8.58757699811756,25.5,6.87411967464942));
#10676=CARTESIAN_POINT('Ctrl Pts',(-8.58757699811756,26.0074960028504,6.87411967464942));
#10677=CARTESIAN_POINT('Ctrl Pts',(-8.51975045310921,26.5452319048685,6.9614017502203));
#10678=CARTESIAN_POINT('Ctrl Pts',(-8.2380456885193,27.5291312181349,7.29258956714975));
#10679=CARTESIAN_POINT('Ctrl Pts',(-8.02306257212537,27.9757608591828,7.53416522660632));
#10680=CARTESIAN_POINT('Ctrl Pts',(-7.50623623788203,28.680856671765,8.0491873821716));
#10681=CARTESIAN_POINT('Ctrl Pts',(-7.16871301481927,28.988006447158,8.35802391098588));
#10682=CARTESIAN_POINT('Ctrl Pts',(-6.38577986224944,29.3977003710463,8.97044176966496));
#10683=CARTESIAN_POINT('Ctrl Pts',(-5.93920942426345,29.5,9.27270176229971));
#10684=CARTESIAN_POINT('Ctrl Pts',(-5.5,29.5,9.52627944162882));
#10685=CARTESIAN_POINT('',(-7.77817459305202,24.,-7.77817459305202));
#10686=CARTESIAN_POINT('',(-7.77817459305202,16.,-7.77817459305202));
#10687=CARTESIAN_POINT('Ctrl Pts',(-7.77817459305202,24.,-7.77817459305202));
#10688=CARTESIAN_POINT('Ctrl Pts',(-8.13678758627436,24.,-7.41956159982969));
#10689=CARTESIAN_POINT('Ctrl Pts',(-8.48991086291583,23.8977003710463,-7.01201993235929));
#10690=CARTESIAN_POINT('Ctrl Pts',(-9.08766080985389,23.488006447158,-6.21783169525329));
#10691=CARTESIAN_POINT('Ctrl Pts',(-9.33375043250206,23.180856671765,-5.83216107767708));
#10692=CARTESIAN_POINT('Ctrl Pts',(-9.69966879394396,22.4757608591828,-5.20092337819281));
#10693=CARTESIAN_POINT('Ctrl Pts',(-9.84480215678441,22.0291312181349,-4.91193748482266));
#10694=CARTESIAN_POINT('Ctrl Pts',(-10.0311903497632,21.0452319048685,-4.51912406092621));
#10695=CARTESIAN_POINT('Ctrl Pts',(-10.0741154978409,20.5074960028504,-4.41726124834853));
#10696=CARTESIAN_POINT('Ctrl Pts',(-10.0741154978409,19.4925039971496,-4.41726124834853));
#10697=CARTESIAN_POINT('Ctrl Pts',(-10.0311903497632,18.9547680951315,-4.51912406092622));
#10698=CARTESIAN_POINT('Ctrl Pts',(-9.84480215678441,17.9708687818651,-4.91193748482266));
#10699=CARTESIAN_POINT('Ctrl Pts',(-9.69966879394396,17.5242391408172,-5.20092337819281));
#10700=CARTESIAN_POINT('Ctrl Pts',(-9.33375043250206,16.819143328235,-5.83216107767708));
#10701=CARTESIAN_POINT('Ctrl Pts',(-9.0876608098539,16.511993552842,-6.21783169525329));
#10702=CARTESIAN_POINT('Ctrl Pts',(-8.48991086291583,16.1022996289537,-7.01201993235929));
#10703=CARTESIAN_POINT('Ctrl Pts',(-8.13678758627436,16.,-7.41956159982968));
#10704=CARTESIAN_POINT('Ctrl Pts',(-7.77817459305203,16.,-7.77817459305202));
#10705=CARTESIAN_POINT('Ctrl Pts',(-7.77817459305202,16.,-7.77817459305202));
#10706=CARTESIAN_POINT('Ctrl Pts',(-7.41956159982969,16.,-8.13678758627436));
#10707=CARTESIAN_POINT('Ctrl Pts',(-7.0120199323593,16.1022996289537,-8.48991086291583));
#10708=CARTESIAN_POINT('Ctrl Pts',(-6.21783169525329,16.511993552842,-9.08766080985389));
#10709=CARTESIAN_POINT('Ctrl Pts',(-5.83216107767708,16.819143328235,-9.33375043250206));
#10710=CARTESIAN_POINT('Ctrl Pts',(-5.20092337819281,17.5242391408172,-9.69966879394396));
#10711=CARTESIAN_POINT('Ctrl Pts',(-4.91193748482266,17.9708687818651,-9.8448021567844));
#10712=CARTESIAN_POINT('Ctrl Pts',(-4.51912406092622,18.9547680951314,-10.0311903497632));
#10713=CARTESIAN_POINT('Ctrl Pts',(-4.41726124834853,19.4925039971496,-10.0741154978409));
#10714=CARTESIAN_POINT('Ctrl Pts',(-4.41726124834853,20.,-10.0741154978409));
#10715=CARTESIAN_POINT('Ctrl Pts',(-4.41726124834853,20.5074960028504,-10.0741154978409));
#10716=CARTESIAN_POINT('Ctrl Pts',(-4.51912406092622,21.0452319048685,-10.0311903497632));
#10717=CARTESIAN_POINT('Ctrl Pts',(-4.91193748482266,22.0291312181349,-9.84480215678441));
#10718=CARTESIAN_POINT('Ctrl Pts',(-5.20092337819281,22.4757608591828,-9.69966879394396));
#10719=CARTESIAN_POINT('Ctrl Pts',(-5.83216107767708,23.180856671765,-9.33375043250206));
#10720=CARTESIAN_POINT('Ctrl Pts',(-6.21783169525329,23.488006447158,-9.08766080985389));
#10721=CARTESIAN_POINT('Ctrl Pts',(-7.01201993235929,23.8977003710463,-8.48991086291583));
#10722=CARTESIAN_POINT('Ctrl Pts',(-7.41956159982969,24.,-8.13678758627436));
#10723=CARTESIAN_POINT('Ctrl Pts',(-7.77817459305202,24.,-7.77817459305202));
#10724=CARTESIAN_POINT('Origin',(0.,33.,-11.));
#10725=CARTESIAN_POINT('',(1.5,33.,-8.));
#10726=CARTESIAN_POINT('',(1.5,33.,-11.));
#10727=CARTESIAN_POINT('Origin',(0.,33.,-8.));
#10728=CARTESIAN_POINT('',(1.5,33.,-10.9009900981373));
#10729=CARTESIAN_POINT('',(1.5,33.,-11.));
#10730=CARTESIAN_POINT('Origin',(0.,2.6,-14.95));
#10731=CARTESIAN_POINT('',(-1.7,2.6,-15.));
#10732=CARTESIAN_POINT('Origin',(0.,2.6,-15.));
#10733=CARTESIAN_POINT('',(-1.6,2.6,-14.9));
#10734=CARTESIAN_POINT('',(-1.65,2.6,-14.95));
#10735=CARTESIAN_POINT('Origin',(0.,2.6,-14.9));
#10736=CARTESIAN_POINT('Origin',(101.,0.,-15.));
#10737=CARTESIAN_POINT('',(-14.6969384566991,0.3,-15.));
#10738=CARTESIAN_POINT('',(14.6969384566991,0.3,-15.));
#10739=CARTESIAN_POINT('',(50.5,0.3,-15.));
#10740=CARTESIAN_POINT('',(-14.6969384566991,7.7,-15.));
#10741=CARTESIAN_POINT('',(-14.6969384566991,0.,-15.));
#10742=CARTESIAN_POINT('',(14.6969384566991,7.7,-15.));
#10743=CARTESIAN_POINT('',(50.5,7.7,-15.));
#10744=CARTESIAN_POINT('',(14.6969384566991,0.,-15.));
#10745=CARTESIAN_POINT('Origin',(0.,2.6,-15.));
#10746=CARTESIAN_POINT('',(-1.6,2.6,-12.));
#10747=CARTESIAN_POINT('',(-1.6,2.6,-15.));
#10748=CARTESIAN_POINT('Origin',(0.,2.6,-12.));
#10749=CARTESIAN_POINT('Origin',(0.,2.6,14.95));
#10750=CARTESIAN_POINT('',(1.7,2.6,15.));
#10751=CARTESIAN_POINT('Origin',(0.,2.6,15.));
#10752=CARTESIAN_POINT('',(1.6,2.6,14.9));
#10753=CARTESIAN_POINT('',(1.65,2.6,14.95));
#10754=CARTESIAN_POINT('Origin',(0.,2.6,14.9));
#10755=CARTESIAN_POINT('Origin',(-101.,0.,15.));
#10756=CARTESIAN_POINT('',(14.6969384566991,0.3,15.));
#10757=CARTESIAN_POINT('',(-14.6969384566991,0.3,15.));
#10758=CARTESIAN_POINT('',(-50.5,0.3,15.));
#10759=CARTESIAN_POINT('',(14.6969384566991,7.7,15.));
#10760=CARTESIAN_POINT('',(14.6969384566991,0.,15.));
#10761=CARTESIAN_POINT('',(-14.6969384566991,7.7,15.));
#10762=CARTESIAN_POINT('',(-50.5,7.7,15.));
#10763=CARTESIAN_POINT('',(-14.6969384566991,0.,15.));
#10764=CARTESIAN_POINT('Origin',(0.,2.6,15.));
#10765=CARTESIAN_POINT('',(1.6,2.6,12.));
#10766=CARTESIAN_POINT('',(1.6,2.6,15.));
#10767=CARTESIAN_POINT('Origin',(0.,2.6,12.));
#10768=CARTESIAN_POINT('Ctrl Pts',(1.38777878078145E-16,31.4,11.));
#10769=CARTESIAN_POINT('Ctrl Pts',(-0.201167749026939,31.4,11.));
#10770=CARTESIAN_POINT('Ctrl Pts',(-0.415620162973208,31.4401430432907,
10.993948884736));
#10771=CARTESIAN_POINT('Ctrl Pts',(-0.809696467956713,31.6034588487241,
10.971924731175));
#10772=CARTESIAN_POINT('Ctrl Pts',(-0.989359746783887,31.726337899033,10.9563670992745));
#10773=CARTESIAN_POINT('Ctrl Pts',(-1.27278140005863,32.0101997454343,10.9270758770748));
#10774=CARTESIAN_POINT('Ctrl Pts',(-1.51826137382721,32.3698678061452,10.8955773882442));
#10775=CARTESIAN_POINT('Ctrl Pts',(-1.59915119943921,32.7985963287161,10.8830144525304));
#10776=CARTESIAN_POINT('Ctrl Pts',(-1.59939116609863,33.2012670391591,10.8830137604146));
#10777=CARTESIAN_POINT('Ctrl Pts',(-1.55913518386111,33.4157133065014,10.8890978104731));
#10778=CARTESIAN_POINT('Ctrl Pts',(-1.4264662344598,33.7358645941091,10.9071921870754));
#10779=CARTESIAN_POINT('Ctrl Pts',(-1.28889976060397,33.9689650384381,10.9245435480939));
#10780=CARTESIAN_POINT('Ctrl Pts',(-0.94519655156389,34.3371160820347,10.962679245085));
#10781=CARTESIAN_POINT('Ctrl Pts',(-0.435019976531895,34.5802728254886,
10.9969955525237));
#10782=CARTESIAN_POINT('Ctrl Pts',(0.0748196264835944,34.6129755576174,
11.0018991230633));
#10783=CARTESIAN_POINT('Ctrl Pts',(0.593801620924501,34.5288499992789,10.9895155857172));
#10784=CARTESIAN_POINT('Ctrl Pts',(0.954208516206172,34.3087054719585,10.9599654121092));
#10785=CARTESIAN_POINT('Ctrl Pts',(1.27310696561119,33.9896014604935,10.9269736860329));
#10786=CARTESIAN_POINT('Ctrl Pts',(1.39614580655157,33.8099433493938,10.9113271964339));
#10787=CARTESIAN_POINT('Ctrl Pts',(1.53892415388025,33.4644368107757,10.8919440105265));
#10788=CARTESIAN_POINT('Ctrl Pts',(1.61409700008499,33.1513092971698,10.8808781947229));
#10789=CARTESIAN_POINT('Ctrl Pts',(1.59387451752008,32.7319246015055,10.8839169286293));
#10790=CARTESIAN_POINT('Ctrl Pts',(1.4501447226483,32.2659379665447,10.9045108326114));
#10791=CARTESIAN_POINT('Ctrl Pts',(1.26396051365392,32.0021454285863,10.9279307508074));
#10792=CARTESIAN_POINT('Ctrl Pts',(0.989232613898083,31.7266833534131,10.956253491956));
#10793=CARTESIAN_POINT('Ctrl Pts',(0.629728083848239,31.4811529123051,10.9876091725167));
#10794=CARTESIAN_POINT('Ctrl Pts',(0.201167749026939,31.4,11.));
#10795=CARTESIAN_POINT('Ctrl Pts',(6.59194920871187E-16,31.4,11.));
#10796=CARTESIAN_POINT('Ctrl Pts',(1.73472347597681E-16,31.4333333333333,
10.9666666666667));
#10797=CARTESIAN_POINT('Ctrl Pts',(-0.196391344132238,31.4333583778473,
10.9666590717923));
#10798=CARTESIAN_POINT('Ctrl Pts',(-0.405799737733624,31.4723923976799,
10.9608768655122));
#10799=CARTESIAN_POINT('Ctrl Pts',(-0.791074752611743,31.6315866223709,
10.9397816159128));
#10800=CARTESIAN_POINT('Ctrl Pts',(-0.967052819840349,31.7515045929409,
10.9248661969001));
#10801=CARTESIAN_POINT('Ctrl Pts',(-1.2450483666751,32.0290681917953,10.8967505438703));
#10802=CARTESIAN_POINT('Ctrl Pts',(-1.48638386861615,32.3813187863339,10.8664753321409));
#10803=CARTESIAN_POINT('Ctrl Pts',(-1.56615969564009,32.8022501607604,10.8543810354632));
#10804=CARTESIAN_POINT('Ctrl Pts',(-1.56637675334547,33.1976135645999,10.8543753175505));
#10805=CARTESIAN_POINT('Ctrl Pts',(-1.52673640772985,33.4081601117874,10.8602348696207));
#10806=CARTESIAN_POINT('Ctrl Pts',(-1.39612787090305,33.7221313151896,10.8776337575781));
#10807=CARTESIAN_POINT('Ctrl Pts',(-1.26093287272591,33.9505440715722,10.8943136427991));
#10808=CARTESIAN_POINT('Ctrl Pts',(-0.923524764929735,34.3105863682556,
10.9309296780755));
#10809=CARTESIAN_POINT('Ctrl Pts',(-0.424599550044103,34.5474883768175,
10.9637941403314));
#10810=CARTESIAN_POINT('Ctrl Pts',(0.0729847305280705,34.5793021743811,
10.9684843592887));
#10811=CARTESIAN_POINT('Ctrl Pts',(0.579824559619011,34.4974321513513,10.9566377414637));
#10812=CARTESIAN_POINT('Ctrl Pts',(0.932456826505032,34.2827519154412,10.9283168016768));
#10813=CARTESIAN_POINT('Ctrl Pts',(1.24544080248235,33.9707323779146,10.8966502750768));
#10814=CARTESIAN_POINT('Ctrl Pts',(1.36630558325711,33.7947745103023,10.8816103368483));
#10815=CARTESIAN_POINT('Ctrl Pts',(1.50683151871806,33.4559492194727,10.8629740933939));
#10816=CARTESIAN_POINT('Ctrl Pts',(1.58086679995841,33.1485900018091,10.8523240247968));
#10817=CARTESIAN_POINT('Ctrl Pts',(1.56094679815554,32.7367536480327,10.8552497162736));
#10818=CARTESIAN_POINT('Ctrl Pts',(1.41939677917525,32.2795171640335,10.87506377047));
#10819=CARTESIAN_POINT('Ctrl Pts',(1.23641107904084,32.0212033190446,10.8975683853941));
#10820=CARTESIAN_POINT('Ctrl Pts',(0.966910384643091,31.7518510210425,10.9247545976139));
#10821=CARTESIAN_POINT('Ctrl Pts',(0.614833682279243,31.5122575614619,10.954816264921));
#10822=CARTESIAN_POINT('Ctrl Pts',(0.196400644109367,31.4333709302268,10.9666556374025));
#10823=CARTESIAN_POINT('Ctrl Pts',(6.59194920871187E-16,31.4333333333333,
10.9666666666667));
#10824=CARTESIAN_POINT('Ctrl Pts',(2.08166817117217E-16,31.4666666666667,
10.9333333333333));
#10825=CARTESIAN_POINT('Ctrl Pts',(-0.191656671746425,31.4666416221527,
10.9333409282077));
#10826=CARTESIAN_POINT('Ctrl Pts',(-0.395952203065719,31.5046288194995,
10.9278084023891));
#10827=CARTESIAN_POINT('Ctrl Pts',(-0.772470409946525,31.6597080196254,
10.9076414938813));
#10828=CARTESIAN_POINT('Ctrl Pts',(-0.944709258224517,31.7766456463389,
10.8933687023921));
#10829=CARTESIAN_POINT('Ctrl Pts',(-1.21732982598611,32.0479506905894,10.866427558744));
#10830=CARTESIAN_POINT('Ctrl Pts',(-1.45455048095098,32.3927702836054,10.8373768294231));
#10831=CARTESIAN_POINT('Ctrl Pts',(-1.53317068162907,32.8059185187899,10.8257482558207));
#10832=CARTESIAN_POINT('Ctrl Pts',(-1.53340974042723,33.1939771077285,10.8257537152184));
#10833=CARTESIAN_POINT('Ctrl Pts',(-1.49427717131883,33.4006236150809,10.8313790857899));
#10834=CARTESIAN_POINT('Ctrl Pts',(-1.36590522943794,33.7084223964769,10.8480895504048));
#10835=CARTESIAN_POINT('Ctrl Pts',(-1.23298269922563,33.9321545180548,10.8640942673999));
#10836=CARTESIAN_POINT('Ctrl Pts',(-0.90201884535051,34.2840699035185,10.8991848267393));
#10837=CARTESIAN_POINT('Ctrl Pts',(-0.414316910191493,34.5146951402675,
10.9305954848465));
#10838=CARTESIAN_POINT('Ctrl Pts',(0.071293647953011,34.5455855893279,10.9350640900052));
#10839=CARTESIAN_POINT('Ctrl Pts',(0.565775366531873,34.4659836619132,10.9237560700989));
#10840=CARTESIAN_POINT('Ctrl Pts',(0.911021590612973,34.256833604489,10.8966811791049));
#10841=CARTESIAN_POINT('Ctrl Pts',(1.2175855857006,33.9518470911483,10.8663353852105));
#10842=CARTESIAN_POINT('Ctrl Pts',(1.3365230602346,33.7796482329045,10.8519119515465));
#10843=CARTESIAN_POINT('Ctrl Pts',(1.47468600489524,33.4474364729153,10.834010278618));
#10844=CARTESIAN_POINT('Ctrl Pts',(1.54764994588487,33.1458674124539,10.8237795470864));
#10845=CARTESIAN_POINT('Ctrl Pts',(1.52800296799708,32.7415796274941,10.8265897334131));
#10846=CARTESIAN_POINT('Ctrl Pts',(1.38865897653362,32.2930622140403,10.8456240980786));
#10847=CARTESIAN_POINT('Ctrl Pts',(1.20882027256799,32.0402209704557,10.8672197383295));
#10848=CARTESIAN_POINT('Ctrl Pts',(0.944594372785269,31.7769247552743,10.8932723702376));
#10849=CARTESIAN_POINT('Ctrl Pts',(0.599958670383185,31.5433788492891,10.9220215645802));
#10850=CARTESIAN_POINT('Ctrl Pts',(0.191647371769297,31.4666290697732,10.9333443625975));
#10851=CARTESIAN_POINT('Ctrl Pts',(6.59194920871187E-16,31.4666666666667,
10.9333333333333));
#10852=CARTESIAN_POINT('Ctrl Pts',(2.42861286636753E-16,31.5,10.9));
#10853=CARTESIAN_POINT('Ctrl Pts',(-0.186880266851724,31.5,10.9));
#10854=CARTESIAN_POINT('Ctrl Pts',(-0.386131777826135,31.5368781738887,
10.8947363831653));
#10855=CARTESIAN_POINT('Ctrl Pts',(-0.753848694601555,31.6878357932722,
10.875498378619));
#10856=CARTESIAN_POINT('Ctrl Pts',(-0.922402331280979,31.8018123402469,
10.8618678000177));
#10857=CARTESIAN_POINT('Ctrl Pts',(-1.18959679260259,32.0668191369504,10.8361022255395));
#10858=CARTESIAN_POINT('Ctrl Pts',(-1.42267297573992,32.404221263794,10.8082747733199));
#10859=CARTESIAN_POINT('Ctrl Pts',(-1.50017917782995,32.8095723508343,10.7971148387535));
#10860=CARTESIAN_POINT('Ctrl Pts',(-1.50039532767407,33.1903236331693,10.7971152723543));
#10861=CARTESIAN_POINT('Ctrl Pts',(-1.46187839518757,33.3930704203669,10.8025161449375));
#10862=CARTESIAN_POINT('Ctrl Pts',(-1.33556686588118,33.6946891175574,10.8185311209075));
#10863=CARTESIAN_POINT('Ctrl Pts',(-1.20501581134757,33.9137335511889,10.8338643621051));
#10864=CARTESIAN_POINT('Ctrl Pts',(-0.880347058716354,34.2575401897394,
10.8674352597298));
#10865=CARTESIAN_POINT('Ctrl Pts',(-0.403896483703701,34.4819106915964,
10.8973940726543));
#10866=CARTESIAN_POINT('Ctrl Pts',(0.0694587519974871,34.5119122060915,
10.9016493262305));
#10867=CARTESIAN_POINT('Ctrl Pts',(0.551798305226383,34.4345658139856,10.8908782258455));
#10868=CARTESIAN_POINT('Ctrl Pts',(0.889269900911833,34.2308800479717,10.8650325686724));
#10869=CARTESIAN_POINT('Ctrl Pts',(1.18991942257175,33.9329780085694,10.8360119742544));
#10870=CARTESIAN_POINT('Ctrl Pts',(1.30668283694014,33.764479393813,10.8221950919609));
#10871=CARTESIAN_POINT('Ctrl Pts',(1.44259336973305,33.4389488816123,10.8050403614854));
#10872=CARTESIAN_POINT('Ctrl Pts',(1.5144197457583,33.1431481170932,10.7952253771602));
#10873=CARTESIAN_POINT('Ctrl Pts',(1.49507524863255,32.7464086740212,10.7979225210574));
#10874=CARTESIAN_POINT('Ctrl Pts',(1.35791103306057,32.3066414115291,10.8161770359372));
#10875=CARTESIAN_POINT('Ctrl Pts',(1.18127083795491,32.0592788609141,10.8368573729162));
#10876=CARTESIAN_POINT('Ctrl Pts',(0.922272143530277,31.8020924229036,10.8617734758955));
#10877=CARTESIAN_POINT('Ctrl Pts',(0.585064268814189,31.574483498446,10.8892286569845));
#10878=CARTESIAN_POINT('Ctrl Pts',(0.186880266851725,31.5,10.9));
#10879=CARTESIAN_POINT('Ctrl Pts',(6.59194920871187E-16,31.5,10.9));
#10880=CARTESIAN_POINT('',(2.42861286636753E-16,31.5,10.9));
#10881=CARTESIAN_POINT('',(1.38777878078145E-16,31.4,11.));
#10882=CARTESIAN_POINT('',(1.5,33.,10.7972473588517));
#10883=CARTESIAN_POINT('Ctrl Pts',(2.42861286636753E-16,31.5,10.9));
#10884=CARTESIAN_POINT('Ctrl Pts',(-0.186880266851724,31.5,10.9));
#10885=CARTESIAN_POINT('Ctrl Pts',(-0.386131777826135,31.5368781738887,
10.8947363831653));
#10886=CARTESIAN_POINT('Ctrl Pts',(-0.753848694601555,31.6878357932722,
10.875498378619));
#10887=CARTESIAN_POINT('Ctrl Pts',(-0.922402331280979,31.8018123402469,
10.8618678000177));
#10888=CARTESIAN_POINT('Ctrl Pts',(-1.18959679260259,32.0668191369504,10.8361022255395));
#10889=CARTESIAN_POINT('Ctrl Pts',(-1.42267297573992,32.404221263794,10.8082747733199));
#10890=CARTESIAN_POINT('Ctrl Pts',(-1.50017917782995,32.8095723508343,10.7971148387535));
#10891=CARTESIAN_POINT('Ctrl Pts',(-1.50039532767407,33.1903236331693,10.7971152723543));
#10892=CARTESIAN_POINT('Ctrl Pts',(-1.46187839518757,33.3930704203669,10.8025161449375));
#10893=CARTESIAN_POINT('Ctrl Pts',(-1.33556686588118,33.6946891175574,10.8185311209075));
#10894=CARTESIAN_POINT('Ctrl Pts',(-1.20501581134757,33.9137335511889,10.8338643621051));
#10895=CARTESIAN_POINT('Ctrl Pts',(-0.880347058716354,34.2575401897394,
10.8674352597298));
#10896=CARTESIAN_POINT('Ctrl Pts',(-0.403896483703701,34.4819106915964,
10.8973940726543));
#10897=CARTESIAN_POINT('Ctrl Pts',(0.0694587519974871,34.5119122060915,
10.9016493262305));
#10898=CARTESIAN_POINT('Ctrl Pts',(0.551798305226383,34.4345658139856,10.8908782258455));
#10899=CARTESIAN_POINT('Ctrl Pts',(0.889269900911833,34.2308800479717,10.8650325686724));
#10900=CARTESIAN_POINT('Ctrl Pts',(1.18991942257175,33.9329780085694,10.8360119742544));
#10901=CARTESIAN_POINT('Ctrl Pts',(1.30668283694014,33.764479393813,10.8221950919609));
#10902=CARTESIAN_POINT('Ctrl Pts',(1.44259336973305,33.4389488816123,10.8050403614854));
#10903=CARTESIAN_POINT('Ctrl Pts',(1.49047762041655,33.2417483719329,10.7984970386019));
#10904=CARTESIAN_POINT('Ctrl Pts',(1.50018627056333,33.0477758568044,10.7971877350621));
#10905=CARTESIAN_POINT('Ctrl Pts',(1.50020400968931,32.9993681230522,10.7971865157227));
#10906=CARTESIAN_POINT('Ctrl Pts',(1.50020400968931,32.9993681230522,10.7971865157227));
#10907=CARTESIAN_POINT('Ctrl Pts',(1.50023948794128,32.9025526555478,10.7971840770439));
#10908=CARTESIAN_POINT('Ctrl Pts',(1.47983478023566,32.6975456448554,10.7999508004885));
#10909=CARTESIAN_POINT('Ctrl Pts',(1.35791103306057,32.3066414115291,10.8161770359372));
#10910=CARTESIAN_POINT('Ctrl Pts',(1.18127083795491,32.0592788609141,10.8368573729162));
#10911=CARTESIAN_POINT('Ctrl Pts',(0.922272143530277,31.8020924229036,10.8617734758955));
#10912=CARTESIAN_POINT('Ctrl Pts',(0.585064268814189,31.574483498446,10.8892286569845));
#10913=CARTESIAN_POINT('Ctrl Pts',(0.186880266851725,31.5,10.9));
#10914=CARTESIAN_POINT('Ctrl Pts',(6.59194920871187E-16,31.5,10.9));
#10915=CARTESIAN_POINT('Origin',(0.,33.,11.));
#10916=CARTESIAN_POINT('',(1.5,33.,10.9005855128365));
#10917=CARTESIAN_POINT('',(1.5,33.,11.));
#10918=CARTESIAN_POINT('',(1.5,33.,8.));
#10919=CARTESIAN_POINT('',(1.5,33.,11.));
#10920=CARTESIAN_POINT('Origin',(0.,33.,8.));
#10921=CARTESIAN_POINT('Origin',(0.,0.15,0.));
#10922=CARTESIAN_POINT('',(14.5739493617893,0.,14.7));
#10923=CARTESIAN_POINT('',(14.5739493617894,0.,-14.7));
#10924=CARTESIAN_POINT('Origin',(0.,0.,0.));
#10925=CARTESIAN_POINT('Ctrl Pts',(14.5739493617893,1.12757025938492E-15,
-14.7));
#10926=CARTESIAN_POINT('Ctrl Pts',(14.615104475802,0.0999654245998757,-14.7999654245999));
#10927=CARTESIAN_POINT('Ctrl Pts',(14.6561011493276,0.19996943447079,-14.8999694344708));
#10928=CARTESIAN_POINT('Ctrl Pts',(14.6969384566991,0.300000000000001,-15.));
#10929=CARTESIAN_POINT('Origin',(0.,0.3,0.));
#10930=CARTESIAN_POINT('Ctrl Pts',(14.5739493617894,-5.20417042793042E-16,
14.7));
#10931=CARTESIAN_POINT('Ctrl Pts',(14.6151044758026,0.0999654246011987,
14.7999654246012));
#10932=CARTESIAN_POINT('Ctrl Pts',(14.6561011493287,0.199969434473502,14.8999694344735));
#10933=CARTESIAN_POINT('Ctrl Pts',(14.6969384566991,0.3,15.));
#10934=CARTESIAN_POINT('Origin',(50.5,0.15,-14.85));
#10935=CARTESIAN_POINT('',(-14.5739493617893,0.,-14.7));
#10936=CARTESIAN_POINT('',(50.5,0.,-14.7));
#10937=CARTESIAN_POINT('Ctrl Pts',(-14.5739493617894,-5.20417042793042E-16,
-14.7));
#10938=CARTESIAN_POINT('Ctrl Pts',(-14.6151044758026,0.0999654246011987,
-14.7999654246012));
#10939=CARTESIAN_POINT('Ctrl Pts',(-14.6561011493287,0.199969434473502,
-14.8999694344735));
#10940=CARTESIAN_POINT('Ctrl Pts',(-14.6969384566991,0.3,-15.));
#10941=CARTESIAN_POINT('Origin',(0.,0.15,0.));
#10942=CARTESIAN_POINT('',(-14.5739493617894,0.,14.7));
#10943=CARTESIAN_POINT('Origin',(0.,0.,0.));
#10944=CARTESIAN_POINT('Ctrl Pts',(-14.5739493617893,1.12757025938492E-15,
14.7));
#10945=CARTESIAN_POINT('Ctrl Pts',(-14.615104475802,0.0999654245998757,
14.7999654245999));
#10946=CARTESIAN_POINT('Ctrl Pts',(-14.6561011493276,0.19996943447079,14.8999694344708));
#10947=CARTESIAN_POINT('Ctrl Pts',(-14.6969384566991,0.300000000000001,
15.));
#10948=CARTESIAN_POINT('Origin',(0.,0.3,0.));
#10949=CARTESIAN_POINT('Origin',(-50.5,0.15,14.85));
#10950=CARTESIAN_POINT('',(-50.5,0.,14.7));
#10951=CARTESIAN_POINT('Origin',(0.,0.,0.));
#10952=CARTESIAN_POINT('Origin',(0.,7.7,0.));
#10953=CARTESIAN_POINT('',(20.3247103619247,4.,5.2826270646215));
#10954=CARTESIAN_POINT('Ctrl Pts',(20.3247103619247,4.,5.2826270646215));
#10955=CARTESIAN_POINT('Ctrl Pts',(20.3247103619247,4.31270605611661,5.2826270646215));
#10956=CARTESIAN_POINT('Ctrl Pts',(20.3080561357826,4.75186695073819,5.3492056386116));
#10957=CARTESIAN_POINT('Ctrl Pts',(20.2154706894795,5.57610213813324,5.68879648966318));
#10958=CARTESIAN_POINT('Ctrl Pts',(20.0558340344043,6.33266530947157,6.25845264975533));
#10959=CARTESIAN_POINT('Ctrl Pts',(19.6513544577795,6.92907818302212,7.44251231569486));
#10960=CARTESIAN_POINT('Ctrl Pts',(19.24069268764,6.92238835418648,8.43249946497142));
#10961=CARTESIAN_POINT('Ctrl Pts',(18.8786051562553,6.630636617137,9.20392335412435));
#10962=CARTESIAN_POINT('Ctrl Pts',(18.5472818205606,6.16146095193285,9.85921709738266));
#10963=CARTESIAN_POINT('Ctrl Pts',(18.2588718224701,5.43722697899046,10.3767658036687));
#10964=CARTESIAN_POINT('Ctrl Pts',(18.1010308564737,4.41820337690713,10.6465951336112));
#10965=CARTESIAN_POINT('Ctrl Pts',(18.1004710448366,3.58348509688133,10.6481907712474));
#10966=CARTESIAN_POINT('Ctrl Pts',(18.2364360933265,2.71071548423574,10.4142767531042));
#10967=CARTESIAN_POINT('Ctrl Pts',(18.5533869713205,1.76038937800634,9.8527657114977));
#10968=CARTESIAN_POINT('Ctrl Pts',(19.0961672186231,1.07491343383194,8.78216217928355));
#10969=CARTESIAN_POINT('Ctrl Pts',(19.6550610565666,1.07243328647823,7.43319122336747));
#10970=CARTESIAN_POINT('Ctrl Pts',(20.0530711026271,1.66454430371613,6.26660034936328));
#10971=CARTESIAN_POINT('Ctrl Pts',(20.2715435220842,2.67821033123486,5.48959482906256));
#10972=CARTESIAN_POINT('Ctrl Pts',(20.3247103619247,3.58305859184452,5.2826270646215));
#10973=CARTESIAN_POINT('Ctrl Pts',(20.3247103619247,4.,5.2826270646215));
#10974=CARTESIAN_POINT('Origin',(9.19216697549299E-16,0.,0.));
#10975=CARTESIAN_POINT('',(14.1137084989848,0.,11.3137084989848));
#10976=CARTESIAN_POINT('Origin',(11.3137084989848,0.,11.3137084989848));
#10977=CARTESIAN_POINT('',(14.1137084989848,0.,-11.3137084989848));
#10978=CARTESIAN_POINT('Origin',(11.3137084989848,0.,-11.3137084989848));
#10979=CARTESIAN_POINT('',(-13.2,0.,-4.98616941443949E-15));
#10980=CARTESIAN_POINT('Origin',(-16.,0.,-5.32907051820075E-15));
#10981=CARTESIAN_POINT('',(-7.6,0.,9.30731567351989E-16));
#10982=CARTESIAN_POINT('Origin',(0.,0.,0.));
#10983=CARTESIAN_POINT('',(-8.51370849898476,0.,11.3137084989848));
#10984=CARTESIAN_POINT('Origin',(-11.3137084989848,0.,11.3137084989848));
#10985=CARTESIAN_POINT('',(-8.51370849898475,0.,-11.3137084989848));
#10986=CARTESIAN_POINT('Origin',(-11.3137084989848,0.,-11.3137084989848));
#10987=CARTESIAN_POINT('',(18.8,0.,2.56334715301157E-15));
#10988=CARTESIAN_POINT('Origin',(16.,0.,2.22044604925031E-15));
#10989=CARTESIAN_POINT('Origin',(0.,7.85,0.));
#10990=CARTESIAN_POINT('',(14.5739493617893,8.,-14.7));
#10991=CARTESIAN_POINT('',(14.5739493617894,8.,14.7));
#10992=CARTESIAN_POINT('Origin',(0.,8.,0.));
#10993=CARTESIAN_POINT('Ctrl Pts',(14.5739493617893,8.,14.7));
#10994=CARTESIAN_POINT('Ctrl Pts',(14.6151044758022,7.90003457539964,14.7999654246004));
#10995=CARTESIAN_POINT('Ctrl Pts',(14.656101149328,7.80003056552821,14.8999694344718));
#10996=CARTESIAN_POINT('Ctrl Pts',(14.6969384566991,7.7,15.));
#10997=CARTESIAN_POINT('Ctrl Pts',(14.5739493617894,8.,-14.7));
#10998=CARTESIAN_POINT('Ctrl Pts',(14.6151044758026,7.90003457539874,-14.7999654246013));
#10999=CARTESIAN_POINT('Ctrl Pts',(14.6561011493288,7.80003056552637,-14.8999694344736));
#11000=CARTESIAN_POINT('Ctrl Pts',(14.6969384566991,7.7,-15.));
#11001=CARTESIAN_POINT('Origin',(-50.5,7.85,14.85));
#11002=CARTESIAN_POINT('',(-14.5739493617893,8.,14.7));
#11003=CARTESIAN_POINT('',(-50.5,8.,14.7));
#11004=CARTESIAN_POINT('Ctrl Pts',(-14.5739493617894,8.,14.7));
#11005=CARTESIAN_POINT('Ctrl Pts',(-14.6151044758026,7.90003457539874,14.7999654246013));
#11006=CARTESIAN_POINT('Ctrl Pts',(-14.6561011493288,7.80003056552637,14.8999694344736));
#11007=CARTESIAN_POINT('Ctrl Pts',(-14.6969384566991,7.7,15.));
#11008=CARTESIAN_POINT('Origin',(0.,7.85,0.));
#11009=CARTESIAN_POINT('',(-14.5739493617894,8.,-14.7));
#11010=CARTESIAN_POINT('Origin',(0.,8.,0.));
#11011=CARTESIAN_POINT('Ctrl Pts',(-14.5739493617893,8.,-14.7));
#11012=CARTESIAN_POINT('Ctrl Pts',(-14.6151044758022,7.90003457539964,-14.7999654246004));
#11013=CARTESIAN_POINT('Ctrl Pts',(-14.656101149328,7.80003056552821,-14.8999694344718));
#11014=CARTESIAN_POINT('Ctrl Pts',(-14.6969384566991,7.7,-15.));
#11015=CARTESIAN_POINT('Origin',(0.,7.7,0.));
#11016=CARTESIAN_POINT('Origin',(50.5,7.85,-14.85));
#11017=CARTESIAN_POINT('',(50.5,8.,-14.7));
#11018=CARTESIAN_POINT('Origin',(9.19216697549299E-16,8.,0.));
#11019=CARTESIAN_POINT('',(14.1137084989848,8.,11.3137084989848));
#11020=CARTESIAN_POINT('Origin',(11.3137084989848,8.,11.3137084989848));
#11021=CARTESIAN_POINT('',(18.8,8.,1.87754494548905E-15));
#11022=CARTESIAN_POINT('Origin',(16.,8.,2.22044604925031E-15));
#11023=CARTESIAN_POINT('',(-13.2,8.,-5.67197162196201E-15));
#11024=CARTESIAN_POINT('Origin',(-16.,8.,-5.32907051820075E-15));
#11025=CARTESIAN_POINT('',(-8.51370849898475,8.,-11.3137084989848));
#11026=CARTESIAN_POINT('Origin',(-11.3137084989848,8.,-11.3137084989848));
#11027=CARTESIAN_POINT('',(-8.51370849898476,8.,11.3137084989848));
#11028=CARTESIAN_POINT('Origin',(-11.3137084989848,8.,11.3137084989848));
#11029=CARTESIAN_POINT('',(14.1137084989848,8.,-11.3137084989848));
#11030=CARTESIAN_POINT('Origin',(11.3137084989848,8.,-11.3137084989848));
#11031=CARTESIAN_POINT('Ctrl Pts',(20.3247103619247,4.,5.2826270646215));
#11032=CARTESIAN_POINT('Ctrl Pts',(20.3247103619247,3.58305859184452,5.2826270646215));
#11033=CARTESIAN_POINT('Ctrl Pts',(20.2715435220842,2.67821033123486,5.48959482906256));
#11034=CARTESIAN_POINT('Ctrl Pts',(20.0530711026271,1.66454430371613,6.26660034936328));
#11035=CARTESIAN_POINT('Ctrl Pts',(19.6550610565666,1.07243328647823,7.43319122336747));
#11036=CARTESIAN_POINT('Ctrl Pts',(19.0961672186231,1.07491343383194,8.78216217928355));
#11037=CARTESIAN_POINT('Ctrl Pts',(18.5533869713205,1.76038937800634,9.8527657114977));
#11038=CARTESIAN_POINT('Ctrl Pts',(18.2364360933265,2.71071548423574,10.4142767531042));
#11039=CARTESIAN_POINT('Ctrl Pts',(18.1004710448366,3.58348509688133,10.6481907712474));
#11040=CARTESIAN_POINT('Ctrl Pts',(18.1010308564737,4.41820337690713,10.6465951336112));
#11041=CARTESIAN_POINT('Ctrl Pts',(18.2588718224701,5.43722697899046,10.3767658036687));
#11042=CARTESIAN_POINT('Ctrl Pts',(18.5472818205606,6.16146095193285,9.85921709738266));
#11043=CARTESIAN_POINT('Ctrl Pts',(18.8786051562553,6.630636617137,9.20392335412435));
#11044=CARTESIAN_POINT('Ctrl Pts',(19.24069268764,6.92238835418648,8.43249946497142));
#11045=CARTESIAN_POINT('Ctrl Pts',(19.6513544577795,6.92907818302212,7.44251231569486));
#11046=CARTESIAN_POINT('Ctrl Pts',(20.0558340344043,6.33266530947157,6.25845264975533));
#11047=CARTESIAN_POINT('Ctrl Pts',(20.2154706894795,5.57610213813324,5.68879648966318));
#11048=CARTESIAN_POINT('Ctrl Pts',(20.3080561357826,4.75186695073819,5.3492056386116));
#11049=CARTESIAN_POINT('Ctrl Pts',(20.3247103619247,4.31270605611661,5.2826270646215));
#11050=CARTESIAN_POINT('Ctrl Pts',(20.3247103619247,4.,5.2826270646215));
#11051=CARTESIAN_POINT('Ctrl Pts',(20.2064763667469,4.,5.34096090622947));
#11052=CARTESIAN_POINT('Ctrl Pts',(20.2064763667469,3.59574300096733,5.34096090622947));
#11053=CARTESIAN_POINT('Ctrl Pts',(20.1536142004073,2.71856239130181,5.54239850094636));
#11054=CARTESIAN_POINT('Ctrl Pts',(19.9384551083701,1.74079585418491,6.29548309523543));
#11055=CARTESIAN_POINT('Ctrl Pts',(19.5525145462048,1.1735808054251,7.41882350303641));
#11056=CARTESIAN_POINT('Ctrl Pts',(19.015852138048,1.17586841209148,8.71419893448746));
#11057=CARTESIAN_POINT('Ctrl Pts',(18.4950047419176,1.83276241402193,9.74815447458271));
#11058=CARTESIAN_POINT('Ctrl Pts',(18.189557572941,2.7505584668557,10.2947707307598));
#11059=CARTESIAN_POINT('Ctrl Pts',(18.0583640186348,3.59600801333952,10.5230071890484));
#11060=CARTESIAN_POINT('Ctrl Pts',(18.0588822136607,4.40561384284267,10.5215149025651));
#11061=CARTESIAN_POINT('Ctrl Pts',(18.2112535459737,5.39279493851657,10.2580408496647));
#11062=CARTESIAN_POINT('Ctrl Pts',(18.4889741526957,6.09134584957775,9.75485912242544));
#11063=CARTESIAN_POINT('Ctrl Pts',(18.8071199282914,6.54197768042357,9.12169107156004));
#11064=CARTESIAN_POINT('Ctrl Pts',(19.1545867016251,6.8214320702004,8.37850906374889));
#11065=CARTESIAN_POINT('Ctrl Pts',(19.5489744977081,6.8279224042798,7.42774681775198));
#11066=CARTESIAN_POINT('Ctrl Pts',(19.9411244604815,6.25649712385228,6.28763862101975));
#11067=CARTESIAN_POINT('Ctrl Pts',(20.0983956199015,5.5267323040065,5.73547573877318));
#11068=CARTESIAN_POINT('Ctrl Pts',(20.1898778008008,4.72897792690029,5.40579268540366));
#11069=CARTESIAN_POINT('Ctrl Pts',(20.2064763667469,4.3031927492745,5.34096090622947));
#11070=CARTESIAN_POINT('Ctrl Pts',(20.2064763667469,4.,5.34096090622947));
#11071=CARTESIAN_POINT('Ctrl Pts',(20.0882423715692,4.,5.39929474783743));
#11072=CARTESIAN_POINT('Ctrl Pts',(20.0882423715692,3.60842741009014,5.39929474783743));
#11073=CARTESIAN_POINT('Ctrl Pts',(20.0356848787303,2.75891445136875,5.59520217283017));
#11074=CARTESIAN_POINT('Ctrl Pts',(19.8238391141131,1.81704740465369,6.32436584110759));
#11075=CARTESIAN_POINT('Ctrl Pts',(19.4499680358431,1.27472832437198,7.40445578270535));
#11076=CARTESIAN_POINT('Ctrl Pts',(18.9355370574728,1.27682339035101,8.64623568969136));
#11077=CARTESIAN_POINT('Ctrl Pts',(18.4366225125147,1.90513545003753,9.64354323766773));
#11078=CARTESIAN_POINT('Ctrl Pts',(18.1426790525554,2.79040144947567,10.1752647084154));
#11079=CARTESIAN_POINT('Ctrl Pts',(18.016256992433,3.60853092979771,10.3978236068494));
#11080=CARTESIAN_POINT('Ctrl Pts',(18.0167335708477,4.39302430877822,10.3964346715191));
#11081=CARTESIAN_POINT('Ctrl Pts',(18.1636352694772,5.34836289804269,10.1393158956608));
#11082=CARTESIAN_POINT('Ctrl Pts',(18.4306664848308,6.02123074722266,9.65050114746822));
#11083=CARTESIAN_POINT('Ctrl Pts',(18.7356347003275,6.45331874371014,9.03945878899574));
#11084=CARTESIAN_POINT('Ctrl Pts',(19.0684807156102,6.72047578621432,8.32451866252635));
#11085=CARTESIAN_POINT('Ctrl Pts',(19.4465945376368,6.72676662553748,7.41298131980911));
#11086=CARTESIAN_POINT('Ctrl Pts',(19.8264148865588,6.18032893823299,6.31682459228418));
#11087=CARTESIAN_POINT('Ctrl Pts',(19.9813205503235,5.47736246987977,5.78215498788318));
#11088=CARTESIAN_POINT('Ctrl Pts',(20.071699465819,4.70608890306239,5.46237973219573));
#11089=CARTESIAN_POINT('Ctrl Pts',(20.0882423715692,4.2936794424324,5.39929474783743));
#11090=CARTESIAN_POINT('Ctrl Pts',(20.0882423715692,4.,5.39929474783743));
#11091=CARTESIAN_POINT('Ctrl Pts',(19.9700083763914,4.,5.4576285894454));
#11092=CARTESIAN_POINT('Ctrl Pts',(19.9700083763914,3.62111181921295,5.4576285894454));
#11093=CARTESIAN_POINT('Ctrl Pts',(19.9177555570534,2.79926651143569,5.64800584471397));
#11094=CARTESIAN_POINT('Ctrl Pts',(19.709223119856,1.89329895512247,6.35324858697974));
#11095=CARTESIAN_POINT('Ctrl Pts',(19.3474215254814,1.37587584331885,7.39008806237429));
#11096=CARTESIAN_POINT('Ctrl Pts',(18.8552219768976,1.37777836861055,8.57827244489527));
#11097=CARTESIAN_POINT('Ctrl Pts',(18.3782402831118,1.97750848605313,9.53893200075274));
#11098=CARTESIAN_POINT('Ctrl Pts',(18.0958005321699,2.83024443209564,10.0557586860709));
#11099=CARTESIAN_POINT('Ctrl Pts',(17.9741499662312,3.6210538462559,10.2726400246504));
#11100=CARTESIAN_POINT('Ctrl Pts',(17.9745849280347,4.38043477471377,10.2713544404731));
#11101=CARTESIAN_POINT('Ctrl Pts',(18.1160169929808,5.3039308575688,10.0205909416569));
#11102=CARTESIAN_POINT('Ctrl Pts',(18.3723588169658,5.95111564486756,9.546143172511));
#11103=CARTESIAN_POINT('Ctrl Pts',(18.6641494723635,6.36465980699672,8.95722650643143));
#11104=CARTESIAN_POINT('Ctrl Pts',(18.9823747295953,6.61951950222824,8.27052826130382));
#11105=CARTESIAN_POINT('Ctrl Pts',(19.3442145775654,6.62561084679516,7.39821582186623));
#11106=CARTESIAN_POINT('Ctrl Pts',(19.711705312636,6.1041607526137,6.34601056354861));
#11107=CARTESIAN_POINT('Ctrl Pts',(19.8642454807454,5.42799263575303,5.82883423699318));
#11108=CARTESIAN_POINT('Ctrl Pts',(19.9535211308372,4.68319987922449,5.5189667789878));
#11109=CARTESIAN_POINT('Ctrl Pts',(19.9700083763914,4.28416613559029,5.4576285894454));
#11110=CARTESIAN_POINT('Ctrl Pts',(19.9700083763914,4.,5.4576285894454));
#11111=CARTESIAN_POINT('',(19.9700083763914,4.,5.4576285894454));
#11112=CARTESIAN_POINT('',(20.3247103619247,4.,5.2826270646215));
#11113=CARTESIAN_POINT('',(19.1243063229836,6.6,7.92154704995736));
#11114=CARTESIAN_POINT('Ctrl Pts',(19.9700083763914,4.,5.4576285894454));
#11115=CARTESIAN_POINT('Ctrl Pts',(19.9700083763914,3.62111181921295,5.4576285894454));
#11116=CARTESIAN_POINT('Ctrl Pts',(19.9177555570534,2.79926651143569,5.64800584471397));
#11117=CARTESIAN_POINT('Ctrl Pts',(19.709223119856,1.89329895512247,6.35324858697974));
#11118=CARTESIAN_POINT('Ctrl Pts',(19.3474215254814,1.37587584331885,7.39008806237429));
#11119=CARTESIAN_POINT('Ctrl Pts',(18.8552219768976,1.37777836861055,8.57827244489527));
#11120=CARTESIAN_POINT('Ctrl Pts',(18.3782402831118,1.97750848605313,9.53893200075274));
#11121=CARTESIAN_POINT('Ctrl Pts',(18.0958005321699,2.83024443209564,10.0557586860709));
#11122=CARTESIAN_POINT('Ctrl Pts',(17.9741499662312,3.6210538462559,10.2726400246504));
#11123=CARTESIAN_POINT('Ctrl Pts',(17.9745849280347,4.38043477471377,10.2713544404731));
#11124=CARTESIAN_POINT('Ctrl Pts',(18.1160169929808,5.3039308575688,10.0205909416569));
#11125=CARTESIAN_POINT('Ctrl Pts',(18.3723588169658,5.95111564486756,9.546143172511));
#11126=CARTESIAN_POINT('Ctrl Pts',(18.6641494723635,6.36465980699672,8.95722650643143));
#11127=CARTESIAN_POINT('Ctrl Pts',(18.9028184152873,6.55580457842036,8.44220282258572));
#11128=CARTESIAN_POINT('Ctrl Pts',(19.0523465842846,6.59990555284346,8.09513646454777));
#11129=CARTESIAN_POINT('Ctrl Pts',(19.1245226721124,6.60052410366297,7.92102549919884));
#11130=CARTESIAN_POINT('Ctrl Pts',(19.1245226721124,6.60052410366297,7.92102549919884));
#11131=CARTESIAN_POINT('Ctrl Pts',(19.1966987599401,6.60114265448248,7.74691453384991));
#11132=CARTESIAN_POINT('Ctrl Pts',(19.4054630334105,6.53870249776491,7.2228482788133));
#11133=CARTESIAN_POINT('Ctrl Pts',(19.711705312636,6.1041607526137,6.34601056354861));
#11134=CARTESIAN_POINT('Ctrl Pts',(19.8642454807454,5.42799263575303,5.82883423699318));
#11135=CARTESIAN_POINT('Ctrl Pts',(19.9535211308372,4.68319987922449,5.5189667789878));
#11136=CARTESIAN_POINT('Ctrl Pts',(19.9700083763914,4.28416613559029,5.4576285894454));
#11137=CARTESIAN_POINT('Ctrl Pts',(19.9700083763914,4.,5.4576285894454));
#11138=CARTESIAN_POINT('Origin',(0.,4.,0.));
#11139=CARTESIAN_POINT('',(5.99076526443621,4.,-0.332763499237103));
#11140=CARTESIAN_POINT('',(5.54327719506772,6.6,2.29610059419054));
#11141=CARTESIAN_POINT('Ctrl Pts',(5.99076526443621,4.,-0.332763499237103));
#11142=CARTESIAN_POINT('Ctrl Pts',(5.99076526443621,4.33153309865221,-0.332763499237103));
#11143=CARTESIAN_POINT('Ctrl Pts',(5.99622211423108,4.6815755448909,-0.257809945463566));
#11144=CARTESIAN_POINT('Ctrl Pts',(6.00167120788783,5.3205211595372,0.0329637066926581));
#11145=CARTESIAN_POINT('Ctrl Pts',(5.9996889877594,5.60989484898474,0.247782479985498));
#11146=CARTESIAN_POINT('Ctrl Pts',(5.96072542729653,6.066732323403,0.726120563915041));
#11147=CARTESIAN_POINT('Ctrl Pts',(5.92102759985713,6.26620403779211,1.02302314651623));
#11148=CARTESIAN_POINT('Ctrl Pts',(5.77628858943387,6.53295034877986,1.65518408365673));
#11149=CARTESIAN_POINT('Ctrl Pts',(5.66996731677118,6.6,1.99024358415535));
#11150=CARTESIAN_POINT('Ctrl Pts',(5.54327719506772,6.6,2.29610059419054));
#11151=CARTESIAN_POINT('Ctrl Pts',(5.54327719506772,6.6,2.29610059419054));
#11152=CARTESIAN_POINT('Ctrl Pts',(5.41658707336426,6.6,2.60195760422573));
#11153=CARTESIAN_POINT('Ctrl Pts',(5.25484472134488,6.53295034877986,2.91406094201345));
#11154=CARTESIAN_POINT('Ctrl Pts',(4.91018537166411,6.26620403779211,3.46341216323925));
#11155=CARTESIAN_POINT('Ctrl Pts',(4.72831414513578,6.066732323403,3.70142459572914));
#11156=CARTESIAN_POINT('Ctrl Pts',(4.41762944011189,5.60989484898474,4.06721209639796));
#11157=CARTESIAN_POINT('Ctrl Pts',(4.26713127008497,5.32052115953719,4.22051354901412));
#11158=CARTESIAN_POINT('Ctrl Pts',(4.05767015777891,4.6815755448909,4.42226847916815));
#11159=CARTESIAN_POINT('Ctrl Pts',(4.00081141613775,4.33153309865221,4.47141006982159));
#11160=CARTESIAN_POINT('Ctrl Pts',(4.00081141613775,3.66846690134779,4.47141006982159));
#11161=CARTESIAN_POINT('Ctrl Pts',(4.05767015777891,3.3184244551091,4.42226847916815));
#11162=CARTESIAN_POINT('Ctrl Pts',(4.26713127008497,2.6794788404628,4.22051354901412));
#11163=CARTESIAN_POINT('Ctrl Pts',(4.41762944011189,2.39010515101526,4.06721209639796));
#11164=CARTESIAN_POINT('Ctrl Pts',(4.72831414513578,1.933267676597,3.70142459572913));
#11165=CARTESIAN_POINT('Ctrl Pts',(4.91018537166411,1.73379596220789,3.46341216323926));
#11166=CARTESIAN_POINT('Ctrl Pts',(5.25484472134488,1.46704965122014,2.91406094201345));
#11167=CARTESIAN_POINT('Ctrl Pts',(5.41658707336426,1.4,2.60195760422573));
#11168=CARTESIAN_POINT('Ctrl Pts',(5.66996731677118,1.4,1.99024358415535));
#11169=CARTESIAN_POINT('Ctrl Pts',(5.77628858943387,1.46704965122014,1.65518408365673));
#11170=CARTESIAN_POINT('Ctrl Pts',(5.92102759985713,1.73379596220789,1.02302314651623));
#11171=CARTESIAN_POINT('Ctrl Pts',(5.96072542729653,1.933267676597,0.726120563915041));
#11172=CARTESIAN_POINT('Ctrl Pts',(5.9996889877594,2.39010515101526,0.247782479985498));
#11173=CARTESIAN_POINT('Ctrl Pts',(6.00167120788783,2.6794788404628,0.0329637066926594));
#11174=CARTESIAN_POINT('Ctrl Pts',(5.99622211423108,3.3184244551091,-0.257809945463566));
#11175=CARTESIAN_POINT('Ctrl Pts',(5.99076526443621,3.66846690134779,-0.332763499237103));
#11176=CARTESIAN_POINT('Ctrl Pts',(5.99076526443621,4.,-0.332763499237103));
#11177=CARTESIAN_POINT('',(-1.21849530538484E-16,6.6,2.94170789194802E-16));
#11178=CARTESIAN_POINT('Origin',(11.3137084989848,7.85,11.3137084989848));
#11179=CARTESIAN_POINT('',(13.8137084989848,7.7,11.3137084989848));
#11180=CARTESIAN_POINT('',(13.9637084989848,7.85,11.3137084989848));
#11181=CARTESIAN_POINT('Origin',(11.3137084989848,7.7,11.3137084989848));
#11182=CARTESIAN_POINT('Origin',(11.3137084989848,0.,11.3137084989848));
#11183=CARTESIAN_POINT('',(13.8137084989848,0.3,11.3137084989848));
#11184=CARTESIAN_POINT('Origin',(11.3137084989848,0.3,11.3137084989848));
#11185=CARTESIAN_POINT('',(13.8137084989848,0.,11.3137084989848));
#11186=CARTESIAN_POINT('Origin',(11.3137084989848,7.85,-11.3137084989848));
#11187=CARTESIAN_POINT('',(13.8137084989848,7.7,-11.3137084989848));
#11188=CARTESIAN_POINT('',(13.9637084989848,7.85,-11.3137084989848));
#11189=CARTESIAN_POINT('Origin',(11.3137084989848,7.7,-11.3137084989848));
#11190=CARTESIAN_POINT('Origin',(11.3137084989848,0.,-11.3137084989848));
#11191=CARTESIAN_POINT('',(13.8137084989848,0.3,-11.3137084989848));
#11192=CARTESIAN_POINT('Origin',(11.3137084989848,0.3,-11.3137084989848));
#11193=CARTESIAN_POINT('',(13.8137084989848,0.,-11.3137084989848));
#11194=CARTESIAN_POINT('Origin',(16.,7.85,2.22044604925031E-15));
#11195=CARTESIAN_POINT('',(18.5,7.7,2.52660774903715E-15));
#11196=CARTESIAN_POINT('',(18.65,7.85,1.89591464747626E-15));
#11197=CARTESIAN_POINT('Origin',(16.,7.7,2.22044604925031E-15));
#11198=CARTESIAN_POINT('Origin',(16.,0.,2.22044604925031E-15));
#11199=CARTESIAN_POINT('',(18.5,0.3,1.91428434946347E-15));
#11200=CARTESIAN_POINT('Origin',(16.,0.3,2.22044604925031E-15));
#11201=CARTESIAN_POINT('',(18.5,0.,1.91428434946347E-15));
#11202=CARTESIAN_POINT('Origin',(-11.3137084989848,7.85,11.3137084989848));
#11203=CARTESIAN_POINT('',(-8.81370849898476,7.7,11.3137084989848));
#11204=CARTESIAN_POINT('',(-8.66370849898476,7.85,11.3137084989848));
#11205=CARTESIAN_POINT('Origin',(-11.3137084989848,7.7,11.3137084989848));
#11206=CARTESIAN_POINT('Origin',(-11.3137084989848,0.,11.3137084989848));
#11207=CARTESIAN_POINT('',(-8.81370849898476,0.3,11.3137084989848));
#11208=CARTESIAN_POINT('Origin',(-11.3137084989848,0.3,11.3137084989848));
#11209=CARTESIAN_POINT('',(-8.81370849898476,0.,11.3137084989848));
#11210=CARTESIAN_POINT('Origin',(-16.,7.85,-5.32907051820075E-15));
#11211=CARTESIAN_POINT('',(-13.5,7.7,-5.02290881841391E-15));
#11212=CARTESIAN_POINT('',(-13.35,7.85,-5.6536019199748E-15));
#11213=CARTESIAN_POINT('Origin',(-16.,7.7,-5.32907051820075E-15));
#11214=CARTESIAN_POINT('Origin',(-16.,0.,-5.32907051820075E-15));
#11215=CARTESIAN_POINT('',(-13.5,0.3,-5.63523221798759E-15));
#11216=CARTESIAN_POINT('Origin',(-16.,0.3,-5.32907051820075E-15));
#11217=CARTESIAN_POINT('',(-13.5,0.,-5.63523221798759E-15));
#11218=CARTESIAN_POINT('Origin',(-11.3137084989848,7.85,-11.3137084989848));
#11219=CARTESIAN_POINT('',(-8.81370849898475,7.7,-11.3137084989848));
#11220=CARTESIAN_POINT('',(-8.66370849898475,7.85,-11.3137084989848));
#11221=CARTESIAN_POINT('Origin',(-11.3137084989848,7.7,-11.3137084989848));
#11222=CARTESIAN_POINT('Origin',(-11.3137084989848,0.,-11.3137084989848));
#11223=CARTESIAN_POINT('',(-8.81370849898475,0.3,-11.3137084989848));
#11224=CARTESIAN_POINT('Origin',(-11.3137084989848,0.3,-11.3137084989848));
#11225=CARTESIAN_POINT('',(-8.81370849898475,0.,-11.3137084989848));
#11226=CARTESIAN_POINT('Origin',(11.3137084989848,0.15,11.3137084989848));
#11227=CARTESIAN_POINT('',(13.9637084989848,0.15,11.3137084989848));
#11228=CARTESIAN_POINT('Origin',(16.,0.15,2.22044604925031E-15));
#11229=CARTESIAN_POINT('',(18.65,0.15,2.54497745102436E-15));
#11230=CARTESIAN_POINT('Origin',(11.3137084989848,0.15,-11.3137084989848));
#11231=CARTESIAN_POINT('',(13.9637084989848,0.15,-11.3137084989848));
#11232=CARTESIAN_POINT('Origin',(-11.3137084989848,0.15,-11.3137084989848));
#11233=CARTESIAN_POINT('',(-8.66370849898475,0.15,-11.3137084989848));
#11234=CARTESIAN_POINT('Origin',(-16.,0.15,-5.32907051820075E-15));
#11235=CARTESIAN_POINT('',(-13.35,0.15,-5.0045391164267E-15));
#11236=CARTESIAN_POINT('Origin',(-11.3137084989848,0.15,11.3137084989848));
#11237=CARTESIAN_POINT('',(-8.66370849898476,0.15,11.3137084989848));
#11238=CARTESIAN_POINT('Origin',(0.,0.15,0.));
#11239=CARTESIAN_POINT('',(-7.3,0.3,8.93992163377568E-16));
#11240=CARTESIAN_POINT('',(-7.45,0.15,-9.12361865364778E-16));
#11241=CARTESIAN_POINT('Origin',(0.,0.3,0.));
#11242=CARTESIAN_POINT('Origin',(5.64500887027208E-16,0.3,0.));
#11243=CARTESIAN_POINT('',(-6.3,0.3,-7.71527483462833E-16));
#11244=CARTESIAN_POINT('Origin',(0.,0.3,0.));
#11245=CARTESIAN_POINT('Origin',(0.,0.45,0.));
#11246=CARTESIAN_POINT('',(-6.,0.6,7.34788079488412E-16));
#11247=CARTESIAN_POINT('Origin',(0.,0.6,0.));
#11248=CARTESIAN_POINT('',(-6.15,0.45,7.53157781475622E-16));
#11249=CARTESIAN_POINT('Origin',(0.,0.,0.));
#11250=CARTESIAN_POINT('',(-6.,35.4,-7.34788079488412E-16));
#11251=CARTESIAN_POINT('',(-6.,0.,7.34788079488412E-16));
#11252=CARTESIAN_POINT('Origin',(0.,35.4,0.));
#11253=CARTESIAN_POINT('Origin',(0.,35.55,0.));
#11254=CARTESIAN_POINT('',(-6.3,35.7,7.71527483462833E-16));
#11255=CARTESIAN_POINT('',(-6.15,35.55,-7.53157781475622E-16));
#11256=CARTESIAN_POINT('Origin',(0.,35.7,0.));
#11257=CARTESIAN_POINT('Origin',(5.64500887027208E-16,35.7,0.));
#11258=CARTESIAN_POINT('',(-7.3,35.7,-8.93992163377568E-16));
#11259=CARTESIAN_POINT('Origin',(0.,35.7,0.));
#11260=CARTESIAN_POINT('Origin',(0.,35.85,0.));
#11261=CARTESIAN_POINT('',(-10.7,36.,-1.31037207508767E-15));
#11262=CARTESIAN_POINT('Origin',(0.,36.,0.));
#11263=CARTESIAN_POINT('',(-10.85,35.85,1.32874177707488E-15));
#11264=CARTESIAN_POINT('Origin',(4.48690509505221E-16,36.,0.));
#11265=CARTESIAN_POINT('',(0.154521499205092,36.,-9.66255867933272));
#11266=CARTESIAN_POINT('',(0.472859572778299,36.,-9.3430580952128));
#11267=CARTESIAN_POINT('Ctrl Pts',(0.154521499205092,36.,-9.66255867933272));
#11268=CARTESIAN_POINT('Ctrl Pts',(0.285794450280432,36.,-9.66200156953236));
#11269=CARTESIAN_POINT('Ctrl Pts',(0.473423236811598,36.,-9.47587543394784));
#11270=CARTESIAN_POINT('Ctrl Pts',(0.472859572778299,36.,-9.3430580952128));
#11271=CARTESIAN_POINT('',(0.438496344520907,36.,-9.25208341641471));
#11272=CARTESIAN_POINT('Ctrl Pts',(0.472859572778299,36.,-9.3430580952128));
#11273=CARTESIAN_POINT('Ctrl Pts',(0.472610511926376,36.,-9.28437136414382));
#11274=CARTESIAN_POINT('Ctrl Pts',(0.438496344520907,36.,-9.25208341641471));
#11275=CARTESIAN_POINT('',(0.347226725240281,36.,-9.21694919998516));
#11276=CARTESIAN_POINT('Ctrl Pts',(0.438496344520907,36.,-9.25208341641471));
#11277=CARTESIAN_POINT('Ctrl Pts',(0.399735905670417,36.,-9.21672635606502));
#11278=CARTESIAN_POINT('Ctrl Pts',(0.347226725240281,36.,-9.21694919998516));
#11279=CARTESIAN_POINT('',(0.221124384245588,36.,-9.34412643518288));
#11280=CARTESIAN_POINT('Ctrl Pts',(0.347226725240281,36.,-9.21694919998516));
#11281=CARTESIAN_POINT('Ctrl Pts',(0.296261932469855,36.,-9.21716548967235));
#11282=CARTESIAN_POINT('Ctrl Pts',(0.22085566069483,36.,-9.28080654113478));
#11283=CARTESIAN_POINT('Ctrl Pts',(0.221124384245588,36.,-9.34412643518288));
#11284=CARTESIAN_POINT('',(0.153459713467948,36.,-9.41236787845971));
#11285=CARTESIAN_POINT('Ctrl Pts',(0.221124384245588,36.,-9.34412643518288));
#11286=CARTESIAN_POINT('Ctrl Pts',(0.221209589273878,36.,-9.36420347475911));
#11287=CARTESIAN_POINT('Ctrl Pts',(0.179714303683016,36.,-9.41225645649964));
#11288=CARTESIAN_POINT('Ctrl Pts',(0.153459713467948,36.,-9.41236787845971));
#11289=CARTESIAN_POINT('',(-0.109086188682731,36.,-9.41348209806042));
#11290=CARTESIAN_POINT('',(0.096703471734454,36.,-9.41260874650025));
#11291=CARTESIAN_POINT('',(-0.11348407898905,36.,-8.37719797839509));
#11292=CARTESIAN_POINT('',(-0.129059803683217,36.,-4.70705729079003));
#11293=CARTESIAN_POINT('',(-0.147847307246442,36.,-8.286223299597));
#11294=CARTESIAN_POINT('Ctrl Pts',(-0.11348407898905,36.,-8.37719797839509));
#11295=CARTESIAN_POINT('Ctrl Pts',(-0.113733139840973,36.,-8.31851124732611));
#11296=CARTESIAN_POINT('Ctrl Pts',(-0.147847307246442,36.,-8.286223299597));
#11297=CARTESIAN_POINT('',(-0.239116926527068,36.,-8.25108908316745));
#11298=CARTESIAN_POINT('Ctrl Pts',(-0.147847307246442,36.,-8.286223299597));
#11299=CARTESIAN_POINT('Ctrl Pts',(-0.186607746096932,36.,-8.25086623924731));
#11300=CARTESIAN_POINT('Ctrl Pts',(-0.239116926527068,36.,-8.25108908316745));
#11301=CARTESIAN_POINT('',(-0.365219267521761,36.,-8.37826631836518));
#11302=CARTESIAN_POINT('Ctrl Pts',(-0.239116926527068,36.,-8.25108908316745));
#11303=CARTESIAN_POINT('Ctrl Pts',(-0.290081719297494,36.,-8.25130537285465));
#11304=CARTESIAN_POINT('Ctrl Pts',(-0.365487991072519,36.,-8.31494642431707));
#11305=CARTESIAN_POINT('Ctrl Pts',(-0.365219267521761,36.,-8.37826631836518));
#11306=CARTESIAN_POINT('',(-0.36029048434687,36.,-9.53964583846701));
#11307=CARTESIAN_POINT('',(-0.382993937369087,36.,-4.18998357092745));
#11308=CARTESIAN_POINT('',(-0.233119803382088,36.,-9.66420379180199));
#11309=CARTESIAN_POINT('Ctrl Pts',(-0.36029048434687,36.,-9.53964583846701));
#11310=CARTESIAN_POINT('Ctrl Pts',(-0.359759591478298,36.,-9.66474123890351));
#11311=CARTESIAN_POINT('Ctrl Pts',(-0.233119803382088,36.,-9.66420379180199));
#11312=CARTESIAN_POINT('',(-0.0960553938219889,36.,-9.66362210360789));
#11313=CARTESIAN_POINT('',(-1.82046143568082,36.,-9.86278385036815));
#11314=CARTESIAN_POINT('',(-1.87136095172801,36.,-9.94629310634562));
#11315=CARTESIAN_POINT('Ctrl Pts',(-1.82046143568082,36.,-9.86278385036815));
#11316=CARTESIAN_POINT('Ctrl Pts',(-1.86272367644181,36.,-9.89763287714457));
#11317=CARTESIAN_POINT('Ctrl Pts',(-1.87136095172801,36.,-9.94629310634562));
#11318=CARTESIAN_POINT('',(-1.76826230261584,36.,-10.0900766972691));
#11319=CARTESIAN_POINT('Ctrl Pts',(-1.87136095172801,36.,-9.94629310634562));
#11320=CARTESIAN_POINT('Ctrl Pts',(-1.88026814186691,36.,-9.9964739677092));
#11321=CARTESIAN_POINT('Ctrl Pts',(-1.82148442830449,36.,-10.0806296774248));
#11322=CARTESIAN_POINT('Ctrl Pts',(-1.76826230261584,36.,-10.0900766972691));
#11323=CARTESIAN_POINT('',(-1.62349790923518,36.,-9.99028922733472));
#11324=CARTESIAN_POINT('Ctrl Pts',(-1.76826230261584,36.,-10.0900766972691));
#11325=CARTESIAN_POINT('Ctrl Pts',(-1.72720523422746,36.,-10.0973643982919));
#11326=CARTESIAN_POINT('Ctrl Pts',(-1.63240509937408,36.,-10.0404700886983));
#11327=CARTESIAN_POINT('Ctrl Pts',(-1.62349790923518,36.,-9.99028922733472));
#11328=CARTESIAN_POINT('',(-1.72453609647944,36.,-9.84373428693883));
#11329=CARTESIAN_POINT('Ctrl Pts',(-1.62349790923518,36.,-9.99028922733472));
#11330=CARTESIAN_POINT('Ctrl Pts',(-1.61486063394898,36.,-9.94162899813367));
#11331=CARTESIAN_POINT('Ctrl Pts',(-1.67283460295332,36.,-9.85291139193042));
#11332=CARTESIAN_POINT('Ctrl Pts',(-1.72453609647944,36.,-9.84373428693883));
#11333=CARTESIAN_POINT('Ctrl Pts',(-1.72453609647944,36.,-9.84373428693883));
#11334=CARTESIAN_POINT('Ctrl Pts',(-1.77927885433061,36.,-9.83401735224185));
#11335=CARTESIAN_POINT('Ctrl Pts',(-1.82046143568082,36.,-9.86278385036815));
#11336=CARTESIAN_POINT('',(-4.49178529358443,36.,-7.07468341252616));
#11337=CARTESIAN_POINT('',(-4.52572800864695,36.,-6.89883193641332));
#11338=CARTESIAN_POINT('Ctrl Pts',(-4.49178529358443,36.,-7.07468341252616));
#11339=CARTESIAN_POINT('Ctrl Pts',(-4.46755696852706,36.,-7.03886489208158));
#11340=CARTESIAN_POINT('Ctrl Pts',(-4.47327946085311,36.,-6.9343091266759));
#11341=CARTESIAN_POINT('Ctrl Pts',(-4.52572800864695,36.,-6.89883193641332));
#11342=CARTESIAN_POINT('',(-4.96964575932204,36.,-6.98451659516871));
#11343=CARTESIAN_POINT('Ctrl Pts',(-4.52572800864695,36.,-6.89883193641332));
#11344=CARTESIAN_POINT('Ctrl Pts',(-4.63574203572671,36.,-6.82441636659425));
#11345=CARTESIAN_POINT('Ctrl Pts',(-4.89782608147341,36.,-6.87834026670801));
#11346=CARTESIAN_POINT('Ctrl Pts',(-4.96964575932204,36.,-6.98451659516871));
#11347=CARTESIAN_POINT('',(-5.83753897477,36.,-8.26758716680828));
#11348=CARTESIAN_POINT('',(-2.56893245085525,36.,-3.43536499194145));
#11349=CARTESIAN_POINT('',(-5.85830386345223,36.,-8.36168451188345));
#11350=CARTESIAN_POINT('Ctrl Pts',(-5.83753897477,36.,-8.26758716680828));
#11351=CARTESIAN_POINT('Ctrl Pts',(-5.86522848912128,36.,-8.30852261874493));
#11352=CARTESIAN_POINT('Ctrl Pts',(-5.85830386345223,36.,-8.36168451188345));
#11353=CARTESIAN_POINT('',(-5.802730962384,36.,-8.4421594100481));
#11354=CARTESIAN_POINT('Ctrl Pts',(-5.85830386345223,36.,-8.36168451188345));
#11355=CARTESIAN_POINT('Ctrl Pts',(-5.84494564719368,36.,-8.41360459837334));
#11356=CARTESIAN_POINT('Ctrl Pts',(-5.802730962384,36.,-8.4421594100481));
#11357=CARTESIAN_POINT('',(-5.62902401646766,36.,-8.40863063053512));
#11358=CARTESIAN_POINT('Ctrl Pts',(-5.802730962384,36.,-8.4421594100481));
#11359=CARTESIAN_POINT('Ctrl Pts',(-5.76435397619339,36.,-8.46811832975242));
#11360=CARTESIAN_POINT('Ctrl Pts',(-5.66363590940676,36.,-8.45979994545593));
#11361=CARTESIAN_POINT('Ctrl Pts',(-5.62902401646766,36.,-8.40863063053511));
#11362=CARTESIAN_POINT('',(-4.7611308010197,36.,-7.12556005889555));
#11363=CARTESIAN_POINT('',(-2.79436410027689,36.,-4.21794374148807));
#11364=CARTESIAN_POINT('',(-4.71553202644613,36.,-7.09673876948758));
#11365=CARTESIAN_POINT('Ctrl Pts',(-4.7611308010197,36.,-7.12556005889555));
#11366=CARTESIAN_POINT('Ctrl Pts',(-4.74815134116754,36.,-7.10637156580024));
#11367=CARTESIAN_POINT('Ctrl Pts',(-4.71553202644613,36.,-7.09673876948758));
#11368=CARTESIAN_POINT('',(-4.66590617505031,36.,-7.10606766184264));
#11369=CARTESIAN_POINT('Ctrl Pts',(-4.71553202644613,36.,-7.09673876948758));
#11370=CARTESIAN_POINT('Ctrl Pts',(-4.68637390101864,36.,-7.092222904667));
#11371=CARTESIAN_POINT('Ctrl Pts',(-4.66590617505031,36.,-7.10606766184264));
#11372=CARTESIAN_POINT('Ctrl Pts',(-4.66590617505031,36.,-7.10606766184264));
#11373=CARTESIAN_POINT('Ctrl Pts',(-4.62113302449459,36.,-7.13635306816435));
#11374=CARTESIAN_POINT('Ctrl Pts',(-4.51774421328875,36.,-7.11306039871677));
#11375=CARTESIAN_POINT('Ctrl Pts',(-4.49178529358443,36.,-7.07468341252616));
#11376=CARTESIAN_POINT('',(-5.72271087570728,36.,-7.23434705148893));
#11377=CARTESIAN_POINT('',(-5.3882864710384,36.,-6.85798644841599));
#11378=CARTESIAN_POINT('',(-2.66422790734877,36.,-3.79233600687207));
#11379=CARTESIAN_POINT('',(-5.4262348714347,36.,-6.21479142607293));
#11380=CARTESIAN_POINT('Ctrl Pts',(-5.3882864710384,36.,-6.85798644841599));
#11381=CARTESIAN_POINT('Ctrl Pts',(-5.26518546318482,36.,-6.71944880311307));
#11382=CARTESIAN_POINT('Ctrl Pts',(-5.28307930462168,36.,-6.34199580085496));
#11383=CARTESIAN_POINT('Ctrl Pts',(-5.4262348714347,36.,-6.21479142607293));
#11384=CARTESIAN_POINT('',(-5.51282089974903,36.,-6.13785329616445));
#11385=CARTESIAN_POINT('',(-5.45307654625474,36.,-6.19094060043201));
#11386=CARTESIAN_POINT('',(-6.15601592209209,36.,-6.17580169656075));
#11387=CARTESIAN_POINT('Ctrl Pts',(-5.51282089974903,36.,-6.13785329616445));
#11388=CARTESIAN_POINT('Ctrl Pts',(-5.65135854505195,36.,-6.01475228831087));
#11389=CARTESIAN_POINT('Ctrl Pts',(-6.02778570557795,36.,-6.03149164937021));
#11390=CARTESIAN_POINT('Ctrl Pts',(-6.15601592209209,36.,-6.17580169656075));
#11391=CARTESIAN_POINT('',(-6.49044032676098,36.,-6.55216229963369));
#11392=CARTESIAN_POINT('',(-3.26474515606802,36.,-2.92197095348036));
#11393=CARTESIAN_POINT('',(-6.45146608463256,36.,-7.19420284159923));
#11394=CARTESIAN_POINT('Ctrl Pts',(-6.49044032676098,36.,-6.55216229963369));
#11395=CARTESIAN_POINT('Ctrl Pts',(-6.61046380941821,36.,-6.68723650380404));
#11396=CARTESIAN_POINT('Ctrl Pts',(-6.59346717106805,36.,-7.06802430854931));
#11397=CARTESIAN_POINT('Ctrl Pts',(-6.45146608463256,36.,-7.19420284159923));
#11398=CARTESIAN_POINT('',(-6.36488005631823,36.,-7.27114097150771));
#11399=CARTESIAN_POINT('',(-6.43501474529543,36.,-7.20882108091254));
#11400=CARTESIAN_POINT('Ctrl Pts',(-6.36488005631823,36.,-7.27114097150771));
#11401=CARTESIAN_POINT('Ctrl Pts',(-6.22634241101531,36.,-7.39424197936129));
#11402=CARTESIAN_POINT('Ctrl Pts',(-5.84786356702509,36.,-7.3751936575469));
#11403=CARTESIAN_POINT('Ctrl Pts',(-5.72271087570728,36.,-7.23434705148893));
#11404=CARTESIAN_POINT('',(-8.95547638776042,36.,-4.71693747737361));
#11405=CARTESIAN_POINT('',(-8.55769493175619,36.,-4.4948116747551));
#11406=CARTESIAN_POINT('',(-4.53816393793961,36.,-2.25025870559412));
#11407=CARTESIAN_POINT('',(-8.38300616495112,36.,-4.80764319269741));
#11408=CARTESIAN_POINT('',(-8.49726918769679,36.,-4.60302170784777));
#11409=CARTESIAN_POINT('',(-7.81698183148626,36.,-4.96916574258475));
#11410=CARTESIAN_POINT('Ctrl Pts',(-8.38300616495112,36.,-4.80764319269741));
#11411=CARTESIAN_POINT('Ctrl Pts',(-8.30017959448321,36.,-4.95596848137695));
#11412=CARTESIAN_POINT('Ctrl Pts',(-7.96800394359634,36.,-5.05349825069754));
#11413=CARTESIAN_POINT('Ctrl Pts',(-7.81698183148626,36.,-4.96916574258475));
#11414=CARTESIAN_POINT('',(-7.05647762407477,36.,-4.54449132673106));
#11415=CARTESIAN_POINT('',(-3.77992148537118,36.,-2.71482417873212));
#11416=CARTESIAN_POINT('',(-6.99348664696751,36.,-4.47040110847145));
#11417=CARTESIAN_POINT('Ctrl Pts',(-7.05647762407477,36.,-4.54449132673106));
#11418=CARTESIAN_POINT('Ctrl Pts',(-7.00523797889456,36.,-4.51587851147851));
#11419=CARTESIAN_POINT('Ctrl Pts',(-6.99348664696751,36.,-4.47040110847145));
#11420=CARTESIAN_POINT('',(-7.00689833804003,36.,-4.37352653435458));
#11421=CARTESIAN_POINT('Ctrl Pts',(-6.99348664696751,36.,-4.47040110847145));
#11422=CARTESIAN_POINT('Ctrl Pts',(-6.98129739807722,36.,-4.41937253267371));
#11423=CARTESIAN_POINT('Ctrl Pts',(-7.00689833804003,36.,-4.37352653435458));
#11424=CARTESIAN_POINT('',(-7.17921154213178,36.,-4.32470021714228));
#11425=CARTESIAN_POINT('Ctrl Pts',(-7.00689833804003,36.,-4.37352653435458));
#11426=CARTESIAN_POINT('Ctrl Pts',(-7.03174630918041,36.,-4.32902894775072));
#11427=CARTESIAN_POINT('Ctrl Pts',(-7.12392666180576,36.,-4.29382849542242));
#11428=CARTESIAN_POINT('Ctrl Pts',(-7.17921154213178,36.,-4.32470021714228));
#11429=CARTESIAN_POINT('',(-7.94106416125853,36.,-4.7501276018184));
#11430=CARTESIAN_POINT('',(-3.52240329972244,36.,-2.2826958612165));
#11431=CARTESIAN_POINT('',(-8.16456346707761,36.,-4.68566224346284));
#11432=CARTESIAN_POINT('Ctrl Pts',(-7.94106416125853,36.,-4.7501276018184));
#11433=CARTESIAN_POINT('Ctrl Pts',(-8.00174268844562,36.,-4.78401119882801));
#11434=CARTESIAN_POINT('Ctrl Pts',(-8.12917393242314,36.,-4.74903759408046));
#11435=CARTESIAN_POINT('Ctrl Pts',(-8.16456346707761,36.,-4.68566224346284));
#11436=CARTESIAN_POINT('',(-8.33925223388268,36.,-4.37283072552053));
#11437=CARTESIAN_POINT('',(-8.19148210642075,36.,-4.63745651758435));
#11438=CARTESIAN_POINT('',(-7.43446797293745,36.,-3.86758864566623));
#11439=CARTESIAN_POINT('',(-4.23005186100073,36.,-2.07820532966759));
#11440=CARTESIAN_POINT('',(-7.37147699583019,36.,-3.79349842740662));
#11441=CARTESIAN_POINT('Ctrl Pts',(-7.43446797293745,36.,-3.86758864566623));
#11442=CARTESIAN_POINT('Ctrl Pts',(-7.38322832775725,36.,-3.83897583041367));
#11443=CARTESIAN_POINT('Ctrl Pts',(-7.37147699583019,36.,-3.79349842740662));
#11444=CARTESIAN_POINT('',(-7.38488868690271,36.,-3.69662385328975));
#11445=CARTESIAN_POINT('Ctrl Pts',(-7.37147699583019,36.,-3.79349842740662));
#11446=CARTESIAN_POINT('Ctrl Pts',(-7.3592877469399,36.,-3.74246985160888));
#11447=CARTESIAN_POINT('Ctrl Pts',(-7.38488868690271,36.,-3.69662385328975));
#11448=CARTESIAN_POINT('',(-7.55720189099446,36.,-3.64779753607745));
#11449=CARTESIAN_POINT('Ctrl Pts',(-7.38488868690271,36.,-3.69662385328975));
#11450=CARTESIAN_POINT('Ctrl Pts',(-7.40973665804309,36.,-3.65212626668589));
#11451=CARTESIAN_POINT('Ctrl Pts',(-7.50191701066845,36.,-3.61692581435759));
#11452=CARTESIAN_POINT('Ctrl Pts',(-7.55720189099446,36.,-3.64779753607745));
#11453=CARTESIAN_POINT('',(-9.07821030581743,36.,-4.49714636778482));
#11454=CARTESIAN_POINT('',(-3.90039364858513,36.,-1.60579318015166));
#11455=CARTESIAN_POINT('',(-9.13909990238699,36.,-4.57183202893727));
#11456=CARTESIAN_POINT('Ctrl Pts',(-9.07821030581743,36.,-4.49714636778482));
#11457=CARTESIAN_POINT('Ctrl Pts',(-9.12135948070602,36.,-4.52124137010277));
#11458=CARTESIAN_POINT('Ctrl Pts',(-9.13909990238699,36.,-4.57183202893727));
#11459=CARTESIAN_POINT('',(-9.12568821131446,36.,-4.66870660305413));
#11460=CARTESIAN_POINT('Ctrl Pts',(-9.13909990238699,36.,-4.57183202893727));
#11461=CARTESIAN_POINT('Ctrl Pts',(-9.15053618245484,36.,-4.62420901645027));
#11462=CARTESIAN_POINT('Ctrl Pts',(-9.12568821131446,36.,-4.66870660305413));
#11463=CARTESIAN_POINT('Ctrl Pts',(-9.12568821131446,36.,-4.66870660305413));
#11464=CARTESIAN_POINT('Ctrl Pts',(-9.10309914664139,36.,-4.70915895451219));
#11465=CARTESIAN_POINT('Ctrl Pts',(-9.00941285637117,36.,-4.74705623027103));
#11466=CARTESIAN_POINT('Ctrl Pts',(-8.95547638776042,36.,-4.71693747737361));
#11467=CARTESIAN_POINT('',(-8.18569021532502,36.,-3.33710474337941));
#11468=CARTESIAN_POINT('',(-8.40307763419241,36.,-2.72596826758118));
#11469=CARTESIAN_POINT('',(-8.25284740279135,36.,-3.1483072173472));
#11470=CARTESIAN_POINT('',(-8.24883842839572,36.,-2.67110382377179));
#11471=CARTESIAN_POINT('',(-4.24307533906357,36.,-1.24621342192369));
#11472=CARTESIAN_POINT('',(-8.1212690683898,36.,-2.67490206906026));
#11473=CARTESIAN_POINT('Ctrl Pts',(-8.24883842839572,36.,-2.67110382377179));
#11474=CARTESIAN_POINT('Ctrl Pts',(-8.1804493465802,36.,-2.64677713642235));
#11475=CARTESIAN_POINT('Ctrl Pts',(-8.1212690683898,36.,-2.67490206906026));
#11476=CARTESIAN_POINT('',(-8.06823136581952,36.,-2.71340797048912));
#11477=CARTESIAN_POINT('Ctrl Pts',(-8.1212690683898,36.,-2.67490206906026));
#11478=CARTESIAN_POINT('Ctrl Pts',(-8.0926164270492,36.,-2.6909372113189));
#11479=CARTESIAN_POINT('Ctrl Pts',(-8.06823136581952,36.,-2.71340797048912));
#11480=CARTESIAN_POINT('',(-8.03630701600282,36.,-2.77089849442116));
#11481=CARTESIAN_POINT('Ctrl Pts',(-8.06823136581952,36.,-2.71340797048912));
#11482=CARTESIAN_POINT('Ctrl Pts',(-8.04665879785364,36.,-2.74179675747838));
#11483=CARTESIAN_POINT('Ctrl Pts',(-8.03630701600282,36.,-2.77089849442116));
#11484=CARTESIAN_POINT('',(-7.87430163003736,36.,-3.22634067757555));
#11485=CARTESIAN_POINT('',(-8.02246151048641,36.,-2.80982205996614));
#11486=CARTESIAN_POINT('',(-7.71545237667787,36.,-3.3042506716376));
#11487=CARTESIAN_POINT('Ctrl Pts',(-7.87430163003736,36.,-3.22634067757555));
#11488=CARTESIAN_POINT('Ctrl Pts',(-7.85618601179841,36.,-3.2772687172254));
#11489=CARTESIAN_POINT('Ctrl Pts',(-7.75910498209203,36.,-3.31977834441384));
#11490=CARTESIAN_POINT('Ctrl Pts',(-7.71545237667787,36.,-3.3042506716376));
#11491=CARTESIAN_POINT('',(-7.6385775608009,36.,-3.14249124458384));
#11492=CARTESIAN_POINT('Ctrl Pts',(-7.71545237667787,36.,-3.3042506716376));
#11493=CARTESIAN_POINT('Ctrl Pts',(-7.67470994495799,36.,-3.28975817704644));
#11494=CARTESIAN_POINT('Ctrl Pts',(-7.6173564080067,36.,-3.20214980531652));
#11495=CARTESIAN_POINT('Ctrl Pts',(-7.6385775608009,36.,-3.14249124458384));
#11496=CARTESIAN_POINT('',(-7.80058294676636,36.,-2.68704906142945));
#11497=CARTESIAN_POINT('',(-7.70573474826723,36.,-2.95369371855163));
#11498=CARTESIAN_POINT('',(-8.33320545047996,36.,-2.4339246676882));
#11499=CARTESIAN_POINT('Ctrl Pts',(-7.80058294676636,36.,-2.68704906142945));
#11500=CARTESIAN_POINT('Ctrl Pts',(-7.85751774694591,36.,-2.5269895082442));
#11501=CARTESIAN_POINT('Ctrl Pts',(-8.1687806367533,36.,-2.37543710023102));
#11502=CARTESIAN_POINT('Ctrl Pts',(-8.33320545047996,36.,-2.4339246676882));
#11503=CARTESIAN_POINT('',(-8.88031810500409,36.,-2.62853816648376));
#11504=CARTESIAN_POINT('',(-4.25032275824947,36.,-0.981602043935399));
#11505=CARTESIAN_POINT('',(-9.1319874118982,36.,-3.16064308110483));
#11506=CARTESIAN_POINT('Ctrl Pts',(-8.88031810500409,36.,-2.62853816648376));
#11507=CARTESIAN_POINT('Ctrl Pts',(-9.03746748449506,36.,-2.68443778847823));
#11508=CARTESIAN_POINT('Ctrl Pts',(-9.19099256844792,36.,-2.99476318053102));
#11509=CARTESIAN_POINT('Ctrl Pts',(-9.1319874118982,36.,-3.16064308110483));
#11510=CARTESIAN_POINT('',(-9.06728877533053,36.,-3.34252893699716));
#11511=CARTESIAN_POINT('',(-9.1181419063818,36.,-3.19956664664981));
#11512=CARTESIAN_POINT('',(-8.53612135846406,36.,-3.59617091983095));
#11513=CARTESIAN_POINT('Ctrl Pts',(-9.06728877533053,36.,-3.34252893699716));
#11514=CARTESIAN_POINT('Ctrl Pts',(-9.01035397515097,36.,-3.50258849018241));
#11515=CARTESIAN_POINT('Ctrl Pts',(-8.69909108534359,36.,-3.65414089819559));
#11516=CARTESIAN_POINT('Ctrl Pts',(-8.53612135846406,36.,-3.59617091983095));
#11517=CARTESIAN_POINT('',(-8.262565031202,36.,-3.49886417043317));
#11518=CARTESIAN_POINT('',(-4.17968233897151,36.,-2.04654154668037));
#11519=CARTESIAN_POINT('Ctrl Pts',(-8.262565031202,36.,-3.49886417043317));
#11520=CARTESIAN_POINT('Ctrl Pts',(-8.14324790973663,36.,-3.45642186484477));
#11521=CARTESIAN_POINT('Ctrl Pts',(-8.18569021532502,36.,-3.3371047433794));
#11522=CARTESIAN_POINT('',(-8.93856857396876,36.,-0.80207513329609));
#11523=CARTESIAN_POINT('',(-8.81585083072585,36.,-0.671628956463468));
#11524=CARTESIAN_POINT('Ctrl Pts',(-8.93856857396876,36.,-0.80207513329609));
#11525=CARTESIAN_POINT('Ctrl Pts',(-8.89534546566318,36.,-0.800755644634431));
#11526=CARTESIAN_POINT('Ctrl Pts',(-8.81396584692348,36.,-0.733376254042866));
#11527=CARTESIAN_POINT('Ctrl Pts',(-8.81585083072585,36.,-0.671628956463468));
#11528=CARTESIAN_POINT('',(-8.83950737744559,36.,0.10329962815797));
#11529=CARTESIAN_POINT('',(-8.82198880947897,36.,-0.470564310640869));
#11530=CARTESIAN_POINT('',(-8.87624874222275,36.,0.19334015099628));
#11531=CARTESIAN_POINT('Ctrl Pts',(-8.83950737744559,36.,0.10329962815797));
#11532=CARTESIAN_POINT('Ctrl Pts',(-8.84125098746278,36.,0.160415878418914));
#11533=CARTESIAN_POINT('Ctrl Pts',(-8.87624874222275,36.,0.19334015099628));
#11534=CARTESIAN_POINT('',(-8.96995355427821,36.,0.226017371400878));
#11535=CARTESIAN_POINT('Ctrl Pts',(-8.87624874222275,36.,0.19334015099628));
#11536=CARTESIAN_POINT('Ctrl Pts',(-8.91746835133572,36.,0.227619607632892));
#11537=CARTESIAN_POINT('Ctrl Pts',(-8.96995355427821,36.,0.226017371400878));
#11538=CARTESIAN_POINT('',(-9.08958393264215,36.,0.0956654437583737));
#11539=CARTESIAN_POINT('Ctrl Pts',(-8.96995355427821,36.,0.226017371400878));
#11540=CARTESIAN_POINT('Ctrl Pts',(-9.01317666258379,36.,0.22469788273922));
#11541=CARTESIAN_POINT('Ctrl Pts',(-9.09142179184946,36.,0.155869058898287));
#11542=CARTESIAN_POINT('Ctrl Pts',(-9.08958393264215,36.,0.0956654437583737));
#11543=CARTESIAN_POINT('',(-9.06592738592241,36.,-0.679263140863064));
#11544=CARTESIAN_POINT('',(-9.0838936380354,36.,-0.090734202729746));
#11545=CARTESIAN_POINT('Ctrl Pts',(-9.06592738592241,36.,-0.679263140863064));
#11546=CARTESIAN_POINT('Ctrl Pts',(-9.0643251496904,36.,-0.731748343805553));
#11547=CARTESIAN_POINT('Ctrl Pts',(-8.9848790471533,36.,-0.803488871147867));
#11548=CARTESIAN_POINT('Ctrl Pts',(-8.93856857396876,36.,-0.80207513329609));
#11549=CARTESIAN_POINT('',(-9.03181902606398,36.,2.05525137428312));
#11550=CARTESIAN_POINT('',(-8.19487168635455,36.,1.8139338251398));
#11551=CARTESIAN_POINT('',(-4.58896797540661,36.,0.774241356226678));
#11552=CARTESIAN_POINT('',(-8.09790558861694,36.,1.82133649548404));
#11553=CARTESIAN_POINT('Ctrl Pts',(-8.19487168635455,36.,1.8139338251398));
#11554=CARTESIAN_POINT('Ctrl Pts',(-8.13848161736703,36.,1.79767484133227));
#11555=CARTESIAN_POINT('Ctrl Pts',(-8.09790558861694,36.,1.82133649548404));
#11556=CARTESIAN_POINT('',(-8.03853054568649,36.,1.89904853344957));
#11557=CARTESIAN_POINT('Ctrl Pts',(-8.09790558861694,36.,1.82133649548404));
#11558=CARTESIAN_POINT('Ctrl Pts',(-8.05307805751428,36.,1.84859426119758));
#11559=CARTESIAN_POINT('Ctrl Pts',(-8.03853054568649,36.,1.89904853344957));
#11560=CARTESIAN_POINT('',(-8.12512920318015,36.,2.05581754211256));
#11561=CARTESIAN_POINT('Ctrl Pts',(-8.03853054568649,36.,1.89904853344957));
#11562=CARTESIAN_POINT('Ctrl Pts',(-8.02441090185364,36.,1.94801885651768));
#11563=CARTESIAN_POINT('Ctrl Pts',(-8.06428728664099,36.,2.03827495432023));
#11564=CARTESIAN_POINT('Ctrl Pts',(-8.12512920318015,36.,2.05581754211256));
#11565=CARTESIAN_POINT('',(-8.96356049207347,36.,2.29756295925082));
#11566=CARTESIAN_POINT('',(-4.10075182237749,36.,0.895466298627781));
#11567=CARTESIAN_POINT('',(-9.07507723010691,36.,2.5016995293893));
#11568=CARTESIAN_POINT('Ctrl Pts',(-8.96356049207347,36.,2.29756295925082));
#11569=CARTESIAN_POINT('Ctrl Pts',(-9.03033820534815,36.,2.31681701902289));
#11570=CARTESIAN_POINT('Ctrl Pts',(-9.09518702586886,36.,2.43195391774685));
#11571=CARTESIAN_POINT('Ctrl Pts',(-9.07507723010691,36.,2.5016995293893));
#11572=CARTESIAN_POINT('',(-8.975811855282,36.,2.84597574004992));
#11573=CARTESIAN_POINT('',(-9.05978094704851,36.,2.55475072048012));
#11574=CARTESIAN_POINT('',(-7.98008195289719,36.,2.55887631544855));
#11575=CARTESIAN_POINT('',(-4.45356952328694,36.,1.54207478426445));
#11576=CARTESIAN_POINT('',(-7.88311585515959,36.,2.56627898579279));
#11577=CARTESIAN_POINT('Ctrl Pts',(-7.98008195289719,36.,2.55887631544855));
#11578=CARTESIAN_POINT('Ctrl Pts',(-7.92369188390968,36.,2.54261733164102));
#11579=CARTESIAN_POINT('Ctrl Pts',(-7.88311585515959,36.,2.56627898579279));
#11580=CARTESIAN_POINT('',(-7.82374081222914,36.,2.64399102375833));
#11581=CARTESIAN_POINT('Ctrl Pts',(-7.88311585515959,36.,2.56627898579279));
#11582=CARTESIAN_POINT('Ctrl Pts',(-7.83828832405693,36.,2.59353675150634));
#11583=CARTESIAN_POINT('Ctrl Pts',(-7.82374081222914,36.,2.64399102375833));
#11584=CARTESIAN_POINT('',(-7.91033946972279,36.,2.80076003242131));
#11585=CARTESIAN_POINT('Ctrl Pts',(-7.82374081222914,36.,2.64399102375833));
#11586=CARTESIAN_POINT('Ctrl Pts',(-7.80962116839628,36.,2.69296134682643));
#11587=CARTESIAN_POINT('Ctrl Pts',(-7.84949755318363,36.,2.78321744462898));
#11588=CARTESIAN_POINT('Ctrl Pts',(-7.91033946972279,36.,2.80076003242132));
#11589=CARTESIAN_POINT('',(-9.02626925600204,36.,3.12251676461241));
#11590=CARTESIAN_POINT('',(-3.88596208892014,36.,1.64040878893653));
#11591=CARTESIAN_POINT('',(-9.18155431548115,36.,3.03549023912382));
#11592=CARTESIAN_POINT('Ctrl Pts',(-9.02626925600204,36.,3.12251676461241));
#11593=CARTESIAN_POINT('Ctrl Pts',(-9.14646913989648,36.,3.15717407220215));
#11594=CARTESIAN_POINT('Ctrl Pts',(-9.18155431548115,36.,3.03549023912382));
#11595=CARTESIAN_POINT('',(-9.31547699789579,36.,2.57101414456876));
#11596=CARTESIAN_POINT('',(-9.23321937363007,36.,2.85630338293712));
#11597=CARTESIAN_POINT('Ctrl Pts',(-9.31547699789579,36.,2.57101414456876));
#11598=CARTESIAN_POINT('Ctrl Pts',(-9.36254247733864,36.,2.40777973434175));
#11599=CARTESIAN_POINT('Ctrl Pts',(-9.19802133465877,36.,2.10317258971584));
#11600=CARTESIAN_POINT('Ctrl Pts',(-9.03181902606399,36.,2.05525137428312));
#11601=CARTESIAN_POINT('',(3.84774211107758,36.,8.30704240414918));
#11602=CARTESIAN_POINT('',(3.72880695613413,36.,8.07297826520429));
#11603=CARTESIAN_POINT('',(1.77551569483237,36.,4.22890510279449));
#11604=CARTESIAN_POINT('',(3.58286108126261,36.,8.14713783240433));
#11605=CARTESIAN_POINT('',(3.87716231684057,36.,7.99759436448438));
#11606=CARTESIAN_POINT('',(3.41399007073934,36.,8.09435872410887));
#11607=CARTESIAN_POINT('Ctrl Pts',(3.58286108126261,36.,8.14713783240433));
#11608=CARTESIAN_POINT('Ctrl Pts',(3.53467140559749,36.,8.17162448195151));
#11609=CARTESIAN_POINT('Ctrl Pts',(3.43497862749406,36.,8.13566416039326));
#11610=CARTESIAN_POINT('Ctrl Pts',(3.41399007073934,36.,8.09435872410887));
#11611=CARTESIAN_POINT('',(3.46952287478709,36.,7.92408847646861));
#11612=CARTESIAN_POINT('Ctrl Pts',(3.41399007073934,36.,8.09435872410887));
#11613=CARTESIAN_POINT('Ctrl Pts',(3.39440075110159,36.,8.05580698357677));
#11614=CARTESIAN_POINT('Ctrl Pts',(3.41307211186508,36.,7.95277283736674));
#11615=CARTESIAN_POINT('Ctrl Pts',(3.46952287478709,36.,7.92408847646861));
#11616=CARTESIAN_POINT('',(3.6154687496586,36.,7.84992890926858));
#11617=CARTESIAN_POINT('',(3.69085117292929,36.,7.81162479214868));
#11618=CARTESIAN_POINT('',(3.49793283183214,36.,7.61861846607598));
#11619=CARTESIAN_POINT('',(1.65937901412288,36.,4.00034835535419));
#11620=CARTESIAN_POINT('',(3.4862463715979,36.,7.5206159852204));
#11621=CARTESIAN_POINT('Ctrl Pts',(3.49793283183214,36.,7.61861846607598));
#11622=CARTESIAN_POINT('Ctrl Pts',(3.47134732660948,36.,7.56629824678242));
#11623=CARTESIAN_POINT('Ctrl Pts',(3.4862463715979,36.,7.5206159852204));
#11624=CARTESIAN_POINT('',(3.55208878800374,36.,7.44904783699422));
#11625=CARTESIAN_POINT('Ctrl Pts',(3.4862463715979,36.,7.5206159852204));
#11626=CARTESIAN_POINT('Ctrl Pts',(3.50527596021476,36.,7.47283486798291));
#11627=CARTESIAN_POINT('Ctrl Pts',(3.55208878800374,36.,7.44904783699422));
#11628=CARTESIAN_POINT('',(3.722359035644,36.,7.50458064104197));
#11629=CARTESIAN_POINT('Ctrl Pts',(3.55208878800374,36.,7.44904783699422));
#11630=CARTESIAN_POINT('Ctrl Pts',(3.59752476791657,36.,7.42596042456402));
#11631=CARTESIAN_POINT('Ctrl Pts',(3.69367467474587,36.,7.44812987811997));
#11632=CARTESIAN_POINT('Ctrl Pts',(3.722359035644,36.,7.50458064104197));
#11633=CARTESIAN_POINT('',(3.83989495347046,36.,7.73589108423456));
#11634=CARTESIAN_POINT('',(1.8250372590215,36.,3.77065530872388));
#11635=CARTESIAN_POINT('',(4.33280649313087,36.,7.48542764029483));
#11636=CARTESIAN_POINT('',(3.87603721227097,36.,7.71752609603167));
#11637=CARTESIAN_POINT('',(4.49883425093851,36.,7.52579272846413));
#11638=CARTESIAN_POINT('Ctrl Pts',(4.33280649313087,36.,7.48542764029483));
#11639=CARTESIAN_POINT('Ctrl Pts',(4.44846171472716,36.,7.42665968138159));
#11640=CARTESIAN_POINT('Ctrl Pts',(4.49883425093851,36.,7.52579272846413));
#11641=CARTESIAN_POINT('',(4.50797407068056,36.,7.5505983794756));
#11642=CARTESIAN_POINT('',(3.00921717019897,36.,3.48294259701897));
#11643=CARTESIAN_POINT('',(4.51153933119552,36.,7.56784256178869));
#11644=CARTESIAN_POINT('',(3.66702340080132,36.,3.48315180527424));
#11645=CARTESIAN_POINT('',(4.78163723499559,36.,8.9585262652895));
#11646=CARTESIAN_POINT('',(3.72134472903671,36.,3.49927801406089));
#11647=CARTESIAN_POINT('',(4.77386871103709,36.,9.03869689147768));
#11648=CARTESIAN_POINT('Ctrl Pts',(4.78163723499559,36.,8.9585262652895));
#11649=CARTESIAN_POINT('Ctrl Pts',(4.789467374584,36.,8.99439147779181));
#11650=CARTESIAN_POINT('Ctrl Pts',(4.77386871103709,36.,9.03869689147768));
#11651=CARTESIAN_POINT('',(4.76086701855663,36.,9.05742986787109));
#11652=CARTESIAN_POINT('',(6.11479124175646,36.,7.10668149032186));
#11653=CARTESIAN_POINT('',(4.71965113923558,36.,9.09223168186895));
#11654=CARTESIAN_POINT('Ctrl Pts',(4.76086701855663,36.,9.05742986787109));
#11655=CARTESIAN_POINT('Ctrl Pts',(4.74443440100621,36.,9.07963854781612));
#11656=CARTESIAN_POINT('Ctrl Pts',(4.71965113923558,36.,9.09223168186895));
#11657=CARTESIAN_POINT('',(4.61817295482837,36.,9.10048721703324));
#11658=CARTESIAN_POINT('Ctrl Pts',(4.71965113923558,36.,9.09223168186895));
#11659=CARTESIAN_POINT('Ctrl Pts',(4.67008461569431,36.,9.11741794997462));
#11660=CARTESIAN_POINT('Ctrl Pts',(4.61817295482837,36.,9.10048721703324));
#11661=CARTESIAN_POINT('',(4.54594996652537,36.,9.04017458137282));
#11662=CARTESIAN_POINT('Ctrl Pts',(4.61817295482837,36.,9.10048721703324));
#11663=CARTESIAN_POINT('Ctrl Pts',(4.57113623463104,36.,9.08974110491409));
#11664=CARTESIAN_POINT('Ctrl Pts',(4.54594996652537,36.,9.04017458137282));
#11665=CARTESIAN_POINT('',(4.5353885204255,36.,9.00916192029827));
#11666=CARTESIAN_POINT('',(2.93037877794706,36.,4.29620663991865));
#11667=CARTESIAN_POINT('',(4.30570621623946,36.,7.77983808919661));
#11668=CARTESIAN_POINT('',(3.64566731742945,36.,4.24712558599911));
#11669=CARTESIAN_POINT('',(3.95323315994599,36.,7.95894044017028));
#11670=CARTESIAN_POINT('',(4.16561194689324,36.,7.85102427648054));
#11671=CARTESIAN_POINT('',(4.07216831488944,36.,8.19300457911516));
#11672=CARTESIAN_POINT('',(1.9404743211725,36.,3.99783520828803));
#11673=CARTESIAN_POINT('',(4.08107869013054,36.,8.28895298277694));
#11674=CARTESIAN_POINT('Ctrl Pts',(4.07216831488944,36.,8.19300457911516));
#11675=CARTESIAN_POINT('Ctrl Pts',(4.09455610876115,36.,8.23706371115185));
#11676=CARTESIAN_POINT('Ctrl Pts',(4.08107869013054,36.,8.28895298277694));
#11677=CARTESIAN_POINT('',(4.0159358922832,36.,8.36189797887927));
#11678=CARTESIAN_POINT('Ctrl Pts',(4.08107869013054,36.,8.28895298277694));
#11679=CARTESIAN_POINT('Ctrl Pts',(4.06137187219603,36.,8.33881056644907));
#11680=CARTESIAN_POINT('Ctrl Pts',(4.0159358922832,36.,8.36189797887927));
#11681=CARTESIAN_POINT('Ctrl Pts',(4.0159358922832,36.,8.36189797887927));
#11682=CARTESIAN_POINT('Ctrl Pts',(3.9746304559988,36.,8.382886535634));
#11683=CARTESIAN_POINT('Ctrl Pts',(3.87572685341721,36.,8.36211631919503));
#11684=CARTESIAN_POINT('Ctrl Pts',(3.84774211107758,36.,8.30704240414918));
#11685=CARTESIAN_POINT('',(5.50104625753658,36.,8.11518448960489));
#11686=CARTESIAN_POINT('',(4.84531750570681,36.,7.25179339815497));
#11687=CARTESIAN_POINT('',(2.54051738320691,36.,4.21708752657885));
#11688=CARTESIAN_POINT('',(4.93258301879505,36.,6.61341682583658));
#11689=CARTESIAN_POINT('Ctrl Pts',(4.84531750570681,36.,7.25179339815497));
#11690=CARTESIAN_POINT('Ctrl Pts',(4.73322712077864,36.,7.1042051773943));
#11691=CARTESIAN_POINT('Ctrl Pts',(4.78007519067569,36.,6.72924355692902));
#11692=CARTESIAN_POINT('Ctrl Pts',(4.93258301879505,36.,6.61341682583658));
#11693=CARTESIAN_POINT('',(5.02482565677046,36.,6.54336033525647));
#11694=CARTESIAN_POINT('',(4.96117824300482,36.,6.59169930886767));
#11695=CARTESIAN_POINT('',(5.66320222908885,36.,6.63062584834471));
#11696=CARTESIAN_POINT('Ctrl Pts',(5.02482565677046,36.,6.54336033525647));
#11697=CARTESIAN_POINT('Ctrl Pts',(5.17241387753113,36.,6.43126995032831));
#11698=CARTESIAN_POINT('Ctrl Pts',(5.54644141145535,36.,6.47688811838568));
#11699=CARTESIAN_POINT('Ctrl Pts',(5.66320222908885,36.,6.63062584834471));
#11700=CARTESIAN_POINT('',(6.31893098091863,36.,7.49401693979463));
#11701=CARTESIAN_POINT('',(3.03053773067407,36.,3.16422443104364));
#11702=CARTESIAN_POINT('',(6.23073138128932,36.,8.13116361027335));
#11703=CARTESIAN_POINT('Ctrl Pts',(6.31893098091863,36.,7.49401693979463));
#11704=CARTESIAN_POINT('Ctrl Pts',(6.42821910622359,36.,7.63791545503628));
#11705=CARTESIAN_POINT('Ctrl Pts',(6.38200930756901,36.,8.01627096572197));
#11706=CARTESIAN_POINT('Ctrl Pts',(6.23073138128933,36.,8.13116361027335));
#11707=CARTESIAN_POINT('',(6.13848874331391,36.,8.20122010085345));
#11708=CARTESIAN_POINT('',(6.21320528651135,36.,8.14447433859452));
#11709=CARTESIAN_POINT('Ctrl Pts',(6.13848874331391,36.,8.20122010085345));
#11710=CARTESIAN_POINT('Ctrl Pts',(5.99090052255324,36.,8.31331048578162));
#11711=CARTESIAN_POINT('Ctrl Pts',(5.61593890208796,36.,8.26646241588457));
#11712=CARTESIAN_POINT('Ctrl Pts',(5.50104625753658,36.,8.11518448960489));
#11713=CARTESIAN_POINT('',(8.10187699207813,36.,6.07664713534538));
#11714=CARTESIAN_POINT('',(6.67148965660348,36.,5.07683537199971));
#11715=CARTESIAN_POINT('',(3.95383288392553,36.,3.17724835618081));
#11716=CARTESIAN_POINT('',(6.61627107784295,36.,4.99678456189543));
#11717=CARTESIAN_POINT('Ctrl Pts',(6.67148965660348,36.,5.07683537199971));
#11718=CARTESIAN_POINT('Ctrl Pts',(6.62338813558752,36.,5.04321338349782));
#11719=CARTESIAN_POINT('Ctrl Pts',(6.61627107784295,36.,4.99678456189543));
#11720=CARTESIAN_POINT('',(6.63935956042833,36.,4.9017504704353));
#11721=CARTESIAN_POINT('Ctrl Pts',(6.61627107784295,36.,4.99678456189543));
#11722=CARTESIAN_POINT('Ctrl Pts',(6.60927672861085,36.,4.94478867344958));
#11723=CARTESIAN_POINT('Ctrl Pts',(6.63935956042833,36.,4.9017504704353));
#11724=CARTESIAN_POINT('',(6.81571029149317,36.,4.87050516343125));
#11725=CARTESIAN_POINT('Ctrl Pts',(6.63935956042833,36.,4.9017504704353));
#11726=CARTESIAN_POINT('Ctrl Pts',(6.66855760307471,36.,4.85997809692144));
#11727=CARTESIAN_POINT('Ctrl Pts',(6.76381128197594,36.,4.83422880741605));
#11728=CARTESIAN_POINT('Ctrl Pts',(6.81571029149317,36.,4.87050516343125));
#11729=CARTESIAN_POINT('',(8.02964078239599,36.,5.71901797851841));
#11730=CARTESIAN_POINT('',(3.38285985107788,36.,2.47101226593951));
#11731=CARTESIAN_POINT('',(7.95278686900107,36.,5.45425937968814));
#11732=CARTESIAN_POINT('',(6.95208498532982,36.,2.00688218230103));
#11733=CARTESIAN_POINT('',(7.97283994374382,36.,5.36087215805774));
#11734=CARTESIAN_POINT('Ctrl Pts',(7.95278686900107,36.,5.45425937968814));
#11735=CARTESIAN_POINT('Ctrl Pts',(7.94452669026855,36.,5.40137870207118));
#11736=CARTESIAN_POINT('Ctrl Pts',(7.97283994374382,36.,5.36087215805774));
#11737=CARTESIAN_POINT('',(8.05238700500632,36.,5.30907002746915));
#11738=CARTESIAN_POINT('Ctrl Pts',(7.97283994374382,36.,5.36087215805774));
#11739=CARTESIAN_POINT('Ctrl Pts',(7.99938361887689,36.,5.32289727304514));
#11740=CARTESIAN_POINT('Ctrl Pts',(8.05238700500632,36.,5.30907002746915));
#11741=CARTESIAN_POINT('',(8.15134129348018,36.,5.32924581072437));
#11742=CARTESIAN_POINT('Ctrl Pts',(8.05238700500632,36.,5.30907002746915));
#11743=CARTESIAN_POINT('Ctrl Pts',(8.1083030904659,36.,5.29916297890689));
#11744=CARTESIAN_POINT('Ctrl Pts',(8.15134129348018,36.,5.32924581072437));
#11745=CARTESIAN_POINT('',(8.19934593556751,36.,5.40613850447356));
#11746=CARTESIAN_POINT('Ctrl Pts',(8.15134129348018,36.,5.32924581072437));
#11747=CARTESIAN_POINT('Ctrl Pts',(8.18678451949194,36.,5.35401990751524));
#11748=CARTESIAN_POINT('Ctrl Pts',(8.19934593556751,36.,5.40613850447356));
#11749=CARTESIAN_POINT('',(8.29574913888488,36.,5.95024502836873));
#11750=CARTESIAN_POINT('',(7.61022187136824,36.,2.08108045988582));
#11751=CARTESIAN_POINT('',(8.27647105959268,36.,6.06678530654409));
#11752=CARTESIAN_POINT('Ctrl Pts',(8.29574913888488,36.,5.95024502836873));
#11753=CARTESIAN_POINT('Ctrl Pts',(8.30196849266643,36.,5.97908786026962));
#11754=CARTESIAN_POINT('Ctrl Pts',(8.29505163218583,36.,6.04020288703527));
#11755=CARTESIAN_POINT('Ctrl Pts',(8.27647105959268,36.,6.06678530654409));
#11756=CARTESIAN_POINT('',(8.20185169302748,36.,6.10884184145864));
#11757=CARTESIAN_POINT('Ctrl Pts',(8.27647105959268,36.,6.06678530654409));
#11758=CARTESIAN_POINT('Ctrl Pts',(8.25612090865733,36.,6.09589938505375));
#11759=CARTESIAN_POINT('Ctrl Pts',(8.20185169302748,36.,6.10884184145863));
#11760=CARTESIAN_POINT('Ctrl Pts',(8.20185169302748,36.,6.10884184145863));
#11761=CARTESIAN_POINT('Ctrl Pts',(8.14997851309409,36.,6.11026912384727));
#11762=CARTESIAN_POINT('Ctrl Pts',(8.10187699207813,36.,6.07664713534538));
#11763=CARTESIAN_POINT('',(9.6852883805267,36.,2.47573417200297));
#11764=CARTESIAN_POINT('',(9.1829031445323,36.,2.33395566653954));
#11765=CARTESIAN_POINT('',(4.87630609653958,36.,1.1185877589037));
#11766=CARTESIAN_POINT('',(9.00630920725389,36.,2.95970769125445));
#11767=CARTESIAN_POINT('',(9.14924123825607,36.,2.45323499363732));
#11768=CARTESIAN_POINT('',(8.94886125750767,36.,3.03817396877952));
#11769=CARTESIAN_POINT('Ctrl Pts',(9.00630920725389,36.,2.95970769125445));
#11770=CARTESIAN_POINT('Ctrl Pts',(8.99078907499901,36.,3.01470252478046));
#11771=CARTESIAN_POINT('Ctrl Pts',(8.94886125750767,36.,3.03817396877952));
#11772=CARTESIAN_POINT('',(8.85300549030846,36.,3.04803109040967));
#11773=CARTESIAN_POINT('Ctrl Pts',(8.94886125750767,36.,3.03817396877952));
#11774=CARTESIAN_POINT('Ctrl Pts',(8.9005685895742,36.,3.06145390749497));
#11775=CARTESIAN_POINT('Ctrl Pts',(8.85300549030846,36.,3.04803109040967));
#11776=CARTESIAN_POINT('',(8.76552101722107,36.,2.89175467976014));
#11777=CARTESIAN_POINT('Ctrl Pts',(8.85300549030846,36.,3.04803109040967));
#11778=CARTESIAN_POINT('Ctrl Pts',(8.81138777845094,36.,3.03628612546004));
#11779=CARTESIAN_POINT('Ctrl Pts',(8.74874249586445,36.,2.95120855384232));
#11780=CARTESIAN_POINT('Ctrl Pts',(8.76552101722107,36.,2.89175467976014));
#11781=CARTESIAN_POINT('',(8.94211495449949,36.,2.26600265504523));
#11782=CARTESIAN_POINT('',(8.82015607958405,36.,2.69815799450046));
#11783=CARTESIAN_POINT('',(8.12908322642572,36.,2.03655637549346));
#11784=CARTESIAN_POINT('',(4.50471938352598,36.,1.01372200042484));
#11785=CARTESIAN_POINT('',(8.05061694890065,36.,1.97910842574725));
#11786=CARTESIAN_POINT('Ctrl Pts',(8.12908322642572,36.,2.03655637549346));
#11787=CARTESIAN_POINT('Ctrl Pts',(8.07260204604765,36.,2.02061678020467));
#11788=CARTESIAN_POINT('Ctrl Pts',(8.05061694890065,36.,1.97910842574725));
#11789=CARTESIAN_POINT('',(8.04117929030441,36.,1.88176631169599));
#11790=CARTESIAN_POINT('Ctrl Pts',(8.05061694890065,36.,1.97910842574725));
#11791=CARTESIAN_POINT('Ctrl Pts',(8.02691754715129,36.,1.93230210466584));
#11792=CARTESIAN_POINT('Ctrl Pts',(8.04117929030441,36.,1.88176631169599));
#11793=CARTESIAN_POINT('',(8.19745570095394,36.,1.79428183860859));
#11794=CARTESIAN_POINT('Ctrl Pts',(8.04117929030441,36.,1.88176631169599));
#11795=CARTESIAN_POINT('Ctrl Pts',(8.05502157042362,36.,1.83271686557819));
#11796=CARTESIAN_POINT('Ctrl Pts',(8.13651548001971,36.,1.77708385421806));
#11797=CARTESIAN_POINT('Ctrl Pts',(8.19745570095394,36.,1.79428183860859));
#11798=CARTESIAN_POINT('',(9.87405495007133,36.,2.26743614086526));
#11799=CARTESIAN_POINT('',(4.16657599401732,36.,0.656724323764081));
#11800=CARTESIAN_POINT('',(9.96005307630667,36.,2.42329308848087));
#11801=CARTESIAN_POINT('Ctrl Pts',(9.87405495007133,36.,2.26743614086526));
#11802=CARTESIAN_POINT('Ctrl Pts',(9.99444904508774,36.,2.30141264661241));
#11803=CARTESIAN_POINT('Ctrl Pts',(9.96005307630667,36.,2.42329308848087));
#11804=CARTESIAN_POINT('',(9.74948263328109,36.,3.16943920821219));
#11805=CARTESIAN_POINT('',(9.90940291715686,36.,2.60276946308686));
#11806=CARTESIAN_POINT('',(9.59617891633567,36.,3.25776260736742));
#11807=CARTESIAN_POINT('Ctrl Pts',(9.74948263328109,36.,3.16943920821219));
#11808=CARTESIAN_POINT('Ctrl Pts',(9.73522089012797,36.,3.21997500118204));
#11809=CARTESIAN_POINT('Ctrl Pts',(9.6407693218973,36.,3.27034649838488));
#11810=CARTESIAN_POINT('Ctrl Pts',(9.59617891633567,36.,3.25776260736741));
#11811=CARTESIAN_POINT('',(9.50869444324828,36.,3.10148619671788));
#11812=CARTESIAN_POINT('Ctrl Pts',(9.59617891633567,36.,3.25776260736741));
#11813=CARTESIAN_POINT('Ctrl Pts',(9.55456120447815,36.,3.24601764241778));
#11814=CARTESIAN_POINT('Ctrl Pts',(9.49191592189166,36.,3.16094007080006));
#11815=CARTESIAN_POINT('Ctrl Pts',(9.50869444324828,36.,3.10148619671788));
#11816=CARTESIAN_POINT('',(9.56332950561126,36.,2.9078895114582));
#11817=CARTESIAN_POINT('',(10.1957470722404,36.,0.991368656390773));
#11818=CARTESIAN_POINT('',(9.97347957341171,36.,1.51306684463561));
#11819=CARTESIAN_POINT('Ctrl Pts',(10.1957470722404,36.,0.991368656390773));
#11820=CARTESIAN_POINT('Ctrl Pts',(10.182030242595,36.,1.13434151238337));
#11821=CARTESIAN_POINT('Ctrl Pts',(10.0696853435362,36.,1.39972888772251));
#11822=CARTESIAN_POINT('Ctrl Pts',(9.97347957341171,36.,1.51306684463561));
#11823=CARTESIAN_POINT('',(9.92689415535491,36.,1.54583326736412));
#11824=CARTESIAN_POINT('Ctrl Pts',(9.97347957341171,36.,1.51306684463561));
#11825=CARTESIAN_POINT('Ctrl Pts',(9.95743109869543,36.,1.53479954757196));
#11826=CARTESIAN_POINT('Ctrl Pts',(9.92689415535491,36.,1.54583326736412));
#11827=CARTESIAN_POINT('',(9.87161223862164,36.,1.55604444502366));
#11828=CARTESIAN_POINT('Ctrl Pts',(9.92689415535491,36.,1.54583326736412));
#11829=CARTESIAN_POINT('Ctrl Pts',(9.90235908937273,36.,1.55899430086137));
#11830=CARTESIAN_POINT('Ctrl Pts',(9.87161223862164,36.,1.55604444502366));
#11831=CARTESIAN_POINT('',(9.75303253186413,36.,1.41744546963386));
#11832=CARTESIAN_POINT('Ctrl Pts',(9.87161223862164,36.,1.55604444502366));
#11833=CARTESIAN_POINT('Ctrl Pts',(9.82702930503255,36.,1.55176715405896));
#11834=CARTESIAN_POINT('Ctrl Pts',(9.74816526973189,36.,1.46817777337317));
#11835=CARTESIAN_POINT('Ctrl Pts',(9.75303253186413,36.,1.41744546963386));
#11836=CARTESIAN_POINT('',(9.80755989712827,36.,1.33424172874982));
#11837=CARTESIAN_POINT('Ctrl Pts',(9.75303253186413,36.,1.41744546963386));
#11838=CARTESIAN_POINT('Ctrl Pts',(9.75686734445316,36.,1.37747456365744));
#11839=CARTESIAN_POINT('Ctrl Pts',(9.80755989712827,36.,1.33424172874982));
#11840=CARTESIAN_POINT('',(9.94991975902349,36.,0.966232467151471));
#11841=CARTESIAN_POINT('Ctrl Pts',(9.80755989712827,36.,1.33424172874982));
#11842=CARTESIAN_POINT('Ctrl Pts',(9.92956575374323,36.,1.17838573733403));
#11843=CARTESIAN_POINT('Ctrl Pts',(9.94991975902349,36.,0.966232467151471));
#11844=CARTESIAN_POINT('',(9.91648943904382,36.,0.716337770380482));
#11845=CARTESIAN_POINT('Ctrl Pts',(9.94991975902349,36.,0.966232467151471));
#11846=CARTESIAN_POINT('Ctrl Pts',(9.96245664633379,36.,0.835558351459315));
#11847=CARTESIAN_POINT('Ctrl Pts',(9.91648943904382,36.,0.716337770380482));
#11848=CARTESIAN_POINT('',(9.85622100698571,36.,0.632980960659762));
#11849=CARTESIAN_POINT('Ctrl Pts',(9.91648943904382,36.,0.716337770380482));
#11850=CARTESIAN_POINT('Ctrl Pts',(9.89492689245385,36.,0.666172774254222));
#11851=CARTESIAN_POINT('Ctrl Pts',(9.85622100698571,36.,0.632980960659761));
#11852=CARTESIAN_POINT('',(9.81385046527491,36.,0.605643531631749));
#11853=CARTESIAN_POINT('',(6.23242929760537,36.,-1.70508564570214));
#11854=CARTESIAN_POINT('',(9.77278469513659,36.,0.597049198638163));
#11855=CARTESIAN_POINT('Ctrl Pts',(9.81385046527491,36.,0.605643531631749));
#11856=CARTESIAN_POINT('Ctrl Pts',(9.80045686081257,36.,0.59970406889211));
#11857=CARTESIAN_POINT('Ctrl Pts',(9.77278469513659,36.,0.597049198638163));
#11858=CARTESIAN_POINT('',(9.67875156582617,36.,0.639226920448087));
#11859=CARTESIAN_POINT('Ctrl Pts',(9.77278469513659,36.,0.597049198638163));
#11860=CARTESIAN_POINT('Ctrl Pts',(9.71897770632217,36.,0.591886950922156));
#11861=CARTESIAN_POINT('Ctrl Pts',(9.67875156582618,36.,0.639226920448087));
#11862=CARTESIAN_POINT('',(9.08300642000982,36.,1.30196383025663));
#11863=CARTESIAN_POINT('',(7.67484996796448,36.,2.86846800088929));
#11864=CARTESIAN_POINT('',(8.65306691395375,36.,1.46551246978032));
#11865=CARTESIAN_POINT('Ctrl Pts',(9.08300642000982,36.,1.30196383025663));
#11866=CARTESIAN_POINT('Ctrl Pts',(9.01479046469957,36.,1.38230279347615));
#11867=CARTESIAN_POINT('Ctrl Pts',(8.77297963188302,36.,1.47701690754742));
#11868=CARTESIAN_POINT('Ctrl Pts',(8.65306691395375,36.,1.46551246978032));
#11869=CARTESIAN_POINT('',(8.27276448809975,36.,1.20871421076531));
#11870=CARTESIAN_POINT('Ctrl Pts',(8.65306691395375,36.,1.46551246978032));
#11871=CARTESIAN_POINT('Ctrl Pts',(8.52700482587426,36.,1.45341806084567));
#11872=CARTESIAN_POINT('Ctrl Pts',(8.3221013660486,36.,1.32515509235281));
#11873=CARTESIAN_POINT('Ctrl Pts',(8.27276448809975,36.,1.20871421076531));
#11874=CARTESIAN_POINT('',(8.2085646538145,36.,0.98844883702903));
#11875=CARTESIAN_POINT('Ctrl Pts',(8.27276448809975,36.,1.20871421076531));
#11876=CARTESIAN_POINT('Ctrl Pts',(8.23593625786192,36.,1.10743684714279));
#11877=CARTESIAN_POINT('Ctrl Pts',(8.2085646538145,36.,0.98844883702903));
#11878=CARTESIAN_POINT('',(8.20328872895068,36.,0.78469707993918));
#11879=CARTESIAN_POINT('Ctrl Pts',(8.2085646538145,36.,0.98844883702903));
#11880=CARTESIAN_POINT('Ctrl Pts',(8.19414417585375,36.,0.880012317267576));
#11881=CARTESIAN_POINT('Ctrl Pts',(8.20328872895068,36.,0.784697079939179));
#11882=CARTESIAN_POINT('',(8.27096561624716,36.,0.532090674340336));
#11883=CARTESIAN_POINT('Ctrl Pts',(8.20328872895068,36.,0.784697079939179));
#11884=CARTESIAN_POINT('Ctrl Pts',(8.21656308022041,36.,0.64633625155925));
#11885=CARTESIAN_POINT('Ctrl Pts',(8.27096561624716,36.,0.532090674340336));
#11886=CARTESIAN_POINT('',(8.43221049092391,36.,0.274497753416658));
#11887=CARTESIAN_POINT('Ctrl Pts',(8.27096561624716,36.,0.532090674340336));
#11888=CARTESIAN_POINT('Ctrl Pts',(8.30184287228044,36.,0.452823911728222));
#11889=CARTESIAN_POINT('Ctrl Pts',(8.37058638413953,36.,0.350814660191054));
#11890=CARTESIAN_POINT('Ctrl Pts',(8.43221049092391,36.,0.274497753416658));
#11891=CARTESIAN_POINT('',(8.54066967423985,36.,0.227498096583488));
#11892=CARTESIAN_POINT('Ctrl Pts',(8.43221049092391,36.,0.274497753416658));
#11893=CARTESIAN_POINT('Ctrl Pts',(8.474563945125,36.,0.221155906532393));
#11894=CARTESIAN_POINT('Ctrl Pts',(8.54066967423985,36.,0.227498096583488));
#11895=CARTESIAN_POINT('',(8.65646968150603,36.,0.362727401314402));
#11896=CARTESIAN_POINT('Ctrl Pts',(8.54066967423985,36.,0.227498096583488));
#11897=CARTESIAN_POINT('Ctrl Pts',(8.59140197797916,36.,0.232365358715724));
#11898=CARTESIAN_POINT('Ctrl Pts',(8.66163192922203,36.,0.308920412499986));
#11899=CARTESIAN_POINT('Ctrl Pts',(8.65646968150603,36.,0.362727401314402));
#11900=CARTESIAN_POINT('',(8.62999454567483,36.,0.428453066672296));
#11901=CARTESIAN_POINT('Ctrl Pts',(8.65646968150603,36.,0.362727401314402));
#11902=CARTESIAN_POINT('Ctrl Pts',(8.65337233287642,36.,0.395011594603053));
#11903=CARTESIAN_POINT('Ctrl Pts',(8.62999454567483,36.,0.428453066672296));
#11904=CARTESIAN_POINT('',(8.45343308419645,36.,0.813350432629248));
#11905=CARTESIAN_POINT('Ctrl Pts',(8.62999454567483,36.,0.428453066672296));
#11906=CARTESIAN_POINT('Ctrl Pts',(8.55400679950362,36.,0.525112826637371));
#11907=CARTESIAN_POINT('Ctrl Pts',(8.46302011566904,36.,0.713423167688189));
#11908=CARTESIAN_POINT('Ctrl Pts',(8.45343308419645,36.,0.813350432629248));
#11909=CARTESIAN_POINT('',(8.50008685229207,36.,1.10330111354985));
#11910=CARTESIAN_POINT('Ctrl Pts',(8.45343308419645,36.,0.813350432629248));
#11911=CARTESIAN_POINT('Ctrl Pts',(8.44015873292672,36.,0.951711261009179));
#11912=CARTESIAN_POINT('Ctrl Pts',(8.50008685229207,36.,1.10330111354985));
#11913=CARTESIAN_POINT('',(8.57002181795117,36.,1.18293085240922));
#11914=CARTESIAN_POINT('Ctrl Pts',(8.50008685229207,36.,1.10330111354985));
#11915=CARTESIAN_POINT('Ctrl Pts',(8.52040704192825,36.,1.15024393180912));
#11916=CARTESIAN_POINT('Ctrl Pts',(8.57002181795117,36.,1.18293085240922));
#11917=CARTESIAN_POINT('',(8.67359107558039,36.,1.21924267818778));
#11918=CARTESIAN_POINT('Ctrl Pts',(8.57002181795117,36.,1.18293085240922));
#11919=CARTESIAN_POINT('Ctrl Pts',(8.59051216393373,36.,1.19575714925851));
#11920=CARTESIAN_POINT('Ctrl Pts',(8.64438156736685,36.,1.21644031514195));
#11921=CARTESIAN_POINT('Ctrl Pts',(8.67359107558039,36.,1.21924267818778));
#11922=CARTESIAN_POINT('',(8.80077069137627,36.,1.20351742865456));
#11923=CARTESIAN_POINT('Ctrl Pts',(8.67359107558039,36.,1.21924267818778));
#11924=CARTESIAN_POINT('Ctrl Pts',(8.73047274946991,36.,1.22469991148756));
#11925=CARTESIAN_POINT('Ctrl Pts',(8.80077069137627,36.,1.20351742865456));
#11926=CARTESIAN_POINT('',(8.89394152748986,36.,1.13798458319754));
#11927=CARTESIAN_POINT('Ctrl Pts',(8.80077069137627,36.,1.20351742865456));
#11928=CARTESIAN_POINT('Ctrl Pts',(8.84434383897665,36.,1.18597693850971));
#11929=CARTESIAN_POINT('Ctrl Pts',(8.89394152748986,36.,1.13798458319754));
#11930=CARTESIAN_POINT('',(9.49672100020775,36.,0.466613589331212));
#11931=CARTESIAN_POINT('',(7.19201075281779,36.,3.03358157579461));
#11932=CARTESIAN_POINT('',(9.79762589879212,36.,0.354296570496396));
#11933=CARTESIAN_POINT('Ctrl Pts',(9.49672100020775,36.,0.466613589331212));
#11934=CARTESIAN_POINT('Ctrl Pts',(9.54566630293473,36.,0.409249686001827));
#11935=CARTESIAN_POINT('Ctrl Pts',(9.71153471668905,36.,0.346036974150784));
#11936=CARTESIAN_POINT('Ctrl Pts',(9.79762589879212,36.,0.354296570496396));
#11937=CARTESIAN_POINT('',(10.1500860026237,36.,0.642556480667431));
#11938=CARTESIAN_POINT('Ctrl Pts',(9.79762589879212,36.,0.354296570496396));
#11939=CARTESIAN_POINT('Ctrl Pts',(9.90831456149606,36.,0.364916051512182));
#11940=CARTESIAN_POINT('Ctrl Pts',(10.0918427185878,36.,0.489576778381088));
#11941=CARTESIAN_POINT('Ctrl Pts',(10.1500860026237,36.,0.642556480667431));
#11942=CARTESIAN_POINT('Ctrl Pts',(10.1500860026237,36.,0.642556480667431));
#11943=CARTESIAN_POINT('Ctrl Pts',(10.2147736423936,36.,0.793051469046206));
#11944=CARTESIAN_POINT('Ctrl Pts',(10.1957470722404,36.,0.991368656390773));
#11945=CARTESIAN_POINT('',(8.81806278429492,36.,5.00187149094508));
#11946=CARTESIAN_POINT('',(7.51368418750467,36.,4.36458178616217));
#11947=CARTESIAN_POINT('',(4.27225139332875,36.,2.7808914729684));
#11948=CARTESIAN_POINT('',(7.32207354831107,36.,3.80686855060393));
#11949=CARTESIAN_POINT('Ctrl Pts',(7.51368418750467,36.,4.36458178616217));
#11950=CARTESIAN_POINT('Ctrl Pts',(7.35965650213901,36.,4.28932736357611));
#11951=CARTESIAN_POINT('Ctrl Pts',(7.24614115795396,36.,3.96228387277468));
#11952=CARTESIAN_POINT('Ctrl Pts',(7.32207354831107,36.,3.80686855060393));
#11953=CARTESIAN_POINT('',(7.49224345884353,36.,3.45857171252483));
#11954=CARTESIAN_POINT('',(7.36732789803861,36.,3.71424379179604));
#11955=CARTESIAN_POINT('',(8.04995669440178,36.,3.26696107333123));
#11956=CARTESIAN_POINT('Ctrl Pts',(7.49224345884353,36.,3.45857171252483));
#11957=CARTESIAN_POINT('Ctrl Pts',(7.56681991365855,36.,3.30593166396427));
#11958=CARTESIAN_POINT('Ctrl Pts',(7.89315373542593,36.,3.19035071520307));
#11959=CARTESIAN_POINT('Ctrl Pts',(8.04995669440178,36.,3.26696107333123));
#11960=CARTESIAN_POINT('',(9.35433529119203,36.,3.90425077811414));
#11961=CARTESIAN_POINT('',(4.15633460183073,36.,1.36462590774601));
#11962=CARTESIAN_POINT('',(9.41922496715354,36.,3.97548855535199));
#11963=CARTESIAN_POINT('Ctrl Pts',(9.35433529119203,36.,3.90425077811414));
#11964=CARTESIAN_POINT('Ctrl Pts',(9.3987396689551,36.,3.9259457467876));
#11965=CARTESIAN_POINT('Ctrl Pts',(9.41922496715354,36.,3.97548855535199));
#11966=CARTESIAN_POINT('',(9.41114051517906,36.,4.07295238558671));
#11967=CARTESIAN_POINT('Ctrl Pts',(9.41922496715354,36.,3.97548855535199));
#11968=CARTESIAN_POINT('Ctrl Pts',(9.43351345162356,36.,4.02716037101854));
#11969=CARTESIAN_POINT('Ctrl Pts',(9.41114051517906,36.,4.07295238558671));
#11970=CARTESIAN_POINT('',(9.24382654451158,36.,4.13043557734479));
#11971=CARTESIAN_POINT('Ctrl Pts',(9.41114051517906,36.,4.07295238558671));
#11972=CARTESIAN_POINT('Ctrl Pts',(9.39080148204769,36.,4.11458148973959));
#11973=CARTESIAN_POINT('Ctrl Pts',(9.29933201671543,36.,4.15755428818661));
#11974=CARTESIAN_POINT('Ctrl Pts',(9.24382654451158,36.,4.13043557734479));
#11975=CARTESIAN_POINT('',(7.93806031091624,36.,3.49246790479083));
#11976=CARTESIAN_POINT('',(4.69801515354542,36.,1.90945555936811));
#11977=CARTESIAN_POINT('',(7.81226088059757,36.,3.48257145834424));
#11978=CARTESIAN_POINT('Ctrl Pts',(7.93806031091624,36.,3.49246790479083));
#11979=CARTESIAN_POINT('Ctrl Pts',(7.87422901788182,36.,3.46128138732273));
#11980=CARTESIAN_POINT('Ctrl Pts',(7.81226088059757,36.,3.48257145834424));
#11981=CARTESIAN_POINT('',(7.75522872528867,36.,3.51486752001751));
#11982=CARTESIAN_POINT('Ctrl Pts',(7.81226088059757,36.,3.48257145834424));
#11983=CARTESIAN_POINT('Ctrl Pts',(7.7819864809895,36.,3.49528209843114));
#11984=CARTESIAN_POINT('Ctrl Pts',(7.75522872528867,36.,3.51486752001751));
#11985=CARTESIAN_POINT('',(7.71704062126908,36.,3.56840249143422));
#11986=CARTESIAN_POINT('Ctrl Pts',(7.75522872528867,36.,3.51486752001751));
#11987=CARTESIAN_POINT('Ctrl Pts',(7.73059997668999,36.,3.5406497553323));
#11988=CARTESIAN_POINT('Ctrl Pts',(7.71704062126908,36.,3.56840249143422));
#11989=CARTESIAN_POINT('',(7.54687071073662,36.,3.91669932951332));
#11990=CARTESIAN_POINT('',(7.6772100157304,36.,3.64992615166588));
#11991=CARTESIAN_POINT('',(7.62280529738001,36.,4.13771901916048));
#11992=CARTESIAN_POINT('Ctrl Pts',(7.54687071073662,36.,3.91669932951332));
#11993=CARTESIAN_POINT('Ctrl Pts',(7.51704012881062,36.,3.97775534893755));
#11994=CARTESIAN_POINT('Ctrl Pts',(7.55619873073541,36.,4.10517656615029));
#11995=CARTESIAN_POINT('Ctrl Pts',(7.62280529738001,36.,4.13771901916048));
#11996=CARTESIAN_POINT('',(8.92857153097536,36.,4.77568669171443));
#11997=CARTESIAN_POINT('',(3.72987702321152,36.,2.23572283746078));
#11998=CARTESIAN_POINT('',(8.99346120693688,36.,4.84692446895229));
#11999=CARTESIAN_POINT('Ctrl Pts',(8.92857153097536,36.,4.77568669171443));
#12000=CARTESIAN_POINT('Ctrl Pts',(8.97297590873843,36.,4.79738166038789));
#12001=CARTESIAN_POINT('Ctrl Pts',(8.99346120693688,36.,4.84692446895229));
#12002=CARTESIAN_POINT('',(8.98537675496239,36.,4.944388299187));
#12003=CARTESIAN_POINT('Ctrl Pts',(8.99346120693688,36.,4.84692446895229));
#12004=CARTESIAN_POINT('Ctrl Pts',(9.0077496914069,36.,4.89859628461883));
#12005=CARTESIAN_POINT('Ctrl Pts',(8.98537675496239,36.,4.944388299187));
#12006=CARTESIAN_POINT('Ctrl Pts',(8.98537675496239,36.,4.944388299187));
#12007=CARTESIAN_POINT('Ctrl Pts',(8.96503772183102,36.,4.98601740333988));
#12008=CARTESIAN_POINT('Ctrl Pts',(8.87356825649876,36.,5.02899020178691));
#12009=CARTESIAN_POINT('Ctrl Pts',(8.81806278429492,36.,5.00187149094508));
#12010=CARTESIAN_POINT('',(6.72384412544974,36.,7.02153910595331));
#12011=CARTESIAN_POINT('',(6.5846138302369,36.,6.7997806454492));
#12012=CARTESIAN_POINT('Ctrl Pts',(6.72384412544974,36.,7.02153910595331));
#12013=CARTESIAN_POINT('Ctrl Pts',(6.63263104632143,36.,6.93592768584163));
#12014=CARTESIAN_POINT('Ctrl Pts',(6.5846138302369,36.,6.7997806454492));
#12015=CARTESIAN_POINT('',(6.31357812633075,36.,5.69391008447882));
#12016=CARTESIAN_POINT('',(5.61200139669261,36.,2.83136083215838));
#12017=CARTESIAN_POINT('',(5.92251361470948,36.,6.11056242123776));
#12018=CARTESIAN_POINT('',(6.25571115345394,36.,5.7555633635512));
#12019=CARTESIAN_POINT('',(5.74575827175364,36.,6.11834709876352));
#12020=CARTESIAN_POINT('Ctrl Pts',(5.92251361470948,36.,6.11056242123776));
#12021=CARTESIAN_POINT('Ctrl Pts',(5.88657795688482,36.,6.14884939272372));
#12022=CARTESIAN_POINT('Ctrl Pts',(5.77954089365302,36.,6.15005503213822));
#12023=CARTESIAN_POINT('Ctrl Pts',(5.74575827175364,36.,6.11834709876352));
#12024=CARTESIAN_POINT('',(5.74008745645286,36.,5.9393395810144));
#12025=CARTESIAN_POINT('Ctrl Pts',(5.74575827175364,36.,6.11834709876352));
#12026=CARTESIAN_POINT('Ctrl Pts',(5.71422782464756,36.,6.08875302761381));
#12027=CARTESIAN_POINT('Ctrl Pts',(5.69781021195327,36.,5.98438307688023));
#12028=CARTESIAN_POINT('Ctrl Pts',(5.74008745645286,36.,5.9393395810144));
#12029=CARTESIAN_POINT('',(6.2706668749228,36.,5.37404370789821));
#12030=CARTESIAN_POINT('',(5.87775273938669,36.,5.7926666917073));
#12031=CARTESIAN_POINT('',(6.44031991207798,36.,5.34900235115183));
#12032=CARTESIAN_POINT('Ctrl Pts',(6.2706668749228,36.,5.37404370789821));
#12033=CARTESIAN_POINT('Ctrl Pts',(6.36261988170942,36.,5.27607410439002));
#12034=CARTESIAN_POINT('Ctrl Pts',(6.44031991207798,36.,5.34900235115183));
#12035=CARTESIAN_POINT('',(6.48435604626533,36.,5.42846006659089));
#12036=CARTESIAN_POINT('Ctrl Pts',(6.44031991207798,36.,5.34900235115183));
#12037=CARTESIAN_POINT('Ctrl Pts',(6.46734600959748,36.,5.37436869785159));
#12038=CARTESIAN_POINT('Ctrl Pts',(6.48435604626533,36.,5.42846006659089));
#12039=CARTESIAN_POINT('',(6.82710637101958,36.,6.7287276048588));
#12040=CARTESIAN_POINT('',(5.60472418773608,36.,2.09146322467126));
#12041=CARTESIAN_POINT('',(6.90062824637218,36.,6.84221458475001));
#12042=CARTESIAN_POINT('Ctrl Pts',(6.82710637101958,36.,6.7287276048588));
#12043=CARTESIAN_POINT('Ctrl Pts',(6.85445866310971,36.,6.79888040913792));
#12044=CARTESIAN_POINT('Ctrl Pts',(6.90062824637218,36.,6.84221458475001));
#12045=CARTESIAN_POINT('',(7.10276033176148,36.,6.91120092331493));
#12046=CARTESIAN_POINT('Ctrl Pts',(6.90062824637218,36.,6.84221458475001));
#12047=CARTESIAN_POINT('Ctrl Pts',(6.98170653893068,36.,6.91831362484928));
#12048=CARTESIAN_POINT('Ctrl Pts',(7.10276033176148,36.,6.91120092331493));
#12049=CARTESIAN_POINT('',(7.31266549432559,36.,6.81167989897146));
#12050=CARTESIAN_POINT('Ctrl Pts',(7.10276033176148,36.,6.91120092331493));
#12051=CARTESIAN_POINT('Ctrl Pts',(7.15839272560236,36.,6.90834592881438));
#12052=CARTESIAN_POINT('Ctrl Pts',(7.2693313187135,36.,6.85784948223394));
#12053=CARTESIAN_POINT('Ctrl Pts',(7.31266549432559,36.,6.81167989897146));
#12054=CARTESIAN_POINT('',(7.37258437316688,36.,6.70270645978329));
#12055=CARTESIAN_POINT('Ctrl Pts',(7.31266549432559,36.,6.81167989897146));
#12056=CARTESIAN_POINT('Ctrl Pts',(7.35811353216265,36.,6.76325814091569));
#12057=CARTESIAN_POINT('Ctrl Pts',(7.37258437316688,36.,6.70270645978329));
#12058=CARTESIAN_POINT('',(7.37126000803422,36.,6.55743199449953));
#12059=CARTESIAN_POINT('Ctrl Pts',(7.37258437316688,36.,6.70270645978329));
#12060=CARTESIAN_POINT('Ctrl Pts',(7.38755889501036,36.,6.62356454318116));
#12061=CARTESIAN_POINT('Ctrl Pts',(7.37126000803422,36.,6.55743199449953));
#12062=CARTESIAN_POINT('',(7.37109171288206,36.,6.48314020890476));
#12063=CARTESIAN_POINT('Ctrl Pts',(7.37126000803422,36.,6.55743199449953));
#12064=CARTESIAN_POINT('Ctrl Pts',(7.36254752084783,36.,6.52383725460247));
#12065=CARTESIAN_POINT('Ctrl Pts',(7.37109171288206,36.,6.48314020890476));
#12066=CARTESIAN_POINT('',(7.39703089670521,36.,6.43970689442467));
#12067=CARTESIAN_POINT('',(7.82912650711713,36.,5.71619359267863));
#12068=CARTESIAN_POINT('',(7.57688787671437,36.,6.42636093619983));
#12069=CARTESIAN_POINT('Ctrl Pts',(7.39703089670521,36.,6.43970689442467));
#12070=CARTESIAN_POINT('Ctrl Pts',(7.43402348564236,36.,6.40029383554207));
#12071=CARTESIAN_POINT('Ctrl Pts',(7.53860090522841,36.,6.39042527837518));
#12072=CARTESIAN_POINT('Ctrl Pts',(7.57688787671437,36.,6.42636093619983));
#12073=CARTESIAN_POINT('',(7.61262646142025,36.,6.48532202279665));
#12074=CARTESIAN_POINT('Ctrl Pts',(7.57688787671437,36.,6.42636093619983));
#12075=CARTESIAN_POINT('Ctrl Pts',(7.59603136245734,36.,6.44432876511216));
#12076=CARTESIAN_POINT('Ctrl Pts',(7.61262646142025,36.,6.48532202279665));
#12077=CARTESIAN_POINT('',(7.6138229097183,36.,6.73002756467232));
#12078=CARTESIAN_POINT('Ctrl Pts',(7.61262646142025,36.,6.48532202279665));
#12079=CARTESIAN_POINT('Ctrl Pts',(7.64628116648502,36.,6.61646103276326));
#12080=CARTESIAN_POINT('Ctrl Pts',(7.6138229097183,36.,6.73002756467232));
#12081=CARTESIAN_POINT('',(7.50460403259461,36.,6.97276795262502));
#12082=CARTESIAN_POINT('Ctrl Pts',(7.6138229097183,36.,6.73002756467232));
#12083=CARTESIAN_POINT('Ctrl Pts',(7.60018194412394,36.,6.81677546791435));
#12084=CARTESIAN_POINT('Ctrl Pts',(7.54476741486923,36.,6.92997663155248));
#12085=CARTESIAN_POINT('Ctrl Pts',(7.50460403259461,36.,6.97276795262502));
#12086=CARTESIAN_POINT('Ctrl Pts',(7.50460403259461,36.,6.97276795262502));
#12087=CARTESIAN_POINT('Ctrl Pts',(7.34077971015867,36.,7.14731149910511));
#12088=CARTESIAN_POINT('Ctrl Pts',(6.88374853577345,36.,7.17162332392688));
#12089=CARTESIAN_POINT('Ctrl Pts',(6.72384412544974,36.,7.02153910595331));
#12090=CARTESIAN_POINT('',(-7.77488899255994,36.,3.14751976172259));
#12091=CARTESIAN_POINT('',(-7.60659244512373,36.,3.20877432627031));
#12092=CARTESIAN_POINT('Ctrl Pts',(-7.77488899255994,36.,3.14751976172259));
#12093=CARTESIAN_POINT('Ctrl Pts',(-7.73569733929439,36.,3.12924430122944));
#12094=CARTESIAN_POINT('Ctrl Pts',(-7.63335294084585,36.,3.15138654827433));
#12095=CARTESIAN_POINT('Ctrl Pts',(-7.60659244512373,36.,3.20877432627031));
#12096=CARTESIAN_POINT('',(-7.48388578181253,36.,3.47191828391043));
#12097=CARTESIAN_POINT('',(-7.54181246663771,36.,3.34769473576283));
#12098=CARTESIAN_POINT('',(-7.68557764068919,36.,4.02606545229796));
#12099=CARTESIAN_POINT('Ctrl Pts',(-7.48388578181253,36.,3.47191828391043));
#12100=CARTESIAN_POINT('Ctrl Pts',(-7.41274202489275,36.,3.62448579126561));
#12101=CARTESIAN_POINT('Ctrl Pts',(-7.52601162382231,36.,3.95165822029011));
#12102=CARTESIAN_POINT('Ctrl Pts',(-7.68557764068919,36.,4.02606545229796));
#12103=CARTESIAN_POINT('',(-8.21186555596943,36.,4.27147877892034));
#12104=CARTESIAN_POINT('',(-3.75810163979729,36.,2.19464405229257));
#12105=CARTESIAN_POINT('',(-8.76461302245461,36.,4.06913422502608));
#12106=CARTESIAN_POINT('Ctrl Pts',(-8.21186555596943,36.,4.27147877892034));
#12107=CARTESIAN_POINT('Ctrl Pts',(-8.36723246712929,36.,4.34392792587535));
#12108=CARTESIAN_POINT('Ctrl Pts',(-8.69151118048198,36.,4.22590083808828));
#12109=CARTESIAN_POINT('Ctrl Pts',(-8.76461302245461,36.,4.06913422502608));
#12110=CARTESIAN_POINT('',(-8.8873196857658,36.,3.80599026738596));
#12111=CARTESIAN_POINT('',(-8.76118637562419,36.,4.07648265569853));
#12112=CARTESIAN_POINT('',(-8.82886452502276,36.,3.63899910998497));
#12113=CARTESIAN_POINT('Ctrl Pts',(-8.8873196857658,36.,3.80599026738596));
#12114=CARTESIAN_POINT('Ctrl Pts',(-8.91016401138225,36.,3.75700070080402));
#12115=CARTESIAN_POINT('Ctrl Pts',(-8.87085558209299,36.,3.65857996051335));
#12116=CARTESIAN_POINT('Ctrl Pts',(-8.82886452502276,36.,3.63899910998497));
#12117=CARTESIAN_POINT('',(-8.66056797758655,36.,3.7002536745327));
#12118=CARTESIAN_POINT('Ctrl Pts',(-8.82886452502276,36.,3.63899910998497));
#12119=CARTESIAN_POINT('Ctrl Pts',(-8.78967287175721,36.,3.62072364949182));
#12120=CARTESIAN_POINT('Ctrl Pts',(-8.68732847330867,36.,3.64286589653671));
#12121=CARTESIAN_POINT('Ctrl Pts',(-8.66056797758655,36.,3.7002536745327));
#12122=CARTESIAN_POINT('',(-8.53786131427536,36.,3.96339763217282));
#12123=CARTESIAN_POINT('',(-8.59578799910054,36.,3.83917408402521));
#12124=CARTESIAN_POINT('',(-8.46632533378271,36.,4.051027956922));
#12125=CARTESIAN_POINT('Ctrl Pts',(-8.53786131427536,36.,3.96339763217282));
#12126=CARTESIAN_POINT('Ctrl Pts',(-8.50783734346517,36.,4.02778391968051));
#12127=CARTESIAN_POINT('Ctrl Pts',(-8.46632533378271,36.,4.051027956922));
#12128=CARTESIAN_POINT('',(-8.3182548438403,36.,4.04332736883875));
#12129=CARTESIAN_POINT('Ctrl Pts',(-8.46632533378271,36.,4.051027956922));
#12130=CARTESIAN_POINT('Ctrl Pts',(-8.4134270851473,36.,4.06214623637801));
#12131=CARTESIAN_POINT('Ctrl Pts',(-8.35044798759414,36.,4.05833935424384));
#12132=CARTESIAN_POINT('Ctrl Pts',(-8.3182548438403,36.,4.04332736883875));
#12133=CARTESIAN_POINT('',(-7.79196692856006,36.,3.79791404221637));
#12134=CARTESIAN_POINT('',(-4.12763488530829,36.,2.08919930552217));
#12135=CARTESIAN_POINT('',(-7.70377073260818,36.,3.70566546878995));
#12136=CARTESIAN_POINT('Ctrl Pts',(-7.79196692856006,36.,3.79791404221637));
#12137=CARTESIAN_POINT('Ctrl Pts',(-7.72618093915003,36.,3.76723737638857));
#12138=CARTESIAN_POINT('Ctrl Pts',(-7.70377073260818,36.,3.70566546878995));
#12139=CARTESIAN_POINT('',(-7.69302221256844,36.,3.64101122178531));
#12140=CARTESIAN_POINT('Ctrl Pts',(-7.70377073260818,36.,3.70566546878995));
#12141=CARTESIAN_POINT('Ctrl Pts',(-7.69461802625721,36.,3.67413250810592));
#12142=CARTESIAN_POINT('Ctrl Pts',(-7.69302221256844,36.,3.64101122178531));
#12143=CARTESIAN_POINT('',(-7.71063748999179,36.,3.5776548767637));
#12144=CARTESIAN_POINT('Ctrl Pts',(-7.69302221256844,36.,3.64101122178531));
#12145=CARTESIAN_POINT('Ctrl Pts',(-7.69758358963953,36.,3.60564891481052));
#12146=CARTESIAN_POINT('Ctrl Pts',(-7.71063748999179,36.,3.5776548767637));
#12147=CARTESIAN_POINT('',(-7.83334415330298,36.,3.31451091912358));
#12148=CARTESIAN_POINT('',(-7.70721084316137,36.,3.58500330743615));
#12149=CARTESIAN_POINT('Ctrl Pts',(-7.83334415330298,36.,3.31451091912358));
#12150=CARTESIAN_POINT('Ctrl Pts',(-7.85618847891942,36.,3.26552135254164));
#12151=CARTESIAN_POINT('Ctrl Pts',(-7.81688004963017,36.,3.16710061225097));
#12152=CARTESIAN_POINT('Ctrl Pts',(-7.77488899255994,36.,3.14751976172259));
#12153=CARTESIAN_POINT('',(-8.36523208802873,36.,0.615362990826073));
#12154=CARTESIAN_POINT('',(-8.22377940208473,36.,0.725212830134592));
#12155=CARTESIAN_POINT('Ctrl Pts',(-8.36523208802873,36.,0.615362990826073));
#12156=CARTESIAN_POINT('Ctrl Pts',(-8.32232677883928,36.,0.609967382863917));
#12157=CARTESIAN_POINT('Ctrl Pts',(-8.2316801137436,36.,0.662387198821461));
#12158=CARTESIAN_POINT('Ctrl Pts',(-8.22377940208473,36.,0.725212830134592));
#12159=CARTESIAN_POINT('',(-8.18755174862454,36.,1.01329133469236));
#12160=CARTESIAN_POINT('',(-8.20465389945576,36.,0.877296823162815));
#12161=CARTESIAN_POINT('',(-8.54925243903064,36.,1.47905017865432));
#12162=CARTESIAN_POINT('Ctrl Pts',(-8.18755174862454,36.,1.01329133469236));
#12163=CARTESIAN_POINT('Ctrl Pts',(-8.16654741762901,36.,1.18031557403702));
#12164=CARTESIAN_POINT('Ctrl Pts',(-8.37456653733072,36.,1.45708234623697));
#12165=CARTESIAN_POINT('Ctrl Pts',(-8.54925243903064,36.,1.47905017865432));
#12166=CARTESIAN_POINT('',(-9.12540944814618,36.,1.55150548557469));
#12167=CARTESIAN_POINT('',(-4.24962335702523,36.,0.938345232169843));
#12168=CARTESIAN_POINT('',(-9.58963595963708,36.,1.18961209488423));
#12169=CARTESIAN_POINT('Ctrl Pts',(-9.12540944814618,36.,1.55150548557469));
#12170=CARTESIAN_POINT('Ctrl Pts',(-9.29549835243295,36.,1.57289521713895));
#12171=CARTESIAN_POINT('Ctrl Pts',(-9.56805352778846,36.,1.36123333164205));
#12172=CARTESIAN_POINT('Ctrl Pts',(-9.58963595963708,36.,1.18961209488423));
#12173=CARTESIAN_POINT('',(-9.62586361309727,36.,0.901533590326463));
#12174=CARTESIAN_POINT('',(-9.58862428373821,36.,1.19765683563357));
#12175=CARTESIAN_POINT('',(-9.51907843873086,36.,0.760466304951186));
#12176=CARTESIAN_POINT('Ctrl Pts',(-9.62586361309727,36.,0.901533590326463));
#12177=CARTESIAN_POINT('Ctrl Pts',(-9.63260812304996,36.,0.847901953839644));
#12178=CARTESIAN_POINT('Ctrl Pts',(-9.56504841286241,36.,0.766247313482067));
#12179=CARTESIAN_POINT('Ctrl Pts',(-9.51907843873085,36.,0.760466304951186));
#12180=CARTESIAN_POINT('',(-9.37762575278685,36.,0.870316144259705));
#12181=CARTESIAN_POINT('Ctrl Pts',(-9.51907843873085,36.,0.760466304951186));
#12182=CARTESIAN_POINT('Ctrl Pts',(-9.4761731295414,36.,0.755070696989031));
#12183=CARTESIAN_POINT('Ctrl Pts',(-9.38552646444572,36.,0.807490512946575));
#12184=CARTESIAN_POINT('Ctrl Pts',(-9.37762575278685,36.,0.870316144259705));
#12185=CARTESIAN_POINT('',(-9.34139809932667,36.,1.15839464881747));
#12186=CARTESIAN_POINT('',(-9.35850025015789,36.,1.02240013728793));
#12187=CARTESIAN_POINT('',(-9.30013439465798,36.,1.26372164914363));
#12188=CARTESIAN_POINT('Ctrl Pts',(-9.34139809932667,36.,1.15839464881747));
#12189=CARTESIAN_POINT('Ctrl Pts',(-9.33253388624598,36.,1.22888194248586));
#12190=CARTESIAN_POINT('Ctrl Pts',(-9.30013439465798,36.,1.26372164914363));
#12191=CARTESIAN_POINT('',(-9.1568195944973,36.,1.30173529279322));
#12192=CARTESIAN_POINT('Ctrl Pts',(-9.30013439465798,36.,1.26372164914363));
#12193=CARTESIAN_POINT('Ctrl Pts',(-9.25318237949691,36.,1.29050502307357));
#12194=CARTESIAN_POINT('Ctrl Pts',(-9.19206324133149,36.,1.30616739933357));
#12195=CARTESIAN_POINT('Ctrl Pts',(-9.1568195944973,36.,1.30173529279322));
#12196=CARTESIAN_POINT('',(-8.58066258538176,36.,1.22927998587285));
#12197=CARTESIAN_POINT('',(-4.56911200793412,36.,0.724802692848561));
#12198=CARTESIAN_POINT('',(-8.46845399364164,36.,1.16847208984536));
#12199=CARTESIAN_POINT('Ctrl Pts',(-8.58066258538176,36.,1.22927998587285));
#12200=CARTESIAN_POINT('Ctrl Pts',(-8.50864295924232,36.,1.2202230725078));
#12201=CARTESIAN_POINT('Ctrl Pts',(-8.46845399364164,36.,1.16847208984536));
#12202=CARTESIAN_POINT('',(-8.43842252428909,36.,1.11021564653384));
#12203=CARTESIAN_POINT('Ctrl Pts',(-8.46845399364164,36.,1.16847208984536));
#12204=CARTESIAN_POINT('Ctrl Pts',(-8.45008454359672,36.,1.14125696632745));
#12205=CARTESIAN_POINT('Ctrl Pts',(-8.43842252428909,36.,1.11021564653384));
#12206=CARTESIAN_POINT('',(-8.43578960893496,36.,1.04450878075912));
#12207=CARTESIAN_POINT('Ctrl Pts',(-8.43842252428909,36.,1.11021564653384));
#12208=CARTESIAN_POINT('Ctrl Pts',(-8.43193560324771,36.,1.07515543018016));
#12209=CARTESIAN_POINT('Ctrl Pts',(-8.43578960893496,36.,1.04450878075912));
#12210=CARTESIAN_POINT('',(-8.47201726239515,36.,0.75643027620135));
#12211=CARTESIAN_POINT('',(-8.43477793303609,36.,1.05255352150846));
#12212=CARTESIAN_POINT('Ctrl Pts',(-8.47201726239515,36.,0.75643027620135));
#12213=CARTESIAN_POINT('Ctrl Pts',(-8.47876177234784,36.,0.702798639714531));
#12214=CARTESIAN_POINT('Ctrl Pts',(-8.41120206216029,36.,0.621143999356953));
#12215=CARTESIAN_POINT('Ctrl Pts',(-8.36523208802873,36.,0.615362990826073));
#12216=CARTESIAN_POINT('',(-9.93551153717853,36.,-1.91736797805535));
#12217=CARTESIAN_POINT('',(-9.48778272594914,36.,-1.83305385987286));
#12218=CARTESIAN_POINT('',(-4.9635400635612,36.,-0.98107042491048));
#12219=CARTESIAN_POINT('',(-9.43948073960053,36.,-2.08954934833986));
#12220=CARTESIAN_POINT('',(-9.49199843097721,36.,-1.81066742399004));
#12221=CARTESIAN_POINT('',(-9.29462629014523,36.,-2.19113793500498));
#12222=CARTESIAN_POINT('Ctrl Pts',(-9.43948073960053,36.,-2.08954934833986));
#12223=CARTESIAN_POINT('Ctrl Pts',(-9.42947736964668,36.,-2.14266971577386));
#12224=CARTESIAN_POINT('Ctrl Pts',(-9.34015803366008,36.,-2.19971225210829));
#12225=CARTESIAN_POINT('Ctrl Pts',(-9.29462629014523,36.,-2.19113793500498));
#12226=CARTESIAN_POINT('',(-9.19360932462033,36.,-2.04324803598202));
#12227=CARTESIAN_POINT('Ctrl Pts',(-9.29462629014523,36.,-2.19113793500498));
#12228=CARTESIAN_POINT('Ctrl Pts',(-9.25212999619804,36.,-2.1831352390419));
#12229=CARTESIAN_POINT('Ctrl Pts',(-9.18189109124581,36.,-2.10547475211899));
#12230=CARTESIAN_POINT('Ctrl Pts',(-9.19360932462033,36.,-2.04324803598202));
#12231=CARTESIAN_POINT('',(-9.24191131096894,36.,-1.78675254751502));
#12232=CARTESIAN_POINT('',(-9.2219760228227,36.,-1.8926138558657));
#12233=CARTESIAN_POINT('',(-8.22351798102008,36.,-1.59497365497113));
#12234=CARTESIAN_POINT('',(-4.61673995045641,36.,-0.915762709640323));
#12235=CARTESIAN_POINT('',(-8.14026005131663,36.,-1.54472088609041));
#12236=CARTESIAN_POINT('Ctrl Pts',(-8.22351798102008,36.,-1.59497365497113));
#12237=CARTESIAN_POINT('Ctrl Pts',(-8.1658444392346,36.,-1.58411285330694));
#12238=CARTESIAN_POINT('Ctrl Pts',(-8.14026005131663,36.,-1.5447208860904));
#12239=CARTESIAN_POINT('',(-8.12221520492507,36.,-1.448601480732));
#12240=CARTESIAN_POINT('Ctrl Pts',(-8.14026005131663,36.,-1.5447208860904));
#12241=CARTESIAN_POINT('Ctrl Pts',(-8.11249764554133,36.,-1.50020412338216));
#12242=CARTESIAN_POINT('Ctrl Pts',(-8.12221520492507,36.,-1.448601480732));
#12243=CARTESIAN_POINT('',(-8.27010510394803,36.,-1.3475845152071));
#12244=CARTESIAN_POINT('Ctrl Pts',(-8.12221520492507,36.,-1.448601480732));
#12245=CARTESIAN_POINT('Ctrl Pts',(-8.13164695373871,36.,-1.39851656286566));
#12246=CARTESIAN_POINT('Ctrl Pts',(-8.20787838781107,36.,-1.33586628183258));
#12247=CARTESIAN_POINT('Ctrl Pts',(-8.27010510394803,36.,-1.3475845152071));
#12248=CARTESIAN_POINT('',(-9.28849843389689,36.,-1.53936340775099));
#12249=CARTESIAN_POINT('',(-4.15413040840993,36.,-0.572484123604345));
#12250=CARTESIAN_POINT('',(-9.30107409898174,36.,-1.47258351726254));
#12251=CARTESIAN_POINT('',(-9.26942057746097,36.,-1.64067154175024));
#12252=CARTESIAN_POINT('',(-9.35132686786246,36.,-1.38932558755909));
#12253=CARTESIAN_POINT('Ctrl Pts',(-9.30107409898174,36.,-1.47258351726254));
#12254=CARTESIAN_POINT('Ctrl Pts',(-9.31164909007581,36.,-1.41642770026089));
#12255=CARTESIAN_POINT('Ctrl Pts',(-9.35132686786246,36.,-1.38932558755909));
#12256=CARTESIAN_POINT('',(-9.4489639980047,36.,-1.37156655173764));
#12257=CARTESIAN_POINT('Ctrl Pts',(-9.35132686786246,36.,-1.38932558755909));
#12258=CARTESIAN_POINT('Ctrl Pts',(-9.39736135535453,36.,-1.3618489923539));
#12259=CARTESIAN_POINT('Ctrl Pts',(-9.4489639980047,36.,-1.37156655173764));
#12260=CARTESIAN_POINT('',(-9.54694551396194,36.,-1.51888482962038));
#12261=CARTESIAN_POINT('Ctrl Pts',(-9.4489639980047,36.,-1.37156655173764));
#12262=CARTESIAN_POINT('Ctrl Pts',(-9.49146029195189,36.,-1.37956924770072));
#12263=CARTESIAN_POINT('Ctrl Pts',(-9.55809212619624,36.,-1.45969356305107));
#12264=CARTESIAN_POINT('Ctrl Pts',(-9.54694551396194,36.,-1.51888482962038));
#12265=CARTESIAN_POINT('',(-9.53436984887709,36.,-1.58566472010883));
#12266=CARTESIAN_POINT('',(-9.5215798249836,36.,-1.65358290886386));
#12267=CARTESIAN_POINT('',(-9.98209866010647,36.,-1.66997883829132));
#12268=CARTESIAN_POINT('',(-4.78626278087446,36.,-0.691524226055206));
#12269=CARTESIAN_POINT('',(-10.063553054456,36.,-1.72146352138576));
#12270=CARTESIAN_POINT('Ctrl Pts',(-9.98209866010647,36.,-1.66997883829132));
#12271=CARTESIAN_POINT('Ctrl Pts',(-10.030665853189,36.,-1.67912477653484));
#12272=CARTESIAN_POINT('Ctrl Pts',(-10.063553054456,36.,-1.72146352138576));
#12273=CARTESIAN_POINT('',(-10.0815979008475,36.,-1.81758292674417));
#12274=CARTESIAN_POINT('Ctrl Pts',(-10.063553054456,36.,-1.72146352138576));
#12275=CARTESIAN_POINT('Ctrl Pts',(-10.0910296496612,36.,-1.76749800887783));
#12276=CARTESIAN_POINT('Ctrl Pts',(-10.0815979008475,36.,-1.81758292674417));
#12277=CARTESIAN_POINT('Ctrl Pts',(-10.0815979008475,36.,-1.81758292674417));
#12278=CARTESIAN_POINT('Ctrl Pts',(-10.0730235837442,36.,-1.86311467025902));
#12279=CARTESIAN_POINT('Ctrl Pts',(-9.99622052853166,36.,-1.92880040085975));
#12280=CARTESIAN_POINT('Ctrl Pts',(-9.93551153717853,36.,-1.91736797805535));
#12281=CARTESIAN_POINT('',(-6.87897249162528,36.,-6.20302753423897));
#12282=CARTESIAN_POINT('',(-6.19992662395187,36.,-5.65748952587759));
#12283=CARTESIAN_POINT('',(-3.2743255759845,36.,-3.30709370587725));
#12284=CARTESIAN_POINT('',(-6.15017153528381,36.,-5.57393322874614));
#12285=CARTESIAN_POINT('Ctrl Pts',(-6.19992662395187,36.,-5.65748952587759));
#12286=CARTESIAN_POINT('Ctrl Pts',(-6.15417530662635,36.,-5.62073341893125));
#12287=CARTESIAN_POINT('Ctrl Pts',(-6.15017153528381,36.,-5.57393322874614));
#12288=CARTESIAN_POINT('',(-6.17954864084558,36.,-5.48065117132585));
#12289=CARTESIAN_POINT('Ctrl Pts',(-6.15017153528381,36.,-5.57393322874614));
#12290=CARTESIAN_POINT('Ctrl Pts',(-6.14666159778833,36.,-5.52158656051183));
#12291=CARTESIAN_POINT('Ctrl Pts',(-6.17954864084558,36.,-5.48065117132585));
#12292=CARTESIAN_POINT('',(-6.35759097743219,36.,-5.46124045419183));
#12293=CARTESIAN_POINT('Ctrl Pts',(-6.17954864084558,36.,-5.48065117132585));
#12294=CARTESIAN_POINT('Ctrl Pts',(-6.21146841793055,36.,-5.44091976417474));
#12295=CARTESIAN_POINT('Ctrl Pts',(-6.30822771400203,36.,-5.42158254932868));
#12296=CARTESIAN_POINT('Ctrl Pts',(-6.35759097743219,36.,-5.46124045419183));
#12297=CARTESIAN_POINT('',(-7.03784082714049,36.,-6.00774572852548));
#12298=CARTESIAN_POINT('',(-3.09246699562812,36.,-2.83807563001081));
#12299=CARTESIAN_POINT('',(-7.26896038187108,36.,-5.98144984385394));
#12300=CARTESIAN_POINT('Ctrl Pts',(-7.03784082714049,36.,-6.00774572852548));
#12301=CARTESIAN_POINT('Ctrl Pts',(-7.09202001871018,36.,-6.05127269727772));
#12302=CARTESIAN_POINT('Ctrl Pts',(-7.22349888117429,36.,-6.03803699949339));
#12303=CARTESIAN_POINT('Ctrl Pts',(-7.26896038187108,36.,-5.98144984385394));
#12304=CARTESIAN_POINT('',(-7.49336608743817,36.,-5.70212601176133));
#12305=CARTESIAN_POINT('',(-7.3035401454425,36.,-5.93840747980524));
#12306=CARTESIAN_POINT('',(-6.68549414203239,36.,-5.05309054436685));
#12307=CARTESIAN_POINT('',(-3.8243061329312,36.,-2.75444345388307));
#12308=CARTESIAN_POINT('',(-6.63573905336433,36.,-4.9695342472354));
#12309=CARTESIAN_POINT('Ctrl Pts',(-6.68549414203239,36.,-5.05309054436685));
#12310=CARTESIAN_POINT('Ctrl Pts',(-6.63974282470687,36.,-5.01633443742052));
#12311=CARTESIAN_POINT('Ctrl Pts',(-6.63573905336434,36.,-4.9695342472354));
#12312=CARTESIAN_POINT('',(-6.6651161589261,36.,-4.87625218981511));
#12313=CARTESIAN_POINT('Ctrl Pts',(-6.63573905336434,36.,-4.9695342472354));
#12314=CARTESIAN_POINT('Ctrl Pts',(-6.63222911586885,36.,-4.9171875790011));
#12315=CARTESIAN_POINT('Ctrl Pts',(-6.6651161589261,36.,-4.87625218981511));
#12316=CARTESIAN_POINT('',(-6.84315849551272,36.,-4.85684147268109));
#12317=CARTESIAN_POINT('Ctrl Pts',(-6.6651161589261,36.,-4.87625218981511));
#12318=CARTESIAN_POINT('Ctrl Pts',(-6.69703593601107,36.,-4.83652078266401));
#12319=CARTESIAN_POINT('Ctrl Pts',(-6.79379523208256,36.,-4.81718356781794));
#12320=CARTESIAN_POINT('Ctrl Pts',(-6.84315849551272,36.,-4.85684147268109));
#12321=CARTESIAN_POINT('',(-7.74855298574393,36.,-5.5842254838296));
#12322=CARTESIAN_POINT('',(-3.57803451370864,36.,-2.23367664850007));
#12323=CARTESIAN_POINT('',(-7.76675972084307,36.,-5.76130055444395));
#12324=CARTESIAN_POINT('Ctrl Pts',(-7.74855298574393,36.,-5.5842254838296));
#12325=CARTESIAN_POINT('Ctrl Pts',(-7.84607553056937,36.,-5.66257402758363));
#12326=CARTESIAN_POINT('Ctrl Pts',(-7.76675972084307,36.,-5.76130055444395));
#12327=CARTESIAN_POINT('',(-7.46400547152195,36.,-6.138146931362));
#12328=CARTESIAN_POINT('',(-7.64996235975393,36.,-5.90668137885427));
#12329=CARTESIAN_POINT('Ctrl Pts',(-7.46400547152195,36.,-6.138146931362));
#12330=CARTESIAN_POINT('Ctrl Pts',(-7.35760621457203,36.,-6.27058495519901));
#12331=CARTESIAN_POINT('Ctrl Pts',(-7.01381847953206,36.,-6.31136132313343));
#12332=CARTESIAN_POINT('Ctrl Pts',(-6.87897249162528,36.,-6.20302753423897));
#12333=CARTESIAN_POINT('',(-3.6410411842113,36.,-8.47514106804142));
#12334=CARTESIAN_POINT('',(-3.41618060658331,36.,-8.02466941897527));
#12335=CARTESIAN_POINT('',(-1.58457569506324,36.,-4.35534643833637));
#12336=CARTESIAN_POINT('',(-3.62033786447981,36.,-7.41355590095451));
#12337=CARTESIAN_POINT('Ctrl Pts',(-3.41618060658331,36.,-8.02466941897527));
#12338=CARTESIAN_POINT('Ctrl Pts',(-3.33340984181227,36.,-7.85885163404295));
#12339=CARTESIAN_POINT('Ctrl Pts',(-3.44899282004974,36.,-7.49908569121791));
#12340=CARTESIAN_POINT('Ctrl Pts',(-3.62033786447981,36.,-7.41355590095451));
#12341=CARTESIAN_POINT('',(-3.72397398006251,36.,-7.36182417297261));
#12342=CARTESIAN_POINT('',(-3.65246506754291,36.,-7.39751906166991));
#12343=CARTESIAN_POINT('',(-4.33508749808327,36.,-7.5659814308691));
#12344=CARTESIAN_POINT('Ctrl Pts',(-3.72397398006251,36.,-7.36182417297261));
#12345=CARTESIAN_POINT('Ctrl Pts',(-3.88979176499483,36.,-7.27905340820157));
#12346=CARTESIAN_POINT('Ctrl Pts',(-4.24886795144677,36.,-7.3932545715646));
#12347=CARTESIAN_POINT('Ctrl Pts',(-4.33508749808327,36.,-7.5659814308691));
#12348=CARTESIAN_POINT('',(-4.55994807571126,36.,-8.01645307993525));
#12349=CARTESIAN_POINT('',(-2.3910522977492,36.,-3.67142262569713));
#12350=CARTESIAN_POINT('',(-4.35510106144167,36.,-8.62618478308158));
#12351=CARTESIAN_POINT('Ctrl Pts',(-4.55994807571126,36.,-8.01645307993525));
#12352=CARTESIAN_POINT('Ctrl Pts',(-4.64064957136302,36.,-8.17812542024426));
#12353=CARTESIAN_POINT('Ctrl Pts',(-4.5250642909973,36.,-8.54134474919126));
#12354=CARTESIAN_POINT('Ctrl Pts',(-4.35510106144167,36.,-8.62618478308158));
#12355=CARTESIAN_POINT('',(-4.25146494585897,36.,-8.67791651106348));
#12356=CARTESIAN_POINT('',(-4.33541020671342,36.,-8.63601380778793));
#12357=CARTESIAN_POINT('Ctrl Pts',(-4.25146494585897,36.,-8.67791651106348));
#12358=CARTESIAN_POINT('Ctrl Pts',(-4.08564716092664,36.,-8.76068727583451));
#12359=CARTESIAN_POINT('Ctrl Pts',(-3.72519146172852,36.,-8.64372248272261));
#12360=CARTESIAN_POINT('Ctrl Pts',(-3.6410411842113,36.,-8.47514106804142));
#12361=CARTESIAN_POINT('',(-2.09079968257029,36.,-7.81618163012429));
#12362=CARTESIAN_POINT('',(-2.13846701824426,36.,-7.97279473592662));
#12363=CARTESIAN_POINT('',(-0.913534553430638,36.,-3.94822581466964));
#12364=CARTESIAN_POINT('',(-2.48124287245315,36.,-7.86846622765908));
#12365=CARTESIAN_POINT('',(-2.27033230609875,36.,-7.93265973631914));
#12366=CARTESIAN_POINT('',(-3.00157984602486,36.,-8.14596960440115));
#12367=CARTESIAN_POINT('Ctrl Pts',(-2.48124287245315,36.,-7.86846622765908));
#12368=CARTESIAN_POINT('Ctrl Pts',(-2.64228842464612,36.,-7.81944981644717));
#12369=CARTESIAN_POINT('Ctrl Pts',(-2.95031497558305,36.,-7.97753664155713));
#12370=CARTESIAN_POINT('Ctrl Pts',(-3.00157984602486,36.,-8.14596960440115));
#12371=CARTESIAN_POINT('',(-3.17066398011365,36.,-8.70150288536039));
#12372=CARTESIAN_POINT('',(-1.73977264984083,36.,-4.00024714846688));
#12373=CARTESIAN_POINT('',(-2.8927109115256,36.,-9.22036237680189));
#12374=CARTESIAN_POINT('Ctrl Pts',(-3.17066398011365,36.,-8.70150288536039));
#12375=CARTESIAN_POINT('Ctrl Pts',(-3.22057977501752,36.,-8.86550340181378));
#12376=CARTESIAN_POINT('Ctrl Pts',(-3.0581889101092,36.,-9.16999689005204));
#12377=CARTESIAN_POINT('Ctrl Pts',(-2.8927109115256,36.,-9.22036237680189));
#12378=CARTESIAN_POINT('',(-2.43025900476964,36.,-9.36111592459389));
#12379=CARTESIAN_POINT('',(-2.85318827227565,36.,-9.23239163132818));
#12380=CARTESIAN_POINT('',(-2.27268043056791,36.,-9.27831460341725));
#12381=CARTESIAN_POINT('Ctrl Pts',(-2.43025900476964,36.,-9.36111592459389));
#12382=CARTESIAN_POINT('Ctrl Pts',(-2.30910547009236,36.,-9.39799065596431));
#12383=CARTESIAN_POINT('Ctrl Pts',(-2.27268043056791,36.,-9.27831460341725));
#12384=CARTESIAN_POINT('',(-1.84997009534594,36.,-7.88948140101916));
#12385=CARTESIAN_POINT('',(-0.884060133817284,36.,-4.71594218676355));
#12386=CARTESIAN_POINT('',(-2.12747347208802,36.,-7.36914442744744));
#12387=CARTESIAN_POINT('Ctrl Pts',(-1.84997009534594,36.,-7.88948140101916));
#12388=CARTESIAN_POINT('Ctrl Pts',(-1.80050399228805,36.,-7.72695836669598));
#12389=CARTESIAN_POINT('Ctrl Pts',(-1.96051799137421,36.,-7.41995960604328));
#12390=CARTESIAN_POINT('Ctrl Pts',(-2.12747347208802,36.,-7.36914442744744));
#12391=CARTESIAN_POINT('',(-2.49832148677091,36.,-7.25627177410626));
#12392=CARTESIAN_POINT('',(-2.18029346597624,36.,-7.35306794159993));
#12393=CARTESIAN_POINT('',(-2.59628553675688,36.,-7.26519952631845));
#12394=CARTESIAN_POINT('Ctrl Pts',(-2.49832148677091,36.,-7.25627177410626));
#12395=CARTESIAN_POINT('Ctrl Pts',(-2.54264595067723,36.,-7.24278101872683));
#12396=CARTESIAN_POINT('Ctrl Pts',(-2.59628553675688,36.,-7.26519952631845));
#12397=CARTESIAN_POINT('',(-2.65487227068841,36.,-7.34100026925909));
#12398=CARTESIAN_POINT('Ctrl Pts',(-2.59628553675688,36.,-7.26519952631845));
#12399=CARTESIAN_POINT('Ctrl Pts',(-2.64003243977104,36.,-7.29224335896214));
#12400=CARTESIAN_POINT('Ctrl Pts',(-2.65487227068841,36.,-7.34100026925909));
#12401=CARTESIAN_POINT('',(-2.5711715658198,36.,-7.4956238792004));
#12402=CARTESIAN_POINT('Ctrl Pts',(-2.65487227068841,36.,-7.34100026925909));
#12403=CARTESIAN_POINT('Ctrl Pts',(-2.66881271791381,36.,-7.38680221529562));
#12404=CARTESIAN_POINT('Ctrl Pts',(-2.63027085102823,36.,-7.47763620536116));
#12405=CARTESIAN_POINT('Ctrl Pts',(-2.5711715658198,36.,-7.4956238792004));
#12406=CARTESIAN_POINT('',(-2.20032355113691,36.,-7.60849653254158));
#12407=CARTESIAN_POINT('',(-2.43856755236658,36.,-7.53598372002347));
#12408=CARTESIAN_POINT('Ctrl Pts',(-2.20032355113691,36.,-7.60849653254158));
#12409=CARTESIAN_POINT('Ctrl Pts',(-2.13235937314722,36.,-7.6291823574567));
#12410=CARTESIAN_POINT('Ctrl Pts',(-2.06921447396321,36.,-7.74526248787417));
#12411=CARTESIAN_POINT('Ctrl Pts',(-2.09079968257029,36.,-7.81618163012429));
#12412=CARTESIAN_POINT('',(-1.5217400097696,36.,-9.41701090205988));
#12413=CARTESIAN_POINT('',(-1.31876404054382,36.,-8.27349551583528));
#12414=CARTESIAN_POINT('',(-0.688259825071899,36.,-4.72139388419029));
#12415=CARTESIAN_POINT('',(-1.3362929718106,36.,-8.17784009148659));
#12416=CARTESIAN_POINT('Ctrl Pts',(-1.31876404054382,36.,-8.27349551583528));
#12417=CARTESIAN_POINT('Ctrl Pts',(-1.30850727614145,36.,-8.21571149365904));
#12418=CARTESIAN_POINT('Ctrl Pts',(-1.3362929718106,36.,-8.17784009148659));
#12419=CARTESIAN_POINT('',(-1.41980222778807,36.,-8.1269405754394));
#12420=CARTESIAN_POINT('Ctrl Pts',(-1.3362929718106,36.,-8.17784009148659));
#12421=CARTESIAN_POINT('Ctrl Pts',(-1.36810073426196,36.,-8.13611768043099));
#12422=CARTESIAN_POINT('Ctrl Pts',(-1.41980222778807,36.,-8.1269405754394));
#12423=CARTESIAN_POINT('',(-1.56662708303665,36.,-8.22949939484618));
#12424=CARTESIAN_POINT('Ctrl Pts',(-1.41980222778807,36.,-8.1269405754394));
#12425=CARTESIAN_POINT('Ctrl Pts',(-1.46998308915165,36.,-8.1180333853005));
#12426=CARTESIAN_POINT('Ctrl Pts',(-1.5555605740762,36.,-8.16715347618234));
#12427=CARTESIAN_POINT('Ctrl Pts',(-1.56662708303665,36.,-8.22949939484618));
#12428=CARTESIAN_POINT('',(-1.76960305226243,36.,-9.37301478107079));
#12429=CARTESIAN_POINT('',(-0.834634882951839,36.,-4.10564007008889));
#12430=CARTESIAN_POINT('',(-1.75028357398042,36.,-9.46741948810964));
#12431=CARTESIAN_POINT('Ctrl Pts',(-1.76960305226243,36.,-9.37301478107079));
#12432=CARTESIAN_POINT('Ctrl Pts',(-1.77824032754863,36.,-9.42167501027183));
#12433=CARTESIAN_POINT('Ctrl Pts',(-1.75028357398042,36.,-9.46741948810964));
#12434=CARTESIAN_POINT('',(-1.66677431800295,36.,-9.51831900415683));
#12435=CARTESIAN_POINT('Ctrl Pts',(-1.75028357398042,36.,-9.46741948810964));
#12436=CARTESIAN_POINT('Ctrl Pts',(-1.71695517936653,36.,-9.50941181401793));
#12437=CARTESIAN_POINT('Ctrl Pts',(-1.66677431800295,36.,-9.51831900415683));
#12438=CARTESIAN_POINT('Ctrl Pts',(-1.66677431800295,36.,-9.51831900415683));
#12439=CARTESIAN_POINT('Ctrl Pts',(-1.62115535312697,36.,-9.52641644973765));
#12440=CARTESIAN_POINT('Ctrl Pts',(-1.53253660387735,36.,-9.47783618856119));
#12441=CARTESIAN_POINT('Ctrl Pts',(-1.5217400097696,36.,-9.41701090205988));
#12442=CARTESIAN_POINT('',(-0.925459030752199,36.,-8.23396083196157));
#12443=CARTESIAN_POINT('',(-0.970215642680867,36.,-8.3209171558053));
#12444=CARTESIAN_POINT('Ctrl Pts',(-0.925459030752199,36.,-8.23396083196157));
#12445=CARTESIAN_POINT('Ctrl Pts',(-0.965103266378537,36.,-8.2717614436366));
#12446=CARTESIAN_POINT('Ctrl Pts',(-0.970215642680867,36.,-8.3209171558053));
#12447=CARTESIAN_POINT('',(-0.857035071004413,36.,-8.45690690050175));
#12448=CARTESIAN_POINT('Ctrl Pts',(-0.970215642680867,36.,-8.3209171558053));
#12449=CARTESIAN_POINT('Ctrl Pts',(-0.975487780742644,36.,-8.37160898397926));
#12450=CARTESIAN_POINT('Ctrl Pts',(-0.910799131188921,36.,-8.45131523892108));
#12451=CARTESIAN_POINT('Ctrl Pts',(-0.857035071004413,36.,-8.45690690050175));
#12452=CARTESIAN_POINT('',(-0.719828733821584,36.,-8.34695832259529));
#12453=CARTESIAN_POINT('Ctrl Pts',(-0.857035071004413,36.,-8.45690690050175));
#12454=CARTESIAN_POINT('Ctrl Pts',(-0.815559938862078,36.,-8.46122046800684));
#12455=CARTESIAN_POINT('Ctrl Pts',(-0.725100871883361,36.,-8.39765015076926));
#12456=CARTESIAN_POINT('Ctrl Pts',(-0.719828733821584,36.,-8.34695832259529));
#12457=CARTESIAN_POINT('',(-0.831153665973871,36.,-8.20805610764774));
#12458=CARTESIAN_POINT('Ctrl Pts',(-0.719828733821584,36.,-8.34695832259529));
#12459=CARTESIAN_POINT('Ctrl Pts',(-0.71503588103815,36.,-8.30087484243714));
#12460=CARTESIAN_POINT('Ctrl Pts',(-0.778925721794634,36.,-8.21348800746897));
#12461=CARTESIAN_POINT('Ctrl Pts',(-0.831153665973871,36.,-8.20805610764774));
#12462=CARTESIAN_POINT('Ctrl Pts',(-0.831153665973871,36.,-8.20805610764774));
#12463=CARTESIAN_POINT('Ctrl Pts',(-0.886453842163651,36.,-8.20230468430762));
#12464=CARTESIAN_POINT('Ctrl Pts',(-0.925459030752199,36.,-8.23396083196157));
#12465=CARTESIAN_POINT('',(2.03896392037193,36.,-9.33246078753581));
#12466=CARTESIAN_POINT('',(1.85409241998681,36.,-8.18587925490898));
#12467=CARTESIAN_POINT('',(1.27982611270894,36.,-4.62425325326474));
#12468=CARTESIAN_POINT('',(1.70890738181264,36.,-8.08101193756347));
#12469=CARTESIAN_POINT('Ctrl Pts',(1.85409241998681,36.,-8.18587925490898));
#12470=CARTESIAN_POINT('Ctrl Pts',(1.83393355957248,36.,-8.06085307714914));
#12471=CARTESIAN_POINT('Ctrl Pts',(1.70890738181264,36.,-8.08101193756347));
#12472=CARTESIAN_POINT('',(1.23167331304642,36.,-8.15795978280356));
#12473=CARTESIAN_POINT('',(1.51107631816959,36.,-8.11290964785947));
#12474=CARTESIAN_POINT('',(0.886378487640482,36.,-8.63600807923072));
#12475=CARTESIAN_POINT('Ctrl Pts',(1.23167331304642,36.,-8.15795978280356));
#12476=CARTESIAN_POINT('Ctrl Pts',(1.06547997919492,36.,-8.18475631676895));
#12477=CARTESIAN_POINT('Ctrl Pts',(0.858352754869334,36.,-8.46219119795484));
#12478=CARTESIAN_POINT('Ctrl Pts',(0.886378487640482,36.,-8.63600807923072));
#12479=CARTESIAN_POINT('',(1.02503211292932,36.,-9.49594422870084));
#12480=CARTESIAN_POINT('',(0.196567492621908,36.,-4.35776861969471));
#12481=CARTESIAN_POINT('',(1.07435913722819,36.,-9.5787230643172));
#12482=CARTESIAN_POINT('Ctrl Pts',(1.02503211292932,36.,-9.49594422870084));
#12483=CARTESIAN_POINT('Ctrl Pts',(1.03289898528613,36.,-9.54473493221688));
#12484=CARTESIAN_POINT('Ctrl Pts',(1.07435913722819,36.,-9.5787230643172));
#12485=CARTESIAN_POINT('',(1.16997131134234,36.,-9.59928683656147));
#12486=CARTESIAN_POINT('Ctrl Pts',(1.07435913722819,36.,-9.5787230643172));
#12487=CARTESIAN_POINT('Ctrl Pts',(1.11965589834143,36.,-9.60739954867944));
#12488=CARTESIAN_POINT('Ctrl Pts',(1.16997131134234,36.,-9.59928683656148));
#12489=CARTESIAN_POINT('',(1.27355975896412,36.,-9.45587234763332));
#12490=CARTESIAN_POINT('Ctrl Pts',(1.16997131134234,36.,-9.59928683656148));
#12491=CARTESIAN_POINT('Ctrl Pts',(1.21571259588863,36.,-9.59191164372696));
#12492=CARTESIAN_POINT('Ctrl Pts',(1.28339334941014,36.,-9.51686072702837));
#12493=CARTESIAN_POINT('Ctrl Pts',(1.27355975896412,36.,-9.45587234763332));
#12494=CARTESIAN_POINT('',(1.13490613367529,36.,-8.5959361981632));
#12495=CARTESIAN_POINT('',(0.514421951301136,36.,-4.74766481336225));
#12496=CARTESIAN_POINT('',(1.16171775661299,36.,-8.47115837499323));
#12497=CARTESIAN_POINT('Ctrl Pts',(1.13490613367529,36.,-8.5959361981632));
#12498=CARTESIAN_POINT('Ctrl Pts',(1.12335166490122,36.,-8.52427485237402));
#12499=CARTESIAN_POINT('Ctrl Pts',(1.16171775661299,36.,-8.47115837499323));
#12500=CARTESIAN_POINT('',(1.20918243431604,36.,-8.42596095571593));
#12501=CARTESIAN_POINT('Ctrl Pts',(1.16171775661299,36.,-8.47115837499323));
#12502=CARTESIAN_POINT('Ctrl Pts',(1.1826713517149,36.,-8.44587900602655));
#12503=CARTESIAN_POINT('Ctrl Pts',(1.20918243431604,36.,-8.42596095571594));
#12504=CARTESIAN_POINT('',(1.27149935435279,36.,-8.40496271935349));
#12505=CARTESIAN_POINT('Ctrl Pts',(1.20918243431604,36.,-8.42596095571594));
#12506=CARTESIAN_POINT('Ctrl Pts',(1.24100516465526,36.,-8.40987951457649));
#12507=CARTESIAN_POINT('Ctrl Pts',(1.27149935435279,36.,-8.40496271935349));
#12508=CARTESIAN_POINT('',(1.62523195484404,36.,-8.34792789476659));
#12509=CARTESIAN_POINT('',(1.31228532509284,36.,-8.39838650702945));
#12510=CARTESIAN_POINT('',(1.79043627433713,36.,-9.37253266860333));
#12511=CARTESIAN_POINT('',(0.948696306927593,36.,-4.15202274741389));
#12512=CARTESIAN_POINT('',(1.839763298636,36.,-9.45531150421969));
#12513=CARTESIAN_POINT('Ctrl Pts',(1.79043627433713,36.,-9.37253266860333));
#12514=CARTESIAN_POINT('Ctrl Pts',(1.79830314669394,36.,-9.42132337211937));
#12515=CARTESIAN_POINT('Ctrl Pts',(1.839763298636,36.,-9.45531150421969));
#12516=CARTESIAN_POINT('',(1.93537547275015,36.,-9.47587527646396));
#12517=CARTESIAN_POINT('Ctrl Pts',(1.839763298636,36.,-9.45531150421969));
#12518=CARTESIAN_POINT('Ctrl Pts',(1.88506005974924,36.,-9.48398798858193));
#12519=CARTESIAN_POINT('Ctrl Pts',(1.93537547275015,36.,-9.47587527646396));
#12520=CARTESIAN_POINT('Ctrl Pts',(1.93537547275015,36.,-9.47587527646396));
#12521=CARTESIAN_POINT('Ctrl Pts',(1.98111675729643,36.,-9.46850008362945));
#12522=CARTESIAN_POINT('Ctrl Pts',(2.04879751081795,36.,-9.39344916693086));
#12523=CARTESIAN_POINT('Ctrl Pts',(2.03896392037193,36.,-9.33246078753581));
#12524=CARTESIAN_POINT('',(-7.6,36.,9.30731567351989E-16));
#12525=CARTESIAN_POINT('Origin',(0.,36.,0.));
#12526=CARTESIAN_POINT('Origin',(0.,35.85,0.));
#12527=CARTESIAN_POINT('',(-7.45,35.85,9.12361865364778E-16));
#12528=CARTESIAN_POINT('Ctrl Pts',(0.154521499205092,36.,-9.66255867933272));
#12529=CARTESIAN_POINT('Ctrl Pts',(0.154521499205092,35.8,-9.66255867933272));
#12530=CARTESIAN_POINT('Ctrl Pts',(0.285794450280432,36.,-9.66200156953236));
#12531=CARTESIAN_POINT('Ctrl Pts',(0.285794450280432,35.8,-9.66200156953236));
#12532=CARTESIAN_POINT('Ctrl Pts',(0.473423236811598,36.,-9.47587543394784));
#12533=CARTESIAN_POINT('Ctrl Pts',(0.473423236811598,35.8,-9.47587543394784));
#12534=CARTESIAN_POINT('Ctrl Pts',(0.472859572778299,36.,-9.3430580952128));
#12535=CARTESIAN_POINT('Ctrl Pts',(0.472859572778299,35.8,-9.3430580952128));
#12536=CARTESIAN_POINT('',(0.154521499205092,35.8,-9.66255867933272));
#12537=CARTESIAN_POINT('',(0.154521499205092,36.,-9.66255867933272));
#12538=CARTESIAN_POINT('',(0.472859572778299,35.8,-9.3430580952128));
#12539=CARTESIAN_POINT('Ctrl Pts',(0.154521499205092,35.8,-9.66255867933272));
#12540=CARTESIAN_POINT('Ctrl Pts',(0.285794450280432,35.8,-9.66200156953236));
#12541=CARTESIAN_POINT('Ctrl Pts',(0.473423236811598,35.8,-9.47587543394784));
#12542=CARTESIAN_POINT('Ctrl Pts',(0.472859572778299,35.8,-9.3430580952128));
#12543=CARTESIAN_POINT('',(0.472859572778299,36.,-9.3430580952128));
#12544=CARTESIAN_POINT('Origin',(-0.233119803382088,36.,-9.66420379180199));
#12545=CARTESIAN_POINT('',(-0.233119803382087,35.8,-9.66420379180199));
#12546=CARTESIAN_POINT('',(-0.233119803382088,36.,-9.66420379180199));
#12547=CARTESIAN_POINT('',(-0.233119803382088,35.8,-9.66420379180199));
#12548=CARTESIAN_POINT('Ctrl Pts',(-0.36029048434687,36.,-9.53964583846701));
#12549=CARTESIAN_POINT('Ctrl Pts',(-0.36029048434687,35.8,-9.53964583846701));
#12550=CARTESIAN_POINT('Ctrl Pts',(-0.359759591478298,36.,-9.66474123890351));
#12551=CARTESIAN_POINT('Ctrl Pts',(-0.359759591478298,35.8,-9.66474123890351));
#12552=CARTESIAN_POINT('Ctrl Pts',(-0.233119803382088,36.,-9.66420379180199));
#12553=CARTESIAN_POINT('Ctrl Pts',(-0.233119803382088,35.8,-9.66420379180199));
#12554=CARTESIAN_POINT('',(-0.36029048434687,35.8,-9.53964583846701));
#12555=CARTESIAN_POINT('',(-0.36029048434687,36.,-9.53964583846701));
#12556=CARTESIAN_POINT('Ctrl Pts',(-0.36029048434687,35.8,-9.53964583846701));
#12557=CARTESIAN_POINT('Ctrl Pts',(-0.359759591478298,35.8,-9.66474123890351));
#12558=CARTESIAN_POINT('Ctrl Pts',(-0.233119803382088,35.8,-9.66420379180199));
#12559=CARTESIAN_POINT('Origin',(-0.365219267521761,36.,-8.37826631836518));
#12560=CARTESIAN_POINT('',(-0.365219267521761,35.8,-8.37826631836518));
#12561=CARTESIAN_POINT('',(-0.365219267521761,36.,-8.37826631836518));
#12562=CARTESIAN_POINT('',(-0.365219267521761,35.8,-8.37826631836518));
#12563=CARTESIAN_POINT('Ctrl Pts',(-0.239116926527068,36.,-8.25108908316745));
#12564=CARTESIAN_POINT('Ctrl Pts',(-0.239116926527068,35.8,-8.25108908316745));
#12565=CARTESIAN_POINT('Ctrl Pts',(-0.290081719297494,36.,-8.25130537285465));
#12566=CARTESIAN_POINT('Ctrl Pts',(-0.290081719297494,35.8,-8.25130537285465));
#12567=CARTESIAN_POINT('Ctrl Pts',(-0.365487991072519,36.,-8.31494642431707));
#12568=CARTESIAN_POINT('Ctrl Pts',(-0.365487991072519,35.8,-8.31494642431707));
#12569=CARTESIAN_POINT('Ctrl Pts',(-0.365219267521761,36.,-8.37826631836518));
#12570=CARTESIAN_POINT('Ctrl Pts',(-0.365219267521761,35.8,-8.37826631836518));
#12571=CARTESIAN_POINT('',(-0.239116926527068,35.8,-8.25108908316745));
#12572=CARTESIAN_POINT('',(-0.239116926527068,36.,-8.25108908316745));
#12573=CARTESIAN_POINT('Ctrl Pts',(-0.239116926527068,35.8,-8.25108908316745));
#12574=CARTESIAN_POINT('Ctrl Pts',(-0.290081719297494,35.8,-8.25130537285465));
#12575=CARTESIAN_POINT('Ctrl Pts',(-0.365487991072519,35.8,-8.31494642431707));
#12576=CARTESIAN_POINT('Ctrl Pts',(-0.365219267521761,35.8,-8.37826631836518));
#12577=CARTESIAN_POINT('Ctrl Pts',(-0.147847307246442,36.,-8.286223299597));
#12578=CARTESIAN_POINT('Ctrl Pts',(-0.147847307246442,35.8,-8.286223299597));
#12579=CARTESIAN_POINT('Ctrl Pts',(-0.186607746096932,36.,-8.25086623924731));
#12580=CARTESIAN_POINT('Ctrl Pts',(-0.186607746096932,35.8,-8.25086623924731));
#12581=CARTESIAN_POINT('Ctrl Pts',(-0.239116926527068,36.,-8.25108908316745));
#12582=CARTESIAN_POINT('Ctrl Pts',(-0.239116926527068,35.8,-8.25108908316745));
#12583=CARTESIAN_POINT('',(-0.147847307246442,35.8,-8.286223299597));
#12584=CARTESIAN_POINT('',(-0.147847307246442,36.,-8.286223299597));
#12585=CARTESIAN_POINT('Ctrl Pts',(-0.147847307246442,35.8,-8.286223299597));
#12586=CARTESIAN_POINT('Ctrl Pts',(-0.186607746096932,35.8,-8.25086623924731));
#12587=CARTESIAN_POINT('Ctrl Pts',(-0.239116926527068,35.8,-8.25108908316745));
#12588=CARTESIAN_POINT('Ctrl Pts',(-0.11348407898905,36.,-8.37719797839509));
#12589=CARTESIAN_POINT('Ctrl Pts',(-0.11348407898905,35.8,-8.37719797839509));
#12590=CARTESIAN_POINT('Ctrl Pts',(-0.113733139840973,36.,-8.31851124732611));
#12591=CARTESIAN_POINT('Ctrl Pts',(-0.113733139840973,35.8,-8.31851124732611));
#12592=CARTESIAN_POINT('Ctrl Pts',(-0.147847307246442,36.,-8.286223299597));
#12593=CARTESIAN_POINT('Ctrl Pts',(-0.147847307246442,35.8,-8.286223299597));
#12594=CARTESIAN_POINT('',(-0.11348407898905,35.8,-8.37719797839509));
#12595=CARTESIAN_POINT('',(-0.11348407898905,36.,-8.37719797839509));
#12596=CARTESIAN_POINT('Ctrl Pts',(-0.11348407898905,35.8,-8.37719797839509));
#12597=CARTESIAN_POINT('Ctrl Pts',(-0.113733139840973,35.8,-8.31851124732611));
#12598=CARTESIAN_POINT('Ctrl Pts',(-0.147847307246442,35.8,-8.286223299597));
#12599=CARTESIAN_POINT('Origin',(-0.109086188682731,36.,-9.41348209806042));
#12600=CARTESIAN_POINT('',(-0.109086188682731,35.8,-9.41348209806042));
#12601=CARTESIAN_POINT('',(-0.109086188682731,36.,-9.41348209806042));
#12602=CARTESIAN_POINT('',(-0.109086188682731,35.8,-9.41348209806042));
#12603=CARTESIAN_POINT('Origin',(0.153459713467948,36.,-9.41236787845971));
#12604=CARTESIAN_POINT('',(0.153459713467948,35.8,-9.41236787845971));
#12605=CARTESIAN_POINT('',(0.153459713467948,36.,-9.41236787845971));
#12606=CARTESIAN_POINT('',(0.153459713467948,35.8,-9.41236787845971));
#12607=CARTESIAN_POINT('Ctrl Pts',(0.221124384245588,36.,-9.34412643518288));
#12608=CARTESIAN_POINT('Ctrl Pts',(0.221124384245588,35.8,-9.34412643518288));
#12609=CARTESIAN_POINT('Ctrl Pts',(0.221209589273878,36.,-9.36420347475911));
#12610=CARTESIAN_POINT('Ctrl Pts',(0.221209589273878,35.8,-9.36420347475911));
#12611=CARTESIAN_POINT('Ctrl Pts',(0.179714303683016,36.,-9.41225645649964));
#12612=CARTESIAN_POINT('Ctrl Pts',(0.179714303683016,35.8,-9.41225645649964));
#12613=CARTESIAN_POINT('Ctrl Pts',(0.153459713467948,36.,-9.41236787845971));
#12614=CARTESIAN_POINT('Ctrl Pts',(0.153459713467948,35.8,-9.41236787845971));
#12615=CARTESIAN_POINT('',(0.221124384245588,35.8,-9.34412643518288));
#12616=CARTESIAN_POINT('',(0.221124384245588,36.,-9.34412643518288));
#12617=CARTESIAN_POINT('Ctrl Pts',(0.221124384245588,35.8,-9.34412643518288));
#12618=CARTESIAN_POINT('Ctrl Pts',(0.221209589273878,35.8,-9.36420347475911));
#12619=CARTESIAN_POINT('Ctrl Pts',(0.179714303683016,35.8,-9.41225645649964));
#12620=CARTESIAN_POINT('Ctrl Pts',(0.153459713467948,35.8,-9.41236787845971));
#12621=CARTESIAN_POINT('Ctrl Pts',(0.347226725240281,36.,-9.21694919998516));
#12622=CARTESIAN_POINT('Ctrl Pts',(0.347226725240281,35.8,-9.21694919998516));
#12623=CARTESIAN_POINT('Ctrl Pts',(0.296261932469855,36.,-9.21716548967235));
#12624=CARTESIAN_POINT('Ctrl Pts',(0.296261932469855,35.8,-9.21716548967235));
#12625=CARTESIAN_POINT('Ctrl Pts',(0.22085566069483,36.,-9.28080654113478));
#12626=CARTESIAN_POINT('Ctrl Pts',(0.22085566069483,35.8,-9.28080654113478));
#12627=CARTESIAN_POINT('Ctrl Pts',(0.221124384245588,36.,-9.34412643518288));
#12628=CARTESIAN_POINT('Ctrl Pts',(0.221124384245588,35.8,-9.34412643518288));
#12629=CARTESIAN_POINT('',(0.347226725240281,35.8,-9.21694919998516));
#12630=CARTESIAN_POINT('',(0.347226725240281,36.,-9.21694919998516));
#12631=CARTESIAN_POINT('Ctrl Pts',(0.347226725240281,35.8,-9.21694919998516));
#12632=CARTESIAN_POINT('Ctrl Pts',(0.296261932469855,35.8,-9.21716548967235));
#12633=CARTESIAN_POINT('Ctrl Pts',(0.22085566069483,35.8,-9.28080654113478));
#12634=CARTESIAN_POINT('Ctrl Pts',(0.221124384245588,35.8,-9.34412643518288));
#12635=CARTESIAN_POINT('Ctrl Pts',(0.438496344520907,36.,-9.25208341641471));
#12636=CARTESIAN_POINT('Ctrl Pts',(0.438496344520907,35.8,-9.25208341641471));
#12637=CARTESIAN_POINT('Ctrl Pts',(0.399735905670417,36.,-9.21672635606502));
#12638=CARTESIAN_POINT('Ctrl Pts',(0.399735905670417,35.8,-9.21672635606502));
#12639=CARTESIAN_POINT('Ctrl Pts',(0.347226725240281,36.,-9.21694919998516));
#12640=CARTESIAN_POINT('Ctrl Pts',(0.347226725240281,35.8,-9.21694919998516));
#12641=CARTESIAN_POINT('',(0.438496344520907,35.8,-9.25208341641471));
#12642=CARTESIAN_POINT('',(0.438496344520907,36.,-9.25208341641471));
#12643=CARTESIAN_POINT('Ctrl Pts',(0.438496344520907,35.8,-9.25208341641471));
#12644=CARTESIAN_POINT('Ctrl Pts',(0.399735905670417,35.8,-9.21672635606502));
#12645=CARTESIAN_POINT('Ctrl Pts',(0.347226725240281,35.8,-9.21694919998516));
#12646=CARTESIAN_POINT('Ctrl Pts',(0.472859572778299,36.,-9.3430580952128));
#12647=CARTESIAN_POINT('Ctrl Pts',(0.472859572778299,35.8,-9.3430580952128));
#12648=CARTESIAN_POINT('Ctrl Pts',(0.472610511926376,36.,-9.28437136414382));
#12649=CARTESIAN_POINT('Ctrl Pts',(0.472610511926376,35.8,-9.28437136414382));
#12650=CARTESIAN_POINT('Ctrl Pts',(0.438496344520907,36.,-9.25208341641471));
#12651=CARTESIAN_POINT('Ctrl Pts',(0.438496344520907,35.8,-9.25208341641471));
#12652=CARTESIAN_POINT('Ctrl Pts',(0.472859572778299,35.8,-9.3430580952128));
#12653=CARTESIAN_POINT('Ctrl Pts',(0.472610511926376,35.8,-9.28437136414382));
#12654=CARTESIAN_POINT('Ctrl Pts',(0.438496344520907,35.8,-9.25208341641471));
#12655=CARTESIAN_POINT('Origin',(-0.101600086653895,35.8,-9.10034275718079));
#12656=CARTESIAN_POINT('Ctrl Pts',(-1.82046143568082,36.,-9.86278385036815));
#12657=CARTESIAN_POINT('Ctrl Pts',(-1.82046143568082,35.8,-9.86278385036815));
#12658=CARTESIAN_POINT('Ctrl Pts',(-1.86272367644181,36.,-9.89763287714457));
#12659=CARTESIAN_POINT('Ctrl Pts',(-1.86272367644181,35.8,-9.89763287714457));
#12660=CARTESIAN_POINT('Ctrl Pts',(-1.87136095172801,36.,-9.94629310634562));
#12661=CARTESIAN_POINT('Ctrl Pts',(-1.87136095172801,35.8,-9.94629310634562));
#12662=CARTESIAN_POINT('',(-1.82046143568082,35.8,-9.86278385036815));
#12663=CARTESIAN_POINT('',(-1.82046143568082,36.,-9.86278385036815));
#12664=CARTESIAN_POINT('',(-1.87136095172801,35.8,-9.94629310634562));
#12665=CARTESIAN_POINT('Ctrl Pts',(-1.82046143568082,35.8,-9.86278385036815));
#12666=CARTESIAN_POINT('Ctrl Pts',(-1.86272367644181,35.8,-9.89763287714457));
#12667=CARTESIAN_POINT('Ctrl Pts',(-1.87136095172801,35.8,-9.94629310634562));
#12668=CARTESIAN_POINT('',(-1.87136095172801,36.,-9.94629310634562));
#12669=CARTESIAN_POINT('Ctrl Pts',(-1.72453609647944,36.,-9.84373428693883));
#12670=CARTESIAN_POINT('Ctrl Pts',(-1.72453609647944,35.8,-9.84373428693883));
#12671=CARTESIAN_POINT('Ctrl Pts',(-1.77927885433061,36.,-9.83401735224185));
#12672=CARTESIAN_POINT('Ctrl Pts',(-1.77927885433061,35.8,-9.83401735224185));
#12673=CARTESIAN_POINT('Ctrl Pts',(-1.82046143568082,36.,-9.86278385036815));
#12674=CARTESIAN_POINT('Ctrl Pts',(-1.82046143568082,35.8,-9.86278385036815));
#12675=CARTESIAN_POINT('',(-1.72453609647944,35.8,-9.84373428693883));
#12676=CARTESIAN_POINT('',(-1.72453609647944,36.,-9.84373428693883));
#12677=CARTESIAN_POINT('Ctrl Pts',(-1.72453609647944,35.8,-9.84373428693883));
#12678=CARTESIAN_POINT('Ctrl Pts',(-1.77927885433061,35.8,-9.83401735224185));
#12679=CARTESIAN_POINT('Ctrl Pts',(-1.82046143568082,35.8,-9.86278385036815));
#12680=CARTESIAN_POINT('Ctrl Pts',(-1.62349790923518,36.,-9.99028922733472));
#12681=CARTESIAN_POINT('Ctrl Pts',(-1.62349790923518,35.8,-9.99028922733472));
#12682=CARTESIAN_POINT('Ctrl Pts',(-1.61486063394898,36.,-9.94162899813367));
#12683=CARTESIAN_POINT('Ctrl Pts',(-1.61486063394898,35.8,-9.94162899813367));
#12684=CARTESIAN_POINT('Ctrl Pts',(-1.67283460295332,36.,-9.85291139193042));
#12685=CARTESIAN_POINT('Ctrl Pts',(-1.67283460295332,35.8,-9.85291139193042));
#12686=CARTESIAN_POINT('Ctrl Pts',(-1.72453609647944,36.,-9.84373428693883));
#12687=CARTESIAN_POINT('Ctrl Pts',(-1.72453609647944,35.8,-9.84373428693883));
#12688=CARTESIAN_POINT('',(-1.62349790923518,35.8,-9.99028922733472));
#12689=CARTESIAN_POINT('',(-1.62349790923518,36.,-9.99028922733472));
#12690=CARTESIAN_POINT('Ctrl Pts',(-1.62349790923518,35.8,-9.99028922733472));
#12691=CARTESIAN_POINT('Ctrl Pts',(-1.61486063394898,35.8,-9.94162899813367));
#12692=CARTESIAN_POINT('Ctrl Pts',(-1.67283460295332,35.8,-9.85291139193042));
#12693=CARTESIAN_POINT('Ctrl Pts',(-1.72453609647944,35.8,-9.84373428693883));
#12694=CARTESIAN_POINT('Ctrl Pts',(-1.76826230261584,36.,-10.0900766972691));
#12695=CARTESIAN_POINT('Ctrl Pts',(-1.76826230261584,35.8,-10.0900766972691));
#12696=CARTESIAN_POINT('Ctrl Pts',(-1.72720523422746,36.,-10.0973643982919));
#12697=CARTESIAN_POINT('Ctrl Pts',(-1.72720523422746,35.8,-10.0973643982919));
#12698=CARTESIAN_POINT('Ctrl Pts',(-1.63240509937408,36.,-10.0404700886983));
#12699=CARTESIAN_POINT('Ctrl Pts',(-1.63240509937408,35.8,-10.0404700886983));
#12700=CARTESIAN_POINT('Ctrl Pts',(-1.62349790923518,36.,-9.99028922733472));
#12701=CARTESIAN_POINT('Ctrl Pts',(-1.62349790923518,35.8,-9.99028922733472));
#12702=CARTESIAN_POINT('',(-1.76826230261584,35.8,-10.0900766972691));
#12703=CARTESIAN_POINT('',(-1.76826230261584,36.,-10.0900766972691));
#12704=CARTESIAN_POINT('Ctrl Pts',(-1.76826230261584,35.8,-10.0900766972691));
#12705=CARTESIAN_POINT('Ctrl Pts',(-1.72720523422746,35.8,-10.0973643982919));
#12706=CARTESIAN_POINT('Ctrl Pts',(-1.63240509937408,35.8,-10.0404700886983));
#12707=CARTESIAN_POINT('Ctrl Pts',(-1.62349790923518,35.8,-9.99028922733472));
#12708=CARTESIAN_POINT('Ctrl Pts',(-1.87136095172801,36.,-9.94629310634562));
#12709=CARTESIAN_POINT('Ctrl Pts',(-1.87136095172801,35.8,-9.94629310634562));
#12710=CARTESIAN_POINT('Ctrl Pts',(-1.88026814186691,36.,-9.9964739677092));
#12711=CARTESIAN_POINT('Ctrl Pts',(-1.88026814186691,35.8,-9.9964739677092));
#12712=CARTESIAN_POINT('Ctrl Pts',(-1.82148442830449,36.,-10.0806296774248));
#12713=CARTESIAN_POINT('Ctrl Pts',(-1.82148442830449,35.8,-10.0806296774248));
#12714=CARTESIAN_POINT('Ctrl Pts',(-1.76826230261584,36.,-10.0900766972691));
#12715=CARTESIAN_POINT('Ctrl Pts',(-1.76826230261584,35.8,-10.0900766972691));
#12716=CARTESIAN_POINT('Ctrl Pts',(-1.87136095172801,35.8,-9.94629310634562));
#12717=CARTESIAN_POINT('Ctrl Pts',(-1.88026814186691,35.8,-9.9964739677092));
#12718=CARTESIAN_POINT('Ctrl Pts',(-1.82148442830449,35.8,-10.0806296774248));
#12719=CARTESIAN_POINT('Ctrl Pts',(-1.76826230261584,35.8,-10.0900766972691));
#12720=CARTESIAN_POINT('Origin',(-1.74793713552245,35.8,-9.96612073930938));
#12721=CARTESIAN_POINT('Ctrl Pts',(-4.49178529358443,36.,-7.07468341252616));
#12722=CARTESIAN_POINT('Ctrl Pts',(-4.49178529358443,35.8,-7.07468341252616));
#12723=CARTESIAN_POINT('Ctrl Pts',(-4.46755696852706,36.,-7.03886489208158));
#12724=CARTESIAN_POINT('Ctrl Pts',(-4.46755696852706,35.8,-7.03886489208158));
#12725=CARTESIAN_POINT('Ctrl Pts',(-4.47327946085311,36.,-6.9343091266759));
#12726=CARTESIAN_POINT('Ctrl Pts',(-4.47327946085311,35.8,-6.9343091266759));
#12727=CARTESIAN_POINT('Ctrl Pts',(-4.52572800864695,36.,-6.89883193641332));
#12728=CARTESIAN_POINT('Ctrl Pts',(-4.52572800864695,35.8,-6.89883193641332));
#12729=CARTESIAN_POINT('',(-4.49178529358443,35.8,-7.07468341252616));
#12730=CARTESIAN_POINT('',(-4.49178529358443,36.,-7.07468341252616));
#12731=CARTESIAN_POINT('',(-4.52572800864695,35.8,-6.89883193641332));
#12732=CARTESIAN_POINT('Ctrl Pts',(-4.49178529358443,35.8,-7.07468341252616));
#12733=CARTESIAN_POINT('Ctrl Pts',(-4.46755696852706,35.8,-7.03886489208158));
#12734=CARTESIAN_POINT('Ctrl Pts',(-4.47327946085311,35.8,-6.9343091266759));
#12735=CARTESIAN_POINT('Ctrl Pts',(-4.52572800864695,35.8,-6.89883193641332));
#12736=CARTESIAN_POINT('',(-4.52572800864695,36.,-6.89883193641332));
#12737=CARTESIAN_POINT('Ctrl Pts',(-4.66590617505031,36.,-7.10606766184264));
#12738=CARTESIAN_POINT('Ctrl Pts',(-4.66590617505031,35.8,-7.10606766184264));
#12739=CARTESIAN_POINT('Ctrl Pts',(-4.62113302449459,36.,-7.13635306816435));
#12740=CARTESIAN_POINT('Ctrl Pts',(-4.62113302449459,35.8,-7.13635306816435));
#12741=CARTESIAN_POINT('Ctrl Pts',(-4.51774421328875,36.,-7.11306039871677));
#12742=CARTESIAN_POINT('Ctrl Pts',(-4.51774421328875,35.8,-7.11306039871677));
#12743=CARTESIAN_POINT('Ctrl Pts',(-4.49178529358443,36.,-7.07468341252616));
#12744=CARTESIAN_POINT('Ctrl Pts',(-4.49178529358443,35.8,-7.07468341252616));
#12745=CARTESIAN_POINT('',(-4.66590617505031,35.8,-7.10606766184264));
#12746=CARTESIAN_POINT('',(-4.66590617505031,36.,-7.10606766184264));
#12747=CARTESIAN_POINT('Ctrl Pts',(-4.66590617505031,35.8,-7.10606766184264));
#12748=CARTESIAN_POINT('Ctrl Pts',(-4.62113302449459,35.8,-7.13635306816435));
#12749=CARTESIAN_POINT('Ctrl Pts',(-4.51774421328875,35.8,-7.11306039871677));
#12750=CARTESIAN_POINT('Ctrl Pts',(-4.49178529358443,35.8,-7.07468341252616));
#12751=CARTESIAN_POINT('Ctrl Pts',(-4.71553202644613,36.,-7.09673876948758));
#12752=CARTESIAN_POINT('Ctrl Pts',(-4.71553202644613,35.8,-7.09673876948758));
#12753=CARTESIAN_POINT('Ctrl Pts',(-4.68637390101864,36.,-7.092222904667));
#12754=CARTESIAN_POINT('Ctrl Pts',(-4.68637390101864,35.8,-7.092222904667));
#12755=CARTESIAN_POINT('Ctrl Pts',(-4.66590617505031,36.,-7.10606766184264));
#12756=CARTESIAN_POINT('Ctrl Pts',(-4.66590617505031,35.8,-7.10606766184264));
#12757=CARTESIAN_POINT('',(-4.71553202644613,35.8,-7.09673876948758));
#12758=CARTESIAN_POINT('',(-4.71553202644613,36.,-7.09673876948758));
#12759=CARTESIAN_POINT('Ctrl Pts',(-4.71553202644613,35.8,-7.09673876948758));
#12760=CARTESIAN_POINT('Ctrl Pts',(-4.68637390101864,35.8,-7.092222904667));
#12761=CARTESIAN_POINT('Ctrl Pts',(-4.66590617505031,35.8,-7.10606766184264));
#12762=CARTESIAN_POINT('Ctrl Pts',(-4.7611308010197,36.,-7.12556005889555));
#12763=CARTESIAN_POINT('Ctrl Pts',(-4.7611308010197,35.8,-7.12556005889555));
#12764=CARTESIAN_POINT('Ctrl Pts',(-4.74815134116754,36.,-7.10637156580024));
#12765=CARTESIAN_POINT('Ctrl Pts',(-4.74815134116754,35.8,-7.10637156580024));
#12766=CARTESIAN_POINT('Ctrl Pts',(-4.71553202644613,36.,-7.09673876948758));
#12767=CARTESIAN_POINT('Ctrl Pts',(-4.71553202644613,35.8,-7.09673876948758));
#12768=CARTESIAN_POINT('',(-4.7611308010197,35.8,-7.12556005889555));
#12769=CARTESIAN_POINT('',(-4.7611308010197,36.,-7.12556005889555));
#12770=CARTESIAN_POINT('Ctrl Pts',(-4.7611308010197,35.8,-7.12556005889555));
#12771=CARTESIAN_POINT('Ctrl Pts',(-4.74815134116754,35.8,-7.10637156580024));
#12772=CARTESIAN_POINT('Ctrl Pts',(-4.71553202644613,35.8,-7.09673876948758));
#12773=CARTESIAN_POINT('Origin',(-5.62902401646766,36.,-8.40863063053511));
#12774=CARTESIAN_POINT('',(-5.62902401646766,35.8,-8.40863063053512));
#12775=CARTESIAN_POINT('',(-5.62902401646766,36.,-8.40863063053512));
#12776=CARTESIAN_POINT('',(-5.62902401646766,35.8,-8.40863063053511));
#12777=CARTESIAN_POINT('Ctrl Pts',(-5.802730962384,36.,-8.4421594100481));
#12778=CARTESIAN_POINT('Ctrl Pts',(-5.802730962384,35.8,-8.4421594100481));
#12779=CARTESIAN_POINT('Ctrl Pts',(-5.76435397619339,36.,-8.46811832975242));
#12780=CARTESIAN_POINT('Ctrl Pts',(-5.76435397619339,35.8,-8.46811832975242));
#12781=CARTESIAN_POINT('Ctrl Pts',(-5.66363590940676,36.,-8.45979994545593));
#12782=CARTESIAN_POINT('Ctrl Pts',(-5.66363590940676,35.8,-8.45979994545593));
#12783=CARTESIAN_POINT('Ctrl Pts',(-5.62902401646766,36.,-8.40863063053511));
#12784=CARTESIAN_POINT('Ctrl Pts',(-5.62902401646766,35.8,-8.40863063053511));
#12785=CARTESIAN_POINT('',(-5.802730962384,35.8,-8.4421594100481));
#12786=CARTESIAN_POINT('',(-5.802730962384,36.,-8.4421594100481));
#12787=CARTESIAN_POINT('Ctrl Pts',(-5.802730962384,35.8,-8.4421594100481));
#12788=CARTESIAN_POINT('Ctrl Pts',(-5.76435397619339,35.8,-8.46811832975242));
#12789=CARTESIAN_POINT('Ctrl Pts',(-5.66363590940676,35.8,-8.45979994545593));
#12790=CARTESIAN_POINT('Ctrl Pts',(-5.62902401646766,35.8,-8.40863063053511));
#12791=CARTESIAN_POINT('Ctrl Pts',(-5.85830386345223,36.,-8.36168451188345));
#12792=CARTESIAN_POINT('Ctrl Pts',(-5.85830386345223,35.8,-8.36168451188345));
#12793=CARTESIAN_POINT('Ctrl Pts',(-5.84494564719368,36.,-8.41360459837334));
#12794=CARTESIAN_POINT('Ctrl Pts',(-5.84494564719368,35.8,-8.41360459837334));
#12795=CARTESIAN_POINT('Ctrl Pts',(-5.802730962384,36.,-8.4421594100481));
#12796=CARTESIAN_POINT('Ctrl Pts',(-5.802730962384,35.8,-8.4421594100481));
#12797=CARTESIAN_POINT('',(-5.85830386345223,35.8,-8.36168451188345));
#12798=CARTESIAN_POINT('',(-5.85830386345223,36.,-8.36168451188345));
#12799=CARTESIAN_POINT('Ctrl Pts',(-5.85830386345223,35.8,-8.36168451188345));
#12800=CARTESIAN_POINT('Ctrl Pts',(-5.84494564719368,35.8,-8.41360459837334));
#12801=CARTESIAN_POINT('Ctrl Pts',(-5.802730962384,35.8,-8.4421594100481));
#12802=CARTESIAN_POINT('Ctrl Pts',(-5.83753897477,36.,-8.26758716680828));
#12803=CARTESIAN_POINT('Ctrl Pts',(-5.83753897477,35.8,-8.26758716680828));
#12804=CARTESIAN_POINT('Ctrl Pts',(-5.86522848912128,36.,-8.30852261874493));
#12805=CARTESIAN_POINT('Ctrl Pts',(-5.86522848912128,35.8,-8.30852261874493));
#12806=CARTESIAN_POINT('Ctrl Pts',(-5.85830386345223,36.,-8.36168451188345));
#12807=CARTESIAN_POINT('Ctrl Pts',(-5.85830386345223,35.8,-8.36168451188345));
#12808=CARTESIAN_POINT('',(-5.83753897477,35.8,-8.26758716680828));
#12809=CARTESIAN_POINT('',(-5.83753897477,36.,-8.26758716680828));
#12810=CARTESIAN_POINT('Ctrl Pts',(-5.83753897477,35.8,-8.26758716680828));
#12811=CARTESIAN_POINT('Ctrl Pts',(-5.86522848912128,35.8,-8.30852261874493));
#12812=CARTESIAN_POINT('Ctrl Pts',(-5.85830386345223,35.8,-8.36168451188345));
#12813=CARTESIAN_POINT('Origin',(-4.96964575932204,36.,-6.98451659516871));
#12814=CARTESIAN_POINT('',(-4.96964575932204,35.8,-6.98451659516871));
#12815=CARTESIAN_POINT('',(-4.96964575932204,36.,-6.98451659516871));
#12816=CARTESIAN_POINT('',(-4.96964575932204,35.8,-6.98451659516871));
#12817=CARTESIAN_POINT('Ctrl Pts',(-4.52572800864695,36.,-6.89883193641332));
#12818=CARTESIAN_POINT('Ctrl Pts',(-4.52572800864695,35.8,-6.89883193641332));
#12819=CARTESIAN_POINT('Ctrl Pts',(-4.63574203572671,36.,-6.82441636659425));
#12820=CARTESIAN_POINT('Ctrl Pts',(-4.63574203572671,35.8,-6.82441636659425));
#12821=CARTESIAN_POINT('Ctrl Pts',(-4.89782608147341,36.,-6.87834026670801));
#12822=CARTESIAN_POINT('Ctrl Pts',(-4.89782608147341,35.8,-6.87834026670801));
#12823=CARTESIAN_POINT('Ctrl Pts',(-4.96964575932204,36.,-6.98451659516871));
#12824=CARTESIAN_POINT('Ctrl Pts',(-4.96964575932204,35.8,-6.98451659516871));
#12825=CARTESIAN_POINT('Ctrl Pts',(-4.52572800864695,35.8,-6.89883193641332));
#12826=CARTESIAN_POINT('Ctrl Pts',(-4.63574203572671,35.8,-6.82441636659425));
#12827=CARTESIAN_POINT('Ctrl Pts',(-4.89782608147341,35.8,-6.87834026670801));
#12828=CARTESIAN_POINT('Ctrl Pts',(-4.96964575932204,35.8,-6.98451659516871));
#12829=CARTESIAN_POINT('Origin',(-5.21825339230181,35.8,-7.61547822378317));
#12830=CARTESIAN_POINT('Ctrl Pts',(-6.1986936957159,36.,-7.08411515034877));
#12831=CARTESIAN_POINT('Ctrl Pts',(-6.1986936957159,35.8,-7.08411515034877));
#12832=CARTESIAN_POINT('Ctrl Pts',(-6.13404279457454,36.,-7.1415622873471));
#12833=CARTESIAN_POINT('Ctrl Pts',(-6.13404279457454,35.8,-7.1415622873471));
#12834=CARTESIAN_POINT('Ctrl Pts',(-5.96628663077786,36.,-7.1294767895408));
#12835=CARTESIAN_POINT('Ctrl Pts',(-5.96628663077786,35.8,-7.1294767895408));
#12836=CARTESIAN_POINT('Ctrl Pts',(-5.91089117724375,36.,-7.06713484915449));
#12837=CARTESIAN_POINT('Ctrl Pts',(-5.91089117724375,35.8,-7.06713484915449));
#12838=CARTESIAN_POINT('',(-5.91089117724375,36.,-7.06713484915449));
#12839=CARTESIAN_POINT('',(-6.1986936957159,36.,-7.08411515034877));
#12840=CARTESIAN_POINT('Ctrl Pts',(-5.91089117724375,36.,-7.06713484915449));
#12841=CARTESIAN_POINT('Ctrl Pts',(-5.96628663077786,36.,-7.1294767895408));
#12842=CARTESIAN_POINT('Ctrl Pts',(-6.13404279457454,36.,-7.1415622873471));
#12843=CARTESIAN_POINT('Ctrl Pts',(-6.1986936957159,36.,-7.08411515034877));
#12844=CARTESIAN_POINT('',(-5.91089117724375,35.8,-7.06713484915449));
#12845=CARTESIAN_POINT('',(-5.91089117724375,36.,-7.06713484915449));
#12846=CARTESIAN_POINT('',(-6.1986936957159,35.8,-7.08411515034877));
#12847=CARTESIAN_POINT('Ctrl Pts',(-5.91089117724375,35.8,-7.06713484915449));
#12848=CARTESIAN_POINT('Ctrl Pts',(-5.96628663077786,35.8,-7.1294767895408));
#12849=CARTESIAN_POINT('Ctrl Pts',(-6.13404279457454,35.8,-7.1415622873471));
#12850=CARTESIAN_POINT('Ctrl Pts',(-6.1986936957159,35.8,-7.08411515034877));
#12851=CARTESIAN_POINT('',(-6.1986936957159,36.,-7.08411515034877));
#12852=CARTESIAN_POINT('Origin',(-6.28527972403023,36.,-7.00717702044028));
#12853=CARTESIAN_POINT('',(-6.28527972403023,36.,-7.00717702044028));
#12854=CARTESIAN_POINT('',(-6.26882838469307,36.,-7.02179525975362));
#12855=CARTESIAN_POINT('',(-6.28527972403023,35.8,-7.00717702044028));
#12856=CARTESIAN_POINT('',(-6.26361125198592,35.8,-7.02643107042408));
#12857=CARTESIAN_POINT('',(-6.28527972403023,36.,-7.00717702044028));
#12858=CARTESIAN_POINT('Ctrl Pts',(-6.30226002522451,36.,-6.71937450196813));
#12859=CARTESIAN_POINT('Ctrl Pts',(-6.30226002522451,35.8,-6.71937450196813));
#12860=CARTESIAN_POINT('Ctrl Pts',(-6.35868132049073,36.,-6.78287092273197));
#12861=CARTESIAN_POINT('Ctrl Pts',(-6.35868132049073,35.8,-6.78287092273197));
#12862=CARTESIAN_POINT('Ctrl Pts',(-6.34762166441654,36.,-6.95178156690617));
#12863=CARTESIAN_POINT('Ctrl Pts',(-6.34762166441654,35.8,-6.95178156690617));
#12864=CARTESIAN_POINT('Ctrl Pts',(-6.28527972403023,36.,-7.00717702044028));
#12865=CARTESIAN_POINT('Ctrl Pts',(-6.28527972403023,35.8,-7.00717702044028));
#12866=CARTESIAN_POINT('',(-6.30226002522451,36.,-6.71937450196813));
#12867=CARTESIAN_POINT('Ctrl Pts',(-6.28527972403023,36.,-7.00717702044028));
#12868=CARTESIAN_POINT('Ctrl Pts',(-6.34762166441654,36.,-6.95178156690617));
#12869=CARTESIAN_POINT('Ctrl Pts',(-6.35868132049073,36.,-6.78287092273197));
#12870=CARTESIAN_POINT('Ctrl Pts',(-6.30226002522451,36.,-6.71937450196813));
#12871=CARTESIAN_POINT('',(-6.30226002522451,35.8,-6.71937450196813));
#12872=CARTESIAN_POINT('Ctrl Pts',(-6.28527972403023,35.8,-7.00717702044028));
#12873=CARTESIAN_POINT('Ctrl Pts',(-6.34762166441654,35.8,-6.95178156690617));
#12874=CARTESIAN_POINT('Ctrl Pts',(-6.35868132049073,35.8,-6.78287092273197));
#12875=CARTESIAN_POINT('Ctrl Pts',(-6.30226002522451,35.8,-6.71937450196813));
#12876=CARTESIAN_POINT('',(-6.30226002522451,36.,-6.71937450196813));
#12877=CARTESIAN_POINT('Origin',(-5.96783562055562,36.,-6.34301389889519));
#12878=CARTESIAN_POINT('',(-5.96783562055562,36.,-6.34301389889519));
#12879=CARTESIAN_POINT('',(-3.07656485453155,36.,-3.0891831558148));
#12880=CARTESIAN_POINT('',(-5.96783562055562,35.8,-6.34301389889519));
#12881=CARTESIAN_POINT('',(-6.05107713367809,35.8,-6.43669374295591));
#12882=CARTESIAN_POINT('',(-5.96783562055562,36.,-6.34301389889519));
#12883=CARTESIAN_POINT('Ctrl Pts',(-5.67900726035136,36.,-6.32487911732339));
#12884=CARTESIAN_POINT('Ctrl Pts',(-5.67900726035136,35.8,-6.32487911732339));
#12885=CARTESIAN_POINT('Ctrl Pts',(-5.7425036811152,36.,-6.26845782205717));
#12886=CARTESIAN_POINT('Ctrl Pts',(-5.7425036811152,35.8,-6.26845782205717));
#12887=CARTESIAN_POINT('Ctrl Pts',(-5.9114143252894,36.,-6.27951747813136));
#12888=CARTESIAN_POINT('Ctrl Pts',(-5.9114143252894,35.8,-6.27951747813136));
#12889=CARTESIAN_POINT('Ctrl Pts',(-5.96783562055562,36.,-6.34301389889519));
#12890=CARTESIAN_POINT('Ctrl Pts',(-5.96783562055562,35.8,-6.34301389889519));
#12891=CARTESIAN_POINT('',(-5.67900726035136,36.,-6.32487911732339));
#12892=CARTESIAN_POINT('Ctrl Pts',(-5.96783562055562,36.,-6.34301389889519));
#12893=CARTESIAN_POINT('Ctrl Pts',(-5.9114143252894,36.,-6.27951747813136));
#12894=CARTESIAN_POINT('Ctrl Pts',(-5.7425036811152,36.,-6.26845782205717));
#12895=CARTESIAN_POINT('Ctrl Pts',(-5.67900726035136,36.,-6.32487911732339));
#12896=CARTESIAN_POINT('',(-5.67900726035136,35.8,-6.32487911732339));
#12897=CARTESIAN_POINT('Ctrl Pts',(-5.96783562055562,35.8,-6.34301389889519));
#12898=CARTESIAN_POINT('Ctrl Pts',(-5.9114143252894,35.8,-6.27951747813136));
#12899=CARTESIAN_POINT('Ctrl Pts',(-5.7425036811152,35.8,-6.26845782205717));
#12900=CARTESIAN_POINT('Ctrl Pts',(-5.67900726035136,35.8,-6.32487911732339));
#12901=CARTESIAN_POINT('',(-5.67900726035136,36.,-6.32487911732339));
#12902=CARTESIAN_POINT('Origin',(-5.59242123203703,36.,-6.40181724723188));
#12903=CARTESIAN_POINT('',(-5.59242123203703,36.,-6.40181724723188));
#12904=CARTESIAN_POINT('',(-5.61926290685705,36.,-6.37796642159097));
#12905=CARTESIAN_POINT('',(-5.59242123203703,35.8,-6.40181724723188));
#12906=CARTESIAN_POINT('',(-5.61404577414989,35.8,-6.38260223226143));
#12907=CARTESIAN_POINT('',(-5.59242123203703,36.,-6.40181724723188));
#12908=CARTESIAN_POINT('Ctrl Pts',(-5.57646677257487,36.,-6.69077424608155));
#12909=CARTESIAN_POINT('Ctrl Pts',(-5.57646677257487,35.8,-6.69077424608155));
#12910=CARTESIAN_POINT('Ctrl Pts',(-5.51799379384442,36.,-6.62496886456266));
#12911=CARTESIAN_POINT('Ctrl Pts',(-5.51799379384442,35.8,-6.62496886456266));
#12912=CARTESIAN_POINT('Ctrl Pts',(-5.53123377202824,36.,-6.45618685903387));
#12913=CARTESIAN_POINT('Ctrl Pts',(-5.53123377202824,35.8,-6.45618685903387));
#12914=CARTESIAN_POINT('Ctrl Pts',(-5.59242123203703,36.,-6.40181724723188));
#12915=CARTESIAN_POINT('Ctrl Pts',(-5.59242123203703,35.8,-6.40181724723188));
#12916=CARTESIAN_POINT('',(-5.57646677257487,36.,-6.69077424608155));
#12917=CARTESIAN_POINT('Ctrl Pts',(-5.59242123203703,36.,-6.40181724723188));
#12918=CARTESIAN_POINT('Ctrl Pts',(-5.53123377202824,36.,-6.45618685903387));
#12919=CARTESIAN_POINT('Ctrl Pts',(-5.51799379384442,36.,-6.62496886456266));
#12920=CARTESIAN_POINT('Ctrl Pts',(-5.57646677257487,36.,-6.69077424608155));
#12921=CARTESIAN_POINT('',(-5.57646677257487,35.8,-6.69077424608155));
#12922=CARTESIAN_POINT('Ctrl Pts',(-5.59242123203703,35.8,-6.40181724723188));
#12923=CARTESIAN_POINT('Ctrl Pts',(-5.53123377202824,35.8,-6.45618685903387));
#12924=CARTESIAN_POINT('Ctrl Pts',(-5.51799379384442,35.8,-6.62496886456266));
#12925=CARTESIAN_POINT('Ctrl Pts',(-5.57646677257487,35.8,-6.69077424608155));
#12926=CARTESIAN_POINT('',(-5.57646677257487,36.,-6.69077424608155));
#12927=CARTESIAN_POINT('Origin',(-5.91089117724375,36.,-7.06713484915449));
#12928=CARTESIAN_POINT('',(-2.85240820888524,36.,-3.62512380453763));
#12929=CARTESIAN_POINT('',(-5.82692048803178,35.8,-6.97263439167873));
#12930=CARTESIAN_POINT('Origin',(-5.72271087570728,36.,-7.23434705148893));
#12931=CARTESIAN_POINT('',(-5.72271087570728,35.8,-7.23434705148893));
#12932=CARTESIAN_POINT('',(-5.72271087570728,36.,-7.23434705148893));
#12933=CARTESIAN_POINT('',(-5.3882864710384,35.8,-6.85798644841599));
#12934=CARTESIAN_POINT('',(-5.72271087570728,35.8,-7.23434705148893));
#12935=CARTESIAN_POINT('',(-5.3882864710384,36.,-6.85798644841599));
#12936=CARTESIAN_POINT('Ctrl Pts',(-6.36488005631823,36.,-7.27114097150771));
#12937=CARTESIAN_POINT('Ctrl Pts',(-6.36488005631823,35.8,-7.27114097150771));
#12938=CARTESIAN_POINT('Ctrl Pts',(-6.22634241101531,36.,-7.39424197936129));
#12939=CARTESIAN_POINT('Ctrl Pts',(-6.22634241101531,35.8,-7.39424197936129));
#12940=CARTESIAN_POINT('Ctrl Pts',(-5.84786356702509,36.,-7.3751936575469));
#12941=CARTESIAN_POINT('Ctrl Pts',(-5.84786356702509,35.8,-7.3751936575469));
#12942=CARTESIAN_POINT('Ctrl Pts',(-5.72271087570728,36.,-7.23434705148893));
#12943=CARTESIAN_POINT('Ctrl Pts',(-5.72271087570728,35.8,-7.23434705148893));
#12944=CARTESIAN_POINT('',(-6.36488005631823,35.8,-7.27114097150771));
#12945=CARTESIAN_POINT('',(-6.36488005631823,36.,-7.27114097150771));
#12946=CARTESIAN_POINT('Ctrl Pts',(-6.36488005631823,35.8,-7.27114097150771));
#12947=CARTESIAN_POINT('Ctrl Pts',(-6.22634241101531,35.8,-7.39424197936129));
#12948=CARTESIAN_POINT('Ctrl Pts',(-5.84786356702509,35.8,-7.3751936575469));
#12949=CARTESIAN_POINT('Ctrl Pts',(-5.72271087570728,35.8,-7.23434705148893));
#12950=CARTESIAN_POINT('Origin',(-6.45146608463256,36.,-7.19420284159923));
#12951=CARTESIAN_POINT('',(-6.45146608463256,35.8,-7.19420284159923));
#12952=CARTESIAN_POINT('',(-6.45146608463256,36.,-7.19420284159923));
#12953=CARTESIAN_POINT('',(-6.45146608463256,35.8,-7.19420284159923));
#12954=CARTESIAN_POINT('Ctrl Pts',(-6.49044032676098,36.,-6.55216229963369));
#12955=CARTESIAN_POINT('Ctrl Pts',(-6.49044032676098,35.8,-6.55216229963369));
#12956=CARTESIAN_POINT('Ctrl Pts',(-6.61046380941821,36.,-6.68723650380404));
#12957=CARTESIAN_POINT('Ctrl Pts',(-6.61046380941821,35.8,-6.68723650380404));
#12958=CARTESIAN_POINT('Ctrl Pts',(-6.59346717106805,36.,-7.06802430854931));
#12959=CARTESIAN_POINT('Ctrl Pts',(-6.59346717106805,35.8,-7.06802430854931));
#12960=CARTESIAN_POINT('Ctrl Pts',(-6.45146608463256,36.,-7.19420284159923));
#12961=CARTESIAN_POINT('Ctrl Pts',(-6.45146608463256,35.8,-7.19420284159923));
#12962=CARTESIAN_POINT('',(-6.49044032676098,35.8,-6.55216229963369));
#12963=CARTESIAN_POINT('',(-6.49044032676098,36.,-6.55216229963369));
#12964=CARTESIAN_POINT('Ctrl Pts',(-6.49044032676098,35.8,-6.55216229963369));
#12965=CARTESIAN_POINT('Ctrl Pts',(-6.61046380941821,35.8,-6.68723650380404));
#12966=CARTESIAN_POINT('Ctrl Pts',(-6.59346717106805,35.8,-7.06802430854931));
#12967=CARTESIAN_POINT('Ctrl Pts',(-6.45146608463256,35.8,-7.19420284159923));
#12968=CARTESIAN_POINT('Origin',(-6.15601592209209,36.,-6.17580169656075));
#12969=CARTESIAN_POINT('',(-6.15601592209209,35.8,-6.17580169656075));
#12970=CARTESIAN_POINT('',(-6.15601592209209,36.,-6.17580169656075));
#12971=CARTESIAN_POINT('',(-6.15601592209209,35.8,-6.17580169656075));
#12972=CARTESIAN_POINT('Ctrl Pts',(-5.51282089974903,36.,-6.13785329616445));
#12973=CARTESIAN_POINT('Ctrl Pts',(-5.51282089974903,35.8,-6.13785329616445));
#12974=CARTESIAN_POINT('Ctrl Pts',(-5.65135854505195,36.,-6.01475228831087));
#12975=CARTESIAN_POINT('Ctrl Pts',(-5.65135854505195,35.8,-6.01475228831087));
#12976=CARTESIAN_POINT('Ctrl Pts',(-6.02778570557795,36.,-6.03149164937021));
#12977=CARTESIAN_POINT('Ctrl Pts',(-6.02778570557795,35.8,-6.03149164937021));
#12978=CARTESIAN_POINT('Ctrl Pts',(-6.15601592209209,36.,-6.17580169656075));
#12979=CARTESIAN_POINT('Ctrl Pts',(-6.15601592209209,35.8,-6.17580169656075));
#12980=CARTESIAN_POINT('',(-5.51282089974903,35.8,-6.13785329616445));
#12981=CARTESIAN_POINT('',(-5.51282089974903,36.,-6.13785329616445));
#12982=CARTESIAN_POINT('Ctrl Pts',(-5.51282089974903,35.8,-6.13785329616445));
#12983=CARTESIAN_POINT('Ctrl Pts',(-5.65135854505195,35.8,-6.01475228831087));
#12984=CARTESIAN_POINT('Ctrl Pts',(-6.02778570557795,35.8,-6.03149164937021));
#12985=CARTESIAN_POINT('Ctrl Pts',(-6.15601592209209,35.8,-6.17580169656075));
#12986=CARTESIAN_POINT('Origin',(-5.4262348714347,36.,-6.21479142607293));
#12987=CARTESIAN_POINT('',(-5.4262348714347,35.8,-6.21479142607293));
#12988=CARTESIAN_POINT('',(-5.4262348714347,36.,-6.21479142607293));
#12989=CARTESIAN_POINT('',(-5.4262348714347,35.8,-6.21479142607293));
#12990=CARTESIAN_POINT('Ctrl Pts',(-5.3882864710384,36.,-6.85798644841599));
#12991=CARTESIAN_POINT('Ctrl Pts',(-5.3882864710384,35.8,-6.85798644841599));
#12992=CARTESIAN_POINT('Ctrl Pts',(-5.26518546318482,36.,-6.71944880311307));
#12993=CARTESIAN_POINT('Ctrl Pts',(-5.26518546318482,35.8,-6.71944880311307));
#12994=CARTESIAN_POINT('Ctrl Pts',(-5.28307930462168,36.,-6.34199580085496));
#12995=CARTESIAN_POINT('Ctrl Pts',(-5.28307930462168,35.8,-6.34199580085496));
#12996=CARTESIAN_POINT('Ctrl Pts',(-5.4262348714347,36.,-6.21479142607293));
#12997=CARTESIAN_POINT('Ctrl Pts',(-5.4262348714347,35.8,-6.21479142607293));
#12998=CARTESIAN_POINT('Ctrl Pts',(-5.3882864710384,35.8,-6.85798644841599));
#12999=CARTESIAN_POINT('Ctrl Pts',(-5.26518546318482,35.8,-6.71944880311307));
#13000=CARTESIAN_POINT('Ctrl Pts',(-5.28307930462168,35.8,-6.34199580085496));
#13001=CARTESIAN_POINT('Ctrl Pts',(-5.4262348714347,35.8,-6.21479142607293));
#13002=CARTESIAN_POINT('Origin',(-5.93859029287875,35.8,-6.70429279562316));
#13003=CARTESIAN_POINT('Origin',(-8.95547638776042,36.,-4.71693747737361));
#13004=CARTESIAN_POINT('',(-8.95547638776042,35.8,-4.71693747737361));
#13005=CARTESIAN_POINT('',(-8.95547638776042,36.,-4.71693747737361));
#13006=CARTESIAN_POINT('',(-8.55769493175619,35.8,-4.4948116747551));
#13007=CARTESIAN_POINT('',(-8.95547638776042,35.8,-4.71693747737361));
#13008=CARTESIAN_POINT('',(-8.55769493175619,36.,-4.4948116747551));
#13009=CARTESIAN_POINT('Ctrl Pts',(-9.12568821131446,36.,-4.66870660305413));
#13010=CARTESIAN_POINT('Ctrl Pts',(-9.12568821131446,35.8,-4.66870660305413));
#13011=CARTESIAN_POINT('Ctrl Pts',(-9.10309914664139,36.,-4.70915895451219));
#13012=CARTESIAN_POINT('Ctrl Pts',(-9.10309914664139,35.8,-4.70915895451219));
#13013=CARTESIAN_POINT('Ctrl Pts',(-9.00941285637117,36.,-4.74705623027103));
#13014=CARTESIAN_POINT('Ctrl Pts',(-9.00941285637117,35.8,-4.74705623027103));
#13015=CARTESIAN_POINT('Ctrl Pts',(-8.95547638776042,36.,-4.71693747737361));
#13016=CARTESIAN_POINT('Ctrl Pts',(-8.95547638776042,35.8,-4.71693747737361));
#13017=CARTESIAN_POINT('',(-9.12568821131446,35.8,-4.66870660305413));
#13018=CARTESIAN_POINT('',(-9.12568821131446,36.,-4.66870660305413));
#13019=CARTESIAN_POINT('Ctrl Pts',(-9.12568821131446,35.8,-4.66870660305413));
#13020=CARTESIAN_POINT('Ctrl Pts',(-9.10309914664139,35.8,-4.70915895451219));
#13021=CARTESIAN_POINT('Ctrl Pts',(-9.00941285637117,35.8,-4.74705623027103));
#13022=CARTESIAN_POINT('Ctrl Pts',(-8.95547638776042,35.8,-4.71693747737361));
#13023=CARTESIAN_POINT('Ctrl Pts',(-9.13909990238699,36.,-4.57183202893727));
#13024=CARTESIAN_POINT('Ctrl Pts',(-9.13909990238699,35.8,-4.57183202893727));
#13025=CARTESIAN_POINT('Ctrl Pts',(-9.15053618245484,36.,-4.62420901645027));
#13026=CARTESIAN_POINT('Ctrl Pts',(-9.15053618245484,35.8,-4.62420901645027));
#13027=CARTESIAN_POINT('Ctrl Pts',(-9.12568821131446,36.,-4.66870660305413));
#13028=CARTESIAN_POINT('Ctrl Pts',(-9.12568821131446,35.8,-4.66870660305413));
#13029=CARTESIAN_POINT('',(-9.13909990238699,35.8,-4.57183202893727));
#13030=CARTESIAN_POINT('',(-9.13909990238699,36.,-4.57183202893727));
#13031=CARTESIAN_POINT('Ctrl Pts',(-9.13909990238699,35.8,-4.57183202893727));
#13032=CARTESIAN_POINT('Ctrl Pts',(-9.15053618245484,35.8,-4.62420901645027));
#13033=CARTESIAN_POINT('Ctrl Pts',(-9.12568821131446,35.8,-4.66870660305413));
#13034=CARTESIAN_POINT('Ctrl Pts',(-9.07821030581743,36.,-4.49714636778482));
#13035=CARTESIAN_POINT('Ctrl Pts',(-9.07821030581743,35.8,-4.49714636778482));
#13036=CARTESIAN_POINT('Ctrl Pts',(-9.12135948070602,36.,-4.52124137010277));
#13037=CARTESIAN_POINT('Ctrl Pts',(-9.12135948070602,35.8,-4.52124137010277));
#13038=CARTESIAN_POINT('Ctrl Pts',(-9.13909990238699,36.,-4.57183202893727));
#13039=CARTESIAN_POINT('Ctrl Pts',(-9.13909990238699,35.8,-4.57183202893727));
#13040=CARTESIAN_POINT('',(-9.07821030581743,35.8,-4.49714636778482));
#13041=CARTESIAN_POINT('',(-9.07821030581743,36.,-4.49714636778482));
#13042=CARTESIAN_POINT('Ctrl Pts',(-9.07821030581743,35.8,-4.49714636778482));
#13043=CARTESIAN_POINT('Ctrl Pts',(-9.12135948070602,35.8,-4.52124137010277));
#13044=CARTESIAN_POINT('Ctrl Pts',(-9.13909990238699,35.8,-4.57183202893727));
#13045=CARTESIAN_POINT('Origin',(-7.55720189099446,36.,-3.64779753607745));
#13046=CARTESIAN_POINT('',(-7.55720189099446,35.8,-3.64779753607745));
#13047=CARTESIAN_POINT('',(-7.55720189099446,36.,-3.64779753607745));
#13048=CARTESIAN_POINT('',(-7.55720189099446,35.8,-3.64779753607745));
#13049=CARTESIAN_POINT('Ctrl Pts',(-7.38488868690271,36.,-3.69662385328975));
#13050=CARTESIAN_POINT('Ctrl Pts',(-7.38488868690271,35.8,-3.69662385328975));
#13051=CARTESIAN_POINT('Ctrl Pts',(-7.40973665804309,36.,-3.65212626668589));
#13052=CARTESIAN_POINT('Ctrl Pts',(-7.40973665804309,35.8,-3.65212626668589));
#13053=CARTESIAN_POINT('Ctrl Pts',(-7.50191701066845,36.,-3.61692581435759));
#13054=CARTESIAN_POINT('Ctrl Pts',(-7.50191701066845,35.8,-3.61692581435759));
#13055=CARTESIAN_POINT('Ctrl Pts',(-7.55720189099446,36.,-3.64779753607745));
#13056=CARTESIAN_POINT('Ctrl Pts',(-7.55720189099446,35.8,-3.64779753607745));
#13057=CARTESIAN_POINT('',(-7.38488868690271,35.8,-3.69662385328975));
#13058=CARTESIAN_POINT('',(-7.38488868690271,36.,-3.69662385328975));
#13059=CARTESIAN_POINT('Ctrl Pts',(-7.38488868690271,35.8,-3.69662385328975));
#13060=CARTESIAN_POINT('Ctrl Pts',(-7.40973665804309,35.8,-3.65212626668589));
#13061=CARTESIAN_POINT('Ctrl Pts',(-7.50191701066845,35.8,-3.61692581435759));
#13062=CARTESIAN_POINT('Ctrl Pts',(-7.55720189099446,35.8,-3.64779753607745));
#13063=CARTESIAN_POINT('Ctrl Pts',(-7.37147699583019,36.,-3.79349842740662));
#13064=CARTESIAN_POINT('Ctrl Pts',(-7.37147699583019,35.8,-3.79349842740662));
#13065=CARTESIAN_POINT('Ctrl Pts',(-7.3592877469399,36.,-3.74246985160888));
#13066=CARTESIAN_POINT('Ctrl Pts',(-7.3592877469399,35.8,-3.74246985160888));
#13067=CARTESIAN_POINT('Ctrl Pts',(-7.38488868690271,36.,-3.69662385328975));
#13068=CARTESIAN_POINT('Ctrl Pts',(-7.38488868690271,35.8,-3.69662385328975));
#13069=CARTESIAN_POINT('',(-7.37147699583019,35.8,-3.79349842740662));
#13070=CARTESIAN_POINT('',(-7.37147699583019,36.,-3.79349842740662));
#13071=CARTESIAN_POINT('Ctrl Pts',(-7.37147699583019,35.8,-3.79349842740662));
#13072=CARTESIAN_POINT('Ctrl Pts',(-7.3592877469399,35.8,-3.74246985160888));
#13073=CARTESIAN_POINT('Ctrl Pts',(-7.38488868690271,35.8,-3.69662385328975));
#13074=CARTESIAN_POINT('Ctrl Pts',(-7.43446797293745,36.,-3.86758864566623));
#13075=CARTESIAN_POINT('Ctrl Pts',(-7.43446797293745,35.8,-3.86758864566623));
#13076=CARTESIAN_POINT('Ctrl Pts',(-7.38322832775725,36.,-3.83897583041367));
#13077=CARTESIAN_POINT('Ctrl Pts',(-7.38322832775725,35.8,-3.83897583041367));
#13078=CARTESIAN_POINT('Ctrl Pts',(-7.37147699583019,36.,-3.79349842740662));
#13079=CARTESIAN_POINT('Ctrl Pts',(-7.37147699583019,35.8,-3.79349842740662));
#13080=CARTESIAN_POINT('',(-7.43446797293745,35.8,-3.86758864566623));
#13081=CARTESIAN_POINT('',(-7.43446797293745,36.,-3.86758864566623));
#13082=CARTESIAN_POINT('Ctrl Pts',(-7.43446797293745,35.8,-3.86758864566623));
#13083=CARTESIAN_POINT('Ctrl Pts',(-7.38322832775725,35.8,-3.83897583041367));
#13084=CARTESIAN_POINT('Ctrl Pts',(-7.37147699583019,35.8,-3.79349842740662));
#13085=CARTESIAN_POINT('Origin',(-8.33925223388268,36.,-4.37283072552053));
#13086=CARTESIAN_POINT('',(-8.33925223388268,35.8,-4.37283072552053));
#13087=CARTESIAN_POINT('',(-8.33925223388268,36.,-4.37283072552053));
#13088=CARTESIAN_POINT('',(-8.33925223388268,35.8,-4.37283072552053));
#13089=CARTESIAN_POINT('Origin',(-8.16456346707761,36.,-4.68566224346284));
#13090=CARTESIAN_POINT('',(-8.16456346707761,35.8,-4.68566224346284));
#13091=CARTESIAN_POINT('',(-8.16456346707761,36.,-4.68566224346284));
#13092=CARTESIAN_POINT('',(-8.16456346707761,35.8,-4.68566224346284));
#13093=CARTESIAN_POINT('Ctrl Pts',(-7.94106416125853,36.,-4.7501276018184));
#13094=CARTESIAN_POINT('Ctrl Pts',(-7.94106416125853,35.8,-4.7501276018184));
#13095=CARTESIAN_POINT('Ctrl Pts',(-8.00174268844562,36.,-4.78401119882801));
#13096=CARTESIAN_POINT('Ctrl Pts',(-8.00174268844562,35.8,-4.78401119882801));
#13097=CARTESIAN_POINT('Ctrl Pts',(-8.12917393242314,36.,-4.74903759408046));
#13098=CARTESIAN_POINT('Ctrl Pts',(-8.12917393242314,35.8,-4.74903759408046));
#13099=CARTESIAN_POINT('Ctrl Pts',(-8.16456346707761,36.,-4.68566224346284));
#13100=CARTESIAN_POINT('Ctrl Pts',(-8.16456346707761,35.8,-4.68566224346284));
#13101=CARTESIAN_POINT('',(-7.94106416125853,35.8,-4.7501276018184));
#13102=CARTESIAN_POINT('',(-7.94106416125853,36.,-4.7501276018184));
#13103=CARTESIAN_POINT('Ctrl Pts',(-7.94106416125853,35.8,-4.7501276018184));
#13104=CARTESIAN_POINT('Ctrl Pts',(-8.00174268844562,35.8,-4.78401119882801));
#13105=CARTESIAN_POINT('Ctrl Pts',(-8.12917393242314,35.8,-4.74903759408046));
#13106=CARTESIAN_POINT('Ctrl Pts',(-8.16456346707761,35.8,-4.68566224346284));
#13107=CARTESIAN_POINT('Origin',(-7.17921154213178,36.,-4.32470021714228));
#13108=CARTESIAN_POINT('',(-7.17921154213178,35.8,-4.32470021714228));
#13109=CARTESIAN_POINT('',(-7.17921154213178,36.,-4.32470021714228));
#13110=CARTESIAN_POINT('',(-7.17921154213178,35.8,-4.32470021714228));
#13111=CARTESIAN_POINT('Ctrl Pts',(-7.00689833804003,36.,-4.37352653435458));
#13112=CARTESIAN_POINT('Ctrl Pts',(-7.00689833804003,35.8,-4.37352653435458));
#13113=CARTESIAN_POINT('Ctrl Pts',(-7.03174630918041,36.,-4.32902894775072));
#13114=CARTESIAN_POINT('Ctrl Pts',(-7.03174630918041,35.8,-4.32902894775072));
#13115=CARTESIAN_POINT('Ctrl Pts',(-7.12392666180576,36.,-4.29382849542242));
#13116=CARTESIAN_POINT('Ctrl Pts',(-7.12392666180576,35.8,-4.29382849542242));
#13117=CARTESIAN_POINT('Ctrl Pts',(-7.17921154213178,36.,-4.32470021714228));
#13118=CARTESIAN_POINT('Ctrl Pts',(-7.17921154213178,35.8,-4.32470021714228));
#13119=CARTESIAN_POINT('',(-7.00689833804003,35.8,-4.37352653435458));
#13120=CARTESIAN_POINT('',(-7.00689833804003,36.,-4.37352653435458));
#13121=CARTESIAN_POINT('Ctrl Pts',(-7.00689833804003,35.8,-4.37352653435458));
#13122=CARTESIAN_POINT('Ctrl Pts',(-7.03174630918041,35.8,-4.32902894775072));
#13123=CARTESIAN_POINT('Ctrl Pts',(-7.12392666180576,35.8,-4.29382849542242));
#13124=CARTESIAN_POINT('Ctrl Pts',(-7.17921154213178,35.8,-4.32470021714228));
#13125=CARTESIAN_POINT('Ctrl Pts',(-6.99348664696751,36.,-4.47040110847145));
#13126=CARTESIAN_POINT('Ctrl Pts',(-6.99348664696751,35.8,-4.47040110847145));
#13127=CARTESIAN_POINT('Ctrl Pts',(-6.98129739807722,36.,-4.41937253267371));
#13128=CARTESIAN_POINT('Ctrl Pts',(-6.98129739807722,35.8,-4.41937253267371));
#13129=CARTESIAN_POINT('Ctrl Pts',(-7.00689833804003,36.,-4.37352653435458));
#13130=CARTESIAN_POINT('Ctrl Pts',(-7.00689833804003,35.8,-4.37352653435458));
#13131=CARTESIAN_POINT('',(-6.99348664696751,35.8,-4.47040110847145));
#13132=CARTESIAN_POINT('',(-6.99348664696751,36.,-4.47040110847145));
#13133=CARTESIAN_POINT('Ctrl Pts',(-6.99348664696751,35.8,-4.47040110847145));
#13134=CARTESIAN_POINT('Ctrl Pts',(-6.98129739807722,35.8,-4.41937253267371));
#13135=CARTESIAN_POINT('Ctrl Pts',(-7.00689833804003,35.8,-4.37352653435458));
#13136=CARTESIAN_POINT('Ctrl Pts',(-7.05647762407477,36.,-4.54449132673106));
#13137=CARTESIAN_POINT('Ctrl Pts',(-7.05647762407477,35.8,-4.54449132673106));
#13138=CARTESIAN_POINT('Ctrl Pts',(-7.00523797889456,36.,-4.51587851147851));
#13139=CARTESIAN_POINT('Ctrl Pts',(-7.00523797889456,35.8,-4.51587851147851));
#13140=CARTESIAN_POINT('Ctrl Pts',(-6.99348664696751,36.,-4.47040110847145));
#13141=CARTESIAN_POINT('Ctrl Pts',(-6.99348664696751,35.8,-4.47040110847145));
#13142=CARTESIAN_POINT('',(-7.05647762407477,35.8,-4.54449132673106));
#13143=CARTESIAN_POINT('',(-7.05647762407477,36.,-4.54449132673106));
#13144=CARTESIAN_POINT('Ctrl Pts',(-7.05647762407477,35.8,-4.54449132673106));
#13145=CARTESIAN_POINT('Ctrl Pts',(-7.00523797889456,35.8,-4.51587851147851));
#13146=CARTESIAN_POINT('Ctrl Pts',(-6.99348664696751,35.8,-4.47040110847145));
#13147=CARTESIAN_POINT('Origin',(-7.81698183148626,36.,-4.96916574258475));
#13148=CARTESIAN_POINT('',(-7.81698183148626,35.8,-4.96916574258475));
#13149=CARTESIAN_POINT('',(-7.81698183148626,36.,-4.96916574258475));
#13150=CARTESIAN_POINT('',(-7.81698183148626,35.8,-4.96916574258475));
#13151=CARTESIAN_POINT('Ctrl Pts',(-8.38300616495112,36.,-4.80764319269741));
#13152=CARTESIAN_POINT('Ctrl Pts',(-8.38300616495112,35.8,-4.80764319269741));
#13153=CARTESIAN_POINT('Ctrl Pts',(-8.30017959448321,36.,-4.95596848137695));
#13154=CARTESIAN_POINT('Ctrl Pts',(-8.30017959448321,35.8,-4.95596848137695));
#13155=CARTESIAN_POINT('Ctrl Pts',(-7.96800394359634,36.,-5.05349825069754));
#13156=CARTESIAN_POINT('Ctrl Pts',(-7.96800394359634,35.8,-5.05349825069754));
#13157=CARTESIAN_POINT('Ctrl Pts',(-7.81698183148626,36.,-4.96916574258475));
#13158=CARTESIAN_POINT('Ctrl Pts',(-7.81698183148626,35.8,-4.96916574258475));
#13159=CARTESIAN_POINT('',(-8.38300616495112,35.8,-4.80764319269741));
#13160=CARTESIAN_POINT('',(-8.38300616495112,36.,-4.80764319269741));
#13161=CARTESIAN_POINT('Ctrl Pts',(-8.38300616495112,35.8,-4.80764319269741));
#13162=CARTESIAN_POINT('Ctrl Pts',(-8.30017959448321,35.8,-4.95596848137695));
#13163=CARTESIAN_POINT('Ctrl Pts',(-7.96800394359634,35.8,-5.05349825069754));
#13164=CARTESIAN_POINT('Ctrl Pts',(-7.81698183148626,35.8,-4.96916574258475));
#13165=CARTESIAN_POINT('Origin',(-8.55769493175619,36.,-4.4948116747551));
#13166=CARTESIAN_POINT('',(-8.55769493175619,35.8,-4.4948116747551));
#13167=CARTESIAN_POINT('Origin',(-8.01365600476726,35.8,-4.4017013893554));
#13168=CARTESIAN_POINT('Origin',(-8.62048838054831,36.,-3.35899176374735));
#13169=CARTESIAN_POINT('',(-8.46333900105734,36.,-3.30309214175288));
#13170=CARTESIAN_POINT('',(-8.62048838054831,36.,-3.35899176374735));
#13171=CARTESIAN_POINT('',(-4.26404936105575,36.,-1.80936239059679));
#13172=CARTESIAN_POINT('',(-8.46333900105734,35.8,-3.30309214175288));
#13173=CARTESIAN_POINT('',(-8.46333900105734,36.,-3.30309214175288));
#13174=CARTESIAN_POINT('',(-8.62048838054831,35.8,-3.35899176374735));
#13175=CARTESIAN_POINT('',(-8.43687874246471,35.8,-3.29367996043855));
#13176=CARTESIAN_POINT('',(-8.62048838054831,36.,-3.35899176374735));
#13177=CARTESIAN_POINT('Ctrl Pts',(-8.83156470609407,36.,-3.25867950400545));
#13178=CARTESIAN_POINT('Ctrl Pts',(-8.83156470609407,35.8,-3.25867950400545));
#13179=CARTESIAN_POINT('Ctrl Pts',(-8.80723801874462,36.,-3.32706858582097));
#13180=CARTESIAN_POINT('Ctrl Pts',(-8.80723801874462,35.8,-3.32706858582097));
#13181=CARTESIAN_POINT('Ctrl Pts',(-8.68596728866954,36.,-3.38228327291172));
#13182=CARTESIAN_POINT('Ctrl Pts',(-8.68596728866954,35.8,-3.38228327291172));
#13183=CARTESIAN_POINT('Ctrl Pts',(-8.62048838054831,36.,-3.35899176374735));
#13184=CARTESIAN_POINT('Ctrl Pts',(-8.62048838054831,35.8,-3.35899176374735));
#13185=CARTESIAN_POINT('',(-8.83156470609407,36.,-3.25867950400545));
#13186=CARTESIAN_POINT('Ctrl Pts',(-8.62048838054831,36.,-3.35899176374735));
#13187=CARTESIAN_POINT('Ctrl Pts',(-8.68596728866954,36.,-3.38228327291172));
#13188=CARTESIAN_POINT('Ctrl Pts',(-8.80723801874462,36.,-3.32706858582097));
#13189=CARTESIAN_POINT('Ctrl Pts',(-8.83156470609407,36.,-3.25867950400545));
#13190=CARTESIAN_POINT('',(-8.83156470609407,35.8,-3.25867950400545));
#13191=CARTESIAN_POINT('Ctrl Pts',(-8.62048838054831,35.8,-3.35899176374735));
#13192=CARTESIAN_POINT('Ctrl Pts',(-8.68596728866954,35.8,-3.38228327291172));
#13193=CARTESIAN_POINT('Ctrl Pts',(-8.80723801874462,35.8,-3.32706858582097));
#13194=CARTESIAN_POINT('Ctrl Pts',(-8.83156470609407,35.8,-3.25867950400545));
#13195=CARTESIAN_POINT('',(-8.83156470609407,36.,-3.25867950400545));
#13196=CARTESIAN_POINT('Origin',(-8.89626334266174,36.,-3.07679364811312));
#13197=CARTESIAN_POINT('',(-8.89626334266174,36.,-3.07679364811312));
#13198=CARTESIAN_POINT('',(-8.88241783714534,36.,-3.11571721365811));
#13199=CARTESIAN_POINT('',(-8.89626334266174,35.8,-3.07679364811312));
#13200=CARTESIAN_POINT('',(-8.88069200101815,35.8,-3.1205690188549));
#13201=CARTESIAN_POINT('',(-8.89626334266174,36.,-3.07679364811312));
#13202=CARTESIAN_POINT('Ctrl Pts',(-8.90682060498369,36.,-2.96416587830053));
#13203=CARTESIAN_POINT('Ctrl Pts',(-8.90682060498369,35.8,-2.96416587830053));
#13204=CARTESIAN_POINT('Ctrl Pts',(-8.92007244091865,36.,-3.00985965314474));
#13205=CARTESIAN_POINT('Ctrl Pts',(-8.92007244091865,35.8,-3.00985965314474));
#13206=CARTESIAN_POINT('Ctrl Pts',(-8.89626334266174,36.,-3.07679364811312));
#13207=CARTESIAN_POINT('Ctrl Pts',(-8.89626334266174,35.8,-3.07679364811312));
#13208=CARTESIAN_POINT('',(-8.90682060498369,36.,-2.96416587830053));
#13209=CARTESIAN_POINT('Ctrl Pts',(-8.89626334266174,36.,-3.07679364811312));
#13210=CARTESIAN_POINT('Ctrl Pts',(-8.92007244091865,36.,-3.00985965314474));
#13211=CARTESIAN_POINT('Ctrl Pts',(-8.90682060498369,36.,-2.96416587830053));
#13212=CARTESIAN_POINT('',(-8.90682060498369,35.8,-2.96416587830053));
#13213=CARTESIAN_POINT('Ctrl Pts',(-8.89626334266174,35.8,-3.07679364811312));
#13214=CARTESIAN_POINT('Ctrl Pts',(-8.92007244091865,35.8,-3.00985965314474));
#13215=CARTESIAN_POINT('Ctrl Pts',(-8.90682060498369,35.8,-2.96416587830053));
#13216=CARTESIAN_POINT('',(-8.90682060498369,36.,-2.96416587830053));
#13217=CARTESIAN_POINT('Ctrl Pts',(-8.79595108291984,36.,-2.86571732256736));
#13218=CARTESIAN_POINT('Ctrl Pts',(-8.79595108291984,35.8,-2.86571732256736));
#13219=CARTESIAN_POINT('Ctrl Pts',(-8.82941808040403,36.,-2.87762187169581));
#13220=CARTESIAN_POINT('Ctrl Pts',(-8.82941808040403,35.8,-2.87762187169581));
#13221=CARTESIAN_POINT('Ctrl Pts',(-8.87694754420718,36.,-2.91911655991946));
#13222=CARTESIAN_POINT('Ctrl Pts',(-8.87694754420718,35.8,-2.91911655991946));
#13223=CARTESIAN_POINT('Ctrl Pts',(-8.90682060498369,36.,-2.96416587830053));
#13224=CARTESIAN_POINT('Ctrl Pts',(-8.90682060498369,35.8,-2.96416587830053));
#13225=CARTESIAN_POINT('',(-8.79595108291984,36.,-2.86571732256736));
#13226=CARTESIAN_POINT('Ctrl Pts',(-8.90682060498369,36.,-2.96416587830053));
#13227=CARTESIAN_POINT('Ctrl Pts',(-8.87694754420718,36.,-2.91911655991946));
#13228=CARTESIAN_POINT('Ctrl Pts',(-8.82941808040403,36.,-2.87762187169581));
#13229=CARTESIAN_POINT('Ctrl Pts',(-8.79595108291984,36.,-2.86571732256736));
#13230=CARTESIAN_POINT('',(-8.79595108291984,35.8,-2.86571732256736));
#13231=CARTESIAN_POINT('Ctrl Pts',(-8.90682060498369,35.8,-2.96416587830053));
#13232=CARTESIAN_POINT('Ctrl Pts',(-8.87694754420718,35.8,-2.91911655991946));
#13233=CARTESIAN_POINT('Ctrl Pts',(-8.82941808040403,35.8,-2.87762187169581));
#13234=CARTESIAN_POINT('Ctrl Pts',(-8.79595108291984,35.8,-2.86571732256736));
#13235=CARTESIAN_POINT('',(-8.79595108291984,36.,-2.86571732256736));
#13236=CARTESIAN_POINT('Origin',(-8.63880170342887,36.,-2.80981770057289));
#13237=CARTESIAN_POINT('',(-8.63880170342887,36.,-2.80981770057289));
#13238=CARTESIAN_POINT('',(-4.3609373736818,36.,-1.28813813841956));
#13239=CARTESIAN_POINT('',(-8.63880170342887,35.8,-2.80981770057289));
#13240=CARTESIAN_POINT('',(-8.53376675509076,35.8,-2.77245570826132));
#13241=CARTESIAN_POINT('',(-8.63880170342887,36.,-2.80981770057289));
#13242=CARTESIAN_POINT('Origin',(-8.46333900105734,36.,-3.30309214175288));
#13243=CARTESIAN_POINT('',(-8.50953383027574,36.,-3.17322563302978));
#13244=CARTESIAN_POINT('',(-8.50780799414854,35.8,-3.17807743822657));
#13245=CARTESIAN_POINT('Origin',(-8.18569021532502,36.,-3.33710474337941));
#13246=CARTESIAN_POINT('',(-8.18569021532502,35.8,-3.33710474337941));
#13247=CARTESIAN_POINT('',(-8.18569021532502,36.,-3.33710474337941));
#13248=CARTESIAN_POINT('',(-8.40307763419241,35.8,-2.72596826758118));
#13249=CARTESIAN_POINT('',(-8.18569021532502,35.8,-3.33710474337941));
#13250=CARTESIAN_POINT('',(-8.40307763419241,36.,-2.72596826758118));
#13251=CARTESIAN_POINT('Ctrl Pts',(-8.262565031202,36.,-3.49886417043317));
#13252=CARTESIAN_POINT('Ctrl Pts',(-8.262565031202,35.8,-3.49886417043317));
#13253=CARTESIAN_POINT('Ctrl Pts',(-8.14324790973663,36.,-3.45642186484477));
#13254=CARTESIAN_POINT('Ctrl Pts',(-8.14324790973663,35.8,-3.45642186484477));
#13255=CARTESIAN_POINT('Ctrl Pts',(-8.18569021532502,36.,-3.3371047433794));
#13256=CARTESIAN_POINT('Ctrl Pts',(-8.18569021532502,35.8,-3.3371047433794));
#13257=CARTESIAN_POINT('',(-8.262565031202,35.8,-3.49886417043317));
#13258=CARTESIAN_POINT('',(-8.262565031202,36.,-3.49886417043317));
#13259=CARTESIAN_POINT('Ctrl Pts',(-8.262565031202,35.8,-3.49886417043317));
#13260=CARTESIAN_POINT('Ctrl Pts',(-8.14324790973663,35.8,-3.45642186484477));
#13261=CARTESIAN_POINT('Ctrl Pts',(-8.18569021532502,35.8,-3.3371047433794));
#13262=CARTESIAN_POINT('Origin',(-8.53612135846406,36.,-3.59617091983095));
#13263=CARTESIAN_POINT('',(-8.53612135846406,35.8,-3.59617091983095));
#13264=CARTESIAN_POINT('',(-8.53612135846406,36.,-3.59617091983095));
#13265=CARTESIAN_POINT('',(-8.53612135846406,35.8,-3.59617091983095));
#13266=CARTESIAN_POINT('Ctrl Pts',(-9.06728877533053,36.,-3.34252893699716));
#13267=CARTESIAN_POINT('Ctrl Pts',(-9.06728877533053,35.8,-3.34252893699716));
#13268=CARTESIAN_POINT('Ctrl Pts',(-9.01035397515097,36.,-3.50258849018241));
#13269=CARTESIAN_POINT('Ctrl Pts',(-9.01035397515097,35.8,-3.50258849018241));
#13270=CARTESIAN_POINT('Ctrl Pts',(-8.69909108534359,36.,-3.65414089819559));
#13271=CARTESIAN_POINT('Ctrl Pts',(-8.69909108534359,35.8,-3.65414089819559));
#13272=CARTESIAN_POINT('Ctrl Pts',(-8.53612135846406,36.,-3.59617091983095));
#13273=CARTESIAN_POINT('Ctrl Pts',(-8.53612135846406,35.8,-3.59617091983095));
#13274=CARTESIAN_POINT('',(-9.06728877533053,35.8,-3.34252893699716));
#13275=CARTESIAN_POINT('',(-9.06728877533053,36.,-3.34252893699716));
#13276=CARTESIAN_POINT('Ctrl Pts',(-9.06728877533053,35.8,-3.34252893699716));
#13277=CARTESIAN_POINT('Ctrl Pts',(-9.01035397515097,35.8,-3.50258849018241));
#13278=CARTESIAN_POINT('Ctrl Pts',(-8.69909108534359,35.8,-3.65414089819559));
#13279=CARTESIAN_POINT('Ctrl Pts',(-8.53612135846406,35.8,-3.59617091983095));
#13280=CARTESIAN_POINT('Origin',(-9.1319874118982,36.,-3.16064308110483));
#13281=CARTESIAN_POINT('',(-9.1319874118982,35.8,-3.16064308110483));
#13282=CARTESIAN_POINT('',(-9.1319874118982,36.,-3.16064308110483));
#13283=CARTESIAN_POINT('',(-9.1319874118982,35.8,-3.16064308110483));
#13284=CARTESIAN_POINT('Ctrl Pts',(-8.88031810500409,36.,-2.62853816648376));
#13285=CARTESIAN_POINT('Ctrl Pts',(-8.88031810500409,35.8,-2.62853816648376));
#13286=CARTESIAN_POINT('Ctrl Pts',(-9.03746748449506,36.,-2.68443778847823));
#13287=CARTESIAN_POINT('Ctrl Pts',(-9.03746748449506,35.8,-2.68443778847823));
#13288=CARTESIAN_POINT('Ctrl Pts',(-9.19099256844792,36.,-2.99476318053102));
#13289=CARTESIAN_POINT('Ctrl Pts',(-9.19099256844792,35.8,-2.99476318053102));
#13290=CARTESIAN_POINT('Ctrl Pts',(-9.1319874118982,36.,-3.16064308110483));
#13291=CARTESIAN_POINT('Ctrl Pts',(-9.1319874118982,35.8,-3.16064308110483));
#13292=CARTESIAN_POINT('',(-8.88031810500409,35.8,-2.62853816648376));
#13293=CARTESIAN_POINT('',(-8.88031810500409,36.,-2.62853816648376));
#13294=CARTESIAN_POINT('Ctrl Pts',(-8.88031810500409,35.8,-2.62853816648376));
#13295=CARTESIAN_POINT('Ctrl Pts',(-9.03746748449506,35.8,-2.68443778847823));
#13296=CARTESIAN_POINT('Ctrl Pts',(-9.19099256844792,35.8,-2.99476318053102));
#13297=CARTESIAN_POINT('Ctrl Pts',(-9.1319874118982,35.8,-3.16064308110483));
#13298=CARTESIAN_POINT('Origin',(-8.33320545047996,36.,-2.4339246676882));
#13299=CARTESIAN_POINT('',(-8.33320545047996,35.8,-2.4339246676882));
#13300=CARTESIAN_POINT('',(-8.33320545047996,36.,-2.4339246676882));
#13301=CARTESIAN_POINT('',(-8.33320545047996,35.8,-2.4339246676882));
#13302=CARTESIAN_POINT('Ctrl Pts',(-7.80058294676636,36.,-2.68704906142945));
#13303=CARTESIAN_POINT('Ctrl Pts',(-7.80058294676636,35.8,-2.68704906142945));
#13304=CARTESIAN_POINT('Ctrl Pts',(-7.85751774694591,36.,-2.5269895082442));
#13305=CARTESIAN_POINT('Ctrl Pts',(-7.85751774694591,35.8,-2.5269895082442));
#13306=CARTESIAN_POINT('Ctrl Pts',(-8.1687806367533,36.,-2.37543710023102));
#13307=CARTESIAN_POINT('Ctrl Pts',(-8.1687806367533,35.8,-2.37543710023102));
#13308=CARTESIAN_POINT('Ctrl Pts',(-8.33320545047996,36.,-2.4339246676882));
#13309=CARTESIAN_POINT('Ctrl Pts',(-8.33320545047996,35.8,-2.4339246676882));
#13310=CARTESIAN_POINT('',(-7.80058294676636,35.8,-2.68704906142945));
#13311=CARTESIAN_POINT('',(-7.80058294676636,36.,-2.68704906142945));
#13312=CARTESIAN_POINT('Ctrl Pts',(-7.80058294676636,35.8,-2.68704906142945));
#13313=CARTESIAN_POINT('Ctrl Pts',(-7.85751774694591,35.8,-2.5269895082442));
#13314=CARTESIAN_POINT('Ctrl Pts',(-8.1687806367533,35.8,-2.37543710023102));
#13315=CARTESIAN_POINT('Ctrl Pts',(-8.33320545047996,35.8,-2.4339246676882));
#13316=CARTESIAN_POINT('Origin',(-7.6385775608009,36.,-3.14249124458384));
#13317=CARTESIAN_POINT('',(-7.6385775608009,35.8,-3.14249124458384));
#13318=CARTESIAN_POINT('',(-7.6385775608009,36.,-3.14249124458384));
#13319=CARTESIAN_POINT('',(-7.6385775608009,35.8,-3.14249124458384));
#13320=CARTESIAN_POINT('Ctrl Pts',(-7.71545237667787,36.,-3.3042506716376));
#13321=CARTESIAN_POINT('Ctrl Pts',(-7.71545237667787,35.8,-3.3042506716376));
#13322=CARTESIAN_POINT('Ctrl Pts',(-7.67470994495799,36.,-3.28975817704644));
#13323=CARTESIAN_POINT('Ctrl Pts',(-7.67470994495799,35.8,-3.28975817704644));
#13324=CARTESIAN_POINT('Ctrl Pts',(-7.6173564080067,36.,-3.20214980531652));
#13325=CARTESIAN_POINT('Ctrl Pts',(-7.6173564080067,35.8,-3.20214980531652));
#13326=CARTESIAN_POINT('Ctrl Pts',(-7.6385775608009,36.,-3.14249124458384));
#13327=CARTESIAN_POINT('Ctrl Pts',(-7.6385775608009,35.8,-3.14249124458384));
#13328=CARTESIAN_POINT('',(-7.71545237667787,35.8,-3.3042506716376));
#13329=CARTESIAN_POINT('',(-7.71545237667787,36.,-3.3042506716376));
#13330=CARTESIAN_POINT('Ctrl Pts',(-7.71545237667787,35.8,-3.3042506716376));
#13331=CARTESIAN_POINT('Ctrl Pts',(-7.67470994495799,35.8,-3.28975817704644));
#13332=CARTESIAN_POINT('Ctrl Pts',(-7.6173564080067,35.8,-3.20214980531652));
#13333=CARTESIAN_POINT('Ctrl Pts',(-7.6385775608009,35.8,-3.14249124458384));
#13334=CARTESIAN_POINT('Ctrl Pts',(-7.87430163003736,36.,-3.22634067757555));
#13335=CARTESIAN_POINT('Ctrl Pts',(-7.87430163003736,35.8,-3.22634067757555));
#13336=CARTESIAN_POINT('Ctrl Pts',(-7.85618601179841,36.,-3.2772687172254));
#13337=CARTESIAN_POINT('Ctrl Pts',(-7.85618601179841,35.8,-3.2772687172254));
#13338=CARTESIAN_POINT('Ctrl Pts',(-7.75910498209203,36.,-3.31977834441384));
#13339=CARTESIAN_POINT('Ctrl Pts',(-7.75910498209203,35.8,-3.31977834441384));
#13340=CARTESIAN_POINT('Ctrl Pts',(-7.71545237667787,36.,-3.3042506716376));
#13341=CARTESIAN_POINT('Ctrl Pts',(-7.71545237667787,35.8,-3.3042506716376));
#13342=CARTESIAN_POINT('',(-7.87430163003736,35.8,-3.22634067757555));
#13343=CARTESIAN_POINT('',(-7.87430163003736,36.,-3.22634067757555));
#13344=CARTESIAN_POINT('Ctrl Pts',(-7.87430163003736,35.8,-3.22634067757555));
#13345=CARTESIAN_POINT('Ctrl Pts',(-7.85618601179841,35.8,-3.2772687172254));
#13346=CARTESIAN_POINT('Ctrl Pts',(-7.75910498209203,35.8,-3.31977834441384));
#13347=CARTESIAN_POINT('Ctrl Pts',(-7.71545237667787,35.8,-3.3042506716376));
#13348=CARTESIAN_POINT('Origin',(-8.03630701600282,36.,-2.77089849442116));
#13349=CARTESIAN_POINT('',(-8.03630701600282,35.8,-2.77089849442116));
#13350=CARTESIAN_POINT('',(-8.03630701600282,36.,-2.77089849442116));
#13351=CARTESIAN_POINT('',(-8.03630701600282,35.8,-2.77089849442116));
#13352=CARTESIAN_POINT('Ctrl Pts',(-8.06823136581952,36.,-2.71340797048912));
#13353=CARTESIAN_POINT('Ctrl Pts',(-8.06823136581952,35.8,-2.71340797048912));
#13354=CARTESIAN_POINT('Ctrl Pts',(-8.04665879785364,36.,-2.74179675747838));
#13355=CARTESIAN_POINT('Ctrl Pts',(-8.04665879785364,35.8,-2.74179675747838));
#13356=CARTESIAN_POINT('Ctrl Pts',(-8.03630701600282,36.,-2.77089849442116));
#13357=CARTESIAN_POINT('Ctrl Pts',(-8.03630701600282,35.8,-2.77089849442116));
#13358=CARTESIAN_POINT('',(-8.06823136581952,35.8,-2.71340797048912));
#13359=CARTESIAN_POINT('',(-8.06823136581952,36.,-2.71340797048912));
#13360=CARTESIAN_POINT('Ctrl Pts',(-8.06823136581952,35.8,-2.71340797048912));
#13361=CARTESIAN_POINT('Ctrl Pts',(-8.04665879785364,35.8,-2.74179675747838));
#13362=CARTESIAN_POINT('Ctrl Pts',(-8.03630701600282,35.8,-2.77089849442116));
#13363=CARTESIAN_POINT('Ctrl Pts',(-8.1212690683898,36.,-2.67490206906026));
#13364=CARTESIAN_POINT('Ctrl Pts',(-8.1212690683898,35.8,-2.67490206906026));
#13365=CARTESIAN_POINT('Ctrl Pts',(-8.0926164270492,36.,-2.6909372113189));
#13366=CARTESIAN_POINT('Ctrl Pts',(-8.0926164270492,35.8,-2.6909372113189));
#13367=CARTESIAN_POINT('Ctrl Pts',(-8.06823136581952,36.,-2.71340797048912));
#13368=CARTESIAN_POINT('Ctrl Pts',(-8.06823136581952,35.8,-2.71340797048912));
#13369=CARTESIAN_POINT('',(-8.1212690683898,35.8,-2.67490206906026));
#13370=CARTESIAN_POINT('',(-8.1212690683898,36.,-2.67490206906026));
#13371=CARTESIAN_POINT('Ctrl Pts',(-8.1212690683898,35.8,-2.67490206906026));
#13372=CARTESIAN_POINT('Ctrl Pts',(-8.0926164270492,35.8,-2.6909372113189));
#13373=CARTESIAN_POINT('Ctrl Pts',(-8.06823136581952,35.8,-2.71340797048912));
#13374=CARTESIAN_POINT('Ctrl Pts',(-8.24883842839572,36.,-2.67110382377179));
#13375=CARTESIAN_POINT('Ctrl Pts',(-8.24883842839572,35.8,-2.67110382377179));
#13376=CARTESIAN_POINT('Ctrl Pts',(-8.1804493465802,36.,-2.64677713642235));
#13377=CARTESIAN_POINT('Ctrl Pts',(-8.1804493465802,35.8,-2.64677713642235));
#13378=CARTESIAN_POINT('Ctrl Pts',(-8.1212690683898,36.,-2.67490206906026));
#13379=CARTESIAN_POINT('Ctrl Pts',(-8.1212690683898,35.8,-2.67490206906026));
#13380=CARTESIAN_POINT('',(-8.24883842839572,35.8,-2.67110382377179));
#13381=CARTESIAN_POINT('',(-8.24883842839572,36.,-2.67110382377179));
#13382=CARTESIAN_POINT('Ctrl Pts',(-8.24883842839572,35.8,-2.67110382377179));
#13383=CARTESIAN_POINT('Ctrl Pts',(-8.1804493465802,35.8,-2.64677713642235));
#13384=CARTESIAN_POINT('Ctrl Pts',(-8.1212690683898,35.8,-2.67490206906026));
#13385=CARTESIAN_POINT('Origin',(-8.40307763419241,36.,-2.72596826758118));
#13386=CARTESIAN_POINT('',(-8.40307763419241,35.8,-2.72596826758118));
#13387=CARTESIAN_POINT('Origin',(-8.34220709056352,35.8,-2.97833875007713));
#13388=CARTESIAN_POINT('Ctrl Pts',(-8.93856857396876,36.,-0.80207513329609));
#13389=CARTESIAN_POINT('Ctrl Pts',(-8.93856857396876,35.8,-0.80207513329609));
#13390=CARTESIAN_POINT('Ctrl Pts',(-8.89534546566318,36.,-0.800755644634431));
#13391=CARTESIAN_POINT('Ctrl Pts',(-8.89534546566318,35.8,-0.800755644634431));
#13392=CARTESIAN_POINT('Ctrl Pts',(-8.81396584692348,36.,-0.733376254042866));
#13393=CARTESIAN_POINT('Ctrl Pts',(-8.81396584692348,35.8,-0.733376254042866));
#13394=CARTESIAN_POINT('Ctrl Pts',(-8.81585083072585,36.,-0.671628956463468));
#13395=CARTESIAN_POINT('Ctrl Pts',(-8.81585083072585,35.8,-0.671628956463468));
#13396=CARTESIAN_POINT('',(-8.93856857396876,35.8,-0.80207513329609));
#13397=CARTESIAN_POINT('',(-8.93856857396876,36.,-0.80207513329609));
#13398=CARTESIAN_POINT('',(-8.81585083072585,35.8,-0.671628956463468));
#13399=CARTESIAN_POINT('Ctrl Pts',(-8.93856857396876,35.8,-0.80207513329609));
#13400=CARTESIAN_POINT('Ctrl Pts',(-8.89534546566318,35.8,-0.800755644634431));
#13401=CARTESIAN_POINT('Ctrl Pts',(-8.81396584692348,35.8,-0.733376254042866));
#13402=CARTESIAN_POINT('Ctrl Pts',(-8.81585083072585,35.8,-0.671628956463468));
#13403=CARTESIAN_POINT('',(-8.81585083072585,36.,-0.671628956463468));
#13404=CARTESIAN_POINT('Ctrl Pts',(-9.06592738592241,36.,-0.679263140863064));
#13405=CARTESIAN_POINT('Ctrl Pts',(-9.06592738592241,35.8,-0.679263140863064));
#13406=CARTESIAN_POINT('Ctrl Pts',(-9.0643251496904,36.,-0.731748343805553));
#13407=CARTESIAN_POINT('Ctrl Pts',(-9.0643251496904,35.8,-0.731748343805553));
#13408=CARTESIAN_POINT('Ctrl Pts',(-8.9848790471533,36.,-0.803488871147867));
#13409=CARTESIAN_POINT('Ctrl Pts',(-8.9848790471533,35.8,-0.803488871147867));
#13410=CARTESIAN_POINT('Ctrl Pts',(-8.93856857396876,36.,-0.80207513329609));
#13411=CARTESIAN_POINT('Ctrl Pts',(-8.93856857396876,35.8,-0.80207513329609));
#13412=CARTESIAN_POINT('',(-9.06592738592241,35.8,-0.679263140863064));
#13413=CARTESIAN_POINT('',(-9.06592738592241,36.,-0.679263140863064));
#13414=CARTESIAN_POINT('Ctrl Pts',(-9.06592738592241,35.8,-0.679263140863064));
#13415=CARTESIAN_POINT('Ctrl Pts',(-9.0643251496904,35.8,-0.731748343805553));
#13416=CARTESIAN_POINT('Ctrl Pts',(-8.9848790471533,35.8,-0.803488871147867));
#13417=CARTESIAN_POINT('Ctrl Pts',(-8.93856857396876,35.8,-0.80207513329609));
#13418=CARTESIAN_POINT('Origin',(-9.08958393264215,36.,0.0956654437583737));
#13419=CARTESIAN_POINT('',(-9.08958393264215,35.8,0.0956654437583737));
#13420=CARTESIAN_POINT('',(-9.08958393264215,36.,0.0956654437583737));
#13421=CARTESIAN_POINT('',(-9.08958393264215,35.8,0.0956654437583737));
#13422=CARTESIAN_POINT('Ctrl Pts',(-8.96995355427821,36.,0.226017371400878));
#13423=CARTESIAN_POINT('Ctrl Pts',(-8.96995355427821,35.8,0.226017371400878));
#13424=CARTESIAN_POINT('Ctrl Pts',(-9.01317666258379,36.,0.22469788273922));
#13425=CARTESIAN_POINT('Ctrl Pts',(-9.01317666258379,35.8,0.22469788273922));
#13426=CARTESIAN_POINT('Ctrl Pts',(-9.09142179184946,36.,0.155869058898287));
#13427=CARTESIAN_POINT('Ctrl Pts',(-9.09142179184946,35.8,0.155869058898287));
#13428=CARTESIAN_POINT('Ctrl Pts',(-9.08958393264215,36.,0.0956654437583737));
#13429=CARTESIAN_POINT('Ctrl Pts',(-9.08958393264215,35.8,0.0956654437583737));
#13430=CARTESIAN_POINT('',(-8.96995355427821,35.8,0.226017371400878));
#13431=CARTESIAN_POINT('',(-8.96995355427821,36.,0.226017371400878));
#13432=CARTESIAN_POINT('Ctrl Pts',(-8.96995355427821,35.8,0.226017371400878));
#13433=CARTESIAN_POINT('Ctrl Pts',(-9.01317666258379,35.8,0.22469788273922));
#13434=CARTESIAN_POINT('Ctrl Pts',(-9.09142179184946,35.8,0.155869058898287));
#13435=CARTESIAN_POINT('Ctrl Pts',(-9.08958393264215,35.8,0.0956654437583737));
#13436=CARTESIAN_POINT('Ctrl Pts',(-8.87624874222275,36.,0.19334015099628));
#13437=CARTESIAN_POINT('Ctrl Pts',(-8.87624874222275,35.8,0.19334015099628));
#13438=CARTESIAN_POINT('Ctrl Pts',(-8.91746835133572,36.,0.227619607632892));
#13439=CARTESIAN_POINT('Ctrl Pts',(-8.91746835133572,35.8,0.227619607632892));
#13440=CARTESIAN_POINT('Ctrl Pts',(-8.96995355427821,36.,0.226017371400878));
#13441=CARTESIAN_POINT('Ctrl Pts',(-8.96995355427821,35.8,0.226017371400878));
#13442=CARTESIAN_POINT('',(-8.87624874222275,35.8,0.19334015099628));
#13443=CARTESIAN_POINT('',(-8.87624874222275,36.,0.19334015099628));
#13444=CARTESIAN_POINT('Ctrl Pts',(-8.87624874222275,35.8,0.19334015099628));
#13445=CARTESIAN_POINT('Ctrl Pts',(-8.91746835133572,35.8,0.227619607632892));
#13446=CARTESIAN_POINT('Ctrl Pts',(-8.96995355427821,35.8,0.226017371400878));
#13447=CARTESIAN_POINT('Ctrl Pts',(-8.83950737744559,36.,0.10329962815797));
#13448=CARTESIAN_POINT('Ctrl Pts',(-8.83950737744559,35.8,0.10329962815797));
#13449=CARTESIAN_POINT('Ctrl Pts',(-8.84125098746278,36.,0.160415878418914));
#13450=CARTESIAN_POINT('Ctrl Pts',(-8.84125098746278,35.8,0.160415878418914));
#13451=CARTESIAN_POINT('Ctrl Pts',(-8.87624874222275,36.,0.19334015099628));
#13452=CARTESIAN_POINT('Ctrl Pts',(-8.87624874222275,35.8,0.19334015099628));
#13453=CARTESIAN_POINT('',(-8.83950737744559,35.8,0.10329962815797));
#13454=CARTESIAN_POINT('',(-8.83950737744559,36.,0.10329962815797));
#13455=CARTESIAN_POINT('Ctrl Pts',(-8.83950737744559,35.8,0.10329962815797));
#13456=CARTESIAN_POINT('Ctrl Pts',(-8.84125098746278,35.8,0.160415878418914));
#13457=CARTESIAN_POINT('Ctrl Pts',(-8.87624874222275,35.8,0.19334015099628));
#13458=CARTESIAN_POINT('Origin',(-8.81585083072585,36.,-0.671628956463468));
#13459=CARTESIAN_POINT('',(-8.81585083072585,35.8,-0.671628956463468));
#13460=CARTESIAN_POINT('Origin',(-8.95257057929283,35.8,-0.287330076794984));
#13461=CARTESIAN_POINT('Origin',(-9.03181902606398,36.,2.05525137428312));
#13462=CARTESIAN_POINT('',(-9.03181902606398,35.8,2.05525137428312));
#13463=CARTESIAN_POINT('',(-9.03181902606398,36.,2.05525137428312));
#13464=CARTESIAN_POINT('',(-8.19487168635455,35.8,1.8139338251398));
#13465=CARTESIAN_POINT('',(-9.03181902606398,35.8,2.05525137428312));
#13466=CARTESIAN_POINT('',(-8.19487168635455,36.,1.8139338251398));
#13467=CARTESIAN_POINT('Ctrl Pts',(-9.31547699789579,36.,2.57101414456876));
#13468=CARTESIAN_POINT('Ctrl Pts',(-9.31547699789579,35.8,2.57101414456876));
#13469=CARTESIAN_POINT('Ctrl Pts',(-9.36254247733864,36.,2.40777973434175));
#13470=CARTESIAN_POINT('Ctrl Pts',(-9.36254247733864,35.8,2.40777973434175));
#13471=CARTESIAN_POINT('Ctrl Pts',(-9.19802133465877,36.,2.10317258971584));
#13472=CARTESIAN_POINT('Ctrl Pts',(-9.19802133465877,35.8,2.10317258971584));
#13473=CARTESIAN_POINT('Ctrl Pts',(-9.03181902606399,36.,2.05525137428312));
#13474=CARTESIAN_POINT('Ctrl Pts',(-9.03181902606399,35.8,2.05525137428312));
#13475=CARTESIAN_POINT('',(-9.31547699789579,35.8,2.57101414456876));
#13476=CARTESIAN_POINT('',(-9.31547699789579,36.,2.57101414456876));
#13477=CARTESIAN_POINT('Ctrl Pts',(-9.31547699789579,35.8,2.57101414456876));
#13478=CARTESIAN_POINT('Ctrl Pts',(-9.36254247733864,35.8,2.40777973434175));
#13479=CARTESIAN_POINT('Ctrl Pts',(-9.19802133465877,35.8,2.10317258971584));
#13480=CARTESIAN_POINT('Ctrl Pts',(-9.03181902606399,35.8,2.05525137428312));
#13481=CARTESIAN_POINT('Origin',(-9.18155431548115,36.,3.03549023912382));
#13482=CARTESIAN_POINT('',(-9.18155431548115,35.8,3.03549023912382));
#13483=CARTESIAN_POINT('',(-9.18155431548115,36.,3.03549023912382));
#13484=CARTESIAN_POINT('',(-9.18155431548115,35.8,3.03549023912382));
#13485=CARTESIAN_POINT('Ctrl Pts',(-9.02626925600204,36.,3.12251676461241));
#13486=CARTESIAN_POINT('Ctrl Pts',(-9.02626925600204,35.8,3.12251676461241));
#13487=CARTESIAN_POINT('Ctrl Pts',(-9.14646913989648,36.,3.15717407220215));
#13488=CARTESIAN_POINT('Ctrl Pts',(-9.14646913989648,35.8,3.15717407220215));
#13489=CARTESIAN_POINT('Ctrl Pts',(-9.18155431548115,36.,3.03549023912382));
#13490=CARTESIAN_POINT('Ctrl Pts',(-9.18155431548115,35.8,3.03549023912382));
#13491=CARTESIAN_POINT('',(-9.02626925600204,35.8,3.12251676461241));
#13492=CARTESIAN_POINT('',(-9.02626925600204,36.,3.12251676461241));
#13493=CARTESIAN_POINT('Ctrl Pts',(-9.02626925600204,35.8,3.12251676461241));
#13494=CARTESIAN_POINT('Ctrl Pts',(-9.14646913989648,35.8,3.15717407220215));
#13495=CARTESIAN_POINT('Ctrl Pts',(-9.18155431548115,35.8,3.03549023912382));
#13496=CARTESIAN_POINT('Origin',(-7.91033946972279,36.,2.80076003242132));
#13497=CARTESIAN_POINT('',(-7.91033946972279,35.8,2.80076003242131));
#13498=CARTESIAN_POINT('',(-7.91033946972279,36.,2.80076003242131));
#13499=CARTESIAN_POINT('',(-7.91033946972279,35.8,2.80076003242132));
#13500=CARTESIAN_POINT('Ctrl Pts',(-7.82374081222914,36.,2.64399102375833));
#13501=CARTESIAN_POINT('Ctrl Pts',(-7.82374081222914,35.8,2.64399102375833));
#13502=CARTESIAN_POINT('Ctrl Pts',(-7.80962116839628,36.,2.69296134682643));
#13503=CARTESIAN_POINT('Ctrl Pts',(-7.80962116839628,35.8,2.69296134682643));
#13504=CARTESIAN_POINT('Ctrl Pts',(-7.84949755318363,36.,2.78321744462898));
#13505=CARTESIAN_POINT('Ctrl Pts',(-7.84949755318363,35.8,2.78321744462898));
#13506=CARTESIAN_POINT('Ctrl Pts',(-7.91033946972279,36.,2.80076003242132));
#13507=CARTESIAN_POINT('Ctrl Pts',(-7.91033946972279,35.8,2.80076003242132));
#13508=CARTESIAN_POINT('',(-7.82374081222914,35.8,2.64399102375833));
#13509=CARTESIAN_POINT('',(-7.82374081222914,36.,2.64399102375833));
#13510=CARTESIAN_POINT('Ctrl Pts',(-7.82374081222914,35.8,2.64399102375833));
#13511=CARTESIAN_POINT('Ctrl Pts',(-7.80962116839628,35.8,2.69296134682643));
#13512=CARTESIAN_POINT('Ctrl Pts',(-7.84949755318363,35.8,2.78321744462898));
#13513=CARTESIAN_POINT('Ctrl Pts',(-7.91033946972279,35.8,2.80076003242132));
#13514=CARTESIAN_POINT('Ctrl Pts',(-7.88311585515959,36.,2.56627898579279));
#13515=CARTESIAN_POINT('Ctrl Pts',(-7.88311585515959,35.8,2.56627898579279));
#13516=CARTESIAN_POINT('Ctrl Pts',(-7.83828832405693,36.,2.59353675150634));
#13517=CARTESIAN_POINT('Ctrl Pts',(-7.83828832405693,35.8,2.59353675150634));
#13518=CARTESIAN_POINT('Ctrl Pts',(-7.82374081222914,36.,2.64399102375833));
#13519=CARTESIAN_POINT('Ctrl Pts',(-7.82374081222914,35.8,2.64399102375833));
#13520=CARTESIAN_POINT('',(-7.88311585515959,35.8,2.56627898579279));
#13521=CARTESIAN_POINT('',(-7.88311585515959,36.,2.56627898579279));
#13522=CARTESIAN_POINT('Ctrl Pts',(-7.88311585515959,35.8,2.56627898579279));
#13523=CARTESIAN_POINT('Ctrl Pts',(-7.83828832405693,35.8,2.59353675150634));
#13524=CARTESIAN_POINT('Ctrl Pts',(-7.82374081222914,35.8,2.64399102375833));
#13525=CARTESIAN_POINT('Ctrl Pts',(-7.98008195289719,36.,2.55887631544855));
#13526=CARTESIAN_POINT('Ctrl Pts',(-7.98008195289719,35.8,2.55887631544855));
#13527=CARTESIAN_POINT('Ctrl Pts',(-7.92369188390968,36.,2.54261733164102));
#13528=CARTESIAN_POINT('Ctrl Pts',(-7.92369188390968,35.8,2.54261733164102));
#13529=CARTESIAN_POINT('Ctrl Pts',(-7.88311585515959,36.,2.56627898579279));
#13530=CARTESIAN_POINT('Ctrl Pts',(-7.88311585515959,35.8,2.56627898579279));
#13531=CARTESIAN_POINT('',(-7.98008195289719,35.8,2.55887631544855));
#13532=CARTESIAN_POINT('',(-7.98008195289719,36.,2.55887631544855));
#13533=CARTESIAN_POINT('Ctrl Pts',(-7.98008195289719,35.8,2.55887631544855));
#13534=CARTESIAN_POINT('Ctrl Pts',(-7.92369188390968,35.8,2.54261733164102));
#13535=CARTESIAN_POINT('Ctrl Pts',(-7.88311585515959,35.8,2.56627898579279));
#13536=CARTESIAN_POINT('Origin',(-8.975811855282,36.,2.84597574004992));
#13537=CARTESIAN_POINT('',(-8.975811855282,35.8,2.84597574004992));
#13538=CARTESIAN_POINT('',(-8.975811855282,36.,2.84597574004992));
#13539=CARTESIAN_POINT('',(-8.975811855282,35.8,2.84597574004992));
#13540=CARTESIAN_POINT('Origin',(-9.07507723010691,36.,2.5016995293893));
#13541=CARTESIAN_POINT('',(-9.07507723010691,35.8,2.5016995293893));
#13542=CARTESIAN_POINT('',(-9.07507723010691,36.,2.5016995293893));
#13543=CARTESIAN_POINT('',(-9.07507723010691,35.8,2.5016995293893));
#13544=CARTESIAN_POINT('Ctrl Pts',(-8.96356049207347,36.,2.29756295925082));
#13545=CARTESIAN_POINT('Ctrl Pts',(-8.96356049207347,35.8,2.29756295925082));
#13546=CARTESIAN_POINT('Ctrl Pts',(-9.03033820534815,36.,2.31681701902289));
#13547=CARTESIAN_POINT('Ctrl Pts',(-9.03033820534815,35.8,2.31681701902289));
#13548=CARTESIAN_POINT('Ctrl Pts',(-9.09518702586886,36.,2.43195391774685));
#13549=CARTESIAN_POINT('Ctrl Pts',(-9.09518702586886,35.8,2.43195391774685));
#13550=CARTESIAN_POINT('Ctrl Pts',(-9.07507723010691,36.,2.5016995293893));
#13551=CARTESIAN_POINT('Ctrl Pts',(-9.07507723010691,35.8,2.5016995293893));
#13552=CARTESIAN_POINT('',(-8.96356049207347,35.8,2.29756295925082));
#13553=CARTESIAN_POINT('',(-8.96356049207347,36.,2.29756295925082));
#13554=CARTESIAN_POINT('Ctrl Pts',(-8.96356049207347,35.8,2.29756295925082));
#13555=CARTESIAN_POINT('Ctrl Pts',(-9.03033820534815,35.8,2.31681701902289));
#13556=CARTESIAN_POINT('Ctrl Pts',(-9.09518702586886,35.8,2.43195391774685));
#13557=CARTESIAN_POINT('Ctrl Pts',(-9.07507723010691,35.8,2.5016995293893));
#13558=CARTESIAN_POINT('Origin',(-8.12512920318015,36.,2.05581754211256));
#13559=CARTESIAN_POINT('',(-8.12512920318015,35.8,2.05581754211256));
#13560=CARTESIAN_POINT('',(-8.12512920318015,36.,2.05581754211256));
#13561=CARTESIAN_POINT('',(-8.12512920318015,35.8,2.05581754211256));
#13562=CARTESIAN_POINT('Ctrl Pts',(-8.03853054568649,36.,1.89904853344957));
#13563=CARTESIAN_POINT('Ctrl Pts',(-8.03853054568649,35.8,1.89904853344957));
#13564=CARTESIAN_POINT('Ctrl Pts',(-8.02441090185364,36.,1.94801885651768));
#13565=CARTESIAN_POINT('Ctrl Pts',(-8.02441090185364,35.8,1.94801885651768));
#13566=CARTESIAN_POINT('Ctrl Pts',(-8.06428728664099,36.,2.03827495432023));
#13567=CARTESIAN_POINT('Ctrl Pts',(-8.06428728664099,35.8,2.03827495432023));
#13568=CARTESIAN_POINT('Ctrl Pts',(-8.12512920318015,36.,2.05581754211256));
#13569=CARTESIAN_POINT('Ctrl Pts',(-8.12512920318015,35.8,2.05581754211256));
#13570=CARTESIAN_POINT('',(-8.03853054568649,35.8,1.89904853344957));
#13571=CARTESIAN_POINT('',(-8.03853054568649,36.,1.89904853344957));
#13572=CARTESIAN_POINT('Ctrl Pts',(-8.03853054568649,35.8,1.89904853344957));
#13573=CARTESIAN_POINT('Ctrl Pts',(-8.02441090185364,35.8,1.94801885651768));
#13574=CARTESIAN_POINT('Ctrl Pts',(-8.06428728664099,35.8,2.03827495432023));
#13575=CARTESIAN_POINT('Ctrl Pts',(-8.12512920318015,35.8,2.05581754211256));
#13576=CARTESIAN_POINT('Ctrl Pts',(-8.09790558861694,36.,1.82133649548404));
#13577=CARTESIAN_POINT('Ctrl Pts',(-8.09790558861694,35.8,1.82133649548404));
#13578=CARTESIAN_POINT('Ctrl Pts',(-8.05307805751428,36.,1.84859426119758));
#13579=CARTESIAN_POINT('Ctrl Pts',(-8.05307805751428,35.8,1.84859426119758));
#13580=CARTESIAN_POINT('Ctrl Pts',(-8.03853054568649,36.,1.89904853344957));
#13581=CARTESIAN_POINT('Ctrl Pts',(-8.03853054568649,35.8,1.89904853344957));
#13582=CARTESIAN_POINT('',(-8.09790558861694,35.8,1.82133649548404));
#13583=CARTESIAN_POINT('',(-8.09790558861694,36.,1.82133649548404));
#13584=CARTESIAN_POINT('Ctrl Pts',(-8.09790558861694,35.8,1.82133649548404));
#13585=CARTESIAN_POINT('Ctrl Pts',(-8.05307805751428,35.8,1.84859426119758));
#13586=CARTESIAN_POINT('Ctrl Pts',(-8.03853054568649,35.8,1.89904853344957));
#13587=CARTESIAN_POINT('Ctrl Pts',(-8.19487168635455,36.,1.8139338251398));
#13588=CARTESIAN_POINT('Ctrl Pts',(-8.19487168635455,35.8,1.8139338251398));
#13589=CARTESIAN_POINT('Ctrl Pts',(-8.13848161736703,36.,1.79767484133227));
#13590=CARTESIAN_POINT('Ctrl Pts',(-8.13848161736703,35.8,1.79767484133227));
#13591=CARTESIAN_POINT('Ctrl Pts',(-8.09790558861694,36.,1.82133649548404));
#13592=CARTESIAN_POINT('Ctrl Pts',(-8.09790558861694,35.8,1.82133649548404));
#13593=CARTESIAN_POINT('Ctrl Pts',(-8.19487168635455,35.8,1.8139338251398));
#13594=CARTESIAN_POINT('Ctrl Pts',(-8.13848161736703,35.8,1.79767484133227));
#13595=CARTESIAN_POINT('Ctrl Pts',(-8.09790558861694,35.8,1.82133649548404));
#13596=CARTESIAN_POINT('Origin',(-8.64094274355831,35.8,2.50148747329676));
#13597=CARTESIAN_POINT('Origin',(3.84774211107758,36.,8.30704240414918));
#13598=CARTESIAN_POINT('',(3.84774211107758,35.8,8.30704240414918));
#13599=CARTESIAN_POINT('',(3.84774211107758,36.,8.30704240414918));
#13600=CARTESIAN_POINT('',(3.72880695613413,35.8,8.07297826520429));
#13601=CARTESIAN_POINT('',(3.84774211107758,35.8,8.30704240414918));
#13602=CARTESIAN_POINT('',(3.72880695613413,36.,8.07297826520429));
#13603=CARTESIAN_POINT('Ctrl Pts',(4.0159358922832,36.,8.36189797887927));
#13604=CARTESIAN_POINT('Ctrl Pts',(4.0159358922832,35.8,8.36189797887927));
#13605=CARTESIAN_POINT('Ctrl Pts',(3.9746304559988,36.,8.382886535634));
#13606=CARTESIAN_POINT('Ctrl Pts',(3.9746304559988,35.8,8.382886535634));
#13607=CARTESIAN_POINT('Ctrl Pts',(3.87572685341721,36.,8.36211631919503));
#13608=CARTESIAN_POINT('Ctrl Pts',(3.87572685341721,35.8,8.36211631919503));
#13609=CARTESIAN_POINT('Ctrl Pts',(3.84774211107758,36.,8.30704240414918));
#13610=CARTESIAN_POINT('Ctrl Pts',(3.84774211107758,35.8,8.30704240414918));
#13611=CARTESIAN_POINT('',(4.0159358922832,35.8,8.36189797887927));
#13612=CARTESIAN_POINT('',(4.0159358922832,36.,8.36189797887927));
#13613=CARTESIAN_POINT('Ctrl Pts',(4.0159358922832,35.8,8.36189797887927));
#13614=CARTESIAN_POINT('Ctrl Pts',(3.9746304559988,35.8,8.382886535634));
#13615=CARTESIAN_POINT('Ctrl Pts',(3.87572685341721,35.8,8.36211631919503));
#13616=CARTESIAN_POINT('Ctrl Pts',(3.84774211107758,35.8,8.30704240414918));
#13617=CARTESIAN_POINT('Ctrl Pts',(4.08107869013054,36.,8.28895298277694));
#13618=CARTESIAN_POINT('Ctrl Pts',(4.08107869013054,35.8,8.28895298277694));
#13619=CARTESIAN_POINT('Ctrl Pts',(4.06137187219603,36.,8.33881056644907));
#13620=CARTESIAN_POINT('Ctrl Pts',(4.06137187219603,35.8,8.33881056644907));
#13621=CARTESIAN_POINT('Ctrl Pts',(4.0159358922832,36.,8.36189797887927));
#13622=CARTESIAN_POINT('Ctrl Pts',(4.0159358922832,35.8,8.36189797887927));
#13623=CARTESIAN_POINT('',(4.08107869013054,35.8,8.28895298277694));
#13624=CARTESIAN_POINT('',(4.08107869013054,36.,8.28895298277694));
#13625=CARTESIAN_POINT('Ctrl Pts',(4.08107869013054,35.8,8.28895298277694));
#13626=CARTESIAN_POINT('Ctrl Pts',(4.06137187219603,35.8,8.33881056644907));
#13627=CARTESIAN_POINT('Ctrl Pts',(4.0159358922832,35.8,8.36189797887927));
#13628=CARTESIAN_POINT('Ctrl Pts',(4.07216831488944,36.,8.19300457911516));
#13629=CARTESIAN_POINT('Ctrl Pts',(4.07216831488944,35.8,8.19300457911516));
#13630=CARTESIAN_POINT('Ctrl Pts',(4.09455610876115,36.,8.23706371115185));
#13631=CARTESIAN_POINT('Ctrl Pts',(4.09455610876115,35.8,8.23706371115185));
#13632=CARTESIAN_POINT('Ctrl Pts',(4.08107869013054,36.,8.28895298277694));
#13633=CARTESIAN_POINT('Ctrl Pts',(4.08107869013054,35.8,8.28895298277694));
#13634=CARTESIAN_POINT('',(4.07216831488944,35.8,8.19300457911516));
#13635=CARTESIAN_POINT('',(4.07216831488944,36.,8.19300457911516));
#13636=CARTESIAN_POINT('Ctrl Pts',(4.07216831488944,35.8,8.19300457911516));
#13637=CARTESIAN_POINT('Ctrl Pts',(4.09455610876115,35.8,8.23706371115185));
#13638=CARTESIAN_POINT('Ctrl Pts',(4.08107869013054,35.8,8.28895298277694));
#13639=CARTESIAN_POINT('Origin',(3.95323315994599,36.,7.95894044017028));
#13640=CARTESIAN_POINT('',(3.95323315994599,35.8,7.95894044017028));
#13641=CARTESIAN_POINT('',(3.95323315994599,36.,7.95894044017028));
#13642=CARTESIAN_POINT('',(3.95323315994599,35.8,7.95894044017028));
#13643=CARTESIAN_POINT('Origin',(4.30570621623946,36.,7.77983808919661));
#13644=CARTESIAN_POINT('',(4.30570621623946,35.8,7.77983808919661));
#13645=CARTESIAN_POINT('',(4.30570621623946,36.,7.77983808919661));
#13646=CARTESIAN_POINT('',(4.30570621623946,35.8,7.77983808919661));
#13647=CARTESIAN_POINT('Origin',(4.5353885204255,36.,9.00916192029827));
#13648=CARTESIAN_POINT('',(4.5353885204255,35.8,9.00916192029827));
#13649=CARTESIAN_POINT('',(4.5353885204255,36.,9.00916192029827));
#13650=CARTESIAN_POINT('',(4.5353885204255,35.8,9.00916192029827));
#13651=CARTESIAN_POINT('Origin',(4.54594996652537,36.,9.04017458137282));
#13652=CARTESIAN_POINT('',(4.54594996652537,35.8,9.04017458137282));
#13653=CARTESIAN_POINT('',(4.54594996652537,36.,9.04017458137282));
#13654=CARTESIAN_POINT('',(4.54594996652537,35.8,9.04017458137282));
#13655=CARTESIAN_POINT('Ctrl Pts',(4.61817295482837,36.,9.10048721703324));
#13656=CARTESIAN_POINT('Ctrl Pts',(4.61817295482837,35.8,9.10048721703324));
#13657=CARTESIAN_POINT('Ctrl Pts',(4.57113623463104,36.,9.08974110491409));
#13658=CARTESIAN_POINT('Ctrl Pts',(4.57113623463104,35.8,9.08974110491409));
#13659=CARTESIAN_POINT('Ctrl Pts',(4.54594996652537,36.,9.04017458137282));
#13660=CARTESIAN_POINT('Ctrl Pts',(4.54594996652537,35.8,9.04017458137282));
#13661=CARTESIAN_POINT('',(4.61817295482837,35.8,9.10048721703324));
#13662=CARTESIAN_POINT('',(4.61817295482837,36.,9.10048721703324));
#13663=CARTESIAN_POINT('Ctrl Pts',(4.61817295482837,35.8,9.10048721703324));
#13664=CARTESIAN_POINT('Ctrl Pts',(4.57113623463104,35.8,9.08974110491409));
#13665=CARTESIAN_POINT('Ctrl Pts',(4.54594996652537,35.8,9.04017458137282));
#13666=CARTESIAN_POINT('Ctrl Pts',(4.71965113923558,36.,9.09223168186895));
#13667=CARTESIAN_POINT('Ctrl Pts',(4.71965113923558,35.8,9.09223168186895));
#13668=CARTESIAN_POINT('Ctrl Pts',(4.67008461569431,36.,9.11741794997462));
#13669=CARTESIAN_POINT('Ctrl Pts',(4.67008461569431,35.8,9.11741794997462));
#13670=CARTESIAN_POINT('Ctrl Pts',(4.61817295482837,36.,9.10048721703324));
#13671=CARTESIAN_POINT('Ctrl Pts',(4.61817295482837,35.8,9.10048721703324));
#13672=CARTESIAN_POINT('',(4.71965113923558,35.8,9.09223168186895));
#13673=CARTESIAN_POINT('',(4.71965113923558,36.,9.09223168186895));
#13674=CARTESIAN_POINT('Ctrl Pts',(4.71965113923558,35.8,9.09223168186895));
#13675=CARTESIAN_POINT('Ctrl Pts',(4.67008461569431,35.8,9.11741794997462));
#13676=CARTESIAN_POINT('Ctrl Pts',(4.61817295482837,35.8,9.10048721703324));
#13677=CARTESIAN_POINT('Ctrl Pts',(4.76086701855663,36.,9.05742986787109));
#13678=CARTESIAN_POINT('Ctrl Pts',(4.76086701855663,35.8,9.05742986787109));
#13679=CARTESIAN_POINT('Ctrl Pts',(4.74443440100621,36.,9.07963854781612));
#13680=CARTESIAN_POINT('Ctrl Pts',(4.74443440100621,35.8,9.07963854781612));
#13681=CARTESIAN_POINT('Ctrl Pts',(4.71965113923558,36.,9.09223168186895));
#13682=CARTESIAN_POINT('Ctrl Pts',(4.71965113923558,35.8,9.09223168186895));
#13683=CARTESIAN_POINT('',(4.76086701855663,35.8,9.05742986787109));
#13684=CARTESIAN_POINT('',(4.76086701855663,36.,9.05742986787109));
#13685=CARTESIAN_POINT('Ctrl Pts',(4.76086701855663,35.8,9.05742986787109));
#13686=CARTESIAN_POINT('Ctrl Pts',(4.74443440100621,35.8,9.07963854781612));
#13687=CARTESIAN_POINT('Ctrl Pts',(4.71965113923558,35.8,9.09223168186895));
#13688=CARTESIAN_POINT('Origin',(4.77386871103709,36.,9.03869689147768));
#13689=CARTESIAN_POINT('',(4.77386871103709,35.8,9.03869689147768));
#13690=CARTESIAN_POINT('',(4.77386871103709,36.,9.03869689147768));
#13691=CARTESIAN_POINT('',(4.77386871103709,35.8,9.03869689147768));
#13692=CARTESIAN_POINT('Ctrl Pts',(4.78163723499559,36.,8.9585262652895));
#13693=CARTESIAN_POINT('Ctrl Pts',(4.78163723499559,35.8,8.9585262652895));
#13694=CARTESIAN_POINT('Ctrl Pts',(4.789467374584,36.,8.99439147779181));
#13695=CARTESIAN_POINT('Ctrl Pts',(4.789467374584,35.8,8.99439147779181));
#13696=CARTESIAN_POINT('Ctrl Pts',(4.77386871103709,36.,9.03869689147768));
#13697=CARTESIAN_POINT('Ctrl Pts',(4.77386871103709,35.8,9.03869689147768));
#13698=CARTESIAN_POINT('',(4.78163723499559,35.8,8.9585262652895));
#13699=CARTESIAN_POINT('',(4.78163723499559,36.,8.9585262652895));
#13700=CARTESIAN_POINT('Ctrl Pts',(4.78163723499559,35.8,8.9585262652895));
#13701=CARTESIAN_POINT('Ctrl Pts',(4.789467374584,35.8,8.99439147779181));
#13702=CARTESIAN_POINT('Ctrl Pts',(4.77386871103709,35.8,9.03869689147768));
#13703=CARTESIAN_POINT('Origin',(4.51153933119552,36.,7.56784256178869));
#13704=CARTESIAN_POINT('',(4.51153933119552,35.8,7.56784256178869));
#13705=CARTESIAN_POINT('',(4.51153933119552,36.,7.56784256178869));
#13706=CARTESIAN_POINT('',(4.51153933119552,35.8,7.56784256178869));
#13707=CARTESIAN_POINT('Origin',(4.50797407068056,36.,7.5505983794756));
#13708=CARTESIAN_POINT('',(4.50797407068056,35.8,7.5505983794756));
#13709=CARTESIAN_POINT('',(4.50797407068056,36.,7.5505983794756));
#13710=CARTESIAN_POINT('',(4.50797407068056,35.8,7.5505983794756));
#13711=CARTESIAN_POINT('Origin',(4.49883425093851,36.,7.52579272846413));
#13712=CARTESIAN_POINT('',(4.49883425093851,35.8,7.52579272846413));
#13713=CARTESIAN_POINT('',(4.49883425093851,36.,7.52579272846413));
#13714=CARTESIAN_POINT('',(4.49883425093851,35.8,7.52579272846413));
#13715=CARTESIAN_POINT('Ctrl Pts',(4.33280649313087,36.,7.48542764029483));
#13716=CARTESIAN_POINT('Ctrl Pts',(4.33280649313087,35.8,7.48542764029483));
#13717=CARTESIAN_POINT('Ctrl Pts',(4.44846171472716,36.,7.42665968138159));
#13718=CARTESIAN_POINT('Ctrl Pts',(4.44846171472716,35.8,7.42665968138159));
#13719=CARTESIAN_POINT('Ctrl Pts',(4.49883425093851,36.,7.52579272846413));
#13720=CARTESIAN_POINT('Ctrl Pts',(4.49883425093851,35.8,7.52579272846413));
#13721=CARTESIAN_POINT('',(4.33280649313087,35.8,7.48542764029483));
#13722=CARTESIAN_POINT('',(4.33280649313087,36.,7.48542764029483));
#13723=CARTESIAN_POINT('Ctrl Pts',(4.33280649313087,35.8,7.48542764029483));
#13724=CARTESIAN_POINT('Ctrl Pts',(4.44846171472716,35.8,7.42665968138159));
#13725=CARTESIAN_POINT('Ctrl Pts',(4.49883425093851,35.8,7.52579272846413));
#13726=CARTESIAN_POINT('Origin',(3.83989495347046,36.,7.73589108423456));
#13727=CARTESIAN_POINT('',(3.83989495347046,35.8,7.73589108423456));
#13728=CARTESIAN_POINT('',(3.83989495347046,36.,7.73589108423456));
#13729=CARTESIAN_POINT('',(3.83989495347046,35.8,7.73589108423456));
#13730=CARTESIAN_POINT('Origin',(3.722359035644,36.,7.50458064104197));
#13731=CARTESIAN_POINT('',(3.722359035644,35.8,7.50458064104197));
#13732=CARTESIAN_POINT('',(3.722359035644,36.,7.50458064104197));
#13733=CARTESIAN_POINT('',(3.722359035644,35.8,7.50458064104197));
#13734=CARTESIAN_POINT('Ctrl Pts',(3.55208878800374,36.,7.44904783699422));
#13735=CARTESIAN_POINT('Ctrl Pts',(3.55208878800374,35.8,7.44904783699422));
#13736=CARTESIAN_POINT('Ctrl Pts',(3.59752476791657,36.,7.42596042456402));
#13737=CARTESIAN_POINT('Ctrl Pts',(3.59752476791657,35.8,7.42596042456402));
#13738=CARTESIAN_POINT('Ctrl Pts',(3.69367467474587,36.,7.44812987811997));
#13739=CARTESIAN_POINT('Ctrl Pts',(3.69367467474587,35.8,7.44812987811997));
#13740=CARTESIAN_POINT('Ctrl Pts',(3.722359035644,36.,7.50458064104197));
#13741=CARTESIAN_POINT('Ctrl Pts',(3.722359035644,35.8,7.50458064104197));
#13742=CARTESIAN_POINT('',(3.55208878800374,35.8,7.44904783699422));
#13743=CARTESIAN_POINT('',(3.55208878800374,36.,7.44904783699422));
#13744=CARTESIAN_POINT('Ctrl Pts',(3.55208878800374,35.8,7.44904783699422));
#13745=CARTESIAN_POINT('Ctrl Pts',(3.59752476791657,35.8,7.42596042456402));
#13746=CARTESIAN_POINT('Ctrl Pts',(3.69367467474587,35.8,7.44812987811997));
#13747=CARTESIAN_POINT('Ctrl Pts',(3.722359035644,35.8,7.50458064104197));
#13748=CARTESIAN_POINT('Ctrl Pts',(3.4862463715979,36.,7.5206159852204));
#13749=CARTESIAN_POINT('Ctrl Pts',(3.4862463715979,35.8,7.5206159852204));
#13750=CARTESIAN_POINT('Ctrl Pts',(3.50527596021476,36.,7.47283486798291));
#13751=CARTESIAN_POINT('Ctrl Pts',(3.50527596021476,35.8,7.47283486798291));
#13752=CARTESIAN_POINT('Ctrl Pts',(3.55208878800374,36.,7.44904783699422));
#13753=CARTESIAN_POINT('Ctrl Pts',(3.55208878800374,35.8,7.44904783699422));
#13754=CARTESIAN_POINT('',(3.4862463715979,35.8,7.5206159852204));
#13755=CARTESIAN_POINT('',(3.4862463715979,36.,7.5206159852204));
#13756=CARTESIAN_POINT('Ctrl Pts',(3.4862463715979,35.8,7.5206159852204));
#13757=CARTESIAN_POINT('Ctrl Pts',(3.50527596021476,35.8,7.47283486798291));
#13758=CARTESIAN_POINT('Ctrl Pts',(3.55208878800374,35.8,7.44904783699422));
#13759=CARTESIAN_POINT('Ctrl Pts',(3.49793283183214,36.,7.61861846607598));
#13760=CARTESIAN_POINT('Ctrl Pts',(3.49793283183214,35.8,7.61861846607598));
#13761=CARTESIAN_POINT('Ctrl Pts',(3.47134732660948,36.,7.56629824678242));
#13762=CARTESIAN_POINT('Ctrl Pts',(3.47134732660948,35.8,7.56629824678242));
#13763=CARTESIAN_POINT('Ctrl Pts',(3.4862463715979,36.,7.5206159852204));
#13764=CARTESIAN_POINT('Ctrl Pts',(3.4862463715979,35.8,7.5206159852204));
#13765=CARTESIAN_POINT('',(3.49793283183214,35.8,7.61861846607598));
#13766=CARTESIAN_POINT('',(3.49793283183214,36.,7.61861846607598));
#13767=CARTESIAN_POINT('Ctrl Pts',(3.49793283183214,35.8,7.61861846607598));
#13768=CARTESIAN_POINT('Ctrl Pts',(3.47134732660948,35.8,7.56629824678242));
#13769=CARTESIAN_POINT('Ctrl Pts',(3.4862463715979,35.8,7.5206159852204));
#13770=CARTESIAN_POINT('Origin',(3.6154687496586,36.,7.84992890926858));
#13771=CARTESIAN_POINT('',(3.6154687496586,35.8,7.84992890926858));
#13772=CARTESIAN_POINT('',(3.6154687496586,36.,7.84992890926858));
#13773=CARTESIAN_POINT('',(3.6154687496586,35.8,7.84992890926858));
#13774=CARTESIAN_POINT('Origin',(3.46952287478709,36.,7.92408847646861));
#13775=CARTESIAN_POINT('',(3.46952287478709,35.8,7.92408847646861));
#13776=CARTESIAN_POINT('',(3.46952287478709,36.,7.92408847646861));
#13777=CARTESIAN_POINT('',(3.46952287478709,35.8,7.92408847646861));
#13778=CARTESIAN_POINT('Ctrl Pts',(3.41399007073934,36.,8.09435872410887));
#13779=CARTESIAN_POINT('Ctrl Pts',(3.41399007073934,35.8,8.09435872410887));
#13780=CARTESIAN_POINT('Ctrl Pts',(3.39440075110159,36.,8.05580698357677));
#13781=CARTESIAN_POINT('Ctrl Pts',(3.39440075110159,35.8,8.05580698357677));
#13782=CARTESIAN_POINT('Ctrl Pts',(3.41307211186508,36.,7.95277283736674));
#13783=CARTESIAN_POINT('Ctrl Pts',(3.41307211186508,35.8,7.95277283736674));
#13784=CARTESIAN_POINT('Ctrl Pts',(3.46952287478709,36.,7.92408847646861));
#13785=CARTESIAN_POINT('Ctrl Pts',(3.46952287478709,35.8,7.92408847646861));
#13786=CARTESIAN_POINT('',(3.41399007073934,35.8,8.09435872410887));
#13787=CARTESIAN_POINT('',(3.41399007073934,36.,8.09435872410887));
#13788=CARTESIAN_POINT('Ctrl Pts',(3.41399007073934,35.8,8.09435872410887));
#13789=CARTESIAN_POINT('Ctrl Pts',(3.39440075110159,35.8,8.05580698357677));
#13790=CARTESIAN_POINT('Ctrl Pts',(3.41307211186508,35.8,7.95277283736674));
#13791=CARTESIAN_POINT('Ctrl Pts',(3.46952287478709,35.8,7.92408847646861));
#13792=CARTESIAN_POINT('Ctrl Pts',(3.58286108126261,36.,8.14713783240433));
#13793=CARTESIAN_POINT('Ctrl Pts',(3.58286108126261,35.8,8.14713783240433));
#13794=CARTESIAN_POINT('Ctrl Pts',(3.53467140559749,36.,8.17162448195151));
#13795=CARTESIAN_POINT('Ctrl Pts',(3.53467140559749,35.8,8.17162448195151));
#13796=CARTESIAN_POINT('Ctrl Pts',(3.43497862749406,36.,8.13566416039326));
#13797=CARTESIAN_POINT('Ctrl Pts',(3.43497862749406,35.8,8.13566416039326));
#13798=CARTESIAN_POINT('Ctrl Pts',(3.41399007073934,36.,8.09435872410887));
#13799=CARTESIAN_POINT('Ctrl Pts',(3.41399007073934,35.8,8.09435872410887));
#13800=CARTESIAN_POINT('',(3.58286108126261,35.8,8.14713783240433));
#13801=CARTESIAN_POINT('',(3.58286108126261,36.,8.14713783240433));
#13802=CARTESIAN_POINT('Ctrl Pts',(3.58286108126261,35.8,8.14713783240433));
#13803=CARTESIAN_POINT('Ctrl Pts',(3.53467140559749,35.8,8.17162448195151));
#13804=CARTESIAN_POINT('Ctrl Pts',(3.43497862749406,35.8,8.13566416039326));
#13805=CARTESIAN_POINT('Ctrl Pts',(3.41399007073934,35.8,8.09435872410887));
#13806=CARTESIAN_POINT('Origin',(3.72880695613413,36.,8.07297826520429));
#13807=CARTESIAN_POINT('',(3.72880695613413,35.8,8.07297826520429));
#13808=CARTESIAN_POINT('Origin',(4.18571989882737,35.8,8.10888397623843));
#13809=CARTESIAN_POINT('Ctrl Pts',(5.98716672366088,36.,8.00197600282655));
#13810=CARTESIAN_POINT('Ctrl Pts',(5.98716672366088,35.8,8.00197600282655));
#13811=CARTESIAN_POINT('Ctrl Pts',(5.91829222063923,36.,8.05428484912636));
#13812=CARTESIAN_POINT('Ctrl Pts',(5.91829222063923,35.8,8.05428484912636));
#13813=CARTESIAN_POINT('Ctrl Pts',(5.75196093062084,36.,8.02934308275309));
#13814=CARTESIAN_POINT('Ctrl Pts',(5.75196093062084,35.8,8.02934308275309));
#13815=CARTESIAN_POINT('Ctrl Pts',(5.70152025740316,36.,7.96292838341079));
#13816=CARTESIAN_POINT('Ctrl Pts',(5.70152025740316,35.8,7.96292838341079));
#13817=CARTESIAN_POINT('',(5.70152025740316,36.,7.96292838341079));
#13818=CARTESIAN_POINT('',(5.98716672366088,36.,8.00197600282655));
#13819=CARTESIAN_POINT('Ctrl Pts',(5.70152025740316,36.,7.96292838341079));
#13820=CARTESIAN_POINT('Ctrl Pts',(5.75196093062084,36.,8.02934308275309));
#13821=CARTESIAN_POINT('Ctrl Pts',(5.91829222063923,36.,8.05428484912636));
#13822=CARTESIAN_POINT('Ctrl Pts',(5.98716672366088,36.,8.00197600282655));
#13823=CARTESIAN_POINT('',(5.70152025740316,35.8,7.96292838341079));
#13824=CARTESIAN_POINT('',(5.70152025740316,36.,7.96292838341079));
#13825=CARTESIAN_POINT('',(5.98716672366088,35.8,8.00197600282655));
#13826=CARTESIAN_POINT('Ctrl Pts',(5.70152025740316,35.8,7.96292838341079));
#13827=CARTESIAN_POINT('Ctrl Pts',(5.75196093062084,35.8,8.02934308275309));
#13828=CARTESIAN_POINT('Ctrl Pts',(5.91829222063923,35.8,8.05428484912636));
#13829=CARTESIAN_POINT('Ctrl Pts',(5.98716672366088,35.8,8.00197600282655));
#13830=CARTESIAN_POINT('',(5.98716672366088,36.,8.00197600282655));
#13831=CARTESIAN_POINT('Origin',(6.0794093616363,36.,7.93191951224644));
#13832=CARTESIAN_POINT('',(6.0794093616363,36.,7.93191951224644));
#13833=CARTESIAN_POINT('',(6.06188326685834,36.,7.94523024056761));
#13834=CARTESIAN_POINT('',(6.0794093616363,35.8,7.93191951224644));
#13835=CARTESIAN_POINT('',(6.05631074729416,35.8,7.949462460861));
#13836=CARTESIAN_POINT('',(6.0794093616363,36.,7.93191951224644));
#13837=CARTESIAN_POINT('Ctrl Pts',(6.11845698105205,36.,7.64627304598872));
#13838=CARTESIAN_POINT('Ctrl Pts',(6.11845698105205,35.8,7.64627304598872));
#13839=CARTESIAN_POINT('Ctrl Pts',(6.1698317408108,36.,7.7139176471707));
#13840=CARTESIAN_POINT('Ctrl Pts',(6.1698317408108,35.8,7.7139176471707));
#13841=CARTESIAN_POINT('Ctrl Pts',(6.1458240609786,36.,7.88147883902877));
#13842=CARTESIAN_POINT('Ctrl Pts',(6.1458240609786,35.8,7.88147883902877));
#13843=CARTESIAN_POINT('Ctrl Pts',(6.0794093616363,36.,7.93191951224644));
#13844=CARTESIAN_POINT('Ctrl Pts',(6.0794093616363,35.8,7.93191951224644));
#13845=CARTESIAN_POINT('',(6.11845698105205,36.,7.64627304598872));
#13846=CARTESIAN_POINT('Ctrl Pts',(6.0794093616363,36.,7.93191951224644));
#13847=CARTESIAN_POINT('Ctrl Pts',(6.1458240609786,36.,7.88147883902877));
#13848=CARTESIAN_POINT('Ctrl Pts',(6.1698317408108,36.,7.7139176471707));
#13849=CARTESIAN_POINT('Ctrl Pts',(6.11845698105205,36.,7.64627304598872));
#13850=CARTESIAN_POINT('',(6.11845698105205,35.8,7.64627304598872));
#13851=CARTESIAN_POINT('Ctrl Pts',(6.0794093616363,35.8,7.93191951224644));
#13852=CARTESIAN_POINT('Ctrl Pts',(6.1458240609786,35.8,7.88147883902877));
#13853=CARTESIAN_POINT('Ctrl Pts',(6.1698317408108,35.8,7.7139176471707));
#13854=CARTESIAN_POINT('Ctrl Pts',(6.11845698105205,35.8,7.64627304598872));
#13855=CARTESIAN_POINT('',(6.11845698105205,36.,7.64627304598872));
#13856=CARTESIAN_POINT('Origin',(5.46272822922228,36.,6.7828819545388));
#13857=CARTESIAN_POINT('',(5.46272822922228,36.,6.7828819545388));
#13858=CARTESIAN_POINT('',(2.83006373080749,36.,3.31648053723773));
#13859=CARTESIAN_POINT('',(5.46272822922228,35.8,6.7828819545388));
#13860=CARTESIAN_POINT('',(5.62636380421626,35.8,6.99833918025882));
#13861=CARTESIAN_POINT('',(5.46272822922228,36.,6.7828819545388));
#13862=CARTESIAN_POINT('Ctrl Pts',(5.17614767642349,36.,6.74260443328338));
#13863=CARTESIAN_POINT('Ctrl Pts',(5.17614767642349,35.8,6.74260443328338));
#13864=CARTESIAN_POINT('Ctrl Pts',(5.24379227760546,36.,6.69122967352464));
#13865=CARTESIAN_POINT('Ctrl Pts',(5.24379227760546,35.8,6.69122967352464));
#13866=CARTESIAN_POINT('Ctrl Pts',(5.41135346946354,36.,6.71523735335683));
#13867=CARTESIAN_POINT('Ctrl Pts',(5.41135346946354,35.8,6.71523735335683));
#13868=CARTESIAN_POINT('Ctrl Pts',(5.46272822922228,36.,6.7828819545388));
#13869=CARTESIAN_POINT('Ctrl Pts',(5.46272822922228,35.8,6.7828819545388));
#13870=CARTESIAN_POINT('',(5.17614767642349,36.,6.74260443328338));
#13871=CARTESIAN_POINT('Ctrl Pts',(5.46272822922228,36.,6.7828819545388));
#13872=CARTESIAN_POINT('Ctrl Pts',(5.41135346946354,36.,6.71523735335683));
#13873=CARTESIAN_POINT('Ctrl Pts',(5.24379227760546,36.,6.69122967352464));
#13874=CARTESIAN_POINT('Ctrl Pts',(5.17614767642349,36.,6.74260443328338));
#13875=CARTESIAN_POINT('',(5.17614767642349,35.8,6.74260443328338));
#13876=CARTESIAN_POINT('Ctrl Pts',(5.46272822922228,35.8,6.7828819545388));
#13877=CARTESIAN_POINT('Ctrl Pts',(5.41135346946354,35.8,6.71523735335683));
#13878=CARTESIAN_POINT('Ctrl Pts',(5.24379227760546,35.8,6.69122967352464));
#13879=CARTESIAN_POINT('Ctrl Pts',(5.17614767642349,35.8,6.74260443328338));
#13880=CARTESIAN_POINT('',(5.17614767642349,36.,6.74260443328338));
#13881=CARTESIAN_POINT('Origin',(5.08390503844807,36.,6.81266092386348));
#13882=CARTESIAN_POINT('',(5.08390503844807,36.,6.81266092386348));
#13883=CARTESIAN_POINT('',(5.1125002626578,36.,6.79094340689461));
#13884=CARTESIAN_POINT('',(5.08390503844807,35.8,6.81266092386348));
#13885=CARTESIAN_POINT('',(5.10692774309364,35.8,6.79517562718799));
#13886=CARTESIAN_POINT('',(5.08390503844807,36.,6.81266092386348));
#13887=CARTESIAN_POINT('Ctrl Pts',(5.04579150557339,36.,7.09953729196087));
#13888=CARTESIAN_POINT('Ctrl Pts',(5.04579150557339,35.8,7.09953729196087));
#13889=CARTESIAN_POINT('Ctrl Pts',(4.99254857273251,36.,7.02943288709956));
#13890=CARTESIAN_POINT('Ctrl Pts',(4.99254857273251,35.8,7.02943288709956));
#13891=CARTESIAN_POINT('Ctrl Pts',(5.01872024094544,36.,6.86216751054009));
#13892=CARTESIAN_POINT('Ctrl Pts',(5.01872024094544,35.8,6.86216751054009));
#13893=CARTESIAN_POINT('Ctrl Pts',(5.08390503844807,36.,6.81266092386348));
#13894=CARTESIAN_POINT('Ctrl Pts',(5.08390503844807,35.8,6.81266092386348));
#13895=CARTESIAN_POINT('',(5.04579150557339,36.,7.09953729196087));
#13896=CARTESIAN_POINT('Ctrl Pts',(5.08390503844807,36.,6.81266092386348));
#13897=CARTESIAN_POINT('Ctrl Pts',(5.01872024094544,36.,6.86216751054009));
#13898=CARTESIAN_POINT('Ctrl Pts',(4.99254857273251,36.,7.02943288709956));
#13899=CARTESIAN_POINT('Ctrl Pts',(5.04579150557339,36.,7.09953729196087));
#13900=CARTESIAN_POINT('',(5.04579150557339,35.8,7.09953729196087));
#13901=CARTESIAN_POINT('Ctrl Pts',(5.08390503844807,35.8,6.81266092386348));
#13902=CARTESIAN_POINT('Ctrl Pts',(5.01872024094544,35.8,6.86216751054009));
#13903=CARTESIAN_POINT('Ctrl Pts',(4.99254857273251,35.8,7.02943288709956));
#13904=CARTESIAN_POINT('Ctrl Pts',(5.04579150557339,35.8,7.09953729196087));
#13905=CARTESIAN_POINT('',(5.04579150557339,36.,7.09953729196087));
#13906=CARTESIAN_POINT('Origin',(5.70152025740316,36.,7.96292838341079));
#13907=CARTESIAN_POINT('',(2.74099138307349,36.,4.06483142038476));
#13908=CARTESIAN_POINT('',(5.53729145648226,35.8,7.74669006340585));
#13909=CARTESIAN_POINT('Origin',(5.50104625753658,36.,8.11518448960489));
#13910=CARTESIAN_POINT('',(5.50104625753658,35.8,8.11518448960489));
#13911=CARTESIAN_POINT('',(5.50104625753658,36.,8.11518448960489));
#13912=CARTESIAN_POINT('',(4.84531750570681,35.8,7.25179339815497));
#13913=CARTESIAN_POINT('',(5.50104625753658,35.8,8.11518448960489));
#13914=CARTESIAN_POINT('',(4.84531750570681,36.,7.25179339815497));
#13915=CARTESIAN_POINT('Ctrl Pts',(6.13848874331391,36.,8.20122010085345));
#13916=CARTESIAN_POINT('Ctrl Pts',(6.13848874331391,35.8,8.20122010085345));
#13917=CARTESIAN_POINT('Ctrl Pts',(5.99090052255324,36.,8.31331048578162));
#13918=CARTESIAN_POINT('Ctrl Pts',(5.99090052255324,35.8,8.31331048578162));
#13919=CARTESIAN_POINT('Ctrl Pts',(5.61593890208796,36.,8.26646241588457));
#13920=CARTESIAN_POINT('Ctrl Pts',(5.61593890208796,35.8,8.26646241588457));
#13921=CARTESIAN_POINT('Ctrl Pts',(5.50104625753658,36.,8.11518448960489));
#13922=CARTESIAN_POINT('Ctrl Pts',(5.50104625753658,35.8,8.11518448960489));
#13923=CARTESIAN_POINT('',(6.13848874331391,35.8,8.20122010085345));
#13924=CARTESIAN_POINT('',(6.13848874331391,36.,8.20122010085345));
#13925=CARTESIAN_POINT('Ctrl Pts',(6.13848874331391,35.8,8.20122010085345));
#13926=CARTESIAN_POINT('Ctrl Pts',(5.99090052255324,35.8,8.31331048578162));
#13927=CARTESIAN_POINT('Ctrl Pts',(5.61593890208796,35.8,8.26646241588457));
#13928=CARTESIAN_POINT('Ctrl Pts',(5.50104625753658,35.8,8.11518448960489));
#13929=CARTESIAN_POINT('Origin',(6.23073138128932,36.,8.13116361027335));
#13930=CARTESIAN_POINT('',(6.23073138128932,35.8,8.13116361027335));
#13931=CARTESIAN_POINT('',(6.23073138128932,36.,8.13116361027335));
#13932=CARTESIAN_POINT('',(6.23073138128933,35.8,8.13116361027335));
#13933=CARTESIAN_POINT('Ctrl Pts',(6.31893098091863,36.,7.49401693979463));
#13934=CARTESIAN_POINT('Ctrl Pts',(6.31893098091863,35.8,7.49401693979463));
#13935=CARTESIAN_POINT('Ctrl Pts',(6.42821910622359,36.,7.63791545503628));
#13936=CARTESIAN_POINT('Ctrl Pts',(6.42821910622359,35.8,7.63791545503628));
#13937=CARTESIAN_POINT('Ctrl Pts',(6.38200930756901,36.,8.01627096572197));
#13938=CARTESIAN_POINT('Ctrl Pts',(6.38200930756901,35.8,8.01627096572197));
#13939=CARTESIAN_POINT('Ctrl Pts',(6.23073138128933,36.,8.13116361027335));
#13940=CARTESIAN_POINT('Ctrl Pts',(6.23073138128933,35.8,8.13116361027335));
#13941=CARTESIAN_POINT('',(6.31893098091863,35.8,7.49401693979463));
#13942=CARTESIAN_POINT('',(6.31893098091863,36.,7.49401693979463));
#13943=CARTESIAN_POINT('Ctrl Pts',(6.31893098091863,35.8,7.49401693979463));
#13944=CARTESIAN_POINT('Ctrl Pts',(6.42821910622359,35.8,7.63791545503628));
#13945=CARTESIAN_POINT('Ctrl Pts',(6.38200930756901,35.8,8.01627096572197));
#13946=CARTESIAN_POINT('Ctrl Pts',(6.23073138128933,35.8,8.13116361027335));
#13947=CARTESIAN_POINT('Origin',(5.66320222908885,36.,6.63062584834471));
#13948=CARTESIAN_POINT('',(5.66320222908885,35.8,6.63062584834471));
#13949=CARTESIAN_POINT('',(5.66320222908885,36.,6.63062584834471));
#13950=CARTESIAN_POINT('',(5.66320222908885,35.8,6.63062584834471));
#13951=CARTESIAN_POINT('Ctrl Pts',(5.02482565677046,36.,6.54336033525647));
#13952=CARTESIAN_POINT('Ctrl Pts',(5.02482565677046,35.8,6.54336033525647));
#13953=CARTESIAN_POINT('Ctrl Pts',(5.17241387753113,36.,6.43126995032831));
#13954=CARTESIAN_POINT('Ctrl Pts',(5.17241387753113,35.8,6.43126995032831));
#13955=CARTESIAN_POINT('Ctrl Pts',(5.54644141145535,36.,6.47688811838568));
#13956=CARTESIAN_POINT('Ctrl Pts',(5.54644141145535,35.8,6.47688811838568));
#13957=CARTESIAN_POINT('Ctrl Pts',(5.66320222908885,36.,6.63062584834471));
#13958=CARTESIAN_POINT('Ctrl Pts',(5.66320222908885,35.8,6.63062584834471));
#13959=CARTESIAN_POINT('',(5.02482565677046,35.8,6.54336033525647));
#13960=CARTESIAN_POINT('',(5.02482565677046,36.,6.54336033525647));
#13961=CARTESIAN_POINT('Ctrl Pts',(5.02482565677046,35.8,6.54336033525647));
#13962=CARTESIAN_POINT('Ctrl Pts',(5.17241387753113,35.8,6.43126995032831));
#13963=CARTESIAN_POINT('Ctrl Pts',(5.54644141145535,35.8,6.47688811838568));
#13964=CARTESIAN_POINT('Ctrl Pts',(5.66320222908885,35.8,6.63062584834471));
#13965=CARTESIAN_POINT('Origin',(4.93258301879505,36.,6.61341682583658));
#13966=CARTESIAN_POINT('',(4.93258301879505,35.8,6.61341682583658));
#13967=CARTESIAN_POINT('',(4.93258301879505,36.,6.61341682583658));
#13968=CARTESIAN_POINT('',(4.93258301879505,35.8,6.61341682583658));
#13969=CARTESIAN_POINT('Ctrl Pts',(4.84531750570681,36.,7.25179339815497));
#13970=CARTESIAN_POINT('Ctrl Pts',(4.84531750570681,35.8,7.25179339815497));
#13971=CARTESIAN_POINT('Ctrl Pts',(4.73322712077864,36.,7.1042051773943));
#13972=CARTESIAN_POINT('Ctrl Pts',(4.73322712077864,35.8,7.1042051773943));
#13973=CARTESIAN_POINT('Ctrl Pts',(4.78007519067569,36.,6.72924355692902));
#13974=CARTESIAN_POINT('Ctrl Pts',(4.78007519067569,35.8,6.72924355692902));
#13975=CARTESIAN_POINT('Ctrl Pts',(4.93258301879505,36.,6.61341682583658));
#13976=CARTESIAN_POINT('Ctrl Pts',(4.93258301879505,35.8,6.61341682583658));
#13977=CARTESIAN_POINT('Ctrl Pts',(4.84531750570681,35.8,7.25179339815497));
#13978=CARTESIAN_POINT('Ctrl Pts',(4.73322712077864,35.8,7.1042051773943));
#13979=CARTESIAN_POINT('Ctrl Pts',(4.78007519067569,35.8,6.72924355692902));
#13980=CARTESIAN_POINT('Ctrl Pts',(4.93258301879505,35.8,6.61341682583658));
#13981=CARTESIAN_POINT('Origin',(5.58145510768922,35.8,7.37218172662893));
#13982=CARTESIAN_POINT('Origin',(8.10187699207813,36.,6.07664713534538));
#13983=CARTESIAN_POINT('',(8.10187699207813,35.8,6.07664713534538));
#13984=CARTESIAN_POINT('',(8.10187699207813,36.,6.07664713534538));
#13985=CARTESIAN_POINT('',(6.67148965660348,35.8,5.07683537199971));
#13986=CARTESIAN_POINT('',(8.10187699207813,35.8,6.07664713534538));
#13987=CARTESIAN_POINT('',(6.67148965660348,36.,5.07683537199971));
#13988=CARTESIAN_POINT('Ctrl Pts',(8.20185169302748,36.,6.10884184145863));
#13989=CARTESIAN_POINT('Ctrl Pts',(8.20185169302748,35.8,6.10884184145863));
#13990=CARTESIAN_POINT('Ctrl Pts',(8.14997851309409,36.,6.11026912384727));
#13991=CARTESIAN_POINT('Ctrl Pts',(8.14997851309409,35.8,6.11026912384727));
#13992=CARTESIAN_POINT('Ctrl Pts',(8.10187699207813,36.,6.07664713534538));
#13993=CARTESIAN_POINT('Ctrl Pts',(8.10187699207813,35.8,6.07664713534538));
#13994=CARTESIAN_POINT('',(8.20185169302748,35.8,6.10884184145864));
#13995=CARTESIAN_POINT('',(8.20185169302748,36.,6.10884184145864));
#13996=CARTESIAN_POINT('Ctrl Pts',(8.20185169302748,35.8,6.10884184145863));
#13997=CARTESIAN_POINT('Ctrl Pts',(8.14997851309409,35.8,6.11026912384727));
#13998=CARTESIAN_POINT('Ctrl Pts',(8.10187699207813,35.8,6.07664713534538));
#13999=CARTESIAN_POINT('Ctrl Pts',(8.27647105959268,36.,6.06678530654409));
#14000=CARTESIAN_POINT('Ctrl Pts',(8.27647105959268,35.8,6.06678530654409));
#14001=CARTESIAN_POINT('Ctrl Pts',(8.25612090865733,36.,6.09589938505375));
#14002=CARTESIAN_POINT('Ctrl Pts',(8.25612090865733,35.8,6.09589938505375));
#14003=CARTESIAN_POINT('Ctrl Pts',(8.20185169302748,36.,6.10884184145863));
#14004=CARTESIAN_POINT('Ctrl Pts',(8.20185169302748,35.8,6.10884184145863));
#14005=CARTESIAN_POINT('',(8.27647105959268,35.8,6.06678530654409));
#14006=CARTESIAN_POINT('',(8.27647105959268,36.,6.06678530654409));
#14007=CARTESIAN_POINT('Ctrl Pts',(8.27647105959268,35.8,6.06678530654409));
#14008=CARTESIAN_POINT('Ctrl Pts',(8.25612090865733,35.8,6.09589938505375));
#14009=CARTESIAN_POINT('Ctrl Pts',(8.20185169302748,35.8,6.10884184145863));
#14010=CARTESIAN_POINT('Ctrl Pts',(8.29574913888488,36.,5.95024502836873));
#14011=CARTESIAN_POINT('Ctrl Pts',(8.29574913888488,35.8,5.95024502836873));
#14012=CARTESIAN_POINT('Ctrl Pts',(8.30196849266643,36.,5.97908786026962));
#14013=CARTESIAN_POINT('Ctrl Pts',(8.30196849266643,35.8,5.97908786026962));
#14014=CARTESIAN_POINT('Ctrl Pts',(8.29505163218583,36.,6.04020288703527));
#14015=CARTESIAN_POINT('Ctrl Pts',(8.29505163218583,35.8,6.04020288703527));
#14016=CARTESIAN_POINT('Ctrl Pts',(8.27647105959268,36.,6.06678530654409));
#14017=CARTESIAN_POINT('Ctrl Pts',(8.27647105959268,35.8,6.06678530654409));
#14018=CARTESIAN_POINT('',(8.29574913888488,35.8,5.95024502836873));
#14019=CARTESIAN_POINT('',(8.29574913888488,36.,5.95024502836873));
#14020=CARTESIAN_POINT('Ctrl Pts',(8.29574913888488,35.8,5.95024502836873));
#14021=CARTESIAN_POINT('Ctrl Pts',(8.30196849266643,35.8,5.97908786026962));
#14022=CARTESIAN_POINT('Ctrl Pts',(8.29505163218583,35.8,6.04020288703527));
#14023=CARTESIAN_POINT('Ctrl Pts',(8.27647105959268,35.8,6.06678530654409));
#14024=CARTESIAN_POINT('Origin',(8.19934593556751,36.,5.40613850447356));
#14025=CARTESIAN_POINT('',(8.19934593556751,35.8,5.40613850447356));
#14026=CARTESIAN_POINT('',(8.19934593556751,36.,5.40613850447356));
#14027=CARTESIAN_POINT('',(8.19934593556751,35.8,5.40613850447356));
#14028=CARTESIAN_POINT('Ctrl Pts',(8.15134129348018,36.,5.32924581072437));
#14029=CARTESIAN_POINT('Ctrl Pts',(8.15134129348018,35.8,5.32924581072437));
#14030=CARTESIAN_POINT('Ctrl Pts',(8.18678451949194,36.,5.35401990751524));
#14031=CARTESIAN_POINT('Ctrl Pts',(8.18678451949194,35.8,5.35401990751524));
#14032=CARTESIAN_POINT('Ctrl Pts',(8.19934593556751,36.,5.40613850447356));
#14033=CARTESIAN_POINT('Ctrl Pts',(8.19934593556751,35.8,5.40613850447356));
#14034=CARTESIAN_POINT('',(8.15134129348018,35.8,5.32924581072437));
#14035=CARTESIAN_POINT('',(8.15134129348018,36.,5.32924581072437));
#14036=CARTESIAN_POINT('Ctrl Pts',(8.15134129348018,35.8,5.32924581072437));
#14037=CARTESIAN_POINT('Ctrl Pts',(8.18678451949194,35.8,5.35401990751524));
#14038=CARTESIAN_POINT('Ctrl Pts',(8.19934593556751,35.8,5.40613850447356));
#14039=CARTESIAN_POINT('Ctrl Pts',(8.05238700500632,36.,5.30907002746915));
#14040=CARTESIAN_POINT('Ctrl Pts',(8.05238700500632,35.8,5.30907002746915));
#14041=CARTESIAN_POINT('Ctrl Pts',(8.1083030904659,36.,5.29916297890689));
#14042=CARTESIAN_POINT('Ctrl Pts',(8.1083030904659,35.8,5.29916297890689));
#14043=CARTESIAN_POINT('Ctrl Pts',(8.15134129348018,36.,5.32924581072437));
#14044=CARTESIAN_POINT('Ctrl Pts',(8.15134129348018,35.8,5.32924581072437));
#14045=CARTESIAN_POINT('',(8.05238700500632,35.8,5.30907002746915));
#14046=CARTESIAN_POINT('',(8.05238700500632,36.,5.30907002746915));
#14047=CARTESIAN_POINT('Ctrl Pts',(8.05238700500632,35.8,5.30907002746915));
#14048=CARTESIAN_POINT('Ctrl Pts',(8.1083030904659,35.8,5.29916297890689));
#14049=CARTESIAN_POINT('Ctrl Pts',(8.15134129348018,35.8,5.32924581072437));
#14050=CARTESIAN_POINT('Ctrl Pts',(7.97283994374382,36.,5.36087215805774));
#14051=CARTESIAN_POINT('Ctrl Pts',(7.97283994374382,35.8,5.36087215805774));
#14052=CARTESIAN_POINT('Ctrl Pts',(7.99938361887689,36.,5.32289727304514));
#14053=CARTESIAN_POINT('Ctrl Pts',(7.99938361887689,35.8,5.32289727304514));
#14054=CARTESIAN_POINT('Ctrl Pts',(8.05238700500632,36.,5.30907002746915));
#14055=CARTESIAN_POINT('Ctrl Pts',(8.05238700500632,35.8,5.30907002746915));
#14056=CARTESIAN_POINT('',(7.97283994374382,35.8,5.36087215805774));
#14057=CARTESIAN_POINT('',(7.97283994374382,36.,5.36087215805774));
#14058=CARTESIAN_POINT('Ctrl Pts',(7.97283994374382,35.8,5.36087215805774));
#14059=CARTESIAN_POINT('Ctrl Pts',(7.99938361887689,35.8,5.32289727304514));
#14060=CARTESIAN_POINT('Ctrl Pts',(8.05238700500632,35.8,5.30907002746915));
#14061=CARTESIAN_POINT('Ctrl Pts',(7.95278686900107,36.,5.45425937968814));
#14062=CARTESIAN_POINT('Ctrl Pts',(7.95278686900107,35.8,5.45425937968814));
#14063=CARTESIAN_POINT('Ctrl Pts',(7.94452669026855,36.,5.40137870207118));
#14064=CARTESIAN_POINT('Ctrl Pts',(7.94452669026855,35.8,5.40137870207118));
#14065=CARTESIAN_POINT('Ctrl Pts',(7.97283994374382,36.,5.36087215805774));
#14066=CARTESIAN_POINT('Ctrl Pts',(7.97283994374382,35.8,5.36087215805774));
#14067=CARTESIAN_POINT('',(7.95278686900107,35.8,5.45425937968814));
#14068=CARTESIAN_POINT('',(7.95278686900107,36.,5.45425937968814));
#14069=CARTESIAN_POINT('Ctrl Pts',(7.95278686900107,35.8,5.45425937968814));
#14070=CARTESIAN_POINT('Ctrl Pts',(7.94452669026855,35.8,5.40137870207118));
#14071=CARTESIAN_POINT('Ctrl Pts',(7.97283994374382,35.8,5.36087215805774));
#14072=CARTESIAN_POINT('Origin',(8.02964078239599,36.,5.71901797851841));
#14073=CARTESIAN_POINT('',(8.02964078239599,35.8,5.71901797851841));
#14074=CARTESIAN_POINT('',(8.02964078239599,36.,5.71901797851841));
#14075=CARTESIAN_POINT('',(8.02964078239599,35.8,5.71901797851841));
#14076=CARTESIAN_POINT('Origin',(6.81571029149317,36.,4.87050516343125));
#14077=CARTESIAN_POINT('',(6.81571029149317,35.8,4.87050516343125));
#14078=CARTESIAN_POINT('',(6.81571029149317,36.,4.87050516343125));
#14079=CARTESIAN_POINT('',(6.81571029149317,35.8,4.87050516343125));
#14080=CARTESIAN_POINT('Ctrl Pts',(6.63935956042833,36.,4.9017504704353));
#14081=CARTESIAN_POINT('Ctrl Pts',(6.63935956042833,35.8,4.9017504704353));
#14082=CARTESIAN_POINT('Ctrl Pts',(6.66855760307471,36.,4.85997809692144));
#14083=CARTESIAN_POINT('Ctrl Pts',(6.66855760307471,35.8,4.85997809692144));
#14084=CARTESIAN_POINT('Ctrl Pts',(6.76381128197594,36.,4.83422880741605));
#14085=CARTESIAN_POINT('Ctrl Pts',(6.76381128197594,35.8,4.83422880741605));
#14086=CARTESIAN_POINT('Ctrl Pts',(6.81571029149317,36.,4.87050516343125));
#14087=CARTESIAN_POINT('Ctrl Pts',(6.81571029149317,35.8,4.87050516343125));
#14088=CARTESIAN_POINT('',(6.63935956042833,35.8,4.9017504704353));
#14089=CARTESIAN_POINT('',(6.63935956042833,36.,4.9017504704353));
#14090=CARTESIAN_POINT('Ctrl Pts',(6.63935956042833,35.8,4.9017504704353));
#14091=CARTESIAN_POINT('Ctrl Pts',(6.66855760307471,35.8,4.85997809692144));
#14092=CARTESIAN_POINT('Ctrl Pts',(6.76381128197594,35.8,4.83422880741605));
#14093=CARTESIAN_POINT('Ctrl Pts',(6.81571029149317,35.8,4.87050516343125));
#14094=CARTESIAN_POINT('Ctrl Pts',(6.61627107784295,36.,4.99678456189543));
#14095=CARTESIAN_POINT('Ctrl Pts',(6.61627107784295,35.8,4.99678456189543));
#14096=CARTESIAN_POINT('Ctrl Pts',(6.60927672861085,36.,4.94478867344958));
#14097=CARTESIAN_POINT('Ctrl Pts',(6.60927672861085,35.8,4.94478867344958));
#14098=CARTESIAN_POINT('Ctrl Pts',(6.63935956042833,36.,4.9017504704353));
#14099=CARTESIAN_POINT('Ctrl Pts',(6.63935956042833,35.8,4.9017504704353));
#14100=CARTESIAN_POINT('',(6.61627107784295,35.8,4.99678456189543));
#14101=CARTESIAN_POINT('',(6.61627107784295,36.,4.99678456189543));
#14102=CARTESIAN_POINT('Ctrl Pts',(6.61627107784295,35.8,4.99678456189543));
#14103=CARTESIAN_POINT('Ctrl Pts',(6.60927672861085,35.8,4.94478867344958));
#14104=CARTESIAN_POINT('Ctrl Pts',(6.63935956042833,35.8,4.9017504704353));
#14105=CARTESIAN_POINT('Ctrl Pts',(6.67148965660348,36.,5.07683537199971));
#14106=CARTESIAN_POINT('Ctrl Pts',(6.67148965660348,35.8,5.07683537199971));
#14107=CARTESIAN_POINT('Ctrl Pts',(6.62338813558752,36.,5.04321338349782));
#14108=CARTESIAN_POINT('Ctrl Pts',(6.62338813558752,35.8,5.04321338349782));
#14109=CARTESIAN_POINT('Ctrl Pts',(6.61627107784295,36.,4.99678456189543));
#14110=CARTESIAN_POINT('Ctrl Pts',(6.61627107784295,35.8,4.99678456189543));
#14111=CARTESIAN_POINT('Ctrl Pts',(6.67148965660348,35.8,5.07683537199971));
#14112=CARTESIAN_POINT('Ctrl Pts',(6.62338813558752,35.8,5.04321338349782));
#14113=CARTESIAN_POINT('Ctrl Pts',(6.61627107784295,35.8,4.99678456189543));
#14114=CARTESIAN_POINT('Origin',(7.5666985445751,35.8,5.47327906600941));
#14115=CARTESIAN_POINT('Origin',(9.6852883805267,36.,2.47573417200297));
#14116=CARTESIAN_POINT('',(9.6852883805267,35.8,2.47573417200297));
#14117=CARTESIAN_POINT('',(9.6852883805267,36.,2.47573417200297));
#14118=CARTESIAN_POINT('',(9.1829031445323,35.8,2.33395566653954));
#14119=CARTESIAN_POINT('',(9.6852883805267,35.8,2.47573417200297));
#14120=CARTESIAN_POINT('',(9.1829031445323,36.,2.33395566653954));
#14121=CARTESIAN_POINT('Origin',(9.50869444324828,36.,3.10148619671788));
#14122=CARTESIAN_POINT('',(9.50869444324828,35.8,3.10148619671788));
#14123=CARTESIAN_POINT('',(9.50869444324828,36.,3.10148619671788));
#14124=CARTESIAN_POINT('',(9.50869444324828,35.8,3.10148619671788));
#14125=CARTESIAN_POINT('Ctrl Pts',(9.59617891633567,36.,3.25776260736741));
#14126=CARTESIAN_POINT('Ctrl Pts',(9.59617891633567,35.8,3.25776260736741));
#14127=CARTESIAN_POINT('Ctrl Pts',(9.55456120447815,36.,3.24601764241778));
#14128=CARTESIAN_POINT('Ctrl Pts',(9.55456120447815,35.8,3.24601764241778));
#14129=CARTESIAN_POINT('Ctrl Pts',(9.49191592189166,36.,3.16094007080006));
#14130=CARTESIAN_POINT('Ctrl Pts',(9.49191592189166,35.8,3.16094007080006));
#14131=CARTESIAN_POINT('Ctrl Pts',(9.50869444324828,36.,3.10148619671788));
#14132=CARTESIAN_POINT('Ctrl Pts',(9.50869444324828,35.8,3.10148619671788));
#14133=CARTESIAN_POINT('',(9.59617891633567,35.8,3.25776260736742));
#14134=CARTESIAN_POINT('',(9.59617891633567,36.,3.25776260736742));
#14135=CARTESIAN_POINT('Ctrl Pts',(9.59617891633567,35.8,3.25776260736741));
#14136=CARTESIAN_POINT('Ctrl Pts',(9.55456120447815,35.8,3.24601764241778));
#14137=CARTESIAN_POINT('Ctrl Pts',(9.49191592189166,35.8,3.16094007080006));
#14138=CARTESIAN_POINT('Ctrl Pts',(9.50869444324828,35.8,3.10148619671788));
#14139=CARTESIAN_POINT('Ctrl Pts',(9.74948263328109,36.,3.16943920821219));
#14140=CARTESIAN_POINT('Ctrl Pts',(9.74948263328109,35.8,3.16943920821219));
#14141=CARTESIAN_POINT('Ctrl Pts',(9.73522089012797,36.,3.21997500118204));
#14142=CARTESIAN_POINT('Ctrl Pts',(9.73522089012797,35.8,3.21997500118204));
#14143=CARTESIAN_POINT('Ctrl Pts',(9.6407693218973,36.,3.27034649838488));
#14144=CARTESIAN_POINT('Ctrl Pts',(9.6407693218973,35.8,3.27034649838488));
#14145=CARTESIAN_POINT('Ctrl Pts',(9.59617891633567,36.,3.25776260736741));
#14146=CARTESIAN_POINT('Ctrl Pts',(9.59617891633567,35.8,3.25776260736741));
#14147=CARTESIAN_POINT('',(9.74948263328109,35.8,3.16943920821219));
#14148=CARTESIAN_POINT('',(9.74948263328109,36.,3.16943920821219));
#14149=CARTESIAN_POINT('Ctrl Pts',(9.74948263328109,35.8,3.16943920821219));
#14150=CARTESIAN_POINT('Ctrl Pts',(9.73522089012797,35.8,3.21997500118204));
#14151=CARTESIAN_POINT('Ctrl Pts',(9.6407693218973,35.8,3.27034649838488));
#14152=CARTESIAN_POINT('Ctrl Pts',(9.59617891633567,35.8,3.25776260736741));
#14153=CARTESIAN_POINT('Origin',(9.96005307630667,36.,2.42329308848087));
#14154=CARTESIAN_POINT('',(9.96005307630667,35.8,2.42329308848087));
#14155=CARTESIAN_POINT('',(9.96005307630667,36.,2.42329308848087));
#14156=CARTESIAN_POINT('',(9.96005307630667,35.8,2.42329308848087));
#14157=CARTESIAN_POINT('Ctrl Pts',(9.87405495007133,36.,2.26743614086526));
#14158=CARTESIAN_POINT('Ctrl Pts',(9.87405495007133,35.8,2.26743614086526));
#14159=CARTESIAN_POINT('Ctrl Pts',(9.99444904508774,36.,2.30141264661241));
#14160=CARTESIAN_POINT('Ctrl Pts',(9.99444904508774,35.8,2.30141264661241));
#14161=CARTESIAN_POINT('Ctrl Pts',(9.96005307630667,36.,2.42329308848087));
#14162=CARTESIAN_POINT('Ctrl Pts',(9.96005307630667,35.8,2.42329308848087));
#14163=CARTESIAN_POINT('',(9.87405495007133,35.8,2.26743614086526));
#14164=CARTESIAN_POINT('',(9.87405495007133,36.,2.26743614086526));
#14165=CARTESIAN_POINT('Ctrl Pts',(9.87405495007133,35.8,2.26743614086526));
#14166=CARTESIAN_POINT('Ctrl Pts',(9.99444904508774,35.8,2.30141264661241));
#14167=CARTESIAN_POINT('Ctrl Pts',(9.96005307630667,35.8,2.42329308848087));
#14168=CARTESIAN_POINT('Origin',(8.19745570095394,36.,1.79428183860859));
#14169=CARTESIAN_POINT('',(8.19745570095394,35.8,1.79428183860859));
#14170=CARTESIAN_POINT('',(8.19745570095394,36.,1.79428183860859));
#14171=CARTESIAN_POINT('',(8.19745570095394,35.8,1.79428183860859));
#14172=CARTESIAN_POINT('Ctrl Pts',(8.04117929030441,36.,1.88176631169599));
#14173=CARTESIAN_POINT('Ctrl Pts',(8.04117929030441,35.8,1.88176631169599));
#14174=CARTESIAN_POINT('Ctrl Pts',(8.05502157042362,36.,1.83271686557819));
#14175=CARTESIAN_POINT('Ctrl Pts',(8.05502157042362,35.8,1.83271686557819));
#14176=CARTESIAN_POINT('Ctrl Pts',(8.13651548001971,36.,1.77708385421806));
#14177=CARTESIAN_POINT('Ctrl Pts',(8.13651548001971,35.8,1.77708385421806));
#14178=CARTESIAN_POINT('Ctrl Pts',(8.19745570095394,36.,1.79428183860859));
#14179=CARTESIAN_POINT('Ctrl Pts',(8.19745570095394,35.8,1.79428183860859));
#14180=CARTESIAN_POINT('',(8.04117929030441,35.8,1.88176631169599));
#14181=CARTESIAN_POINT('',(8.04117929030441,36.,1.88176631169599));
#14182=CARTESIAN_POINT('Ctrl Pts',(8.04117929030441,35.8,1.88176631169599));
#14183=CARTESIAN_POINT('Ctrl Pts',(8.05502157042362,35.8,1.83271686557819));
#14184=CARTESIAN_POINT('Ctrl Pts',(8.13651548001971,35.8,1.77708385421806));
#14185=CARTESIAN_POINT('Ctrl Pts',(8.19745570095394,35.8,1.79428183860859));
#14186=CARTESIAN_POINT('Ctrl Pts',(8.05061694890065,36.,1.97910842574725));
#14187=CARTESIAN_POINT('Ctrl Pts',(8.05061694890065,35.8,1.97910842574725));
#14188=CARTESIAN_POINT('Ctrl Pts',(8.02691754715129,36.,1.93230210466584));
#14189=CARTESIAN_POINT('Ctrl Pts',(8.02691754715129,35.8,1.93230210466584));
#14190=CARTESIAN_POINT('Ctrl Pts',(8.04117929030441,36.,1.88176631169599));
#14191=CARTESIAN_POINT('Ctrl Pts',(8.04117929030441,35.8,1.88176631169599));
#14192=CARTESIAN_POINT('',(8.05061694890065,35.8,1.97910842574725));
#14193=CARTESIAN_POINT('',(8.05061694890065,36.,1.97910842574725));
#14194=CARTESIAN_POINT('Ctrl Pts',(8.05061694890065,35.8,1.97910842574725));
#14195=CARTESIAN_POINT('Ctrl Pts',(8.02691754715129,35.8,1.93230210466584));
#14196=CARTESIAN_POINT('Ctrl Pts',(8.04117929030441,35.8,1.88176631169599));
#14197=CARTESIAN_POINT('Ctrl Pts',(8.12908322642572,36.,2.03655637549346));
#14198=CARTESIAN_POINT('Ctrl Pts',(8.12908322642572,35.8,2.03655637549346));
#14199=CARTESIAN_POINT('Ctrl Pts',(8.07260204604765,36.,2.02061678020467));
#14200=CARTESIAN_POINT('Ctrl Pts',(8.07260204604765,35.8,2.02061678020467));
#14201=CARTESIAN_POINT('Ctrl Pts',(8.05061694890065,36.,1.97910842574725));
#14202=CARTESIAN_POINT('Ctrl Pts',(8.05061694890065,35.8,1.97910842574725));
#14203=CARTESIAN_POINT('',(8.12908322642572,35.8,2.03655637549346));
#14204=CARTESIAN_POINT('',(8.12908322642572,36.,2.03655637549346));
#14205=CARTESIAN_POINT('Ctrl Pts',(8.12908322642572,35.8,2.03655637549346));
#14206=CARTESIAN_POINT('Ctrl Pts',(8.07260204604765,35.8,2.02061678020467));
#14207=CARTESIAN_POINT('Ctrl Pts',(8.05061694890065,35.8,1.97910842574725));
#14208=CARTESIAN_POINT('Origin',(8.94211495449949,36.,2.26600265504523));
#14209=CARTESIAN_POINT('',(8.94211495449949,35.8,2.26600265504523));
#14210=CARTESIAN_POINT('',(8.94211495449949,36.,2.26600265504523));
#14211=CARTESIAN_POINT('',(8.94211495449949,35.8,2.26600265504523));
#14212=CARTESIAN_POINT('Origin',(8.76552101722107,36.,2.89175467976014));
#14213=CARTESIAN_POINT('',(8.76552101722107,35.8,2.89175467976014));
#14214=CARTESIAN_POINT('',(8.76552101722107,36.,2.89175467976014));
#14215=CARTESIAN_POINT('',(8.76552101722107,35.8,2.89175467976014));
#14216=CARTESIAN_POINT('Ctrl Pts',(8.85300549030846,36.,3.04803109040967));
#14217=CARTESIAN_POINT('Ctrl Pts',(8.85300549030846,35.8,3.04803109040967));
#14218=CARTESIAN_POINT('Ctrl Pts',(8.81138777845094,36.,3.03628612546004));
#14219=CARTESIAN_POINT('Ctrl Pts',(8.81138777845094,35.8,3.03628612546004));
#14220=CARTESIAN_POINT('Ctrl Pts',(8.74874249586445,36.,2.95120855384232));
#14221=CARTESIAN_POINT('Ctrl Pts',(8.74874249586445,35.8,2.95120855384232));
#14222=CARTESIAN_POINT('Ctrl Pts',(8.76552101722107,36.,2.89175467976014));
#14223=CARTESIAN_POINT('Ctrl Pts',(8.76552101722107,35.8,2.89175467976014));
#14224=CARTESIAN_POINT('',(8.85300549030846,35.8,3.04803109040967));
#14225=CARTESIAN_POINT('',(8.85300549030846,36.,3.04803109040967));
#14226=CARTESIAN_POINT('Ctrl Pts',(8.85300549030846,35.8,3.04803109040967));
#14227=CARTESIAN_POINT('Ctrl Pts',(8.81138777845094,35.8,3.03628612546004));
#14228=CARTESIAN_POINT('Ctrl Pts',(8.74874249586445,35.8,2.95120855384232));
#14229=CARTESIAN_POINT('Ctrl Pts',(8.76552101722107,35.8,2.89175467976014));
#14230=CARTESIAN_POINT('Ctrl Pts',(8.94886125750767,36.,3.03817396877952));
#14231=CARTESIAN_POINT('Ctrl Pts',(8.94886125750767,35.8,3.03817396877952));
#14232=CARTESIAN_POINT('Ctrl Pts',(8.9005685895742,36.,3.06145390749497));
#14233=CARTESIAN_POINT('Ctrl Pts',(8.9005685895742,35.8,3.06145390749497));
#14234=CARTESIAN_POINT('Ctrl Pts',(8.85300549030846,36.,3.04803109040967));
#14235=CARTESIAN_POINT('Ctrl Pts',(8.85300549030846,35.8,3.04803109040967));
#14236=CARTESIAN_POINT('',(8.94886125750767,35.8,3.03817396877952));
#14237=CARTESIAN_POINT('',(8.94886125750767,36.,3.03817396877952));
#14238=CARTESIAN_POINT('Ctrl Pts',(8.94886125750767,35.8,3.03817396877952));
#14239=CARTESIAN_POINT('Ctrl Pts',(8.9005685895742,35.8,3.06145390749497));
#14240=CARTESIAN_POINT('Ctrl Pts',(8.85300549030846,35.8,3.04803109040967));
#14241=CARTESIAN_POINT('Ctrl Pts',(9.00630920725389,36.,2.95970769125445));
#14242=CARTESIAN_POINT('Ctrl Pts',(9.00630920725389,35.8,2.95970769125445));
#14243=CARTESIAN_POINT('Ctrl Pts',(8.99078907499901,36.,3.01470252478046));
#14244=CARTESIAN_POINT('Ctrl Pts',(8.99078907499901,35.8,3.01470252478046));
#14245=CARTESIAN_POINT('Ctrl Pts',(8.94886125750767,36.,3.03817396877952));
#14246=CARTESIAN_POINT('Ctrl Pts',(8.94886125750767,35.8,3.03817396877952));
#14247=CARTESIAN_POINT('',(9.00630920725389,35.8,2.95970769125445));
#14248=CARTESIAN_POINT('',(9.00630920725389,36.,2.95970769125445));
#14249=CARTESIAN_POINT('Ctrl Pts',(9.00630920725389,35.8,2.95970769125445));
#14250=CARTESIAN_POINT('Ctrl Pts',(8.99078907499901,35.8,3.01470252478046));
#14251=CARTESIAN_POINT('Ctrl Pts',(8.94886125750767,35.8,3.03817396877952));
#14252=CARTESIAN_POINT('Origin',(9.1829031445323,36.,2.33395566653954));
#14253=CARTESIAN_POINT('',(9.1829031445323,35.8,2.33395566653954));
#14254=CARTESIAN_POINT('Origin',(9.13383168197356,35.8,2.43539660821967));
#14255=CARTESIAN_POINT('Ctrl Pts',(10.1957470722404,36.,0.991368656390773));
#14256=CARTESIAN_POINT('Ctrl Pts',(10.1957470722404,35.8,0.991368656390773));
#14257=CARTESIAN_POINT('Ctrl Pts',(10.182030242595,36.,1.13434151238337));
#14258=CARTESIAN_POINT('Ctrl Pts',(10.182030242595,35.8,1.13434151238337));
#14259=CARTESIAN_POINT('Ctrl Pts',(10.0696853435362,36.,1.39972888772251));
#14260=CARTESIAN_POINT('Ctrl Pts',(10.0696853435362,35.8,1.39972888772251));
#14261=CARTESIAN_POINT('Ctrl Pts',(9.97347957341171,36.,1.51306684463561));
#14262=CARTESIAN_POINT('Ctrl Pts',(9.97347957341171,35.8,1.51306684463561));
#14263=CARTESIAN_POINT('',(10.1957470722404,35.8,0.991368656390773));
#14264=CARTESIAN_POINT('',(10.1957470722404,36.,0.991368656390773));
#14265=CARTESIAN_POINT('',(9.97347957341171,35.8,1.51306684463561));
#14266=CARTESIAN_POINT('Ctrl Pts',(10.1957470722404,35.8,0.991368656390773));
#14267=CARTESIAN_POINT('Ctrl Pts',(10.182030242595,35.8,1.13434151238337));
#14268=CARTESIAN_POINT('Ctrl Pts',(10.0696853435362,35.8,1.39972888772251));
#14269=CARTESIAN_POINT('Ctrl Pts',(9.97347957341171,35.8,1.51306684463561));
#14270=CARTESIAN_POINT('',(9.97347957341171,36.,1.51306684463561));
#14271=CARTESIAN_POINT('Ctrl Pts',(10.1500860026237,36.,0.642556480667431));
#14272=CARTESIAN_POINT('Ctrl Pts',(10.1500860026237,35.8,0.642556480667431));
#14273=CARTESIAN_POINT('Ctrl Pts',(10.2147736423936,36.,0.793051469046206));
#14274=CARTESIAN_POINT('Ctrl Pts',(10.2147736423936,35.8,0.793051469046206));
#14275=CARTESIAN_POINT('Ctrl Pts',(10.1957470722404,36.,0.991368656390773));
#14276=CARTESIAN_POINT('Ctrl Pts',(10.1957470722404,35.8,0.991368656390773));
#14277=CARTESIAN_POINT('',(10.1500860026237,35.8,0.642556480667431));
#14278=CARTESIAN_POINT('',(10.1500860026237,36.,0.642556480667431));
#14279=CARTESIAN_POINT('Ctrl Pts',(10.1500860026237,35.8,0.642556480667431));
#14280=CARTESIAN_POINT('Ctrl Pts',(10.2147736423936,35.8,0.793051469046206));
#14281=CARTESIAN_POINT('Ctrl Pts',(10.1957470722404,35.8,0.991368656390773));
#14282=CARTESIAN_POINT('Ctrl Pts',(9.79762589879212,36.,0.354296570496396));
#14283=CARTESIAN_POINT('Ctrl Pts',(9.79762589879212,35.8,0.354296570496396));
#14284=CARTESIAN_POINT('Ctrl Pts',(9.90831456149606,36.,0.364916051512182));
#14285=CARTESIAN_POINT('Ctrl Pts',(9.90831456149606,35.8,0.364916051512182));
#14286=CARTESIAN_POINT('Ctrl Pts',(10.0918427185878,36.,0.489576778381088));
#14287=CARTESIAN_POINT('Ctrl Pts',(10.0918427185878,35.8,0.489576778381088));
#14288=CARTESIAN_POINT('Ctrl Pts',(10.1500860026237,36.,0.642556480667431));
#14289=CARTESIAN_POINT('Ctrl Pts',(10.1500860026237,35.8,0.642556480667431));
#14290=CARTESIAN_POINT('',(9.79762589879212,35.8,0.354296570496396));
#14291=CARTESIAN_POINT('',(9.79762589879212,36.,0.354296570496396));
#14292=CARTESIAN_POINT('Ctrl Pts',(9.79762589879212,35.8,0.354296570496396));
#14293=CARTESIAN_POINT('Ctrl Pts',(9.90831456149606,35.8,0.364916051512182));
#14294=CARTESIAN_POINT('Ctrl Pts',(10.0918427185878,35.8,0.489576778381088));
#14295=CARTESIAN_POINT('Ctrl Pts',(10.1500860026237,35.8,0.642556480667431));
#14296=CARTESIAN_POINT('Ctrl Pts',(9.49672100020775,36.,0.466613589331212));
#14297=CARTESIAN_POINT('Ctrl Pts',(9.49672100020775,35.8,0.466613589331212));
#14298=CARTESIAN_POINT('Ctrl Pts',(9.54566630293473,36.,0.409249686001827));
#14299=CARTESIAN_POINT('Ctrl Pts',(9.54566630293473,35.8,0.409249686001827));
#14300=CARTESIAN_POINT('Ctrl Pts',(9.71153471668905,36.,0.346036974150784));
#14301=CARTESIAN_POINT('Ctrl Pts',(9.71153471668905,35.8,0.346036974150784));
#14302=CARTESIAN_POINT('Ctrl Pts',(9.79762589879212,36.,0.354296570496396));
#14303=CARTESIAN_POINT('Ctrl Pts',(9.79762589879212,35.8,0.354296570496396));
#14304=CARTESIAN_POINT('',(9.49672100020775,35.8,0.466613589331212));
#14305=CARTESIAN_POINT('',(9.49672100020775,36.,0.466613589331212));
#14306=CARTESIAN_POINT('Ctrl Pts',(9.49672100020775,35.8,0.466613589331212));
#14307=CARTESIAN_POINT('Ctrl Pts',(9.54566630293473,35.8,0.409249686001827));
#14308=CARTESIAN_POINT('Ctrl Pts',(9.71153471668905,35.8,0.346036974150784));
#14309=CARTESIAN_POINT('Ctrl Pts',(9.79762589879212,35.8,0.354296570496396));
#14310=CARTESIAN_POINT('Origin',(8.89394152748986,36.,1.13798458319754));
#14311=CARTESIAN_POINT('',(8.89394152748986,35.8,1.13798458319754));
#14312=CARTESIAN_POINT('',(8.89394152748986,36.,1.13798458319754));
#14313=CARTESIAN_POINT('',(8.89394152748986,35.8,1.13798458319754));
#14314=CARTESIAN_POINT('Ctrl Pts',(8.80077069137627,36.,1.20351742865456));
#14315=CARTESIAN_POINT('Ctrl Pts',(8.80077069137627,35.8,1.20351742865456));
#14316=CARTESIAN_POINT('Ctrl Pts',(8.84434383897665,36.,1.18597693850971));
#14317=CARTESIAN_POINT('Ctrl Pts',(8.84434383897665,35.8,1.18597693850971));
#14318=CARTESIAN_POINT('Ctrl Pts',(8.89394152748986,36.,1.13798458319754));
#14319=CARTESIAN_POINT('Ctrl Pts',(8.89394152748986,35.8,1.13798458319754));
#14320=CARTESIAN_POINT('',(8.80077069137627,35.8,1.20351742865456));
#14321=CARTESIAN_POINT('',(8.80077069137627,36.,1.20351742865456));
#14322=CARTESIAN_POINT('Ctrl Pts',(8.80077069137627,35.8,1.20351742865456));
#14323=CARTESIAN_POINT('Ctrl Pts',(8.84434383897665,35.8,1.18597693850971));
#14324=CARTESIAN_POINT('Ctrl Pts',(8.89394152748986,35.8,1.13798458319754));
#14325=CARTESIAN_POINT('Ctrl Pts',(8.67359107558039,36.,1.21924267818778));
#14326=CARTESIAN_POINT('Ctrl Pts',(8.67359107558039,35.8,1.21924267818778));
#14327=CARTESIAN_POINT('Ctrl Pts',(8.73047274946991,36.,1.22469991148756));
#14328=CARTESIAN_POINT('Ctrl Pts',(8.73047274946991,35.8,1.22469991148756));
#14329=CARTESIAN_POINT('Ctrl Pts',(8.80077069137627,36.,1.20351742865456));
#14330=CARTESIAN_POINT('Ctrl Pts',(8.80077069137627,35.8,1.20351742865456));
#14331=CARTESIAN_POINT('',(8.67359107558039,35.8,1.21924267818778));
#14332=CARTESIAN_POINT('',(8.67359107558039,36.,1.21924267818778));
#14333=CARTESIAN_POINT('Ctrl Pts',(8.67359107558039,35.8,1.21924267818778));
#14334=CARTESIAN_POINT('Ctrl Pts',(8.73047274946991,35.8,1.22469991148756));
#14335=CARTESIAN_POINT('Ctrl Pts',(8.80077069137627,35.8,1.20351742865456));
#14336=CARTESIAN_POINT('Ctrl Pts',(8.57002181795117,36.,1.18293085240922));
#14337=CARTESIAN_POINT('Ctrl Pts',(8.57002181795117,35.8,1.18293085240922));
#14338=CARTESIAN_POINT('Ctrl Pts',(8.59051216393373,36.,1.19575714925851));
#14339=CARTESIAN_POINT('Ctrl Pts',(8.59051216393373,35.8,1.19575714925851));
#14340=CARTESIAN_POINT('Ctrl Pts',(8.64438156736685,36.,1.21644031514195));
#14341=CARTESIAN_POINT('Ctrl Pts',(8.64438156736685,35.8,1.21644031514195));
#14342=CARTESIAN_POINT('Ctrl Pts',(8.67359107558039,36.,1.21924267818778));
#14343=CARTESIAN_POINT('Ctrl Pts',(8.67359107558039,35.8,1.21924267818778));
#14344=CARTESIAN_POINT('',(8.57002181795117,35.8,1.18293085240922));
#14345=CARTESIAN_POINT('',(8.57002181795117,36.,1.18293085240922));
#14346=CARTESIAN_POINT('Ctrl Pts',(8.57002181795117,35.8,1.18293085240922));
#14347=CARTESIAN_POINT('Ctrl Pts',(8.59051216393373,35.8,1.19575714925851));
#14348=CARTESIAN_POINT('Ctrl Pts',(8.64438156736685,35.8,1.21644031514195));
#14349=CARTESIAN_POINT('Ctrl Pts',(8.67359107558039,35.8,1.21924267818778));
#14350=CARTESIAN_POINT('Ctrl Pts',(8.50008685229207,36.,1.10330111354985));
#14351=CARTESIAN_POINT('Ctrl Pts',(8.50008685229207,35.8,1.10330111354985));
#14352=CARTESIAN_POINT('Ctrl Pts',(8.52040704192825,36.,1.15024393180912));
#14353=CARTESIAN_POINT('Ctrl Pts',(8.52040704192825,35.8,1.15024393180912));
#14354=CARTESIAN_POINT('Ctrl Pts',(8.57002181795117,36.,1.18293085240922));
#14355=CARTESIAN_POINT('Ctrl Pts',(8.57002181795117,35.8,1.18293085240922));
#14356=CARTESIAN_POINT('',(8.50008685229207,35.8,1.10330111354985));
#14357=CARTESIAN_POINT('',(8.50008685229207,36.,1.10330111354985));
#14358=CARTESIAN_POINT('Ctrl Pts',(8.50008685229207,35.8,1.10330111354985));
#14359=CARTESIAN_POINT('Ctrl Pts',(8.52040704192825,35.8,1.15024393180912));
#14360=CARTESIAN_POINT('Ctrl Pts',(8.57002181795117,35.8,1.18293085240922));
#14361=CARTESIAN_POINT('Ctrl Pts',(8.45343308419645,36.,0.813350432629248));
#14362=CARTESIAN_POINT('Ctrl Pts',(8.45343308419645,35.8,0.813350432629248));
#14363=CARTESIAN_POINT('Ctrl Pts',(8.44015873292672,36.,0.951711261009179));
#14364=CARTESIAN_POINT('Ctrl Pts',(8.44015873292672,35.8,0.951711261009179));
#14365=CARTESIAN_POINT('Ctrl Pts',(8.50008685229207,36.,1.10330111354985));
#14366=CARTESIAN_POINT('Ctrl Pts',(8.50008685229207,35.8,1.10330111354985));
#14367=CARTESIAN_POINT('',(8.45343308419645,35.8,0.813350432629248));
#14368=CARTESIAN_POINT('',(8.45343308419645,36.,0.813350432629248));
#14369=CARTESIAN_POINT('Ctrl Pts',(8.45343308419645,35.8,0.813350432629248));
#14370=CARTESIAN_POINT('Ctrl Pts',(8.44015873292672,35.8,0.951711261009179));
#14371=CARTESIAN_POINT('Ctrl Pts',(8.50008685229207,35.8,1.10330111354985));
#14372=CARTESIAN_POINT('Ctrl Pts',(8.62999454567483,36.,0.428453066672296));
#14373=CARTESIAN_POINT('Ctrl Pts',(8.62999454567483,35.8,0.428453066672296));
#14374=CARTESIAN_POINT('Ctrl Pts',(8.55400679950362,36.,0.525112826637371));
#14375=CARTESIAN_POINT('Ctrl Pts',(8.55400679950362,35.8,0.525112826637371));
#14376=CARTESIAN_POINT('Ctrl Pts',(8.46302011566904,36.,0.713423167688189));
#14377=CARTESIAN_POINT('Ctrl Pts',(8.46302011566904,35.8,0.713423167688189));
#14378=CARTESIAN_POINT('Ctrl Pts',(8.45343308419645,36.,0.813350432629248));
#14379=CARTESIAN_POINT('Ctrl Pts',(8.45343308419645,35.8,0.813350432629248));
#14380=CARTESIAN_POINT('',(8.62999454567483,35.8,0.428453066672296));
#14381=CARTESIAN_POINT('',(8.62999454567483,36.,0.428453066672296));
#14382=CARTESIAN_POINT('Ctrl Pts',(8.62999454567483,35.8,0.428453066672296));
#14383=CARTESIAN_POINT('Ctrl Pts',(8.55400679950362,35.8,0.525112826637371));
#14384=CARTESIAN_POINT('Ctrl Pts',(8.46302011566904,35.8,0.713423167688189));
#14385=CARTESIAN_POINT('Ctrl Pts',(8.45343308419645,35.8,0.813350432629248));
#14386=CARTESIAN_POINT('Ctrl Pts',(8.65646968150603,36.,0.362727401314402));
#14387=CARTESIAN_POINT('Ctrl Pts',(8.65646968150603,35.8,0.362727401314402));
#14388=CARTESIAN_POINT('Ctrl Pts',(8.65337233287642,36.,0.395011594603053));
#14389=CARTESIAN_POINT('Ctrl Pts',(8.65337233287642,35.8,0.395011594603053));
#14390=CARTESIAN_POINT('Ctrl Pts',(8.62999454567483,36.,0.428453066672296));
#14391=CARTESIAN_POINT('Ctrl Pts',(8.62999454567483,35.8,0.428453066672296));
#14392=CARTESIAN_POINT('',(8.65646968150603,35.8,0.362727401314402));
#14393=CARTESIAN_POINT('',(8.65646968150603,36.,0.362727401314402));
#14394=CARTESIAN_POINT('Ctrl Pts',(8.65646968150603,35.8,0.362727401314402));
#14395=CARTESIAN_POINT('Ctrl Pts',(8.65337233287642,35.8,0.395011594603053));
#14396=CARTESIAN_POINT('Ctrl Pts',(8.62999454567483,35.8,0.428453066672296));
#14397=CARTESIAN_POINT('Ctrl Pts',(8.54066967423985,36.,0.227498096583488));
#14398=CARTESIAN_POINT('Ctrl Pts',(8.54066967423985,35.8,0.227498096583488));
#14399=CARTESIAN_POINT('Ctrl Pts',(8.59140197797916,36.,0.232365358715724));
#14400=CARTESIAN_POINT('Ctrl Pts',(8.59140197797916,35.8,0.232365358715724));
#14401=CARTESIAN_POINT('Ctrl Pts',(8.66163192922203,36.,0.308920412499986));
#14402=CARTESIAN_POINT('Ctrl Pts',(8.66163192922203,35.8,0.308920412499986));
#14403=CARTESIAN_POINT('Ctrl Pts',(8.65646968150603,36.,0.362727401314402));
#14404=CARTESIAN_POINT('Ctrl Pts',(8.65646968150603,35.8,0.362727401314402));
#14405=CARTESIAN_POINT('',(8.54066967423985,35.8,0.227498096583488));
#14406=CARTESIAN_POINT('',(8.54066967423985,36.,0.227498096583488));
#14407=CARTESIAN_POINT('Ctrl Pts',(8.54066967423985,35.8,0.227498096583488));
#14408=CARTESIAN_POINT('Ctrl Pts',(8.59140197797916,35.8,0.232365358715724));
#14409=CARTESIAN_POINT('Ctrl Pts',(8.66163192922203,35.8,0.308920412499986));
#14410=CARTESIAN_POINT('Ctrl Pts',(8.65646968150603,35.8,0.362727401314402));
#14411=CARTESIAN_POINT('Ctrl Pts',(8.43221049092391,36.,0.274497753416658));
#14412=CARTESIAN_POINT('Ctrl Pts',(8.43221049092391,35.8,0.274497753416658));
#14413=CARTESIAN_POINT('Ctrl Pts',(8.474563945125,36.,0.221155906532393));
#14414=CARTESIAN_POINT('Ctrl Pts',(8.474563945125,35.8,0.221155906532393));
#14415=CARTESIAN_POINT('Ctrl Pts',(8.54066967423985,36.,0.227498096583488));
#14416=CARTESIAN_POINT('Ctrl Pts',(8.54066967423985,35.8,0.227498096583488));
#14417=CARTESIAN_POINT('',(8.43221049092391,35.8,0.274497753416658));
#14418=CARTESIAN_POINT('',(8.43221049092391,36.,0.274497753416658));
#14419=CARTESIAN_POINT('Ctrl Pts',(8.43221049092391,35.8,0.274497753416658));
#14420=CARTESIAN_POINT('Ctrl Pts',(8.474563945125,35.8,0.221155906532393));
#14421=CARTESIAN_POINT('Ctrl Pts',(8.54066967423985,35.8,0.227498096583488));
#14422=CARTESIAN_POINT('Ctrl Pts',(8.27096561624716,36.,0.532090674340336));
#14423=CARTESIAN_POINT('Ctrl Pts',(8.27096561624716,35.8,0.532090674340336));
#14424=CARTESIAN_POINT('Ctrl Pts',(8.30184287228044,36.,0.452823911728222));
#14425=CARTESIAN_POINT('Ctrl Pts',(8.30184287228044,35.8,0.452823911728222));
#14426=CARTESIAN_POINT('Ctrl Pts',(8.37058638413953,36.,0.350814660191054));
#14427=CARTESIAN_POINT('Ctrl Pts',(8.37058638413953,35.8,0.350814660191054));
#14428=CARTESIAN_POINT('Ctrl Pts',(8.43221049092391,36.,0.274497753416658));
#14429=CARTESIAN_POINT('Ctrl Pts',(8.43221049092391,35.8,0.274497753416658));
#14430=CARTESIAN_POINT('',(8.27096561624716,35.8,0.532090674340336));
#14431=CARTESIAN_POINT('',(8.27096561624716,36.,0.532090674340336));
#14432=CARTESIAN_POINT('Ctrl Pts',(8.27096561624716,35.8,0.532090674340336));
#14433=CARTESIAN_POINT('Ctrl Pts',(8.30184287228044,35.8,0.452823911728222));
#14434=CARTESIAN_POINT('Ctrl Pts',(8.37058638413953,35.8,0.350814660191054));
#14435=CARTESIAN_POINT('Ctrl Pts',(8.43221049092391,35.8,0.274497753416658));
#14436=CARTESIAN_POINT('Ctrl Pts',(8.20328872895068,36.,0.784697079939179));
#14437=CARTESIAN_POINT('Ctrl Pts',(8.20328872895068,35.8,0.784697079939179));
#14438=CARTESIAN_POINT('Ctrl Pts',(8.21656308022041,36.,0.64633625155925));
#14439=CARTESIAN_POINT('Ctrl Pts',(8.21656308022041,35.8,0.64633625155925));
#14440=CARTESIAN_POINT('Ctrl Pts',(8.27096561624716,36.,0.532090674340336));
#14441=CARTESIAN_POINT('Ctrl Pts',(8.27096561624716,35.8,0.532090674340336));
#14442=CARTESIAN_POINT('',(8.20328872895068,35.8,0.78469707993918));
#14443=CARTESIAN_POINT('',(8.20328872895068,36.,0.78469707993918));
#14444=CARTESIAN_POINT('Ctrl Pts',(8.20328872895068,35.8,0.784697079939179));
#14445=CARTESIAN_POINT('Ctrl Pts',(8.21656308022041,35.8,0.64633625155925));
#14446=CARTESIAN_POINT('Ctrl Pts',(8.27096561624716,35.8,0.532090674340336));
#14447=CARTESIAN_POINT('Ctrl Pts',(8.2085646538145,36.,0.98844883702903));
#14448=CARTESIAN_POINT('Ctrl Pts',(8.2085646538145,35.8,0.98844883702903));
#14449=CARTESIAN_POINT('Ctrl Pts',(8.19414417585375,36.,0.880012317267576));
#14450=CARTESIAN_POINT('Ctrl Pts',(8.19414417585375,35.8,0.880012317267576));
#14451=CARTESIAN_POINT('Ctrl Pts',(8.20328872895068,36.,0.784697079939179));
#14452=CARTESIAN_POINT('Ctrl Pts',(8.20328872895068,35.8,0.784697079939179));
#14453=CARTESIAN_POINT('',(8.2085646538145,35.8,0.98844883702903));
#14454=CARTESIAN_POINT('',(8.2085646538145,36.,0.98844883702903));
#14455=CARTESIAN_POINT('Ctrl Pts',(8.2085646538145,35.8,0.98844883702903));
#14456=CARTESIAN_POINT('Ctrl Pts',(8.19414417585375,35.8,0.880012317267576));
#14457=CARTESIAN_POINT('Ctrl Pts',(8.20328872895068,35.8,0.784697079939179));
#14458=CARTESIAN_POINT('Ctrl Pts',(8.27276448809975,36.,1.20871421076531));
#14459=CARTESIAN_POINT('Ctrl Pts',(8.27276448809975,35.8,1.20871421076531));
#14460=CARTESIAN_POINT('Ctrl Pts',(8.23593625786192,36.,1.10743684714279));
#14461=CARTESIAN_POINT('Ctrl Pts',(8.23593625786192,35.8,1.10743684714279));
#14462=CARTESIAN_POINT('Ctrl Pts',(8.2085646538145,36.,0.98844883702903));
#14463=CARTESIAN_POINT('Ctrl Pts',(8.2085646538145,35.8,0.98844883702903));
#14464=CARTESIAN_POINT('',(8.27276448809975,35.8,1.20871421076531));
#14465=CARTESIAN_POINT('',(8.27276448809975,36.,1.20871421076531));
#14466=CARTESIAN_POINT('Ctrl Pts',(8.27276448809975,35.8,1.20871421076531));
#14467=CARTESIAN_POINT('Ctrl Pts',(8.23593625786192,35.8,1.10743684714279));
#14468=CARTESIAN_POINT('Ctrl Pts',(8.2085646538145,35.8,0.98844883702903));
#14469=CARTESIAN_POINT('Ctrl Pts',(8.65306691395375,36.,1.46551246978032));
#14470=CARTESIAN_POINT('Ctrl Pts',(8.65306691395375,35.8,1.46551246978032));
#14471=CARTESIAN_POINT('Ctrl Pts',(8.52700482587426,36.,1.45341806084567));
#14472=CARTESIAN_POINT('Ctrl Pts',(8.52700482587426,35.8,1.45341806084567));
#14473=CARTESIAN_POINT('Ctrl Pts',(8.3221013660486,36.,1.32515509235281));
#14474=CARTESIAN_POINT('Ctrl Pts',(8.3221013660486,35.8,1.32515509235281));
#14475=CARTESIAN_POINT('Ctrl Pts',(8.27276448809975,36.,1.20871421076531));
#14476=CARTESIAN_POINT('Ctrl Pts',(8.27276448809975,35.8,1.20871421076531));
#14477=CARTESIAN_POINT('',(8.65306691395375,35.8,1.46551246978032));
#14478=CARTESIAN_POINT('',(8.65306691395375,36.,1.46551246978032));
#14479=CARTESIAN_POINT('Ctrl Pts',(8.65306691395375,35.8,1.46551246978032));
#14480=CARTESIAN_POINT('Ctrl Pts',(8.52700482587426,35.8,1.45341806084567));
#14481=CARTESIAN_POINT('Ctrl Pts',(8.3221013660486,35.8,1.32515509235281));
#14482=CARTESIAN_POINT('Ctrl Pts',(8.27276448809975,35.8,1.20871421076531));
#14483=CARTESIAN_POINT('Ctrl Pts',(9.08300642000982,36.,1.30196383025663));
#14484=CARTESIAN_POINT('Ctrl Pts',(9.08300642000982,35.8,1.30196383025663));
#14485=CARTESIAN_POINT('Ctrl Pts',(9.01479046469957,36.,1.38230279347615));
#14486=CARTESIAN_POINT('Ctrl Pts',(9.01479046469957,35.8,1.38230279347615));
#14487=CARTESIAN_POINT('Ctrl Pts',(8.77297963188302,36.,1.47701690754742));
#14488=CARTESIAN_POINT('Ctrl Pts',(8.77297963188302,35.8,1.47701690754742));
#14489=CARTESIAN_POINT('Ctrl Pts',(8.65306691395375,36.,1.46551246978032));
#14490=CARTESIAN_POINT('Ctrl Pts',(8.65306691395375,35.8,1.46551246978032));
#14491=CARTESIAN_POINT('',(9.08300642000982,35.8,1.30196383025663));
#14492=CARTESIAN_POINT('',(9.08300642000982,36.,1.30196383025663));
#14493=CARTESIAN_POINT('Ctrl Pts',(9.08300642000982,35.8,1.30196383025663));
#14494=CARTESIAN_POINT('Ctrl Pts',(9.01479046469957,35.8,1.38230279347615));
#14495=CARTESIAN_POINT('Ctrl Pts',(8.77297963188302,35.8,1.47701690754742));
#14496=CARTESIAN_POINT('Ctrl Pts',(8.65306691395375,35.8,1.46551246978032));
#14497=CARTESIAN_POINT('Origin',(9.67875156582618,36.,0.639226920448088));
#14498=CARTESIAN_POINT('',(9.67875156582617,35.8,0.639226920448087));
#14499=CARTESIAN_POINT('',(9.67875156582617,36.,0.639226920448087));
#14500=CARTESIAN_POINT('',(9.67875156582618,35.8,0.639226920448087));
#14501=CARTESIAN_POINT('Ctrl Pts',(9.77278469513659,36.,0.597049198638163));
#14502=CARTESIAN_POINT('Ctrl Pts',(9.77278469513659,35.8,0.597049198638163));
#14503=CARTESIAN_POINT('Ctrl Pts',(9.71897770632217,36.,0.591886950922156));
#14504=CARTESIAN_POINT('Ctrl Pts',(9.71897770632217,35.8,0.591886950922156));
#14505=CARTESIAN_POINT('Ctrl Pts',(9.67875156582618,36.,0.639226920448087));
#14506=CARTESIAN_POINT('Ctrl Pts',(9.67875156582618,35.8,0.639226920448087));
#14507=CARTESIAN_POINT('',(9.77278469513659,35.8,0.597049198638163));
#14508=CARTESIAN_POINT('',(9.77278469513659,36.,0.597049198638163));
#14509=CARTESIAN_POINT('Ctrl Pts',(9.77278469513659,35.8,0.597049198638163));
#14510=CARTESIAN_POINT('Ctrl Pts',(9.71897770632217,35.8,0.591886950922156));
#14511=CARTESIAN_POINT('Ctrl Pts',(9.67875156582618,35.8,0.639226920448087));
#14512=CARTESIAN_POINT('Ctrl Pts',(9.81385046527491,36.,0.605643531631749));
#14513=CARTESIAN_POINT('Ctrl Pts',(9.81385046527491,35.8,0.605643531631749));
#14514=CARTESIAN_POINT('Ctrl Pts',(9.80045686081257,36.,0.59970406889211));
#14515=CARTESIAN_POINT('Ctrl Pts',(9.80045686081257,35.8,0.59970406889211));
#14516=CARTESIAN_POINT('Ctrl Pts',(9.77278469513659,36.,0.597049198638163));
#14517=CARTESIAN_POINT('Ctrl Pts',(9.77278469513659,35.8,0.597049198638163));
#14518=CARTESIAN_POINT('',(9.81385046527491,35.8,0.605643531631749));
#14519=CARTESIAN_POINT('',(9.81385046527491,36.,0.605643531631749));
#14520=CARTESIAN_POINT('Ctrl Pts',(9.81385046527491,35.8,0.605643531631749));
#14521=CARTESIAN_POINT('Ctrl Pts',(9.80045686081257,35.8,0.59970406889211));
#14522=CARTESIAN_POINT('Ctrl Pts',(9.77278469513659,35.8,0.597049198638163));
#14523=CARTESIAN_POINT('Origin',(9.85622100698571,36.,0.632980960659761));
#14524=CARTESIAN_POINT('',(9.85622100698571,35.8,0.632980960659762));
#14525=CARTESIAN_POINT('',(9.85622100698571,36.,0.632980960659762));
#14526=CARTESIAN_POINT('',(9.85622100698571,35.8,0.632980960659761));
#14527=CARTESIAN_POINT('Ctrl Pts',(9.91648943904382,36.,0.716337770380482));
#14528=CARTESIAN_POINT('Ctrl Pts',(9.91648943904382,35.8,0.716337770380482));
#14529=CARTESIAN_POINT('Ctrl Pts',(9.89492689245385,36.,0.666172774254222));
#14530=CARTESIAN_POINT('Ctrl Pts',(9.89492689245385,35.8,0.666172774254222));
#14531=CARTESIAN_POINT('Ctrl Pts',(9.85622100698571,36.,0.632980960659761));
#14532=CARTESIAN_POINT('Ctrl Pts',(9.85622100698571,35.8,0.632980960659761));
#14533=CARTESIAN_POINT('',(9.91648943904382,35.8,0.716337770380482));
#14534=CARTESIAN_POINT('',(9.91648943904382,36.,0.716337770380482));
#14535=CARTESIAN_POINT('Ctrl Pts',(9.91648943904382,35.8,0.716337770380482));
#14536=CARTESIAN_POINT('Ctrl Pts',(9.89492689245385,35.8,0.666172774254222));
#14537=CARTESIAN_POINT('Ctrl Pts',(9.85622100698571,35.8,0.632980960659761));
#14538=CARTESIAN_POINT('Ctrl Pts',(9.94991975902349,36.,0.966232467151471));
#14539=CARTESIAN_POINT('Ctrl Pts',(9.94991975902349,35.8,0.966232467151471));
#14540=CARTESIAN_POINT('Ctrl Pts',(9.96245664633379,36.,0.835558351459315));
#14541=CARTESIAN_POINT('Ctrl Pts',(9.96245664633379,35.8,0.835558351459315));
#14542=CARTESIAN_POINT('Ctrl Pts',(9.91648943904382,36.,0.716337770380482));
#14543=CARTESIAN_POINT('Ctrl Pts',(9.91648943904382,35.8,0.716337770380482));
#14544=CARTESIAN_POINT('',(9.94991975902349,35.8,0.966232467151471));
#14545=CARTESIAN_POINT('',(9.94991975902349,36.,0.966232467151471));
#14546=CARTESIAN_POINT('Ctrl Pts',(9.94991975902349,35.8,0.966232467151471));
#14547=CARTESIAN_POINT('Ctrl Pts',(9.96245664633379,35.8,0.835558351459315));
#14548=CARTESIAN_POINT('Ctrl Pts',(9.91648943904382,35.8,0.716337770380482));
#14549=CARTESIAN_POINT('Ctrl Pts',(9.80755989712827,36.,1.33424172874982));
#14550=CARTESIAN_POINT('Ctrl Pts',(9.80755989712827,35.8,1.33424172874982));
#14551=CARTESIAN_POINT('Ctrl Pts',(9.92956575374323,36.,1.17838573733403));
#14552=CARTESIAN_POINT('Ctrl Pts',(9.92956575374323,35.8,1.17838573733403));
#14553=CARTESIAN_POINT('Ctrl Pts',(9.94991975902349,36.,0.966232467151471));
#14554=CARTESIAN_POINT('Ctrl Pts',(9.94991975902349,35.8,0.966232467151471));
#14555=CARTESIAN_POINT('',(9.80755989712827,35.8,1.33424172874982));
#14556=CARTESIAN_POINT('',(9.80755989712827,36.,1.33424172874982));
#14557=CARTESIAN_POINT('Ctrl Pts',(9.80755989712827,35.8,1.33424172874982));
#14558=CARTESIAN_POINT('Ctrl Pts',(9.92956575374323,35.8,1.17838573733403));
#14559=CARTESIAN_POINT('Ctrl Pts',(9.94991975902349,35.8,0.966232467151471));
#14560=CARTESIAN_POINT('Ctrl Pts',(9.75303253186413,36.,1.41744546963386));
#14561=CARTESIAN_POINT('Ctrl Pts',(9.75303253186413,35.8,1.41744546963386));
#14562=CARTESIAN_POINT('Ctrl Pts',(9.75686734445316,36.,1.37747456365744));
#14563=CARTESIAN_POINT('Ctrl Pts',(9.75686734445316,35.8,1.37747456365744));
#14564=CARTESIAN_POINT('Ctrl Pts',(9.80755989712827,36.,1.33424172874982));
#14565=CARTESIAN_POINT('Ctrl Pts',(9.80755989712827,35.8,1.33424172874982));
#14566=CARTESIAN_POINT('',(9.75303253186413,35.8,1.41744546963386));
#14567=CARTESIAN_POINT('',(9.75303253186413,36.,1.41744546963386));
#14568=CARTESIAN_POINT('Ctrl Pts',(9.75303253186413,35.8,1.41744546963386));
#14569=CARTESIAN_POINT('Ctrl Pts',(9.75686734445316,35.8,1.37747456365744));
#14570=CARTESIAN_POINT('Ctrl Pts',(9.80755989712827,35.8,1.33424172874982));
#14571=CARTESIAN_POINT('Ctrl Pts',(9.87161223862164,36.,1.55604444502366));
#14572=CARTESIAN_POINT('Ctrl Pts',(9.87161223862164,35.8,1.55604444502366));
#14573=CARTESIAN_POINT('Ctrl Pts',(9.82702930503255,36.,1.55176715405896));
#14574=CARTESIAN_POINT('Ctrl Pts',(9.82702930503255,35.8,1.55176715405896));
#14575=CARTESIAN_POINT('Ctrl Pts',(9.74816526973189,36.,1.46817777337317));
#14576=CARTESIAN_POINT('Ctrl Pts',(9.74816526973189,35.8,1.46817777337317));
#14577=CARTESIAN_POINT('Ctrl Pts',(9.75303253186413,36.,1.41744546963386));
#14578=CARTESIAN_POINT('Ctrl Pts',(9.75303253186413,35.8,1.41744546963386));
#14579=CARTESIAN_POINT('',(9.87161223862164,35.8,1.55604444502366));
#14580=CARTESIAN_POINT('',(9.87161223862164,36.,1.55604444502366));
#14581=CARTESIAN_POINT('Ctrl Pts',(9.87161223862164,35.8,1.55604444502366));
#14582=CARTESIAN_POINT('Ctrl Pts',(9.82702930503255,35.8,1.55176715405896));
#14583=CARTESIAN_POINT('Ctrl Pts',(9.74816526973189,35.8,1.46817777337317));
#14584=CARTESIAN_POINT('Ctrl Pts',(9.75303253186413,35.8,1.41744546963386));
#14585=CARTESIAN_POINT('Ctrl Pts',(9.92689415535491,36.,1.54583326736412));
#14586=CARTESIAN_POINT('Ctrl Pts',(9.92689415535491,35.8,1.54583326736412));
#14587=CARTESIAN_POINT('Ctrl Pts',(9.90235908937273,36.,1.55899430086137));
#14588=CARTESIAN_POINT('Ctrl Pts',(9.90235908937273,35.8,1.55899430086137));
#14589=CARTESIAN_POINT('Ctrl Pts',(9.87161223862164,36.,1.55604444502366));
#14590=CARTESIAN_POINT('Ctrl Pts',(9.87161223862164,35.8,1.55604444502366));
#14591=CARTESIAN_POINT('',(9.92689415535491,35.8,1.54583326736412));
#14592=CARTESIAN_POINT('',(9.92689415535491,36.,1.54583326736412));
#14593=CARTESIAN_POINT('Ctrl Pts',(9.92689415535491,35.8,1.54583326736412));
#14594=CARTESIAN_POINT('Ctrl Pts',(9.90235908937273,35.8,1.55899430086137));
#14595=CARTESIAN_POINT('Ctrl Pts',(9.87161223862164,35.8,1.55604444502366));
#14596=CARTESIAN_POINT('Ctrl Pts',(9.97347957341171,36.,1.51306684463561));
#14597=CARTESIAN_POINT('Ctrl Pts',(9.97347957341171,35.8,1.51306684463561));
#14598=CARTESIAN_POINT('Ctrl Pts',(9.95743109869543,36.,1.53479954757196));
#14599=CARTESIAN_POINT('Ctrl Pts',(9.95743109869543,35.8,1.53479954757196));
#14600=CARTESIAN_POINT('Ctrl Pts',(9.92689415535491,36.,1.54583326736412));
#14601=CARTESIAN_POINT('Ctrl Pts',(9.92689415535491,35.8,1.54583326736412));
#14602=CARTESIAN_POINT('Ctrl Pts',(9.97347957341171,35.8,1.51306684463561));
#14603=CARTESIAN_POINT('Ctrl Pts',(9.95743109869543,35.8,1.53479954757196));
#14604=CARTESIAN_POINT('Ctrl Pts',(9.92689415535491,35.8,1.54583326736412));
#14605=CARTESIAN_POINT('Origin',(9.21042250518129,35.8,0.91018116150972));
#14606=CARTESIAN_POINT('Origin',(8.81806278429492,36.,5.00187149094508));
#14607=CARTESIAN_POINT('',(8.81806278429492,35.8,5.00187149094508));
#14608=CARTESIAN_POINT('',(8.81806278429492,36.,5.00187149094508));
#14609=CARTESIAN_POINT('',(7.51368418750467,35.8,4.36458178616217));
#14610=CARTESIAN_POINT('',(8.81806278429492,35.8,5.00187149094508));
#14611=CARTESIAN_POINT('',(7.51368418750467,36.,4.36458178616217));
#14612=CARTESIAN_POINT('Ctrl Pts',(8.98537675496239,36.,4.944388299187));
#14613=CARTESIAN_POINT('Ctrl Pts',(8.98537675496239,35.8,4.944388299187));
#14614=CARTESIAN_POINT('Ctrl Pts',(8.96503772183102,36.,4.98601740333988));
#14615=CARTESIAN_POINT('Ctrl Pts',(8.96503772183102,35.8,4.98601740333988));
#14616=CARTESIAN_POINT('Ctrl Pts',(8.87356825649876,36.,5.02899020178691));
#14617=CARTESIAN_POINT('Ctrl Pts',(8.87356825649876,35.8,5.02899020178691));
#14618=CARTESIAN_POINT('Ctrl Pts',(8.81806278429492,36.,5.00187149094508));
#14619=CARTESIAN_POINT('Ctrl Pts',(8.81806278429492,35.8,5.00187149094508));
#14620=CARTESIAN_POINT('',(8.98537675496239,35.8,4.944388299187));
#14621=CARTESIAN_POINT('',(8.98537675496239,36.,4.944388299187));
#14622=CARTESIAN_POINT('Ctrl Pts',(8.98537675496239,35.8,4.944388299187));
#14623=CARTESIAN_POINT('Ctrl Pts',(8.96503772183102,35.8,4.98601740333988));
#14624=CARTESIAN_POINT('Ctrl Pts',(8.87356825649876,35.8,5.02899020178691));
#14625=CARTESIAN_POINT('Ctrl Pts',(8.81806278429492,35.8,5.00187149094508));
#14626=CARTESIAN_POINT('Ctrl Pts',(8.99346120693688,36.,4.84692446895229));
#14627=CARTESIAN_POINT('Ctrl Pts',(8.99346120693688,35.8,4.84692446895229));
#14628=CARTESIAN_POINT('Ctrl Pts',(9.0077496914069,36.,4.89859628461883));
#14629=CARTESIAN_POINT('Ctrl Pts',(9.0077496914069,35.8,4.89859628461883));
#14630=CARTESIAN_POINT('Ctrl Pts',(8.98537675496239,36.,4.944388299187));
#14631=CARTESIAN_POINT('Ctrl Pts',(8.98537675496239,35.8,4.944388299187));
#14632=CARTESIAN_POINT('',(8.99346120693688,35.8,4.84692446895229));
#14633=CARTESIAN_POINT('',(8.99346120693688,36.,4.84692446895229));
#14634=CARTESIAN_POINT('Ctrl Pts',(8.99346120693688,35.8,4.84692446895229));
#14635=CARTESIAN_POINT('Ctrl Pts',(9.0077496914069,35.8,4.89859628461883));
#14636=CARTESIAN_POINT('Ctrl Pts',(8.98537675496239,35.8,4.944388299187));
#14637=CARTESIAN_POINT('Ctrl Pts',(8.92857153097536,36.,4.77568669171443));
#14638=CARTESIAN_POINT('Ctrl Pts',(8.92857153097536,35.8,4.77568669171443));
#14639=CARTESIAN_POINT('Ctrl Pts',(8.97297590873843,36.,4.79738166038789));
#14640=CARTESIAN_POINT('Ctrl Pts',(8.97297590873843,35.8,4.79738166038789));
#14641=CARTESIAN_POINT('Ctrl Pts',(8.99346120693688,36.,4.84692446895229));
#14642=CARTESIAN_POINT('Ctrl Pts',(8.99346120693688,35.8,4.84692446895229));
#14643=CARTESIAN_POINT('',(8.92857153097536,35.8,4.77568669171443));
#14644=CARTESIAN_POINT('',(8.92857153097536,36.,4.77568669171443));
#14645=CARTESIAN_POINT('Ctrl Pts',(8.92857153097536,35.8,4.77568669171443));
#14646=CARTESIAN_POINT('Ctrl Pts',(8.97297590873843,35.8,4.79738166038789));
#14647=CARTESIAN_POINT('Ctrl Pts',(8.99346120693688,35.8,4.84692446895229));
#14648=CARTESIAN_POINT('Origin',(7.62280529738001,36.,4.13771901916048));
#14649=CARTESIAN_POINT('',(7.62280529738001,35.8,4.13771901916048));
#14650=CARTESIAN_POINT('',(7.62280529738001,36.,4.13771901916048));
#14651=CARTESIAN_POINT('',(7.62280529738001,35.8,4.13771901916048));
#14652=CARTESIAN_POINT('Ctrl Pts',(7.54687071073662,36.,3.91669932951332));
#14653=CARTESIAN_POINT('Ctrl Pts',(7.54687071073662,35.8,3.91669932951332));
#14654=CARTESIAN_POINT('Ctrl Pts',(7.51704012881062,36.,3.97775534893755));
#14655=CARTESIAN_POINT('Ctrl Pts',(7.51704012881062,35.8,3.97775534893755));
#14656=CARTESIAN_POINT('Ctrl Pts',(7.55619873073541,36.,4.10517656615029));
#14657=CARTESIAN_POINT('Ctrl Pts',(7.55619873073541,35.8,4.10517656615029));
#14658=CARTESIAN_POINT('Ctrl Pts',(7.62280529738001,36.,4.13771901916048));
#14659=CARTESIAN_POINT('Ctrl Pts',(7.62280529738001,35.8,4.13771901916048));
#14660=CARTESIAN_POINT('',(7.54687071073662,35.8,3.91669932951332));
#14661=CARTESIAN_POINT('',(7.54687071073662,36.,3.91669932951332));
#14662=CARTESIAN_POINT('Ctrl Pts',(7.54687071073662,35.8,3.91669932951332));
#14663=CARTESIAN_POINT('Ctrl Pts',(7.51704012881062,35.8,3.97775534893755));
#14664=CARTESIAN_POINT('Ctrl Pts',(7.55619873073541,35.8,4.10517656615029));
#14665=CARTESIAN_POINT('Ctrl Pts',(7.62280529738001,35.8,4.13771901916048));
#14666=CARTESIAN_POINT('Origin',(7.71704062126908,36.,3.56840249143422));
#14667=CARTESIAN_POINT('',(7.71704062126908,35.8,3.56840249143422));
#14668=CARTESIAN_POINT('',(7.71704062126908,36.,3.56840249143422));
#14669=CARTESIAN_POINT('',(7.71704062126908,35.8,3.56840249143422));
#14670=CARTESIAN_POINT('Ctrl Pts',(7.75522872528867,36.,3.51486752001751));
#14671=CARTESIAN_POINT('Ctrl Pts',(7.75522872528867,35.8,3.51486752001751));
#14672=CARTESIAN_POINT('Ctrl Pts',(7.73059997668999,36.,3.5406497553323));
#14673=CARTESIAN_POINT('Ctrl Pts',(7.73059997668999,35.8,3.5406497553323));
#14674=CARTESIAN_POINT('Ctrl Pts',(7.71704062126908,36.,3.56840249143422));
#14675=CARTESIAN_POINT('Ctrl Pts',(7.71704062126908,35.8,3.56840249143422));
#14676=CARTESIAN_POINT('',(7.75522872528867,35.8,3.51486752001751));
#14677=CARTESIAN_POINT('',(7.75522872528867,36.,3.51486752001751));
#14678=CARTESIAN_POINT('Ctrl Pts',(7.75522872528867,35.8,3.51486752001751));
#14679=CARTESIAN_POINT('Ctrl Pts',(7.73059997668999,35.8,3.5406497553323));
#14680=CARTESIAN_POINT('Ctrl Pts',(7.71704062126908,35.8,3.56840249143422));
#14681=CARTESIAN_POINT('Ctrl Pts',(7.81226088059757,36.,3.48257145834424));
#14682=CARTESIAN_POINT('Ctrl Pts',(7.81226088059757,35.8,3.48257145834424));
#14683=CARTESIAN_POINT('Ctrl Pts',(7.7819864809895,36.,3.49528209843114));
#14684=CARTESIAN_POINT('Ctrl Pts',(7.7819864809895,35.8,3.49528209843114));
#14685=CARTESIAN_POINT('Ctrl Pts',(7.75522872528867,36.,3.51486752001751));
#14686=CARTESIAN_POINT('Ctrl Pts',(7.75522872528867,35.8,3.51486752001751));
#14687=CARTESIAN_POINT('',(7.81226088059757,35.8,3.48257145834424));
#14688=CARTESIAN_POINT('',(7.81226088059757,36.,3.48257145834424));
#14689=CARTESIAN_POINT('Ctrl Pts',(7.81226088059757,35.8,3.48257145834424));
#14690=CARTESIAN_POINT('Ctrl Pts',(7.7819864809895,35.8,3.49528209843114));
#14691=CARTESIAN_POINT('Ctrl Pts',(7.75522872528867,35.8,3.51486752001751));
#14692=CARTESIAN_POINT('Ctrl Pts',(7.93806031091624,36.,3.49246790479083));
#14693=CARTESIAN_POINT('Ctrl Pts',(7.93806031091624,35.8,3.49246790479083));
#14694=CARTESIAN_POINT('Ctrl Pts',(7.87422901788182,36.,3.46128138732273));
#14695=CARTESIAN_POINT('Ctrl Pts',(7.87422901788182,35.8,3.46128138732273));
#14696=CARTESIAN_POINT('Ctrl Pts',(7.81226088059757,36.,3.48257145834424));
#14697=CARTESIAN_POINT('Ctrl Pts',(7.81226088059757,35.8,3.48257145834424));
#14698=CARTESIAN_POINT('',(7.93806031091624,35.8,3.49246790479083));
#14699=CARTESIAN_POINT('',(7.93806031091624,36.,3.49246790479083));
#14700=CARTESIAN_POINT('Ctrl Pts',(7.93806031091624,35.8,3.49246790479083));
#14701=CARTESIAN_POINT('Ctrl Pts',(7.87422901788182,35.8,3.46128138732273));
#14702=CARTESIAN_POINT('Ctrl Pts',(7.81226088059757,35.8,3.48257145834424));
#14703=CARTESIAN_POINT('Origin',(9.24382654451158,36.,4.13043557734479));
#14704=CARTESIAN_POINT('',(9.24382654451158,35.8,4.13043557734479));
#14705=CARTESIAN_POINT('',(9.24382654451158,36.,4.13043557734479));
#14706=CARTESIAN_POINT('',(9.24382654451158,35.8,4.13043557734479));
#14707=CARTESIAN_POINT('Ctrl Pts',(9.41114051517906,36.,4.07295238558671));
#14708=CARTESIAN_POINT('Ctrl Pts',(9.41114051517906,35.8,4.07295238558671));
#14709=CARTESIAN_POINT('Ctrl Pts',(9.39080148204769,36.,4.11458148973959));
#14710=CARTESIAN_POINT('Ctrl Pts',(9.39080148204769,35.8,4.11458148973959));
#14711=CARTESIAN_POINT('Ctrl Pts',(9.29933201671543,36.,4.15755428818661));
#14712=CARTESIAN_POINT('Ctrl Pts',(9.29933201671543,35.8,4.15755428818661));
#14713=CARTESIAN_POINT('Ctrl Pts',(9.24382654451158,36.,4.13043557734479));
#14714=CARTESIAN_POINT('Ctrl Pts',(9.24382654451158,35.8,4.13043557734479));
#14715=CARTESIAN_POINT('',(9.41114051517906,35.8,4.07295238558671));
#14716=CARTESIAN_POINT('',(9.41114051517906,36.,4.07295238558671));
#14717=CARTESIAN_POINT('Ctrl Pts',(9.41114051517906,35.8,4.07295238558671));
#14718=CARTESIAN_POINT('Ctrl Pts',(9.39080148204769,35.8,4.11458148973959));
#14719=CARTESIAN_POINT('Ctrl Pts',(9.29933201671543,35.8,4.15755428818661));
#14720=CARTESIAN_POINT('Ctrl Pts',(9.24382654451158,35.8,4.13043557734479));
#14721=CARTESIAN_POINT('Ctrl Pts',(9.41922496715354,36.,3.97548855535199));
#14722=CARTESIAN_POINT('Ctrl Pts',(9.41922496715354,35.8,3.97548855535199));
#14723=CARTESIAN_POINT('Ctrl Pts',(9.43351345162356,36.,4.02716037101854));
#14724=CARTESIAN_POINT('Ctrl Pts',(9.43351345162356,35.8,4.02716037101854));
#14725=CARTESIAN_POINT('Ctrl Pts',(9.41114051517906,36.,4.07295238558671));
#14726=CARTESIAN_POINT('Ctrl Pts',(9.41114051517906,35.8,4.07295238558671));
#14727=CARTESIAN_POINT('',(9.41922496715354,35.8,3.97548855535199));
#14728=CARTESIAN_POINT('',(9.41922496715354,36.,3.97548855535199));
#14729=CARTESIAN_POINT('Ctrl Pts',(9.41922496715354,35.8,3.97548855535199));
#14730=CARTESIAN_POINT('Ctrl Pts',(9.43351345162356,35.8,4.02716037101854));
#14731=CARTESIAN_POINT('Ctrl Pts',(9.41114051517906,35.8,4.07295238558671));
#14732=CARTESIAN_POINT('Ctrl Pts',(9.35433529119203,36.,3.90425077811414));
#14733=CARTESIAN_POINT('Ctrl Pts',(9.35433529119203,35.8,3.90425077811414));
#14734=CARTESIAN_POINT('Ctrl Pts',(9.3987396689551,36.,3.9259457467876));
#14735=CARTESIAN_POINT('Ctrl Pts',(9.3987396689551,35.8,3.9259457467876));
#14736=CARTESIAN_POINT('Ctrl Pts',(9.41922496715354,36.,3.97548855535199));
#14737=CARTESIAN_POINT('Ctrl Pts',(9.41922496715354,35.8,3.97548855535199));
#14738=CARTESIAN_POINT('',(9.35433529119203,35.8,3.90425077811414));
#14739=CARTESIAN_POINT('',(9.35433529119203,36.,3.90425077811414));
#14740=CARTESIAN_POINT('Ctrl Pts',(9.35433529119203,35.8,3.90425077811414));
#14741=CARTESIAN_POINT('Ctrl Pts',(9.3987396689551,35.8,3.9259457467876));
#14742=CARTESIAN_POINT('Ctrl Pts',(9.41922496715354,35.8,3.97548855535199));
#14743=CARTESIAN_POINT('Origin',(8.04995669440178,36.,3.26696107333123));
#14744=CARTESIAN_POINT('',(8.04995669440178,35.8,3.26696107333123));
#14745=CARTESIAN_POINT('',(8.04995669440178,36.,3.26696107333123));
#14746=CARTESIAN_POINT('',(8.04995669440178,35.8,3.26696107333123));
#14747=CARTESIAN_POINT('Ctrl Pts',(7.49224345884353,36.,3.45857171252483));
#14748=CARTESIAN_POINT('Ctrl Pts',(7.49224345884353,35.8,3.45857171252483));
#14749=CARTESIAN_POINT('Ctrl Pts',(7.56681991365855,36.,3.30593166396427));
#14750=CARTESIAN_POINT('Ctrl Pts',(7.56681991365855,35.8,3.30593166396427));
#14751=CARTESIAN_POINT('Ctrl Pts',(7.89315373542593,36.,3.19035071520307));
#14752=CARTESIAN_POINT('Ctrl Pts',(7.89315373542593,35.8,3.19035071520307));
#14753=CARTESIAN_POINT('Ctrl Pts',(8.04995669440178,36.,3.26696107333123));
#14754=CARTESIAN_POINT('Ctrl Pts',(8.04995669440178,35.8,3.26696107333123));
#14755=CARTESIAN_POINT('',(7.49224345884353,35.8,3.45857171252483));
#14756=CARTESIAN_POINT('',(7.49224345884353,36.,3.45857171252483));
#14757=CARTESIAN_POINT('Ctrl Pts',(7.49224345884353,35.8,3.45857171252483));
#14758=CARTESIAN_POINT('Ctrl Pts',(7.56681991365855,35.8,3.30593166396427));
#14759=CARTESIAN_POINT('Ctrl Pts',(7.89315373542593,35.8,3.19035071520307));
#14760=CARTESIAN_POINT('Ctrl Pts',(8.04995669440178,35.8,3.26696107333123));
#14761=CARTESIAN_POINT('Origin',(7.32207354831107,36.,3.80686855060393));
#14762=CARTESIAN_POINT('',(7.32207354831107,35.8,3.80686855060393));
#14763=CARTESIAN_POINT('',(7.32207354831107,36.,3.80686855060393));
#14764=CARTESIAN_POINT('',(7.32207354831107,35.8,3.80686855060393));
#14765=CARTESIAN_POINT('Ctrl Pts',(7.51368418750467,36.,4.36458178616217));
#14766=CARTESIAN_POINT('Ctrl Pts',(7.51368418750467,35.8,4.36458178616217));
#14767=CARTESIAN_POINT('Ctrl Pts',(7.35965650213901,36.,4.28932736357611));
#14768=CARTESIAN_POINT('Ctrl Pts',(7.35965650213901,35.8,4.28932736357611));
#14769=CARTESIAN_POINT('Ctrl Pts',(7.24614115795396,36.,3.96228387277468));
#14770=CARTESIAN_POINT('Ctrl Pts',(7.24614115795396,35.8,3.96228387277468));
#14771=CARTESIAN_POINT('Ctrl Pts',(7.32207354831107,36.,3.80686855060393));
#14772=CARTESIAN_POINT('Ctrl Pts',(7.32207354831107,35.8,3.80686855060393));
#14773=CARTESIAN_POINT('Ctrl Pts',(7.51368418750467,35.8,4.36458178616217));
#14774=CARTESIAN_POINT('Ctrl Pts',(7.35965650213901,35.8,4.28932736357611));
#14775=CARTESIAN_POINT('Ctrl Pts',(7.24614115795396,35.8,3.96228387277468));
#14776=CARTESIAN_POINT('Ctrl Pts',(7.32207354831107,35.8,3.80686855060393));
#14777=CARTESIAN_POINT('Origin',(8.26456002882414,35.8,4.05167183034047));
#14778=CARTESIAN_POINT('Ctrl Pts',(6.72384412544974,36.,7.02153910595331));
#14779=CARTESIAN_POINT('Ctrl Pts',(6.72384412544974,35.8,7.02153910595331));
#14780=CARTESIAN_POINT('Ctrl Pts',(6.63263104632143,36.,6.93592768584163));
#14781=CARTESIAN_POINT('Ctrl Pts',(6.63263104632143,35.8,6.93592768584163));
#14782=CARTESIAN_POINT('Ctrl Pts',(6.5846138302369,36.,6.7997806454492));
#14783=CARTESIAN_POINT('Ctrl Pts',(6.5846138302369,35.8,6.7997806454492));
#14784=CARTESIAN_POINT('',(6.72384412544974,35.8,7.02153910595331));
#14785=CARTESIAN_POINT('',(6.72384412544974,36.,7.02153910595331));
#14786=CARTESIAN_POINT('',(6.5846138302369,35.8,6.7997806454492));
#14787=CARTESIAN_POINT('Ctrl Pts',(6.72384412544974,35.8,7.02153910595331));
#14788=CARTESIAN_POINT('Ctrl Pts',(6.63263104632143,35.8,6.93592768584163));
#14789=CARTESIAN_POINT('Ctrl Pts',(6.5846138302369,35.8,6.7997806454492));
#14790=CARTESIAN_POINT('',(6.5846138302369,36.,6.7997806454492));
#14791=CARTESIAN_POINT('Ctrl Pts',(7.50460403259461,36.,6.97276795262502));
#14792=CARTESIAN_POINT('Ctrl Pts',(7.50460403259461,35.8,6.97276795262502));
#14793=CARTESIAN_POINT('Ctrl Pts',(7.34077971015867,36.,7.14731149910511));
#14794=CARTESIAN_POINT('Ctrl Pts',(7.34077971015867,35.8,7.14731149910511));
#14795=CARTESIAN_POINT('Ctrl Pts',(6.88374853577345,36.,7.17162332392688));
#14796=CARTESIAN_POINT('Ctrl Pts',(6.88374853577345,35.8,7.17162332392688));
#14797=CARTESIAN_POINT('Ctrl Pts',(6.72384412544974,36.,7.02153910595331));
#14798=CARTESIAN_POINT('Ctrl Pts',(6.72384412544974,35.8,7.02153910595331));
#14799=CARTESIAN_POINT('',(7.50460403259461,35.8,6.97276795262502));
#14800=CARTESIAN_POINT('',(7.50460403259461,36.,6.97276795262502));
#14801=CARTESIAN_POINT('Ctrl Pts',(7.50460403259461,35.8,6.97276795262502));
#14802=CARTESIAN_POINT('Ctrl Pts',(7.34077971015867,35.8,7.14731149910511));
#14803=CARTESIAN_POINT('Ctrl Pts',(6.88374853577345,35.8,7.17162332392688));
#14804=CARTESIAN_POINT('Ctrl Pts',(6.72384412544974,35.8,7.02153910595331));
#14805=CARTESIAN_POINT('Ctrl Pts',(7.6138229097183,36.,6.73002756467232));
#14806=CARTESIAN_POINT('Ctrl Pts',(7.6138229097183,35.8,6.73002756467232));
#14807=CARTESIAN_POINT('Ctrl Pts',(7.60018194412394,36.,6.81677546791435));
#14808=CARTESIAN_POINT('Ctrl Pts',(7.60018194412394,35.8,6.81677546791435));
#14809=CARTESIAN_POINT('Ctrl Pts',(7.54476741486923,36.,6.92997663155248));
#14810=CARTESIAN_POINT('Ctrl Pts',(7.54476741486923,35.8,6.92997663155248));
#14811=CARTESIAN_POINT('Ctrl Pts',(7.50460403259461,36.,6.97276795262502));
#14812=CARTESIAN_POINT('Ctrl Pts',(7.50460403259461,35.8,6.97276795262502));
#14813=CARTESIAN_POINT('',(7.6138229097183,35.8,6.73002756467232));
#14814=CARTESIAN_POINT('',(7.6138229097183,36.,6.73002756467232));
#14815=CARTESIAN_POINT('Ctrl Pts',(7.6138229097183,35.8,6.73002756467232));
#14816=CARTESIAN_POINT('Ctrl Pts',(7.60018194412394,35.8,6.81677546791435));
#14817=CARTESIAN_POINT('Ctrl Pts',(7.54476741486923,35.8,6.92997663155248));
#14818=CARTESIAN_POINT('Ctrl Pts',(7.50460403259461,35.8,6.97276795262502));
#14819=CARTESIAN_POINT('Ctrl Pts',(7.61262646142025,36.,6.48532202279665));
#14820=CARTESIAN_POINT('Ctrl Pts',(7.61262646142025,35.8,6.48532202279665));
#14821=CARTESIAN_POINT('Ctrl Pts',(7.64628116648502,36.,6.61646103276326));
#14822=CARTESIAN_POINT('Ctrl Pts',(7.64628116648502,35.8,6.61646103276326));
#14823=CARTESIAN_POINT('Ctrl Pts',(7.6138229097183,36.,6.73002756467232));
#14824=CARTESIAN_POINT('Ctrl Pts',(7.6138229097183,35.8,6.73002756467232));
#14825=CARTESIAN_POINT('',(7.61262646142025,35.8,6.48532202279665));
#14826=CARTESIAN_POINT('',(7.61262646142025,36.,6.48532202279665));
#14827=CARTESIAN_POINT('Ctrl Pts',(7.61262646142025,35.8,6.48532202279665));
#14828=CARTESIAN_POINT('Ctrl Pts',(7.64628116648502,35.8,6.61646103276326));
#14829=CARTESIAN_POINT('Ctrl Pts',(7.6138229097183,35.8,6.73002756467232));
#14830=CARTESIAN_POINT('Ctrl Pts',(7.57688787671437,36.,6.42636093619983));
#14831=CARTESIAN_POINT('Ctrl Pts',(7.57688787671437,35.8,6.42636093619983));
#14832=CARTESIAN_POINT('Ctrl Pts',(7.59603136245734,36.,6.44432876511216));
#14833=CARTESIAN_POINT('Ctrl Pts',(7.59603136245734,35.8,6.44432876511216));
#14834=CARTESIAN_POINT('Ctrl Pts',(7.61262646142025,36.,6.48532202279665));
#14835=CARTESIAN_POINT('Ctrl Pts',(7.61262646142025,35.8,6.48532202279665));
#14836=CARTESIAN_POINT('',(7.57688787671437,35.8,6.42636093619983));
#14837=CARTESIAN_POINT('',(7.57688787671437,36.,6.42636093619983));
#14838=CARTESIAN_POINT('Ctrl Pts',(7.57688787671437,35.8,6.42636093619983));
#14839=CARTESIAN_POINT('Ctrl Pts',(7.59603136245734,35.8,6.44432876511216));
#14840=CARTESIAN_POINT('Ctrl Pts',(7.61262646142025,35.8,6.48532202279665));
#14841=CARTESIAN_POINT('Ctrl Pts',(7.39703089670521,36.,6.43970689442467));
#14842=CARTESIAN_POINT('Ctrl Pts',(7.39703089670521,35.8,6.43970689442467));
#14843=CARTESIAN_POINT('Ctrl Pts',(7.43402348564236,36.,6.40029383554207));
#14844=CARTESIAN_POINT('Ctrl Pts',(7.43402348564236,35.8,6.40029383554207));
#14845=CARTESIAN_POINT('Ctrl Pts',(7.53860090522841,36.,6.39042527837518));
#14846=CARTESIAN_POINT('Ctrl Pts',(7.53860090522841,35.8,6.39042527837518));
#14847=CARTESIAN_POINT('Ctrl Pts',(7.57688787671437,36.,6.42636093619983));
#14848=CARTESIAN_POINT('Ctrl Pts',(7.57688787671437,35.8,6.42636093619983));
#14849=CARTESIAN_POINT('',(7.39703089670521,35.8,6.43970689442467));
#14850=CARTESIAN_POINT('',(7.39703089670521,36.,6.43970689442467));
#14851=CARTESIAN_POINT('Ctrl Pts',(7.39703089670521,35.8,6.43970689442467));
#14852=CARTESIAN_POINT('Ctrl Pts',(7.43402348564236,35.8,6.40029383554207));
#14853=CARTESIAN_POINT('Ctrl Pts',(7.53860090522841,35.8,6.39042527837518));
#14854=CARTESIAN_POINT('Ctrl Pts',(7.57688787671437,35.8,6.42636093619983));
#14855=CARTESIAN_POINT('Origin',(7.37109171288206,36.,6.48314020890476));
#14856=CARTESIAN_POINT('',(7.37109171288206,35.8,6.48314020890476));
#14857=CARTESIAN_POINT('',(7.37109171288206,36.,6.48314020890476));
#14858=CARTESIAN_POINT('',(7.37109171288206,35.8,6.48314020890476));
#14859=CARTESIAN_POINT('Ctrl Pts',(7.37126000803422,36.,6.55743199449953));
#14860=CARTESIAN_POINT('Ctrl Pts',(7.37126000803422,35.8,6.55743199449953));
#14861=CARTESIAN_POINT('Ctrl Pts',(7.36254752084783,36.,6.52383725460247));
#14862=CARTESIAN_POINT('Ctrl Pts',(7.36254752084783,35.8,6.52383725460247));
#14863=CARTESIAN_POINT('Ctrl Pts',(7.37109171288206,36.,6.48314020890476));
#14864=CARTESIAN_POINT('Ctrl Pts',(7.37109171288206,35.8,6.48314020890476));
#14865=CARTESIAN_POINT('',(7.37126000803422,35.8,6.55743199449953));
#14866=CARTESIAN_POINT('',(7.37126000803422,36.,6.55743199449953));
#14867=CARTESIAN_POINT('Ctrl Pts',(7.37126000803422,35.8,6.55743199449953));
#14868=CARTESIAN_POINT('Ctrl Pts',(7.36254752084783,35.8,6.52383725460247));
#14869=CARTESIAN_POINT('Ctrl Pts',(7.37109171288206,35.8,6.48314020890476));
#14870=CARTESIAN_POINT('Ctrl Pts',(7.37258437316688,36.,6.70270645978329));
#14871=CARTESIAN_POINT('Ctrl Pts',(7.37258437316688,35.8,6.70270645978329));
#14872=CARTESIAN_POINT('Ctrl Pts',(7.38755889501036,36.,6.62356454318116));
#14873=CARTESIAN_POINT('Ctrl Pts',(7.38755889501036,35.8,6.62356454318116));
#14874=CARTESIAN_POINT('Ctrl Pts',(7.37126000803422,36.,6.55743199449953));
#14875=CARTESIAN_POINT('Ctrl Pts',(7.37126000803422,35.8,6.55743199449953));
#14876=CARTESIAN_POINT('',(7.37258437316688,35.8,6.70270645978329));
#14877=CARTESIAN_POINT('',(7.37258437316688,36.,6.70270645978329));
#14878=CARTESIAN_POINT('Ctrl Pts',(7.37258437316688,35.8,6.70270645978329));
#14879=CARTESIAN_POINT('Ctrl Pts',(7.38755889501036,35.8,6.62356454318116));
#14880=CARTESIAN_POINT('Ctrl Pts',(7.37126000803422,35.8,6.55743199449953));
#14881=CARTESIAN_POINT('Ctrl Pts',(7.31266549432559,36.,6.81167989897146));
#14882=CARTESIAN_POINT('Ctrl Pts',(7.31266549432559,35.8,6.81167989897146));
#14883=CARTESIAN_POINT('Ctrl Pts',(7.35811353216265,36.,6.76325814091569));
#14884=CARTESIAN_POINT('Ctrl Pts',(7.35811353216265,35.8,6.76325814091569));
#14885=CARTESIAN_POINT('Ctrl Pts',(7.37258437316688,36.,6.70270645978329));
#14886=CARTESIAN_POINT('Ctrl Pts',(7.37258437316688,35.8,6.70270645978329));
#14887=CARTESIAN_POINT('',(7.31266549432559,35.8,6.81167989897146));
#14888=CARTESIAN_POINT('',(7.31266549432559,36.,6.81167989897146));
#14889=CARTESIAN_POINT('Ctrl Pts',(7.31266549432559,35.8,6.81167989897146));
#14890=CARTESIAN_POINT('Ctrl Pts',(7.35811353216265,35.8,6.76325814091569));
#14891=CARTESIAN_POINT('Ctrl Pts',(7.37258437316688,35.8,6.70270645978329));
#14892=CARTESIAN_POINT('Ctrl Pts',(7.10276033176148,36.,6.91120092331493));
#14893=CARTESIAN_POINT('Ctrl Pts',(7.10276033176148,35.8,6.91120092331493));
#14894=CARTESIAN_POINT('Ctrl Pts',(7.15839272560236,36.,6.90834592881438));
#14895=CARTESIAN_POINT('Ctrl Pts',(7.15839272560236,35.8,6.90834592881438));
#14896=CARTESIAN_POINT('Ctrl Pts',(7.2693313187135,36.,6.85784948223394));
#14897=CARTESIAN_POINT('Ctrl Pts',(7.2693313187135,35.8,6.85784948223394));
#14898=CARTESIAN_POINT('Ctrl Pts',(7.31266549432559,36.,6.81167989897146));
#14899=CARTESIAN_POINT('Ctrl Pts',(7.31266549432559,35.8,6.81167989897146));
#14900=CARTESIAN_POINT('',(7.10276033176148,35.8,6.91120092331493));
#14901=CARTESIAN_POINT('',(7.10276033176148,36.,6.91120092331493));
#14902=CARTESIAN_POINT('Ctrl Pts',(7.10276033176148,35.8,6.91120092331493));
#14903=CARTESIAN_POINT('Ctrl Pts',(7.15839272560236,35.8,6.90834592881438));
#14904=CARTESIAN_POINT('Ctrl Pts',(7.2693313187135,35.8,6.85784948223394));
#14905=CARTESIAN_POINT('Ctrl Pts',(7.31266549432559,35.8,6.81167989897146));
#14906=CARTESIAN_POINT('Ctrl Pts',(6.90062824637218,36.,6.84221458475001));
#14907=CARTESIAN_POINT('Ctrl Pts',(6.90062824637218,35.8,6.84221458475001));
#14908=CARTESIAN_POINT('Ctrl Pts',(6.98170653893068,36.,6.91831362484928));
#14909=CARTESIAN_POINT('Ctrl Pts',(6.98170653893068,35.8,6.91831362484928));
#14910=CARTESIAN_POINT('Ctrl Pts',(7.10276033176148,36.,6.91120092331493));
#14911=CARTESIAN_POINT('Ctrl Pts',(7.10276033176148,35.8,6.91120092331493));
#14912=CARTESIAN_POINT('',(6.90062824637218,35.8,6.84221458475001));
#14913=CARTESIAN_POINT('',(6.90062824637218,36.,6.84221458475001));
#14914=CARTESIAN_POINT('Ctrl Pts',(6.90062824637218,35.8,6.84221458475001));
#14915=CARTESIAN_POINT('Ctrl Pts',(6.98170653893068,35.8,6.91831362484928));
#14916=CARTESIAN_POINT('Ctrl Pts',(7.10276033176148,35.8,6.91120092331493));
#14917=CARTESIAN_POINT('Ctrl Pts',(6.82710637101958,36.,6.7287276048588));
#14918=CARTESIAN_POINT('Ctrl Pts',(6.82710637101958,35.8,6.7287276048588));
#14919=CARTESIAN_POINT('Ctrl Pts',(6.85445866310971,36.,6.79888040913792));
#14920=CARTESIAN_POINT('Ctrl Pts',(6.85445866310971,35.8,6.79888040913792));
#14921=CARTESIAN_POINT('Ctrl Pts',(6.90062824637218,36.,6.84221458475001));
#14922=CARTESIAN_POINT('Ctrl Pts',(6.90062824637218,35.8,6.84221458475001));
#14923=CARTESIAN_POINT('',(6.82710637101958,35.8,6.7287276048588));
#14924=CARTESIAN_POINT('',(6.82710637101958,36.,6.7287276048588));
#14925=CARTESIAN_POINT('Ctrl Pts',(6.82710637101958,35.8,6.7287276048588));
#14926=CARTESIAN_POINT('Ctrl Pts',(6.85445866310971,35.8,6.79888040913792));
#14927=CARTESIAN_POINT('Ctrl Pts',(6.90062824637218,35.8,6.84221458475001));
#14928=CARTESIAN_POINT('Origin',(6.48435604626533,36.,5.42846006659089));
#14929=CARTESIAN_POINT('',(6.48435604626533,35.8,5.42846006659089));
#14930=CARTESIAN_POINT('',(6.48435604626533,36.,5.42846006659089));
#14931=CARTESIAN_POINT('',(6.48435604626533,35.8,5.42846006659089));
#14932=CARTESIAN_POINT('Ctrl Pts',(6.44031991207798,36.,5.34900235115183));
#14933=CARTESIAN_POINT('Ctrl Pts',(6.44031991207798,35.8,5.34900235115183));
#14934=CARTESIAN_POINT('Ctrl Pts',(6.46734600959748,36.,5.37436869785159));
#14935=CARTESIAN_POINT('Ctrl Pts',(6.46734600959748,35.8,5.37436869785159));
#14936=CARTESIAN_POINT('Ctrl Pts',(6.48435604626533,36.,5.42846006659089));
#14937=CARTESIAN_POINT('Ctrl Pts',(6.48435604626533,35.8,5.42846006659089));
#14938=CARTESIAN_POINT('',(6.44031991207798,35.8,5.34900235115183));
#14939=CARTESIAN_POINT('',(6.44031991207798,36.,5.34900235115183));
#14940=CARTESIAN_POINT('Ctrl Pts',(6.44031991207798,35.8,5.34900235115183));
#14941=CARTESIAN_POINT('Ctrl Pts',(6.46734600959748,35.8,5.37436869785159));
#14942=CARTESIAN_POINT('Ctrl Pts',(6.48435604626533,35.8,5.42846006659089));
#14943=CARTESIAN_POINT('Ctrl Pts',(6.2706668749228,36.,5.37404370789821));
#14944=CARTESIAN_POINT('Ctrl Pts',(6.2706668749228,35.8,5.37404370789821));
#14945=CARTESIAN_POINT('Ctrl Pts',(6.36261988170942,36.,5.27607410439002));
#14946=CARTESIAN_POINT('Ctrl Pts',(6.36261988170942,35.8,5.27607410439002));
#14947=CARTESIAN_POINT('Ctrl Pts',(6.44031991207798,36.,5.34900235115183));
#14948=CARTESIAN_POINT('Ctrl Pts',(6.44031991207798,35.8,5.34900235115183));
#14949=CARTESIAN_POINT('',(6.2706668749228,35.8,5.37404370789821));
#14950=CARTESIAN_POINT('',(6.2706668749228,36.,5.37404370789821));
#14951=CARTESIAN_POINT('Ctrl Pts',(6.2706668749228,35.8,5.37404370789821));
#14952=CARTESIAN_POINT('Ctrl Pts',(6.36261988170942,35.8,5.27607410439002));
#14953=CARTESIAN_POINT('Ctrl Pts',(6.44031991207798,35.8,5.34900235115183));
#14954=CARTESIAN_POINT('Origin',(5.74008745645286,36.,5.9393395810144));
#14955=CARTESIAN_POINT('',(5.74008745645286,35.8,5.9393395810144));
#14956=CARTESIAN_POINT('',(5.74008745645286,36.,5.9393395810144));
#14957=CARTESIAN_POINT('',(5.74008745645286,35.8,5.9393395810144));
#14958=CARTESIAN_POINT('Ctrl Pts',(5.74575827175364,36.,6.11834709876352));
#14959=CARTESIAN_POINT('Ctrl Pts',(5.74575827175364,35.8,6.11834709876352));
#14960=CARTESIAN_POINT('Ctrl Pts',(5.71422782464756,36.,6.08875302761381));
#14961=CARTESIAN_POINT('Ctrl Pts',(5.71422782464756,35.8,6.08875302761381));
#14962=CARTESIAN_POINT('Ctrl Pts',(5.69781021195327,36.,5.98438307688023));
#14963=CARTESIAN_POINT('Ctrl Pts',(5.69781021195327,35.8,5.98438307688023));
#14964=CARTESIAN_POINT('Ctrl Pts',(5.74008745645286,36.,5.9393395810144));
#14965=CARTESIAN_POINT('Ctrl Pts',(5.74008745645286,35.8,5.9393395810144));
#14966=CARTESIAN_POINT('',(5.74575827175364,35.8,6.11834709876352));
#14967=CARTESIAN_POINT('',(5.74575827175364,36.,6.11834709876352));
#14968=CARTESIAN_POINT('Ctrl Pts',(5.74575827175364,35.8,6.11834709876352));
#14969=CARTESIAN_POINT('Ctrl Pts',(5.71422782464756,35.8,6.08875302761381));
#14970=CARTESIAN_POINT('Ctrl Pts',(5.69781021195327,35.8,5.98438307688023));
#14971=CARTESIAN_POINT('Ctrl Pts',(5.74008745645286,35.8,5.9393395810144));
#14972=CARTESIAN_POINT('Ctrl Pts',(5.92251361470948,36.,6.11056242123776));
#14973=CARTESIAN_POINT('Ctrl Pts',(5.92251361470948,35.8,6.11056242123776));
#14974=CARTESIAN_POINT('Ctrl Pts',(5.88657795688482,36.,6.14884939272372));
#14975=CARTESIAN_POINT('Ctrl Pts',(5.88657795688482,35.8,6.14884939272372));
#14976=CARTESIAN_POINT('Ctrl Pts',(5.77954089365302,36.,6.15005503213822));
#14977=CARTESIAN_POINT('Ctrl Pts',(5.77954089365302,35.8,6.15005503213822));
#14978=CARTESIAN_POINT('Ctrl Pts',(5.74575827175364,36.,6.11834709876352));
#14979=CARTESIAN_POINT('Ctrl Pts',(5.74575827175364,35.8,6.11834709876352));
#14980=CARTESIAN_POINT('',(5.92251361470948,35.8,6.11056242123776));
#14981=CARTESIAN_POINT('',(5.92251361470948,36.,6.11056242123776));
#14982=CARTESIAN_POINT('Ctrl Pts',(5.92251361470948,35.8,6.11056242123776));
#14983=CARTESIAN_POINT('Ctrl Pts',(5.88657795688482,35.8,6.14884939272372));
#14984=CARTESIAN_POINT('Ctrl Pts',(5.77954089365302,35.8,6.15005503213822));
#14985=CARTESIAN_POINT('Ctrl Pts',(5.74575827175364,35.8,6.11834709876352));
#14986=CARTESIAN_POINT('Origin',(6.31357812633075,36.,5.69391008447882));
#14987=CARTESIAN_POINT('',(6.31357812633075,35.8,5.69391008447882));
#14988=CARTESIAN_POINT('',(6.31357812633075,36.,5.69391008447882));
#14989=CARTESIAN_POINT('',(6.31357812633075,35.8,5.69391008447882));
#14990=CARTESIAN_POINT('Origin',(6.5846138302369,36.,6.7997806454492));
#14991=CARTESIAN_POINT('',(6.5846138302369,35.8,6.7997806454492));
#14992=CARTESIAN_POINT('Origin',(6.6364172212098,35.8,6.27535994139208));
#14993=CARTESIAN_POINT('Ctrl Pts',(-7.77488899255994,36.,3.14751976172259));
#14994=CARTESIAN_POINT('Ctrl Pts',(-7.77488899255994,35.8,3.14751976172259));
#14995=CARTESIAN_POINT('Ctrl Pts',(-7.73569733929439,36.,3.12924430122944));
#14996=CARTESIAN_POINT('Ctrl Pts',(-7.73569733929439,35.8,3.12924430122944));
#14997=CARTESIAN_POINT('Ctrl Pts',(-7.63335294084585,36.,3.15138654827433));
#14998=CARTESIAN_POINT('Ctrl Pts',(-7.63335294084585,35.8,3.15138654827433));
#14999=CARTESIAN_POINT('Ctrl Pts',(-7.60659244512373,36.,3.20877432627031));
#15000=CARTESIAN_POINT('Ctrl Pts',(-7.60659244512373,35.8,3.20877432627031));
#15001=CARTESIAN_POINT('',(-7.77488899255994,35.8,3.14751976172259));
#15002=CARTESIAN_POINT('',(-7.77488899255994,36.,3.14751976172259));
#15003=CARTESIAN_POINT('',(-7.60659244512373,35.8,3.20877432627031));
#15004=CARTESIAN_POINT('Ctrl Pts',(-7.77488899255994,35.8,3.14751976172259));
#15005=CARTESIAN_POINT('Ctrl Pts',(-7.73569733929439,35.8,3.12924430122944));
#15006=CARTESIAN_POINT('Ctrl Pts',(-7.63335294084585,35.8,3.15138654827433));
#15007=CARTESIAN_POINT('Ctrl Pts',(-7.60659244512373,35.8,3.20877432627031));
#15008=CARTESIAN_POINT('',(-7.60659244512373,36.,3.20877432627031));
#15009=CARTESIAN_POINT('Ctrl Pts',(-7.83334415330298,36.,3.31451091912358));
#15010=CARTESIAN_POINT('Ctrl Pts',(-7.83334415330298,35.8,3.31451091912358));
#15011=CARTESIAN_POINT('Ctrl Pts',(-7.85618847891942,36.,3.26552135254164));
#15012=CARTESIAN_POINT('Ctrl Pts',(-7.85618847891942,35.8,3.26552135254164));
#15013=CARTESIAN_POINT('Ctrl Pts',(-7.81688004963017,36.,3.16710061225097));
#15014=CARTESIAN_POINT('Ctrl Pts',(-7.81688004963017,35.8,3.16710061225097));
#15015=CARTESIAN_POINT('Ctrl Pts',(-7.77488899255994,36.,3.14751976172259));
#15016=CARTESIAN_POINT('Ctrl Pts',(-7.77488899255994,35.8,3.14751976172259));
#15017=CARTESIAN_POINT('',(-7.83334415330298,35.8,3.31451091912358));
#15018=CARTESIAN_POINT('',(-7.83334415330298,36.,3.31451091912358));
#15019=CARTESIAN_POINT('Ctrl Pts',(-7.83334415330298,35.8,3.31451091912358));
#15020=CARTESIAN_POINT('Ctrl Pts',(-7.85618847891942,35.8,3.26552135254164));
#15021=CARTESIAN_POINT('Ctrl Pts',(-7.81688004963017,35.8,3.16710061225097));
#15022=CARTESIAN_POINT('Ctrl Pts',(-7.77488899255994,35.8,3.14751976172259));
#15023=CARTESIAN_POINT('Origin',(-7.71063748999179,36.,3.5776548767637));
#15024=CARTESIAN_POINT('',(-7.71063748999179,35.8,3.5776548767637));
#15025=CARTESIAN_POINT('',(-7.71063748999179,36.,3.5776548767637));
#15026=CARTESIAN_POINT('',(-7.71063748999179,35.8,3.5776548767637));
#15027=CARTESIAN_POINT('Ctrl Pts',(-7.69302221256844,36.,3.64101122178531));
#15028=CARTESIAN_POINT('Ctrl Pts',(-7.69302221256844,35.8,3.64101122178531));
#15029=CARTESIAN_POINT('Ctrl Pts',(-7.69758358963953,36.,3.60564891481052));
#15030=CARTESIAN_POINT('Ctrl Pts',(-7.69758358963953,35.8,3.60564891481052));
#15031=CARTESIAN_POINT('Ctrl Pts',(-7.71063748999179,36.,3.5776548767637));
#15032=CARTESIAN_POINT('Ctrl Pts',(-7.71063748999179,35.8,3.5776548767637));
#15033=CARTESIAN_POINT('',(-7.69302221256844,35.8,3.64101122178531));
#15034=CARTESIAN_POINT('',(-7.69302221256844,36.,3.64101122178531));
#15035=CARTESIAN_POINT('Ctrl Pts',(-7.69302221256844,35.8,3.64101122178531));
#15036=CARTESIAN_POINT('Ctrl Pts',(-7.69758358963953,35.8,3.60564891481052));
#15037=CARTESIAN_POINT('Ctrl Pts',(-7.71063748999179,35.8,3.5776548767637));
#15038=CARTESIAN_POINT('Ctrl Pts',(-7.70377073260818,36.,3.70566546878995));
#15039=CARTESIAN_POINT('Ctrl Pts',(-7.70377073260818,35.8,3.70566546878995));
#15040=CARTESIAN_POINT('Ctrl Pts',(-7.69461802625721,36.,3.67413250810592));
#15041=CARTESIAN_POINT('Ctrl Pts',(-7.69461802625721,35.8,3.67413250810592));
#15042=CARTESIAN_POINT('Ctrl Pts',(-7.69302221256844,36.,3.64101122178531));
#15043=CARTESIAN_POINT('Ctrl Pts',(-7.69302221256844,35.8,3.64101122178531));
#15044=CARTESIAN_POINT('',(-7.70377073260818,35.8,3.70566546878995));
#15045=CARTESIAN_POINT('',(-7.70377073260818,36.,3.70566546878995));
#15046=CARTESIAN_POINT('Ctrl Pts',(-7.70377073260818,35.8,3.70566546878995));
#15047=CARTESIAN_POINT('Ctrl Pts',(-7.69461802625721,35.8,3.67413250810592));
#15048=CARTESIAN_POINT('Ctrl Pts',(-7.69302221256844,35.8,3.64101122178531));
#15049=CARTESIAN_POINT('Ctrl Pts',(-7.79196692856006,36.,3.79791404221637));
#15050=CARTESIAN_POINT('Ctrl Pts',(-7.79196692856006,35.8,3.79791404221637));
#15051=CARTESIAN_POINT('Ctrl Pts',(-7.72618093915003,36.,3.76723737638857));
#15052=CARTESIAN_POINT('Ctrl Pts',(-7.72618093915003,35.8,3.76723737638857));
#15053=CARTESIAN_POINT('Ctrl Pts',(-7.70377073260818,36.,3.70566546878995));
#15054=CARTESIAN_POINT('Ctrl Pts',(-7.70377073260818,35.8,3.70566546878995));
#15055=CARTESIAN_POINT('',(-7.79196692856006,35.8,3.79791404221637));
#15056=CARTESIAN_POINT('',(-7.79196692856006,36.,3.79791404221637));
#15057=CARTESIAN_POINT('Ctrl Pts',(-7.79196692856006,35.8,3.79791404221637));
#15058=CARTESIAN_POINT('Ctrl Pts',(-7.72618093915003,35.8,3.76723737638857));
#15059=CARTESIAN_POINT('Ctrl Pts',(-7.70377073260818,35.8,3.70566546878995));
#15060=CARTESIAN_POINT('Origin',(-8.3182548438403,36.,4.04332736883875));
#15061=CARTESIAN_POINT('',(-8.3182548438403,35.8,4.04332736883875));
#15062=CARTESIAN_POINT('',(-8.3182548438403,36.,4.04332736883875));
#15063=CARTESIAN_POINT('',(-8.3182548438403,35.8,4.04332736883875));
#15064=CARTESIAN_POINT('Ctrl Pts',(-8.46632533378271,36.,4.051027956922));
#15065=CARTESIAN_POINT('Ctrl Pts',(-8.46632533378271,35.8,4.051027956922));
#15066=CARTESIAN_POINT('Ctrl Pts',(-8.4134270851473,36.,4.06214623637801));
#15067=CARTESIAN_POINT('Ctrl Pts',(-8.4134270851473,35.8,4.06214623637801));
#15068=CARTESIAN_POINT('Ctrl Pts',(-8.35044798759414,36.,4.05833935424384));
#15069=CARTESIAN_POINT('Ctrl Pts',(-8.35044798759414,35.8,4.05833935424384));
#15070=CARTESIAN_POINT('Ctrl Pts',(-8.3182548438403,36.,4.04332736883875));
#15071=CARTESIAN_POINT('Ctrl Pts',(-8.3182548438403,35.8,4.04332736883875));
#15072=CARTESIAN_POINT('',(-8.46632533378271,35.8,4.051027956922));
#15073=CARTESIAN_POINT('',(-8.46632533378271,36.,4.051027956922));
#15074=CARTESIAN_POINT('Ctrl Pts',(-8.46632533378271,35.8,4.051027956922));
#15075=CARTESIAN_POINT('Ctrl Pts',(-8.4134270851473,35.8,4.06214623637801));
#15076=CARTESIAN_POINT('Ctrl Pts',(-8.35044798759414,35.8,4.05833935424384));
#15077=CARTESIAN_POINT('Ctrl Pts',(-8.3182548438403,35.8,4.04332736883875));
#15078=CARTESIAN_POINT('Ctrl Pts',(-8.53786131427536,36.,3.96339763217282));
#15079=CARTESIAN_POINT('Ctrl Pts',(-8.53786131427536,35.8,3.96339763217282));
#15080=CARTESIAN_POINT('Ctrl Pts',(-8.50783734346517,36.,4.02778391968051));
#15081=CARTESIAN_POINT('Ctrl Pts',(-8.50783734346517,35.8,4.02778391968051));
#15082=CARTESIAN_POINT('Ctrl Pts',(-8.46632533378271,36.,4.051027956922));
#15083=CARTESIAN_POINT('Ctrl Pts',(-8.46632533378271,35.8,4.051027956922));
#15084=CARTESIAN_POINT('',(-8.53786131427536,35.8,3.96339763217282));
#15085=CARTESIAN_POINT('',(-8.53786131427536,36.,3.96339763217282));
#15086=CARTESIAN_POINT('Ctrl Pts',(-8.53786131427536,35.8,3.96339763217282));
#15087=CARTESIAN_POINT('Ctrl Pts',(-8.50783734346517,35.8,4.02778391968051));
#15088=CARTESIAN_POINT('Ctrl Pts',(-8.46632533378271,35.8,4.051027956922));
#15089=CARTESIAN_POINT('Origin',(-8.66056797758655,36.,3.7002536745327));
#15090=CARTESIAN_POINT('',(-8.66056797758655,35.8,3.7002536745327));
#15091=CARTESIAN_POINT('',(-8.66056797758655,36.,3.7002536745327));
#15092=CARTESIAN_POINT('',(-8.66056797758655,35.8,3.7002536745327));
#15093=CARTESIAN_POINT('Ctrl Pts',(-8.82886452502276,36.,3.63899910998497));
#15094=CARTESIAN_POINT('Ctrl Pts',(-8.82886452502276,35.8,3.63899910998497));
#15095=CARTESIAN_POINT('Ctrl Pts',(-8.78967287175721,36.,3.62072364949182));
#15096=CARTESIAN_POINT('Ctrl Pts',(-8.78967287175721,35.8,3.62072364949182));
#15097=CARTESIAN_POINT('Ctrl Pts',(-8.68732847330867,36.,3.64286589653671));
#15098=CARTESIAN_POINT('Ctrl Pts',(-8.68732847330867,35.8,3.64286589653671));
#15099=CARTESIAN_POINT('Ctrl Pts',(-8.66056797758655,36.,3.7002536745327));
#15100=CARTESIAN_POINT('Ctrl Pts',(-8.66056797758655,35.8,3.7002536745327));
#15101=CARTESIAN_POINT('',(-8.82886452502276,35.8,3.63899910998497));
#15102=CARTESIAN_POINT('',(-8.82886452502276,36.,3.63899910998497));
#15103=CARTESIAN_POINT('Ctrl Pts',(-8.82886452502276,35.8,3.63899910998497));
#15104=CARTESIAN_POINT('Ctrl Pts',(-8.78967287175721,35.8,3.62072364949182));
#15105=CARTESIAN_POINT('Ctrl Pts',(-8.68732847330867,35.8,3.64286589653671));
#15106=CARTESIAN_POINT('Ctrl Pts',(-8.66056797758655,35.8,3.7002536745327));
#15107=CARTESIAN_POINT('Ctrl Pts',(-8.8873196857658,36.,3.80599026738596));
#15108=CARTESIAN_POINT('Ctrl Pts',(-8.8873196857658,35.8,3.80599026738596));
#15109=CARTESIAN_POINT('Ctrl Pts',(-8.91016401138225,36.,3.75700070080402));
#15110=CARTESIAN_POINT('Ctrl Pts',(-8.91016401138225,35.8,3.75700070080402));
#15111=CARTESIAN_POINT('Ctrl Pts',(-8.87085558209299,36.,3.65857996051335));
#15112=CARTESIAN_POINT('Ctrl Pts',(-8.87085558209299,35.8,3.65857996051335));
#15113=CARTESIAN_POINT('Ctrl Pts',(-8.82886452502276,36.,3.63899910998497));
#15114=CARTESIAN_POINT('Ctrl Pts',(-8.82886452502276,35.8,3.63899910998497));
#15115=CARTESIAN_POINT('',(-8.8873196857658,35.8,3.80599026738596));
#15116=CARTESIAN_POINT('',(-8.8873196857658,36.,3.80599026738596));
#15117=CARTESIAN_POINT('Ctrl Pts',(-8.8873196857658,35.8,3.80599026738596));
#15118=CARTESIAN_POINT('Ctrl Pts',(-8.91016401138225,35.8,3.75700070080402));
#15119=CARTESIAN_POINT('Ctrl Pts',(-8.87085558209299,35.8,3.65857996051335));
#15120=CARTESIAN_POINT('Ctrl Pts',(-8.82886452502276,35.8,3.63899910998497));
#15121=CARTESIAN_POINT('Origin',(-8.76461302245461,36.,4.06913422502608));
#15122=CARTESIAN_POINT('',(-8.76461302245461,35.8,4.06913422502608));
#15123=CARTESIAN_POINT('',(-8.76461302245461,36.,4.06913422502608));
#15124=CARTESIAN_POINT('',(-8.76461302245461,35.8,4.06913422502608));
#15125=CARTESIAN_POINT('Ctrl Pts',(-8.21186555596943,36.,4.27147877892034));
#15126=CARTESIAN_POINT('Ctrl Pts',(-8.21186555596943,35.8,4.27147877892034));
#15127=CARTESIAN_POINT('Ctrl Pts',(-8.36723246712929,36.,4.34392792587535));
#15128=CARTESIAN_POINT('Ctrl Pts',(-8.36723246712929,35.8,4.34392792587535));
#15129=CARTESIAN_POINT('Ctrl Pts',(-8.69151118048198,36.,4.22590083808828));
#15130=CARTESIAN_POINT('Ctrl Pts',(-8.69151118048198,35.8,4.22590083808828));
#15131=CARTESIAN_POINT('Ctrl Pts',(-8.76461302245461,36.,4.06913422502608));
#15132=CARTESIAN_POINT('Ctrl Pts',(-8.76461302245461,35.8,4.06913422502608));
#15133=CARTESIAN_POINT('',(-8.21186555596943,35.8,4.27147877892034));
#15134=CARTESIAN_POINT('',(-8.21186555596943,36.,4.27147877892034));
#15135=CARTESIAN_POINT('Ctrl Pts',(-8.21186555596943,35.8,4.27147877892034));
#15136=CARTESIAN_POINT('Ctrl Pts',(-8.36723246712929,35.8,4.34392792587535));
#15137=CARTESIAN_POINT('Ctrl Pts',(-8.69151118048198,35.8,4.22590083808828));
#15138=CARTESIAN_POINT('Ctrl Pts',(-8.76461302245461,35.8,4.06913422502608));
#15139=CARTESIAN_POINT('Origin',(-7.68557764068919,36.,4.02606545229796));
#15140=CARTESIAN_POINT('',(-7.68557764068919,35.8,4.02606545229796));
#15141=CARTESIAN_POINT('',(-7.68557764068919,36.,4.02606545229796));
#15142=CARTESIAN_POINT('',(-7.68557764068919,35.8,4.02606545229796));
#15143=CARTESIAN_POINT('Ctrl Pts',(-7.48388578181253,36.,3.47191828391043));
#15144=CARTESIAN_POINT('Ctrl Pts',(-7.48388578181253,35.8,3.47191828391043));
#15145=CARTESIAN_POINT('Ctrl Pts',(-7.41274202489275,36.,3.62448579126561));
#15146=CARTESIAN_POINT('Ctrl Pts',(-7.41274202489275,35.8,3.62448579126561));
#15147=CARTESIAN_POINT('Ctrl Pts',(-7.52601162382231,36.,3.95165822029011));
#15148=CARTESIAN_POINT('Ctrl Pts',(-7.52601162382231,35.8,3.95165822029011));
#15149=CARTESIAN_POINT('Ctrl Pts',(-7.68557764068919,36.,4.02606545229796));
#15150=CARTESIAN_POINT('Ctrl Pts',(-7.68557764068919,35.8,4.02606545229796));
#15151=CARTESIAN_POINT('',(-7.48388578181253,35.8,3.47191828391043));
#15152=CARTESIAN_POINT('',(-7.48388578181253,36.,3.47191828391043));
#15153=CARTESIAN_POINT('Ctrl Pts',(-7.48388578181253,35.8,3.47191828391043));
#15154=CARTESIAN_POINT('Ctrl Pts',(-7.41274202489275,35.8,3.62448579126561));
#15155=CARTESIAN_POINT('Ctrl Pts',(-7.52601162382231,35.8,3.95165822029011));
#15156=CARTESIAN_POINT('Ctrl Pts',(-7.68557764068919,35.8,4.02606545229796));
#15157=CARTESIAN_POINT('Origin',(-7.60659244512373,36.,3.20877432627031));
#15158=CARTESIAN_POINT('',(-7.60659244512373,35.8,3.20877432627031));
#15159=CARTESIAN_POINT('Origin',(-8.0998446789156,35.8,3.8240920907953));
#15160=CARTESIAN_POINT('Ctrl Pts',(-8.36523208802873,36.,0.615362990826073));
#15161=CARTESIAN_POINT('Ctrl Pts',(-8.36523208802873,35.8,0.615362990826073));
#15162=CARTESIAN_POINT('Ctrl Pts',(-8.32232677883928,36.,0.609967382863917));
#15163=CARTESIAN_POINT('Ctrl Pts',(-8.32232677883928,35.8,0.609967382863917));
#15164=CARTESIAN_POINT('Ctrl Pts',(-8.2316801137436,36.,0.662387198821461));
#15165=CARTESIAN_POINT('Ctrl Pts',(-8.2316801137436,35.8,0.662387198821461));
#15166=CARTESIAN_POINT('Ctrl Pts',(-8.22377940208473,36.,0.725212830134592));
#15167=CARTESIAN_POINT('Ctrl Pts',(-8.22377940208473,35.8,0.725212830134592));
#15168=CARTESIAN_POINT('',(-8.36523208802873,35.8,0.615362990826073));
#15169=CARTESIAN_POINT('',(-8.36523208802873,36.,0.615362990826073));
#15170=CARTESIAN_POINT('',(-8.22377940208473,35.8,0.725212830134592));
#15171=CARTESIAN_POINT('Ctrl Pts',(-8.36523208802873,35.8,0.615362990826073));
#15172=CARTESIAN_POINT('Ctrl Pts',(-8.32232677883928,35.8,0.609967382863917));
#15173=CARTESIAN_POINT('Ctrl Pts',(-8.2316801137436,35.8,0.662387198821461));
#15174=CARTESIAN_POINT('Ctrl Pts',(-8.22377940208473,35.8,0.725212830134592));
#15175=CARTESIAN_POINT('',(-8.22377940208473,36.,0.725212830134592));
#15176=CARTESIAN_POINT('Ctrl Pts',(-8.47201726239515,36.,0.75643027620135));
#15177=CARTESIAN_POINT('Ctrl Pts',(-8.47201726239515,35.8,0.75643027620135));
#15178=CARTESIAN_POINT('Ctrl Pts',(-8.47876177234784,36.,0.702798639714531));
#15179=CARTESIAN_POINT('Ctrl Pts',(-8.47876177234784,35.8,0.702798639714531));
#15180=CARTESIAN_POINT('Ctrl Pts',(-8.41120206216029,36.,0.621143999356953));
#15181=CARTESIAN_POINT('Ctrl Pts',(-8.41120206216029,35.8,0.621143999356953));
#15182=CARTESIAN_POINT('Ctrl Pts',(-8.36523208802873,36.,0.615362990826073));
#15183=CARTESIAN_POINT('Ctrl Pts',(-8.36523208802873,35.8,0.615362990826073));
#15184=CARTESIAN_POINT('',(-8.47201726239515,35.8,0.75643027620135));
#15185=CARTESIAN_POINT('',(-8.47201726239515,36.,0.75643027620135));
#15186=CARTESIAN_POINT('Ctrl Pts',(-8.47201726239515,35.8,0.75643027620135));
#15187=CARTESIAN_POINT('Ctrl Pts',(-8.47876177234784,35.8,0.702798639714531));
#15188=CARTESIAN_POINT('Ctrl Pts',(-8.41120206216029,35.8,0.621143999356953));
#15189=CARTESIAN_POINT('Ctrl Pts',(-8.36523208802873,35.8,0.615362990826073));
#15190=CARTESIAN_POINT('Origin',(-8.43578960893496,36.,1.04450878075912));
#15191=CARTESIAN_POINT('',(-8.43578960893496,35.8,1.04450878075912));
#15192=CARTESIAN_POINT('',(-8.43578960893496,36.,1.04450878075912));
#15193=CARTESIAN_POINT('',(-8.43578960893496,35.8,1.04450878075912));
#15194=CARTESIAN_POINT('Ctrl Pts',(-8.43842252428909,36.,1.11021564653384));
#15195=CARTESIAN_POINT('Ctrl Pts',(-8.43842252428909,35.8,1.11021564653384));
#15196=CARTESIAN_POINT('Ctrl Pts',(-8.43193560324771,36.,1.07515543018016));
#15197=CARTESIAN_POINT('Ctrl Pts',(-8.43193560324771,35.8,1.07515543018016));
#15198=CARTESIAN_POINT('Ctrl Pts',(-8.43578960893496,36.,1.04450878075912));
#15199=CARTESIAN_POINT('Ctrl Pts',(-8.43578960893496,35.8,1.04450878075912));
#15200=CARTESIAN_POINT('',(-8.43842252428909,35.8,1.11021564653384));
#15201=CARTESIAN_POINT('',(-8.43842252428909,36.,1.11021564653384));
#15202=CARTESIAN_POINT('Ctrl Pts',(-8.43842252428909,35.8,1.11021564653384));
#15203=CARTESIAN_POINT('Ctrl Pts',(-8.43193560324771,35.8,1.07515543018016));
#15204=CARTESIAN_POINT('Ctrl Pts',(-8.43578960893496,35.8,1.04450878075912));
#15205=CARTESIAN_POINT('Ctrl Pts',(-8.46845399364164,36.,1.16847208984536));
#15206=CARTESIAN_POINT('Ctrl Pts',(-8.46845399364164,35.8,1.16847208984536));
#15207=CARTESIAN_POINT('Ctrl Pts',(-8.45008454359672,36.,1.14125696632745));
#15208=CARTESIAN_POINT('Ctrl Pts',(-8.45008454359672,35.8,1.14125696632745));
#15209=CARTESIAN_POINT('Ctrl Pts',(-8.43842252428909,36.,1.11021564653384));
#15210=CARTESIAN_POINT('Ctrl Pts',(-8.43842252428909,35.8,1.11021564653384));
#15211=CARTESIAN_POINT('',(-8.46845399364164,35.8,1.16847208984536));
#15212=CARTESIAN_POINT('',(-8.46845399364164,36.,1.16847208984536));
#15213=CARTESIAN_POINT('Ctrl Pts',(-8.46845399364164,35.8,1.16847208984536));
#15214=CARTESIAN_POINT('Ctrl Pts',(-8.45008454359672,35.8,1.14125696632745));
#15215=CARTESIAN_POINT('Ctrl Pts',(-8.43842252428909,35.8,1.11021564653384));
#15216=CARTESIAN_POINT('Ctrl Pts',(-8.58066258538176,36.,1.22927998587285));
#15217=CARTESIAN_POINT('Ctrl Pts',(-8.58066258538176,35.8,1.22927998587285));
#15218=CARTESIAN_POINT('Ctrl Pts',(-8.50864295924232,36.,1.2202230725078));
#15219=CARTESIAN_POINT('Ctrl Pts',(-8.50864295924232,35.8,1.2202230725078));
#15220=CARTESIAN_POINT('Ctrl Pts',(-8.46845399364164,36.,1.16847208984536));
#15221=CARTESIAN_POINT('Ctrl Pts',(-8.46845399364164,35.8,1.16847208984536));
#15222=CARTESIAN_POINT('',(-8.58066258538176,35.8,1.22927998587285));
#15223=CARTESIAN_POINT('',(-8.58066258538176,36.,1.22927998587285));
#15224=CARTESIAN_POINT('Ctrl Pts',(-8.58066258538176,35.8,1.22927998587285));
#15225=CARTESIAN_POINT('Ctrl Pts',(-8.50864295924232,35.8,1.2202230725078));
#15226=CARTESIAN_POINT('Ctrl Pts',(-8.46845399364164,35.8,1.16847208984536));
#15227=CARTESIAN_POINT('Origin',(-9.1568195944973,36.,1.30173529279322));
#15228=CARTESIAN_POINT('',(-9.1568195944973,35.8,1.30173529279322));
#15229=CARTESIAN_POINT('',(-9.1568195944973,36.,1.30173529279322));
#15230=CARTESIAN_POINT('',(-9.1568195944973,35.8,1.30173529279322));
#15231=CARTESIAN_POINT('Ctrl Pts',(-9.30013439465798,36.,1.26372164914363));
#15232=CARTESIAN_POINT('Ctrl Pts',(-9.30013439465798,35.8,1.26372164914363));
#15233=CARTESIAN_POINT('Ctrl Pts',(-9.25318237949691,36.,1.29050502307357));
#15234=CARTESIAN_POINT('Ctrl Pts',(-9.25318237949691,35.8,1.29050502307357));
#15235=CARTESIAN_POINT('Ctrl Pts',(-9.19206324133149,36.,1.30616739933357));
#15236=CARTESIAN_POINT('Ctrl Pts',(-9.19206324133149,35.8,1.30616739933357));
#15237=CARTESIAN_POINT('Ctrl Pts',(-9.1568195944973,36.,1.30173529279322));
#15238=CARTESIAN_POINT('Ctrl Pts',(-9.1568195944973,35.8,1.30173529279322));
#15239=CARTESIAN_POINT('',(-9.30013439465798,35.8,1.26372164914363));
#15240=CARTESIAN_POINT('',(-9.30013439465798,36.,1.26372164914363));
#15241=CARTESIAN_POINT('Ctrl Pts',(-9.30013439465798,35.8,1.26372164914363));
#15242=CARTESIAN_POINT('Ctrl Pts',(-9.25318237949691,35.8,1.29050502307357));
#15243=CARTESIAN_POINT('Ctrl Pts',(-9.19206324133149,35.8,1.30616739933357));
#15244=CARTESIAN_POINT('Ctrl Pts',(-9.1568195944973,35.8,1.30173529279322));
#15245=CARTESIAN_POINT('Ctrl Pts',(-9.34139809932667,36.,1.15839464881747));
#15246=CARTESIAN_POINT('Ctrl Pts',(-9.34139809932667,35.8,1.15839464881747));
#15247=CARTESIAN_POINT('Ctrl Pts',(-9.33253388624598,36.,1.22888194248586));
#15248=CARTESIAN_POINT('Ctrl Pts',(-9.33253388624598,35.8,1.22888194248586));
#15249=CARTESIAN_POINT('Ctrl Pts',(-9.30013439465798,36.,1.26372164914363));
#15250=CARTESIAN_POINT('Ctrl Pts',(-9.30013439465798,35.8,1.26372164914363));
#15251=CARTESIAN_POINT('',(-9.34139809932667,35.8,1.15839464881747));
#15252=CARTESIAN_POINT('',(-9.34139809932667,36.,1.15839464881747));
#15253=CARTESIAN_POINT('Ctrl Pts',(-9.34139809932667,35.8,1.15839464881747));
#15254=CARTESIAN_POINT('Ctrl Pts',(-9.33253388624598,35.8,1.22888194248586));
#15255=CARTESIAN_POINT('Ctrl Pts',(-9.30013439465798,35.8,1.26372164914363));
#15256=CARTESIAN_POINT('Origin',(-9.37762575278685,36.,0.870316144259705));
#15257=CARTESIAN_POINT('',(-9.37762575278685,35.8,0.870316144259705));
#15258=CARTESIAN_POINT('',(-9.37762575278685,36.,0.870316144259705));
#15259=CARTESIAN_POINT('',(-9.37762575278685,35.8,0.870316144259705));
#15260=CARTESIAN_POINT('Ctrl Pts',(-9.51907843873085,36.,0.760466304951186));
#15261=CARTESIAN_POINT('Ctrl Pts',(-9.51907843873085,35.8,0.760466304951186));
#15262=CARTESIAN_POINT('Ctrl Pts',(-9.4761731295414,36.,0.755070696989031));
#15263=CARTESIAN_POINT('Ctrl Pts',(-9.4761731295414,35.8,0.755070696989031));
#15264=CARTESIAN_POINT('Ctrl Pts',(-9.38552646444572,36.,0.807490512946575));
#15265=CARTESIAN_POINT('Ctrl Pts',(-9.38552646444572,35.8,0.807490512946575));
#15266=CARTESIAN_POINT('Ctrl Pts',(-9.37762575278685,36.,0.870316144259705));
#15267=CARTESIAN_POINT('Ctrl Pts',(-9.37762575278685,35.8,0.870316144259705));
#15268=CARTESIAN_POINT('',(-9.51907843873086,35.8,0.760466304951186));
#15269=CARTESIAN_POINT('',(-9.51907843873086,36.,0.760466304951186));
#15270=CARTESIAN_POINT('Ctrl Pts',(-9.51907843873085,35.8,0.760466304951186));
#15271=CARTESIAN_POINT('Ctrl Pts',(-9.4761731295414,35.8,0.755070696989031));
#15272=CARTESIAN_POINT('Ctrl Pts',(-9.38552646444572,35.8,0.807490512946575));
#15273=CARTESIAN_POINT('Ctrl Pts',(-9.37762575278685,35.8,0.870316144259705));
#15274=CARTESIAN_POINT('Ctrl Pts',(-9.62586361309727,36.,0.901533590326463));
#15275=CARTESIAN_POINT('Ctrl Pts',(-9.62586361309727,35.8,0.901533590326463));
#15276=CARTESIAN_POINT('Ctrl Pts',(-9.63260812304996,36.,0.847901953839644));
#15277=CARTESIAN_POINT('Ctrl Pts',(-9.63260812304996,35.8,0.847901953839644));
#15278=CARTESIAN_POINT('Ctrl Pts',(-9.56504841286241,36.,0.766247313482067));
#15279=CARTESIAN_POINT('Ctrl Pts',(-9.56504841286241,35.8,0.766247313482067));
#15280=CARTESIAN_POINT('Ctrl Pts',(-9.51907843873085,36.,0.760466304951186));
#15281=CARTESIAN_POINT('Ctrl Pts',(-9.51907843873085,35.8,0.760466304951186));
#15282=CARTESIAN_POINT('',(-9.62586361309727,35.8,0.901533590326463));
#15283=CARTESIAN_POINT('',(-9.62586361309727,36.,0.901533590326463));
#15284=CARTESIAN_POINT('Ctrl Pts',(-9.62586361309727,35.8,0.901533590326463));
#15285=CARTESIAN_POINT('Ctrl Pts',(-9.63260812304996,35.8,0.847901953839644));
#15286=CARTESIAN_POINT('Ctrl Pts',(-9.56504841286241,35.8,0.766247313482067));
#15287=CARTESIAN_POINT('Ctrl Pts',(-9.51907843873085,35.8,0.760466304951186));
#15288=CARTESIAN_POINT('Origin',(-9.58963595963708,36.,1.18961209488423));
#15289=CARTESIAN_POINT('',(-9.58963595963708,35.8,1.18961209488423));
#15290=CARTESIAN_POINT('',(-9.58963595963708,36.,1.18961209488423));
#15291=CARTESIAN_POINT('',(-9.58963595963708,35.8,1.18961209488423));
#15292=CARTESIAN_POINT('Ctrl Pts',(-9.12540944814618,36.,1.55150548557469));
#15293=CARTESIAN_POINT('Ctrl Pts',(-9.12540944814618,35.8,1.55150548557469));
#15294=CARTESIAN_POINT('Ctrl Pts',(-9.29549835243295,36.,1.57289521713895));
#15295=CARTESIAN_POINT('Ctrl Pts',(-9.29549835243295,35.8,1.57289521713895));
#15296=CARTESIAN_POINT('Ctrl Pts',(-9.56805352778846,36.,1.36123333164205));
#15297=CARTESIAN_POINT('Ctrl Pts',(-9.56805352778846,35.8,1.36123333164205));
#15298=CARTESIAN_POINT('Ctrl Pts',(-9.58963595963708,36.,1.18961209488423));
#15299=CARTESIAN_POINT('Ctrl Pts',(-9.58963595963708,35.8,1.18961209488423));
#15300=CARTESIAN_POINT('',(-9.12540944814618,35.8,1.55150548557469));
#15301=CARTESIAN_POINT('',(-9.12540944814618,36.,1.55150548557469));
#15302=CARTESIAN_POINT('Ctrl Pts',(-9.12540944814618,35.8,1.55150548557469));
#15303=CARTESIAN_POINT('Ctrl Pts',(-9.29549835243295,35.8,1.57289521713895));
#15304=CARTESIAN_POINT('Ctrl Pts',(-9.56805352778846,35.8,1.36123333164205));
#15305=CARTESIAN_POINT('Ctrl Pts',(-9.58963595963708,35.8,1.18961209488423));
#15306=CARTESIAN_POINT('Origin',(-8.54925243903064,36.,1.47905017865432));
#15307=CARTESIAN_POINT('',(-8.54925243903064,35.8,1.47905017865432));
#15308=CARTESIAN_POINT('',(-8.54925243903064,36.,1.47905017865432));
#15309=CARTESIAN_POINT('',(-8.54925243903064,35.8,1.47905017865432));
#15310=CARTESIAN_POINT('Ctrl Pts',(-8.18755174862454,36.,1.01329133469236));
#15311=CARTESIAN_POINT('Ctrl Pts',(-8.18755174862454,35.8,1.01329133469236));
#15312=CARTESIAN_POINT('Ctrl Pts',(-8.16654741762901,36.,1.18031557403702));
#15313=CARTESIAN_POINT('Ctrl Pts',(-8.16654741762901,35.8,1.18031557403702));
#15314=CARTESIAN_POINT('Ctrl Pts',(-8.37456653733072,36.,1.45708234623697));
#15315=CARTESIAN_POINT('Ctrl Pts',(-8.37456653733072,35.8,1.45708234623697));
#15316=CARTESIAN_POINT('Ctrl Pts',(-8.54925243903064,36.,1.47905017865432));
#15317=CARTESIAN_POINT('Ctrl Pts',(-8.54925243903064,35.8,1.47905017865432));
#15318=CARTESIAN_POINT('',(-8.18755174862454,35.8,1.01329133469236));
#15319=CARTESIAN_POINT('',(-8.18755174862454,36.,1.01329133469236));
#15320=CARTESIAN_POINT('Ctrl Pts',(-8.18755174862454,35.8,1.01329133469236));
#15321=CARTESIAN_POINT('Ctrl Pts',(-8.16654741762901,35.8,1.18031557403702));
#15322=CARTESIAN_POINT('Ctrl Pts',(-8.37456653733072,35.8,1.45708234623697));
#15323=CARTESIAN_POINT('Ctrl Pts',(-8.54925243903064,35.8,1.47905017865432));
#15324=CARTESIAN_POINT('Origin',(-8.22377940208473,36.,0.725212830134592));
#15325=CARTESIAN_POINT('',(-8.22377940208473,35.8,0.725212830134592));
#15326=CARTESIAN_POINT('Origin',(-8.88176531532322,35.8,1.1599176180096));
#15327=CARTESIAN_POINT('Origin',(-9.93551153717853,36.,-1.91736797805535));
#15328=CARTESIAN_POINT('',(-9.93551153717853,35.8,-1.91736797805535));
#15329=CARTESIAN_POINT('',(-9.93551153717853,36.,-1.91736797805535));
#15330=CARTESIAN_POINT('',(-9.48778272594914,35.8,-1.83305385987286));
#15331=CARTESIAN_POINT('',(-9.93551153717853,35.8,-1.91736797805535));
#15332=CARTESIAN_POINT('',(-9.48778272594914,36.,-1.83305385987286));
#15333=CARTESIAN_POINT('Ctrl Pts',(-10.0815979008475,36.,-1.81758292674417));
#15334=CARTESIAN_POINT('Ctrl Pts',(-10.0815979008475,35.8,-1.81758292674417));
#15335=CARTESIAN_POINT('Ctrl Pts',(-10.0730235837442,36.,-1.86311467025902));
#15336=CARTESIAN_POINT('Ctrl Pts',(-10.0730235837442,35.8,-1.86311467025902));
#15337=CARTESIAN_POINT('Ctrl Pts',(-9.99622052853166,36.,-1.92880040085975));
#15338=CARTESIAN_POINT('Ctrl Pts',(-9.99622052853166,35.8,-1.92880040085975));
#15339=CARTESIAN_POINT('Ctrl Pts',(-9.93551153717853,36.,-1.91736797805535));
#15340=CARTESIAN_POINT('Ctrl Pts',(-9.93551153717853,35.8,-1.91736797805535));
#15341=CARTESIAN_POINT('',(-10.0815979008475,35.8,-1.81758292674417));
#15342=CARTESIAN_POINT('',(-10.0815979008475,36.,-1.81758292674417));
#15343=CARTESIAN_POINT('Ctrl Pts',(-10.0815979008475,35.8,-1.81758292674417));
#15344=CARTESIAN_POINT('Ctrl Pts',(-10.0730235837442,35.8,-1.86311467025902));
#15345=CARTESIAN_POINT('Ctrl Pts',(-9.99622052853166,35.8,-1.92880040085975));
#15346=CARTESIAN_POINT('Ctrl Pts',(-9.93551153717853,35.8,-1.91736797805535));
#15347=CARTESIAN_POINT('Ctrl Pts',(-10.063553054456,36.,-1.72146352138576));
#15348=CARTESIAN_POINT('Ctrl Pts',(-10.063553054456,35.8,-1.72146352138576));
#15349=CARTESIAN_POINT('Ctrl Pts',(-10.0910296496612,36.,-1.76749800887783));
#15350=CARTESIAN_POINT('Ctrl Pts',(-10.0910296496612,35.8,-1.76749800887783));
#15351=CARTESIAN_POINT('Ctrl Pts',(-10.0815979008475,36.,-1.81758292674417));
#15352=CARTESIAN_POINT('Ctrl Pts',(-10.0815979008475,35.8,-1.81758292674417));
#15353=CARTESIAN_POINT('',(-10.063553054456,35.8,-1.72146352138576));
#15354=CARTESIAN_POINT('',(-10.063553054456,36.,-1.72146352138576));
#15355=CARTESIAN_POINT('Ctrl Pts',(-10.063553054456,35.8,-1.72146352138576));
#15356=CARTESIAN_POINT('Ctrl Pts',(-10.0910296496612,35.8,-1.76749800887783));
#15357=CARTESIAN_POINT('Ctrl Pts',(-10.0815979008475,35.8,-1.81758292674417));
#15358=CARTESIAN_POINT('Ctrl Pts',(-9.98209866010647,36.,-1.66997883829132));
#15359=CARTESIAN_POINT('Ctrl Pts',(-9.98209866010647,35.8,-1.66997883829132));
#15360=CARTESIAN_POINT('Ctrl Pts',(-10.030665853189,36.,-1.67912477653484));
#15361=CARTESIAN_POINT('Ctrl Pts',(-10.030665853189,35.8,-1.67912477653484));
#15362=CARTESIAN_POINT('Ctrl Pts',(-10.063553054456,36.,-1.72146352138576));
#15363=CARTESIAN_POINT('Ctrl Pts',(-10.063553054456,35.8,-1.72146352138576));
#15364=CARTESIAN_POINT('',(-9.98209866010647,35.8,-1.66997883829132));
#15365=CARTESIAN_POINT('',(-9.98209866010647,36.,-1.66997883829132));
#15366=CARTESIAN_POINT('Ctrl Pts',(-9.98209866010647,35.8,-1.66997883829132));
#15367=CARTESIAN_POINT('Ctrl Pts',(-10.030665853189,35.8,-1.67912477653484));
#15368=CARTESIAN_POINT('Ctrl Pts',(-10.063553054456,35.8,-1.72146352138576));
#15369=CARTESIAN_POINT('Origin',(-9.53436984887709,36.,-1.58566472010883));
#15370=CARTESIAN_POINT('',(-9.53436984887709,35.8,-1.58566472010883));
#15371=CARTESIAN_POINT('',(-9.53436984887709,36.,-1.58566472010883));
#15372=CARTESIAN_POINT('',(-9.53436984887709,35.8,-1.58566472010883));
#15373=CARTESIAN_POINT('Origin',(-9.54694551396194,36.,-1.51888482962038));
#15374=CARTESIAN_POINT('',(-9.54694551396194,35.8,-1.51888482962038));
#15375=CARTESIAN_POINT('',(-9.54694551396194,36.,-1.51888482962038));
#15376=CARTESIAN_POINT('',(-9.54694551396194,35.8,-1.51888482962038));
#15377=CARTESIAN_POINT('Ctrl Pts',(-9.4489639980047,36.,-1.37156655173764));
#15378=CARTESIAN_POINT('Ctrl Pts',(-9.4489639980047,35.8,-1.37156655173764));
#15379=CARTESIAN_POINT('Ctrl Pts',(-9.49146029195189,36.,-1.37956924770072));
#15380=CARTESIAN_POINT('Ctrl Pts',(-9.49146029195189,35.8,-1.37956924770072));
#15381=CARTESIAN_POINT('Ctrl Pts',(-9.55809212619624,36.,-1.45969356305107));
#15382=CARTESIAN_POINT('Ctrl Pts',(-9.55809212619624,35.8,-1.45969356305107));
#15383=CARTESIAN_POINT('Ctrl Pts',(-9.54694551396194,36.,-1.51888482962038));
#15384=CARTESIAN_POINT('Ctrl Pts',(-9.54694551396194,35.8,-1.51888482962038));
#15385=CARTESIAN_POINT('',(-9.4489639980047,35.8,-1.37156655173764));
#15386=CARTESIAN_POINT('',(-9.4489639980047,36.,-1.37156655173764));
#15387=CARTESIAN_POINT('Ctrl Pts',(-9.4489639980047,35.8,-1.37156655173764));
#15388=CARTESIAN_POINT('Ctrl Pts',(-9.49146029195189,35.8,-1.37956924770072));
#15389=CARTESIAN_POINT('Ctrl Pts',(-9.55809212619624,35.8,-1.45969356305107));
#15390=CARTESIAN_POINT('Ctrl Pts',(-9.54694551396194,35.8,-1.51888482962038));
#15391=CARTESIAN_POINT('Ctrl Pts',(-9.35132686786246,36.,-1.38932558755909));
#15392=CARTESIAN_POINT('Ctrl Pts',(-9.35132686786246,35.8,-1.38932558755909));
#15393=CARTESIAN_POINT('Ctrl Pts',(-9.39736135535453,36.,-1.3618489923539));
#15394=CARTESIAN_POINT('Ctrl Pts',(-9.39736135535453,35.8,-1.3618489923539));
#15395=CARTESIAN_POINT('Ctrl Pts',(-9.4489639980047,36.,-1.37156655173764));
#15396=CARTESIAN_POINT('Ctrl Pts',(-9.4489639980047,35.8,-1.37156655173764));
#15397=CARTESIAN_POINT('',(-9.35132686786246,35.8,-1.38932558755909));
#15398=CARTESIAN_POINT('',(-9.35132686786246,36.,-1.38932558755909));
#15399=CARTESIAN_POINT('Ctrl Pts',(-9.35132686786246,35.8,-1.38932558755909));
#15400=CARTESIAN_POINT('Ctrl Pts',(-9.39736135535453,35.8,-1.3618489923539));
#15401=CARTESIAN_POINT('Ctrl Pts',(-9.4489639980047,35.8,-1.37156655173764));
#15402=CARTESIAN_POINT('Ctrl Pts',(-9.30107409898174,36.,-1.47258351726254));
#15403=CARTESIAN_POINT('Ctrl Pts',(-9.30107409898174,35.8,-1.47258351726254));
#15404=CARTESIAN_POINT('Ctrl Pts',(-9.31164909007581,36.,-1.41642770026089));
#15405=CARTESIAN_POINT('Ctrl Pts',(-9.31164909007581,35.8,-1.41642770026089));
#15406=CARTESIAN_POINT('Ctrl Pts',(-9.35132686786246,36.,-1.38932558755909));
#15407=CARTESIAN_POINT('Ctrl Pts',(-9.35132686786246,35.8,-1.38932558755909));
#15408=CARTESIAN_POINT('',(-9.30107409898174,35.8,-1.47258351726254));
#15409=CARTESIAN_POINT('',(-9.30107409898174,36.,-1.47258351726254));
#15410=CARTESIAN_POINT('Ctrl Pts',(-9.30107409898174,35.8,-1.47258351726254));
#15411=CARTESIAN_POINT('Ctrl Pts',(-9.31164909007581,35.8,-1.41642770026089));
#15412=CARTESIAN_POINT('Ctrl Pts',(-9.35132686786246,35.8,-1.38932558755909));
#15413=CARTESIAN_POINT('Origin',(-9.28849843389689,36.,-1.53936340775099));
#15414=CARTESIAN_POINT('',(-9.28849843389689,35.8,-1.53936340775099));
#15415=CARTESIAN_POINT('',(-9.28849843389689,36.,-1.53936340775099));
#15416=CARTESIAN_POINT('',(-9.28849843389689,35.8,-1.53936340775099));
#15417=CARTESIAN_POINT('Origin',(-8.27010510394803,36.,-1.3475845152071));
#15418=CARTESIAN_POINT('',(-8.27010510394803,35.8,-1.3475845152071));
#15419=CARTESIAN_POINT('',(-8.27010510394803,36.,-1.3475845152071));
#15420=CARTESIAN_POINT('',(-8.27010510394803,35.8,-1.3475845152071));
#15421=CARTESIAN_POINT('Ctrl Pts',(-8.12221520492507,36.,-1.448601480732));
#15422=CARTESIAN_POINT('Ctrl Pts',(-8.12221520492507,35.8,-1.448601480732));
#15423=CARTESIAN_POINT('Ctrl Pts',(-8.13164695373871,36.,-1.39851656286566));
#15424=CARTESIAN_POINT('Ctrl Pts',(-8.13164695373871,35.8,-1.39851656286566));
#15425=CARTESIAN_POINT('Ctrl Pts',(-8.20787838781107,36.,-1.33586628183258));
#15426=CARTESIAN_POINT('Ctrl Pts',(-8.20787838781107,35.8,-1.33586628183258));
#15427=CARTESIAN_POINT('Ctrl Pts',(-8.27010510394803,36.,-1.3475845152071));
#15428=CARTESIAN_POINT('Ctrl Pts',(-8.27010510394803,35.8,-1.3475845152071));
#15429=CARTESIAN_POINT('',(-8.12221520492507,35.8,-1.448601480732));
#15430=CARTESIAN_POINT('',(-8.12221520492507,36.,-1.448601480732));
#15431=CARTESIAN_POINT('Ctrl Pts',(-8.12221520492507,35.8,-1.448601480732));
#15432=CARTESIAN_POINT('Ctrl Pts',(-8.13164695373871,35.8,-1.39851656286566));
#15433=CARTESIAN_POINT('Ctrl Pts',(-8.20787838781107,35.8,-1.33586628183258));
#15434=CARTESIAN_POINT('Ctrl Pts',(-8.27010510394803,35.8,-1.3475845152071));
#15435=CARTESIAN_POINT('Ctrl Pts',(-8.14026005131663,36.,-1.5447208860904));
#15436=CARTESIAN_POINT('Ctrl Pts',(-8.14026005131663,35.8,-1.5447208860904));
#15437=CARTESIAN_POINT('Ctrl Pts',(-8.11249764554133,36.,-1.50020412338216));
#15438=CARTESIAN_POINT('Ctrl Pts',(-8.11249764554133,35.8,-1.50020412338216));
#15439=CARTESIAN_POINT('Ctrl Pts',(-8.12221520492507,36.,-1.448601480732));
#15440=CARTESIAN_POINT('Ctrl Pts',(-8.12221520492507,35.8,-1.448601480732));
#15441=CARTESIAN_POINT('',(-8.14026005131663,35.8,-1.54472088609041));
#15442=CARTESIAN_POINT('',(-8.14026005131663,36.,-1.54472088609041));
#15443=CARTESIAN_POINT('Ctrl Pts',(-8.14026005131663,35.8,-1.5447208860904));
#15444=CARTESIAN_POINT('Ctrl Pts',(-8.11249764554133,35.8,-1.50020412338216));
#15445=CARTESIAN_POINT('Ctrl Pts',(-8.12221520492507,35.8,-1.448601480732));
#15446=CARTESIAN_POINT('Ctrl Pts',(-8.22351798102008,36.,-1.59497365497113));
#15447=CARTESIAN_POINT('Ctrl Pts',(-8.22351798102008,35.8,-1.59497365497113));
#15448=CARTESIAN_POINT('Ctrl Pts',(-8.1658444392346,36.,-1.58411285330694));
#15449=CARTESIAN_POINT('Ctrl Pts',(-8.1658444392346,35.8,-1.58411285330694));
#15450=CARTESIAN_POINT('Ctrl Pts',(-8.14026005131663,36.,-1.5447208860904));
#15451=CARTESIAN_POINT('Ctrl Pts',(-8.14026005131663,35.8,-1.5447208860904));
#15452=CARTESIAN_POINT('',(-8.22351798102008,35.8,-1.59497365497113));
#15453=CARTESIAN_POINT('',(-8.22351798102008,36.,-1.59497365497113));
#15454=CARTESIAN_POINT('Ctrl Pts',(-8.22351798102008,35.8,-1.59497365497113));
#15455=CARTESIAN_POINT('Ctrl Pts',(-8.1658444392346,35.8,-1.58411285330694));
#15456=CARTESIAN_POINT('Ctrl Pts',(-8.14026005131663,35.8,-1.5447208860904));
#15457=CARTESIAN_POINT('Origin',(-9.24191131096894,36.,-1.78675254751502));
#15458=CARTESIAN_POINT('',(-9.24191131096894,35.8,-1.78675254751502));
#15459=CARTESIAN_POINT('',(-9.24191131096894,36.,-1.78675254751502));
#15460=CARTESIAN_POINT('',(-9.24191131096894,35.8,-1.78675254751502));
#15461=CARTESIAN_POINT('Origin',(-9.19360932462033,36.,-2.04324803598202));
#15462=CARTESIAN_POINT('',(-9.19360932462033,35.8,-2.04324803598202));
#15463=CARTESIAN_POINT('',(-9.19360932462033,36.,-2.04324803598202));
#15464=CARTESIAN_POINT('',(-9.19360932462033,35.8,-2.04324803598202));
#15465=CARTESIAN_POINT('Ctrl Pts',(-9.29462629014523,36.,-2.19113793500498));
#15466=CARTESIAN_POINT('Ctrl Pts',(-9.29462629014523,35.8,-2.19113793500498));
#15467=CARTESIAN_POINT('Ctrl Pts',(-9.25212999619804,36.,-2.1831352390419));
#15468=CARTESIAN_POINT('Ctrl Pts',(-9.25212999619804,35.8,-2.1831352390419));
#15469=CARTESIAN_POINT('Ctrl Pts',(-9.18189109124581,36.,-2.10547475211899));
#15470=CARTESIAN_POINT('Ctrl Pts',(-9.18189109124581,35.8,-2.10547475211899));
#15471=CARTESIAN_POINT('Ctrl Pts',(-9.19360932462033,36.,-2.04324803598202));
#15472=CARTESIAN_POINT('Ctrl Pts',(-9.19360932462033,35.8,-2.04324803598202));
#15473=CARTESIAN_POINT('',(-9.29462629014523,35.8,-2.19113793500498));
#15474=CARTESIAN_POINT('',(-9.29462629014523,36.,-2.19113793500498));
#15475=CARTESIAN_POINT('Ctrl Pts',(-9.29462629014523,35.8,-2.19113793500498));
#15476=CARTESIAN_POINT('Ctrl Pts',(-9.25212999619804,35.8,-2.1831352390419));
#15477=CARTESIAN_POINT('Ctrl Pts',(-9.18189109124581,35.8,-2.10547475211899));
#15478=CARTESIAN_POINT('Ctrl Pts',(-9.19360932462033,35.8,-2.04324803598202));
#15479=CARTESIAN_POINT('Ctrl Pts',(-9.43948073960053,36.,-2.08954934833986));
#15480=CARTESIAN_POINT('Ctrl Pts',(-9.43948073960053,35.8,-2.08954934833986));
#15481=CARTESIAN_POINT('Ctrl Pts',(-9.42947736964668,36.,-2.14266971577386));
#15482=CARTESIAN_POINT('Ctrl Pts',(-9.42947736964668,35.8,-2.14266971577386));
#15483=CARTESIAN_POINT('Ctrl Pts',(-9.34015803366008,36.,-2.19971225210829));
#15484=CARTESIAN_POINT('Ctrl Pts',(-9.34015803366008,35.8,-2.19971225210829));
#15485=CARTESIAN_POINT('Ctrl Pts',(-9.29462629014523,36.,-2.19113793500498));
#15486=CARTESIAN_POINT('Ctrl Pts',(-9.29462629014523,35.8,-2.19113793500498));
#15487=CARTESIAN_POINT('',(-9.43948073960053,35.8,-2.08954934833986));
#15488=CARTESIAN_POINT('',(-9.43948073960053,36.,-2.08954934833986));
#15489=CARTESIAN_POINT('Ctrl Pts',(-9.43948073960053,35.8,-2.08954934833986));
#15490=CARTESIAN_POINT('Ctrl Pts',(-9.42947736964668,35.8,-2.14266971577386));
#15491=CARTESIAN_POINT('Ctrl Pts',(-9.34015803366008,35.8,-2.19971225210829));
#15492=CARTESIAN_POINT('Ctrl Pts',(-9.29462629014523,35.8,-2.19113793500498));
#15493=CARTESIAN_POINT('Origin',(-9.48778272594914,36.,-1.83305385987286));
#15494=CARTESIAN_POINT('',(-9.48778272594914,35.8,-1.83305385987286));
#15495=CARTESIAN_POINT('Origin',(-9.13985094367784,35.8,-1.67498854478526));
#15496=CARTESIAN_POINT('Origin',(-6.87897249162528,36.,-6.20302753423897));
#15497=CARTESIAN_POINT('',(-6.87897249162528,35.8,-6.20302753423897));
#15498=CARTESIAN_POINT('',(-6.87897249162528,36.,-6.20302753423897));
#15499=CARTESIAN_POINT('',(-6.19992662395187,35.8,-5.65748952587759));
#15500=CARTESIAN_POINT('',(-6.87897249162528,35.8,-6.20302753423897));
#15501=CARTESIAN_POINT('',(-6.19992662395187,36.,-5.65748952587759));
#15502=CARTESIAN_POINT('Ctrl Pts',(-7.46400547152195,36.,-6.138146931362));
#15503=CARTESIAN_POINT('Ctrl Pts',(-7.46400547152195,35.8,-6.138146931362));
#15504=CARTESIAN_POINT('Ctrl Pts',(-7.35760621457203,36.,-6.27058495519901));
#15505=CARTESIAN_POINT('Ctrl Pts',(-7.35760621457203,35.8,-6.27058495519901));
#15506=CARTESIAN_POINT('Ctrl Pts',(-7.01381847953206,36.,-6.31136132313343));
#15507=CARTESIAN_POINT('Ctrl Pts',(-7.01381847953206,35.8,-6.31136132313343));
#15508=CARTESIAN_POINT('Ctrl Pts',(-6.87897249162528,36.,-6.20302753423897));
#15509=CARTESIAN_POINT('Ctrl Pts',(-6.87897249162528,35.8,-6.20302753423897));
#15510=CARTESIAN_POINT('',(-7.46400547152195,35.8,-6.138146931362));
#15511=CARTESIAN_POINT('',(-7.46400547152195,36.,-6.138146931362));
#15512=CARTESIAN_POINT('Ctrl Pts',(-7.46400547152195,35.8,-6.138146931362));
#15513=CARTESIAN_POINT('Ctrl Pts',(-7.35760621457203,35.8,-6.27058495519901));
#15514=CARTESIAN_POINT('Ctrl Pts',(-7.01381847953206,35.8,-6.31136132313343));
#15515=CARTESIAN_POINT('Ctrl Pts',(-6.87897249162528,35.8,-6.20302753423897));
#15516=CARTESIAN_POINT('Origin',(-7.76675972084307,36.,-5.76130055444395));
#15517=CARTESIAN_POINT('',(-7.76675972084307,35.8,-5.76130055444395));
#15518=CARTESIAN_POINT('',(-7.76675972084307,36.,-5.76130055444395));
#15519=CARTESIAN_POINT('',(-7.76675972084307,35.8,-5.76130055444395));
#15520=CARTESIAN_POINT('Ctrl Pts',(-7.74855298574393,36.,-5.5842254838296));
#15521=CARTESIAN_POINT('Ctrl Pts',(-7.74855298574393,35.8,-5.5842254838296));
#15522=CARTESIAN_POINT('Ctrl Pts',(-7.84607553056937,36.,-5.66257402758363));
#15523=CARTESIAN_POINT('Ctrl Pts',(-7.84607553056937,35.8,-5.66257402758363));
#15524=CARTESIAN_POINT('Ctrl Pts',(-7.76675972084307,36.,-5.76130055444395));
#15525=CARTESIAN_POINT('Ctrl Pts',(-7.76675972084307,35.8,-5.76130055444395));
#15526=CARTESIAN_POINT('',(-7.74855298574393,35.8,-5.5842254838296));
#15527=CARTESIAN_POINT('',(-7.74855298574393,36.,-5.5842254838296));
#15528=CARTESIAN_POINT('Ctrl Pts',(-7.74855298574393,35.8,-5.5842254838296));
#15529=CARTESIAN_POINT('Ctrl Pts',(-7.84607553056937,35.8,-5.66257402758363));
#15530=CARTESIAN_POINT('Ctrl Pts',(-7.76675972084307,35.8,-5.76130055444395));
#15531=CARTESIAN_POINT('Origin',(-6.84315849551272,36.,-4.85684147268109));
#15532=CARTESIAN_POINT('',(-6.84315849551272,35.8,-4.85684147268109));
#15533=CARTESIAN_POINT('',(-6.84315849551272,36.,-4.85684147268109));
#15534=CARTESIAN_POINT('',(-6.84315849551272,35.8,-4.85684147268109));
#15535=CARTESIAN_POINT('Ctrl Pts',(-6.6651161589261,36.,-4.87625218981511));
#15536=CARTESIAN_POINT('Ctrl Pts',(-6.6651161589261,35.8,-4.87625218981511));
#15537=CARTESIAN_POINT('Ctrl Pts',(-6.69703593601107,36.,-4.83652078266401));
#15538=CARTESIAN_POINT('Ctrl Pts',(-6.69703593601107,35.8,-4.83652078266401));
#15539=CARTESIAN_POINT('Ctrl Pts',(-6.79379523208256,36.,-4.81718356781794));
#15540=CARTESIAN_POINT('Ctrl Pts',(-6.79379523208256,35.8,-4.81718356781794));
#15541=CARTESIAN_POINT('Ctrl Pts',(-6.84315849551272,36.,-4.85684147268109));
#15542=CARTESIAN_POINT('Ctrl Pts',(-6.84315849551272,35.8,-4.85684147268109));
#15543=CARTESIAN_POINT('',(-6.6651161589261,35.8,-4.87625218981511));
#15544=CARTESIAN_POINT('',(-6.6651161589261,36.,-4.87625218981511));
#15545=CARTESIAN_POINT('Ctrl Pts',(-6.6651161589261,35.8,-4.87625218981511));
#15546=CARTESIAN_POINT('Ctrl Pts',(-6.69703593601107,35.8,-4.83652078266401));
#15547=CARTESIAN_POINT('Ctrl Pts',(-6.79379523208256,35.8,-4.81718356781794));
#15548=CARTESIAN_POINT('Ctrl Pts',(-6.84315849551272,35.8,-4.85684147268109));
#15549=CARTESIAN_POINT('Ctrl Pts',(-6.63573905336434,36.,-4.9695342472354));
#15550=CARTESIAN_POINT('Ctrl Pts',(-6.63573905336434,35.8,-4.9695342472354));
#15551=CARTESIAN_POINT('Ctrl Pts',(-6.63222911586885,36.,-4.9171875790011));
#15552=CARTESIAN_POINT('Ctrl Pts',(-6.63222911586885,35.8,-4.9171875790011));
#15553=CARTESIAN_POINT('Ctrl Pts',(-6.6651161589261,36.,-4.87625218981511));
#15554=CARTESIAN_POINT('Ctrl Pts',(-6.6651161589261,35.8,-4.87625218981511));
#15555=CARTESIAN_POINT('',(-6.63573905336433,35.8,-4.9695342472354));
#15556=CARTESIAN_POINT('',(-6.63573905336433,36.,-4.9695342472354));
#15557=CARTESIAN_POINT('Ctrl Pts',(-6.63573905336434,35.8,-4.9695342472354));
#15558=CARTESIAN_POINT('Ctrl Pts',(-6.63222911586885,35.8,-4.9171875790011));
#15559=CARTESIAN_POINT('Ctrl Pts',(-6.6651161589261,35.8,-4.87625218981511));
#15560=CARTESIAN_POINT('Ctrl Pts',(-6.68549414203239,36.,-5.05309054436685));
#15561=CARTESIAN_POINT('Ctrl Pts',(-6.68549414203239,35.8,-5.05309054436685));
#15562=CARTESIAN_POINT('Ctrl Pts',(-6.63974282470687,36.,-5.01633443742052));
#15563=CARTESIAN_POINT('Ctrl Pts',(-6.63974282470687,35.8,-5.01633443742052));
#15564=CARTESIAN_POINT('Ctrl Pts',(-6.63573905336434,36.,-4.9695342472354));
#15565=CARTESIAN_POINT('Ctrl Pts',(-6.63573905336434,35.8,-4.9695342472354));
#15566=CARTESIAN_POINT('',(-6.68549414203239,35.8,-5.05309054436685));
#15567=CARTESIAN_POINT('',(-6.68549414203239,36.,-5.05309054436685));
#15568=CARTESIAN_POINT('Ctrl Pts',(-6.68549414203239,35.8,-5.05309054436685));
#15569=CARTESIAN_POINT('Ctrl Pts',(-6.63974282470687,35.8,-5.01633443742052));
#15570=CARTESIAN_POINT('Ctrl Pts',(-6.63573905336434,35.8,-4.9695342472354));
#15571=CARTESIAN_POINT('Origin',(-7.49336608743817,36.,-5.70212601176133));
#15572=CARTESIAN_POINT('',(-7.49336608743817,35.8,-5.70212601176133));
#15573=CARTESIAN_POINT('',(-7.49336608743817,36.,-5.70212601176133));
#15574=CARTESIAN_POINT('',(-7.49336608743817,35.8,-5.70212601176133));
#15575=CARTESIAN_POINT('Origin',(-7.26896038187108,36.,-5.98144984385394));
#15576=CARTESIAN_POINT('',(-7.26896038187108,35.8,-5.98144984385394));
#15577=CARTESIAN_POINT('',(-7.26896038187108,36.,-5.98144984385394));
#15578=CARTESIAN_POINT('',(-7.26896038187108,35.8,-5.98144984385394));
#15579=CARTESIAN_POINT('Ctrl Pts',(-7.03784082714049,36.,-6.00774572852548));
#15580=CARTESIAN_POINT('Ctrl Pts',(-7.03784082714049,35.8,-6.00774572852548));
#15581=CARTESIAN_POINT('Ctrl Pts',(-7.09202001871018,36.,-6.05127269727772));
#15582=CARTESIAN_POINT('Ctrl Pts',(-7.09202001871018,35.8,-6.05127269727772));
#15583=CARTESIAN_POINT('Ctrl Pts',(-7.22349888117429,36.,-6.03803699949339));
#15584=CARTESIAN_POINT('Ctrl Pts',(-7.22349888117429,35.8,-6.03803699949339));
#15585=CARTESIAN_POINT('Ctrl Pts',(-7.26896038187108,36.,-5.98144984385394));
#15586=CARTESIAN_POINT('Ctrl Pts',(-7.26896038187108,35.8,-5.98144984385394));
#15587=CARTESIAN_POINT('',(-7.03784082714049,35.8,-6.00774572852548));
#15588=CARTESIAN_POINT('',(-7.03784082714049,36.,-6.00774572852548));
#15589=CARTESIAN_POINT('Ctrl Pts',(-7.03784082714049,35.8,-6.00774572852548));
#15590=CARTESIAN_POINT('Ctrl Pts',(-7.09202001871018,35.8,-6.05127269727772));
#15591=CARTESIAN_POINT('Ctrl Pts',(-7.22349888117429,35.8,-6.03803699949339));
#15592=CARTESIAN_POINT('Ctrl Pts',(-7.26896038187108,35.8,-5.98144984385394));
#15593=CARTESIAN_POINT('Origin',(-6.35759097743219,36.,-5.46124045419183));
#15594=CARTESIAN_POINT('',(-6.35759097743219,35.8,-5.46124045419183));
#15595=CARTESIAN_POINT('',(-6.35759097743219,36.,-5.46124045419183));
#15596=CARTESIAN_POINT('',(-6.35759097743219,35.8,-5.46124045419183));
#15597=CARTESIAN_POINT('Ctrl Pts',(-6.17954864084558,36.,-5.48065117132585));
#15598=CARTESIAN_POINT('Ctrl Pts',(-6.17954864084558,35.8,-5.48065117132585));
#15599=CARTESIAN_POINT('Ctrl Pts',(-6.21146841793055,36.,-5.44091976417474));
#15600=CARTESIAN_POINT('Ctrl Pts',(-6.21146841793055,35.8,-5.44091976417474));
#15601=CARTESIAN_POINT('Ctrl Pts',(-6.30822771400203,36.,-5.42158254932868));
#15602=CARTESIAN_POINT('Ctrl Pts',(-6.30822771400203,35.8,-5.42158254932868));
#15603=CARTESIAN_POINT('Ctrl Pts',(-6.35759097743219,36.,-5.46124045419183));
#15604=CARTESIAN_POINT('Ctrl Pts',(-6.35759097743219,35.8,-5.46124045419183));
#15605=CARTESIAN_POINT('',(-6.17954864084558,35.8,-5.48065117132585));
#15606=CARTESIAN_POINT('',(-6.17954864084558,36.,-5.48065117132585));
#15607=CARTESIAN_POINT('Ctrl Pts',(-6.17954864084558,35.8,-5.48065117132585));
#15608=CARTESIAN_POINT('Ctrl Pts',(-6.21146841793055,35.8,-5.44091976417474));
#15609=CARTESIAN_POINT('Ctrl Pts',(-6.30822771400203,35.8,-5.42158254932868));
#15610=CARTESIAN_POINT('Ctrl Pts',(-6.35759097743219,35.8,-5.46124045419183));
#15611=CARTESIAN_POINT('Ctrl Pts',(-6.15017153528381,36.,-5.57393322874614));
#15612=CARTESIAN_POINT('Ctrl Pts',(-6.15017153528381,35.8,-5.57393322874614));
#15613=CARTESIAN_POINT('Ctrl Pts',(-6.14666159778833,36.,-5.52158656051183));
#15614=CARTESIAN_POINT('Ctrl Pts',(-6.14666159778833,35.8,-5.52158656051183));
#15615=CARTESIAN_POINT('Ctrl Pts',(-6.17954864084558,36.,-5.48065117132585));
#15616=CARTESIAN_POINT('Ctrl Pts',(-6.17954864084558,35.8,-5.48065117132585));
#15617=CARTESIAN_POINT('',(-6.15017153528381,35.8,-5.57393322874614));
#15618=CARTESIAN_POINT('',(-6.15017153528381,36.,-5.57393322874614));
#15619=CARTESIAN_POINT('Ctrl Pts',(-6.15017153528381,35.8,-5.57393322874614));
#15620=CARTESIAN_POINT('Ctrl Pts',(-6.14666159778833,35.8,-5.52158656051183));
#15621=CARTESIAN_POINT('Ctrl Pts',(-6.17954864084558,35.8,-5.48065117132585));
#15622=CARTESIAN_POINT('Ctrl Pts',(-6.19992662395187,36.,-5.65748952587759));
#15623=CARTESIAN_POINT('Ctrl Pts',(-6.19992662395187,35.8,-5.65748952587759));
#15624=CARTESIAN_POINT('Ctrl Pts',(-6.15417530662635,36.,-5.62073341893125));
#15625=CARTESIAN_POINT('Ctrl Pts',(-6.15417530662635,35.8,-5.62073341893125));
#15626=CARTESIAN_POINT('Ctrl Pts',(-6.15017153528381,36.,-5.57393322874614));
#15627=CARTESIAN_POINT('Ctrl Pts',(-6.15017153528381,35.8,-5.57393322874614));
#15628=CARTESIAN_POINT('Ctrl Pts',(-6.19992662395187,35.8,-5.65748952587759));
#15629=CARTESIAN_POINT('Ctrl Pts',(-6.15417530662635,35.8,-5.62073341893125));
#15630=CARTESIAN_POINT('Ctrl Pts',(-6.15017153528381,35.8,-5.57393322874614));
#15631=CARTESIAN_POINT('Origin',(-7.01892119438678,35.8,-5.62655094964977));
#15632=CARTESIAN_POINT('Ctrl Pts',(-4.13972441341807,36.,-8.45406250140484));
#15633=CARTESIAN_POINT('Ctrl Pts',(-4.13972441341807,35.8,-8.45406250140484));
#15634=CARTESIAN_POINT('Ctrl Pts',(-4.06234278044965,36.,-8.49268885829799));
#15635=CARTESIAN_POINT('Ctrl Pts',(-4.06234278044965,35.8,-8.49268885829799));
#15636=CARTESIAN_POINT('Ctrl Pts',(-3.90352385289134,36.,-8.43732878244697));
#15637=CARTESIAN_POINT('Ctrl Pts',(-3.90352385289134,35.8,-8.43732878244697));
#15638=CARTESIAN_POINT('Ctrl Pts',(-3.86627700874437,36.,-8.36271077922742));
#15639=CARTESIAN_POINT('Ctrl Pts',(-3.86627700874437,35.8,-8.36271077922742));
#15640=CARTESIAN_POINT('',(-3.86627700874437,36.,-8.36271077922742));
#15641=CARTESIAN_POINT('',(-4.13972441341807,36.,-8.45406250140484));
#15642=CARTESIAN_POINT('Ctrl Pts',(-3.86627700874437,36.,-8.36271077922742));
#15643=CARTESIAN_POINT('Ctrl Pts',(-3.90352385289134,36.,-8.43732878244697));
#15644=CARTESIAN_POINT('Ctrl Pts',(-4.06234278044965,36.,-8.49268885829799));
#15645=CARTESIAN_POINT('Ctrl Pts',(-4.13972441341807,36.,-8.45406250140484));
#15646=CARTESIAN_POINT('',(-3.86627700874437,35.8,-8.36271077922742));
#15647=CARTESIAN_POINT('',(-3.86627700874437,36.,-8.36271077922742));
#15648=CARTESIAN_POINT('',(-4.13972441341807,35.8,-8.45406250140484));
#15649=CARTESIAN_POINT('Ctrl Pts',(-3.86627700874437,35.8,-8.36271077922742));
#15650=CARTESIAN_POINT('Ctrl Pts',(-3.90352385289134,35.8,-8.43732878244697));
#15651=CARTESIAN_POINT('Ctrl Pts',(-4.06234278044965,35.8,-8.49268885829799));
#15652=CARTESIAN_POINT('Ctrl Pts',(-4.13972441341807,35.8,-8.45406250140484));
#15653=CARTESIAN_POINT('',(-4.13972441341807,36.,-8.45406250140484));
#15654=CARTESIAN_POINT('Origin',(-4.24336052900077,36.,-8.40233077342294));
#15655=CARTESIAN_POINT('',(-4.24336052900077,36.,-8.40233077342294));
#15656=CARTESIAN_POINT('',(-4.22366967427252,36.,-8.41215979812929));
#15657=CARTESIAN_POINT('',(-4.24336052900077,35.8,-8.40233077342294));
#15658=CARTESIAN_POINT('',(-4.21742520649132,35.8,-8.41527683032248));
#15659=CARTESIAN_POINT('',(-4.24336052900077,36.,-8.40233077342294));
#15660=CARTESIAN_POINT('Ctrl Pts',(-4.33471225117818,36.,-8.12888336874924));
#15661=CARTESIAN_POINT('Ctrl Pts',(-4.33471225117818,35.8,-8.12888336874924));
#15662=CARTESIAN_POINT('Ctrl Pts',(-4.37264885169824,36.,-8.20488318684322));
#15663=CARTESIAN_POINT('Ctrl Pts',(-4.37264885169824,35.8,-8.20488318684322));
#15664=CARTESIAN_POINT('Ctrl Pts',(-4.31797853222031,36.,-8.36508392927597));
#15665=CARTESIAN_POINT('Ctrl Pts',(-4.31797853222031,35.8,-8.36508392927597));
#15666=CARTESIAN_POINT('Ctrl Pts',(-4.24336052900077,36.,-8.40233077342294));
#15667=CARTESIAN_POINT('Ctrl Pts',(-4.24336052900077,35.8,-8.40233077342294));
#15668=CARTESIAN_POINT('',(-4.33471225117818,36.,-8.12888336874924));
#15669=CARTESIAN_POINT('Ctrl Pts',(-4.24336052900077,36.,-8.40233077342294));
#15670=CARTESIAN_POINT('Ctrl Pts',(-4.31797853222031,36.,-8.36508392927597));
#15671=CARTESIAN_POINT('Ctrl Pts',(-4.37264885169824,36.,-8.20488318684322));
#15672=CARTESIAN_POINT('Ctrl Pts',(-4.33471225117818,36.,-8.12888336874924));
#15673=CARTESIAN_POINT('',(-4.33471225117818,35.8,-8.12888336874924));
#15674=CARTESIAN_POINT('Ctrl Pts',(-4.24336052900077,35.8,-8.40233077342294));
#15675=CARTESIAN_POINT('Ctrl Pts',(-4.31797853222031,35.8,-8.36508392927597));
#15676=CARTESIAN_POINT('Ctrl Pts',(-4.37264885169824,35.8,-8.20488318684322));
#15677=CARTESIAN_POINT('Ctrl Pts',(-4.33471225117818,35.8,-8.12888336874924));
#15678=CARTESIAN_POINT('',(-4.33471225117818,36.,-8.12888336874924));
#15679=CARTESIAN_POINT('Origin',(-4.1098516735502,36.,-7.6784117196831));
#15680=CARTESIAN_POINT('',(-4.1098516735502,36.,-7.6784117196831));
#15681=CARTESIAN_POINT('',(-2.16581647321613,36.,-3.78385291451112));
#15682=CARTESIAN_POINT('',(-4.1098516735502,35.8,-7.6784117196831));
#15683=CARTESIAN_POINT('',(-4.16582167594213,35.8,-7.79053852973444));
#15684=CARTESIAN_POINT('',(-4.1098516735502,36.,-7.6784117196831));
#15685=CARTESIAN_POINT('Ctrl Pts',(-3.83571451250341,36.,-7.58567818263125));
#15686=CARTESIAN_POINT('Ctrl Pts',(-3.83571451250341,35.8,-7.58567818263125));
#15687=CARTESIAN_POINT('Ctrl Pts',(-3.91171433059739,36.,-7.54774158211119));
#15688=CARTESIAN_POINT('Ctrl Pts',(-3.91171433059739,35.8,-7.54774158211119));
#15689=CARTESIAN_POINT('Ctrl Pts',(-4.07191507303014,36.,-7.60241190158911));
#15690=CARTESIAN_POINT('Ctrl Pts',(-4.07191507303014,35.8,-7.60241190158911));
#15691=CARTESIAN_POINT('Ctrl Pts',(-4.1098516735502,36.,-7.6784117196831));
#15692=CARTESIAN_POINT('Ctrl Pts',(-4.1098516735502,35.8,-7.6784117196831));
#15693=CARTESIAN_POINT('',(-3.83571451250341,36.,-7.58567818263125));
#15694=CARTESIAN_POINT('Ctrl Pts',(-4.1098516735502,36.,-7.6784117196831));
#15695=CARTESIAN_POINT('Ctrl Pts',(-4.07191507303014,36.,-7.60241190158911));
#15696=CARTESIAN_POINT('Ctrl Pts',(-3.91171433059739,36.,-7.54774158211119));
#15697=CARTESIAN_POINT('Ctrl Pts',(-3.83571451250341,36.,-7.58567818263125));
#15698=CARTESIAN_POINT('',(-3.83571451250341,35.8,-7.58567818263125));
#15699=CARTESIAN_POINT('Ctrl Pts',(-4.1098516735502,35.8,-7.6784117196831));
#15700=CARTESIAN_POINT('Ctrl Pts',(-4.07191507303014,35.8,-7.60241190158911));
#15701=CARTESIAN_POINT('Ctrl Pts',(-3.91171433059739,35.8,-7.54774158211119));
#15702=CARTESIAN_POINT('Ctrl Pts',(-3.83571451250341,35.8,-7.58567818263125));
#15703=CARTESIAN_POINT('',(-3.83571451250341,36.,-7.58567818263125));
#15704=CARTESIAN_POINT('Origin',(-3.73207839692071,36.,-7.63740991061314));
#15705=CARTESIAN_POINT('',(-3.73207839692071,36.,-7.63740991061314));
#15706=CARTESIAN_POINT('',(-3.76420559998381,36.,-7.62137307132855));
#15707=CARTESIAN_POINT('',(-3.73207839692071,35.8,-7.63740991061314));
#15708=CARTESIAN_POINT('',(-3.75796113220261,35.8,-7.62449010352174));
#15709=CARTESIAN_POINT('',(-3.73207839692071,36.,-7.63740991061314));
#15710=CARTESIAN_POINT('Ctrl Pts',(-3.64141643111638,36.,-7.91223913016128));
#15711=CARTESIAN_POINT('Ctrl Pts',(-3.64141643111638,35.8,-7.91223913016128));
#15712=CARTESIAN_POINT('Ctrl Pts',(-3.60210031785014,36.,-7.83347568231842));
#15713=CARTESIAN_POINT('Ctrl Pts',(-3.60210031785014,35.8,-7.83347568231842));
#15714=CARTESIAN_POINT('Ctrl Pts',(-3.6588422085756,36.,-7.67396699838702));
#15715=CARTESIAN_POINT('Ctrl Pts',(-3.6588422085756,35.8,-7.67396699838702));
#15716=CARTESIAN_POINT('Ctrl Pts',(-3.73207839692071,36.,-7.63740991061314));
#15717=CARTESIAN_POINT('Ctrl Pts',(-3.73207839692071,35.8,-7.63740991061314));
#15718=CARTESIAN_POINT('',(-3.64141643111638,36.,-7.91223913016128));
#15719=CARTESIAN_POINT('Ctrl Pts',(-3.73207839692071,36.,-7.63740991061314));
#15720=CARTESIAN_POINT('Ctrl Pts',(-3.6588422085756,36.,-7.67396699838702));
#15721=CARTESIAN_POINT('Ctrl Pts',(-3.60210031785014,36.,-7.83347568231842));
#15722=CARTESIAN_POINT('Ctrl Pts',(-3.64141643111638,36.,-7.91223913016128));
#15723=CARTESIAN_POINT('',(-3.64141643111638,35.8,-7.91223913016128));
#15724=CARTESIAN_POINT('Ctrl Pts',(-3.73207839692071,35.8,-7.63740991061314));
#15725=CARTESIAN_POINT('Ctrl Pts',(-3.6588422085756,35.8,-7.67396699838702));
#15726=CARTESIAN_POINT('Ctrl Pts',(-3.60210031785014,35.8,-7.83347568231842));
#15727=CARTESIAN_POINT('Ctrl Pts',(-3.64141643111638,35.8,-7.91223913016128));
#15728=CARTESIAN_POINT('',(-3.64141643111638,36.,-7.91223913016128));
#15729=CARTESIAN_POINT('Origin',(-3.86627700874437,36.,-8.36271077922742));
#15730=CARTESIAN_POINT('',(-1.8098115195963,36.,-4.24291614952238));
#15731=CARTESIAN_POINT('',(-3.80981672232231,35.8,-8.24960176474569));
#15732=CARTESIAN_POINT('Origin',(-3.6410411842113,36.,-8.47514106804142));
#15733=CARTESIAN_POINT('',(-3.6410411842113,35.8,-8.47514106804142));
#15734=CARTESIAN_POINT('',(-3.6410411842113,36.,-8.47514106804142));
#15735=CARTESIAN_POINT('',(-3.41618060658331,35.8,-8.02466941897527));
#15736=CARTESIAN_POINT('',(-3.6410411842113,35.8,-8.47514106804142));
#15737=CARTESIAN_POINT('',(-3.41618060658331,36.,-8.02466941897527));
#15738=CARTESIAN_POINT('Ctrl Pts',(-4.25146494585897,36.,-8.67791651106348));
#15739=CARTESIAN_POINT('Ctrl Pts',(-4.25146494585897,35.8,-8.67791651106348));
#15740=CARTESIAN_POINT('Ctrl Pts',(-4.08564716092664,36.,-8.76068727583451));
#15741=CARTESIAN_POINT('Ctrl Pts',(-4.08564716092664,35.8,-8.76068727583451));
#15742=CARTESIAN_POINT('Ctrl Pts',(-3.72519146172852,36.,-8.64372248272261));
#15743=CARTESIAN_POINT('Ctrl Pts',(-3.72519146172852,35.8,-8.64372248272261));
#15744=CARTESIAN_POINT('Ctrl Pts',(-3.6410411842113,36.,-8.47514106804142));
#15745=CARTESIAN_POINT('Ctrl Pts',(-3.6410411842113,35.8,-8.47514106804142));
#15746=CARTESIAN_POINT('',(-4.25146494585897,35.8,-8.67791651106348));
#15747=CARTESIAN_POINT('',(-4.25146494585897,36.,-8.67791651106348));
#15748=CARTESIAN_POINT('Ctrl Pts',(-4.25146494585897,35.8,-8.67791651106348));
#15749=CARTESIAN_POINT('Ctrl Pts',(-4.08564716092664,35.8,-8.76068727583451));
#15750=CARTESIAN_POINT('Ctrl Pts',(-3.72519146172852,35.8,-8.64372248272261));
#15751=CARTESIAN_POINT('Ctrl Pts',(-3.6410411842113,35.8,-8.47514106804142));
#15752=CARTESIAN_POINT('Origin',(-4.35510106144167,36.,-8.62618478308158));
#15753=CARTESIAN_POINT('',(-4.35510106144167,35.8,-8.62618478308158));
#15754=CARTESIAN_POINT('',(-4.35510106144167,36.,-8.62618478308158));
#15755=CARTESIAN_POINT('',(-4.35510106144167,35.8,-8.62618478308158));
#15756=CARTESIAN_POINT('Ctrl Pts',(-4.55994807571126,36.,-8.01645307993525));
#15757=CARTESIAN_POINT('Ctrl Pts',(-4.55994807571126,35.8,-8.01645307993525));
#15758=CARTESIAN_POINT('Ctrl Pts',(-4.64064957136302,36.,-8.17812542024426));
#15759=CARTESIAN_POINT('Ctrl Pts',(-4.64064957136302,35.8,-8.17812542024426));
#15760=CARTESIAN_POINT('Ctrl Pts',(-4.5250642909973,36.,-8.54134474919126));
#15761=CARTESIAN_POINT('Ctrl Pts',(-4.5250642909973,35.8,-8.54134474919126));
#15762=CARTESIAN_POINT('Ctrl Pts',(-4.35510106144167,36.,-8.62618478308158));
#15763=CARTESIAN_POINT('Ctrl Pts',(-4.35510106144167,35.8,-8.62618478308158));
#15764=CARTESIAN_POINT('',(-4.55994807571126,35.8,-8.01645307993525));
#15765=CARTESIAN_POINT('',(-4.55994807571126,36.,-8.01645307993525));
#15766=CARTESIAN_POINT('Ctrl Pts',(-4.55994807571126,35.8,-8.01645307993525));
#15767=CARTESIAN_POINT('Ctrl Pts',(-4.64064957136302,35.8,-8.17812542024426));
#15768=CARTESIAN_POINT('Ctrl Pts',(-4.5250642909973,35.8,-8.54134474919126));
#15769=CARTESIAN_POINT('Ctrl Pts',(-4.35510106144167,35.8,-8.62618478308158));
#15770=CARTESIAN_POINT('Origin',(-4.33508749808327,36.,-7.5659814308691));
#15771=CARTESIAN_POINT('',(-4.33508749808327,35.8,-7.5659814308691));
#15772=CARTESIAN_POINT('',(-4.33508749808327,36.,-7.5659814308691));
#15773=CARTESIAN_POINT('',(-4.33508749808327,35.8,-7.5659814308691));
#15774=CARTESIAN_POINT('Ctrl Pts',(-3.72397398006251,36.,-7.36182417297261));
#15775=CARTESIAN_POINT('Ctrl Pts',(-3.72397398006251,35.8,-7.36182417297261));
#15776=CARTESIAN_POINT('Ctrl Pts',(-3.88979176499483,36.,-7.27905340820157));
#15777=CARTESIAN_POINT('Ctrl Pts',(-3.88979176499483,35.8,-7.27905340820157));
#15778=CARTESIAN_POINT('Ctrl Pts',(-4.24886795144677,36.,-7.3932545715646));
#15779=CARTESIAN_POINT('Ctrl Pts',(-4.24886795144677,35.8,-7.3932545715646));
#15780=CARTESIAN_POINT('Ctrl Pts',(-4.33508749808327,36.,-7.5659814308691));
#15781=CARTESIAN_POINT('Ctrl Pts',(-4.33508749808327,35.8,-7.5659814308691));
#15782=CARTESIAN_POINT('',(-3.72397398006251,35.8,-7.36182417297261));
#15783=CARTESIAN_POINT('',(-3.72397398006251,36.,-7.36182417297261));
#15784=CARTESIAN_POINT('Ctrl Pts',(-3.72397398006251,35.8,-7.36182417297261));
#15785=CARTESIAN_POINT('Ctrl Pts',(-3.88979176499483,35.8,-7.27905340820157));
#15786=CARTESIAN_POINT('Ctrl Pts',(-4.24886795144677,35.8,-7.3932545715646));
#15787=CARTESIAN_POINT('Ctrl Pts',(-4.33508749808327,35.8,-7.5659814308691));
#15788=CARTESIAN_POINT('Origin',(-3.62033786447981,36.,-7.41355590095451));
#15789=CARTESIAN_POINT('',(-3.62033786447981,35.8,-7.41355590095451));
#15790=CARTESIAN_POINT('',(-3.62033786447981,36.,-7.41355590095451));
#15791=CARTESIAN_POINT('',(-3.62033786447981,35.8,-7.41355590095451));
#15792=CARTESIAN_POINT('Ctrl Pts',(-3.41618060658331,36.,-8.02466941897527));
#15793=CARTESIAN_POINT('Ctrl Pts',(-3.41618060658331,35.8,-8.02466941897527));
#15794=CARTESIAN_POINT('Ctrl Pts',(-3.33340984181227,36.,-7.85885163404295));
#15795=CARTESIAN_POINT('Ctrl Pts',(-3.33340984181227,35.8,-7.85885163404295));
#15796=CARTESIAN_POINT('Ctrl Pts',(-3.44899282004974,36.,-7.49908569121791));
#15797=CARTESIAN_POINT('Ctrl Pts',(-3.44899282004974,35.8,-7.49908569121791));
#15798=CARTESIAN_POINT('Ctrl Pts',(-3.62033786447981,36.,-7.41355590095451));
#15799=CARTESIAN_POINT('Ctrl Pts',(-3.62033786447981,35.8,-7.41355590095451));
#15800=CARTESIAN_POINT('Ctrl Pts',(-3.41618060658331,35.8,-8.02466941897527));
#15801=CARTESIAN_POINT('Ctrl Pts',(-3.33340984181227,35.8,-7.85885163404295));
#15802=CARTESIAN_POINT('Ctrl Pts',(-3.44899282004974,35.8,-7.49908569121791));
#15803=CARTESIAN_POINT('Ctrl Pts',(-3.62033786447981,35.8,-7.41355590095451));
#15804=CARTESIAN_POINT('Origin',(-3.9875214698896,35.8,-8.01960529483301));
#15805=CARTESIAN_POINT('Origin',(-2.8198608324767,36.,-8.98101027170775));
#15806=CARTESIAN_POINT('',(-2.47708497826781,36.,-9.0853387799753));
#15807=CARTESIAN_POINT('',(-2.8198608324767,36.,-8.98101027170775));
#15808=CARTESIAN_POINT('',(-2.78033819322675,36.,-8.99303952623404));
#15809=CARTESIAN_POINT('',(-2.47708497826781,35.8,-9.0853387799753));
#15810=CARTESIAN_POINT('',(-2.47708497826781,36.,-9.0853387799753));
#15811=CARTESIAN_POINT('',(-2.8198608324767,35.8,-8.98101027170775));
#15812=CARTESIAN_POINT('',(-2.74642549932409,35.8,-9.00336131734842));
#15813=CARTESIAN_POINT('',(-2.8198608324767,36.,-8.98101027170775));
#15814=CARTESIAN_POINT('Ctrl Pts',(-2.91666761049401,36.,-8.92248747229932));
#15815=CARTESIAN_POINT('Ctrl Pts',(-2.91666761049401,35.8,-8.92248747229932));
#15816=CARTESIAN_POINT('Ctrl Pts',(-2.8878250104664,36.,-8.96032444679264));
#15817=CARTESIAN_POINT('Ctrl Pts',(-2.8878250104664,35.8,-8.96032444679264));
#15818=CARTESIAN_POINT('Ctrl Pts',(-2.8198608324767,36.,-8.98101027170775));
#15819=CARTESIAN_POINT('Ctrl Pts',(-2.8198608324767,35.8,-8.98101027170775));
#15820=CARTESIAN_POINT('',(-2.91666761049401,36.,-8.92248747229932));
#15821=CARTESIAN_POINT('Ctrl Pts',(-2.8198608324767,36.,-8.98101027170775));
#15822=CARTESIAN_POINT('Ctrl Pts',(-2.8878250104664,36.,-8.96032444679264));
#15823=CARTESIAN_POINT('Ctrl Pts',(-2.91666761049401,36.,-8.92248747229932));
#15824=CARTESIAN_POINT('',(-2.91666761049401,35.8,-8.92248747229932));
#15825=CARTESIAN_POINT('Ctrl Pts',(-2.8198608324767,35.8,-8.98101027170775));
#15826=CARTESIAN_POINT('Ctrl Pts',(-2.8878250104664,35.8,-8.96032444679264));
#15827=CARTESIAN_POINT('Ctrl Pts',(-2.91666761049401,35.8,-8.92248747229932));
#15828=CARTESIAN_POINT('',(-2.91666761049401,36.,-8.92248747229932));
#15829=CARTESIAN_POINT('Ctrl Pts',(-2.9298343928893,36.,-8.77480265625526));
#15830=CARTESIAN_POINT('Ctrl Pts',(-2.9298343928893,35.8,-8.77480265625526));
#15831=CARTESIAN_POINT('Ctrl Pts',(-2.94017730534686,36.,-8.80878474525011));
#15832=CARTESIAN_POINT('Ctrl Pts',(-2.94017730534686,35.8,-8.80878474525011));
#15833=CARTESIAN_POINT('Ctrl Pts',(-2.93510336354097,36.,-8.87167444388782));
#15834=CARTESIAN_POINT('Ctrl Pts',(-2.93510336354097,35.8,-8.87167444388782));
#15835=CARTESIAN_POINT('Ctrl Pts',(-2.91666761049401,36.,-8.92248747229932));
#15836=CARTESIAN_POINT('Ctrl Pts',(-2.91666761049401,35.8,-8.92248747229932));
#15837=CARTESIAN_POINT('',(-2.9298343928893,36.,-8.77480265625526));
#15838=CARTESIAN_POINT('Ctrl Pts',(-2.91666761049401,36.,-8.92248747229932));
#15839=CARTESIAN_POINT('Ctrl Pts',(-2.93510336354097,36.,-8.87167444388782));
#15840=CARTESIAN_POINT('Ctrl Pts',(-2.94017730534686,36.,-8.80878474525011));
#15841=CARTESIAN_POINT('Ctrl Pts',(-2.9298343928893,36.,-8.77480265625526));
#15842=CARTESIAN_POINT('',(-2.9298343928893,35.8,-8.77480265625526));
#15843=CARTESIAN_POINT('Ctrl Pts',(-2.91666761049401,35.8,-8.92248747229932));
#15844=CARTESIAN_POINT('Ctrl Pts',(-2.93510336354097,35.8,-8.87167444388782));
#15845=CARTESIAN_POINT('Ctrl Pts',(-2.94017730534686,35.8,-8.80878474525011));
#15846=CARTESIAN_POINT('Ctrl Pts',(-2.9298343928893,35.8,-8.77480265625526));
#15847=CARTESIAN_POINT('',(-2.9298343928893,36.,-8.77480265625526));
#15848=CARTESIAN_POINT('Origin',(-2.76075025880052,36.,-8.21926937529602));
#15849=CARTESIAN_POINT('',(-2.76075025880052,36.,-8.21926937529602));
#15850=CARTESIAN_POINT('',(-1.49894306261648,36.,-4.07354691936175));
#15851=CARTESIAN_POINT('',(-2.76075025880052,35.8,-8.21926937529602));
#15852=CARTESIAN_POINT('',(-2.75027619304222,35.8,-8.18485637642391));
#15853=CARTESIAN_POINT('',(-2.76075025880052,36.,-8.21926937529602));
#15854=CARTESIAN_POINT('Ctrl Pts',(-2.68179952275367,36.,-8.11899400664922));
#15855=CARTESIAN_POINT('Ctrl Pts',(-2.68179952275367,35.8,-8.11899400664922));
#15856=CARTESIAN_POINT('Ctrl Pts',(-2.73961474203942,36.,-8.14982771517612));
#15857=CARTESIAN_POINT('Ctrl Pts',(-2.73961474203942,35.8,-8.14982771517612));
#15858=CARTESIAN_POINT('Ctrl Pts',(-2.76075025880052,36.,-8.21926937529602));
#15859=CARTESIAN_POINT('Ctrl Pts',(-2.76075025880052,35.8,-8.21926937529602));
#15860=CARTESIAN_POINT('',(-2.68179952275367,36.,-8.11899400664922));
#15861=CARTESIAN_POINT('Ctrl Pts',(-2.76075025880052,36.,-8.21926937529602));
#15862=CARTESIAN_POINT('Ctrl Pts',(-2.73961474203942,36.,-8.14982771517612));
#15863=CARTESIAN_POINT('Ctrl Pts',(-2.68179952275367,36.,-8.11899400664922));
#15864=CARTESIAN_POINT('',(-2.68179952275367,35.8,-8.11899400664922));
#15865=CARTESIAN_POINT('Ctrl Pts',(-2.76075025880052,35.8,-8.21926937529602));
#15866=CARTESIAN_POINT('Ctrl Pts',(-2.73961474203942,35.8,-8.14982771517612));
#15867=CARTESIAN_POINT('Ctrl Pts',(-2.68179952275367,35.8,-8.11899400664922));
#15868=CARTESIAN_POINT('',(-2.68179952275367,36.,-8.11899400664922));
#15869=CARTESIAN_POINT('Ctrl Pts',(-2.61929504389275,36.,-8.09927365013349));
#15870=CARTESIAN_POINT('Ctrl Pts',(-2.61929504389275,35.8,-8.09927365013349));
#15871=CARTESIAN_POINT('Ctrl Pts',(-2.65186412282657,36.,-8.10550432636197));
#15872=CARTESIAN_POINT('Ctrl Pts',(-2.65186412282657,35.8,-8.10550432636197));
#15873=CARTESIAN_POINT('Ctrl Pts',(-2.68179952275367,36.,-8.11899400664922));
#15874=CARTESIAN_POINT('Ctrl Pts',(-2.68179952275367,35.8,-8.11899400664922));
#15875=CARTESIAN_POINT('',(-2.61929504389275,36.,-8.09927365013349));
#15876=CARTESIAN_POINT('Ctrl Pts',(-2.68179952275367,36.,-8.11899400664922));
#15877=CARTESIAN_POINT('Ctrl Pts',(-2.65186412282657,36.,-8.10550432636197));
#15878=CARTESIAN_POINT('Ctrl Pts',(-2.61929504389275,36.,-8.09927365013349));
#15879=CARTESIAN_POINT('',(-2.61929504389275,35.8,-8.09927365013349));
#15880=CARTESIAN_POINT('Ctrl Pts',(-2.68179952275367,35.8,-8.11899400664922));
#15881=CARTESIAN_POINT('Ctrl Pts',(-2.65186412282657,35.8,-8.10550432636197));
#15882=CARTESIAN_POINT('Ctrl Pts',(-2.61929504389275,35.8,-8.09927365013349));
#15883=CARTESIAN_POINT('',(-2.61929504389275,36.,-8.09927365013349));
#15884=CARTESIAN_POINT('Ctrl Pts',(-2.55409295150204,36.,-8.10781833275321));
#15885=CARTESIAN_POINT('Ctrl Pts',(-2.55409295150204,35.8,-8.10781833275321));
#15886=CARTESIAN_POINT('Ctrl Pts',(-2.58364259410625,36.,-8.0988244958336));
#15887=CARTESIAN_POINT('Ctrl Pts',(-2.58364259410625,35.8,-8.0988244958336));
#15888=CARTESIAN_POINT('Ctrl Pts',(-2.61929504389275,36.,-8.09927365013349));
#15889=CARTESIAN_POINT('Ctrl Pts',(-2.61929504389275,35.8,-8.09927365013349));
#15890=CARTESIAN_POINT('',(-2.55409295150204,36.,-8.10781833275322));
#15891=CARTESIAN_POINT('Ctrl Pts',(-2.61929504389275,36.,-8.09927365013349));
#15892=CARTESIAN_POINT('Ctrl Pts',(-2.58364259410625,36.,-8.0988244958336));
#15893=CARTESIAN_POINT('Ctrl Pts',(-2.55409295150204,36.,-8.10781833275321));
#15894=CARTESIAN_POINT('',(-2.55409295150204,35.8,-8.10781833275322));
#15895=CARTESIAN_POINT('Ctrl Pts',(-2.61929504389275,35.8,-8.09927365013349));
#15896=CARTESIAN_POINT('Ctrl Pts',(-2.58364259410625,35.8,-8.0988244958336));
#15897=CARTESIAN_POINT('Ctrl Pts',(-2.55409295150204,35.8,-8.10781833275321));
#15898=CARTESIAN_POINT('',(-2.55409295150204,36.,-8.10781833275322));
#15899=CARTESIAN_POINT('Origin',(-2.21131709729315,36.,-8.21214684102076));
#15900=CARTESIAN_POINT('',(-2.21131709729315,36.,-8.21214684102076));
#15901=CARTESIAN_POINT('',(-2.34318238514764,36.,-8.17201184141328));
#15902=CARTESIAN_POINT('',(-2.21131709729315,35.8,-8.21214684102076));
#15903=CARTESIAN_POINT('',(-2.30926969124499,35.8,-8.18233363252766));
#15904=CARTESIAN_POINT('',(-2.21131709729315,36.,-8.21214684102076));
#15905=CARTESIAN_POINT('Origin',(-2.47708497826781,36.,-9.0853387799753));
#15906=CARTESIAN_POINT('',(-1.10667720127941,36.,-4.58280438959514));
#15907=CARTESIAN_POINT('',(-2.35801033170515,35.8,-8.6941138466573));
#15908=CARTESIAN_POINT('Origin',(-2.09079968257029,36.,-7.81618163012429));
#15909=CARTESIAN_POINT('',(-2.09079968257029,35.8,-7.81618163012429));
#15910=CARTESIAN_POINT('',(-2.09079968257029,36.,-7.81618163012429));
#15911=CARTESIAN_POINT('',(-2.13846701824426,35.8,-7.97279473592662));
#15912=CARTESIAN_POINT('',(-2.09079968257029,35.8,-7.81618163012429));
#15913=CARTESIAN_POINT('',(-2.13846701824426,36.,-7.97279473592662));
#15914=CARTESIAN_POINT('Ctrl Pts',(-2.20032355113691,36.,-7.60849653254158));
#15915=CARTESIAN_POINT('Ctrl Pts',(-2.20032355113691,35.8,-7.60849653254158));
#15916=CARTESIAN_POINT('Ctrl Pts',(-2.13235937314722,36.,-7.6291823574567));
#15917=CARTESIAN_POINT('Ctrl Pts',(-2.13235937314722,35.8,-7.6291823574567));
#15918=CARTESIAN_POINT('Ctrl Pts',(-2.06921447396321,36.,-7.74526248787417));
#15919=CARTESIAN_POINT('Ctrl Pts',(-2.06921447396321,35.8,-7.74526248787417));
#15920=CARTESIAN_POINT('Ctrl Pts',(-2.09079968257029,36.,-7.81618163012429));
#15921=CARTESIAN_POINT('Ctrl Pts',(-2.09079968257029,35.8,-7.81618163012429));
#15922=CARTESIAN_POINT('',(-2.20032355113691,35.8,-7.60849653254158));
#15923=CARTESIAN_POINT('',(-2.20032355113691,36.,-7.60849653254158));
#15924=CARTESIAN_POINT('Ctrl Pts',(-2.20032355113691,35.8,-7.60849653254158));
#15925=CARTESIAN_POINT('Ctrl Pts',(-2.13235937314722,35.8,-7.6291823574567));
#15926=CARTESIAN_POINT('Ctrl Pts',(-2.06921447396321,35.8,-7.74526248787417));
#15927=CARTESIAN_POINT('Ctrl Pts',(-2.09079968257029,35.8,-7.81618163012429));
#15928=CARTESIAN_POINT('Origin',(-2.5711715658198,36.,-7.4956238792004));
#15929=CARTESIAN_POINT('',(-2.5711715658198,35.8,-7.4956238792004));
#15930=CARTESIAN_POINT('',(-2.5711715658198,36.,-7.4956238792004));
#15931=CARTESIAN_POINT('',(-2.5711715658198,35.8,-7.4956238792004));
#15932=CARTESIAN_POINT('Ctrl Pts',(-2.65487227068841,36.,-7.34100026925909));
#15933=CARTESIAN_POINT('Ctrl Pts',(-2.65487227068841,35.8,-7.34100026925909));
#15934=CARTESIAN_POINT('Ctrl Pts',(-2.66881271791381,36.,-7.38680221529562));
#15935=CARTESIAN_POINT('Ctrl Pts',(-2.66881271791381,35.8,-7.38680221529562));
#15936=CARTESIAN_POINT('Ctrl Pts',(-2.63027085102823,36.,-7.47763620536116));
#15937=CARTESIAN_POINT('Ctrl Pts',(-2.63027085102823,35.8,-7.47763620536116));
#15938=CARTESIAN_POINT('Ctrl Pts',(-2.5711715658198,36.,-7.4956238792004));
#15939=CARTESIAN_POINT('Ctrl Pts',(-2.5711715658198,35.8,-7.4956238792004));
#15940=CARTESIAN_POINT('',(-2.65487227068841,35.8,-7.34100026925909));
#15941=CARTESIAN_POINT('',(-2.65487227068841,36.,-7.34100026925909));
#15942=CARTESIAN_POINT('Ctrl Pts',(-2.65487227068841,35.8,-7.34100026925909));
#15943=CARTESIAN_POINT('Ctrl Pts',(-2.66881271791381,35.8,-7.38680221529562));
#15944=CARTESIAN_POINT('Ctrl Pts',(-2.63027085102823,35.8,-7.47763620536116));
#15945=CARTESIAN_POINT('Ctrl Pts',(-2.5711715658198,35.8,-7.4956238792004));
#15946=CARTESIAN_POINT('Ctrl Pts',(-2.59628553675688,36.,-7.26519952631845));
#15947=CARTESIAN_POINT('Ctrl Pts',(-2.59628553675688,35.8,-7.26519952631845));
#15948=CARTESIAN_POINT('Ctrl Pts',(-2.64003243977104,36.,-7.29224335896214));
#15949=CARTESIAN_POINT('Ctrl Pts',(-2.64003243977104,35.8,-7.29224335896214));
#15950=CARTESIAN_POINT('Ctrl Pts',(-2.65487227068841,36.,-7.34100026925909));
#15951=CARTESIAN_POINT('Ctrl Pts',(-2.65487227068841,35.8,-7.34100026925909));
#15952=CARTESIAN_POINT('',(-2.59628553675688,35.8,-7.26519952631845));
#15953=CARTESIAN_POINT('',(-2.59628553675688,36.,-7.26519952631845));
#15954=CARTESIAN_POINT('Ctrl Pts',(-2.59628553675688,35.8,-7.26519952631845));
#15955=CARTESIAN_POINT('Ctrl Pts',(-2.64003243977104,35.8,-7.29224335896214));
#15956=CARTESIAN_POINT('Ctrl Pts',(-2.65487227068841,35.8,-7.34100026925909));
#15957=CARTESIAN_POINT('Ctrl Pts',(-2.49832148677091,36.,-7.25627177410626));
#15958=CARTESIAN_POINT('Ctrl Pts',(-2.49832148677091,35.8,-7.25627177410626));
#15959=CARTESIAN_POINT('Ctrl Pts',(-2.54264595067723,36.,-7.24278101872683));
#15960=CARTESIAN_POINT('Ctrl Pts',(-2.54264595067723,35.8,-7.24278101872683));
#15961=CARTESIAN_POINT('Ctrl Pts',(-2.59628553675688,36.,-7.26519952631845));
#15962=CARTESIAN_POINT('Ctrl Pts',(-2.59628553675688,35.8,-7.26519952631845));
#15963=CARTESIAN_POINT('',(-2.49832148677091,35.8,-7.25627177410626));
#15964=CARTESIAN_POINT('',(-2.49832148677091,36.,-7.25627177410626));
#15965=CARTESIAN_POINT('Ctrl Pts',(-2.49832148677091,35.8,-7.25627177410626));
#15966=CARTESIAN_POINT('Ctrl Pts',(-2.54264595067723,35.8,-7.24278101872683));
#15967=CARTESIAN_POINT('Ctrl Pts',(-2.59628553675688,35.8,-7.26519952631845));
#15968=CARTESIAN_POINT('Origin',(-2.12747347208802,36.,-7.36914442744744));
#15969=CARTESIAN_POINT('',(-2.12747347208802,35.8,-7.36914442744744));
#15970=CARTESIAN_POINT('',(-2.12747347208802,36.,-7.36914442744744));
#15971=CARTESIAN_POINT('',(-2.12747347208802,35.8,-7.36914442744744));
#15972=CARTESIAN_POINT('Ctrl Pts',(-1.84997009534594,36.,-7.88948140101916));
#15973=CARTESIAN_POINT('Ctrl Pts',(-1.84997009534594,35.8,-7.88948140101916));
#15974=CARTESIAN_POINT('Ctrl Pts',(-1.80050399228805,36.,-7.72695836669598));
#15975=CARTESIAN_POINT('Ctrl Pts',(-1.80050399228805,35.8,-7.72695836669598));
#15976=CARTESIAN_POINT('Ctrl Pts',(-1.96051799137421,36.,-7.41995960604328));
#15977=CARTESIAN_POINT('Ctrl Pts',(-1.96051799137421,35.8,-7.41995960604328));
#15978=CARTESIAN_POINT('Ctrl Pts',(-2.12747347208802,36.,-7.36914442744744));
#15979=CARTESIAN_POINT('Ctrl Pts',(-2.12747347208802,35.8,-7.36914442744744));
#15980=CARTESIAN_POINT('',(-1.84997009534594,35.8,-7.88948140101916));
#15981=CARTESIAN_POINT('',(-1.84997009534594,36.,-7.88948140101916));
#15982=CARTESIAN_POINT('Ctrl Pts',(-1.84997009534594,35.8,-7.88948140101916));
#15983=CARTESIAN_POINT('Ctrl Pts',(-1.80050399228805,35.8,-7.72695836669598));
#15984=CARTESIAN_POINT('Ctrl Pts',(-1.96051799137421,35.8,-7.41995960604328));
#15985=CARTESIAN_POINT('Ctrl Pts',(-2.12747347208802,35.8,-7.36914442744744));
#15986=CARTESIAN_POINT('Origin',(-2.27268043056791,36.,-9.27831460341725));
#15987=CARTESIAN_POINT('',(-2.27268043056791,35.8,-9.27831460341725));
#15988=CARTESIAN_POINT('',(-2.27268043056791,36.,-9.27831460341725));
#15989=CARTESIAN_POINT('',(-2.27268043056791,35.8,-9.27831460341725));
#15990=CARTESIAN_POINT('Ctrl Pts',(-2.43025900476964,36.,-9.36111592459389));
#15991=CARTESIAN_POINT('Ctrl Pts',(-2.43025900476964,35.8,-9.36111592459389));
#15992=CARTESIAN_POINT('Ctrl Pts',(-2.30910547009236,36.,-9.39799065596431));
#15993=CARTESIAN_POINT('Ctrl Pts',(-2.30910547009236,35.8,-9.39799065596431));
#15994=CARTESIAN_POINT('Ctrl Pts',(-2.27268043056791,36.,-9.27831460341725));
#15995=CARTESIAN_POINT('Ctrl Pts',(-2.27268043056791,35.8,-9.27831460341725));
#15996=CARTESIAN_POINT('',(-2.43025900476964,35.8,-9.36111592459389));
#15997=CARTESIAN_POINT('',(-2.43025900476964,36.,-9.36111592459389));
#15998=CARTESIAN_POINT('Ctrl Pts',(-2.43025900476964,35.8,-9.36111592459389));
#15999=CARTESIAN_POINT('Ctrl Pts',(-2.30910547009236,35.8,-9.39799065596431));
#16000=CARTESIAN_POINT('Ctrl Pts',(-2.27268043056791,35.8,-9.27831460341725));
#16001=CARTESIAN_POINT('Origin',(-2.8927109115256,36.,-9.22036237680189));
#16002=CARTESIAN_POINT('',(-2.8927109115256,35.8,-9.22036237680189));
#16003=CARTESIAN_POINT('',(-2.8927109115256,36.,-9.22036237680189));
#16004=CARTESIAN_POINT('',(-2.8927109115256,35.8,-9.22036237680189));
#16005=CARTESIAN_POINT('Ctrl Pts',(-3.17066398011365,36.,-8.70150288536039));
#16006=CARTESIAN_POINT('Ctrl Pts',(-3.17066398011365,35.8,-8.70150288536039));
#16007=CARTESIAN_POINT('Ctrl Pts',(-3.22057977501752,36.,-8.86550340181378));
#16008=CARTESIAN_POINT('Ctrl Pts',(-3.22057977501752,35.8,-8.86550340181378));
#16009=CARTESIAN_POINT('Ctrl Pts',(-3.0581889101092,36.,-9.16999689005204));
#16010=CARTESIAN_POINT('Ctrl Pts',(-3.0581889101092,35.8,-9.16999689005204));
#16011=CARTESIAN_POINT('Ctrl Pts',(-2.8927109115256,36.,-9.22036237680189));
#16012=CARTESIAN_POINT('Ctrl Pts',(-2.8927109115256,35.8,-9.22036237680189));
#16013=CARTESIAN_POINT('',(-3.17066398011365,35.8,-8.70150288536039));
#16014=CARTESIAN_POINT('',(-3.17066398011365,36.,-8.70150288536039));
#16015=CARTESIAN_POINT('Ctrl Pts',(-3.17066398011365,35.8,-8.70150288536039));
#16016=CARTESIAN_POINT('Ctrl Pts',(-3.22057977501752,35.8,-8.86550340181378));
#16017=CARTESIAN_POINT('Ctrl Pts',(-3.0581889101092,35.8,-9.16999689005204));
#16018=CARTESIAN_POINT('Ctrl Pts',(-2.8927109115256,35.8,-9.22036237680189));
#16019=CARTESIAN_POINT('Origin',(-3.00157984602486,36.,-8.14596960440115));
#16020=CARTESIAN_POINT('',(-3.00157984602486,35.8,-8.14596960440115));
#16021=CARTESIAN_POINT('',(-3.00157984602486,36.,-8.14596960440115));
#16022=CARTESIAN_POINT('',(-3.00157984602486,35.8,-8.14596960440115));
#16023=CARTESIAN_POINT('Ctrl Pts',(-2.48124287245315,36.,-7.86846622765908));
#16024=CARTESIAN_POINT('Ctrl Pts',(-2.48124287245315,35.8,-7.86846622765908));
#16025=CARTESIAN_POINT('Ctrl Pts',(-2.64228842464612,36.,-7.81944981644717));
#16026=CARTESIAN_POINT('Ctrl Pts',(-2.64228842464612,35.8,-7.81944981644717));
#16027=CARTESIAN_POINT('Ctrl Pts',(-2.95031497558305,36.,-7.97753664155713));
#16028=CARTESIAN_POINT('Ctrl Pts',(-2.95031497558305,35.8,-7.97753664155713));
#16029=CARTESIAN_POINT('Ctrl Pts',(-3.00157984602486,36.,-8.14596960440115));
#16030=CARTESIAN_POINT('Ctrl Pts',(-3.00157984602486,35.8,-8.14596960440115));
#16031=CARTESIAN_POINT('',(-2.48124287245315,35.8,-7.86846622765908));
#16032=CARTESIAN_POINT('',(-2.48124287245315,36.,-7.86846622765908));
#16033=CARTESIAN_POINT('Ctrl Pts',(-2.48124287245315,35.8,-7.86846622765908));
#16034=CARTESIAN_POINT('Ctrl Pts',(-2.64228842464612,35.8,-7.81944981644717));
#16035=CARTESIAN_POINT('Ctrl Pts',(-2.95031497558305,35.8,-7.97753664155713));
#16036=CARTESIAN_POINT('Ctrl Pts',(-3.00157984602486,35.8,-8.14596960440115));
#16037=CARTESIAN_POINT('Origin',(-2.13846701824426,36.,-7.97279473592662));
#16038=CARTESIAN_POINT('',(-2.13846701824426,35.8,-7.97279473592662));
#16039=CARTESIAN_POINT('Origin',(-2.43484087304615,35.8,-8.24326249635308));
#16040=CARTESIAN_POINT('Origin',(-1.5217400097696,36.,-9.41701090205988));
#16041=CARTESIAN_POINT('',(-1.5217400097696,35.8,-9.41701090205988));
#16042=CARTESIAN_POINT('',(-1.5217400097696,36.,-9.41701090205988));
#16043=CARTESIAN_POINT('',(-1.31876404054382,35.8,-8.27349551583528));
#16044=CARTESIAN_POINT('',(-1.5217400097696,35.8,-9.41701090205988));
#16045=CARTESIAN_POINT('',(-1.31876404054382,36.,-8.27349551583528));
#16046=CARTESIAN_POINT('Ctrl Pts',(-1.66677431800295,36.,-9.51831900415683));
#16047=CARTESIAN_POINT('Ctrl Pts',(-1.66677431800295,35.8,-9.51831900415683));
#16048=CARTESIAN_POINT('Ctrl Pts',(-1.62115535312697,36.,-9.52641644973765));
#16049=CARTESIAN_POINT('Ctrl Pts',(-1.62115535312697,35.8,-9.52641644973765));
#16050=CARTESIAN_POINT('Ctrl Pts',(-1.53253660387735,36.,-9.47783618856119));
#16051=CARTESIAN_POINT('Ctrl Pts',(-1.53253660387735,35.8,-9.47783618856119));
#16052=CARTESIAN_POINT('Ctrl Pts',(-1.5217400097696,36.,-9.41701090205988));
#16053=CARTESIAN_POINT('Ctrl Pts',(-1.5217400097696,35.8,-9.41701090205988));
#16054=CARTESIAN_POINT('',(-1.66677431800295,35.8,-9.51831900415683));
#16055=CARTESIAN_POINT('',(-1.66677431800295,36.,-9.51831900415683));
#16056=CARTESIAN_POINT('Ctrl Pts',(-1.66677431800295,35.8,-9.51831900415683));
#16057=CARTESIAN_POINT('Ctrl Pts',(-1.62115535312697,35.8,-9.52641644973765));
#16058=CARTESIAN_POINT('Ctrl Pts',(-1.53253660387735,35.8,-9.47783618856119));
#16059=CARTESIAN_POINT('Ctrl Pts',(-1.5217400097696,35.8,-9.41701090205988));
#16060=CARTESIAN_POINT('Ctrl Pts',(-1.75028357398042,36.,-9.46741948810964));
#16061=CARTESIAN_POINT('Ctrl Pts',(-1.75028357398042,35.8,-9.46741948810964));
#16062=CARTESIAN_POINT('Ctrl Pts',(-1.71695517936653,36.,-9.50941181401793));
#16063=CARTESIAN_POINT('Ctrl Pts',(-1.71695517936653,35.8,-9.50941181401793));
#16064=CARTESIAN_POINT('Ctrl Pts',(-1.66677431800295,36.,-9.51831900415683));
#16065=CARTESIAN_POINT('Ctrl Pts',(-1.66677431800295,35.8,-9.51831900415683));
#16066=CARTESIAN_POINT('',(-1.75028357398042,35.8,-9.46741948810964));
#16067=CARTESIAN_POINT('',(-1.75028357398042,36.,-9.46741948810964));
#16068=CARTESIAN_POINT('Ctrl Pts',(-1.75028357398042,35.8,-9.46741948810964));
#16069=CARTESIAN_POINT('Ctrl Pts',(-1.71695517936653,35.8,-9.50941181401793));
#16070=CARTESIAN_POINT('Ctrl Pts',(-1.66677431800295,35.8,-9.51831900415683));
#16071=CARTESIAN_POINT('Ctrl Pts',(-1.76960305226243,36.,-9.37301478107079));
#16072=CARTESIAN_POINT('Ctrl Pts',(-1.76960305226243,35.8,-9.37301478107079));
#16073=CARTESIAN_POINT('Ctrl Pts',(-1.77824032754863,36.,-9.42167501027183));
#16074=CARTESIAN_POINT('Ctrl Pts',(-1.77824032754863,35.8,-9.42167501027183));
#16075=CARTESIAN_POINT('Ctrl Pts',(-1.75028357398042,36.,-9.46741948810964));
#16076=CARTESIAN_POINT('Ctrl Pts',(-1.75028357398042,35.8,-9.46741948810964));
#16077=CARTESIAN_POINT('',(-1.76960305226243,35.8,-9.37301478107079));
#16078=CARTESIAN_POINT('',(-1.76960305226243,36.,-9.37301478107079));
#16079=CARTESIAN_POINT('Ctrl Pts',(-1.76960305226243,35.8,-9.37301478107079));
#16080=CARTESIAN_POINT('Ctrl Pts',(-1.77824032754863,35.8,-9.42167501027183));
#16081=CARTESIAN_POINT('Ctrl Pts',(-1.75028357398042,35.8,-9.46741948810964));
#16082=CARTESIAN_POINT('Origin',(-1.56662708303665,36.,-8.22949939484618));
#16083=CARTESIAN_POINT('',(-1.56662708303665,35.8,-8.22949939484618));
#16084=CARTESIAN_POINT('',(-1.56662708303665,36.,-8.22949939484618));
#16085=CARTESIAN_POINT('',(-1.56662708303665,35.8,-8.22949939484618));
#16086=CARTESIAN_POINT('Ctrl Pts',(-1.41980222778807,36.,-8.1269405754394));
#16087=CARTESIAN_POINT('Ctrl Pts',(-1.41980222778807,35.8,-8.1269405754394));
#16088=CARTESIAN_POINT('Ctrl Pts',(-1.46998308915165,36.,-8.1180333853005));
#16089=CARTESIAN_POINT('Ctrl Pts',(-1.46998308915165,35.8,-8.1180333853005));
#16090=CARTESIAN_POINT('Ctrl Pts',(-1.5555605740762,36.,-8.16715347618234));
#16091=CARTESIAN_POINT('Ctrl Pts',(-1.5555605740762,35.8,-8.16715347618234));
#16092=CARTESIAN_POINT('Ctrl Pts',(-1.56662708303665,36.,-8.22949939484618));
#16093=CARTESIAN_POINT('Ctrl Pts',(-1.56662708303665,35.8,-8.22949939484618));
#16094=CARTESIAN_POINT('',(-1.41980222778807,35.8,-8.1269405754394));
#16095=CARTESIAN_POINT('',(-1.41980222778807,36.,-8.1269405754394));
#16096=CARTESIAN_POINT('Ctrl Pts',(-1.41980222778807,35.8,-8.1269405754394));
#16097=CARTESIAN_POINT('Ctrl Pts',(-1.46998308915165,35.8,-8.1180333853005));
#16098=CARTESIAN_POINT('Ctrl Pts',(-1.5555605740762,35.8,-8.16715347618234));
#16099=CARTESIAN_POINT('Ctrl Pts',(-1.56662708303665,35.8,-8.22949939484618));
#16100=CARTESIAN_POINT('Ctrl Pts',(-1.3362929718106,36.,-8.17784009148659));
#16101=CARTESIAN_POINT('Ctrl Pts',(-1.3362929718106,35.8,-8.17784009148659));
#16102=CARTESIAN_POINT('Ctrl Pts',(-1.36810073426196,36.,-8.13611768043099));
#16103=CARTESIAN_POINT('Ctrl Pts',(-1.36810073426196,35.8,-8.13611768043099));
#16104=CARTESIAN_POINT('Ctrl Pts',(-1.41980222778807,36.,-8.1269405754394));
#16105=CARTESIAN_POINT('Ctrl Pts',(-1.41980222778807,35.8,-8.1269405754394));
#16106=CARTESIAN_POINT('',(-1.3362929718106,35.8,-8.17784009148659));
#16107=CARTESIAN_POINT('',(-1.3362929718106,36.,-8.17784009148659));
#16108=CARTESIAN_POINT('Ctrl Pts',(-1.3362929718106,35.8,-8.17784009148659));
#16109=CARTESIAN_POINT('Ctrl Pts',(-1.36810073426196,35.8,-8.13611768043099));
#16110=CARTESIAN_POINT('Ctrl Pts',(-1.41980222778807,35.8,-8.1269405754394));
#16111=CARTESIAN_POINT('Ctrl Pts',(-1.31876404054382,36.,-8.27349551583528));
#16112=CARTESIAN_POINT('Ctrl Pts',(-1.31876404054382,35.8,-8.27349551583528));
#16113=CARTESIAN_POINT('Ctrl Pts',(-1.30850727614145,36.,-8.21571149365904));
#16114=CARTESIAN_POINT('Ctrl Pts',(-1.30850727614145,35.8,-8.21571149365904));
#16115=CARTESIAN_POINT('Ctrl Pts',(-1.3362929718106,36.,-8.17784009148659));
#16116=CARTESIAN_POINT('Ctrl Pts',(-1.3362929718106,35.8,-8.17784009148659));
#16117=CARTESIAN_POINT('Ctrl Pts',(-1.31876404054382,35.8,-8.27349551583528));
#16118=CARTESIAN_POINT('Ctrl Pts',(-1.30850727614145,35.8,-8.21571149365904));
#16119=CARTESIAN_POINT('Ctrl Pts',(-1.3362929718106,35.8,-8.17784009148659));
#16120=CARTESIAN_POINT('Origin',(-1.54395224735746,35.8,-8.8222265263747));
#16121=CARTESIAN_POINT('Ctrl Pts',(-0.925459030752199,36.,-8.23396083196157));
#16122=CARTESIAN_POINT('Ctrl Pts',(-0.925459030752199,35.8,-8.23396083196157));
#16123=CARTESIAN_POINT('Ctrl Pts',(-0.965103266378537,36.,-8.2717614436366));
#16124=CARTESIAN_POINT('Ctrl Pts',(-0.965103266378537,35.8,-8.2717614436366));
#16125=CARTESIAN_POINT('Ctrl Pts',(-0.970215642680867,36.,-8.3209171558053));
#16126=CARTESIAN_POINT('Ctrl Pts',(-0.970215642680867,35.8,-8.3209171558053));
#16127=CARTESIAN_POINT('',(-0.925459030752199,35.8,-8.23396083196157));
#16128=CARTESIAN_POINT('',(-0.925459030752199,36.,-8.23396083196157));
#16129=CARTESIAN_POINT('',(-0.970215642680867,35.8,-8.3209171558053));
#16130=CARTESIAN_POINT('Ctrl Pts',(-0.925459030752199,35.8,-8.23396083196157));
#16131=CARTESIAN_POINT('Ctrl Pts',(-0.965103266378537,35.8,-8.2717614436366));
#16132=CARTESIAN_POINT('Ctrl Pts',(-0.970215642680867,35.8,-8.3209171558053));
#16133=CARTESIAN_POINT('',(-0.970215642680867,36.,-8.3209171558053));
#16134=CARTESIAN_POINT('Ctrl Pts',(-0.831153665973871,36.,-8.20805610764774));
#16135=CARTESIAN_POINT('Ctrl Pts',(-0.831153665973871,35.8,-8.20805610764774));
#16136=CARTESIAN_POINT('Ctrl Pts',(-0.886453842163651,36.,-8.20230468430762));
#16137=CARTESIAN_POINT('Ctrl Pts',(-0.886453842163651,35.8,-8.20230468430762));
#16138=CARTESIAN_POINT('Ctrl Pts',(-0.925459030752199,36.,-8.23396083196157));
#16139=CARTESIAN_POINT('Ctrl Pts',(-0.925459030752199,35.8,-8.23396083196157));
#16140=CARTESIAN_POINT('',(-0.831153665973871,35.8,-8.20805610764774));
#16141=CARTESIAN_POINT('',(-0.831153665973871,36.,-8.20805610764774));
#16142=CARTESIAN_POINT('Ctrl Pts',(-0.831153665973871,35.8,-8.20805610764774));
#16143=CARTESIAN_POINT('Ctrl Pts',(-0.886453842163651,35.8,-8.20230468430762));
#16144=CARTESIAN_POINT('Ctrl Pts',(-0.925459030752199,35.8,-8.23396083196157));
#16145=CARTESIAN_POINT('Ctrl Pts',(-0.719828733821584,36.,-8.34695832259529));
#16146=CARTESIAN_POINT('Ctrl Pts',(-0.719828733821584,35.8,-8.34695832259529));
#16147=CARTESIAN_POINT('Ctrl Pts',(-0.71503588103815,36.,-8.30087484243714));
#16148=CARTESIAN_POINT('Ctrl Pts',(-0.71503588103815,35.8,-8.30087484243714));
#16149=CARTESIAN_POINT('Ctrl Pts',(-0.778925721794634,36.,-8.21348800746897));
#16150=CARTESIAN_POINT('Ctrl Pts',(-0.778925721794634,35.8,-8.21348800746897));
#16151=CARTESIAN_POINT('Ctrl Pts',(-0.831153665973871,36.,-8.20805610764774));
#16152=CARTESIAN_POINT('Ctrl Pts',(-0.831153665973871,35.8,-8.20805610764774));
#16153=CARTESIAN_POINT('',(-0.719828733821584,35.8,-8.34695832259529));
#16154=CARTESIAN_POINT('',(-0.719828733821584,36.,-8.34695832259529));
#16155=CARTESIAN_POINT('Ctrl Pts',(-0.719828733821584,35.8,-8.34695832259529));
#16156=CARTESIAN_POINT('Ctrl Pts',(-0.71503588103815,35.8,-8.30087484243714));
#16157=CARTESIAN_POINT('Ctrl Pts',(-0.778925721794634,35.8,-8.21348800746897));
#16158=CARTESIAN_POINT('Ctrl Pts',(-0.831153665973871,35.8,-8.20805610764774));
#16159=CARTESIAN_POINT('Ctrl Pts',(-0.857035071004413,36.,-8.45690690050175));
#16160=CARTESIAN_POINT('Ctrl Pts',(-0.857035071004413,35.8,-8.45690690050175));
#16161=CARTESIAN_POINT('Ctrl Pts',(-0.815559938862078,36.,-8.46122046800684));
#16162=CARTESIAN_POINT('Ctrl Pts',(-0.815559938862078,35.8,-8.46122046800684));
#16163=CARTESIAN_POINT('Ctrl Pts',(-0.725100871883361,36.,-8.39765015076926));
#16164=CARTESIAN_POINT('Ctrl Pts',(-0.725100871883361,35.8,-8.39765015076926));
#16165=CARTESIAN_POINT('Ctrl Pts',(-0.719828733821584,36.,-8.34695832259529));
#16166=CARTESIAN_POINT('Ctrl Pts',(-0.719828733821584,35.8,-8.34695832259529));
#16167=CARTESIAN_POINT('',(-0.857035071004413,35.8,-8.45690690050175));
#16168=CARTESIAN_POINT('',(-0.857035071004413,36.,-8.45690690050175));
#16169=CARTESIAN_POINT('Ctrl Pts',(-0.857035071004413,35.8,-8.45690690050175));
#16170=CARTESIAN_POINT('Ctrl Pts',(-0.815559938862078,35.8,-8.46122046800684));
#16171=CARTESIAN_POINT('Ctrl Pts',(-0.725100871883361,35.8,-8.39765015076926));
#16172=CARTESIAN_POINT('Ctrl Pts',(-0.719828733821584,35.8,-8.34695832259529));
#16173=CARTESIAN_POINT('Ctrl Pts',(-0.970215642680867,36.,-8.3209171558053));
#16174=CARTESIAN_POINT('Ctrl Pts',(-0.970215642680867,35.8,-8.3209171558053));
#16175=CARTESIAN_POINT('Ctrl Pts',(-0.975487780742644,36.,-8.37160898397926));
#16176=CARTESIAN_POINT('Ctrl Pts',(-0.975487780742644,35.8,-8.37160898397926));
#16177=CARTESIAN_POINT('Ctrl Pts',(-0.910799131188921,36.,-8.45131523892108));
#16178=CARTESIAN_POINT('Ctrl Pts',(-0.910799131188921,35.8,-8.45131523892108));
#16179=CARTESIAN_POINT('Ctrl Pts',(-0.857035071004413,36.,-8.45690690050175));
#16180=CARTESIAN_POINT('Ctrl Pts',(-0.857035071004413,35.8,-8.45690690050175));
#16181=CARTESIAN_POINT('Ctrl Pts',(-0.970215642680867,35.8,-8.3209171558053));
#16182=CARTESIAN_POINT('Ctrl Pts',(-0.975487780742644,35.8,-8.37160898397926));
#16183=CARTESIAN_POINT('Ctrl Pts',(-0.910799131188921,35.8,-8.45131523892108));
#16184=CARTESIAN_POINT('Ctrl Pts',(-0.857035071004413,35.8,-8.45690690050175));
#16185=CARTESIAN_POINT('Origin',(-0.845896358394044,35.8,-8.33195038346287));
#16186=CARTESIAN_POINT('Origin',(2.03896392037193,36.,-9.33246078753581));
#16187=CARTESIAN_POINT('',(2.03896392037193,35.8,-9.33246078753581));
#16188=CARTESIAN_POINT('',(2.03896392037193,36.,-9.33246078753581));
#16189=CARTESIAN_POINT('',(1.85409241998681,35.8,-8.18587925490898));
#16190=CARTESIAN_POINT('',(2.03896392037193,35.8,-9.33246078753581));
#16191=CARTESIAN_POINT('',(1.85409241998681,36.,-8.18587925490898));
#16192=CARTESIAN_POINT('Ctrl Pts',(1.93537547275015,36.,-9.47587527646396));
#16193=CARTESIAN_POINT('Ctrl Pts',(1.93537547275015,35.8,-9.47587527646396));
#16194=CARTESIAN_POINT('Ctrl Pts',(1.98111675729643,36.,-9.46850008362945));
#16195=CARTESIAN_POINT('Ctrl Pts',(1.98111675729643,35.8,-9.46850008362945));
#16196=CARTESIAN_POINT('Ctrl Pts',(2.04879751081795,36.,-9.39344916693086));
#16197=CARTESIAN_POINT('Ctrl Pts',(2.04879751081795,35.8,-9.39344916693086));
#16198=CARTESIAN_POINT('Ctrl Pts',(2.03896392037193,36.,-9.33246078753581));
#16199=CARTESIAN_POINT('Ctrl Pts',(2.03896392037193,35.8,-9.33246078753581));
#16200=CARTESIAN_POINT('',(1.93537547275015,35.8,-9.47587527646396));
#16201=CARTESIAN_POINT('',(1.93537547275015,36.,-9.47587527646396));
#16202=CARTESIAN_POINT('Ctrl Pts',(1.93537547275015,35.8,-9.47587527646396));
#16203=CARTESIAN_POINT('Ctrl Pts',(1.98111675729643,35.8,-9.46850008362945));
#16204=CARTESIAN_POINT('Ctrl Pts',(2.04879751081795,35.8,-9.39344916693086));
#16205=CARTESIAN_POINT('Ctrl Pts',(2.03896392037193,35.8,-9.33246078753581));
#16206=CARTESIAN_POINT('Ctrl Pts',(1.839763298636,36.,-9.45531150421969));
#16207=CARTESIAN_POINT('Ctrl Pts',(1.839763298636,35.8,-9.45531150421969));
#16208=CARTESIAN_POINT('Ctrl Pts',(1.88506005974924,36.,-9.48398798858193));
#16209=CARTESIAN_POINT('Ctrl Pts',(1.88506005974924,35.8,-9.48398798858193));
#16210=CARTESIAN_POINT('Ctrl Pts',(1.93537547275015,36.,-9.47587527646396));
#16211=CARTESIAN_POINT('Ctrl Pts',(1.93537547275015,35.8,-9.47587527646396));
#16212=CARTESIAN_POINT('',(1.839763298636,35.8,-9.45531150421969));
#16213=CARTESIAN_POINT('',(1.839763298636,36.,-9.45531150421969));
#16214=CARTESIAN_POINT('Ctrl Pts',(1.839763298636,35.8,-9.45531150421969));
#16215=CARTESIAN_POINT('Ctrl Pts',(1.88506005974924,35.8,-9.48398798858193));
#16216=CARTESIAN_POINT('Ctrl Pts',(1.93537547275015,35.8,-9.47587527646396));
#16217=CARTESIAN_POINT('Ctrl Pts',(1.79043627433713,36.,-9.37253266860333));
#16218=CARTESIAN_POINT('Ctrl Pts',(1.79043627433713,35.8,-9.37253266860333));
#16219=CARTESIAN_POINT('Ctrl Pts',(1.79830314669394,36.,-9.42132337211937));
#16220=CARTESIAN_POINT('Ctrl Pts',(1.79830314669394,35.8,-9.42132337211937));
#16221=CARTESIAN_POINT('Ctrl Pts',(1.839763298636,36.,-9.45531150421969));
#16222=CARTESIAN_POINT('Ctrl Pts',(1.839763298636,35.8,-9.45531150421969));
#16223=CARTESIAN_POINT('',(1.79043627433713,35.8,-9.37253266860333));
#16224=CARTESIAN_POINT('',(1.79043627433713,36.,-9.37253266860333));
#16225=CARTESIAN_POINT('Ctrl Pts',(1.79043627433713,35.8,-9.37253266860333));
#16226=CARTESIAN_POINT('Ctrl Pts',(1.79830314669394,35.8,-9.42132337211937));
#16227=CARTESIAN_POINT('Ctrl Pts',(1.839763298636,35.8,-9.45531150421969));
#16228=CARTESIAN_POINT('Origin',(1.62523195484404,36.,-8.34792789476659));
#16229=CARTESIAN_POINT('',(1.62523195484404,35.8,-8.34792789476659));
#16230=CARTESIAN_POINT('',(1.62523195484404,36.,-8.34792789476659));
#16231=CARTESIAN_POINT('',(1.62523195484404,35.8,-8.34792789476659));
#16232=CARTESIAN_POINT('Origin',(1.27149935435279,36.,-8.40496271935349));
#16233=CARTESIAN_POINT('',(1.27149935435279,35.8,-8.40496271935349));
#16234=CARTESIAN_POINT('',(1.27149935435279,36.,-8.40496271935349));
#16235=CARTESIAN_POINT('',(1.27149935435279,35.8,-8.40496271935349));
#16236=CARTESIAN_POINT('Ctrl Pts',(1.20918243431604,36.,-8.42596095571594));
#16237=CARTESIAN_POINT('Ctrl Pts',(1.20918243431604,35.8,-8.42596095571594));
#16238=CARTESIAN_POINT('Ctrl Pts',(1.24100516465526,36.,-8.40987951457649));
#16239=CARTESIAN_POINT('Ctrl Pts',(1.24100516465526,35.8,-8.40987951457649));
#16240=CARTESIAN_POINT('Ctrl Pts',(1.27149935435279,36.,-8.40496271935349));
#16241=CARTESIAN_POINT('Ctrl Pts',(1.27149935435279,35.8,-8.40496271935349));
#16242=CARTESIAN_POINT('',(1.20918243431604,35.8,-8.42596095571593));
#16243=CARTESIAN_POINT('',(1.20918243431604,36.,-8.42596095571593));
#16244=CARTESIAN_POINT('Ctrl Pts',(1.20918243431604,35.8,-8.42596095571594));
#16245=CARTESIAN_POINT('Ctrl Pts',(1.24100516465526,35.8,-8.40987951457649));
#16246=CARTESIAN_POINT('Ctrl Pts',(1.27149935435279,35.8,-8.40496271935349));
#16247=CARTESIAN_POINT('Ctrl Pts',(1.16171775661299,36.,-8.47115837499323));
#16248=CARTESIAN_POINT('Ctrl Pts',(1.16171775661299,35.8,-8.47115837499323));
#16249=CARTESIAN_POINT('Ctrl Pts',(1.1826713517149,36.,-8.44587900602655));
#16250=CARTESIAN_POINT('Ctrl Pts',(1.1826713517149,35.8,-8.44587900602655));
#16251=CARTESIAN_POINT('Ctrl Pts',(1.20918243431604,36.,-8.42596095571594));
#16252=CARTESIAN_POINT('Ctrl Pts',(1.20918243431604,35.8,-8.42596095571594));
#16253=CARTESIAN_POINT('',(1.16171775661299,35.8,-8.47115837499323));
#16254=CARTESIAN_POINT('',(1.16171775661299,36.,-8.47115837499323));
#16255=CARTESIAN_POINT('Ctrl Pts',(1.16171775661299,35.8,-8.47115837499323));
#16256=CARTESIAN_POINT('Ctrl Pts',(1.1826713517149,35.8,-8.44587900602655));
#16257=CARTESIAN_POINT('Ctrl Pts',(1.20918243431604,35.8,-8.42596095571594));
#16258=CARTESIAN_POINT('Ctrl Pts',(1.13490613367529,36.,-8.5959361981632));
#16259=CARTESIAN_POINT('Ctrl Pts',(1.13490613367529,35.8,-8.5959361981632));
#16260=CARTESIAN_POINT('Ctrl Pts',(1.12335166490122,36.,-8.52427485237402));
#16261=CARTESIAN_POINT('Ctrl Pts',(1.12335166490122,35.8,-8.52427485237402));
#16262=CARTESIAN_POINT('Ctrl Pts',(1.16171775661299,36.,-8.47115837499323));
#16263=CARTESIAN_POINT('Ctrl Pts',(1.16171775661299,35.8,-8.47115837499323));
#16264=CARTESIAN_POINT('',(1.13490613367529,35.8,-8.5959361981632));
#16265=CARTESIAN_POINT('',(1.13490613367529,36.,-8.5959361981632));
#16266=CARTESIAN_POINT('Ctrl Pts',(1.13490613367529,35.8,-8.5959361981632));
#16267=CARTESIAN_POINT('Ctrl Pts',(1.12335166490122,35.8,-8.52427485237402));
#16268=CARTESIAN_POINT('Ctrl Pts',(1.16171775661299,35.8,-8.47115837499323));
#16269=CARTESIAN_POINT('Origin',(1.27355975896412,36.,-9.45587234763332));
#16270=CARTESIAN_POINT('',(1.27355975896412,35.8,-9.45587234763332));
#16271=CARTESIAN_POINT('',(1.27355975896412,36.,-9.45587234763332));
#16272=CARTESIAN_POINT('',(1.27355975896412,35.8,-9.45587234763332));
#16273=CARTESIAN_POINT('Ctrl Pts',(1.16997131134234,36.,-9.59928683656148));
#16274=CARTESIAN_POINT('Ctrl Pts',(1.16997131134234,35.8,-9.59928683656148));
#16275=CARTESIAN_POINT('Ctrl Pts',(1.21571259588863,36.,-9.59191164372696));
#16276=CARTESIAN_POINT('Ctrl Pts',(1.21571259588863,35.8,-9.59191164372696));
#16277=CARTESIAN_POINT('Ctrl Pts',(1.28339334941014,36.,-9.51686072702837));
#16278=CARTESIAN_POINT('Ctrl Pts',(1.28339334941014,35.8,-9.51686072702837));
#16279=CARTESIAN_POINT('Ctrl Pts',(1.27355975896412,36.,-9.45587234763332));
#16280=CARTESIAN_POINT('Ctrl Pts',(1.27355975896412,35.8,-9.45587234763332));
#16281=CARTESIAN_POINT('',(1.16997131134234,35.8,-9.59928683656147));
#16282=CARTESIAN_POINT('',(1.16997131134234,36.,-9.59928683656147));
#16283=CARTESIAN_POINT('Ctrl Pts',(1.16997131134234,35.8,-9.59928683656148));
#16284=CARTESIAN_POINT('Ctrl Pts',(1.21571259588863,35.8,-9.59191164372696));
#16285=CARTESIAN_POINT('Ctrl Pts',(1.28339334941014,35.8,-9.51686072702837));
#16286=CARTESIAN_POINT('Ctrl Pts',(1.27355975896412,35.8,-9.45587234763332));
#16287=CARTESIAN_POINT('Ctrl Pts',(1.07435913722819,36.,-9.5787230643172));
#16288=CARTESIAN_POINT('Ctrl Pts',(1.07435913722819,35.8,-9.5787230643172));
#16289=CARTESIAN_POINT('Ctrl Pts',(1.11965589834143,36.,-9.60739954867944));
#16290=CARTESIAN_POINT('Ctrl Pts',(1.11965589834143,35.8,-9.60739954867944));
#16291=CARTESIAN_POINT('Ctrl Pts',(1.16997131134234,36.,-9.59928683656148));
#16292=CARTESIAN_POINT('Ctrl Pts',(1.16997131134234,35.8,-9.59928683656148));
#16293=CARTESIAN_POINT('',(1.07435913722819,35.8,-9.5787230643172));
#16294=CARTESIAN_POINT('',(1.07435913722819,36.,-9.5787230643172));
#16295=CARTESIAN_POINT('Ctrl Pts',(1.07435913722819,35.8,-9.5787230643172));
#16296=CARTESIAN_POINT('Ctrl Pts',(1.11965589834143,35.8,-9.60739954867944));
#16297=CARTESIAN_POINT('Ctrl Pts',(1.16997131134234,35.8,-9.59928683656148));
#16298=CARTESIAN_POINT('Ctrl Pts',(1.02503211292932,36.,-9.49594422870084));
#16299=CARTESIAN_POINT('Ctrl Pts',(1.02503211292932,35.8,-9.49594422870084));
#16300=CARTESIAN_POINT('Ctrl Pts',(1.03289898528613,36.,-9.54473493221688));
#16301=CARTESIAN_POINT('Ctrl Pts',(1.03289898528613,35.8,-9.54473493221688));
#16302=CARTESIAN_POINT('Ctrl Pts',(1.07435913722819,36.,-9.5787230643172));
#16303=CARTESIAN_POINT('Ctrl Pts',(1.07435913722819,35.8,-9.5787230643172));
#16304=CARTESIAN_POINT('',(1.02503211292932,35.8,-9.49594422870084));
#16305=CARTESIAN_POINT('',(1.02503211292932,36.,-9.49594422870084));
#16306=CARTESIAN_POINT('Ctrl Pts',(1.02503211292932,35.8,-9.49594422870084));
#16307=CARTESIAN_POINT('Ctrl Pts',(1.03289898528613,35.8,-9.54473493221688));
#16308=CARTESIAN_POINT('Ctrl Pts',(1.07435913722819,35.8,-9.5787230643172));
#16309=CARTESIAN_POINT('Origin',(0.886378487640482,36.,-8.63600807923072));
#16310=CARTESIAN_POINT('',(0.886378487640482,35.8,-8.63600807923072));
#16311=CARTESIAN_POINT('',(0.886378487640482,36.,-8.63600807923072));
#16312=CARTESIAN_POINT('',(0.886378487640482,35.8,-8.63600807923072));
#16313=CARTESIAN_POINT('Ctrl Pts',(1.23167331304642,36.,-8.15795978280356));
#16314=CARTESIAN_POINT('Ctrl Pts',(1.23167331304642,35.8,-8.15795978280356));
#16315=CARTESIAN_POINT('Ctrl Pts',(1.06547997919492,36.,-8.18475631676895));
#16316=CARTESIAN_POINT('Ctrl Pts',(1.06547997919492,35.8,-8.18475631676895));
#16317=CARTESIAN_POINT('Ctrl Pts',(0.858352754869334,36.,-8.46219119795484));
#16318=CARTESIAN_POINT('Ctrl Pts',(0.858352754869334,35.8,-8.46219119795484));
#16319=CARTESIAN_POINT('Ctrl Pts',(0.886378487640482,36.,-8.63600807923072));
#16320=CARTESIAN_POINT('Ctrl Pts',(0.886378487640482,35.8,-8.63600807923072));
#16321=CARTESIAN_POINT('',(1.23167331304642,35.8,-8.15795978280356));
#16322=CARTESIAN_POINT('',(1.23167331304642,36.,-8.15795978280356));
#16323=CARTESIAN_POINT('Ctrl Pts',(1.23167331304642,35.8,-8.15795978280356));
#16324=CARTESIAN_POINT('Ctrl Pts',(1.06547997919492,35.8,-8.18475631676895));
#16325=CARTESIAN_POINT('Ctrl Pts',(0.858352754869334,35.8,-8.46219119795484));
#16326=CARTESIAN_POINT('Ctrl Pts',(0.886378487640482,35.8,-8.63600807923072));
#16327=CARTESIAN_POINT('Origin',(1.70890738181264,36.,-8.08101193756347));
#16328=CARTESIAN_POINT('',(1.70890738181264,35.8,-8.08101193756347));
#16329=CARTESIAN_POINT('',(1.70890738181264,36.,-8.08101193756347));
#16330=CARTESIAN_POINT('',(1.70890738181264,35.8,-8.08101193756347));
#16331=CARTESIAN_POINT('Ctrl Pts',(1.85409241998681,36.,-8.18587925490898));
#16332=CARTESIAN_POINT('Ctrl Pts',(1.85409241998681,35.8,-8.18587925490898));
#16333=CARTESIAN_POINT('Ctrl Pts',(1.83393355957248,36.,-8.06085307714914));
#16334=CARTESIAN_POINT('Ctrl Pts',(1.83393355957248,35.8,-8.06085307714914));
#16335=CARTESIAN_POINT('Ctrl Pts',(1.70890738181264,36.,-8.08101193756347));
#16336=CARTESIAN_POINT('Ctrl Pts',(1.70890738181264,35.8,-8.08101193756347));
#16337=CARTESIAN_POINT('Ctrl Pts',(1.85409241998681,35.8,-8.18587925490898));
#16338=CARTESIAN_POINT('Ctrl Pts',(1.83393355957248,35.8,-8.06085307714914));
#16339=CARTESIAN_POINT('Ctrl Pts',(1.70890738181264,35.8,-8.08101193756347));
#16340=CARTESIAN_POINT('Origin',(1.45653055169468,35.8,-8.79759026967344));
#16341=CARTESIAN_POINT('Origin',(4.48690509505221E-16,36.,0.));
#16342=CARTESIAN_POINT('Origin',(4.48690509505221E-16,36.,0.));
#16343=CARTESIAN_POINT('Origin',(4.48690509505221E-16,36.,0.));
#16344=CARTESIAN_POINT('Origin',(4.48690509505221E-16,36.,0.));
#16345=CARTESIAN_POINT('Origin',(8.86087688209984E-17,2.6,-12.));
#16346=CARTESIAN_POINT('Origin',(-8.86087688209983E-17,2.6,12.));
#16347=CARTESIAN_POINT('Origin',(-1.69505727298391E-16,33.,-8.));
#16348=CARTESIAN_POINT('Origin',(-1.53080849893419E-17,33.,8.));
#16349=CARTESIAN_POINT('Origin',(-7.77817459305202,20.,-7.77817459305202));
#16350=CARTESIAN_POINT('',(-6.36396103067893,24.,-6.36396103067893));
#16351=CARTESIAN_POINT('',(-7.77817459305202,24.,-7.77817459305202));
#16352=CARTESIAN_POINT('Origin',(-6.36396103067893,20.,-6.36396103067893));
#16353=CARTESIAN_POINT('Origin',(-6.36396103067893,20.,-6.36396103067893));
#16354=CARTESIAN_POINT('Origin',(-5.5,25.5,9.52627944162882));
#16355=CARTESIAN_POINT('',(-4.5,29.5,7.79422863405995));
#16356=CARTESIAN_POINT('',(-5.5,29.5,9.52627944162882));
#16357=CARTESIAN_POINT('Origin',(-4.5,25.5,7.79422863405995));
#16358=CARTESIAN_POINT('Origin',(-4.5,25.5,7.79422863405995));
#16359=CARTESIAN_POINT('Origin',(11.,15.,0.));
#16360=CARTESIAN_POINT('',(9.,19.,4.89858719658941E-16));
#16361=CARTESIAN_POINT('',(11.,19.,-4.89858719658941E-16));
#16362=CARTESIAN_POINT('Origin',(9.,15.,0.));
#16363=CARTESIAN_POINT('Origin',(9.,15.,-5.78241158658936E-17));
#16364=CARTESIAN_POINT('Origin',(4.48690509505221E-16,36.,0.));
#16365=CARTESIAN_POINT('Origin',(0.,0.,0.));
#16366=UNCERTAINTY_MEASURE_WITH_UNIT(LENGTH_MEASURE(0.01),#16370,
'DISTANCE_ACCURACY_VALUE',
'Maximum model space distance between geometric entities at asserted c
onnectivities');
#16367=UNCERTAINTY_MEASURE_WITH_UNIT(LENGTH_MEASURE(0.01),#16370,
'DISTANCE_ACCURACY_VALUE',
'Maximum model space distance between geometric entities at asserted c
onnectivities');
#16368=(
GEOMETRIC_REPRESENTATION_CONTEXT(3)
GLOBAL_UNCERTAINTY_ASSIGNED_CONTEXT((#16366))
GLOBAL_UNIT_ASSIGNED_CONTEXT((#16370,#16372,#16373))
REPRESENTATION_CONTEXT('','3D')
);
#16369=(
GEOMETRIC_REPRESENTATION_CONTEXT(3)
GLOBAL_UNCERTAINTY_ASSIGNED_CONTEXT((#16367))
GLOBAL_UNIT_ASSIGNED_CONTEXT((#16370,#16372,#16373))
REPRESENTATION_CONTEXT('','3D')
);
#16370=(
LENGTH_UNIT()
NAMED_UNIT(*)
SI_UNIT(.MILLI.,.METRE.)
);
#16371=(
LENGTH_UNIT()
NAMED_UNIT(*)
SI_UNIT(.CENTI.,.METRE.)
);
#16372=(
NAMED_UNIT(*)
PLANE_ANGLE_UNIT()
SI_UNIT($,.RADIAN.)
);
#16373=(
NAMED_UNIT(*)
SI_UNIT($,.STERADIAN.)
SOLID_ANGLE_UNIT()
);
#16374=SHAPE_DEFINITION_REPRESENTATION(#16375,#16376);
#16375=PRODUCT_DEFINITION_SHAPE('',$,#16378);
#16376=SHAPE_REPRESENTATION('',(#8822),#16368);
#16377=PRODUCT_DEFINITION_CONTEXT('part definition',#16382,'design');
#16378=PRODUCT_DEFINITION('SFU1204','SFU1204',#16379,#16377);
#16379=PRODUCT_DEFINITION_FORMATION('',$,#16384);
#16380=PRODUCT_RELATED_PRODUCT_CATEGORY('SFU1204','SFU1204',(#16384));
#16381=APPLICATION_PROTOCOL_DEFINITION('international standard',
'automotive_design',2009,#16382);
#16382=APPLICATION_CONTEXT(
'Core Data for Automotive Mechanical Design Process');
#16383=PRODUCT_CONTEXT('part definition',#16382,'mechanical');
#16384=PRODUCT('SFU1204','SFU1204',$,(#16383));
#16385=SURFACE_STYLE_RENDERING_WITH_PROPERTIES($,#16424,(#16389));
#16386=SURFACE_STYLE_RENDERING_WITH_PROPERTIES($,#16425,(#16390));
#16387=SURFACE_STYLE_RENDERING_WITH_PROPERTIES($,#16426,(#16391));
#16388=SURFACE_STYLE_RENDERING_WITH_PROPERTIES($,#16427,(#16392));
#16389=SURFACE_STYLE_TRANSPARENT(0.);
#16390=SURFACE_STYLE_TRANSPARENT(0.);
#16391=SURFACE_STYLE_TRANSPARENT(0.);
#16392=SURFACE_STYLE_TRANSPARENT(0.);
#16393=PRESENTATION_STYLE_ASSIGNMENT((#16398));
#16394=PRESENTATION_STYLE_ASSIGNMENT((#16399));
#16395=PRESENTATION_STYLE_ASSIGNMENT((#16400));
#16396=PRESENTATION_STYLE_ASSIGNMENT((#16401));
#16397=PRESENTATION_STYLE_ASSIGNMENT((#16402));
#16398=SURFACE_STYLE_USAGE(.BOTH.,#16403);
#16399=SURFACE_STYLE_USAGE(.BOTH.,#16404);
#16400=SURFACE_STYLE_USAGE(.BOTH.,#16405);
#16401=SURFACE_STYLE_USAGE(.BOTH.,#16406);
#16402=SURFACE_STYLE_USAGE(.BOTH.,#16407);
#16403=SURFACE_SIDE_STYLE('',(#16408));
#16404=SURFACE_SIDE_STYLE('',(#16409,#16385));
#16405=SURFACE_SIDE_STYLE('',(#16410,#16386));
#16406=SURFACE_SIDE_STYLE('',(#16411,#16387));
#16407=SURFACE_SIDE_STYLE('',(#16412,#16388));
#16408=SURFACE_STYLE_FILL_AREA(#16413);
#16409=SURFACE_STYLE_FILL_AREA(#16414);
#16410=SURFACE_STYLE_FILL_AREA(#16415);
#16411=SURFACE_STYLE_FILL_AREA(#16416);
#16412=SURFACE_STYLE_FILL_AREA(#16417);
#16413=FILL_AREA_STYLE('',(#16418));
#16414=FILL_AREA_STYLE('',(#16419));
#16415=FILL_AREA_STYLE('',(#16420));
#16416=FILL_AREA_STYLE('',(#16421));
#16417=FILL_AREA_STYLE('',(#16422));
#16418=FILL_AREA_STYLE_COLOUR('',#16423);
#16419=FILL_AREA_STYLE_COLOUR('',#16424);
#16420=FILL_AREA_STYLE_COLOUR('',#16425);
#16421=FILL_AREA_STYLE_COLOUR('',#16426);
#16422=FILL_AREA_STYLE_COLOUR('',#16427);
#16423=COLOUR_RGB('',0.301960784313725,0.305882352941176,0.290196078431373);
#16424=COLOUR_RGB('',0.745098039215686,0.737254901960784,0.729411764705882);
#16425=COLOUR_RGB('',0.92156862745098,0.92156862745098,0.92156862745098);
#16426=COLOUR_RGB('',0.0196078431372549,0.0196078431372549,0.0196078431372549);
#16427=COLOUR_RGB('',0.964705882352941,0.423529411764706,0.109803921568627);
ENDSEC;
END-ISO-10303-21;
