  0
SECTION
  2
HEADER
  9
$ACADVER
  1
AC1021
  9
$ACADMAINTVER
 70
    25
  9
$DWGCODEPAGE
  3
ANSI_1251
  9
$INSBASE
 10
0.0
 20
0.0
 30
0.0
  9
$EXTMIN
 10
-52.625
 20
-25.125
 30
0.0
  9
$EXTMAX
 10
52.625
 20
36.5693
 30
0.0
  9
$LIMMIN
 10
0.0
 20
0.0
  9
$LIMMAX
 10
12.0
 20
9.0
  9
$ORTHOMODE
 70
     0
  9
$REGENMODE
 70
     1
  9
$FILLMODE
 70
     1
  9
$QTEXTMODE
 70
     0
  9
$MIRRTEXT
 70
     1
  9
$LTSCALE
 40
1.0
  9
$ATTMODE
 70
     1
  9
$TEXTSIZE
 40
0.2
  9
$TRACEWID
 40
0.05
  9
$TEXTSTYLE
  7
Standard
  9
$CLAYER
  8
0
  9
$CELTYPE
  6
ByLayer
  9
$CECOLOR
 62
   256
  9
$CELTSCALE
 40
1.0
  9
$DISPSILH
 70
     0
  9
$DIMSCALE
 40
1.0
  9
$DIMASZ
 40
0.18
  9
$DIMEXO
 40
0.0625
  9
$DIMDLI
 40
0.38
  9
$DIMRND
 40
0.0
  9
$DIMDLE
 40
0.0
  9
$DIMEXE
 40
0.18
  9
$DIMTP
 40
0.0
  9
$DIMTM
 40
0.0
  9
$DIMTXT
 40
0.18
  9
$DIMCEN
 40
0.09
  9
$DIMTSZ
 40
0.0
  9
$DIMTOL
 70
     0
  9
$DIMLIM
 70
     0
  9
$DIMTIH
 70
     1
  9
$DIMTOH
 70
     1
  9
$DIMSE1
 70
     0
  9
$DIMSE2
 70
     0
  9
$DIMTAD
 70
     0
  9
$DIMZIN
 70
     0
  9
$DIMBLK
  1

  9
$DIMASO
 70
     1
  9
$DIMSHO
 70
     1
  9
$DIMPOST
  1

  9
$DIMAPOST
  1

  9
$DIMALT
 70
     0
  9
$DIMALTD
 70
     2
  9
$DIMALTF
 40
25.4
  9
$DIMLFAC
 40
1.0
  9
$DIMTOFL
 70
     0
  9
$DIMTVP
 40
0.0
  9
$DIMTIX
 70
     0
  9
$DIMSOXD
 70
     0
  9
$DIMSAH
 70
     0
  9
$DIMBLK1
  1

  9
$DIMBLK2
  1

  9
$DIMSTYLE
  2
Standard
  9
$DIMCLRD
 70
     0
  9
$DIMCLRE
 70
     0
  9
$DIMCLRT
 70
     0
  9
$DIMTFAC
 40
1.0
  9
$DIMGAP
 40
0.09
  9
$DIMJUST
 70
     0
  9
$DIMSD1
 70
     0
  9
$DIMSD2
 70
     0
  9
$DIMTOLJ
 70
     1
  9
$DIMTZIN
 70
     0
  9
$DIMALTZ
 70
     0
  9
$DIMALTTZ
 70
     0
  9
$DIMUPT
 70
     0
  9
$DIMDEC
 70
     4
  9
$DIMTDEC
 70
     4
  9
$DIMALTU
 70
     2
  9
$DIMALTTD
 70
     2
  9
$DIMTXSTY
  7
Standard
  9
$DIMAUNIT
 70
     0
  9
$DIMADEC
 70
     0
  9
$DIMALTRND
 40
0.0
  9
$DIMAZIN
 70
     0
  9
$DIMDSEP
 70
    46
  9
$DIMATFIT
 70
     3
  9
$DIMFRAC
 70
     0
  9
$DIMLDRBLK
  1

  9
$DIMLUNIT
 70
     2
  9
$DIMLWD
 70
    -2
  9
$DIMLWE
 70
    -2
  9
$DIMTMOVE
 70
     0
  9
$DIMFXL
 40
1.0
  9
$DIMFXLON
 70
     0
  9
$DIMJOGANG
 40
0.7853981633974483
  9
$DIMTFILL
 70
     0
  9
$DIMTFILLCLR
 70
     0
  9
$DIMARCSYM
 70
     0
  9
$DIMLTYPE
  6

  9
$DIMLTEX1
  6

  9
$DIMLTEX2
  6

  9
$LUNITS
 70
     2
  9
$LUPREC
 70
     4
  9
$SKETCHINC
 40
0.1
  9
$FILLETRAD
 40
0.5
  9
$AUNITS
 70
     0
  9
$AUPREC
 70
     0
  9
$MENU
  1
.
  9
$ELEVATION
 40
0.0
  9
$PELEVATION
 40
0.0
  9
$THICKNESS
 40
0.0
  9
$LIMCHECK
 70
     0
  9
$CHAMFERA
 40
0.0
  9
$CHAMFERB
 40
0.0
  9
$CHAMFERC
 40
0.0
  9
$CHAMFERD
 40
0.0
  9
$SKPOLY
 70
     0
  9
$TDCREATE
 40
2461027.876706794
  9
$TDUCREATE
 40
2461027.751706794
  9
$TDUPDATE
 40
2461027.876707523
  9
$TDUUPDATE
 40
2461027.751707523
  9
$TDINDWG
 40
0.0000000116
  9
$TDUSRTIMER
 40
0.0000000116
  9
$USRTIMER
 70
     1
  9
$ANGBASE
 50
0.0
  9
$ANGDIR
 70
     0
  9
$PDMODE
 70
     0
  9
$PDSIZE
 40
0.0
  9
$PLINEWID
 40
0.0
  9
$SPLFRAME
 70
     0
  9
$SPLINETYPE
 70
     6
  9
$SPLINESEGS
 70
     8
  9
$HANDSEED
  5
F5
  9
$SURFTAB1
 70
     6
  9
$SURFTAB2
 70
     6
  9
$SURFTYPE
 70
     6
  9
$SURFU
 70
     6
  9
$SURFV
 70
     6
  9
$UCSBASE
  2

  9
$UCSNAME
  2

  9
$UCSORG
 10
0.0
 20
0.0
 30
0.0
  9
$UCSXDIR
 10
1.0
 20
0.0
 30
0.0
  9
$UCSYDIR
 10
0.0
 20
1.0
 30
0.0
  9
$UCSORTHOREF
  2

  9
$UCSORTHOVIEW
 70
     0
  9
$UCSORGTOP
 10
0.0
 20
0.0
 30
0.0
  9
$UCSORGBOTTOM
 10
0.0
 20
0.0
 30
0.0
  9
$UCSORGLEFT
 10
0.0
 20
0.0
 30
0.0
  9
$UCSORGRIGHT
 10
0.0
 20
0.0
 30
0.0
  9
$UCSORGFRONT
 10
0.0
 20
0.0
 30
0.0
  9
$UCSORGBACK
 10
0.0
 20
0.0
 30
0.0
  9
$PUCSBASE
  2

  9
$PUCSNAME
  2

  9
$PUCSORG
 10
0.0
 20
0.0
 30
0.0
  9
$PUCSXDIR
 10
1.0
 20
0.0
 30
0.0
  9
$PUCSYDIR
 10
0.0
 20
1.0
 30
0.0
  9
$PUCSORTHOREF
  2

  9
$PUCSORTHOVIEW
 70
     0
  9
$PUCSORGTOP
 10
0.0
 20
0.0
 30
0.0
  9
$PUCSORGBOTTOM
 10
0.0
 20
0.0
 30
0.0
  9
$PUCSORGLEFT
 10
0.0
 20
0.0
 30
0.0
  9
$PUCSORGRIGHT
 10
0.0
 20
0.0
 30
0.0
  9
$PUCSORGFRONT
 10
0.0
 20
0.0
 30
0.0
  9
$PUCSORGBACK
 10
0.0
 20
0.0
 30
0.0
  9
$USERI1
 70
     0
  9
$USERI2
 70
     0
  9
$USERI3
 70
     0
  9
$USERI4
 70
     0
  9
$USERI5
 70
     0
  9
$USERR1
 40
0.0
  9
$USERR2
 40
0.0
  9
$USERR3
 40
0.0
  9
$USERR4
 40
0.0
  9
$USERR5
 40
0.0
  9
$WORLDVIEW
 70
     1
  9
$SHADEDGE
 70
     3
  9
$SHADEDIF
 70
    70
  9
$TILEMODE
 70
     1
  9
$MAXACTVP
 70
    64
  9
$PINSBASE
 10
0.0
 20
0.0
 30
0.0
  9
$PLIMCHECK
 70
     0
  9
$PEXTMIN
 10
1.000000000000000E+20
 20
1.000000000000000E+20
 30
1.000000000000000E+20
  9
$PEXTMAX
 10
-1.000000000000000E+20
 20
-1.000000000000000E+20
 30
-1.000000000000000E+20
  9
$PLIMMIN
 10
0.0
 20
0.0
  9
$PLIMMAX
 10
12.0
 20
9.0
  9
$UNITMODE
 70
     0
  9
$VISRETAIN
 70
     1
  9
$PLINEGEN
 70
     0
  9
$PSLTSCALE
 70
     1
  9
$TREEDEPTH
 70
  3020
  9
$CMLSTYLE
  2
Standard
  9
$CMLJUST
 70
     0
  9
$CMLSCALE
 40
1.0
  9
$PROXYGRAPHICS
 70
     1
  9
$MEASUREMENT
 70
     0
  9
$CELWEIGHT
370
    -1
  9
$ENDCAPS
280
     0
  9
$JOINSTYLE
280
     0
  9
$LWDISPLAY
290
     0
  9
$INSUNITS
 70
     4
  9
$HYPERLINKBASE
  1

  9
$STYLESHEET
  1

  9
$XEDIT
290
     1
  9
$CEPSNTYPE
380
     0
  9
$PSTYLEMODE
290
     1
  9
$FINGERPRINTGUID
  2
{CDE88B6C-BC5A-47D7-A5DE-64EFD7188B2B}
  9
$VERSIONGUID
  2
{FAEB1C32-E019-11D5-929B-00C0DF256EC4}
  9
$EXTNAMES
290
     1
  9
$PSVPSCALE
 40
0.0
  9
$OLESTARTUP
290
     0
  9
$SORTENTS
280
   127
  9
$INDEXCTL
280
     0
  9
$HIDETEXT
280
     1
  9
$XCLIPFRAME
290
     0
  9
$HALOGAP
280
     0
  9
$OBSCOLOR
 70
   257
  9
$OBSLTYPE
280
     0
  9
$INTERSECTIONDISPLAY
280
     0
  9
$INTERSECTIONCOLOR
 70
   257
  9
$DIMASSOC
280
     2
  9
$PROJECTNAME
  1

  9
$CAMERADISPLAY
290
     0
  9
$LENSLENGTH
 40
50.0
  9
$CAMERAHEIGHT
 40
0.0
  9
$STEPSPERSEC
 40
2.0
  9
$STEPSIZE
 40
6.0
  9
$3DDWFPREC
 40
2.0
  9
$PSOLWIDTH
 40
0.25
  9
$PSOLHEIGHT
 40
4.0
  9
$LOFTANG1
 40
1.570796326794897
  9
$LOFTANG2
 40
1.570796326794897
  9
$LOFTMAG1
 40
0.0
  9
$LOFTMAG2
 40
0.0
  9
$LOFTPARAM
 70
     7
  9
$LOFTNORMALS
280
     1
  9
$LATITUDE
 40
37.795
  9
$LONGITUDE
 40
-122.394
  9
$NORTHDIRECTION
 40
0.0
  9
$TIMEZONE
 70
 -8000
  9
$LIGHTGLYPHDISPLAY
280
     1
  9
$TILEMODELIGHTSYNCH
280
     1
  9
$CMATERIAL
347
44
  9
$SOLIDHIST
280
     0
  9
$SHOWHIST
280
     1
  9
$DWFFRAME
280
     2
  9
$DGNFRAME
280
     2
  9
$REALWORLDSCALE
290
     1
  9
$INTERFERECOLOR
 62
   256
  9
$CSHADOW
280
     0
  9
$SHADOWPLANELOCATION
 40
0.0
  0
ENDSEC
  0
SECTION
  2
CLASSES
  0
CLASS
  1
ACDBDICTIONARYWDFLT
  2
AcDbDictionaryWithDefault
  3
ObjectDBX Classes
 90
        0
 91
        4
280
     0
281
     0
  0
CLASS
  1
VISUALSTYLE
  2
AcDbVisualStyle
  3
ObjectDBX Classes
 90
     4095
 91
        4
280
     0
281
     0
  0
CLASS
  1
MATERIAL
  2
AcDbMaterial
  3
ObjectDBX Classes
 90
     1153
 91
        4
280
     0
281
     0
  0
CLASS
  1
SCALE
  2
AcDbScale
  3
ObjectDBX Classes
 90
     1153
 91
        4
280
     0
281
     0
  0
CLASS
  1
TABLESTYLE
  2
AcDbTableStyle
  3
ObjectDBX Classes
 90
     4095
 91
        4
280
     0
281
     0
  0
CLASS
  1
MLEADERSTYLE
  2
AcDbMLeaderStyle
  3
ACDB_MLEADERSTYLE_CLASS
 90
     4095
 91
        4
280
     0
281
     0
  0
CLASS
  1
SUN
  2
AcDbSun
  3
SCENEOE
 90
     1153
 91
        4
280
     0
281
     0
  0
CLASS
  1
DICTIONARYVAR
  2
AcDbDictionaryVar
  3
ObjectDBX Classes
 90
        0
 91
        4
280
     0
281
     0
  0
CLASS
  1
CELLSTYLEMAP
  2
AcDbCellStyleMap
  3
ObjectDBX Classes
 90
     1152
 91
        4
280
     0
281
     0
  0
ENDSEC
  0
SECTION
  2
TABLES
  0
TABLE
  2
VPORT
  5
8
330
0
100
AcDbSymbolTable
 70
     1
  0
VPORT
  5
29
330
8
100
AcDbSymbolTableRecord
100
AcDbViewportTableRecord
  2
*Active
 70
     0
 10
0.0
 20
0.0
 11
1.0
 21
1.0
 12
10.42990654205607
 22
4.5
 13
0.0
 23
0.0
 14
0.5
 24
0.5
 15
0.5
 25
0.5
 16
0.0
 26
0.0
 36
1.0
 17
0.0
 27
0.0
 37
0.0
 40
9.0
 41
1.972972972850329
 42
50.0
 43
0.0
 44
0.0
 50
0.0
 51
0.0
 71
     0
 72
   100
 73
     1
 74
     3
 75
     0
 76
     0
 77
     0
 78
     0
281
     0
 65
     1
110
0.0
120
0.0
130
0.0
111
1.0
121
0.0
131
0.0
112
0.0
122
1.0
132
0.0
 79
     0
146
0.0
 60
     3
 61
     5
292
     1
282
     1
141
0.0
142
0.0
 63
   250
361
6D
  0
ENDTAB
  0
TABLE
  2
LTYPE
  5
5
330
0
100
AcDbSymbolTable
 70
     4
  0
LTYPE
  5
14
330
5
100
AcDbSymbolTableRecord
100
AcDbLinetypeTableRecord
  2
ByBlock
 70
     0
  3

 72
    65
 73
     0
 40
0.0
  0
LTYPE
  5
15
330
5
100
AcDbSymbolTableRecord
100
AcDbLinetypeTableRecord
  2
ByLayer
 70
     0
  3

 72
    65
 73
     0
 40
0.0
  0
LTYPE
  5
16
330
5
100
AcDbSymbolTableRecord
100
AcDbLinetypeTableRecord
  2
Continuous
 70
     0
  3
Solid line
 72
    65
 73
     0
 40
0.0
  0
LTYPE
  5
7E
330
5
100
AcDbSymbolTableRecord
100
AcDbLinetypeTableRecord
  2
New Line1
 70
     0
  3

 72
    65
 73
     2
 40
0.7
 49
0.2
 74
     4
 75
     0
340
0
 46
1.0
 50
0.0
 44
0.0
 45
0.0
 49
-0.5
 74
     4
 75
     0
340
0
 46
1.0
 50
0.0
 44
0.0
 45
0.0
  0
LTYPE
  5
80
330
5
100
AcDbSymbolTableRecord
100
AcDbLinetypeTableRecord
  2
New Line2
 70
     0
  3

 72
    65
 73
     2
 40
0.7
 49
0.2
 74
     4
 75
     0
340
0
 46
1.0
 50
0.0
 44
0.0
 45
0.0
 49
-0.5
 74
     4
 75
     0
340
0
 46
1.0
 50
0.0
 44
0.0
 45
0.0
  0
LTYPE
  5
84
330
5
100
AcDbSymbolTableRecord
100
AcDbLinetypeTableRecord
  2
New Line3
 70
     0
  3

 72
    65
 73
     2
 40
0.7
 49
0.2
 74
     4
 75
     0
340
0
 46
1.0
 50
0.0
 44
0.0
 45
0.0
 49
-0.5
 74
     4
 75
     0
340
0
 46
1.0
 50
0.0
 44
0.0
 45
0.0
  0
ENDTAB
  0
TABLE
  2
LAYER
  5
2
330
0
100
AcDbSymbolTable
 70
     3
  0
LAYER
  5
10
330
2
100
AcDbSymbolTableRecord
100
AcDbLayerTableRecord
  2
0
 70
     0
 62
     7
  6
Continuous
370
    -3
390
F
347
46
  0
LAYER
  5
6F
330
2
100
AcDbSymbolTableRecord
100
AcDbLayerTableRecord
  2
layer 1
 70
     0
 62
     7
  6
Continuous
370
    -3
390
F
347
46
  0
LAYER
  5
B7
330
2
100
AcDbSymbolTableRecord
100
AcDbLayerTableRecord
  2
layer 2
 70
     0
 62
     7
  6
Continuous
290
     0
370
    -3
390
F
347
46
  0
ENDTAB
  0
TABLE
  2
STYLE
  5
3
330
0
100
AcDbSymbolTable
 70
     1
  0
STYLE
  5
11
330
3
100
AcDbSymbolTableRecord
100
AcDbTextStyleTableRecord
  2
Standard
 70
     0
 40
0.0
 41
1.0
 50
0.0
 71
     0
 42
0.2
  3
txt
  4

  0
ENDTAB
  0
TABLE
  2
VIEW
  5
6
330
0
100
AcDbSymbolTable
 70
     0
  0
ENDTAB
  0
TABLE
  2
UCS
  5
7
330
0
100
AcDbSymbolTable
 70
     0
  0
ENDTAB
  0
TABLE
  2
APPID
  5
9
330
0
100
AcDbSymbolTable
 70
     3
  0
APPID
  5
12
330
9
100
AcDbSymbolTableRecord
100
AcDbRegAppTableRecord
  2
ACAD
 70
     0
  0
APPID
  5
6E
330
9
100
AcDbSymbolTableRecord
100
AcDbRegAppTableRecord
  2
ODA
 70
     0
  0
APPID
  5
ED
330
9
100
AcDbSymbolTableRecord
100
AcDbRegAppTableRecord
  2
ACAD_MLEADERVER
 70
     0
  0
ENDTAB
  0
TABLE
  2
DIMSTYLE
  5
A
330
0
100
AcDbSymbolTable
 70
     1
100
AcDbDimStyleTable
  0
DIMSTYLE
105
27
330
A
100
AcDbSymbolTableRecord
100
AcDbDimStyleTableRecord
  2
Standard
 70
     0
178
     0
340
11
  0
ENDTAB
  0
TABLE
  2
BLOCK_RECORD
  5
1
330
0
100
AcDbSymbolTable
 70
     1
  0
BLOCK_RECORD
  5
1F
330
1
100
AcDbSymbolTableRecord
100
AcDbBlockTableRecord
  2
*Model_Space
340
22
 70
     0
280
     1
281
     0
  0
BLOCK_RECORD
  5
1B
330
1
100
AcDbSymbolTableRecord
100
AcDbBlockTableRecord
  2
*Paper_Space
340
1E
 70
     0
280
     1
281
     0
  0
BLOCK_RECORD
  5
23
330
1
100
AcDbSymbolTableRecord
100
AcDbBlockTableRecord
  2
*Paper_Space0
340
26
 70
     0
280
     1
281
     0
  0
ENDTAB
  0
ENDSEC
  0
SECTION
  2
BLOCKS
  0
BLOCK
  5
20
330
1F
100
AcDbEntity
  8
0
100
AcDbBlockBegin
  2
*Model_Space
 70
     0
 10
0.0
 20
0.0
 30
0.0
  3
*Model_Space
  1

  0
ENDBLK
  5
21
330
1F
100
AcDbEntity
  8
0
100
AcDbBlockEnd
  0
BLOCK
  5
1C
330
1B
100
AcDbEntity
 67
     1
  8
0
100
AcDbBlockBegin
  2
*Paper_Space
 70
     0
 10
0.0
 20
0.0
 30
0.0
  3
*Paper_Space
  1

  0
ENDBLK
  5
1D
330
1B
100
AcDbEntity
 67
     1
  8
0
100
AcDbBlockEnd
  0
BLOCK
  5
24
330
23
100
AcDbEntity
  8
0
100
AcDbBlockBegin
  2
*Paper_Space0
 70
     0
 10
0.0
 20
0.0
 30
0.0
  3
*Paper_Space0
  1

  0
ENDBLK
  5
25
330
23
100
AcDbEntity
  8
0
100
AcDbBlockEnd
  0
ENDSEC
  0
SECTION
  2
ENTITIES
  0
SPLINE
  5
70
330
1F
100
AcDbEntity
  8
layer 1
 62
   155
370
     9
100
AcDbSpline
210
0.0
220
0.0
230
1.0
 70
    24
 71
     3
 72
     8
 73
     4
 74
     0
 42
0.000000001
 43
0.0000000001
 40
0.0
 40
0.0
 40
0.0
 40
0.0
 40
1.0
 40
1.0
 40
1.0
 40
1.0
 10
-37.4732
 20
31.2716
 30
0.0
 10
-37.4732
 20
31.2716
 30
0.0
 10
-37.4732
 20
36.2716
 30
0.0
 10
-37.4732
 20
36.2716
 30
0.0
  0
SPLINE
  5
71
330
1F
100
AcDbEntity
  8
layer 1
 62
   155
370
     9
100
AcDbSpline
210
0.0
220
0.0
230
1.0
 70
    24
 71
     3
 72
     8
 73
     4
 74
     0
 42
0.000000001
 43
0.0000000001
 40
0.0
 40
0.0
 40
0.0
 40
0.0
 40
1.0
 40
1.0
 40
1.0
 40
1.0
 10
-52.5
 20
31.2716
 30
0.0
 10
-52.5
 20
31.2716
 30
0.0
 10
-52.5
 20
36.2716
 30
0.0
 10
-52.5
 20
36.2716
 30
0.0
  0
SPLINE
  5
72
330
1F
100
AcDbEntity
  8
layer 1
 62
   155
370
     9
100
AcDbSpline
210
0.0
220
0.0
230
1.0
 70
     8
 71
     3
 72
    12
 73
     8
 74
     0
 42
0.000000001
 43
0.0000000001
 40
0.0
 40
0.0
 40
0.0
 40
0.0
 40
0.3333333333333333
 40
0.3333333333333333
 40
0.3333333333333333
 40
0.3333333333333333
 40
1.0
 40
1.0
 40
1.0
 40
1.0
 10
-52.0606
 20
31.5191
 30
0.0
 10
-52.0606
 20
31.5191
 30
0.0
 10
-52.4425
 20
31.2716
 30
0.0
 10
-52.4425
 20
31.2716
 30
0.0
 10
-52.4425
 20
31.2716
 30
0.0
 10
-52.4425
 20
31.2716
 30
0.0
 10
-52.0606
 20
31.0238
 30
0.0
 10
-52.0606
 20
31.0238
 30
0.0
  0
SPLINE
  5
73
330
1F
100
AcDbEntity
  8
layer 1
 62
   155
370
     9
100
AcDbSpline
210
0.0
220
0.0
230
1.0
 70
     8
 71
     3
 72
    12
 73
     8
 74
     0
 42
0.000000001
 43
0.0000000001
 40
0.0
 40
0.0
 40
0.0
 40
0.0
 40
0.3333333333333333
 40
0.3333333333333333
 40
0.3333333333333333
 40
0.3333333333333333
 40
1.0
 40
1.0
 40
1.0
 40
1.0
 10
-37.9125
 20
31.5191
 30
0.0
 10
-37.9125
 20
31.5191
 30
0.0
 10
-37.5306
 20
31.2716
 30
0.0
 10
-37.5306
 20
31.2716
 30
0.0
 10
-37.5306
 20
31.2716
 30
0.0
 10
-37.5306
 20
31.2716
 30
0.0
 10
-37.9125
 20
31.0238
 30
0.0
 10
-37.9125
 20
31.0238
 30
0.0
  0
SPLINE
  5
74
330
1F
100
AcDbEntity
  8
layer 1
 62
   155
370
     9
100
AcDbSpline
210
0.0
220
0.0
230
1.0
 70
    24
 71
     3
 72
     8
 73
     4
 74
     0
 42
0.000000001
 43
0.0000000001
 40
0.0
 40
0.0
 40
0.0
 40
0.0
 40
1.0
 40
1.0
 40
1.0
 40
1.0
 10
-52.5
 20
31.2716
 30
0.0
 10
-52.5
 20
31.2716
 30
0.0
 10
-37.4732
 20
31.2716
 30
0.0
 10
-37.4732
 20
31.2716
 30
0.0
  0
SPLINE
  5
75
330
1F
100
AcDbEntity
  8
layer 1
 62
   155
100
AcDbSpline
210
0.0
220
0.0
230
1.0
 70
    11
 71
     3
 72
    40
 73
    36
 74
     0
 42
0.000000001
 43
0.0000000001
 40
0.0
 40
0.0
 40
0.0
 40
0.0
 40
0.1
 40
0.1
 40
0.1
 40
0.1
 40
0.2
 40
0.2
 40
0.2
 40
0.2
 40
0.3
 40
0.3
 40
0.3
 40
0.3
 40
0.4
 40
0.4
 40
0.4
 40
0.4
 40
0.5
 40
0.5
 40
0.5
 40
0.5
 40
0.6
 40
0.6
 40
0.6
 40
0.6
 40
0.7
 40
0.7
 40
0.7
 40
0.7
 40
0.8
 40
0.8
 40
0.8
 40
0.8
 40
1.0
 40
1.0
 40
1.0
 40
1.0
 10
-50.4647
 20
32.6911
 30
0.0
 10
-50.4647
 20
32.6911
 30
0.0
 10
-50.7441
 20
32.6911
 30
0.0
 10
-50.7441
 20
32.6911
 30
0.0
 10
-50.7441
 20
32.6911
 30
0.0
 10
-50.7441
 20
32.6911
 30
0.0
 10
-50.7441
 20
34.4702
 30
0.0
 10
-50.7441
 20
34.4702
 30
0.0
 10
-50.7441
 20
34.4702
 30
0.0
 10
-50.8113
 20
34.4056
 30
0.0
 10
-50.8997
 20
34.3416
 30
0.0
 10
-51.0087
 20
34.2775
 30
0.0
 10
-51.0087
 20
34.2775
 30
0.0
 10
-51.1177
 20
34.2135
 30
0.0
 10
-51.2161
 20
34.1654
 30
0.0
 10
-51.3029
 20
34.1336
 30
0.0
 10
-51.3029
 20
34.1336
 30
0.0
 10
-51.3029
 20
34.1336
 30
0.0
 10
-51.3029
 20
34.4035
 30
0.0
 10
-51.3029
 20
34.4035
 30
0.0
 10
-51.3029
 20
34.4035
 30
0.0
 10
-51.1468
 20
34.4765
 30
0.0
 10
-51.0103
 20
34.5654
 30
0.0
 10
-50.8933
 20
34.6702
 30
0.0
 10
-50.8933
 20
34.6702
 30
0.0
 10
-50.7764
 20
34.7744
 30
0.0
 10
-50.6933
 20
34.8755
 30
0.0
 10
-50.6446
 20
34.9739
 30
0.0
 10
-50.6446
 20
34.9739
 30
0.0
 10
-50.6446
 20
34.9739
 30
0.0
 10
-50.4647
 20
34.9739
 30
0.0
 10
-50.4647
 20
34.9739
 30
0.0
 10
-50.4647
 20
34.9739
 30
0.0
 10
-50.4647
 20
34.9739
 30
0.0
 10
-50.4647
 20
32.6911
 30
0.0
 10
-50.4647
 20
32.6911
 30
0.0
  0
SPLINE
  5
76
330
1F
100
AcDbEntity
  8
layer 1
 62
   155
100
AcDbSpline
210
0.0
220
0.0
230
1.0
 70
    11
 71
     3
 72
    92
 73
    88
 74
     0
 42
0.000000001
 43
0.0000000001
 40
0.0
 40
0.0
 40
0.0
 40
0.0
 40
0.0434782608695652
 40
0.0434782608695652
 40
0.0434782608695652
 40
0.0434782608695652
 40
0.0869565217391304
 40
0.0869565217391304
 40
0.0869565217391304
 40
0.0869565217391304
 40
0.1304347826086956
 40
0.1304347826086956
 40
0.1304347826086956
 40
0.1304347826086956
 40
0.1739130434782609
 40
0.1739130434782609
 40
0.1739130434782609
 40
0.1739130434782609
 40
0.2173913043478261
 40
0.2173913043478261
 40
0.2173913043478261
 40
0.2173913043478261
 40
0.2608695652173913
 40
0.2608695652173913
 40
0.2608695652173913
 40
0.2608695652173913
 40
0.3043478260869565
 40
0.3043478260869565
 40
0.3043478260869565
 40
0.3043478260869565
 40
0.3478260869565217
 40
0.3478260869565217
 40
0.3478260869565217
 40
0.3478260869565217
 40
0.391304347826087
 40
0.391304347826087
 40
0.391304347826087
 40
0.391304347826087
 40
0.4347826086956522
 40
0.4347826086956522
 40
0.4347826086956522
 40
0.4347826086956522
 40
0.4782608695652174
 40
0.4782608695652174
 40
0.4782608695652174
 40
0.4782608695652174
 40
0.5217391304347826
 40
0.5217391304347826
 40
0.5217391304347826
 40
0.5217391304347826
 40
0.5652173913043478
 40
0.5652173913043478
 40
0.5652173913043478
 40
0.5652173913043478
 40
0.6086956521739131
 40
0.6086956521739131
 40
0.6086956521739131
 40
0.6086956521739131
 40
0.6521739130434783
 40
0.6521739130434783
 40
0.6521739130434783
 40
0.6521739130434783
 40
0.6956521739130435
 40
0.6956521739130435
 40
0.6956521739130435
 40
0.6956521739130435
 40
0.7391304347826086
 40
0.7391304347826086
 40
0.7391304347826086
 40
0.7391304347826086
 40
0.782608695652174
 40
0.782608695652174
 40
0.782608695652174
 40
0.782608695652174
 40
0.8260869565217391
 40
0.8260869565217391
 40
0.8260869565217391
 40
0.8260869565217391
 40
0.8695652173913043
 40
0.8695652173913043
 40
0.8695652173913043
 40
0.8695652173913043
 40
0.9130434782608695
 40
0.9130434782608695
 40
0.9130434782608695
 40
0.9130434782608695
 40
1.0
 40
1.0
 40
1.0
 40
1.0
 10
-49.7466
 20
33.288
 30
0.0
 10
-49.7466
 20
33.288
 30
0.0
 10
-49.4545
 20
33.3102
 30
0.0
 10
-49.4545
 20
33.3102
 30
0.0
 10
-49.4545
 20
33.3102
 30
0.0
 10
-49.4329
 20
33.1679
 30
0.0
 10
-49.3826
 20
33.061
 30
0.0
 10
-49.3043
 20
32.989
 30
0.0
 10
-49.3043
 20
32.989
 30
0.0
 10
-49.2259
 20
32.9176
 30
0.0
 10
-49.1302
 20
32.8816
 30
0.0
 10
-49.0175
 20
32.8816
 30
0.0
 10
-49.0175
 20
32.8816
 30
0.0
 10
-48.8815
 20
32.8816
 30
0.0
 10
-48.7677
 20
32.9324
 30
0.0
 10
-48.6751
 20
33.0335
 30
0.0
 10
-48.6751
 20
33.0335
 30
0.0
 10
-48.583
 20
33.1351
 30
0.0
 10
-48.537
 20
33.2695
 30
0.0
 10
-48.537
 20
33.4367
 30
0.0
 10
-48.537
 20
33.4367
 30
0.0
 10
-48.537
 20
33.596
 30
0.0
 10
-48.5809
 20
33.7214
 30
0.0
 10
-48.6693
 20
33.8135
 30
0.0
 10
-48.6693
 20
33.8135
 30
0.0
 10
-48.7576
 20
33.9055
 30
0.0
 10
-48.8746
 20
33.9516
 30
0.0
 10
-49.0201
 20
33.9516
 30
0.0
 10
-49.0201
 20
33.9516
 30
0.0
 10
-49.1106
 20
33.9516
 30
0.0
 10
-49.1916
 20
33.9309
 30
0.0
 10
-49.2635
 20
33.8897
 30
0.0
 10
-49.2635
 20
33.8897
 30
0.0
 10
-49.335
 20
33.8484
 30
0.0
 10
-49.391
 20
33.7949
 30
0.0
 10
-49.4323
 20
33.7293
 30
0.0
 10
-49.4323
 20
33.7293
 30
0.0
 10
-49.4323
 20
33.7293
 30
0.0
 10
-49.6958
 20
33.7674
 30
0.0
 10
-49.6958
 20
33.7674
 30
0.0
 10
-49.6958
 20
33.7674
 30
0.0
 10
-49.6958
 20
33.7674
 30
0.0
 10
-49.4768
 20
34.9358
 30
0.0
 10
-49.4768
 20
34.9358
 30
0.0
 10
-49.4768
 20
34.9358
 30
0.0
 10
-49.4768
 20
34.9358
 30
0.0
 10
-48.3496
 20
34.9358
 30
0.0
 10
-48.3496
 20
34.9358
 30
0.0
 10
-48.3496
 20
34.9358
 30
0.0
 10
-48.3496
 20
34.9358
 30
0.0
 10
-48.3496
 20
34.6691
 30
0.0
 10
-48.3496
 20
34.6691
 30
0.0
 10
-48.3496
 20
34.6691
 30
0.0
 10
-48.3496
 20
34.6691
 30
0.0
 10
-49.254
 20
34.6691
 30
0.0
 10
-49.254
 20
34.6691
 30
0.0
 10
-49.254
 20
34.6691
 30
0.0
 10
-49.254
 20
34.6691
 30
0.0
 10
-49.3752
 20
34.0558
 30
0.0
 10
-49.3752
 20
34.0558
 30
0.0
 10
-49.3752
 20
34.0558
 30
0.0
 10
-49.2392
 20
34.1516
 30
0.0
 10
-49.0963
 20
34.1992
 30
0.0
 10
-48.9471
 20
34.1992
 30
0.0
 10
-48.9471
 20
34.1992
 30
0.0
 10
-48.7492
 20
34.1992
 30
0.0
 10
-48.582
 20
34.1304
 30
0.0
 10
-48.446
 20
33.9929
 30
0.0
 10
-48.446
 20
33.9929
 30
0.0
 10
-48.31
 20
33.8553
 30
0.0
 10
-48.2417
 20
33.6785
 30
0.0
 10
-48.2417
 20
33.4626
 30
0.0
 10
-48.2417
 20
33.4626
 30
0.0
 10
-48.2417
 20
33.2568
 30
0.0
 10
-48.3015
 20
33.079
 30
0.0
 10
-48.4211
 20
32.9292
 30
0.0
 10
-48.4211
 20
32.9292
 30
0.0
 10
-48.5666
 20
32.7451
 30
0.0
 10
-48.7656
 20
32.653
 30
0.0
 10
-49.0175
 20
32.653
 30
0.0
 10
-49.0175
 20
32.653
 30
0.0
 10
-49.2238
 20
32.653
 30
0.0
 10
-49.3921
 20
32.7112
 30
0.0
 10
-49.5228
 20
32.8271
 30
0.0
 10
-49.5228
 20
32.8271
 30
0.0
 10
-49.6535
 20
32.943
 30
0.0
 10
-49.7281
 20
33.0964
 30
0.0
 10
-49.7466
 20
33.288
 30
0.0
  0
SPLINE
  5
77
330
1F
100
AcDbEntity
  8
layer 1
 62
   155
100
AcDbSpline
210
0.0
220
0.0
230
1.0
 70
    11
 71
     3
 72
    40
 73
    36
 74
     0
 42
0.000000001
 43
0.0000000001
 40
0.0
 40
0.0
 40
0.0
 40
0.0
 40
0.1
 40
0.1
 40
0.1
 40
0.1
 40
0.2
 40
0.2
 40
0.2
 40
0.2
 40
0.3
 40
0.3
 40
0.3
 40
0.3
 40
0.4
 40
0.4
 40
0.4
 40
0.4
 40
0.5
 40
0.5
 40
0.5
 40
0.5
 40
0.6
 40
0.6
 40
0.6
 40
0.6
 40
0.7
 40
0.7
 40
0.7
 40
0.7
 40
0.8
 40
0.8
 40
0.8
 40
0.8
 40
1.0
 40
1.0
 40
1.0
 40
1.0
 10
-47.8316
 20
32.6911
 30
0.0
 10
-47.8316
 20
32.6911
 30
0.0
 10
-47.8316
 20
33.0086
 30
0.0
 10
-47.8316
 20
33.0086
 30
0.0
 10
-47.8316
 20
33.0086
 30
0.0
 10
-47.8316
 20
33.0086
 30
0.0
 10
-47.5141
 20
33.0086
 30
0.0
 10
-47.5141
 20
33.0086
 30
0.0
 10
-47.5141
 20
33.0086
 30
0.0
 10
-47.5141
 20
33.0086
 30
0.0
 10
-47.5141
 20
32.6911
 30
0.0
 10
-47.5141
 20
32.6911
 30
0.0
 10
-47.5141
 20
32.6911
 30
0.0
 10
-47.5141
 20
32.5742
 30
0.0
 10
-47.5348
 20
32.4794
 30
0.0
 10
-47.5766
 20
32.4075
 30
0.0
 10
-47.5766
 20
32.4075
 30
0.0
 10
-47.6178
 20
32.3355
 30
0.0
 10
-47.684
 20
32.2794
 30
0.0
 10
-47.7745
 20
32.2402
 30
0.0
 10
-47.7745
 20
32.2402
 30
0.0
 10
-47.7745
 20
32.2402
 30
0.0
 10
-47.8507
 20
32.3609
 30
0.0
 10
-47.8507
 20
32.3609
 30
0.0
 10
-47.8507
 20
32.3609
 30
0.0
 10
-47.7914
 20
32.3868
 30
0.0
 10
-47.748
 20
32.4249
 30
0.0
 10
-47.7205
 20
32.4747
 30
0.0
 10
-47.7205
 20
32.4747
 30
0.0
 10
-47.6925
 20
32.5249
 30
0.0
 10
-47.6766
 20
32.5969
 30
0.0
 10
-47.6734
 20
32.6911
 30
0.0
 10
-47.6734
 20
32.6911
 30
0.0
 10
-47.6734
 20
32.6911
 30
0.0
 10
-47.8316
 20
32.6911
 30
0.0
 10
-47.8316
 20
32.6911
 30
0.0
  0
SPLINE
  5
78
330
1F
100
AcDbEntity
  8
layer 1
 62
   155
100
AcDbSpline
210
0.0
220
0.0
230
1.0
 70
    11
 71
     3
 72
    52
 73
    48
 74
     0
 42
0.000000001
 43
0.0000000001
 40
0.0
 40
0.0
 40
0.0
 40
0.0
 40
0.0769230769230769
 40
0.0769230769230769
 40
0.0769230769230769
 40
0.0769230769230769
 40
0.1538461538461539
 40
0.1538461538461539
 40
0.1538461538461539
 40
0.1538461538461539
 40
0.2307692307692308
 40
0.2307692307692308
 40
0.2307692307692308
 40
0.2307692307692308
 40
0.3076923076923077
 40
0.3076923076923077
 40
0.3076923076923077
 40
0.3076923076923077
 40
0.3846153846153846
 40
0.3846153846153846
 40
0.3846153846153846
 40
0.3846153846153846
 40
0.4615384615384616
 40
0.4615384615384616
 40
0.4615384615384616
 40
0.4615384615384616
 40
0.5384615384615384
 40
0.5384615384615384
 40
0.5384615384615384
 40
0.5384615384615384
 40
0.6153846153846154
 40
0.6153846153846154
 40
0.6153846153846154
 40
0.6153846153846154
 40
0.6923076923076923
 40
0.6923076923076923
 40
0.6923076923076923
 40
0.6923076923076923
 40
0.7692307692307693
 40
0.7692307692307693
 40
0.7692307692307693
 40
0.7692307692307693
 40
0.8461538461538461
 40
0.8461538461538461
 40
0.8461538461538461
 40
0.8461538461538461
 40
1.0
 40
1.0
 40
1.0
 40
1.0
 10
-47.0987
 20
33.8129
 30
0.0
 10
-47.0987
 20
34.0812
 30
0.0
 10
-47.0712
 20
34.2982
 30
0.0
 10
-47.0162
 20
34.4622
 30
0.0
 10
-47.0162
 20
34.4622
 30
0.0
 10
-46.9606
 20
34.6268
 30
0.0
 10
-46.8786
 20
34.7533
 30
0.0
 10
-46.7696
 20
34.8416
 30
0.0
 10
-46.7696
 20
34.8416
 30
0.0
 10
-46.6611
 20
34.93
 30
0.0
 10
-46.5241
 20
34.9739
 30
0.0
 10
-46.359
 20
34.9739
 30
0.0
 10
-46.359
 20
34.9739
 30
0.0
 10
-46.2373
 20
34.9739
 30
0.0
 10
-46.1304
 20
34.9496
 30
0.0
 10
-46.0378
 20
34.9004
 30
0.0
 10
-46.0378
 20
34.9004
 30
0.0
 10
-45.9457
 20
34.8512
 30
0.0
 10
-45.8695
 20
34.7803
 30
0.0
 10
-45.8102
 20
34.6876
 30
0.0
 10
-45.8102
 20
34.6876
 30
0.0
 10
-45.751
 20
34.5956
 30
0.0
 10
-45.7044
 20
34.4829
 30
0.0
 10
-45.6705
 20
34.35
 30
0.0
 10
-45.6705
 20
34.35
 30
0.0
 10
-45.6361
 20
34.2172
 30
0.0
 10
-45.6192
 20
34.0378
 30
0.0
 10
-45.6192
 20
33.8129
 30
0.0
 10
-45.6192
 20
33.8129
 30
0.0
 10
-45.6192
 20
33.5462
 30
0.0
 10
-45.6467
 20
33.3303
 30
0.0
 10
-45.7012
 20
33.1663
 30
0.0
 10
-45.7012
 20
33.1663
 30
0.0
 10
-45.7557
 20
33.0017
 30
0.0
 10
-45.8377
 20
32.8753
 30
0.0
 10
-45.9468
 20
32.7864
 30
0.0
 10
-45.9468
 20
32.7864
 30
0.0
 10
-46.0552
 20
32.6975
 30
0.0
 10
-46.1928
 20
32.653
 30
0.0
 10
-46.359
 20
32.653
 30
0.0
 10
-46.359
 20
32.653
 30
0.0
 10
-46.5775
 20
32.653
 30
0.0
 10
-46.7495
 20
32.7308
 30
0.0
 10
-46.8744
 20
32.8869
 30
0.0
 10
-46.8744
 20
32.8869
 30
0.0
 10
-47.0241
 20
33.0774
 30
0.0
 10
-47.0987
 20
33.3859
 30
0.0
 10
-47.0987
 20
33.8129
 30
0.0
  0
SPLINE
  5
79
330
1F
100
AcDbEntity
  8
layer 1
 62
   155
100
AcDbSpline
210
0.0
220
0.0
230
1.0
 70
    11
 71
     3
 72
    36
 73
    32
 74
     0
 42
0.000000001
 43
0.0000000001
 40
0.0
 40
0.0
 40
0.0
 40
0.0
 40
0.1111111111111111
 40
0.1111111111111111
 40
0.1111111111111111
 40
0.1111111111111111
 40
0.2222222222222222
 40
0.2222222222222222
 40
0.2222222222222222
 40
0.2222222222222222
 40
0.3333333333333333
 40
0.3333333333333333
 40
0.3333333333333333
 40
0.3333333333333333
 40
0.4444444444444444
 40
0.4444444444444444
 40
0.4444444444444444
 40
0.4444444444444444
 40
0.5555555555555556
 40
0.5555555555555556
 40
0.5555555555555556
 40
0.5555555555555556
 40
0.6666666666666666
 40
0.6666666666666666
 40
0.6666666666666666
 40
0.6666666666666666
 40
0.7777777777777778
 40
0.7777777777777778
 40
0.7777777777777778
 40
0.7777777777777778
 40
1.0
 40
1.0
 40
1.0
 40
1.0
 10
-46.813
 20
33.8119
 30
0.0
 10
-46.813
 20
33.4378
 30
0.0
 10
-46.7696
 20
33.189
 30
0.0
 10
-46.6823
 20
33.0663
 30
0.0
 10
-46.6823
 20
33.0663
 30
0.0
 10
-46.595
 20
32.943
 30
0.0
 10
-46.487
 20
32.8816
 30
0.0
 10
-46.359
 20
32.8816
 30
0.0
 10
-46.359
 20
32.8816
 30
0.0
 10
-46.2309
 20
32.8816
 30
0.0
 10
-46.123
 20
32.9435
 30
0.0
 10
-46.0357
 20
33.0668
 30
0.0
 10
-46.0357
 20
33.0668
 30
0.0
 10
-45.9483
 20
33.1906
 30
0.0
 10
-45.9049
 20
33.4388
 30
0.0
 10
-45.9049
 20
33.8119
 30
0.0
 10
-45.9049
 20
33.8119
 30
0.0
 10
-45.9049
 20
34.186
 30
0.0
 10
-45.9483
 20
34.4347
 30
0.0
 10
-46.0357
 20
34.5575
 30
0.0
 10
-46.0357
 20
34.5575
 30
0.0
 10
-46.1224
 20
34.6808
 30
0.0
 10
-46.2314
 20
34.7422
 30
0.0
 10
-46.3621
 20
34.7422
 30
0.0
 10
-46.3621
 20
34.7422
 30
0.0
 10
-46.4902
 20
34.7422
 30
0.0
 10
-46.5929
 20
34.6876
 30
0.0
 10
-46.6696
 20
34.5792
 30
0.0
 10
-46.6696
 20
34.5792
 30
0.0
 10
-46.7654
 20
34.4411
 30
0.0
 10
-46.813
 20
34.1849
 30
0.0
 10
-46.813
 20
33.8119
 30
0.0
  0
SPLINE
  5
7A
330
1F
100
AcDbEntity
  8
layer 1
 62
   155
100
AcDbSpline
210
0.0
220
0.0
230
1.0
 70
    11
 71
     3
 72
   124
 73
   120
 74
     0
 42
0.000000001
 43
0.0000000001
 40
0.0
 40
0.0
 40
0.0
 40
0.0
 40
0.032258064516129
 40
0.032258064516129
 40
0.032258064516129
 40
0.032258064516129
 40
0.0645161290322581
 40
0.0645161290322581
 40
0.0645161290322581
 40
0.0645161290322581
 40
0.0967741935483871
 40
0.0967741935483871
 40
0.0967741935483871
 40
0.0967741935483871
 40
0.1290322580645161
 40
0.1290322580645161
 40
0.1290322580645161
 40
0.1290322580645161
 40
0.1612903225806452
 40
0.1612903225806452
 40
0.1612903225806452
 40
0.1612903225806452
 40
0.1935483870967742
 40
0.1935483870967742
 40
0.1935483870967742
 40
0.1935483870967742
 40
0.2258064516129032
 40
0.2258064516129032
 40
0.2258064516129032
 40
0.2258064516129032
 40
0.2580645161290323
 40
0.2580645161290323
 40
0.2580645161290323
 40
0.2580645161290323
 40
0.2903225806451613
 40
0.2903225806451613
 40
0.2903225806451613
 40
0.2903225806451613
 40
0.3225806451612903
 40
0.3225806451612903
 40
0.3225806451612903
 40
0.3225806451612903
 40
0.3548387096774194
 40
0.3548387096774194
 40
0.3548387096774194
 40
0.3548387096774194
 40
0.3870967741935484
 40
0.3870967741935484
 40
0.3870967741935484
 40
0.3870967741935484
 40
0.4193548387096774
 40
0.4193548387096774
 40
0.4193548387096774
 40
0.4193548387096774
 40
0.4516129032258064
 40
0.4516129032258064
 40
0.4516129032258064
 40
0.4516129032258064
 40
0.4838709677419355
 40
0.4838709677419355
 40
0.4838709677419355
 40
0.4838709677419355
 40
0.5161290322580645
 40
0.5161290322580645
 40
0.5161290322580645
 40
0.5161290322580645
 40
0.5483870967741935
 40
0.5483870967741935
 40
0.5483870967741935
 40
0.5483870967741935
 40
0.5806451612903226
 40
0.5806451612903226
 40
0.5806451612903226
 40
0.5806451612903226
 40
0.6129032258064516
 40
0.6129032258064516
 40
0.6129032258064516
 40
0.6129032258064516
 40
0.6451612903225806
 40
0.6451612903225806
 40
0.6451612903225806
 40
0.6451612903225806
 40
0.6774193548387096
 40
0.6774193548387096
 40
0.6774193548387096
 40
0.6774193548387096
 40
0.7096774193548387
 40
0.7096774193548387
 40
0.7096774193548387
 40
0.7096774193548387
 40
0.7419354838709677
 40
0.7419354838709677
 40
0.7419354838709677
 40
0.7419354838709677
 40
0.7741935483870968
 40
0.7741935483870968
 40
0.7741935483870968
 40
0.7741935483870968
 40
0.8064516129032258
 40
0.8064516129032258
 40
0.8064516129032258
 40
0.8064516129032258
 40
0.8387096774193549
 40
0.8387096774193549
 40
0.8387096774193549
 40
0.8387096774193549
 40
0.8709677419354839
 40
0.8709677419354839
 40
0.8709677419354839
 40
0.8709677419354839
 40
0.9032258064516129
 40
0.9032258064516129
 40
0.9032258064516129
 40
0.9032258064516129
 40
0.9354838709677419
 40
0.9354838709677419
 40
0.9354838709677419
 40
0.9354838709677419
 40
1.0
 40
1.0
 40
1.0
 40
1.0
 10
-45.3329
 20
33.2944
 30
0.0
 10
-45.3329
 20
33.2944
 30
0.0
 10
-45.0535
 20
33.3325
 30
0.0
 10
-45.0535
 20
33.3325
 30
0.0
 10
-45.0535
 20
33.3325
 30
0.0
 10
-45.0213
 20
33.1737
 30
0.0
 10
-44.9673
 20
33.0594
 30
0.0
 10
-44.8906
 20
32.9896
 30
0.0
 10
-44.8906
 20
32.9896
 30
0.0
 10
-44.8138
 20
32.9197
 30
0.0
 10
-44.7196
 20
32.8848
 30
0.0
 10
-44.608
 20
32.8848
 30
0.0
 10
-44.608
 20
32.8848
 30
0.0
 10
-44.4757
 20
32.8848
 30
0.0
 10
-44.364
 20
32.9303
 30
0.0
 10
-44.2741
 20
33.0213
 30
0.0
 10
-44.2741
 20
33.0213
 30
0.0
 10
-44.1841
 20
33.1123
 30
0.0
 10
-44.1391
 20
33.225
 30
0.0
 10
-44.1391
 20
33.3594
 30
0.0
 10
-44.1391
 20
33.3594
 30
0.0
 10
-44.1391
 20
33.4875
 30
0.0
 10
-44.181
 20
33.5933
 30
0.0
 10
-44.2651
 20
33.6769
 30
0.0
 10
-44.2651
 20
33.6769
 30
0.0
 10
-44.3487
 20
33.76
 30
0.0
 10
-44.4551
 20
33.8018
 30
0.0
 10
-44.5847
 20
33.8018
 30
0.0
 10
-44.5847
 20
33.8018
 30
0.0
 10
-44.6376
 20
33.8018
 30
0.0
 10
-44.7032
 20
33.7912
 30
0.0
 10
-44.7821
 20
33.7706
 30
0.0
 10
-44.7821
 20
33.7706
 30
0.0
 10
-44.7821
 20
33.7706
 30
0.0
 10
-44.7509
 20
34.0151
 30
0.0
 10
-44.7509
 20
34.0151
 30
0.0
 10
-44.7509
 20
34.0151
 30
0.0
 10
-44.7323
 20
34.013
 30
0.0
 10
-44.717
 20
34.0119
 30
0.0
 10
-44.7059
 20
34.0119
 30
0.0
 10
-44.7059
 20
34.0119
 30
0.0
 10
-44.5863
 20
34.0119
 30
0.0
 10
-44.4794
 20
34.0431
 30
0.0
 10
-44.3836
 20
34.105
 30
0.0
 10
-44.3836
 20
34.105
 30
0.0
 10
-44.2884
 20
34.1669
 30
0.0
 10
-44.2407
 20
34.2622
 30
0.0
 10
-44.2407
 20
34.3908
 30
0.0
 10
-44.2407
 20
34.3908
 30
0.0
 10
-44.2407
 20
34.4929
 30
0.0
 10
-44.2757
 20
34.5776
 30
0.0
 10
-44.345
 20
34.6448
 30
0.0
 10
-44.345
 20
34.6448
 30
0.0
 10
-44.4143
 20
34.712
 30
0.0
 10
-44.5037
 20
34.7453
 30
0.0
 10
-44.6133
 20
34.7453
 30
0.0
 10
-44.6133
 20
34.7453
 30
0.0
 10
-44.7223
 20
34.7453
 30
0.0
 10
-44.8128
 20
34.7109
 30
0.0
 10
-44.8853
 20
34.6421
 30
0.0
 10
-44.8853
 20
34.6421
 30
0.0
 10
-44.9578
 20
34.5733
 30
0.0
 10
-45.0043
 20
34.4702
 30
0.0
 10
-45.025
 20
34.3326
 30
0.0
 10
-45.025
 20
34.3326
 30
0.0
 10
-45.025
 20
34.3326
 30
0.0
 10
-45.3044
 20
34.3834
 30
0.0
 10
-45.3044
 20
34.3834
 30
0.0
 10
-45.3044
 20
34.3834
 30
0.0
 10
-45.27
 20
34.5707
 30
0.0
 10
-45.1927
 20
34.7162
 30
0.0
 10
-45.0715
 20
34.8194
 30
0.0
 10
-45.0715
 20
34.8194
 30
0.0
 10
-44.9509
 20
34.9226
 30
0.0
 10
-44.8001
 20
34.9739
 30
0.0
 10
-44.6202
 20
34.9739
 30
0.0
 10
-44.6202
 20
34.9739
 30
0.0
 10
-44.4963
 20
34.9739
 30
0.0
 10
-44.382
 20
34.9475
 30
0.0
 10
-44.2778
 20
34.894
 30
0.0
 10
-44.2778
 20
34.894
 30
0.0
 10
-44.173
 20
34.8411
 30
0.0
 10
-44.0931
 20
34.7686
 30
0.0
 10
-44.0381
 20
34.6771
 30
0.0
 10
-44.0381
 20
34.6771
 30
0.0
 10
-43.9825
 20
34.585
 30
0.0
 10
-43.955
 20
34.4876
 30
0.0
 10
-43.955
 20
34.3844
 30
0.0
 10
-43.955
 20
34.3844
 30
0.0
 10
-43.955
 20
34.2865
 30
0.0
 10
-43.9815
 20
34.1976
 30
0.0
 10
-44.0338
 20
34.1172
 30
0.0
 10
-44.0338
 20
34.1172
 30
0.0
 10
-44.0868
 20
34.0368
 30
0.0
 10
-44.1651
 20
33.9727
 30
0.0
 10
-44.2683
 20
33.9251
 30
0.0
 10
-44.2683
 20
33.9251
 30
0.0
 10
-44.1339
 20
33.8944
 30
0.0
 10
-44.0296
 20
33.8299
 30
0.0
 10
-43.955
 20
33.732
 30
0.0
 10
-43.955
 20
33.732
 30
0.0
 10
-43.8809
 20
33.6346
 30
0.0
 10
-43.8439
 20
33.5118
 30
0.0
 10
-43.8439
 20
33.3653
 30
0.0
 10
-43.8439
 20
33.3653
 30
0.0
 10
-43.8439
 20
33.1668
 30
0.0
 10
-43.9164
 20
32.998
 30
0.0
 10
-44.0608
 20
32.8599
 30
0.0
 10
-44.0608
 20
32.8599
 30
0.0
 10
-44.2058
 20
32.7218
 30
0.0
 10
-44.3889
 20
32.653
 30
0.0
 10
-44.6101
 20
32.653
 30
0.0
 10
-44.6101
 20
32.653
 30
0.0
 10
-44.8096
 20
32.653
 30
0.0
 10
-44.9752
 20
32.7128
 30
0.0
 10
-45.107
 20
32.8319
 30
0.0
 10
-45.107
 20
32.8319
 30
0.0
 10
-45.2393
 20
32.9509
 30
0.0
 10
-45.3144
 20
33.1049
 30
0.0
 10
-45.3329
 20
33.2944
 30
0.0
  0
SPLINE
  5
7B
330
1F
100
AcDbEntity
  8
layer 1
 62
   155
100
AcDbSpline
210
0.0
220
0.0
230
1.0
 70
    11
 71
     3
 72
    56
 73
    52
 74
     0
 42
0.000000001
 43
0.0000000001
 40
0.0
 40
0.0
 40
0.0
 40
0.0
 40
0.0714285714285714
 40
0.0714285714285714
 40
0.0714285714285714
 40
0.0714285714285714
 40
0.1428571428571428
 40
0.1428571428571428
 40
0.1428571428571428
 40
0.1428571428571428
 40
0.2142857142857143
 40
0.2142857142857143
 40
0.2142857142857143
 40
0.2142857142857143
 40
0.2857142857142857
 40
0.2857142857142857
 40
0.2857142857142857
 40
0.2857142857142857
 40
0.3571428571428572
 40
0.3571428571428572
 40
0.3571428571428572
 40
0.3571428571428572
 40
0.4285714285714285
 40
0.4285714285714285
 40
0.4285714285714285
 40
0.4285714285714285
 40
0.5
 40
0.5
 40
0.5
 40
0.5
 40
0.5714285714285714
 40
0.5714285714285714
 40
0.5714285714285714
 40
0.5714285714285714
 40
0.6428571428571429
 40
0.6428571428571429
 40
0.6428571428571429
 40
0.6428571428571429
 40
0.7142857142857143
 40
0.7142857142857143
 40
0.7142857142857143
 40
0.7142857142857143
 40
0.7857142857142857
 40
0.7857142857142857
 40
0.7857142857142857
 40
0.7857142857142857
 40
0.8571428571428571
 40
0.8571428571428571
 40
0.8571428571428571
 40
0.8571428571428571
 40
1.0
 40
1.0
 40
1.0
 40
1.0
 10
-42.5993
 20
34.3389
 30
0.0
 10
-42.5993
 20
34.3389
 30
0.0
 10
-42.1696
 20
34.3389
 30
0.0
 10
-42.1696
 20
34.3389
 30
0.0
 10
-42.1696
 20
34.3389
 30
0.0
 10
-42.1696
 20
34.3389
 30
0.0
 10
-41.7341
 20
33.0202
 30
0.0
 10
-41.7341
 20
33.0202
 30
0.0
 10
-41.7341
 20
33.0202
 30
0.0
 10
-41.7341
 20
33.0202
 30
0.0
 10
-41.2521
 20
34.3389
 30
0.0
 10
-41.2521
 20
34.3389
 30
0.0
 10
-41.2521
 20
34.3389
 30
0.0
 10
-41.2521
 20
34.3389
 30
0.0
 10
-40.8531
 20
34.3389
 30
0.0
 10
-40.8531
 20
34.3389
 30
0.0
 10
-40.8531
 20
34.3389
 30
0.0
 10
-40.8531
 20
34.3389
 30
0.0
 10
-40.8531
 20
32.6911
 30
0.0
 10
-40.8531
 20
32.6911
 30
0.0
 10
-40.8531
 20
32.6911
 30
0.0
 10
-40.8531
 20
32.6911
 30
0.0
 10
-41.1325
 20
32.6911
 30
0.0
 10
-41.1325
 20
32.6911
 30
0.0
 10
-41.1325
 20
32.6911
 30
0.0
 10
-41.1325
 20
32.6911
 30
0.0
 10
-41.1325
 20
34.0177
 30
0.0
 10
-41.1325
 20
34.0177
 30
0.0
 10
-41.1325
 20
34.0177
 30
0.0
 10
-41.1325
 20
34.0177
 30
0.0
 10
-41.6177
 20
32.6911
 30
0.0
 10
-41.6177
 20
32.6911
 30
0.0
 10
-41.6177
 20
32.6911
 30
0.0
 10
-41.6177
 20
32.6911
 30
0.0
 10
-41.8675
 20
32.6911
 30
0.0
 10
-41.8675
 20
32.6911
 30
0.0
 10
-41.8675
 20
32.6911
 30
0.0
 10
-41.8675
 20
32.6911
 30
0.0
 10
-42.3263
 20
34.0812
 30
0.0
 10
-42.3263
 20
34.0812
 30
0.0
 10
-42.3263
 20
34.0812
 30
0.0
 10
-42.3263
 20
34.0812
 30
0.0
 10
-42.3263
 20
32.6911
 30
0.0
 10
-42.3263
 20
32.6911
 30
0.0
 10
-42.3263
 20
32.6911
 30
0.0
 10
-42.3263
 20
32.6911
 30
0.0
 10
-42.5993
 20
32.6911
 30
0.0
 10
-42.5993
 20
32.6911
 30
0.0
 10
-42.5993
 20
32.6911
 30
0.0
 10
-42.5993
 20
32.6911
 30
0.0
 10
-42.5993
 20
34.3389
 30
0.0
 10
-42.5993
 20
34.3389
 30
0.0
  0
SPLINE
  5
7C
330
1F
100
AcDbEntity
  8
layer 1
 62
   155
100
AcDbSpline
210
0.0
220
0.0
230
1.0
 70
    11
 71
     3
 72
    56
 73
    52
 74
     0
 42
0.000000001
 43
0.0000000001
 40
0.0
 40
0.0
 40
0.0
 40
0.0
 40
0.0714285714285714
 40
0.0714285714285714
 40
0.0714285714285714
 40
0.0714285714285714
 40
0.1428571428571428
 40
0.1428571428571428
 40
0.1428571428571428
 40
0.1428571428571428
 40
0.2142857142857143
 40
0.2142857142857143
 40
0.2142857142857143
 40
0.2142857142857143
 40
0.2857142857142857
 40
0.2857142857142857
 40
0.2857142857142857
 40
0.2857142857142857
 40
0.3571428571428572
 40
0.3571428571428572
 40
0.3571428571428572
 40
0.3571428571428572
 40
0.4285714285714285
 40
0.4285714285714285
 40
0.4285714285714285
 40
0.4285714285714285
 40
0.5
 40
0.5
 40
0.5
 40
0.5
 40
0.5714285714285714
 40
0.5714285714285714
 40
0.5714285714285714
 40
0.5714285714285714
 40
0.6428571428571429
 40
0.6428571428571429
 40
0.6428571428571429
 40
0.6428571428571429
 40
0.7142857142857143
 40
0.7142857142857143
 40
0.7142857142857143
 40
0.7142857142857143
 40
0.7857142857142857
 40
0.7857142857142857
 40
0.7857142857142857
 40
0.7857142857142857
 40
0.8571428571428571
 40
0.8571428571428571
 40
0.8571428571428571
 40
0.8571428571428571
 40
1.0
 40
1.0
 40
1.0
 40
1.0
 10
-40.4165
 20
34.3389
 30
0.0
 10
-40.4165
 20
34.3389
 30
0.0
 10
-39.9868
 20
34.3389
 30
0.0
 10
-39.9868
 20
34.3389
 30
0.0
 10
-39.9868
 20
34.3389
 30
0.0
 10
-39.9868
 20
34.3389
 30
0.0
 10
-39.5513
 20
33.0202
 30
0.0
 10
-39.5513
 20
33.0202
 30
0.0
 10
-39.5513
 20
33.0202
 30
0.0
 10
-39.5513
 20
33.0202
 30
0.0
 10
-39.0693
 20
34.3389
 30
0.0
 10
-39.0693
 20
34.3389
 30
0.0
 10
-39.0693
 20
34.3389
 30
0.0
 10
-39.0693
 20
34.3389
 30
0.0
 10
-38.6703
 20
34.3389
 30
0.0
 10
-38.6703
 20
34.3389
 30
0.0
 10
-38.6703
 20
34.3389
 30
0.0
 10
-38.6703
 20
34.3389
 30
0.0
 10
-38.6703
 20
32.6911
 30
0.0
 10
-38.6703
 20
32.6911
 30
0.0
 10
-38.6703
 20
32.6911
 30
0.0
 10
-38.6703
 20
32.6911
 30
0.0
 10
-38.9497
 20
32.6911
 30
0.0
 10
-38.9497
 20
32.6911
 30
0.0
 10
-38.9497
 20
32.6911
 30
0.0
 10
-38.9497
 20
32.6911
 30
0.0
 10
-38.9497
 20
34.0177
 30
0.0
 10
-38.9497
 20
34.0177
 30
0.0
 10
-38.9497
 20
34.0177
 30
0.0
 10
-38.9497
 20
34.0177
 30
0.0
 10
-39.4349
 20
32.6911
 30
0.0
 10
-39.4349
 20
32.6911
 30
0.0
 10
-39.4349
 20
32.6911
 30
0.0
 10
-39.4349
 20
32.6911
 30
0.0
 10
-39.6847
 20
32.6911
 30
0.0
 10
-39.6847
 20
32.6911
 30
0.0
 10
-39.6847
 20
32.6911
 30
0.0
 10
-39.6847
 20
32.6911
 30
0.0
 10
-40.1435
 20
34.0812
 30
0.0
 10
-40.1435
 20
34.0812
 30
0.0
 10
-40.1435
 20
34.0812
 30
0.0
 10
-40.1435
 20
34.0812
 30
0.0
 10
-40.1435
 20
32.6911
 30
0.0
 10
-40.1435
 20
32.6911
 30
0.0
 10
-40.1435
 20
32.6911
 30
0.0
 10
-40.1435
 20
32.6911
 30
0.0
 10
-40.4165
 20
32.6911
 30
0.0
 10
-40.4165
 20
32.6911
 30
0.0
 10
-40.4165
 20
32.6911
 30
0.0
 10
-40.4165
 20
32.6911
 30
0.0
 10
-40.4165
 20
34.3389
 30
0.0
 10
-40.4165
 20
34.3389
 30
0.0
  0
SPLINE
  5
7D
330
1F
100
AcDbEntity
  8
layer 1
  6
New Line1
 62
   155
370
     9
100
AcDbSpline
210
0.0
220
0.0
230
1.0
 70
    24
 71
     3
 72
     8
 73
     4
 74
     0
 42
0.000000001
 43
0.0000000001
 40
0.0
 40
0.0
 40
0.0
 40
0.0
 40
1.0
 40
1.0
 40
1.0
 40
1.0
 10
52.5
 20
31.5693
 30
0.0
 10
52.5
 20
31.5693
 30
0.0
 10
52.5
 20
36.5693
 30
0.0
 10
52.5
 20
36.5693
 30
0.0
  0
SPLINE
  5
7F
330
1F
100
AcDbEntity
  8
layer 1
  6
New Line2
 62
   155
370
     9
100
AcDbSpline
210
0.0
220
0.0
230
1.0
 70
    24
 71
     3
 72
     8
 73
     4
 74
     0
 42
0.000000001
 43
0.0000000001
 40
0.0
 40
0.0
 40
0.0
 40
0.0
 40
1.0
 40
1.0
 40
1.0
 40
1.0
 10
37.4701
 20
31.5693
 30
0.0
 10
37.4701
 20
31.5693
 30
0.0
 10
37.4701
 20
36.5693
 30
0.0
 10
37.4701
 20
36.5693
 30
0.0
  0
SPLINE
  5
81
330
1F
100
AcDbEntity
  8
layer 1
 62
   155
370
     9
100
AcDbSpline
210
0.0
220
0.0
230
1.0
 70
     8
 71
     3
 72
    12
 73
     8
 74
     0
 42
0.000000001
 43
0.0000000001
 40
0.0
 40
0.0
 40
0.0
 40
0.0
 40
0.3333333333333333
 40
0.3333333333333333
 40
0.3333333333333333
 40
0.3333333333333333
 40
1.0
 40
1.0
 40
1.0
 40
1.0
 10
38.0466
 20
31.8941
 30
0.0
 10
38.0466
 20
31.8941
 30
0.0
 10
37.5455
 20
31.5693
 30
0.0
 10
37.5455
 20
31.5693
 30
0.0
 10
37.5455
 20
31.5693
 30
0.0
 10
37.5455
 20
31.5693
 30
0.0
 10
38.0466
 20
31.2441
 30
0.0
 10
38.0466
 20
31.2441
 30
0.0
  0
SPLINE
  5
82
330
1F
100
AcDbEntity
  8
layer 1
 62
   155
370
     9
100
AcDbSpline
210
0.0
220
0.0
230
1.0
 70
     8
 71
     3
 72
    12
 73
     8
 74
     0
 42
0.000000001
 43
0.0000000001
 40
0.0
 40
0.0
 40
0.0
 40
0.0
 40
0.3333333333333333
 40
0.3333333333333333
 40
0.3333333333333333
 40
0.3333333333333333
 40
1.0
 40
1.0
 40
1.0
 40
1.0
 10
51.9234
 20
31.8941
 30
0.0
 10
51.9234
 20
31.8941
 30
0.0
 10
52.4245
 20
31.5693
 30
0.0
 10
52.4245
 20
31.5693
 30
0.0
 10
52.4245
 20
31.5693
 30
0.0
 10
52.4245
 20
31.5693
 30
0.0
 10
51.9234
 20
31.2441
 30
0.0
 10
51.9234
 20
31.2441
 30
0.0
  0
SPLINE
  5
83
330
1F
100
AcDbEntity
  8
layer 1
  6
New Line3
 62
   155
370
     9
100
AcDbSpline
210
0.0
220
0.0
230
1.0
 70
    24
 71
     3
 72
     8
 73
     4
 74
     0
 42
0.000000001
 43
0.0000000001
 40
0.0
 40
0.0
 40
0.0
 40
0.0
 40
1.0
 40
1.0
 40
1.0
 40
1.0
 10
37.4701
 20
31.5693
 30
0.0
 10
37.4701
 20
31.5693
 30
0.0
 10
52.5
 20
31.5693
 30
0.0
 10
52.5
 20
31.5693
 30
0.0
  0
SPLINE
  5
85
330
1F
100
AcDbEntity
  8
layer 1
 62
   155
100
AcDbSpline
210
0.0
220
0.0
230
1.0
 70
    11
 71
     3
 72
    40
 73
    36
 74
     0
 42
0.000000001
 43
0.0000000001
 40
0.0
 40
0.0
 40
0.0
 40
0.0
 40
0.1
 40
0.1
 40
0.1
 40
0.1
 40
0.2
 40
0.2
 40
0.2
 40
0.2
 40
0.3
 40
0.3
 40
0.3
 40
0.3
 40
0.4
 40
0.4
 40
0.4
 40
0.4
 40
0.5
 40
0.5
 40
0.5
 40
0.5
 40
0.6
 40
0.6
 40
0.6
 40
0.6
 40
0.7
 40
0.7
 40
0.7
 40
0.7
 40
0.8
 40
0.8
 40
0.8
 40
0.8
 40
1.0
 40
1.0
 40
1.0
 40
1.0
 10
39.5069
 20
32.9888
 30
0.0
 10
39.5069
 20
32.9888
 30
0.0
 10
39.2275
 20
32.9888
 30
0.0
 10
39.2275
 20
32.9888
 30
0.0
 10
39.2275
 20
32.9888
 30
0.0
 10
39.2275
 20
32.9888
 30
0.0
 10
39.2275
 20
34.7679
 30
0.0
 10
39.2275
 20
34.7679
 30
0.0
 10
39.2275
 20
34.7679
 30
0.0
 10
39.1603
 20
34.7033
 30
0.0
 10
39.0719
 20
34.6393
 30
0.0
 10
38.9629
 20
34.5752
 30
0.0
 10
38.9629
 20
34.5752
 30
0.0
 10
38.8539
 20
34.5112
 30
0.0
 10
38.7555
 20
34.4631
 30
0.0
 10
38.6687
 20
34.4313
 30
0.0
 10
38.6687
 20
34.4313
 30
0.0
 10
38.6687
 20
34.4313
 30
0.0
 10
38.6687
 20
34.7012
 30
0.0
 10
38.6687
 20
34.7012
 30
0.0
 10
38.6687
 20
34.7012
 30
0.0
 10
38.8248
 20
34.7742
 30
0.0
 10
38.9613
 20
34.8631
 30
0.0
 10
39.0783
 20
34.9679
 30
0.0
 10
39.0783
 20
34.9679
 30
0.0
 10
39.1952
 20
35.0721
 30
0.0
 10
39.2783
 20
35.1732
 30
0.0
 10
39.327
 20
35.2716
 30
0.0
 10
39.327
 20
35.2716
 30
0.0
 10
39.327
 20
35.2716
 30
0.0
 10
39.5069
 20
35.2716
 30
0.0
 10
39.5069
 20
35.2716
 30
0.0
 10
39.5069
 20
35.2716
 30
0.0
 10
39.5069
 20
35.2716
 30
0.0
 10
39.5069
 20
32.9888
 30
0.0
 10
39.5069
 20
32.9888
 30
0.0
  0
SPLINE
  5
86
330
1F
100
AcDbEntity
  8
layer 1
 62
   155
100
AcDbSpline
210
0.0
220
0.0
230
1.0
 70
    11
 71
     3
 72
    92
 73
    88
 74
     0
 42
0.000000001
 43
0.0000000001
 40
0.0
 40
0.0
 40
0.0
 40
0.0
 40
0.0434782608695652
 40
0.0434782608695652
 40
0.0434782608695652
 40
0.0434782608695652
 40
0.0869565217391304
 40
0.0869565217391304
 40
0.0869565217391304
 40
0.0869565217391304
 40
0.1304347826086956
 40
0.1304347826086956
 40
0.1304347826086956
 40
0.1304347826086956
 40
0.1739130434782609
 40
0.1739130434782609
 40
0.1739130434782609
 40
0.1739130434782609
 40
0.2173913043478261
 40
0.2173913043478261
 40
0.2173913043478261
 40
0.2173913043478261
 40
0.2608695652173913
 40
0.2608695652173913
 40
0.2608695652173913
 40
0.2608695652173913
 40
0.3043478260869565
 40
0.3043478260869565
 40
0.3043478260869565
 40
0.3043478260869565
 40
0.3478260869565217
 40
0.3478260869565217
 40
0.3478260869565217
 40
0.3478260869565217
 40
0.391304347826087
 40
0.391304347826087
 40
0.391304347826087
 40
0.391304347826087
 40
0.4347826086956522
 40
0.4347826086956522
 40
0.4347826086956522
 40
0.4347826086956522
 40
0.4782608695652174
 40
0.4782608695652174
 40
0.4782608695652174
 40
0.4782608695652174
 40
0.5217391304347826
 40
0.5217391304347826
 40
0.5217391304347826
 40
0.5217391304347826
 40
0.5652173913043478
 40
0.5652173913043478
 40
0.5652173913043478
 40
0.5652173913043478
 40
0.6086956521739131
 40
0.6086956521739131
 40
0.6086956521739131
 40
0.6086956521739131
 40
0.6521739130434783
 40
0.6521739130434783
 40
0.6521739130434783
 40
0.6521739130434783
 40
0.6956521739130435
 40
0.6956521739130435
 40
0.6956521739130435
 40
0.6956521739130435
 40
0.7391304347826086
 40
0.7391304347826086
 40
0.7391304347826086
 40
0.7391304347826086
 40
0.782608695652174
 40
0.782608695652174
 40
0.782608695652174
 40
0.782608695652174
 40
0.8260869565217391
 40
0.8260869565217391
 40
0.8260869565217391
 40
0.8260869565217391
 40
0.8695652173913043
 40
0.8695652173913043
 40
0.8695652173913043
 40
0.8695652173913043
 40
0.9130434782608695
 40
0.9130434782608695
 40
0.9130434782608695
 40
0.9130434782608695
 40
1.0
 40
1.0
 40
1.0
 40
1.0
 10
40.225
 20
33.5857
 30
0.0
 10
40.225
 20
33.5857
 30
0.0
 10
40.5171
 20
33.6079
 30
0.0
 10
40.5171
 20
33.6079
 30
0.0
 10
40.5171
 20
33.6079
 30
0.0
 10
40.5387
 20
33.4656
 30
0.0
 10
40.589
 20
33.3587
 30
0.0
 10
40.6673
 20
33.2867
 30
0.0
 10
40.6673
 20
33.2867
 30
0.0
 10
40.7457
 20
33.2153
 30
0.0
 10
40.8414
 20
33.1793
 30
0.0
 10
40.9541
 20
33.1793
 30
0.0
 10
40.9541
 20
33.1793
 30
0.0
 10
41.0901
 20
33.1793
 30
0.0
 10
41.2039
 20
33.2301
 30
0.0
 10
41.2965
 20
33.3312
 30
0.0
 10
41.2965
 20
33.3312
 30
0.0
 10
41.3886
 20
33.4328
 30
0.0
 10
41.4346
 20
33.5672
 30
0.0
 10
41.4346
 20
33.7344
 30
0.0
 10
41.4346
 20
33.7344
 30
0.0
 10
41.4346
 20
33.8937
 30
0.0
 10
41.3907
 20
34.0191
 30
0.0
 10
41.3023
 20
34.1112
 30
0.0
 10
41.3023
 20
34.1112
 30
0.0
 10
41.214
 20
34.2032
 30
0.0
 10
41.097
 20
34.2493
 30
0.0
 10
40.9515
 20
34.2493
 30
0.0
 10
40.9515
 20
34.2493
 30
0.0
 10
40.861
 20
34.2493
 30
0.0
 10
40.78
 20
34.2286
 30
0.0
 10
40.7081
 20
34.1874
 30
0.0
 10
40.7081
 20
34.1874
 30
0.0
 10
40.6366
 20
34.1461
 30
0.0
 10
40.5806
 20
34.0926
 30
0.0
 10
40.5393
 20
34.027
 30
0.0
 10
40.5393
 20
34.027
 30
0.0
 10
40.5393
 20
34.027
 30
0.0
 10
40.2758
 20
34.0651
 30
0.0
 10
40.2758
 20
34.0651
 30
0.0
 10
40.2758
 20
34.0651
 30
0.0
 10
40.2758
 20
34.0651
 30
0.0
 10
40.4948
 20
35.2335
 30
0.0
 10
40.4948
 20
35.2335
 30
0.0
 10
40.4948
 20
35.2335
 30
0.0
 10
40.4948
 20
35.2335
 30
0.0
 10
41.622
 20
35.2335
 30
0.0
 10
41.622
 20
35.2335
 30
0.0
 10
41.622
 20
35.2335
 30
0.0
 10
41.622
 20
35.2335
 30
0.0
 10
41.622
 20
34.9668
 30
0.0
 10
41.622
 20
34.9668
 30
0.0
 10
41.622
 20
34.9668
 30
0.0
 10
41.622
 20
34.9668
 30
0.0
 10
40.7176
 20
34.9668
 30
0.0
 10
40.7176
 20
34.9668
 30
0.0
 10
40.7176
 20
34.9668
 30
0.0
 10
40.7176
 20
34.9668
 30
0.0
 10
40.5964
 20
34.3535
 30
0.0
 10
40.5964
 20
34.3535
 30
0.0
 10
40.5964
 20
34.3535
 30
0.0
 10
40.7324
 20
34.4493
 30
0.0
 10
40.8753
 20
34.4969
 30
0.0
 10
41.0245
 20
34.4969
 30
0.0
 10
41.0245
 20
34.4969
 30
0.0
 10
41.2224
 20
34.4969
 30
0.0
 10
41.3896
 20
34.4281
 30
0.0
 10
41.5256
 20
34.2906
 30
0.0
 10
41.5256
 20
34.2906
 30
0.0
 10
41.6616
 20
34.153
 30
0.0
 10
41.7299
 20
33.9762
 30
0.0
 10
41.7299
 20
33.7603
 30
0.0
 10
41.7299
 20
33.7603
 30
0.0
 10
41.7299
 20
33.5545
 30
0.0
 10
41.6701
 20
33.3767
 30
0.0
 10
41.5505
 20
33.2269
 30
0.0
 10
41.5505
 20
33.2269
 30
0.0
 10
41.405
 20
33.0428
 30
0.0
 10
41.206
 20
32.9507
 30
0.0
 10
40.9541
 20
32.9507
 30
0.0
 10
40.9541
 20
32.9507
 30
0.0
 10
40.7478
 20
32.9507
 30
0.0
 10
40.5795
 20
33.0089
 30
0.0
 10
40.4488
 20
33.1248
 30
0.0
 10
40.4488
 20
33.1248
 30
0.0
 10
40.3181
 20
33.2407
 30
0.0
 10
40.2435
 20
33.3941
 30
0.0
 10
40.225
 20
33.5857
 30
0.0
  0
SPLINE
  5
87
330
1F
100
AcDbEntity
  8
layer 1
 62
   155
100
AcDbSpline
210
0.0
220
0.0
230
1.0
 70
    11
 71
     3
 72
    40
 73
    36
 74
     0
 42
0.000000001
 43
0.0000000001
 40
0.0
 40
0.0
 40
0.0
 40
0.0
 40
0.1
 40
0.1
 40
0.1
 40
0.1
 40
0.2
 40
0.2
 40
0.2
 40
0.2
 40
0.3
 40
0.3
 40
0.3
 40
0.3
 40
0.4
 40
0.4
 40
0.4
 40
0.4
 40
0.5
 40
0.5
 40
0.5
 40
0.5
 40
0.6
 40
0.6
 40
0.6
 40
0.6
 40
0.7
 40
0.7
 40
0.7
 40
0.7
 40
0.8
 40
0.8
 40
0.8
 40
0.8
 40
1.0
 40
1.0
 40
1.0
 40
1.0
 10
42.14
 20
32.9888
 30
0.0
 10
42.14
 20
32.9888
 30
0.0
 10
42.14
 20
33.3063
 30
0.0
 10
42.14
 20
33.3063
 30
0.0
 10
42.14
 20
33.3063
 30
0.0
 10
42.14
 20
33.3063
 30
0.0
 10
42.4575
 20
33.3063
 30
0.0
 10
42.4575
 20
33.3063
 30
0.0
 10
42.4575
 20
33.3063
 30
0.0
 10
42.4575
 20
33.3063
 30
0.0
 10
42.4575
 20
32.9888
 30
0.0
 10
42.4575
 20
32.9888
 30
0.0
 10
42.4575
 20
32.9888
 30
0.0
 10
42.4575
 20
32.8719
 30
0.0
 10
42.4368
 20
32.7771
 30
0.0
 10
42.395
 20
32.7052
 30
0.0
 10
42.395
 20
32.7052
 30
0.0
 10
42.3538
 20
32.6332
 30
0.0
 10
42.2876
 20
32.5771
 30
0.0
 10
42.1971
 20
32.5379
 30
0.0
 10
42.1971
 20
32.5379
 30
0.0
 10
42.1971
 20
32.5379
 30
0.0
 10
42.1209
 20
32.6586
 30
0.0
 10
42.1209
 20
32.6586
 30
0.0
 10
42.1209
 20
32.6586
 30
0.0
 10
42.1802
 20
32.6845
 30
0.0
 10
42.2236
 20
32.7226
 30
0.0
 10
42.2511
 20
32.7724
 30
0.0
 10
42.2511
 20
32.7724
 30
0.0
 10
42.2791
 20
32.8226
 30
0.0
 10
42.295
 20
32.8946
 30
0.0
 10
42.2982
 20
32.9888
 30
0.0
 10
42.2982
 20
32.9888
 30
0.0
 10
42.2982
 20
32.9888
 30
0.0
 10
42.14
 20
32.9888
 30
0.0
 10
42.14
 20
32.9888
 30
0.0
  0
SPLINE
  5
88
330
1F
100
AcDbEntity
  8
layer 1
 62
   155
100
AcDbSpline
210
0.0
220
0.0
230
1.0
 70
    11
 71
     3
 72
    52
 73
    48
 74
     0
 42
0.000000001
 43
0.0000000001
 40
0.0
 40
0.0
 40
0.0
 40
0.0
 40
0.0769230769230769
 40
0.0769230769230769
 40
0.0769230769230769
 40
0.0769230769230769
 40
0.1538461538461539
 40
0.1538461538461539
 40
0.1538461538461539
 40
0.1538461538461539
 40
0.2307692307692308
 40
0.2307692307692308
 40
0.2307692307692308
 40
0.2307692307692308
 40
0.3076923076923077
 40
0.3076923076923077
 40
0.3076923076923077
 40
0.3076923076923077
 40
0.3846153846153846
 40
0.3846153846153846
 40
0.3846153846153846
 40
0.3846153846153846
 40
0.4615384615384616
 40
0.4615384615384616
 40
0.4615384615384616
 40
0.4615384615384616
 40
0.5384615384615384
 40
0.5384615384615384
 40
0.5384615384615384
 40
0.5384615384615384
 40
0.6153846153846154
 40
0.6153846153846154
 40
0.6153846153846154
 40
0.6153846153846154
 40
0.6923076923076923
 40
0.6923076923076923
 40
0.6923076923076923
 40
0.6923076923076923
 40
0.7692307692307693
 40
0.7692307692307693
 40
0.7692307692307693
 40
0.7692307692307693
 40
0.8461538461538461
 40
0.8461538461538461
 40
0.8461538461538461
 40
0.8461538461538461
 40
1.0
 40
1.0
 40
1.0
 40
1.0
 10
42.8729
 20
34.1106
 30
0.0
 10
42.8729
 20
34.3789
 30
0.0
 10
42.9004
 20
34.5959
 30
0.0
 10
42.9554
 20
34.7599
 30
0.0
 10
42.9554
 20
34.7599
 30
0.0
 10
43.011
 20
34.9245
 30
0.0
 10
43.093
 20
35.051
 30
0.0
 10
43.202
 20
35.1393
 30
0.0
 10
43.202
 20
35.1393
 30
0.0
 10
43.3105
 20
35.2277
 30
0.0
 10
43.4475
 20
35.2716
 30
0.0
 10
43.6126
 20
35.2716
 30
0.0
 10
43.6126
 20
35.2716
 30
0.0
 10
43.7343
 20
35.2716
 30
0.0
 10
43.8412
 20
35.2473
 30
0.0
 10
43.9338
 20
35.1981
 30
0.0
 10
43.9338
 20
35.1981
 30
0.0
 10
44.0259
 20
35.1489
 30
0.0
 10
44.1021
 20
35.078
 30
0.0
 10
44.1614
 20
34.9853
 30
0.0
 10
44.1614
 20
34.9853
 30
0.0
 10
44.2206
 20
34.8933
 30
0.0
 10
44.2672
 20
34.7806
 30
0.0
 10
44.3011
 20
34.6477
 30
0.0
 10
44.3011
 20
34.6477
 30
0.0
 10
44.3355
 20
34.5149
 30
0.0
 10
44.3524
 20
34.3355
 30
0.0
 10
44.3524
 20
34.1106
 30
0.0
 10
44.3524
 20
34.1106
 30
0.0
 10
44.3524
 20
33.8439
 30
0.0
 10
44.3249
 20
33.628
 30
0.0
 10
44.2704
 20
33.464
 30
0.0
 10
44.2704
 20
33.464
 30
0.0
 10
44.2159
 20
33.2994
 30
0.0
 10
44.1339
 20
33.173
 30
0.0
 10
44.0248
 20
33.0841
 30
0.0
 10
44.0248
 20
33.0841
 30
0.0
 10
43.9164
 20
32.9952
 30
0.0
 10
43.7788
 20
32.9507
 30
0.0
 10
43.6126
 20
32.9507
 30
0.0
 10
43.6126
 20
32.9507
 30
0.0
 10
43.3941
 20
32.9507
 30
0.0
 10
43.2221
 20
33.0285
 30
0.0
 10
43.0972
 20
33.1846
 30
0.0
 10
43.0972
 20
33.1846
 30
0.0
 10
42.9475
 20
33.3751
 30
0.0
 10
42.8729
 20
33.6836
 30
0.0
 10
42.8729
 20
34.1106
 30
0.0
  0
SPLINE
  5
89
330
1F
100
AcDbEntity
  8
layer 1
 62
   155
100
AcDbSpline
210
0.0
220
0.0
230
1.0
 70
    11
 71
     3
 72
    36
 73
    32
 74
     0
 42
0.000000001
 43
0.0000000001
 40
0.0
 40
0.0
 40
0.0
 40
0.0
 40
0.1111111111111111
 40
0.1111111111111111
 40
0.1111111111111111
 40
0.1111111111111111
 40
0.2222222222222222
 40
0.2222222222222222
 40
0.2222222222222222
 40
0.2222222222222222
 40
0.3333333333333333
 40
0.3333333333333333
 40
0.3333333333333333
 40
0.3333333333333333
 40
0.4444444444444444
 40
0.4444444444444444
 40
0.4444444444444444
 40
0.4444444444444444
 40
0.5555555555555556
 40
0.5555555555555556
 40
0.5555555555555556
 40
0.5555555555555556
 40
0.6666666666666666
 40
0.6666666666666666
 40
0.6666666666666666
 40
0.6666666666666666
 40
0.7777777777777778
 40
0.7777777777777778
 40
0.7777777777777778
 40
0.7777777777777778
 40
1.0
 40
1.0
 40
1.0
 40
1.0
 10
43.1586
 20
34.1096
 30
0.0
 10
43.1586
 20
33.7355
 30
0.0
 10
43.202
 20
33.4867
 30
0.0
 10
43.2893
 20
33.364
 30
0.0
 10
43.2893
 20
33.364
 30
0.0
 10
43.3766
 20
33.2407
 30
0.0
 10
43.4846
 20
33.1793
 30
0.0
 10
43.6126
 20
33.1793
 30
0.0
 10
43.6126
 20
33.1793
 30
0.0
 10
43.7407
 20
33.1793
 30
0.0
 10
43.8486
 20
33.2412
 30
0.0
 10
43.9359
 20
33.3645
 30
0.0
 10
43.9359
 20
33.3645
 30
0.0
 10
44.0233
 20
33.4883
 30
0.0
 10
44.0667
 20
33.7365
 30
0.0
 10
44.0667
 20
34.1096
 30
0.0
 10
44.0667
 20
34.1096
 30
0.0
 10
44.0667
 20
34.4837
 30
0.0
 10
44.0233
 20
34.7324
 30
0.0
 10
43.9359
 20
34.8552
 30
0.0
 10
43.9359
 20
34.8552
 30
0.0
 10
43.8492
 20
34.9785
 30
0.0
 10
43.7402
 20
35.0399
 30
0.0
 10
43.6095
 20
35.0399
 30
0.0
 10
43.6095
 20
35.0399
 30
0.0
 10
43.4814
 20
35.0399
 30
0.0
 10
43.3787
 20
34.9853
 30
0.0
 10
43.302
 20
34.8769
 30
0.0
 10
43.302
 20
34.8769
 30
0.0
 10
43.2062
 20
34.7388
 30
0.0
 10
43.1586
 20
34.4826
 30
0.0
 10
43.1586
 20
34.1096
 30
0.0
  0
SPLINE
  5
8A
330
1F
100
AcDbEntity
  8
layer 1
 62
   155
100
AcDbSpline
210
0.0
220
0.0
230
1.0
 70
    11
 71
     3
 72
   124
 73
   120
 74
     0
 42
0.000000001
 43
0.0000000001
 40
0.0
 40
0.0
 40
0.0
 40
0.0
 40
0.032258064516129
 40
0.032258064516129
 40
0.032258064516129
 40
0.032258064516129
 40
0.0645161290322581
 40
0.0645161290322581
 40
0.0645161290322581
 40
0.0645161290322581
 40
0.0967741935483871
 40
0.0967741935483871
 40
0.0967741935483871
 40
0.0967741935483871
 40
0.1290322580645161
 40
0.1290322580645161
 40
0.1290322580645161
 40
0.1290322580645161
 40
0.1612903225806452
 40
0.1612903225806452
 40
0.1612903225806452
 40
0.1612903225806452
 40
0.1935483870967742
 40
0.1935483870967742
 40
0.1935483870967742
 40
0.1935483870967742
 40
0.2258064516129032
 40
0.2258064516129032
 40
0.2258064516129032
 40
0.2258064516129032
 40
0.2580645161290323
 40
0.2580645161290323
 40
0.2580645161290323
 40
0.2580645161290323
 40
0.2903225806451613
 40
0.2903225806451613
 40
0.2903225806451613
 40
0.2903225806451613
 40
0.3225806451612903
 40
0.3225806451612903
 40
0.3225806451612903
 40
0.3225806451612903
 40
0.3548387096774194
 40
0.3548387096774194
 40
0.3548387096774194
 40
0.3548387096774194
 40
0.3870967741935484
 40
0.3870967741935484
 40
0.3870967741935484
 40
0.3870967741935484
 40
0.4193548387096774
 40
0.4193548387096774
 40
0.4193548387096774
 40
0.4193548387096774
 40
0.4516129032258064
 40
0.4516129032258064
 40
0.4516129032258064
 40
0.4516129032258064
 40
0.4838709677419355
 40
0.4838709677419355
 40
0.4838709677419355
 40
0.4838709677419355
 40
0.5161290322580645
 40
0.5161290322580645
 40
0.5161290322580645
 40
0.5161290322580645
 40
0.5483870967741935
 40
0.5483870967741935
 40
0.5483870967741935
 40
0.5483870967741935
 40
0.5806451612903226
 40
0.5806451612903226
 40
0.5806451612903226
 40
0.5806451612903226
 40
0.6129032258064516
 40
0.6129032258064516
 40
0.6129032258064516
 40
0.6129032258064516
 40
0.6451612903225806
 40
0.6451612903225806
 40
0.6451612903225806
 40
0.6451612903225806
 40
0.6774193548387096
 40
0.6774193548387096
 40
0.6774193548387096
 40
0.6774193548387096
 40
0.7096774193548387
 40
0.7096774193548387
 40
0.7096774193548387
 40
0.7096774193548387
 40
0.7419354838709677
 40
0.7419354838709677
 40
0.7419354838709677
 40
0.7419354838709677
 40
0.7741935483870968
 40
0.7741935483870968
 40
0.7741935483870968
 40
0.7741935483870968
 40
0.8064516129032258
 40
0.8064516129032258
 40
0.8064516129032258
 40
0.8064516129032258
 40
0.8387096774193549
 40
0.8387096774193549
 40
0.8387096774193549
 40
0.8387096774193549
 40
0.8709677419354839
 40
0.8709677419354839
 40
0.8709677419354839
 40
0.8709677419354839
 40
0.9032258064516129
 40
0.9032258064516129
 40
0.9032258064516129
 40
0.9032258064516129
 40
0.9354838709677419
 40
0.9354838709677419
 40
0.9354838709677419
 40
0.9354838709677419
 40
1.0
 40
1.0
 40
1.0
 40
1.0
 10
44.6387
 20
33.5921
 30
0.0
 10
44.6387
 20
33.5921
 30
0.0
 10
44.9181
 20
33.6302
 30
0.0
 10
44.9181
 20
33.6302
 30
0.0
 10
44.9181
 20
33.6302
 30
0.0
 10
44.9503
 20
33.4714
 30
0.0
 10
45.0043
 20
33.3571
 30
0.0
 10
45.081
 20
33.2873
 30
0.0
 10
45.081
 20
33.2873
 30
0.0
 10
45.1578
 20
33.2174
 30
0.0
 10
45.252
 20
33.1825
 30
0.0
 10
45.3636
 20
33.1825
 30
0.0
 10
45.3636
 20
33.1825
 30
0.0
 10
45.4959
 20
33.1825
 30
0.0
 10
45.6076
 20
33.228
 30
0.0
 10
45.6975
 20
33.319
 30
0.0
 10
45.6975
 20
33.319
 30
0.0
 10
45.7875
 20
33.41
 30
0.0
 10
45.8325
 20
33.5227
 30
0.0
 10
45.8325
 20
33.6571
 30
0.0
 10
45.8325
 20
33.6571
 30
0.0
 10
45.8325
 20
33.7852
 30
0.0
 10
45.7906
 20
33.891
 30
0.0
 10
45.7065
 20
33.9746
 30
0.0
 10
45.7065
 20
33.9746
 30
0.0
 10
45.6229
 20
34.0577
 30
0.0
 10
45.5165
 20
34.0995
 30
0.0
 10
45.3869
 20
34.0995
 30
0.0
 10
45.3869
 20
34.0995
 30
0.0
 10
45.334
 20
34.0995
 30
0.0
 10
45.2684
 20
34.0889
 30
0.0
 10
45.1895
 20
34.0683
 30
0.0
 10
45.1895
 20
34.0683
 30
0.0
 10
45.1895
 20
34.0683
 30
0.0
 10
45.2207
 20
34.3128
 30
0.0
 10
45.2207
 20
34.3128
 30
0.0
 10
45.2207
 20
34.3128
 30
0.0
 10
45.2393
 20
34.3107
 30
0.0
 10
45.2546
 20
34.3096
 30
0.0
 10
45.2657
 20
34.3096
 30
0.0
 10
45.2657
 20
34.3096
 30
0.0
 10
45.3853
 20
34.3096
 30
0.0
 10
45.4922
 20
34.3408
 30
0.0
 10
45.588
 20
34.4027
 30
0.0
 10
45.588
 20
34.4027
 30
0.0
 10
45.6832
 20
34.4646
 30
0.0
 10
45.7309
 20
34.5599
 30
0.0
 10
45.7309
 20
34.6885
 30
0.0
 10
45.7309
 20
34.6885
 30
0.0
 10
45.7309
 20
34.7906
 30
0.0
 10
45.6959
 20
34.8753
 30
0.0
 10
45.6266
 20
34.9425
 30
0.0
 10
45.6266
 20
34.9425
 30
0.0
 10
45.5573
 20
35.0097
 30
0.0
 10
45.4679
 20
35.043
 30
0.0
 10
45.3583
 20
35.043
 30
0.0
 10
45.3583
 20
35.043
 30
0.0
 10
45.2493
 20
35.043
 30
0.0
 10
45.1588
 20
35.0086
 30
0.0
 10
45.0863
 20
34.9398
 30
0.0
 10
45.0863
 20
34.9398
 30
0.0
 10
45.0138
 20
34.871
 30
0.0
 10
44.9673
 20
34.7679
 30
0.0
 10
44.9466
 20
34.6303
 30
0.0
 10
44.9466
 20
34.6303
 30
0.0
 10
44.9466
 20
34.6303
 30
0.0
 10
44.6672
 20
34.6811
 30
0.0
 10
44.6672
 20
34.6811
 30
0.0
 10
44.6672
 20
34.6811
 30
0.0
 10
44.7016
 20
34.8684
 30
0.0
 10
44.7789
 20
35.0139
 30
0.0
 10
44.9001
 20
35.1171
 30
0.0
 10
44.9001
 20
35.1171
 30
0.0
 10
45.0207
 20
35.2203
 30
0.0
 10
45.1715
 20
35.2716
 30
0.0
 10
45.3514
 20
35.2716
 30
0.0
 10
45.3514
 20
35.2716
 30
0.0
 10
45.4753
 20
35.2716
 30
0.0
 10
45.5896
 20
35.2452
 30
0.0
 10
45.6938
 20
35.1917
 30
0.0
 10
45.6938
 20
35.1917
 30
0.0
 10
45.7986
 20
35.1388
 30
0.0
 10
45.8785
 20
35.0663
 30
0.0
 10
45.9335
 20
34.9748
 30
0.0
 10
45.9335
 20
34.9748
 30
0.0
 10
45.9891
 20
34.8827
 30
0.0
 10
46.0166
 20
34.7853
 30
0.0
 10
46.0166
 20
34.6821
 30
0.0
 10
46.0166
 20
34.6821
 30
0.0
 10
46.0166
 20
34.5842
 30
0.0
 10
45.9901
 20
34.4953
 30
0.0
 10
45.9378
 20
34.4149
 30
0.0
 10
45.9378
 20
34.4149
 30
0.0
 10
45.8848
 20
34.3345
 30
0.0
 10
45.8065
 20
34.2704
 30
0.0
 10
45.7033
 20
34.2228
 30
0.0
 10
45.7033
 20
34.2228
 30
0.0
 10
45.8377
 20
34.1921
 30
0.0
 10
45.942
 20
34.1276
 30
0.0
 10
46.0166
 20
34.0297
 30
0.0
 10
46.0166
 20
34.0297
 30
0.0
 10
46.0907
 20
33.9323
 30
0.0
 10
46.1277
 20
33.8095
 30
0.0
 10
46.1277
 20
33.663
 30
0.0
 10
46.1277
 20
33.663
 30
0.0
 10
46.1277
 20
33.4645
 30
0.0
 10
46.0552
 20
33.2957
 30
0.0
 10
45.9108
 20
33.1576
 30
0.0
 10
45.9108
 20
33.1576
 30
0.0
 10
45.7658
 20
33.0195
 30
0.0
 10
45.5827
 20
32.9507
 30
0.0
 10
45.3615
 20
32.9507
 30
0.0
 10
45.3615
 20
32.9507
 30
0.0
 10
45.162
 20
32.9507
 30
0.0
 10
44.9964
 20
33.0105
 30
0.0
 10
44.8646
 20
33.1296
 30
0.0
 10
44.8646
 20
33.1296
 30
0.0
 10
44.7323
 20
33.2486
 30
0.0
 10
44.6572
 20
33.4026
 30
0.0
 10
44.6387
 20
33.5921
 30
0.0
  0
SPLINE
  5
8B
330
1F
100
AcDbEntity
  8
layer 1
 62
   155
100
AcDbSpline
210
0.0
220
0.0
230
1.0
 70
    11
 71
     3
 72
    56
 73
    52
 74
     0
 42
0.000000001
 43
0.0000000001
 40
0.0
 40
0.0
 40
0.0
 40
0.0
 40
0.0714285714285714
 40
0.0714285714285714
 40
0.0714285714285714
 40
0.0714285714285714
 40
0.1428571428571428
 40
0.1428571428571428
 40
0.1428571428571428
 40
0.1428571428571428
 40
0.2142857142857143
 40
0.2142857142857143
 40
0.2142857142857143
 40
0.2142857142857143
 40
0.2857142857142857
 40
0.2857142857142857
 40
0.2857142857142857
 40
0.2857142857142857
 40
0.3571428571428572
 40
0.3571428571428572
 40
0.3571428571428572
 40
0.3571428571428572
 40
0.4285714285714285
 40
0.4285714285714285
 40
0.4285714285714285
 40
0.4285714285714285
 40
0.5
 40
0.5
 40
0.5
 40
0.5
 40
0.5714285714285714
 40
0.5714285714285714
 40
0.5714285714285714
 40
0.5714285714285714
 40
0.6428571428571429
 40
0.6428571428571429
 40
0.6428571428571429
 40
0.6428571428571429
 40
0.7142857142857143
 40
0.7142857142857143
 40
0.7142857142857143
 40
0.7142857142857143
 40
0.7857142857142857
 40
0.7857142857142857
 40
0.7857142857142857
 40
0.7857142857142857
 40
0.8571428571428571
 40
0.8571428571428571
 40
0.8571428571428571
 40
0.8571428571428571
 40
1.0
 40
1.0
 40
1.0
 40
1.0
 10
47.3723
 20
34.6366
 30
0.0
 10
47.3723
 20
34.6366
 30
0.0
 10
47.802
 20
34.6366
 30
0.0
 10
47.802
 20
34.6366
 30
0.0
 10
47.802
 20
34.6366
 30
0.0
 10
47.802
 20
34.6366
 30
0.0
 10
48.2375
 20
33.3179
 30
0.0
 10
48.2375
 20
33.3179
 30
0.0
 10
48.2375
 20
33.3179
 30
0.0
 10
48.2375
 20
33.3179
 30
0.0
 10
48.7195
 20
34.6366
 30
0.0
 10
48.7195
 20
34.6366
 30
0.0
 10
48.7195
 20
34.6366
 30
0.0
 10
48.7195
 20
34.6366
 30
0.0
 10
49.1185
 20
34.6366
 30
0.0
 10
49.1185
 20
34.6366
 30
0.0
 10
49.1185
 20
34.6366
 30
0.0
 10
49.1185
 20
34.6366
 30
0.0
 10
49.1185
 20
32.9888
 30
0.0
 10
49.1185
 20
32.9888
 30
0.0
 10
49.1185
 20
32.9888
 30
0.0
 10
49.1185
 20
32.9888
 30
0.0
 10
48.8391
 20
32.9888
 30
0.0
 10
48.8391
 20
32.9888
 30
0.0
 10
48.8391
 20
32.9888
 30
0.0
 10
48.8391
 20
32.9888
 30
0.0
 10
48.8391
 20
34.3154
 30
0.0
 10
48.8391
 20
34.3154
 30
0.0
 10
48.8391
 20
34.3154
 30
0.0
 10
48.8391
 20
34.3154
 30
0.0
 10
48.3539
 20
32.9888
 30
0.0
 10
48.3539
 20
32.9888
 30
0.0
 10
48.3539
 20
32.9888
 30
0.0
 10
48.3539
 20
32.9888
 30
0.0
 10
48.1041
 20
32.9888
 30
0.0
 10
48.1041
 20
32.9888
 30
0.0
 10
48.1041
 20
32.9888
 30
0.0
 10
48.1041
 20
32.9888
 30
0.0
 10
47.6453
 20
34.3789
 30
0.0
 10
47.6453
 20
34.3789
 30
0.0
 10
47.6453
 20
34.3789
 30
0.0
 10
47.6453
 20
34.3789
 30
0.0
 10
47.6453
 20
32.9888
 30
0.0
 10
47.6453
 20
32.9888
 30
0.0
 10
47.6453
 20
32.9888
 30
0.0
 10
47.6453
 20
32.9888
 30
0.0
 10
47.3723
 20
32.9888
 30
0.0
 10
47.3723
 20
32.9888
 30
0.0
 10
47.3723
 20
32.9888
 30
0.0
 10
47.3723
 20
32.9888
 30
0.0
 10
47.3723
 20
34.6366
 30
0.0
 10
47.3723
 20
34.6366
 30
0.0
  0
SPLINE
  5
8C
330
1F
100
AcDbEntity
  8
layer 1
 62
   155
100
AcDbSpline
210
0.0
220
0.0
230
1.0
 70
    11
 71
     3
 72
    56
 73
    52
 74
     0
 42
0.000000001
 43
0.0000000001
 40
0.0
 40
0.0
 40
0.0
 40
0.0
 40
0.0714285714285714
 40
0.0714285714285714
 40
0.0714285714285714
 40
0.0714285714285714
 40
0.1428571428571428
 40
0.1428571428571428
 40
0.1428571428571428
 40
0.1428571428571428
 40
0.2142857142857143
 40
0.2142857142857143
 40
0.2142857142857143
 40
0.2142857142857143
 40
0.2857142857142857
 40
0.2857142857142857
 40
0.2857142857142857
 40
0.2857142857142857
 40
0.3571428571428572
 40
0.3571428571428572
 40
0.3571428571428572
 40
0.3571428571428572
 40
0.4285714285714285
 40
0.4285714285714285
 40
0.4285714285714285
 40
0.4285714285714285
 40
0.5
 40
0.5
 40
0.5
 40
0.5
 40
0.5714285714285714
 40
0.5714285714285714
 40
0.5714285714285714
 40
0.5714285714285714
 40
0.6428571428571429
 40
0.6428571428571429
 40
0.6428571428571429
 40
0.6428571428571429
 40
0.7142857142857143
 40
0.7142857142857143
 40
0.7142857142857143
 40
0.7142857142857143
 40
0.7857142857142857
 40
0.7857142857142857
 40
0.7857142857142857
 40
0.7857142857142857
 40
0.8571428571428571
 40
0.8571428571428571
 40
0.8571428571428571
 40
0.8571428571428571
 40
1.0
 40
1.0
 40
1.0
 40
1.0
 10
49.5551
 20
34.6366
 30
0.0
 10
49.5551
 20
34.6366
 30
0.0
 10
49.9848
 20
34.6366
 30
0.0
 10
49.9848
 20
34.6366
 30
0.0
 10
49.9848
 20
34.6366
 30
0.0
 10
49.9848
 20
34.6366
 30
0.0
 10
50.4203
 20
33.3179
 30
0.0
 10
50.4203
 20
33.3179
 30
0.0
 10
50.4203
 20
33.3179
 30
0.0
 10
50.4203
 20
33.3179
 30
0.0
 10
50.9023
 20
34.6366
 30
0.0
 10
50.9023
 20
34.6366
 30
0.0
 10
50.9023
 20
34.6366
 30
0.0
 10
50.9023
 20
34.6366
 30
0.0
 10
51.3013
 20
34.6366
 30
0.0
 10
51.3013
 20
34.6366
 30
0.0
 10
51.3013
 20
34.6366
 30
0.0
 10
51.3013
 20
34.6366
 30
0.0
 10
51.3013
 20
32.9888
 30
0.0
 10
51.3013
 20
32.9888
 30
0.0
 10
51.3013
 20
32.9888
 30
0.0
 10
51.3013
 20
32.9888
 30
0.0
 10
51.0219
 20
32.9888
 30
0.0
 10
51.0219
 20
32.9888
 30
0.0
 10
51.0219
 20
32.9888
 30
0.0
 10
51.0219
 20
32.9888
 30
0.0
 10
51.0219
 20
34.3154
 30
0.0
 10
51.0219
 20
34.3154
 30
0.0
 10
51.0219
 20
34.3154
 30
0.0
 10
51.0219
 20
34.3154
 30
0.0
 10
50.5367
 20
32.9888
 30
0.0
 10
50.5367
 20
32.9888
 30
0.0
 10
50.5367
 20
32.9888
 30
0.0
 10
50.5367
 20
32.9888
 30
0.0
 10
50.2869
 20
32.9888
 30
0.0
 10
50.2869
 20
32.9888
 30
0.0
 10
50.2869
 20
32.9888
 30
0.0
 10
50.2869
 20
32.9888
 30
0.0
 10
49.8281
 20
34.3789
 30
0.0
 10
49.8281
 20
34.3789
 30
0.0
 10
49.8281
 20
34.3789
 30
0.0
 10
49.8281
 20
34.3789
 30
0.0
 10
49.8281
 20
32.9888
 30
0.0
 10
49.8281
 20
32.9888
 30
0.0
 10
49.8281
 20
32.9888
 30
0.0
 10
49.8281
 20
32.9888
 30
0.0
 10
49.5551
 20
32.9888
 30
0.0
 10
49.5551
 20
32.9888
 30
0.0
 10
49.5551
 20
32.9888
 30
0.0
 10
49.5551
 20
32.9888
 30
0.0
 10
49.5551
 20
34.6366
 30
0.0
 10
49.5551
 20
34.6366
 30
0.0
  0
SPLINE
  5
8D
330
1F
100
AcDbEntity
  8
layer 1
370
    25
100
AcDbSpline
210
0.0
220
0.0
230
1.0
 70
    11
 71
     3
 72
    84
 73
    80
 74
     0
 42
0.000000001
 43
0.0000000001
 40
0.0
 40
0.0
 40
0.0
 40
0.0
 40
0.0476190476190476
 40
0.0476190476190476
 40
0.0476190476190476
 40
0.0476190476190476
 40
0.0952380952380952
 40
0.0952380952380952
 40
0.0952380952380952
 40
0.0952380952380952
 40
0.1428571428571428
 40
0.1428571428571428
 40
0.1428571428571428
 40
0.1428571428571428
 40
0.1904761904761905
 40
0.1904761904761905
 40
0.1904761904761905
 40
0.1904761904761905
 40
0.2380952380952381
 40
0.2380952380952381
 40
0.2380952380952381
 40
0.2380952380952381
 40
0.2857142857142857
 40
0.2857142857142857
 40
0.2857142857142857
 40
0.2857142857142857
 40
0.3333333333333333
 40
0.3333333333333333
 40
0.3333333333333333
 40
0.3333333333333333
 40
0.3809523809523809
 40
0.3809523809523809
 40
0.3809523809523809
 40
0.3809523809523809
 40
0.4285714285714285
 40
0.4285714285714285
 40
0.4285714285714285
 40
0.4285714285714285
 40
0.4761904761904762
 40
0.4761904761904762
 40
0.4761904761904762
 40
0.4761904761904762
 40
0.5238095238095238
 40
0.5238095238095238
 40
0.5238095238095238
 40
0.5238095238095238
 40
0.5714285714285714
 40
0.5714285714285714
 40
0.5714285714285714
 40
0.5714285714285714
 40
0.6190476190476191
 40
0.6190476190476191
 40
0.6190476190476191
 40
0.6190476190476191
 40
0.6666666666666666
 40
0.6666666666666666
 40
0.6666666666666666
 40
0.6666666666666666
 40
0.7142857142857143
 40
0.7142857142857143
 40
0.7142857142857143
 40
0.7142857142857143
 40
0.7619047619047619
 40
0.7619047619047619
 40
0.7619047619047619
 40
0.7619047619047619
 40
0.8095238095238095
 40
0.8095238095238095
 40
0.8095238095238095
 40
0.8095238095238095
 40
0.8571428571428571
 40
0.8571428571428571
 40
0.8571428571428571
 40
0.8571428571428571
 40
0.9047619047619048
 40
0.9047619047619048
 40
0.9047619047619048
 40
0.9047619047619048
 40
1.0
 40
1.0
 40
1.0
 40
1.0
 10
46.2098
 20
-25.0
 30
0.0
 10
46.2098
 20
-25.0
 30
0.0
 10
-46.2147
 20
-25.0
 30
0.0
 10
-46.2147
 20
-25.0
 30
0.0
 10
-46.2147
 20
-25.0
 30
0.0
 10
-46.2147
 20
-25.0
 30
0.0
 10
-46.2147
 20
-24.9397
 30
0.0
 10
-46.2147
 20
-24.9397
 30
0.0
 10
-46.2147
 20
-24.9397
 30
0.0
 10
-46.2147
 20
-23.2402
 30
0.0
 10
-46.861
 20
-21.6463
 30
0.0
 10
-48.0401
 20
-20.4496
 30
0.0
 10
-48.0401
 20
-20.4496
 30
0.0
 10
-49.2143
 20
-19.2478
 30
0.0
 10
-50.7782
 20
-18.5891
 30
0.0
 10
-52.4408
 20
-18.5891
 30
0.0
 10
-52.4408
 20
-18.5891
 30
0.0
 10
-52.4408
 20
-18.5891
 30
0.0
 10
-52.5
 20
-18.5891
 30
0.0
 10
-52.5
 20
-18.5891
 30
0.0
 10
-52.5
 20
-18.5891
 30
0.0
 10
-52.5
 20
-18.5891
 30
0.0
 10
-52.5
 20
18.5942
 30
0.0
 10
-52.5
 20
18.5942
 30
0.0
 10
-52.5
 20
18.5942
 30
0.0
 10
-52.5
 20
18.5942
 30
0.0
 10
-52.4408
 20
18.5942
 30
0.0
 10
-52.4408
 20
18.5942
 30
0.0
 10
-52.4408
 20
18.5942
 30
0.0
 10
-50.7733
 20
18.5942
 30
0.0
 10
-49.2143
 20
19.2528
 30
0.0
 10
-48.0401
 20
20.4546
 30
0.0
 10
-48.0401
 20
20.4546
 30
0.0
 10
-46.861
 20
21.6513
 30
0.0
 10
-46.2147
 20
23.2452
 30
0.0
 10
-46.2147
 20
24.9397
 30
0.0
 10
-46.2147
 20
24.9397
 30
0.0
 10
-46.2147
 20
24.9397
 30
0.0
 10
-46.2147
 20
25.0
 30
0.0
 10
-46.2147
 20
25.0
 30
0.0
 10
-46.2147
 20
25.0
 30
0.0
 10
-46.2147
 20
25.0
 30
0.0
 10
46.2098
 20
25.0
 30
0.0
 10
46.2098
 20
25.0
 30
0.0
 10
46.2098
 20
25.0
 30
0.0
 10
46.2098
 20
25.0
 30
0.0
 10
46.2098
 20
24.9397
 30
0.0
 10
46.2098
 20
24.9397
 30
0.0
 10
46.2098
 20
24.9397
 30
0.0
 10
46.2098
 20
23.2453
 30
0.0
 10
46.861
 20
21.6513
 30
0.0
 10
48.0352
 20
20.4546
 30
0.0
 10
48.0352
 20
20.4546
 30
0.0
 10
49.2143
 20
19.2529
 30
0.0
 10
50.7782
 20
18.5942
 30
0.0
 10
52.4408
 20
18.5942
 30
0.0
 10
52.4408
 20
18.5942
 30
0.0
 10
52.4408
 20
18.5942
 30
0.0
 10
52.5
 20
18.5942
 30
0.0
 10
52.5
 20
18.5942
 30
0.0
 10
52.5
 20
18.5942
 30
0.0
 10
52.5
 20
18.5942
 30
0.0
 10
52.5
 20
-18.5891
 30
0.0
 10
52.5
 20
-18.5891
 30
0.0
 10
52.5
 20
-18.5891
 30
0.0
 10
52.5
 20
-18.5891
 30
0.0
 10
52.4408
 20
-18.5891
 30
0.0
 10
52.4408
 20
-18.5891
 30
0.0
 10
52.4408
 20
-18.5891
 30
0.0
 10
50.7782
 20
-18.5891
 30
0.0
 10
49.2143
 20
-19.2528
 30
0.0
 10
48.0352
 20
-20.4496
 30
0.0
 10
48.0352
 20
-20.4496
 30
0.0
 10
46.8561
 20
-21.6463
 30
0.0
 10
46.2098
 20
-23.2402
 30
0.0
 10
46.2098
 20
-24.9397
 30
0.0
 10
46.2098
 20
-24.9397
 30
0.0
 10
46.2098
 20
-24.9397
 30
0.0
 10
46.2098
 20
-25.0
 30
0.0
 10
46.2098
 20
-25.0
 30
0.0
  0
SPLINE
  5
8E
330
1F
100
AcDbEntity
  8
layer 1
 62
   242
100
AcDbSpline
210
0.0
220
0.0
230
1.0
 70
    11
 71
     3
 72
   216
 73
   212
 74
     0
 42
0.000000001
 43
0.0000000001
 40
0.0
 40
0.0
 40
0.0
 40
0.0
 40
0.0185185185185185
 40
0.0185185185185185
 40
0.0185185185185185
 40
0.0185185185185185
 40
0.037037037037037
 40
0.037037037037037
 40
0.037037037037037
 40
0.037037037037037
 40
0.0555555555555556
 40
0.0555555555555556
 40
0.0555555555555556
 40
0.0555555555555556
 40
0.0740740740740741
 40
0.0740740740740741
 40
0.0740740740740741
 40
0.0740740740740741
 40
0.0925925925925926
 40
0.0925925925925926
 40
0.0925925925925926
 40
0.0925925925925926
 40
0.1111111111111111
 40
0.1111111111111111
 40
0.1111111111111111
 40
0.1111111111111111
 40
0.1296296296296296
 40
0.1296296296296296
 40
0.1296296296296296
 40
0.1296296296296296
 40
0.1481481481481481
 40
0.1481481481481481
 40
0.1481481481481481
 40
0.1481481481481481
 40
0.1666666666666667
 40
0.1666666666666667
 40
0.1666666666666667
 40
0.1666666666666667
 40
0.1851851851851852
 40
0.1851851851851852
 40
0.1851851851851852
 40
0.1851851851851852
 40
0.2037037037037037
 40
0.2037037037037037
 40
0.2037037037037037
 40
0.2037037037037037
 40
0.2222222222222222
 40
0.2222222222222222
 40
0.2222222222222222
 40
0.2222222222222222
 40
0.2407407407407407
 40
0.2407407407407407
 40
0.2407407407407407
 40
0.2407407407407407
 40
0.2592592592592592
 40
0.2592592592592592
 40
0.2592592592592592
 40
0.2592592592592592
 40
0.2777777777777778
 40
0.2777777777777778
 40
0.2777777777777778
 40
0.2777777777777778
 40
0.2962962962962963
 40
0.2962962962962963
 40
0.2962962962962963
 40
0.2962962962962963
 40
0.3148148148148148
 40
0.3148148148148148
 40
0.3148148148148148
 40
0.3148148148148148
 40
0.3333333333333333
 40
0.3333333333333333
 40
0.3333333333333333
 40
0.3333333333333333
 40
0.3518518518518519
 40
0.3518518518518519
 40
0.3518518518518519
 40
0.3518518518518519
 40
0.3703703703703703
 40
0.3703703703703703
 40
0.3703703703703703
 40
0.3703703703703703
 40
0.3888888888888889
 40
0.3888888888888889
 40
0.3888888888888889
 40
0.3888888888888889
 40
0.4074074074074074
 40
0.4074074074074074
 40
0.4074074074074074
 40
0.4074074074074074
 40
0.4259259259259259
 40
0.4259259259259259
 40
0.4259259259259259
 40
0.4259259259259259
 40
0.4444444444444444
 40
0.4444444444444444
 40
0.4444444444444444
 40
0.4444444444444444
 40
0.462962962962963
 40
0.462962962962963
 40
0.462962962962963
 40
0.462962962962963
 40
0.4814814814814815
 40
0.4814814814814815
 40
0.4814814814814815
 40
0.4814814814814815
 40
0.5
 40
0.5
 40
0.5
 40
0.5
 40
0.5185185185185185
 40
0.5185185185185185
 40
0.5185185185185185
 40
0.5185185185185185
 40
0.5370370370370371
 40
0.5370370370370371
 40
0.5370370370370371
 40
0.5370370370370371
 40
0.5555555555555556
 40
0.5555555555555556
 40
0.5555555555555556
 40
0.5555555555555556
 40
0.5740740740740741
 40
0.5740740740740741
 40
0.5740740740740741
 40
0.5740740740740741
 40
0.5925925925925926
 40
0.5925925925925926
 40
0.5925925925925926
 40
0.5925925925925926
 40
0.6111111111111112
 40
0.6111111111111112
 40
0.6111111111111112
 40
0.6111111111111112
 40
0.6296296296296297
 40
0.6296296296296297
 40
0.6296296296296297
 40
0.6296296296296297
 40
0.6481481481481481
 40
0.6481481481481481
 40
0.6481481481481481
 40
0.6481481481481481
 40
0.6666666666666666
 40
0.6666666666666666
 40
0.6666666666666666
 40
0.6666666666666666
 40
0.6851851851851852
 40
0.6851851851851852
 40
0.6851851851851852
 40
0.6851851851851852
 40
0.7037037037037037
 40
0.7037037037037037
 40
0.7037037037037037
 40
0.7037037037037037
 40
0.7222222222222222
 40
0.7222222222222222
 40
0.7222222222222222
 40
0.7222222222222222
 40
0.7407407407407407
 40
0.7407407407407407
 40
0.7407407407407407
 40
0.7407407407407407
 40
0.7592592592592593
 40
0.7592592592592593
 40
0.7592592592592593
 40
0.7592592592592593
 40
0.7777777777777778
 40
0.7777777777777778
 40
0.7777777777777778
 40
0.7777777777777778
 40
0.7962962962962963
 40
0.7962962962962963
 40
0.7962962962962963
 40
0.7962962962962963
 40
0.8148148148148148
 40
0.8148148148148148
 40
0.8148148148148148
 40
0.8148148148148148
 40
0.8333333333333334
 40
0.8333333333333334
 40
0.8333333333333334
 40
0.8333333333333334
 40
0.8518518518518519
 40
0.8518518518518519
 40
0.8518518518518519
 40
0.8518518518518519
 40
0.8703703703703703
 40
0.8703703703703703
 40
0.8703703703703703
 40
0.8703703703703703
 40
0.8888888888888888
 40
0.8888888888888888
 40
0.8888888888888888
 40
0.8888888888888888
 40
0.9074074074074074
 40
0.9074074074074074
 40
0.9074074074074074
 40
0.9074074074074074
 40
0.9259259259259259
 40
0.9259259259259259
 40
0.9259259259259259
 40
0.9259259259259259
 40
0.9444444444444444
 40
0.9444444444444444
 40
0.9444444444444444
 40
0.9444444444444444
 40
0.9629629629629629
 40
0.9629629629629629
 40
0.9629629629629629
 40
0.9629629629629629
 40
1.0
 40
1.0
 40
1.0
 40
1.0
 10
-36.3547
 20
8.138
 30
0.0
 10
-36.3492
 20
8.0024
 30
0.0
 10
-36.3438
 20
7.8775
 30
0.0
 10
-36.3384
 20
7.769
 30
0.0
 10
-36.3384
 20
7.769
 30
0.0
 10
-36.3384
 20
7.769
 30
0.0
 10
-36.5608
 20
7.769
 30
0.0
 10
-36.5608
 20
7.769
 30
0.0
 10
-36.5608
 20
7.769
 30
0.0
 10
-36.6043
 20
8.2357
 30
0.0
 10
-36.6694
 20
8.5939
 30
0.0
 10
-36.7508
 20
8.8598
 30
0.0
 10
-36.7508
 20
8.8598
 30
0.0
 10
-36.8322
 20
9.1312
 30
0.0
 10
-36.9679
 20
9.3211
 30
0.0
 10
-37.1633
 20
9.4405
 30
0.0
 10
-37.1633
 20
9.4405
 30
0.0
 10
-37.364
 20
9.5599
 30
0.0
 10
-37.6679
 20
9.6196
 30
0.0
 10
-38.0803
 20
9.6196
 30
0.0
 10
-38.0803
 20
9.6196
 30
0.0
 10
-38.0803
 20
9.6196
 30
0.0
 10
-38.699
 20
9.6196
 30
0.0
 10
-38.699
 20
9.6196
 30
0.0
 10
-38.699
 20
9.6196
 30
0.0
 10
-38.9215
 20
9.6196
 30
0.0
 10
-39.0952
 20
9.6032
 30
0.0
 10
-39.2092
 20
9.5599
 30
0.0
 10
-39.2092
 20
9.5599
 30
0.0
 10
-39.3231
 20
9.5273
 30
0.0
 10
-39.3991
 20
9.4513
 30
0.0
 10
-39.4371
 20
9.3374
 30
0.0
 10
-39.4371
 20
9.3374
 30
0.0
 10
-39.4751
 20
9.2234
 30
0.0
 10
-39.5022
 20
9.0443
 30
0.0
 10
-39.5022
 20
8.7947
 30
0.0
 10
-39.5022
 20
8.7947
 30
0.0
 10
-39.5022
 20
8.7947
 30
0.0
 10
-39.5022
 20
6.3635
 30
0.0
 10
-39.5022
 20
6.3635
 30
0.0
 10
-39.5022
 20
6.3635
 30
0.0
 10
-39.5022
 20
6.3635
 30
0.0
 10
-38.7804
 20
6.3635
 30
0.0
 10
-38.7804
 20
6.3635
 30
0.0
 10
-38.7804
 20
6.3635
 30
0.0
 10
-38.5633
 20
6.3635
 30
0.0
 10
-38.3952
 20
6.4068
 30
0.0
 10
-38.2811
 20
6.4991
 30
0.0
 10
-38.2811
 20
6.4991
 30
0.0
 10
-38.1672
 20
6.586
 30
0.0
 10
-38.0858
 20
6.7
 30
0.0
 10
-38.0315
 20
6.8356
 30
0.0
 10
-38.0315
 20
6.8356
 30
0.0
 10
-37.9718
 20
6.9714
 30
0.0
 10
-37.9392
 20
7.1179
 30
0.0
 10
-37.9229
 20
7.2644
 30
0.0
 10
-37.9229
 20
7.2644
 30
0.0
 10
-37.9013
 20
7.4055
 30
0.0
 10
-37.885
 20
7.5466
 30
0.0
 10
-37.8578
 20
7.6605
 30
0.0
 10
-37.8578
 20
7.6605
 30
0.0
 10
-37.8578
 20
7.6605
 30
0.0
 10
-37.6354
 20
7.6605
 30
0.0
 10
-37.6354
 20
7.6605
 30
0.0
 10
-37.6354
 20
7.6605
 30
0.0
 10
-37.6571
 20
7.2861
 30
0.0
 10
-37.6679
 20
6.9984
 30
0.0
 10
-37.6679
 20
6.8031
 30
0.0
 10
-37.6679
 20
6.8031
 30
0.0
 10
-37.6624
 20
6.6023
 30
0.0
 10
-37.6624
 20
6.4231
 30
0.0
 10
-37.6624
 20
6.2549
 30
0.0
 10
-37.6624
 20
6.2549
 30
0.0
 10
-37.6624
 20
6.0866
 30
0.0
 10
-37.6569
 20
5.9076
 30
0.0
 10
-37.6516
 20
5.7122
 30
0.0
 10
-37.6516
 20
5.7122
 30
0.0
 10
-37.6462
 20
5.5114
 30
0.0
 10
-37.6299
 20
5.2238
 30
0.0
 10
-37.6082
 20
4.8494
 30
0.0
 10
-37.6082
 20
4.8494
 30
0.0
 10
-37.6082
 20
4.8494
 30
0.0
 10
-37.8307
 20
4.8494
 30
0.0
 10
-37.8307
 20
4.8494
 30
0.0
 10
-37.8307
 20
4.8494
 30
0.0
 10
-37.8579
 20
5.061
 30
0.0
 10
-37.8905
 20
5.2672
 30
0.0
 10
-37.9284
 20
5.468
 30
0.0
 10
-37.9284
 20
5.468
 30
0.0
 10
-37.961
 20
5.6634
 30
0.0
 10
-38.0424
 20
5.8317
 30
0.0
 10
-38.1617
 20
5.9565
 30
0.0
 10
-38.1617
 20
5.9565
 30
0.0
 10
-38.2812
 20
6.0867
 30
0.0
 10
-38.4873
 20
6.1519
 30
0.0
 10
-38.775
 20
6.1519
 30
0.0
 10
-38.775
 20
6.1519
 30
0.0
 10
-38.775
 20
6.1519
 30
0.0
 10
-39.4968
 20
6.1519
 30
0.0
 10
-39.4968
 20
6.1519
 30
0.0
 10
-39.4968
 20
6.1519
 30
0.0
 10
-39.4968
 20
6.1519
 30
0.0
 10
-39.4968
 20
3.8834
 30
0.0
 10
-39.4968
 20
3.8834
 30
0.0
 10
-39.4968
 20
3.8834
 30
0.0
 10
-39.4968
 20
3.6446
 30
0.0
 10
-39.4696
 20
3.4656
 30
0.0
 10
-39.4208
 20
3.3516
 30
0.0
 10
-39.4208
 20
3.3516
 30
0.0
 10
-39.3666
 20
3.2321
 30
0.0
 10
-39.2689
 20
3.1507
 30
0.0
 10
-39.1278
 20
3.1182
 30
0.0
 10
-39.1278
 20
3.1182
 30
0.0
 10
-38.9866
 20
3.0802
 30
0.0
 10
-38.7696
 20
3.0477
 30
0.0
 10
-38.4982
 20
3.0368
 30
0.0
 10
-38.4982
 20
3.0368
 30
0.0
 10
-38.4982
 20
3.0368
 30
0.0
 10
-38.4982
 20
2.836
 30
0.0
 10
-38.4982
 20
2.836
 30
0.0
 10
-38.4982
 20
2.836
 30
0.0
 10
-38.6719
 20
2.8523
 30
0.0
 10
-38.8889
 20
2.8577
 30
0.0
 10
-39.1494
 20
2.8632
 30
0.0
 10
-39.1494
 20
2.8632
 30
0.0
 10
-39.4153
 20
2.8632
 30
0.0
 10
-39.6813
 20
2.8686
 30
0.0
 10
-39.9526
 20
2.8686
 30
0.0
 10
-39.9526
 20
2.8686
 30
0.0
 10
-40.2076
 20
2.8686
 30
0.0
 10
-40.4464
 20
2.8632
 30
0.0
 10
-40.669
 20
2.8632
 30
0.0
 10
-40.669
 20
2.8632
 30
0.0
 10
-40.8915
 20
2.8577
 30
0.0
 10
-41.076
 20
2.8523
 30
0.0
 10
-41.2171
 20
2.836
 30
0.0
 10
-41.2171
 20
2.836
 30
0.0
 10
-41.2171
 20
2.836
 30
0.0
 10
-41.2171
 20
3.0368
 30
0.0
 10
-41.2171
 20
3.0368
 30
0.0
 10
-41.2171
 20
3.0368
 30
0.0
 10
-40.9946
 20
3.0477
 30
0.0
 10
-40.821
 20
3.0748
 30
0.0
 10
-40.7069
 20
3.1182
 30
0.0
 10
-40.7069
 20
3.1182
 30
0.0
 10
-40.5931
 20
3.1507
 30
0.0
 10
-40.5171
 20
3.2321
 30
0.0
 10
-40.479
 20
3.3516
 30
0.0
 10
-40.479
 20
3.3516
 30
0.0
 10
-40.441
 20
3.4656
 30
0.0
 10
-40.4193
 20
3.6446
 30
0.0
 10
-40.4193
 20
3.8834
 30
0.0
 10
-40.4193
 20
3.8834
 30
0.0
 10
-40.4193
 20
3.8834
 30
0.0
 10
-40.4193
 20
8.7784
 30
0.0
 10
-40.4193
 20
8.7784
 30
0.0
 10
-40.4193
 20
8.7784
 30
0.0
 10
-40.4193
 20
9.028
 30
0.0
 10
-40.4357
 20
9.2017
 30
0.0
 10
-40.479
 20
9.3211
 30
0.0
 10
-40.479
 20
9.3211
 30
0.0
 10
-40.5224
 20
9.4405
 30
0.0
 10
-40.593
 20
9.5164
 30
0.0
 10
-40.7069
 20
9.5545
 30
0.0
 10
-40.7069
 20
9.5545
 30
0.0
 10
-40.8209
 20
9.5978
 30
0.0
 10
-40.9946
 20
9.625
 30
0.0
 10
-41.2171
 20
9.6305
 30
0.0
 10
-41.2171
 20
9.6305
 30
0.0
 10
-41.2171
 20
9.6305
 30
0.0
 10
-41.2171
 20
9.8259
 30
0.0
 10
-41.2171
 20
9.8259
 30
0.0
 10
-41.2171
 20
9.8259
 30
0.0
 10
-40.9675
 20
9.8204
 30
0.0
 10
-40.7178
 20
9.815
 30
0.0
 10
-40.4464
 20
9.815
 30
0.0
 10
-40.4464
 20
9.815
 30
0.0
 10
-40.1752
 20
9.8095
 30
0.0
 10
-39.9038
 20
9.8095
 30
0.0
 10
-39.6433
 20
9.8041
 30
0.0
 10
-39.6433
 20
9.8041
 30
0.0
 10
-39.3828
 20
9.7987
 30
0.0
 10
-39.1386
 20
9.7987
 30
0.0
 10
-38.9052
 20
9.7987
 30
0.0
 10
-38.9052
 20
9.7987
 30
0.0
 10
-38.9052
 20
9.7987
 30
0.0
 10
-38.3463
 20
9.7987
 30
0.0
 10
-38.3463
 20
9.7987
 30
0.0
 10
-38.3463
 20
9.7987
 30
0.0
 10
-38.0478
 20
9.7987
 30
0.0
 10
-37.7005
 20
9.7987
 30
0.0
 10
-37.3152
 20
9.8041
 30
0.0
 10
-37.3152
 20
9.8041
 30
0.0
 10
-36.9299
 20
9.8096
 30
0.0
 10
-36.588
 20
9.815
 30
0.0
 10
-36.2787
 20
9.8259
 30
0.0
 10
-36.2787
 20
9.8259
 30
0.0
 10
-36.3058
 20
9.5762
 30
0.0
 10
-36.3221
 20
9.3374
 30
0.0
 10
-36.3329
 20
9.104
 30
0.0
 10
-36.3329
 20
9.104
 30
0.0
 10
-36.3438
 20
8.8707
 30
0.0
 10
-36.3492
 20
8.6915
 30
0.0
 10
-36.3492
 20
8.5613
 30
0.0
 10
-36.3492
 20
8.5613
 30
0.0
 10
-36.3492
 20
8.404
 30
0.0
 10
-36.3492
 20
8.2575
 30
0.0
 10
-36.3384
 20
8.1164
 30
0.0
 10
-36.3384
 20
8.1164
 30
0.0
 10
-36.3384
 20
8.1164
 30
0.0
 10
-36.3547
 20
8.138
 30
0.0
 10
-36.3547
 20
8.138
 30
0.0
  0
SPLINE
  5
8F
330
1F
100
AcDbEntity
  8
layer 1
 62
   242
100
AcDbSpline
210
0.0
220
0.0
230
1.0
 70
    11
 71
     3
 72
   108
 73
   104
 74
     0
 42
0.000000001
 43
0.0000000001
 40
0.0
 40
0.0
 40
0.0
 40
0.0
 40
0.037037037037037
 40
0.037037037037037
 40
0.037037037037037
 40
0.037037037037037
 40
0.0740740740740741
 40
0.0740740740740741
 40
0.0740740740740741
 40
0.0740740740740741
 40
0.1111111111111111
 40
0.1111111111111111
 40
0.1111111111111111
 40
0.1111111111111111
 40
0.1481481481481481
 40
0.1481481481481481
 40
0.1481481481481481
 40
0.1481481481481481
 40
0.1851851851851852
 40
0.1851851851851852
 40
0.1851851851851852
 40
0.1851851851851852
 40
0.2222222222222222
 40
0.2222222222222222
 40
0.2222222222222222
 40
0.2222222222222222
 40
0.2592592592592592
 40
0.2592592592592592
 40
0.2592592592592592
 40
0.2592592592592592
 40
0.2962962962962963
 40
0.2962962962962963
 40
0.2962962962962963
 40
0.2962962962962963
 40
0.3333333333333333
 40
0.3333333333333333
 40
0.3333333333333333
 40
0.3333333333333333
 40
0.3703703703703703
 40
0.3703703703703703
 40
0.3703703703703703
 40
0.3703703703703703
 40
0.4074074074074074
 40
0.4074074074074074
 40
0.4074074074074074
 40
0.4074074074074074
 40
0.4444444444444444
 40
0.4444444444444444
 40
0.4444444444444444
 40
0.4444444444444444
 40
0.4814814814814815
 40
0.4814814814814815
 40
0.4814814814814815
 40
0.4814814814814815
 40
0.5185185185185185
 40
0.5185185185185185
 40
0.5185185185185185
 40
0.5185185185185185
 40
0.5555555555555556
 40
0.5555555555555556
 40
0.5555555555555556
 40
0.5555555555555556
 40
0.5925925925925926
 40
0.5925925925925926
 40
0.5925925925925926
 40
0.5925925925925926
 40
0.6296296296296297
 40
0.6296296296296297
 40
0.6296296296296297
 40
0.6296296296296297
 40
0.6666666666666666
 40
0.6666666666666666
 40
0.6666666666666666
 40
0.6666666666666666
 40
0.7037037037037037
 40
0.7037037037037037
 40
0.7037037037037037
 40
0.7037037037037037
 40
0.7407407407407407
 40
0.7407407407407407
 40
0.7407407407407407
 40
0.7407407407407407
 40
0.7777777777777778
 40
0.7777777777777778
 40
0.7777777777777778
 40
0.7777777777777778
 40
0.8148148148148148
 40
0.8148148148148148
 40
0.8148148148148148
 40
0.8148148148148148
 40
0.8518518518518519
 40
0.8518518518518519
 40
0.8518518518518519
 40
0.8518518518518519
 40
0.8888888888888888
 40
0.8888888888888888
 40
0.8888888888888888
 40
0.8888888888888888
 40
0.9259259259259259
 40
0.9259259259259259
 40
0.9259259259259259
 40
0.9259259259259259
 40
1.0
 40
1.0
 40
1.0
 40
1.0
 10
-33.0877
 20
9.8475
 30
0.0
 10
-33.0877
 20
9.8475
 30
0.0
 10
-33.0877
 20
9.6522
 30
0.0
 10
-33.0877
 20
9.6522
 30
0.0
 10
-33.0877
 20
9.6522
 30
0.0
 10
-33.3102
 20
9.6467
 30
0.0
 10
-33.4838
 20
9.6196
 30
0.0
 10
-33.5977
 20
9.5762
 30
0.0
 10
-33.5977
 20
9.5762
 30
0.0
 10
-33.7117
 20
9.5328
 30
0.0
 10
-33.7877
 20
9.4568
 30
0.0
 10
-33.8312
 20
9.3374
 30
0.0
 10
-33.8312
 20
9.3374
 30
0.0
 10
-33.8745
 20
9.218
 30
0.0
 10
-33.8908
 20
9.0443
 30
0.0
 10
-33.8908
 20
8.8001
 30
0.0
 10
-33.8908
 20
8.8001
 30
0.0
 10
-33.8908
 20
8.8001
 30
0.0
 10
-33.8908
 20
3.8996
 30
0.0
 10
-33.8908
 20
3.8996
 30
0.0
 10
-33.8908
 20
3.8996
 30
0.0
 10
-33.8908
 20
3.6608
 30
0.0
 10
-33.8691
 20
3.4817
 30
0.0
 10
-33.8312
 20
3.3678
 30
0.0
 10
-33.8312
 20
3.3678
 30
0.0
 10
-33.7931
 20
3.2538
 30
0.0
 10
-33.7117
 20
3.1725
 30
0.0
 10
-33.5977
 20
3.129
 30
0.0
 10
-33.5977
 20
3.129
 30
0.0
 10
-33.4839
 20
3.091
 30
0.0
 10
-33.3156
 20
3.0639
 30
0.0
 10
-33.0877
 20
3.0477
 30
0.0
 10
-33.0877
 20
3.0477
 30
0.0
 10
-33.0877
 20
3.0477
 30
0.0
 10
-33.0877
 20
2.8523
 30
0.0
 10
-33.0877
 20
2.8523
 30
0.0
 10
-33.0877
 20
2.8523
 30
0.0
 10
-33.2396
 20
2.8631
 30
0.0
 10
-33.4295
 20
2.874
 30
0.0
 10
-33.6575
 20
2.8795
 30
0.0
 10
-33.6575
 20
2.8795
 30
0.0
 10
-33.8854
 20
2.8795
 30
0.0
 10
-34.1133
 20
2.8795
 30
0.0
 10
-34.3467
 20
2.8795
 30
0.0
 10
-34.3467
 20
2.8795
 30
0.0
 10
-34.6017
 20
2.8795
 30
0.0
 10
-34.846
 20
2.8795
 30
0.0
 10
-35.0685
 20
2.8795
 30
0.0
 10
-35.0685
 20
2.8795
 30
0.0
 10
-35.291
 20
2.8795
 30
0.0
 10
-35.4755
 20
2.8686
 30
0.0
 10
-35.6112
 20
2.8523
 30
0.0
 10
-35.6112
 20
2.8523
 30
0.0
 10
-35.6112
 20
2.8523
 30
0.0
 10
-35.6112
 20
3.0477
 30
0.0
 10
-35.6112
 20
3.0477
 30
0.0
 10
-35.6112
 20
3.0477
 30
0.0
 10
-35.3886
 20
3.0584
 30
0.0
 10
-35.2151
 20
3.0856
 30
0.0
 10
-35.101
 20
3.129
 30
0.0
 10
-35.101
 20
3.129
 30
0.0
 10
-34.9871
 20
3.167
 30
0.0
 10
-34.9057
 20
3.2484
 30
0.0
 10
-34.8677
 20
3.3678
 30
0.0
 10
-34.8677
 20
3.3678
 30
0.0
 10
-34.8297
 20
3.4872
 30
0.0
 10
-34.808
 20
3.6663
 30
0.0
 10
-34.808
 20
3.8996
 30
0.0
 10
-34.808
 20
3.8996
 30
0.0
 10
-34.808
 20
3.8996
 30
0.0
 10
-34.808
 20
8.8001
 30
0.0
 10
-34.808
 20
8.8001
 30
0.0
 10
-34.808
 20
8.8001
 30
0.0
 10
-34.808
 20
9.0443
 30
0.0
 10
-34.8297
 20
9.2234
 30
0.0
 10
-34.8677
 20
9.3374
 30
0.0
 10
-34.8677
 20
9.3374
 30
0.0
 10
-34.9057
 20
9.4513
 30
0.0
 10
-34.9871
 20
9.5327
 30
0.0
 10
-35.101
 20
9.5762
 30
0.0
 10
-35.101
 20
9.5762
 30
0.0
 10
-35.215
 20
9.6196
 30
0.0
 10
-35.3833
 20
9.6467
 30
0.0
 10
-35.6112
 20
9.6522
 30
0.0
 10
-35.6112
 20
9.6522
 30
0.0
 10
-35.6112
 20
9.6522
 30
0.0
 10
-35.6112
 20
9.8475
 30
0.0
 10
-35.6112
 20
9.8475
 30
0.0
 10
-35.6112
 20
9.8475
 30
0.0
 10
-35.4754
 20
9.842
 30
0.0
 10
-35.291
 20
9.8366
 30
0.0
 10
-35.0685
 20
9.8259
 30
0.0
 10
-35.0685
 20
9.8259
 30
0.0
 10
-34.846
 20
9.8204
 30
0.0
 10
-34.6018
 20
9.815
 30
0.0
 10
-34.3467
 20
9.815
 30
0.0
 10
-34.3467
 20
9.815
 30
0.0
 10
-34.1134
 20
9.815
 30
0.0
 10
-33.8854
 20
9.815
 30
0.0
 10
-33.6575
 20
9.8259
 30
0.0
 10
-33.6575
 20
9.8259
 30
0.0
 10
-33.4295
 20
9.8313
 30
0.0
 10
-33.2396
 20
9.8366
 30
0.0
 10
-33.0877
 20
9.8475
 30
0.0
  0
SPLINE
  5
90
330
1F
100
AcDbEntity
  8
layer 1
 62
   242
100
AcDbSpline
210
0.0
220
0.0
230
1.0
 70
    11
 71
     3
 72
   164
 73
   160
 74
     0
 42
0.000000001
 43
0.0000000001
 40
0.0
 40
0.0
 40
0.0
 40
0.0
 40
0.024390243902439
 40
0.024390243902439
 40
0.024390243902439
 40
0.024390243902439
 40
0.0487804878048781
 40
0.0487804878048781
 40
0.0487804878048781
 40
0.0487804878048781
 40
0.0731707317073171
 40
0.0731707317073171
 40
0.0731707317073171
 40
0.0731707317073171
 40
0.0975609756097561
 40
0.0975609756097561
 40
0.0975609756097561
 40
0.0975609756097561
 40
0.1219512195121951
 40
0.1219512195121951
 40
0.1219512195121951
 40
0.1219512195121951
 40
0.1463414634146341
 40
0.1463414634146341
 40
0.1463414634146341
 40
0.1463414634146341
 40
0.1707317073170732
 40
0.1707317073170732
 40
0.1707317073170732
 40
0.1707317073170732
 40
0.1951219512195122
 40
0.1951219512195122
 40
0.1951219512195122
 40
0.1951219512195122
 40
0.2195121951219512
 40
0.2195121951219512
 40
0.2195121951219512
 40
0.2195121951219512
 40
0.2439024390243902
 40
0.2439024390243902
 40
0.2439024390243902
 40
0.2439024390243902
 40
0.2682926829268293
 40
0.2682926829268293
 40
0.2682926829268293
 40
0.2682926829268293
 40
0.2926829268292683
 40
0.2926829268292683
 40
0.2926829268292683
 40
0.2926829268292683
 40
0.3170731707317073
 40
0.3170731707317073
 40
0.3170731707317073
 40
0.3170731707317073
 40
0.3414634146341464
 40
0.3414634146341464
 40
0.3414634146341464
 40
0.3414634146341464
 40
0.3658536585365854
 40
0.3658536585365854
 40
0.3658536585365854
 40
0.3658536585365854
 40
0.3902439024390244
 40
0.3902439024390244
 40
0.3902439024390244
 40
0.3902439024390244
 40
0.4146341463414634
 40
0.4146341463414634
 40
0.4146341463414634
 40
0.4146341463414634
 40
0.4390243902439024
 40
0.4390243902439024
 40
0.4390243902439024
 40
0.4390243902439024
 40
0.4634146341463415
 40
0.4634146341463415
 40
0.4634146341463415
 40
0.4634146341463415
 40
0.4878048780487805
 40
0.4878048780487805
 40
0.4878048780487805
 40
0.4878048780487805
 40
0.5121951219512195
 40
0.5121951219512195
 40
0.5121951219512195
 40
0.5121951219512195
 40
0.5365853658536586
 40
0.5365853658536586
 40
0.5365853658536586
 40
0.5365853658536586
 40
0.5609756097560976
 40
0.5609756097560976
 40
0.5609756097560976
 40
0.5609756097560976
 40
0.5853658536585366
 40
0.5853658536585366
 40
0.5853658536585366
 40
0.5853658536585366
 40
0.6097560975609756
 40
0.6097560975609756
 40
0.6097560975609756
 40
0.6097560975609756
 40
0.6341463414634146
 40
0.6341463414634146
 40
0.6341463414634146
 40
0.6341463414634146
 40
0.6585365853658537
 40
0.6585365853658537
 40
0.6585365853658537
 40
0.6585365853658537
 40
0.6829268292682927
 40
0.6829268292682927
 40
0.6829268292682927
 40
0.6829268292682927
 40
0.7073170731707317
 40
0.7073170731707317
 40
0.7073170731707317
 40
0.7073170731707317
 40
0.7317073170731707
 40
0.7317073170731707
 40
0.7317073170731707
 40
0.7317073170731707
 40
0.7560975609756098
 40
0.7560975609756098
 40
0.7560975609756098
 40
0.7560975609756098
 40
0.7804878048780488
 40
0.7804878048780488
 40
0.7804878048780488
 40
0.7804878048780488
 40
0.8048780487804879
 40
0.8048780487804879
 40
0.8048780487804879
 40
0.8048780487804879
 40
0.8292682926829268
 40
0.8292682926829268
 40
0.8292682926829268
 40
0.8292682926829268
 40
0.8536585365853658
 40
0.8536585365853658
 40
0.8536585365853658
 40
0.8536585365853658
 40
0.8780487804878049
 40
0.8780487804878049
 40
0.8780487804878049
 40
0.8780487804878049
 40
0.9024390243902439
 40
0.9024390243902439
 40
0.9024390243902439
 40
0.9024390243902439
 40
0.926829268292683
 40
0.926829268292683
 40
0.926829268292683
 40
0.926829268292683
 40
0.9512195121951219
 40
0.9512195121951219
 40
0.9512195121951219
 40
0.9512195121951219
 40
1.0
 40
1.0
 40
1.0
 40
1.0
 10
-26.0544
 20
9.8475
 30
0.0
 10
-26.0544
 20
9.8475
 30
0.0
 10
-26.0544
 20
9.6522
 30
0.0
 10
-26.0544
 20
9.6522
 30
0.0
 10
-26.0544
 20
9.6522
 30
0.0
 10
-26.2769
 20
9.6467
 30
0.0
 10
-26.4451
 20
9.6142
 30
0.0
 10
-26.5646
 20
9.5545
 30
0.0
 10
-26.5646
 20
9.5545
 30
0.0
 10
-26.6785
 20
9.4948
 30
0.0
 10
-26.7545
 20
9.4025
 30
0.0
 10
-26.7979
 20
9.2668
 30
0.0
 10
-26.7979
 20
9.2668
 30
0.0
 10
-26.8413
 20
9.1311
 30
0.0
 10
-26.8576
 20
8.9466
 30
0.0
 10
-26.8576
 20
8.7024
 30
0.0
 10
-26.8576
 20
8.7024
 30
0.0
 10
-26.8576
 20
8.7024
 30
0.0
 10
-26.8576
 20
2.8035
 30
0.0
 10
-26.8576
 20
2.8035
 30
0.0
 10
-26.8576
 20
2.8035
 30
0.0
 10
-26.8576
 20
2.8035
 30
0.0
 10
-27.0855
 20
2.8035
 30
0.0
 10
-27.0855
 20
2.8035
 30
0.0
 10
-27.0855
 20
2.8035
 30
0.0
 10
-27.0855
 20
2.8035
 30
0.0
 10
-31.2316
 20
9.2126
 30
0.0
 10
-31.2316
 20
9.2126
 30
0.0
 10
-31.2316
 20
9.2126
 30
0.0
 10
-31.2316
 20
9.2126
 30
0.0
 10
-31.2316
 20
3.9973
 30
0.0
 10
-31.2316
 20
3.9973
 30
0.0
 10
-31.2316
 20
3.9973
 30
0.0
 10
-31.2316
 20
3.7586
 30
0.0
 10
-31.21
 20
3.574
 30
0.0
 10
-31.1665
 20
3.4384
 30
0.0
 10
-31.1665
 20
3.4384
 30
0.0
 10
-31.1232
 20
3.3026
 30
0.0
 10
-31.0363
 20
3.205
 30
0.0
 10
-30.9115
 20
3.1507
 30
0.0
 10
-30.9115
 20
3.1507
 30
0.0
 10
-30.7813
 20
3.0965
 30
0.0
 10
-30.5913
 20
3.0584
 30
0.0
 10
-30.3362
 20
3.0477
 30
0.0
 10
-30.3362
 20
3.0477
 30
0.0
 10
-30.3362
 20
3.0477
 30
0.0
 10
-30.3362
 20
2.8523
 30
0.0
 10
-30.3362
 20
2.8523
 30
0.0
 10
-30.3362
 20
2.8523
 30
0.0
 10
-30.4557
 20
2.8631
 30
0.0
 10
-30.6076
 20
2.874
 30
0.0
 10
-30.803
 20
2.8795
 30
0.0
 10
-30.803
 20
2.8795
 30
0.0
 10
-30.9983
 20
2.8849
 30
0.0
 10
-31.1774
 20
2.8795
 30
0.0
 10
-31.3457
 20
2.8795
 30
0.0
 10
-31.3457
 20
2.8795
 30
0.0
 10
-31.5139
 20
2.8795
 30
0.0
 10
-31.6767
 20
2.8795
 30
0.0
 10
-31.845
 20
2.8795
 30
0.0
 10
-31.845
 20
2.8795
 30
0.0
 10
-32.0132
 20
2.8795
 30
0.0
 10
-32.1543
 20
2.8686
 30
0.0
 10
-32.2628
 20
2.8523
 30
0.0
 10
-32.2628
 20
2.8523
 30
0.0
 10
-32.2628
 20
2.8523
 30
0.0
 10
-32.2628
 20
3.0477
 30
0.0
 10
-32.2628
 20
3.0477
 30
0.0
 10
-32.2628
 20
3.0477
 30
0.0
 10
-32.0404
 20
3.0584
 30
0.0
 10
-31.8667
 20
3.0965
 30
0.0
 10
-31.7527
 20
3.1507
 30
0.0
 10
-31.7527
 20
3.1507
 30
0.0
 10
-31.6387
 20
3.205
 30
0.0
 10
-31.5573
 20
3.3026
 30
0.0
 10
-31.5194
 20
3.4384
 30
0.0
 10
-31.5194
 20
3.4384
 30
0.0
 10
-31.4813
 20
3.574
 30
0.0
 10
-31.4597
 20
3.7586
 30
0.0
 10
-31.4597
 20
3.9973
 30
0.0
 10
-31.4597
 20
3.9973
 30
0.0
 10
-31.4597
 20
3.9973
 30
0.0
 10
-31.4597
 20
8.8001
 30
0.0
 10
-31.4597
 20
8.8001
 30
0.0
 10
-31.4597
 20
8.8001
 30
0.0
 10
-31.4597
 20
9.0443
 30
0.0
 10
-31.4813
 20
9.2234
 30
0.0
 10
-31.5194
 20
9.3374
 30
0.0
 10
-31.5194
 20
9.3374
 30
0.0
 10
-31.5573
 20
9.4513
 30
0.0
 10
-31.6387
 20
9.5327
 30
0.0
 10
-31.7527
 20
9.5762
 30
0.0
 10
-31.7527
 20
9.5762
 30
0.0
 10
-31.8667
 20
9.6196
 30
0.0
 10
-32.0349
 20
9.6467
 30
0.0
 10
-32.2628
 20
9.6522
 30
0.0
 10
-32.2628
 20
9.6522
 30
0.0
 10
-32.2628
 20
9.6522
 30
0.0
 10
-32.2628
 20
9.8475
 30
0.0
 10
-32.2628
 20
9.8475
 30
0.0
 10
-32.2628
 20
9.8475
 30
0.0
 10
-32.1489
 20
9.842
 30
0.0
 10
-32.0132
 20
9.8366
 30
0.0
 10
-31.845
 20
9.8259
 30
0.0
 10
-31.845
 20
9.8259
 30
0.0
 10
-31.6767
 20
9.8204
 30
0.0
 10
-31.5084
 20
9.815
 30
0.0
 10
-31.3457
 20
9.815
 30
0.0
 10
-31.3457
 20
9.815
 30
0.0
 10
-31.1991
 20
9.815
 30
0.0
 10
-31.0634
 20
9.815
 30
0.0
 10
-30.9332
 20
9.8259
 30
0.0
 10
-30.9332
 20
9.8259
 30
0.0
 10
-30.803
 20
9.8313
 30
0.0
 10
-30.6836
 20
9.8366
 30
0.0
 10
-30.575
 20
9.8475
 30
0.0
 10
-30.575
 20
9.8475
 30
0.0
 10
-30.575
 20
9.8475
 30
0.0
 10
-27.091
 20
4.4749
 30
0.0
 10
-27.091
 20
4.4749
 30
0.0
 10
-27.091
 20
4.4749
 30
0.0
 10
-27.091
 20
4.4749
 30
0.0
 10
-27.091
 20
8.7024
 30
0.0
 10
-27.091
 20
8.7024
 30
0.0
 10
-27.091
 20
8.7024
 30
0.0
 10
-27.091
 20
8.9466
 30
0.0
 10
-27.1127
 20
9.1312
 30
0.0
 10
-27.156
 20
9.2668
 30
0.0
 10
-27.156
 20
9.2668
 30
0.0
 10
-27.1995
 20
9.3971
 30
0.0
 10
-27.2864
 20
9.4948
 30
0.0
 10
-27.4111
 20
9.5545
 30
0.0
 10
-27.4111
 20
9.5545
 30
0.0
 10
-27.5414
 20
9.6142
 30
0.0
 10
-27.7313
 20
9.6467
 30
0.0
 10
-27.9863
 20
9.6522
 30
0.0
 10
-27.9863
 20
9.6522
 30
0.0
 10
-27.9863
 20
9.6522
 30
0.0
 10
-27.9863
 20
9.8475
 30
0.0
 10
-27.9863
 20
9.8475
 30
0.0
 10
-27.9863
 20
9.8475
 30
0.0
 10
-27.867
 20
9.842
 30
0.0
 10
-27.7095
 20
9.8366
 30
0.0
 10
-27.5197
 20
9.8259
 30
0.0
 10
-27.5197
 20
9.8259
 30
0.0
 10
-27.3243
 20
9.8204
 30
0.0
 10
-27.1452
 20
9.815
 30
0.0
 10
-26.9823
 20
9.815
 30
0.0
 10
-26.9823
 20
9.815
 30
0.0
 10
-26.8195
 20
9.815
 30
0.0
 10
-26.6405
 20
9.815
 30
0.0
 10
-26.4723
 20
9.8259
 30
0.0
 10
-26.4723
 20
9.8259
 30
0.0
 10
-26.304
 20
9.8313
 30
0.0
 10
-26.1683
 20
9.8366
 30
0.0
 10
-26.0598
 20
9.8475
 30
0.0
 10
-26.0598
 20
9.8475
 30
0.0
 10
-26.0598
 20
9.8475
 30
0.0
 10
-26.0544
 20
9.8475
 30
0.0
 10
-26.0544
 20
9.8475
 30
0.0
  0
SPLINE
  5
91
330
1F
100
AcDbEntity
  8
layer 1
 62
   242
100
AcDbSpline
210
0.0
220
0.0
230
1.0
 70
    11
 71
     3
 72
   108
 73
   104
 74
     0
 42
0.000000001
 43
0.0000000001
 40
0.0
 40
0.0
 40
0.0
 40
0.0
 40
0.037037037037037
 40
0.037037037037037
 40
0.037037037037037
 40
0.037037037037037
 40
0.0740740740740741
 40
0.0740740740740741
 40
0.0740740740740741
 40
0.0740740740740741
 40
0.1111111111111111
 40
0.1111111111111111
 40
0.1111111111111111
 40
0.1111111111111111
 40
0.1481481481481481
 40
0.1481481481481481
 40
0.1481481481481481
 40
0.1481481481481481
 40
0.1851851851851852
 40
0.1851851851851852
 40
0.1851851851851852
 40
0.1851851851851852
 40
0.2222222222222222
 40
0.2222222222222222
 40
0.2222222222222222
 40
0.2222222222222222
 40
0.2592592592592592
 40
0.2592592592592592
 40
0.2592592592592592
 40
0.2592592592592592
 40
0.2962962962962963
 40
0.2962962962962963
 40
0.2962962962962963
 40
0.2962962962962963
 40
0.3333333333333333
 40
0.3333333333333333
 40
0.3333333333333333
 40
0.3333333333333333
 40
0.3703703703703703
 40
0.3703703703703703
 40
0.3703703703703703
 40
0.3703703703703703
 40
0.4074074074074074
 40
0.4074074074074074
 40
0.4074074074074074
 40
0.4074074074074074
 40
0.4444444444444444
 40
0.4444444444444444
 40
0.4444444444444444
 40
0.4444444444444444
 40
0.4814814814814815
 40
0.4814814814814815
 40
0.4814814814814815
 40
0.4814814814814815
 40
0.5185185185185185
 40
0.5185185185185185
 40
0.5185185185185185
 40
0.5185185185185185
 40
0.5555555555555556
 40
0.5555555555555556
 40
0.5555555555555556
 40
0.5555555555555556
 40
0.5925925925925926
 40
0.5925925925925926
 40
0.5925925925925926
 40
0.5925925925925926
 40
0.6296296296296297
 40
0.6296296296296297
 40
0.6296296296296297
 40
0.6296296296296297
 40
0.6666666666666666
 40
0.6666666666666666
 40
0.6666666666666666
 40
0.6666666666666666
 40
0.7037037037037037
 40
0.7037037037037037
 40
0.7037037037037037
 40
0.7037037037037037
 40
0.7407407407407407
 40
0.7407407407407407
 40
0.7407407407407407
 40
0.7407407407407407
 40
0.7777777777777778
 40
0.7777777777777778
 40
0.7777777777777778
 40
0.7777777777777778
 40
0.8148148148148148
 40
0.8148148148148148
 40
0.8148148148148148
 40
0.8148148148148148
 40
0.8518518518518519
 40
0.8518518518518519
 40
0.8518518518518519
 40
0.8518518518518519
 40
0.8888888888888888
 40
0.8888888888888888
 40
0.8888888888888888
 40
0.8888888888888888
 40
0.9259259259259259
 40
0.9259259259259259
 40
0.9259259259259259
 40
0.9259259259259259
 40
1.0
 40
1.0
 40
1.0
 40
1.0
 10
-22.7658
 20
9.8475
 30
0.0
 10
-22.7658
 20
9.8475
 30
0.0
 10
-22.7658
 20
9.6522
 30
0.0
 10
-22.7658
 20
9.6522
 30
0.0
 10
-22.7658
 20
9.6522
 30
0.0
 10
-22.9882
 20
9.6467
 30
0.0
 10
-23.1619
 20
9.6196
 30
0.0
 10
-23.2759
 20
9.5762
 30
0.0
 10
-23.2759
 20
9.5762
 30
0.0
 10
-23.3898
 20
9.5328
 30
0.0
 10
-23.4659
 20
9.4568
 30
0.0
 10
-23.5092
 20
9.3374
 30
0.0
 10
-23.5092
 20
9.3374
 30
0.0
 10
-23.5526
 20
9.218
 30
0.0
 10
-23.5689
 20
9.0443
 30
0.0
 10
-23.5689
 20
8.8001
 30
0.0
 10
-23.5689
 20
8.8001
 30
0.0
 10
-23.5689
 20
8.8001
 30
0.0
 10
-23.5689
 20
3.8996
 30
0.0
 10
-23.5689
 20
3.8996
 30
0.0
 10
-23.5689
 20
3.8996
 30
0.0
 10
-23.5689
 20
3.6608
 30
0.0
 10
-23.5473
 20
3.4817
 30
0.0
 10
-23.5092
 20
3.3678
 30
0.0
 10
-23.5092
 20
3.3678
 30
0.0
 10
-23.4712
 20
3.2538
 30
0.0
 10
-23.3898
 20
3.1725
 30
0.0
 10
-23.2759
 20
3.129
 30
0.0
 10
-23.2759
 20
3.129
 30
0.0
 10
-23.1619
 20
3.091
 30
0.0
 10
-22.9937
 20
3.0639
 30
0.0
 10
-22.7658
 20
3.0477
 30
0.0
 10
-22.7658
 20
3.0477
 30
0.0
 10
-22.7658
 20
3.0477
 30
0.0
 10
-22.7658
 20
2.8523
 30
0.0
 10
-22.7658
 20
2.8523
 30
0.0
 10
-22.7658
 20
2.8523
 30
0.0
 10
-22.9177
 20
2.8631
 30
0.0
 10
-23.1077
 20
2.874
 30
0.0
 10
-23.3356
 20
2.8795
 30
0.0
 10
-23.3356
 20
2.8795
 30
0.0
 10
-23.5635
 20
2.8795
 30
0.0
 10
-23.7915
 20
2.8795
 30
0.0
 10
-24.0249
 20
2.8795
 30
0.0
 10
-24.0249
 20
2.8795
 30
0.0
 10
-24.2799
 20
2.8795
 30
0.0
 10
-24.5242
 20
2.8795
 30
0.0
 10
-24.7466
 20
2.8795
 30
0.0
 10
-24.7466
 20
2.8795
 30
0.0
 10
-24.9691
 20
2.8795
 30
0.0
 10
-25.1537
 20
2.8686
 30
0.0
 10
-25.2893
 20
2.8523
 30
0.0
 10
-25.2893
 20
2.8523
 30
0.0
 10
-25.2893
 20
2.8523
 30
0.0
 10
-25.2893
 20
3.0477
 30
0.0
 10
-25.2893
 20
3.0477
 30
0.0
 10
-25.2893
 20
3.0477
 30
0.0
 10
-25.0668
 20
3.0584
 30
0.0
 10
-24.8931
 20
3.0856
 30
0.0
 10
-24.7791
 20
3.129
 30
0.0
 10
-24.7791
 20
3.129
 30
0.0
 10
-24.6652
 20
3.167
 30
0.0
 10
-24.5838
 20
3.2484
 30
0.0
 10
-24.5458
 20
3.3678
 30
0.0
 10
-24.5458
 20
3.3678
 30
0.0
 10
-24.5078
 20
3.4872
 30
0.0
 10
-24.4861
 20
3.6663
 30
0.0
 10
-24.4861
 20
3.8996
 30
0.0
 10
-24.4861
 20
3.8996
 30
0.0
 10
-24.4861
 20
3.8996
 30
0.0
 10
-24.4861
 20
8.8001
 30
0.0
 10
-24.4861
 20
8.8001
 30
0.0
 10
-24.4861
 20
8.8001
 30
0.0
 10
-24.4861
 20
9.0443
 30
0.0
 10
-24.5078
 20
9.2234
 30
0.0
 10
-24.5458
 20
9.3374
 30
0.0
 10
-24.5458
 20
9.3374
 30
0.0
 10
-24.5838
 20
9.4513
 30
0.0
 10
-24.6652
 20
9.5327
 30
0.0
 10
-24.7791
 20
9.5762
 30
0.0
 10
-24.7791
 20
9.5762
 30
0.0
 10
-24.8931
 20
9.6196
 30
0.0
 10
-25.0613
 20
9.6467
 30
0.0
 10
-25.2893
 20
9.6522
 30
0.0
 10
-25.2893
 20
9.6522
 30
0.0
 10
-25.2893
 20
9.6522
 30
0.0
 10
-25.2893
 20
9.8475
 30
0.0
 10
-25.2893
 20
9.8475
 30
0.0
 10
-25.2893
 20
9.8475
 30
0.0
 10
-25.1536
 20
9.842
 30
0.0
 10
-24.9691
 20
9.8366
 30
0.0
 10
-24.7466
 20
9.8259
 30
0.0
 10
-24.7466
 20
9.8259
 30
0.0
 10
-24.5242
 20
9.8204
 30
0.0
 10
-24.28
 20
9.815
 30
0.0
 10
-24.0249
 20
9.815
 30
0.0
 10
-24.0249
 20
9.815
 30
0.0
 10
-23.7915
 20
9.815
 30
0.0
 10
-23.5635
 20
9.815
 30
0.0
 10
-23.3356
 20
9.8259
 30
0.0
 10
-23.3356
 20
9.8259
 30
0.0
 10
-23.1077
 20
9.8313
 30
0.0
 10
-22.9177
 20
9.8366
 30
0.0
 10
-22.7658
 20
9.8475
 30
0.0
  0
SPLINE
  5
92
330
1F
100
AcDbEntity
  8
layer 1
 62
   242
100
AcDbSpline
210
0.0
220
0.0
230
1.0
 70
    11
 71
     3
 72
   208
 73
   204
 74
     0
 42
0.000000001
 43
0.0000000001
 40
0.0
 40
0.0
 40
0.0
 40
0.0
 40
0.0192307692307692
 40
0.0192307692307692
 40
0.0192307692307692
 40
0.0192307692307692
 40
0.0384615384615385
 40
0.0384615384615385
 40
0.0384615384615385
 40
0.0384615384615385
 40
0.0576923076923077
 40
0.0576923076923077
 40
0.0576923076923077
 40
0.0576923076923077
 40
0.0769230769230769
 40
0.0769230769230769
 40
0.0769230769230769
 40
0.0769230769230769
 40
0.0961538461538462
 40
0.0961538461538462
 40
0.0961538461538462
 40
0.0961538461538462
 40
0.1153846153846154
 40
0.1153846153846154
 40
0.1153846153846154
 40
0.1153846153846154
 40
0.1346153846153846
 40
0.1346153846153846
 40
0.1346153846153846
 40
0.1346153846153846
 40
0.1538461538461539
 40
0.1538461538461539
 40
0.1538461538461539
 40
0.1538461538461539
 40
0.1730769230769231
 40
0.1730769230769231
 40
0.1730769230769231
 40
0.1730769230769231
 40
0.1923076923076923
 40
0.1923076923076923
 40
0.1923076923076923
 40
0.1923076923076923
 40
0.2115384615384615
 40
0.2115384615384615
 40
0.2115384615384615
 40
0.2115384615384615
 40
0.2307692307692308
 40
0.2307692307692308
 40
0.2307692307692308
 40
0.2307692307692308
 40
0.25
 40
0.25
 40
0.25
 40
0.25
 40
0.2692307692307692
 40
0.2692307692307692
 40
0.2692307692307692
 40
0.2692307692307692
 40
0.2884615384615384
 40
0.2884615384615384
 40
0.2884615384615384
 40
0.2884615384615384
 40
0.3076923076923077
 40
0.3076923076923077
 40
0.3076923076923077
 40
0.3076923076923077
 40
0.3269230769230769
 40
0.3269230769230769
 40
0.3269230769230769
 40
0.3269230769230769
 40
0.3461538461538461
 40
0.3461538461538461
 40
0.3461538461538461
 40
0.3461538461538461
 40
0.3653846153846154
 40
0.3653846153846154
 40
0.3653846153846154
 40
0.3653846153846154
 40
0.3846153846153846
 40
0.3846153846153846
 40
0.3846153846153846
 40
0.3846153846153846
 40
0.4038461538461539
 40
0.4038461538461539
 40
0.4038461538461539
 40
0.4038461538461539
 40
0.4230769230769231
 40
0.4230769230769231
 40
0.4230769230769231
 40
0.4230769230769231
 40
0.4423076923076923
 40
0.4423076923076923
 40
0.4423076923076923
 40
0.4423076923076923
 40
0.4615384615384616
 40
0.4615384615384616
 40
0.4615384615384616
 40
0.4615384615384616
 40
0.4807692307692308
 40
0.4807692307692308
 40
0.4807692307692308
 40
0.4807692307692308
 40
0.5
 40
0.5
 40
0.5
 40
0.5
 40
0.5192307692307693
 40
0.5192307692307693
 40
0.5192307692307693
 40
0.5192307692307693
 40
0.5384615384615384
 40
0.5384615384615384
 40
0.5384615384615384
 40
0.5384615384615384
 40
0.5576923076923077
 40
0.5576923076923077
 40
0.5576923076923077
 40
0.5576923076923077
 40
0.5769230769230769
 40
0.5769230769230769
 40
0.5769230769230769
 40
0.5769230769230769
 40
0.5961538461538461
 40
0.5961538461538461
 40
0.5961538461538461
 40
0.5961538461538461
 40
0.6153846153846154
 40
0.6153846153846154
 40
0.6153846153846154
 40
0.6153846153846154
 40
0.6346153846153846
 40
0.6346153846153846
 40
0.6346153846153846
 40
0.6346153846153846
 40
0.6538461538461539
 40
0.6538461538461539
 40
0.6538461538461539
 40
0.6538461538461539
 40
0.6730769230769231
 40
0.6730769230769231
 40
0.6730769230769231
 40
0.6730769230769231
 40
0.6923076923076923
 40
0.6923076923076923
 40
0.6923076923076923
 40
0.6923076923076923
 40
0.7115384615384616
 40
0.7115384615384616
 40
0.7115384615384616
 40
0.7115384615384616
 40
0.7307692307692307
 40
0.7307692307692307
 40
0.7307692307692307
 40
0.7307692307692307
 40
0.75
 40
0.75
 40
0.75
 40
0.75
 40
0.7692307692307693
 40
0.7692307692307693
 40
0.7692307692307693
 40
0.7692307692307693
 40
0.7884615384615384
 40
0.7884615384615384
 40
0.7884615384615384
 40
0.7884615384615384
 40
0.8076923076923077
 40
0.8076923076923077
 40
0.8076923076923077
 40
0.8076923076923077
 40
0.8269230769230769
 40
0.8269230769230769
 40
0.8269230769230769
 40
0.8269230769230769
 40
0.8461538461538461
 40
0.8461538461538461
 40
0.8461538461538461
 40
0.8461538461538461
 40
0.8653846153846154
 40
0.8653846153846154
 40
0.8653846153846154
 40
0.8653846153846154
 40
0.8846153846153846
 40
0.8846153846153846
 40
0.8846153846153846
 40
0.8846153846153846
 40
0.9038461538461539
 40
0.9038461538461539
 40
0.9038461538461539
 40
0.9038461538461539
 40
0.9230769230769231
 40
0.9230769230769231
 40
0.9230769230769231
 40
0.9230769230769231
 40
0.9423076923076923
 40
0.9423076923076923
 40
0.9423076923076923
 40
0.9423076923076923
 40
0.9615384615384616
 40
0.9615384615384616
 40
0.9615384615384616
 40
0.9615384615384616
 40
1.0
 40
1.0
 40
1.0
 40
1.0
 10
-19.8244
 20
9.9561
 30
0.0
 10
-19.4933
 20
9.9561
 30
0.0
 10
-19.2437
 20
9.918
 30
0.0
 10
-19.0754
 20
9.8421
 30
0.0
 10
-19.0754
 20
9.8421
 30
0.0
 10
-18.9018
 20
9.7661
 30
0.0
 10
-18.7553
 20
9.6847
 30
0.0
 10
-18.6196
 20
9.5924
 30
0.0
 10
-18.6196
 20
9.5924
 30
0.0
 10
-18.5382
 20
9.5491
 30
0.0
 10
-18.4786
 20
9.511
 30
0.0
 10
-18.4243
 20
9.4894
 30
0.0
 10
-18.4243
 20
9.4894
 30
0.0
 10
-18.37
 20
9.4677
 30
0.0
 10
-18.3265
 20
9.4568
 30
0.0
 10
-18.2832
 20
9.4568
 30
0.0
 10
-18.2832
 20
9.4568
 30
0.0
 10
-18.2181
 20
9.4568
 30
0.0
 10
-18.1692
 20
9.4949
 30
0.0
 10
-18.1421
 20
9.5654
 30
0.0
 10
-18.1421
 20
9.5654
 30
0.0
 10
-18.1149
 20
9.6359
 30
0.0
 10
-18.0878
 20
9.7445
 30
0.0
 10
-18.0661
 20
9.891
 30
0.0
 10
-18.0661
 20
9.891
 30
0.0
 10
-18.0661
 20
9.891
 30
0.0
 10
-17.8381
 20
9.8909
 30
0.0
 10
-17.8381
 20
9.8909
 30
0.0
 10
-17.8381
 20
9.8909
 30
0.0
 10
-17.8436
 20
9.7769
 30
0.0
 10
-17.8544
 20
9.6467
 30
0.0
 10
-17.8653
 20
9.4894
 30
0.0
 10
-17.8653
 20
9.4894
 30
0.0
 10
-17.8762
 20
9.332
 30
0.0
 10
-17.8816
 20
9.1311
 30
0.0
 10
-17.887
 20
8.8761
 30
0.0
 10
-17.887
 20
8.8761
 30
0.0
 10
-17.887
 20
8.621
 30
0.0
 10
-17.887
 20
8.29
 30
0.0
 10
-17.887
 20
7.8722
 30
0.0
 10
-17.887
 20
7.8722
 30
0.0
 10
-17.887
 20
7.8722
 30
0.0
 10
-18.1149
 20
7.8722
 30
0.0
 10
-18.1149
 20
7.8722
 30
0.0
 10
-18.1149
 20
7.8722
 30
0.0
 10
-18.1366
 20
8.1869
 30
0.0
 10
-18.2017
 20
8.4908
 30
0.0
 10
-18.3212
 20
8.7838
 30
0.0
 10
-18.3212
 20
8.7838
 30
0.0
 10
-18.4405
 20
9.0715
 30
0.0
 10
-18.6142
 20
9.3102
 30
0.0
 10
-18.8421
 20
9.4948
 30
0.0
 10
-18.8421
 20
9.4948
 30
0.0
 10
-19.07
 20
9.6792
 30
0.0
 10
-19.3685
 20
9.7715
 30
0.0
 10
-19.7375
 20
9.7715
 30
0.0
 10
-19.7375
 20
9.7715
 30
0.0
 10
-20.0849
 20
9.7715
 30
0.0
 10
-20.3724
 20
9.6685
 30
0.0
 10
-20.6005
 20
9.4568
 30
0.0
 10
-20.6005
 20
9.4568
 30
0.0
 10
-20.8284
 20
9.2452
 30
0.0
 10
-20.9423
 20
8.9684
 30
0.0
 10
-20.9423
 20
8.6265
 30
0.0
 10
-20.9423
 20
8.6265
 30
0.0
 10
-20.9423
 20
8.328
 30
0.0
 10
-20.8663
 20
8.0838
 30
0.0
 10
-20.7143
 20
7.883
 30
0.0
 10
-20.7143
 20
7.883
 30
0.0
 10
-20.5624
 20
7.6822
 30
0.0
 10
-20.3617
 20
7.5031
 30
0.0
 10
-20.1066
 20
7.3403
 30
0.0
 10
-20.1066
 20
7.3403
 30
0.0
 10
-19.8515
 20
7.1775
 30
0.0
 10
-19.5801
 20
7.0038
 30
0.0
 10
-19.2817
 20
6.8193
 30
0.0
 10
-19.2817
 20
6.8193
 30
0.0
 10
-18.9398
 20
6.6077
 30
0.0
 10
-18.6359
 20
6.4015
 30
0.0
 10
-18.3699
 20
6.1898
 30
0.0
 10
-18.3699
 20
6.1898
 30
0.0
 10
-18.104
 20
5.9836
 30
0.0
 10
-17.8924
 20
5.7556
 30
0.0
 10
-17.7404
 20
5.5061
 30
0.0
 10
-17.7404
 20
5.5061
 30
0.0
 10
-17.5884
 20
5.2564
 30
0.0
 10
-17.507
 20
4.9525
 30
0.0
 10
-17.507
 20
4.5998
 30
0.0
 10
-17.507
 20
4.5998
 30
0.0
 10
-17.507
 20
4.1765
 30
0.0
 10
-17.6047
 20
3.8291
 30
0.0
 10
-17.7947
 20
3.5525
 30
0.0
 10
-17.7947
 20
3.5525
 30
0.0
 10
-17.9847
 20
3.2757
 30
0.0
 10
-18.2396
 20
3.0694
 30
0.0
 10
-18.5545
 20
2.9283
 30
0.0
 10
-18.5545
 20
2.9283
 30
0.0
 10
-18.8692
 20
2.7926
 30
0.0
 10
-19.2221
 20
2.7221
 30
0.0
 10
-19.6019
 20
2.7221
 30
0.0
 10
-19.6019
 20
2.7221
 30
0.0
 10
-19.9492
 20
2.7221
 30
0.0
 10
-20.2259
 20
2.7601
 30
0.0
 10
-20.4322
 20
2.8415
 30
0.0
 10
-20.4322
 20
2.8415
 30
0.0
 10
-20.6384
 20
2.9229
 30
0.0
 10
-20.8121
 20
3.0043
 30
0.0
 10
-20.9531
 20
3.0856
 30
0.0
 10
-20.9531
 20
3.0856
 30
0.0
 10
-21.0998
 20
3.1779
 30
0.0
 10
-21.2082
 20
3.2214
 30
0.0
 10
-21.2896
 20
3.2214
 30
0.0
 10
-21.2896
 20
3.2214
 30
0.0
 10
-21.3547
 20
3.2214
 30
0.0
 10
-21.4036
 20
3.1834
 30
0.0
 10
-21.4307
 20
3.1128
 30
0.0
 10
-21.4307
 20
3.1128
 30
0.0
 10
-21.4579
 20
3.0423
 30
0.0
 10
-21.485
 20
2.9337
 30
0.0
 10
-21.5068
 20
2.7872
 30
0.0
 10
-21.5068
 20
2.7872
 30
0.0
 10
-21.5068
 20
2.7872
 30
0.0
 10
-21.7347
 20
2.7872
 30
0.0
 10
-21.7347
 20
2.7872
 30
0.0
 10
-21.7347
 20
2.7872
 30
0.0
 10
-21.7238
 20
2.9229
 30
0.0
 10
-21.7129
 20
3.0911
 30
0.0
 10
-21.7075
 20
3.2756
 30
0.0
 10
-21.7075
 20
3.2756
 30
0.0
 10
-21.7075
 20
3.4656
 30
0.0
 10
-21.702
 20
3.7098
 30
0.0
 10
-21.6966
 20
4.0137
 30
0.0
 10
-21.6966
 20
4.0137
 30
0.0
 10
-21.6966
 20
4.3176
 30
0.0
 10
-21.6966
 20
4.6974
 30
0.0
 10
-21.6966
 20
5.1588
 30
0.0
 10
-21.6966
 20
5.1588
 30
0.0
 10
-21.6966
 20
5.1588
 30
0.0
 10
-21.4688
 20
5.1587
 30
0.0
 10
-21.4688
 20
5.1587
 30
0.0
 10
-21.4688
 20
5.1587
 30
0.0
 10
-21.4416
 20
4.7626
 30
0.0
 10
-21.3656
 20
4.3935
 30
0.0
 10
-21.2463
 20
4.0516
 30
0.0
 10
-21.2463
 20
4.0516
 30
0.0
 10
-21.1268
 20
3.7098
 30
0.0
 10
-20.937
 20
3.433
 30
0.0
 10
-20.6819
 20
3.2267
 30
0.0
 10
-20.6819
 20
3.2267
 30
0.0
 10
-20.4269
 20
3.0205
 30
0.0
 10
-20.0904
 20
2.9174
 30
0.0
 10
-19.667
 20
2.9174
 30
0.0
 10
-19.667
 20
2.9174
 30
0.0
 10
-19.45
 20
2.9174
 30
0.0
 10
-19.2437
 20
2.9608
 30
0.0
 10
-19.0484
 20
3.0532
 30
0.0
 10
-19.0484
 20
3.0532
 30
0.0
 10
-18.853
 20
3.14
 30
0.0
 10
-18.6956
 20
3.2865
 30
0.0
 10
-18.5707
 20
3.4764
 30
0.0
 10
-18.5707
 20
3.4764
 30
0.0
 10
-18.4459
 20
3.6663
 30
0.0
 10
-18.3809
 20
3.9214
 30
0.0
 10
-18.3809
 20
4.2307
 30
0.0
 10
-18.3809
 20
4.2307
 30
0.0
 10
-18.3809
 20
4.5021
 30
0.0
 10
-18.4459
 20
4.7354
 30
0.0
 10
-18.5707
 20
4.9363
 30
0.0
 10
-18.5707
 20
4.9363
 30
0.0
 10
-18.701
 20
5.137
 30
0.0
 10
-18.8802
 20
5.327
 30
0.0
 10
-19.1081
 20
5.5006
 30
0.0
 10
-19.1081
 20
5.5006
 30
0.0
 10
-19.3414
 20
5.6742
 30
0.0
 10
-19.6074
 20
5.8533
 30
0.0
 10
-19.9167
 20
6.0379
 30
0.0
 10
-19.9167
 20
6.0379
 30
0.0
 10
-20.226
 20
6.2279
 30
0.0
 10
-20.5137
 20
6.4231
 30
0.0
 10
-20.785
 20
6.6186
 30
0.0
 10
-20.785
 20
6.6186
 30
0.0
 10
-21.0564
 20
6.814
 30
0.0
 10
-21.2681
 20
7.0473
 30
0.0
 10
-21.4309
 20
7.3024
 30
0.0
 10
-21.4309
 20
7.3024
 30
0.0
 10
-21.5937
 20
7.5628
 30
0.0
 10
-21.6749
 20
7.8775
 30
0.0
 10
-21.6749
 20
8.2466
 30
0.0
 10
-21.6749
 20
8.2466
 30
0.0
 10
-21.6749
 20
8.6373
 30
0.0
 10
-21.5882
 20
8.9575
 30
0.0
 10
-21.4145
 20
9.2072
 30
0.0
 10
-21.4145
 20
9.2072
 30
0.0
 10
-21.2409
 20
9.4622
 30
0.0
 10
-21.013
 20
9.6468
 30
0.0
 10
-20.7307
 20
9.7715
 30
0.0
 10
-20.7307
 20
9.7715
 30
0.0
 10
-20.4486
 20
9.8964
 30
0.0
 10
-20.1446
 20
9.9561
 30
0.0
 10
-19.8244
 20
9.9561
 30
0.0
 10
-19.8244
 20
9.9561
 30
0.0
 10
-19.8244
 20
9.9561
 30
0.0
 10
-19.8244
 20
9.9561
 30
0.0
 10
-19.8244
 20
9.9561
 30
0.0
  0
SPLINE
  5
93
330
1F
100
AcDbEntity
  8
layer 1
 62
   242
100
AcDbSpline
210
0.0
220
0.0
230
1.0
 70
    11
 71
     3
 72
   228
 73
   224
 74
     0
 42
0.000000001
 43
0.0000000001
 40
0.0
 40
0.0
 40
0.0
 40
0.0
 40
0.0175438596491228
 40
0.0175438596491228
 40
0.0175438596491228
 40
0.0175438596491228
 40
0.0350877192982456
 40
0.0350877192982456
 40
0.0350877192982456
 40
0.0350877192982456
 40
0.0526315789473684
 40
0.0526315789473684
 40
0.0526315789473684
 40
0.0526315789473684
 40
0.0701754385964912
 40
0.0701754385964912
 40
0.0701754385964912
 40
0.0701754385964912
 40
0.087719298245614
 40
0.087719298245614
 40
0.087719298245614
 40
0.087719298245614
 40
0.1052631578947368
 40
0.1052631578947368
 40
0.1052631578947368
 40
0.1052631578947368
 40
0.1228070175438596
 40
0.1228070175438596
 40
0.1228070175438596
 40
0.1228070175438596
 40
0.1403508771929824
 40
0.1403508771929824
 40
0.1403508771929824
 40
0.1403508771929824
 40
0.1578947368421053
 40
0.1578947368421053
 40
0.1578947368421053
 40
0.1578947368421053
 40
0.1754385964912281
 40
0.1754385964912281
 40
0.1754385964912281
 40
0.1754385964912281
 40
0.1929824561403509
 40
0.1929824561403509
 40
0.1929824561403509
 40
0.1929824561403509
 40
0.2105263157894737
 40
0.2105263157894737
 40
0.2105263157894737
 40
0.2105263157894737
 40
0.2280701754385965
 40
0.2280701754385965
 40
0.2280701754385965
 40
0.2280701754385965
 40
0.2456140350877193
 40
0.2456140350877193
 40
0.2456140350877193
 40
0.2456140350877193
 40
0.2631578947368421
 40
0.2631578947368421
 40
0.2631578947368421
 40
0.2631578947368421
 40
0.2807017543859649
 40
0.2807017543859649
 40
0.2807017543859649
 40
0.2807017543859649
 40
0.2982456140350877
 40
0.2982456140350877
 40
0.2982456140350877
 40
0.2982456140350877
 40
0.3157894736842105
 40
0.3157894736842105
 40
0.3157894736842105
 40
0.3157894736842105
 40
0.3333333333333333
 40
0.3333333333333333
 40
0.3333333333333333
 40
0.3333333333333333
 40
0.3508771929824561
 40
0.3508771929824561
 40
0.3508771929824561
 40
0.3508771929824561
 40
0.3684210526315789
 40
0.3684210526315789
 40
0.3684210526315789
 40
0.3684210526315789
 40
0.3859649122807017
 40
0.3859649122807017
 40
0.3859649122807017
 40
0.3859649122807017
 40
0.4035087719298245
 40
0.4035087719298245
 40
0.4035087719298245
 40
0.4035087719298245
 40
0.4210526315789473
 40
0.4210526315789473
 40
0.4210526315789473
 40
0.4210526315789473
 40
0.4385964912280702
 40
0.4385964912280702
 40
0.4385964912280702
 40
0.4385964912280702
 40
0.456140350877193
 40
0.456140350877193
 40
0.456140350877193
 40
0.456140350877193
 40
0.4736842105263158
 40
0.4736842105263158
 40
0.4736842105263158
 40
0.4736842105263158
 40
0.4912280701754386
 40
0.4912280701754386
 40
0.4912280701754386
 40
0.4912280701754386
 40
0.5087719298245614
 40
0.5087719298245614
 40
0.5087719298245614
 40
0.5087719298245614
 40
0.5263157894736842
 40
0.5263157894736842
 40
0.5263157894736842
 40
0.5263157894736842
 40
0.543859649122807
 40
0.543859649122807
 40
0.543859649122807
 40
0.543859649122807
 40
0.5614035087719298
 40
0.5614035087719298
 40
0.5614035087719298
 40
0.5614035087719298
 40
0.5789473684210527
 40
0.5789473684210527
 40
0.5789473684210527
 40
0.5789473684210527
 40
0.5964912280701754
 40
0.5964912280701754
 40
0.5964912280701754
 40
0.5964912280701754
 40
0.6140350877192983
 40
0.6140350877192983
 40
0.6140350877192983
 40
0.6140350877192983
 40
0.631578947368421
 40
0.631578947368421
 40
0.631578947368421
 40
0.631578947368421
 40
0.6491228070175439
 40
0.6491228070175439
 40
0.6491228070175439
 40
0.6491228070175439
 40
0.6666666666666666
 40
0.6666666666666666
 40
0.6666666666666666
 40
0.6666666666666666
 40
0.6842105263157895
 40
0.6842105263157895
 40
0.6842105263157895
 40
0.6842105263157895
 40
0.7017543859649122
 40
0.7017543859649122
 40
0.7017543859649122
 40
0.7017543859649122
 40
0.7192982456140351
 40
0.7192982456140351
 40
0.7192982456140351
 40
0.7192982456140351
 40
0.7368421052631579
 40
0.7368421052631579
 40
0.7368421052631579
 40
0.7368421052631579
 40
0.7543859649122807
 40
0.7543859649122807
 40
0.7543859649122807
 40
0.7543859649122807
 40
0.7719298245614035
 40
0.7719298245614035
 40
0.7719298245614035
 40
0.7719298245614035
 40
0.7894736842105263
 40
0.7894736842105263
 40
0.7894736842105263
 40
0.7894736842105263
 40
0.8070175438596491
 40
0.8070175438596491
 40
0.8070175438596491
 40
0.8070175438596491
 40
0.8245614035087719
 40
0.8245614035087719
 40
0.8245614035087719
 40
0.8245614035087719
 40
0.8421052631578947
 40
0.8421052631578947
 40
0.8421052631578947
 40
0.8421052631578947
 40
0.8596491228070176
 40
0.8596491228070176
 40
0.8596491228070176
 40
0.8596491228070176
 40
0.8771929824561403
 40
0.8771929824561403
 40
0.8771929824561403
 40
0.8771929824561403
 40
0.8947368421052632
 40
0.8947368421052632
 40
0.8947368421052632
 40
0.8947368421052632
 40
0.9122807017543859
 40
0.9122807017543859
 40
0.9122807017543859
 40
0.9122807017543859
 40
0.9298245614035088
 40
0.9298245614035088
 40
0.9298245614035088
 40
0.9298245614035088
 40
0.9473684210526315
 40
0.9473684210526315
 40
0.9473684210526315
 40
0.9473684210526315
 40
0.9649122807017544
 40
0.9649122807017544
 40
0.9649122807017544
 40
0.9649122807017544
 40
1.0
 40
1.0
 40
1.0
 40
1.0
 10
-10.756
 20
8.8001
 30
0.0
 10
-10.756
 20
8.8001
 30
0.0
 10
-10.756
 20
3.9051
 30
0.0
 10
-10.756
 20
3.9051
 30
0.0
 10
-10.756
 20
3.9051
 30
0.0
 10
-10.756
 20
3.6663
 30
0.0
 10
-10.7397
 20
3.4872
 30
0.0
 10
-10.6964
 20
3.3733
 30
0.0
 10
-10.6964
 20
3.3733
 30
0.0
 10
-10.6583
 20
3.2538
 30
0.0
 10
-10.5824
 20
3.1725
 30
0.0
 10
-10.4685
 20
3.14
 30
0.0
 10
-10.4685
 20
3.14
 30
0.0
 10
-10.349
 20
3.1019
 30
0.0
 10
-10.1808
 20
3.0693
 30
0.0
 10
-9.9583
 20
3.0586
 30
0.0
 10
-9.9583
 20
3.0586
 30
0.0
 10
-9.9583
 20
3.0586
 30
0.0
 10
-9.9583
 20
2.8577
 30
0.0
 10
-9.9583
 20
2.8577
 30
0.0
 10
-9.9583
 20
2.8577
 30
0.0
 10
-10.094
 20
2.874
 30
0.0
 10
-10.2785
 20
2.8795
 30
0.0
 10
-10.5064
 20
2.8849
 30
0.0
 10
-10.5064
 20
2.8849
 30
0.0
 10
-10.729
 20
2.8849
 30
0.0
 10
-10.9678
 20
2.8904
 30
0.0
 10
-11.2227
 20
2.8904
 30
0.0
 10
-11.2227
 20
2.8904
 30
0.0
 10
-11.4453
 20
2.8904
 30
0.0
 10
-11.6732
 20
2.8849
 30
0.0
 10
-11.9065
 20
2.8849
 30
0.0
 10
-11.9065
 20
2.8849
 30
0.0
 10
-12.1344
 20
2.8795
 30
0.0
 10
-12.3244
 20
2.874
 30
0.0
 10
-12.4764
 20
2.8577
 30
0.0
 10
-12.4764
 20
2.8577
 30
0.0
 10
-12.4764
 20
2.8577
 30
0.0
 10
-12.4764
 20
3.0586
 30
0.0
 10
-12.4764
 20
3.0586
 30
0.0
 10
-12.4764
 20
3.0586
 30
0.0
 10
-12.2539
 20
3.0693
 30
0.0
 10
-12.0856
 20
3.0965
 30
0.0
 10
-11.9717
 20
3.14
 30
0.0
 10
-11.9717
 20
3.14
 30
0.0
 10
-11.8578
 20
3.1725
 30
0.0
 10
-11.7764
 20
3.2538
 30
0.0
 10
-11.7383
 20
3.3733
 30
0.0
 10
-11.7383
 20
3.3733
 30
0.0
 10
-11.7058
 20
3.4872
 30
0.0
 10
-11.6787
 20
3.6663
 30
0.0
 10
-11.6787
 20
3.9051
 30
0.0
 10
-11.6787
 20
3.9051
 30
0.0
 10
-11.6787
 20
3.9051
 30
0.0
 10
-11.6787
 20
6.2712
 30
0.0
 10
-11.6787
 20
6.2712
 30
0.0
 10
-11.6787
 20
6.2712
 30
0.0
 10
-11.6787
 20
6.2712
 30
0.0
 10
-14.8914
 20
6.2712
 30
0.0
 10
-14.8914
 20
6.2712
 30
0.0
 10
-14.8914
 20
6.2712
 30
0.0
 10
-14.8914
 20
6.2712
 30
0.0
 10
-14.8914
 20
3.9051
 30
0.0
 10
-14.8914
 20
3.9051
 30
0.0
 10
-14.8914
 20
3.9051
 30
0.0
 10
-14.8914
 20
3.6663
 30
0.0
 10
-14.8697
 20
3.4872
 30
0.0
 10
-14.8262
 20
3.3733
 30
0.0
 10
-14.8262
 20
3.3733
 30
0.0
 10
-14.7883
 20
3.2538
 30
0.0
 10
-14.7123
 20
3.1725
 30
0.0
 10
-14.5983
 20
3.14
 30
0.0
 10
-14.5983
 20
3.14
 30
0.0
 10
-14.4844
 20
3.1019
 30
0.0
 10
-14.3107
 20
3.0693
 30
0.0
 10
-14.0881
 20
3.0586
 30
0.0
 10
-14.0881
 20
3.0586
 30
0.0
 10
-14.0881
 20
3.0586
 30
0.0
 10
-14.0881
 20
2.8577
 30
0.0
 10
-14.0881
 20
2.8577
 30
0.0
 10
-14.0881
 20
2.8577
 30
0.0
 10
-14.2455
 20
2.874
 30
0.0
 10
-14.4355
 20
2.8795
 30
0.0
 10
-14.658
 20
2.8849
 30
0.0
 10
-14.658
 20
2.8849
 30
0.0
 10
-14.886
 20
2.8849
 30
0.0
 10
-15.1193
 20
2.8904
 30
0.0
 10
-15.3472
 20
2.8904
 30
0.0
 10
-15.3472
 20
2.8904
 30
0.0
 10
-15.6023
 20
2.8904
 30
0.0
 10
-15.8411
 20
2.8849
 30
0.0
 10
-16.0635
 20
2.8849
 30
0.0
 10
-16.0635
 20
2.8849
 30
0.0
 10
-16.286
 20
2.8795
 30
0.0
 10
-16.4706
 20
2.874
 30
0.0
 10
-16.6116
 20
2.8577
 30
0.0
 10
-16.6116
 20
2.8577
 30
0.0
 10
-16.6116
 20
2.8577
 30
0.0
 10
-16.6116
 20
3.0586
 30
0.0
 10
-16.6116
 20
3.0586
 30
0.0
 10
-16.6116
 20
3.0586
 30
0.0
 10
-16.3892
 20
3.0693
 30
0.0
 10
-16.2155
 20
3.0965
 30
0.0
 10
-16.1016
 20
3.14
 30
0.0
 10
-16.1016
 20
3.14
 30
0.0
 10
-15.9876
 20
3.1725
 30
0.0
 10
-15.9116
 20
3.2538
 30
0.0
 10
-15.8737
 20
3.3733
 30
0.0
 10
-15.8737
 20
3.3733
 30
0.0
 10
-15.8356
 20
3.4872
 30
0.0
 10
-15.8139
 20
3.6663
 30
0.0
 10
-15.8139
 20
3.9051
 30
0.0
 10
-15.8139
 20
3.9051
 30
0.0
 10
-15.8139
 20
3.9051
 30
0.0
 10
-15.8139
 20
8.8001
 30
0.0
 10
-15.8139
 20
8.8001
 30
0.0
 10
-15.8139
 20
8.8001
 30
0.0
 10
-15.8139
 20
9.0498
 30
0.0
 10
-15.8302
 20
9.2234
 30
0.0
 10
-15.8737
 20
9.3429
 30
0.0
 10
-15.8737
 20
9.3429
 30
0.0
 10
-15.9116
 20
9.4568
 30
0.0
 10
-15.9876
 20
9.5382
 30
0.0
 10
-16.1016
 20
9.5762
 30
0.0
 10
-16.1016
 20
9.5762
 30
0.0
 10
-16.2155
 20
9.6196
 30
0.0
 10
-16.3892
 20
9.6467
 30
0.0
 10
-16.6116
 20
9.6522
 30
0.0
 10
-16.6116
 20
9.6522
 30
0.0
 10
-16.6116
 20
9.6522
 30
0.0
 10
-16.6116
 20
9.8475
 30
0.0
 10
-16.6116
 20
9.8475
 30
0.0
 10
-16.6116
 20
9.8475
 30
0.0
 10
-16.476
 20
9.842
 30
0.0
 10
-16.2915
 20
9.8366
 30
0.0
 10
-16.0635
 20
9.8313
 30
0.0
 10
-16.0635
 20
9.8313
 30
0.0
 10
-15.8411
 20
9.8258
 30
0.0
 10
-15.5969
 20
9.8204
 30
0.0
 10
-15.3472
 20
9.8204
 30
0.0
 10
-15.3472
 20
9.8204
 30
0.0
 10
-15.1193
 20
9.8204
 30
0.0
 10
-14.886
 20
9.8259
 30
0.0
 10
-14.658
 20
9.8313
 30
0.0
 10
-14.658
 20
9.8313
 30
0.0
 10
-14.4355
 20
9.8366
 30
0.0
 10
-14.2455
 20
9.842
 30
0.0
 10
-14.0881
 20
9.8475
 30
0.0
 10
-14.0881
 20
9.8475
 30
0.0
 10
-14.0881
 20
9.8475
 30
0.0
 10
-14.0881
 20
9.6522
 30
0.0
 10
-14.0881
 20
9.6522
 30
0.0
 10
-14.0881
 20
9.6522
 30
0.0
 10
-14.3107
 20
9.6467
 30
0.0
 10
-14.4844
 20
9.625
 30
0.0
 10
-14.5983
 20
9.5762
 30
0.0
 10
-14.5983
 20
9.5762
 30
0.0
 10
-14.7123
 20
9.5382
 30
0.0
 10
-14.7883
 20
9.4568
 30
0.0
 10
-14.8262
 20
9.3429
 30
0.0
 10
-14.8262
 20
9.3429
 30
0.0
 10
-14.8643
 20
9.2289
 30
0.0
 10
-14.8914
 20
9.0498
 30
0.0
 10
-14.8914
 20
8.8001
 30
0.0
 10
-14.8914
 20
8.8001
 30
0.0
 10
-14.8914
 20
8.8001
 30
0.0
 10
-14.8914
 20
6.472
 30
0.0
 10
-14.8914
 20
6.472
 30
0.0
 10
-14.8914
 20
6.472
 30
0.0
 10
-14.8914
 20
6.472
 30
0.0
 10
-11.6787
 20
6.472
 30
0.0
 10
-11.6787
 20
6.472
 30
0.0
 10
-11.6787
 20
6.472
 30
0.0
 10
-11.6787
 20
6.472
 30
0.0
 10
-11.6787
 20
8.8001
 30
0.0
 10
-11.6787
 20
8.8001
 30
0.0
 10
-11.6787
 20
8.8001
 30
0.0
 10
-11.6787
 20
9.0498
 30
0.0
 10
-11.7004
 20
9.2234
 30
0.0
 10
-11.7383
 20
9.3429
 30
0.0
 10
-11.7383
 20
9.3429
 30
0.0
 10
-11.7764
 20
9.4568
 30
0.0
 10
-11.8578
 20
9.5382
 30
0.0
 10
-11.9717
 20
9.5762
 30
0.0
 10
-11.9717
 20
9.5762
 30
0.0
 10
-12.0856
 20
9.6196
 30
0.0
 10
-12.2539
 20
9.6467
 30
0.0
 10
-12.4764
 20
9.6522
 30
0.0
 10
-12.4764
 20
9.6522
 30
0.0
 10
-12.4764
 20
9.6522
 30
0.0
 10
-12.4764
 20
9.8475
 30
0.0
 10
-12.4764
 20
9.8475
 30
0.0
 10
-12.4764
 20
9.8475
 30
0.0
 10
-12.3244
 20
9.842
 30
0.0
 10
-12.1399
 20
9.8366
 30
0.0
 10
-11.9065
 20
9.8313
 30
0.0
 10
-11.9065
 20
9.8313
 30
0.0
 10
-11.6732
 20
9.8258
 30
0.0
 10
-11.4453
 20
9.8204
 30
0.0
 10
-11.2227
 20
9.8204
 30
0.0
 10
-11.2227
 20
9.8204
 30
0.0
 10
-10.9623
 20
9.8204
 30
0.0
 10
-10.729
 20
9.8259
 30
0.0
 10
-10.5064
 20
9.8313
 30
0.0
 10
-10.5064
 20
9.8313
 30
0.0
 10
-10.2839
 20
9.8366
 30
0.0
 10
-10.0994
 20
9.842
 30
0.0
 10
-9.9583
 20
9.8475
 30
0.0
 10
-9.9583
 20
9.8475
 30
0.0
 10
-9.9583
 20
9.8475
 30
0.0
 10
-9.9583
 20
9.6522
 30
0.0
 10
-9.9583
 20
9.6522
 30
0.0
 10
-9.9583
 20
9.6522
 30
0.0
 10
-10.1808
 20
9.6467
 30
0.0
 10
-10.349
 20
9.625
 30
0.0
 10
-10.4685
 20
9.5762
 30
0.0
 10
-10.4685
 20
9.5762
 30
0.0
 10
-10.5823
 20
9.5382
 30
0.0
 10
-10.6583
 20
9.4568
 30
0.0
 10
-10.6964
 20
9.3429
 30
0.0
 10
-10.6964
 20
9.3429
 30
0.0
 10
-10.7343
 20
9.2289
 30
0.0
 10
-10.756
 20
9.0498
 30
0.0
 10
-10.756
 20
8.8001
 30
0.0
  0
SPLINE
  5
94
330
1F
100
AcDbEntity
  8
layer 1
 62
   242
100
AcDbSpline
210
0.0
220
0.0
230
1.0
 70
    11
 71
     3
 72
   108
 73
   104
 74
     0
 42
0.000000001
 43
0.0000000001
 40
0.0
 40
0.0
 40
0.0
 40
0.0
 40
0.037037037037037
 40
0.037037037037037
 40
0.037037037037037
 40
0.037037037037037
 40
0.0740740740740741
 40
0.0740740740740741
 40
0.0740740740740741
 40
0.0740740740740741
 40
0.1111111111111111
 40
0.1111111111111111
 40
0.1111111111111111
 40
0.1111111111111111
 40
0.1481481481481481
 40
0.1481481481481481
 40
0.1481481481481481
 40
0.1481481481481481
 40
0.1851851851851852
 40
0.1851851851851852
 40
0.1851851851851852
 40
0.1851851851851852
 40
0.2222222222222222
 40
0.2222222222222222
 40
0.2222222222222222
 40
0.2222222222222222
 40
0.2592592592592592
 40
0.2592592592592592
 40
0.2592592592592592
 40
0.2592592592592592
 40
0.2962962962962963
 40
0.2962962962962963
 40
0.2962962962962963
 40
0.2962962962962963
 40
0.3333333333333333
 40
0.3333333333333333
 40
0.3333333333333333
 40
0.3333333333333333
 40
0.3703703703703703
 40
0.3703703703703703
 40
0.3703703703703703
 40
0.3703703703703703
 40
0.4074074074074074
 40
0.4074074074074074
 40
0.4074074074074074
 40
0.4074074074074074
 40
0.4444444444444444
 40
0.4444444444444444
 40
0.4444444444444444
 40
0.4444444444444444
 40
0.4814814814814815
 40
0.4814814814814815
 40
0.4814814814814815
 40
0.4814814814814815
 40
0.5185185185185185
 40
0.5185185185185185
 40
0.5185185185185185
 40
0.5185185185185185
 40
0.5555555555555556
 40
0.5555555555555556
 40
0.5555555555555556
 40
0.5555555555555556
 40
0.5925925925925926
 40
0.5925925925925926
 40
0.5925925925925926
 40
0.5925925925925926
 40
0.6296296296296297
 40
0.6296296296296297
 40
0.6296296296296297
 40
0.6296296296296297
 40
0.6666666666666666
 40
0.6666666666666666
 40
0.6666666666666666
 40
0.6666666666666666
 40
0.7037037037037037
 40
0.7037037037037037
 40
0.7037037037037037
 40
0.7037037037037037
 40
0.7407407407407407
 40
0.7407407407407407
 40
0.7407407407407407
 40
0.7407407407407407
 40
0.7777777777777778
 40
0.7777777777777778
 40
0.7777777777777778
 40
0.7777777777777778
 40
0.8148148148148148
 40
0.8148148148148148
 40
0.8148148148148148
 40
0.8148148148148148
 40
0.8518518518518519
 40
0.8518518518518519
 40
0.8518518518518519
 40
0.8518518518518519
 40
0.8888888888888888
 40
0.8888888888888888
 40
0.8888888888888888
 40
0.8888888888888888
 40
0.9259259259259259
 40
0.9259259259259259
 40
0.9259259259259259
 40
0.9259259259259259
 40
1.0
 40
1.0
 40
1.0
 40
1.0
 10
-6.6099
 20
9.8475
 30
0.0
 10
-6.6099
 20
9.8475
 30
0.0
 10
-6.6099
 20
9.6522
 30
0.0
 10
-6.6099
 20
9.6522
 30
0.0
 10
-6.6099
 20
9.6522
 30
0.0
 10
-6.8324
 20
9.6467
 30
0.0
 10
-7.0061
 20
9.6196
 30
0.0
 10
-7.1201
 20
9.5762
 30
0.0
 10
-7.1201
 20
9.5762
 30
0.0
 10
-7.234
 20
9.5328
 30
0.0
 10
-7.31
 20
9.4568
 30
0.0
 10
-7.3534
 20
9.3374
 30
0.0
 10
-7.3534
 20
9.3374
 30
0.0
 10
-7.3968
 20
9.218
 30
0.0
 10
-7.4131
 20
9.0443
 30
0.0
 10
-7.4131
 20
8.8001
 30
0.0
 10
-7.4131
 20
8.8001
 30
0.0
 10
-7.4131
 20
8.8001
 30
0.0
 10
-7.4131
 20
3.8996
 30
0.0
 10
-7.4131
 20
3.8996
 30
0.0
 10
-7.4131
 20
3.8996
 30
0.0
 10
-7.4131
 20
3.6608
 30
0.0
 10
-7.3914
 20
3.4817
 30
0.0
 10
-7.3534
 20
3.3678
 30
0.0
 10
-7.3534
 20
3.3678
 30
0.0
 10
-7.3154
 20
3.2538
 30
0.0
 10
-7.234
 20
3.1725
 30
0.0
 10
-7.1201
 20
3.129
 30
0.0
 10
-7.1201
 20
3.129
 30
0.0
 10
-7.0061
 20
3.091
 30
0.0
 10
-6.8379
 20
3.0639
 30
0.0
 10
-6.6099
 20
3.0477
 30
0.0
 10
-6.6099
 20
3.0477
 30
0.0
 10
-6.6099
 20
3.0477
 30
0.0
 10
-6.6099
 20
2.8523
 30
0.0
 10
-6.6099
 20
2.8523
 30
0.0
 10
-6.6099
 20
2.8523
 30
0.0
 10
-6.7619
 20
2.8631
 30
0.0
 10
-6.9519
 20
2.874
 30
0.0
 10
-7.1798
 20
2.8795
 30
0.0
 10
-7.1798
 20
2.8795
 30
0.0
 10
-7.4077
 20
2.8795
 30
0.0
 10
-7.6356
 20
2.8795
 30
0.0
 10
-7.869
 20
2.8795
 30
0.0
 10
-7.869
 20
2.8795
 30
0.0
 10
-8.124
 20
2.8795
 30
0.0
 10
-8.3682
 20
2.8795
 30
0.0
 10
-8.5908
 20
2.8795
 30
0.0
 10
-8.5908
 20
2.8795
 30
0.0
 10
-8.8133
 20
2.8795
 30
0.0
 10
-8.9978
 20
2.8686
 30
0.0
 10
-9.1335
 20
2.8523
 30
0.0
 10
-9.1335
 20
2.8523
 30
0.0
 10
-9.1335
 20
2.8523
 30
0.0
 10
-9.1335
 20
3.0477
 30
0.0
 10
-9.1335
 20
3.0477
 30
0.0
 10
-9.1335
 20
3.0477
 30
0.0
 10
-8.911
 20
3.0584
 30
0.0
 10
-8.7373
 20
3.0856
 30
0.0
 10
-8.6233
 20
3.129
 30
0.0
 10
-8.6233
 20
3.129
 30
0.0
 10
-8.5094
 20
3.167
 30
0.0
 10
-8.428
 20
3.2484
 30
0.0
 10
-8.39
 20
3.3678
 30
0.0
 10
-8.39
 20
3.3678
 30
0.0
 10
-8.352
 20
3.4872
 30
0.0
 10
-8.3303
 20
3.6663
 30
0.0
 10
-8.3303
 20
3.8996
 30
0.0
 10
-8.3303
 20
3.8996
 30
0.0
 10
-8.3303
 20
3.8996
 30
0.0
 10
-8.3303
 20
8.8001
 30
0.0
 10
-8.3303
 20
8.8001
 30
0.0
 10
-8.3303
 20
8.8001
 30
0.0
 10
-8.3303
 20
9.0443
 30
0.0
 10
-8.352
 20
9.2234
 30
0.0
 10
-8.39
 20
9.3374
 30
0.0
 10
-8.39
 20
9.3374
 30
0.0
 10
-8.428
 20
9.4513
 30
0.0
 10
-8.5094
 20
9.5327
 30
0.0
 10
-8.6233
 20
9.5762
 30
0.0
 10
-8.6233
 20
9.5762
 30
0.0
 10
-8.7373
 20
9.6196
 30
0.0
 10
-8.9055
 20
9.6467
 30
0.0
 10
-9.1335
 20
9.6522
 30
0.0
 10
-9.1335
 20
9.6522
 30
0.0
 10
-9.1335
 20
9.6522
 30
0.0
 10
-9.1335
 20
9.8475
 30
0.0
 10
-9.1335
 20
9.8475
 30
0.0
 10
-9.1335
 20
9.8475
 30
0.0
 10
-8.9978
 20
9.842
 30
0.0
 10
-8.8133
 20
9.8366
 30
0.0
 10
-8.5908
 20
9.8259
 30
0.0
 10
-8.5908
 20
9.8259
 30
0.0
 10
-8.3682
 20
9.8204
 30
0.0
 10
-8.1242
 20
9.815
 30
0.0
 10
-7.869
 20
9.815
 30
0.0
 10
-7.869
 20
9.815
 30
0.0
 10
-7.6356
 20
9.815
 30
0.0
 10
-7.4077
 20
9.815
 30
0.0
 10
-7.1798
 20
9.8259
 30
0.0
 10
-7.1798
 20
9.8259
 30
0.0
 10
-6.9519
 20
9.8313
 30
0.0
 10
-6.7619
 20
9.8366
 30
0.0
 10
-6.6099
 20
9.8475
 30
0.0
  0
SPLINE
  5
95
330
1F
100
AcDbEntity
  8
layer 1
 62
   242
100
AcDbSpline
210
0.0
220
0.0
230
1.0
 70
    11
 71
     3
 72
   164
 73
   160
 74
     0
 42
0.000000001
 43
0.0000000001
 40
0.0
 40
0.0
 40
0.0
 40
0.0
 40
0.024390243902439
 40
0.024390243902439
 40
0.024390243902439
 40
0.024390243902439
 40
0.0487804878048781
 40
0.0487804878048781
 40
0.0487804878048781
 40
0.0487804878048781
 40
0.0731707317073171
 40
0.0731707317073171
 40
0.0731707317073171
 40
0.0731707317073171
 40
0.0975609756097561
 40
0.0975609756097561
 40
0.0975609756097561
 40
0.0975609756097561
 40
0.1219512195121951
 40
0.1219512195121951
 40
0.1219512195121951
 40
0.1219512195121951
 40
0.1463414634146341
 40
0.1463414634146341
 40
0.1463414634146341
 40
0.1463414634146341
 40
0.1707317073170732
 40
0.1707317073170732
 40
0.1707317073170732
 40
0.1707317073170732
 40
0.1951219512195122
 40
0.1951219512195122
 40
0.1951219512195122
 40
0.1951219512195122
 40
0.2195121951219512
 40
0.2195121951219512
 40
0.2195121951219512
 40
0.2195121951219512
 40
0.2439024390243902
 40
0.2439024390243902
 40
0.2439024390243902
 40
0.2439024390243902
 40
0.2682926829268293
 40
0.2682926829268293
 40
0.2682926829268293
 40
0.2682926829268293
 40
0.2926829268292683
 40
0.2926829268292683
 40
0.2926829268292683
 40
0.2926829268292683
 40
0.3170731707317073
 40
0.3170731707317073
 40
0.3170731707317073
 40
0.3170731707317073
 40
0.3414634146341464
 40
0.3414634146341464
 40
0.3414634146341464
 40
0.3414634146341464
 40
0.3658536585365854
 40
0.3658536585365854
 40
0.3658536585365854
 40
0.3658536585365854
 40
0.3902439024390244
 40
0.3902439024390244
 40
0.3902439024390244
 40
0.3902439024390244
 40
0.4146341463414634
 40
0.4146341463414634
 40
0.4146341463414634
 40
0.4146341463414634
 40
0.4390243902439024
 40
0.4390243902439024
 40
0.4390243902439024
 40
0.4390243902439024
 40
0.4634146341463415
 40
0.4634146341463415
 40
0.4634146341463415
 40
0.4634146341463415
 40
0.4878048780487805
 40
0.4878048780487805
 40
0.4878048780487805
 40
0.4878048780487805
 40
0.5121951219512195
 40
0.5121951219512195
 40
0.5121951219512195
 40
0.5121951219512195
 40
0.5365853658536586
 40
0.5365853658536586
 40
0.5365853658536586
 40
0.5365853658536586
 40
0.5609756097560976
 40
0.5609756097560976
 40
0.5609756097560976
 40
0.5609756097560976
 40
0.5853658536585366
 40
0.5853658536585366
 40
0.5853658536585366
 40
0.5853658536585366
 40
0.6097560975609756
 40
0.6097560975609756
 40
0.6097560975609756
 40
0.6097560975609756
 40
0.6341463414634146
 40
0.6341463414634146
 40
0.6341463414634146
 40
0.6341463414634146
 40
0.6585365853658537
 40
0.6585365853658537
 40
0.6585365853658537
 40
0.6585365853658537
 40
0.6829268292682927
 40
0.6829268292682927
 40
0.6829268292682927
 40
0.6829268292682927
 40
0.7073170731707317
 40
0.7073170731707317
 40
0.7073170731707317
 40
0.7073170731707317
 40
0.7317073170731707
 40
0.7317073170731707
 40
0.7317073170731707
 40
0.7317073170731707
 40
0.7560975609756098
 40
0.7560975609756098
 40
0.7560975609756098
 40
0.7560975609756098
 40
0.7804878048780488
 40
0.7804878048780488
 40
0.7804878048780488
 40
0.7804878048780488
 40
0.8048780487804879
 40
0.8048780487804879
 40
0.8048780487804879
 40
0.8048780487804879
 40
0.8292682926829268
 40
0.8292682926829268
 40
0.8292682926829268
 40
0.8292682926829268
 40
0.8536585365853658
 40
0.8536585365853658
 40
0.8536585365853658
 40
0.8536585365853658
 40
0.8780487804878049
 40
0.8780487804878049
 40
0.8780487804878049
 40
0.8780487804878049
 40
0.9024390243902439
 40
0.9024390243902439
 40
0.9024390243902439
 40
0.9024390243902439
 40
0.926829268292683
 40
0.926829268292683
 40
0.926829268292683
 40
0.926829268292683
 40
0.9512195121951219
 40
0.9512195121951219
 40
0.9512195121951219
 40
0.9512195121951219
 40
1.0
 40
1.0
 40
1.0
 40
1.0
 10
0.4233
 20
9.8475
 30
0.0
 10
0.4233
 20
9.8475
 30
0.0
 10
0.4233
 20
9.6522
 30
0.0
 10
0.4233
 20
9.6522
 30
0.0
 10
0.4233
 20
9.6522
 30
0.0
 10
0.2007
 20
9.6467
 30
0.0
 10
0.0271
 20
9.6142
 30
0.0
 10
-0.0869
 20
9.5545
 30
0.0
 10
-0.0869
 20
9.5545
 30
0.0
 10
-0.2009
 20
9.4948
 30
0.0
 10
-0.2823
 20
9.4025
 30
0.0
 10
-0.3202
 20
9.2668
 30
0.0
 10
-0.3202
 20
9.2668
 30
0.0
 10
-0.3583
 20
9.1311
 30
0.0
 10
-0.3799
 20
8.9466
 30
0.0
 10
-0.3799
 20
8.7024
 30
0.0
 10
-0.3799
 20
8.7024
 30
0.0
 10
-0.3799
 20
8.7024
 30
0.0
 10
-0.3799
 20
2.8035
 30
0.0
 10
-0.3799
 20
2.8035
 30
0.0
 10
-0.3799
 20
2.8035
 30
0.0
 10
-0.3799
 20
2.8035
 30
0.0
 10
-0.6079
 20
2.8035
 30
0.0
 10
-0.6079
 20
2.8035
 30
0.0
 10
-0.6079
 20
2.8035
 30
0.0
 10
-0.6079
 20
2.8035
 30
0.0
 10
-4.754
 20
9.2126
 30
0.0
 10
-4.754
 20
9.2126
 30
0.0
 10
-4.754
 20
9.2126
 30
0.0
 10
-4.754
 20
9.2126
 30
0.0
 10
-4.754
 20
3.9973
 30
0.0
 10
-4.754
 20
3.9973
 30
0.0
 10
-4.754
 20
3.9973
 30
0.0
 10
-4.754
 20
3.7586
 30
0.0
 10
-4.7323
 20
3.574
 30
0.0
 10
-4.6889
 20
3.4384
 30
0.0
 10
-4.6889
 20
3.4384
 30
0.0
 10
-4.6454
 20
3.3026
 30
0.0
 10
-4.5586
 20
3.205
 30
0.0
 10
-4.4338
 20
3.1507
 30
0.0
 10
-4.4338
 20
3.1507
 30
0.0
 10
-4.3035
 20
3.0965
 30
0.0
 10
-4.1137
 20
3.0584
 30
0.0
 10
-3.8586
 20
3.0477
 30
0.0
 10
-3.8586
 20
3.0477
 30
0.0
 10
-3.8586
 20
3.0477
 30
0.0
 10
-3.8586
 20
2.8523
 30
0.0
 10
-3.8586
 20
2.8523
 30
0.0
 10
-3.8586
 20
2.8523
 30
0.0
 10
-3.978
 20
2.8631
 30
0.0
 10
-4.1299
 20
2.874
 30
0.0
 10
-4.3199
 20
2.8795
 30
0.0
 10
-4.3199
 20
2.8795
 30
0.0
 10
-4.5098
 20
2.8849
 30
0.0
 10
-4.6944
 20
2.8795
 30
0.0
 10
-4.8625
 20
2.8795
 30
0.0
 10
-4.8625
 20
2.8795
 30
0.0
 10
-5.0308
 20
2.8795
 30
0.0
 10
-5.1936
 20
2.8795
 30
0.0
 10
-5.3618
 20
2.8795
 30
0.0
 10
-5.3618
 20
2.8795
 30
0.0
 10
-5.5301
 20
2.8795
 30
0.0
 10
-5.6712
 20
2.8686
 30
0.0
 10
-5.7797
 20
2.8523
 30
0.0
 10
-5.7797
 20
2.8523
 30
0.0
 10
-5.7797
 20
2.8523
 30
0.0
 10
-5.7797
 20
3.0477
 30
0.0
 10
-5.7797
 20
3.0477
 30
0.0
 10
-5.7797
 20
3.0477
 30
0.0
 10
-5.5572
 20
3.0584
 30
0.0
 10
-5.3836
 20
3.0965
 30
0.0
 10
-5.2695
 20
3.1507
 30
0.0
 10
-5.2695
 20
3.1507
 30
0.0
 10
-5.1557
 20
3.205
 30
0.0
 10
-5.0797
 20
3.3026
 30
0.0
 10
-5.0362
 20
3.4384
 30
0.0
 10
-5.0362
 20
3.4384
 30
0.0
 10
-4.9983
 20
3.574
 30
0.0
 10
-4.9765
 20
3.7586
 30
0.0
 10
-4.9765
 20
3.9973
 30
0.0
 10
-4.9765
 20
3.9973
 30
0.0
 10
-4.9765
 20
3.9973
 30
0.0
 10
-4.9765
 20
8.8001
 30
0.0
 10
-4.9765
 20
8.8001
 30
0.0
 10
-4.9765
 20
8.8001
 30
0.0
 10
-4.9765
 20
9.0443
 30
0.0
 10
-4.9983
 20
9.2234
 30
0.0
 10
-5.0362
 20
9.3374
 30
0.0
 10
-5.0362
 20
9.3374
 30
0.0
 10
-5.0743
 20
9.4513
 30
0.0
 10
-5.1502
 20
9.5327
 30
0.0
 10
-5.2695
 20
9.5762
 30
0.0
 10
-5.2695
 20
9.5762
 30
0.0
 10
-5.3835
 20
9.6196
 30
0.0
 10
-5.5572
 20
9.6467
 30
0.0
 10
-5.7797
 20
9.6522
 30
0.0
 10
-5.7797
 20
9.6522
 30
0.0
 10
-5.7797
 20
9.6522
 30
0.0
 10
-5.7797
 20
9.8475
 30
0.0
 10
-5.7797
 20
9.8475
 30
0.0
 10
-5.7797
 20
9.8475
 30
0.0
 10
-5.6658
 20
9.842
 30
0.0
 10
-5.5246
 20
9.8366
 30
0.0
 10
-5.3618
 20
9.8259
 30
0.0
 10
-5.3618
 20
9.8259
 30
0.0
 10
-5.1936
 20
9.8204
 30
0.0
 10
-5.0253
 20
9.815
 30
0.0
 10
-4.8625
 20
9.815
 30
0.0
 10
-4.8625
 20
9.815
 30
0.0
 10
-4.716
 20
9.815
 30
0.0
 10
-4.5804
 20
9.815
 30
0.0
 10
-4.4502
 20
9.8259
 30
0.0
 10
-4.4502
 20
9.8259
 30
0.0
 10
-4.3199
 20
9.8313
 30
0.0
 10
-4.2005
 20
9.8366
 30
0.0
 10
-4.0919
 20
9.8475
 30
0.0
 10
-4.0919
 20
9.8475
 30
0.0
 10
-4.0919
 20
9.8475
 30
0.0
 10
-0.6025
 20
4.4749
 30
0.0
 10
-0.6025
 20
4.4749
 30
0.0
 10
-0.6025
 20
4.4749
 30
0.0
 10
-0.6025
 20
4.4749
 30
0.0
 10
-0.6025
 20
8.7024
 30
0.0
 10
-0.6025
 20
8.7024
 30
0.0
 10
-0.6025
 20
8.7024
 30
0.0
 10
-0.6025
 20
8.9466
 30
0.0
 10
-0.6241
 20
9.1312
 30
0.0
 10
-0.6675
 20
9.2668
 30
0.0
 10
-0.6675
 20
9.2668
 30
0.0
 10
-0.7109
 20
9.3971
 30
0.0
 10
-0.7978
 20
9.4948
 30
0.0
 10
-0.9226
 20
9.5545
 30
0.0
 10
-0.9226
 20
9.5545
 30
0.0
 10
-1.0528
 20
9.6142
 30
0.0
 10
-1.2428
 20
9.6467
 30
0.0
 10
-1.5033
 20
9.6522
 30
0.0
 10
-1.5033
 20
9.6522
 30
0.0
 10
-1.5033
 20
9.6522
 30
0.0
 10
-1.5033
 20
9.8475
 30
0.0
 10
-1.5033
 20
9.8475
 30
0.0
 10
-1.5033
 20
9.8475
 30
0.0
 10
-1.3839
 20
9.842
 30
0.0
 10
-1.2265
 20
9.8366
 30
0.0
 10
-1.0365
 20
9.8259
 30
0.0
 10
-1.0365
 20
9.8259
 30
0.0
 10
-0.8467
 20
9.815
 30
0.0
 10
-0.6621
 20
9.815
 30
0.0
 10
-0.4993
 20
9.815
 30
0.0
 10
-0.4993
 20
9.815
 30
0.0
 10
-0.3364
 20
9.815
 30
0.0
 10
-0.1574
 20
9.815
 30
0.0
 10
0.0109
 20
9.8259
 30
0.0
 10
0.0109
 20
9.8259
 30
0.0
 10
0.1791
 20
9.8313
 30
0.0
 10
0.3147
 20
9.8366
 30
0.0
 10
0.4179
 20
9.8475
 30
0.0
 10
0.4179
 20
9.8475
 30
0.0
 10
0.4179
 20
9.8475
 30
0.0
 10
0.4233
 20
9.8475
 30
0.0
 10
0.4233
 20
9.8475
 30
0.0
  0
SPLINE
  5
96
330
1F
100
AcDbEntity
  8
layer 1
 62
   242
100
AcDbSpline
210
0.0
220
0.0
230
1.0
 70
    11
 71
     3
 72
   208
 73
   204
 74
     0
 42
0.000000001
 43
0.0000000001
 40
0.0
 40
0.0
 40
0.0
 40
0.0
 40
0.0192307692307692
 40
0.0192307692307692
 40
0.0192307692307692
 40
0.0192307692307692
 40
0.0384615384615385
 40
0.0384615384615385
 40
0.0384615384615385
 40
0.0384615384615385
 40
0.0576923076923077
 40
0.0576923076923077
 40
0.0576923076923077
 40
0.0576923076923077
 40
0.0769230769230769
 40
0.0769230769230769
 40
0.0769230769230769
 40
0.0769230769230769
 40
0.0961538461538462
 40
0.0961538461538462
 40
0.0961538461538462
 40
0.0961538461538462
 40
0.1153846153846154
 40
0.1153846153846154
 40
0.1153846153846154
 40
0.1153846153846154
 40
0.1346153846153846
 40
0.1346153846153846
 40
0.1346153846153846
 40
0.1346153846153846
 40
0.1538461538461539
 40
0.1538461538461539
 40
0.1538461538461539
 40
0.1538461538461539
 40
0.1730769230769231
 40
0.1730769230769231
 40
0.1730769230769231
 40
0.1730769230769231
 40
0.1923076923076923
 40
0.1923076923076923
 40
0.1923076923076923
 40
0.1923076923076923
 40
0.2115384615384615
 40
0.2115384615384615
 40
0.2115384615384615
 40
0.2115384615384615
 40
0.2307692307692308
 40
0.2307692307692308
 40
0.2307692307692308
 40
0.2307692307692308
 40
0.25
 40
0.25
 40
0.25
 40
0.25
 40
0.2692307692307692
 40
0.2692307692307692
 40
0.2692307692307692
 40
0.2692307692307692
 40
0.2884615384615384
 40
0.2884615384615384
 40
0.2884615384615384
 40
0.2884615384615384
 40
0.3076923076923077
 40
0.3076923076923077
 40
0.3076923076923077
 40
0.3076923076923077
 40
0.3269230769230769
 40
0.3269230769230769
 40
0.3269230769230769
 40
0.3269230769230769
 40
0.3461538461538461
 40
0.3461538461538461
 40
0.3461538461538461
 40
0.3461538461538461
 40
0.3653846153846154
 40
0.3653846153846154
 40
0.3653846153846154
 40
0.3653846153846154
 40
0.3846153846153846
 40
0.3846153846153846
 40
0.3846153846153846
 40
0.3846153846153846
 40
0.4038461538461539
 40
0.4038461538461539
 40
0.4038461538461539
 40
0.4038461538461539
 40
0.4230769230769231
 40
0.4230769230769231
 40
0.4230769230769231
 40
0.4230769230769231
 40
0.4423076923076923
 40
0.4423076923076923
 40
0.4423076923076923
 40
0.4423076923076923
 40
0.4615384615384616
 40
0.4615384615384616
 40
0.4615384615384616
 40
0.4615384615384616
 40
0.4807692307692308
 40
0.4807692307692308
 40
0.4807692307692308
 40
0.4807692307692308
 40
0.5
 40
0.5
 40
0.5
 40
0.5
 40
0.5192307692307693
 40
0.5192307692307693
 40
0.5192307692307693
 40
0.5192307692307693
 40
0.5384615384615384
 40
0.5384615384615384
 40
0.5384615384615384
 40
0.5384615384615384
 40
0.5576923076923077
 40
0.5576923076923077
 40
0.5576923076923077
 40
0.5576923076923077
 40
0.5769230769230769
 40
0.5769230769230769
 40
0.5769230769230769
 40
0.5769230769230769
 40
0.5961538461538461
 40
0.5961538461538461
 40
0.5961538461538461
 40
0.5961538461538461
 40
0.6153846153846154
 40
0.6153846153846154
 40
0.6153846153846154
 40
0.6153846153846154
 40
0.6346153846153846
 40
0.6346153846153846
 40
0.6346153846153846
 40
0.6346153846153846
 40
0.6538461538461539
 40
0.6538461538461539
 40
0.6538461538461539
 40
0.6538461538461539
 40
0.6730769230769231
 40
0.6730769230769231
 40
0.6730769230769231
 40
0.6730769230769231
 40
0.6923076923076923
 40
0.6923076923076923
 40
0.6923076923076923
 40
0.6923076923076923
 40
0.7115384615384616
 40
0.7115384615384616
 40
0.7115384615384616
 40
0.7115384615384616
 40
0.7307692307692307
 40
0.7307692307692307
 40
0.7307692307692307
 40
0.7307692307692307
 40
0.75
 40
0.75
 40
0.75
 40
0.75
 40
0.7692307692307693
 40
0.7692307692307693
 40
0.7692307692307693
 40
0.7692307692307693
 40
0.7884615384615384
 40
0.7884615384615384
 40
0.7884615384615384
 40
0.7884615384615384
 40
0.8076923076923077
 40
0.8076923076923077
 40
0.8076923076923077
 40
0.8076923076923077
 40
0.8269230769230769
 40
0.8269230769230769
 40
0.8269230769230769
 40
0.8269230769230769
 40
0.8461538461538461
 40
0.8461538461538461
 40
0.8461538461538461
 40
0.8461538461538461
 40
0.8653846153846154
 40
0.8653846153846154
 40
0.8653846153846154
 40
0.8653846153846154
 40
0.8846153846153846
 40
0.8846153846153846
 40
0.8846153846153846
 40
0.8846153846153846
 40
0.9038461538461539
 40
0.9038461538461539
 40
0.9038461538461539
 40
0.9038461538461539
 40
0.9230769230769231
 40
0.9230769230769231
 40
0.9230769230769231
 40
0.9230769230769231
 40
0.9423076923076923
 40
0.9423076923076923
 40
0.9423076923076923
 40
0.9423076923076923
 40
0.9615384615384616
 40
0.9615384615384616
 40
0.9615384615384616
 40
0.9615384615384616
 40
1.0
 40
1.0
 40
1.0
 40
1.0
 10
4.4229
 20
9.9886
 30
0.0
 10
4.8517
 20
9.9886
 30
0.0
 10
5.1989
 20
9.9235
 30
0.0
 10
5.4594
 20
9.7987
 30
0.0
 10
5.4594
 20
9.7987
 30
0.0
 10
5.7199
 20
9.6685
 30
0.0
 10
5.9695
 20
9.5218
 30
0.0
 10
6.1975
 20
9.3482
 30
0.0
 10
6.1975
 20
9.3482
 30
0.0
 10
6.2843
 20
9.2831
 30
0.0
 10
6.3494
 20
9.2506
 30
0.0
 10
6.3928
 20
9.2506
 30
0.0
 10
6.3928
 20
9.2506
 30
0.0
 10
6.5176
 20
9.2506
 30
0.0
 10
6.599
 20
9.4513
 30
0.0
 10
6.637
 20
9.8529
 30
0.0
 10
6.637
 20
9.8529
 30
0.0
 10
6.637
 20
9.8529
 30
0.0
 10
6.865
 20
9.8529
 30
0.0
 10
6.865
 20
9.8529
 30
0.0
 10
6.865
 20
9.8529
 30
0.0
 10
6.8541
 20
9.6087
 30
0.0
 10
6.8432
 20
9.3157
 30
0.0
 10
6.8378
 20
8.9629
 30
0.0
 10
6.8378
 20
8.9629
 30
0.0
 10
6.8323
 20
8.6103
 30
0.0
 10
6.8269
 20
8.1543
 30
0.0
 10
6.8269
 20
7.5791
 30
0.0
 10
6.8269
 20
7.5791
 30
0.0
 10
6.8269
 20
7.5791
 30
0.0
 10
6.599
 20
7.5791
 30
0.0
 10
6.599
 20
7.5791
 30
0.0
 10
6.599
 20
7.5791
 30
0.0
 10
6.5557
 20
7.8559
 30
0.0
 10
6.4959
 20
8.1217
 30
0.0
 10
6.4308
 20
8.3768
 30
0.0
 10
6.4308
 20
8.3768
 30
0.0
 10
6.3657
 20
8.6318
 30
0.0
 10
6.2571
 20
8.8543
 30
0.0
 10
6.1052
 20
9.0389
 30
0.0
 10
6.1052
 20
9.0389
 30
0.0
 10
5.9152
 20
9.2831
 30
0.0
 10
5.6657
 20
9.473
 30
0.0
 10
5.3563
 20
9.6087
 30
0.0
 10
5.3563
 20
9.6087
 30
0.0
 10
5.0469
 20
9.7445
 30
0.0
 10
4.7268
 20
9.8095
 30
0.0
 10
4.3957
 20
9.8095
 30
0.0
 10
4.3957
 20
9.8095
 30
0.0
 10
4.0647
 20
9.8095
 30
0.0
 10
3.7662
 20
9.7281
 30
0.0
 10
3.5003
 20
9.5653
 30
0.0
 10
3.5003
 20
9.5653
 30
0.0
 10
3.2344
 20
9.4025
 30
0.0
 10
3.0064
 20
9.1746
 30
0.0
 10
2.8165
 20
8.8707
 30
0.0
 10
2.8165
 20
8.8707
 30
0.0
 10
2.6266
 20
8.5668
 30
0.0
 10
2.4801
 20
8.2031
 30
0.0
 10
2.3769
 20
7.7799
 30
0.0
 10
2.3769
 20
7.7799
 30
0.0
 10
2.2738
 20
7.3566
 30
0.0
 10
2.225
 20
6.879
 30
0.0
 10
2.225
 20
6.3417
 30
0.0
 10
2.225
 20
6.3417
 30
0.0
 10
2.225
 20
5.1587
 30
0.0
 10
2.4149
 20
4.2904
 30
0.0
 10
2.7948
 20
3.7368
 30
0.0
 10
2.7948
 20
3.7368
 30
0.0
 10
3.1747
 20
3.1887
 30
0.0
 10
3.7717
 20
2.9119
 30
0.0
 10
4.5748
 20
2.9119
 30
0.0
 10
4.5748
 20
2.9119
 30
0.0
 10
4.8136
 20
2.9119
 30
0.0
 10
5.0198
 20
2.9445
 30
0.0
 10
5.1935
 20
3.0151
 30
0.0
 10
5.1935
 20
3.0151
 30
0.0
 10
5.3671
 20
3.0856
 30
0.0
 10
5.5029
 20
3.1507
 30
0.0
 10
5.6005
 20
3.2159
 30
0.0
 10
5.6005
 20
3.2159
 30
0.0
 10
5.7253
 20
3.3028
 30
0.0
 10
5.8068
 20
3.3842
 30
0.0
 10
5.8393
 20
3.4601
 30
0.0
 10
5.8393
 20
3.4601
 30
0.0
 10
5.8719
 20
3.5361
 30
0.0
 10
5.8882
 20
3.6337
 30
0.0
 10
5.8882
 20
3.764
 30
0.0
 10
5.8882
 20
3.764
 30
0.0
 10
5.8882
 20
3.764
 30
0.0
 10
5.8882
 20
4.7136
 30
0.0
 10
5.8882
 20
4.7136
 30
0.0
 10
5.8882
 20
4.7136
 30
0.0
 10
5.8882
 20
4.985
 30
0.0
 10
5.861
 20
5.1858
 30
0.0
 10
5.8122
 20
5.3161
 30
0.0
 10
5.8122
 20
5.3161
 30
0.0
 10
5.7579
 20
5.4463
 30
0.0
 10
5.6603
 20
5.5385
 30
0.0
 10
5.5191
 20
5.582
 30
0.0
 10
5.5191
 20
5.582
 30
0.0
 10
5.378
 20
5.6253
 30
0.0
 10
5.1664
 20
5.6525
 30
0.0
 10
4.8896
 20
5.6634
 30
0.0
 10
4.8896
 20
5.6634
 30
0.0
 10
4.8896
 20
5.6634
 30
0.0
 10
4.8896
 20
5.8587
 30
0.0
 10
4.8896
 20
5.8587
 30
0.0
 10
4.8896
 20
5.8587
 30
0.0
 10
5.009
 20
5.8532
 30
0.0
 10
5.1447
 20
5.8478
 30
0.0
 10
5.302
 20
5.8423
 30
0.0
 10
5.302
 20
5.8423
 30
0.0
 10
5.4594
 20
5.8369
 30
0.0
 10
5.6276
 20
5.8369
 30
0.0
 10
5.8013
 20
5.8315
 30
0.0
 10
5.8013
 20
5.8315
 30
0.0
 10
5.975
 20
5.8315
 30
0.0
 10
6.1378
 20
5.8315
 30
0.0
 10
6.2789
 20
5.8315
 30
0.0
 10
6.2789
 20
5.8315
 30
0.0
 10
6.496
 20
5.8315
 30
0.0
 10
6.6913
 20
5.8315
 30
0.0
 10
6.865
 20
5.8423
 30
0.0
 10
6.865
 20
5.8423
 30
0.0
 10
7.0387
 20
5.8478
 30
0.0
 10
7.1852
 20
5.8532
 30
0.0
 10
7.3045
 20
5.8641
 30
0.0
 10
7.3045
 20
5.8641
 30
0.0
 10
7.3045
 20
5.8641
 30
0.0
 10
7.3045
 20
5.6687
 30
0.0
 10
7.3045
 20
5.6687
 30
0.0
 10
7.3045
 20
5.6687
 30
0.0
 10
7.158
 20
5.6632
 30
0.0
 10
7.0496
 20
5.6416
 30
0.0
 10
6.9789
 20
5.5982
 30
0.0
 10
6.9789
 20
5.5982
 30
0.0
 10
6.9084
 20
5.5602
 30
0.0
 10
6.8596
 20
5.4788
 30
0.0
 10
6.8379
 20
5.3594
 30
0.0
 10
6.8379
 20
5.3594
 30
0.0
 10
6.8161
 20
5.24
 30
0.0
 10
6.8054
 20
5.0609
 30
0.0
 10
6.8054
 20
4.8167
 30
0.0
 10
6.8054
 20
4.8167
 30
0.0
 10
6.8054
 20
4.8167
 30
0.0
 10
6.8054
 20
2.863
 30
0.0
 10
6.8054
 20
2.863
 30
0.0
 10
6.8054
 20
2.863
 30
0.0
 10
6.8054
 20
2.863
 30
0.0
 10
6.6099
 20
2.8631
 30
0.0
 10
6.6099
 20
2.8631
 30
0.0
 10
6.6099
 20
2.8631
 30
0.0
 10
6.6044
 20
2.977
 30
0.0
 10
6.5773
 20
3.0965
 30
0.0
 10
6.5339
 20
3.2267
 30
0.0
 10
6.5339
 20
3.2267
 30
0.0
 10
6.4905
 20
3.357
 30
0.0
 10
6.4253
 20
3.4221
 30
0.0
 10
6.3439
 20
3.4221
 30
0.0
 10
6.3439
 20
3.4221
 30
0.0
 10
6.306
 20
3.4221
 30
0.0
 10
6.2625
 20
3.4112
 30
0.0
 10
6.2246
 20
3.3949
 30
0.0
 10
6.2246
 20
3.3949
 30
0.0
 10
6.1865
 20
3.3732
 30
0.0
 10
6.116
 20
3.3298
 30
0.0
 10
6.0183
 20
3.2592
 30
0.0
 10
6.0183
 20
3.2592
 30
0.0
 10
5.8012
 20
3.0964
 30
0.0
 10
5.5679
 20
2.9662
 30
0.0
 10
5.3291
 20
2.8685
 30
0.0
 10
5.3291
 20
2.8685
 30
0.0
 10
5.0902
 20
2.7708
 30
0.0
 10
4.8027
 20
2.7273
 30
0.0
 10
4.4825
 20
2.7273
 30
0.0
 10
4.4825
 20
2.7273
 30
0.0
 10
3.8041
 20
2.7273
 30
0.0
 10
3.2235
 20
2.8685
 30
0.0
 10
2.7404
 20
3.1452
 30
0.0
 10
2.7404
 20
3.1452
 30
0.0
 10
2.2575
 20
3.4221
 30
0.0
 10
1.8885
 20
3.829
 30
0.0
 10
1.6279
 20
4.3555
 30
0.0
 10
1.6279
 20
4.3555
 30
0.0
 10
1.3729
 20
4.8818
 30
0.0
 10
1.2427
 20
5.5113
 30
0.0
 10
1.2427
 20
6.244
 30
0.0
 10
1.2427
 20
6.244
 30
0.0
 10
1.2427
 20
7.0146
 30
0.0
 10
1.3838
 20
7.6767
 30
0.0
 10
1.6606
 20
8.2411
 30
0.0
 10
1.6606
 20
8.2411
 30
0.0
 10
1.9373
 20
8.8001
 30
0.0
 10
2.3118
 20
9.2342
 30
0.0
 10
2.7893
 20
9.5381
 30
0.0
 10
2.7893
 20
9.5381
 30
0.0
 10
3.2669
 20
9.842
 30
0.0
 10
3.8096
 20
9.9994
 30
0.0
 10
4.4228
 20
9.9994
 30
0.0
 10
4.4228
 20
9.9994
 30
0.0
 10
4.4228
 20
9.9994
 30
0.0
 10
4.4229
 20
9.9886
 30
0.0
 10
4.4229
 20
9.9886
 30
0.0
  0
SPLINE
  5
97
330
1F
100
AcDbEntity
  8
layer 1
 62
   242
100
AcDbSpline
210
0.0
220
0.0
230
1.0
 70
    11
 71
     3
 72
   156
 73
   152
 74
     0
 42
0.000000001
 43
0.0000000001
 40
0.0
 40
0.0
 40
0.0
 40
0.0
 40
0.0256410256410256
 40
0.0256410256410256
 40
0.0256410256410256
 40
0.0256410256410256
 40
0.0512820512820513
 40
0.0512820512820513
 40
0.0512820512820513
 40
0.0512820512820513
 40
0.0769230769230769
 40
0.0769230769230769
 40
0.0769230769230769
 40
0.0769230769230769
 40
0.1025641025641026
 40
0.1025641025641026
 40
0.1025641025641026
 40
0.1025641025641026
 40
0.1282051282051282
 40
0.1282051282051282
 40
0.1282051282051282
 40
0.1282051282051282
 40
0.1538461538461539
 40
0.1538461538461539
 40
0.1538461538461539
 40
0.1538461538461539
 40
0.1794871794871795
 40
0.1794871794871795
 40
0.1794871794871795
 40
0.1794871794871795
 40
0.2051282051282051
 40
0.2051282051282051
 40
0.2051282051282051
 40
0.2051282051282051
 40
0.2307692307692308
 40
0.2307692307692308
 40
0.2307692307692308
 40
0.2307692307692308
 40
0.2564102564102564
 40
0.2564102564102564
 40
0.2564102564102564
 40
0.2564102564102564
 40
0.282051282051282
 40
0.282051282051282
 40
0.282051282051282
 40
0.282051282051282
 40
0.3076923076923077
 40
0.3076923076923077
 40
0.3076923076923077
 40
0.3076923076923077
 40
0.3333333333333333
 40
0.3333333333333333
 40
0.3333333333333333
 40
0.3333333333333333
 40
0.358974358974359
 40
0.358974358974359
 40
0.358974358974359
 40
0.358974358974359
 40
0.3846153846153846
 40
0.3846153846153846
 40
0.3846153846153846
 40
0.3846153846153846
 40
0.4102564102564102
 40
0.4102564102564102
 40
0.4102564102564102
 40
0.4102564102564102
 40
0.4358974358974359
 40
0.4358974358974359
 40
0.4358974358974359
 40
0.4358974358974359
 40
0.4615384615384616
 40
0.4615384615384616
 40
0.4615384615384616
 40
0.4615384615384616
 40
0.4871794871794872
 40
0.4871794871794872
 40
0.4871794871794872
 40
0.4871794871794872
 40
0.5128205128205128
 40
0.5128205128205128
 40
0.5128205128205128
 40
0.5128205128205128
 40
0.5384615384615384
 40
0.5384615384615384
 40
0.5384615384615384
 40
0.5384615384615384
 40
0.5641025641025641
 40
0.5641025641025641
 40
0.5641025641025641
 40
0.5641025641025641
 40
0.5897435897435898
 40
0.5897435897435898
 40
0.5897435897435898
 40
0.5897435897435898
 40
0.6153846153846154
 40
0.6153846153846154
 40
0.6153846153846154
 40
0.6153846153846154
 40
0.6410256410256411
 40
0.6410256410256411
 40
0.6410256410256411
 40
0.6410256410256411
 40
0.6666666666666666
 40
0.6666666666666666
 40
0.6666666666666666
 40
0.6666666666666666
 40
0.6923076923076923
 40
0.6923076923076923
 40
0.6923076923076923
 40
0.6923076923076923
 40
0.717948717948718
 40
0.717948717948718
 40
0.717948717948718
 40
0.717948717948718
 40
0.7435897435897436
 40
0.7435897435897436
 40
0.7435897435897436
 40
0.7435897435897436
 40
0.7692307692307693
 40
0.7692307692307693
 40
0.7692307692307693
 40
0.7692307692307693
 40
0.7948717948717948
 40
0.7948717948717948
 40
0.7948717948717948
 40
0.7948717948717948
 40
0.8205128205128205
 40
0.8205128205128205
 40
0.8205128205128205
 40
0.8205128205128205
 40
0.8461538461538461
 40
0.8461538461538461
 40
0.8461538461538461
 40
0.8461538461538461
 40
0.8717948717948718
 40
0.8717948717948718
 40
0.8717948717948718
 40
0.8717948717948718
 40
0.8974358974358975
 40
0.8974358974358975
 40
0.8974358974358975
 40
0.8974358974358975
 40
0.9230769230769231
 40
0.9230769230769231
 40
0.9230769230769231
 40
0.9230769230769231
 40
0.9487179487179487
 40
0.9487179487179487
 40
0.9487179487179487
 40
0.9487179487179487
 40
1.0
 40
1.0
 40
1.0
 40
1.0
 10
15.7216
 20
9.8475
 30
0.0
 10
15.6945
 20
9.5978
 30
0.0
 10
15.6782
 20
9.3536
 30
0.0
 10
15.6674
 20
9.1203
 30
0.0
 10
15.6674
 20
9.1203
 30
0.0
 10
15.6565
 20
8.887
 30
0.0
 10
15.6511
 20
8.7079
 30
0.0
 10
15.6511
 20
8.5831
 30
0.0
 10
15.6511
 20
8.5831
 30
0.0
 10
15.6511
 20
8.4257
 30
0.0
 10
15.6511
 20
8.2792
 30
0.0
 10
15.6619
 20
8.138
 30
0.0
 10
15.6619
 20
8.138
 30
0.0
 10
15.6674
 20
7.997
 30
0.0
 10
15.6728
 20
7.8775
 30
0.0
 10
15.6836
 20
7.7745
 30
0.0
 10
15.6836
 20
7.7745
 30
0.0
 10
15.6836
 20
7.7745
 30
0.0
 10
15.4557
 20
7.7745
 30
0.0
 10
15.4557
 20
7.7745
 30
0.0
 10
15.4557
 20
7.7745
 30
0.0
 10
15.4068
 20
8.2358
 30
0.0
 10
15.3471
 20
8.5994
 30
0.0
 10
15.2657
 20
8.8653
 30
0.0
 10
15.2657
 20
8.8653
 30
0.0
 10
15.1843
 20
9.1312
 30
0.0
 10
15.0487
 20
9.3266
 30
0.0
 10
14.8533
 20
9.4459
 30
0.0
 10
14.8533
 20
9.4459
 30
0.0
 10
14.6579
 20
9.5654
 30
0.0
 10
14.3486
 20
9.6251
 30
0.0
 10
13.9362
 20
9.6251
 30
0.0
 10
13.9362
 20
9.6251
 30
0.0
 10
13.9362
 20
9.6251
 30
0.0
 10
13.4044
 20
9.625
 30
0.0
 10
13.4044
 20
9.625
 30
0.0
 10
13.4044
 20
9.625
 30
0.0
 10
13.4044
 20
9.625
 30
0.0
 10
13.4044
 20
4.0028
 30
0.0
 10
13.4044
 20
4.0028
 30
0.0
 10
13.4044
 20
4.0028
 30
0.0
 10
13.4044
 20
3.7369
 30
0.0
 10
13.4315
 20
3.5415
 30
0.0
 10
13.4804
 20
3.4112
 30
0.0
 10
13.4804
 20
3.4112
 30
0.0
 10
13.5292
 20
3.281
 30
0.0
 10
13.6269
 20
3.1888
 30
0.0
 10
13.7734
 20
3.1453
 30
0.0
 10
13.7734
 20
3.1453
 30
0.0
 10
13.9198
 20
3.102
 30
0.0
 10
14.1261
 20
3.0693
 30
0.0
 10
14.403
 20
3.0586
 30
0.0
 10
14.403
 20
3.0586
 30
0.0
 10
14.403
 20
3.0586
 30
0.0
 10
14.403
 20
2.8632
 30
0.0
 10
14.403
 20
2.8632
 30
0.0
 10
14.403
 20
2.8632
 30
0.0
 10
14.2293
 20
2.874
 30
0.0
 10
14.0121
 20
2.8849
 30
0.0
 10
13.7516
 20
2.8904
 30
0.0
 10
13.7516
 20
2.8904
 30
0.0
 10
13.4858
 20
2.8904
 30
0.0
 10
13.2199
 20
2.8904
 30
0.0
 10
12.9539
 20
2.8904
 30
0.0
 10
12.9539
 20
2.8904
 30
0.0
 10
12.6555
 20
2.8904
 30
0.0
 10
12.3787
 20
2.8904
 30
0.0
 10
12.1183
 20
2.8904
 30
0.0
 10
12.1183
 20
2.8904
 30
0.0
 10
11.8578
 20
2.8904
 30
0.0
 10
11.6515
 20
2.8795
 30
0.0
 10
11.4887
 20
2.8632
 30
0.0
 10
11.4887
 20
2.8632
 30
0.0
 10
11.4887
 20
2.8632
 30
0.0
 10
11.4887
 20
3.0586
 30
0.0
 10
11.4887
 20
3.0586
 30
0.0
 10
11.4887
 20
3.0586
 30
0.0
 10
11.7655
 20
3.0693
 30
0.0
 10
11.9771
 20
3.1019
 30
0.0
 10
12.1183
 20
3.1453
 30
0.0
 10
12.1183
 20
3.1453
 30
0.0
 10
12.2594
 20
3.1888
 30
0.0
 10
12.3625
 20
3.2811
 30
0.0
 10
12.4113
 20
3.4112
 30
0.0
 10
12.4113
 20
3.4112
 30
0.0
 10
12.4601
 20
3.5415
 30
0.0
 10
12.4873
 20
3.7423
 30
0.0
 10
12.4873
 20
4.0028
 30
0.0
 10
12.4873
 20
4.0028
 30
0.0
 10
12.4873
 20
4.0028
 30
0.0
 10
12.4873
 20
9.625
 30
0.0
 10
12.4873
 20
9.625
 30
0.0
 10
12.4873
 20
9.625
 30
0.0
 10
12.4873
 20
9.625
 30
0.0
 10
11.9553
 20
9.625
 30
0.0
 10
11.9553
 20
9.625
 30
0.0
 10
11.9553
 20
9.625
 30
0.0
 10
11.5483
 20
9.625
 30
0.0
 10
11.2444
 20
9.5653
 30
0.0
 10
11.0436
 20
9.4459
 30
0.0
 10
11.0436
 20
9.4459
 30
0.0
 10
10.8428
 20
9.3266
 30
0.0
 10
10.7017
 20
9.1366
 30
0.0
 10
10.6258
 20
8.8652
 30
0.0
 10
10.6258
 20
8.8652
 30
0.0
 10
10.5498
 20
8.5939
 30
0.0
 10
10.4846
 20
8.2357
 30
0.0
 10
10.4358
 20
7.7745
 30
0.0
 10
10.4358
 20
7.7745
 30
0.0
 10
10.4358
 20
7.7745
 30
0.0
 10
10.2079
 20
7.7745
 30
0.0
 10
10.2079
 20
7.7745
 30
0.0
 10
10.2079
 20
7.7745
 30
0.0
 10
10.2188
 20
7.8775
 30
0.0
 10
10.2296
 20
8.0024
 30
0.0
 10
10.2351
 20
8.138
 30
0.0
 10
10.2351
 20
8.138
 30
0.0
 10
10.2351
 20
8.2738
 30
0.0
 10
10.2351
 20
8.4257
 30
0.0
 10
10.2351
 20
8.5831
 30
0.0
 10
10.2351
 20
8.5831
 30
0.0
 10
10.2351
 20
8.7078
 30
0.0
 10
10.2351
 20
8.8869
 30
0.0
 10
10.2188
 20
9.1203
 30
0.0
 10
10.2188
 20
9.1203
 30
0.0
 10
10.2079
 20
9.3536
 30
0.0
 10
10.1916
 20
9.5979
 30
0.0
 10
10.1644
 20
9.8475
 30
0.0
 10
10.1644
 20
9.8475
 30
0.0
 10
10.4413
 20
9.842
 30
0.0
 10
10.7451
 20
9.8366
 30
0.0
 10
11.0707
 20
9.8259
 30
0.0
 10
11.0707
 20
9.8259
 30
0.0
 10
11.3963
 20
9.815
 30
0.0
 10
11.722
 20
9.815
 30
0.0
 10
12.053
 20
9.815
 30
0.0
 10
12.053
 20
9.815
 30
0.0
 10
12.053
 20
9.815
 30
0.0
 10
13.8438
 20
9.815
 30
0.0
 10
13.8438
 20
9.815
 30
0.0
 10
13.8438
 20
9.815
 30
0.0
 10
14.1694
 20
9.815
 30
0.0
 10
14.4951
 20
9.815
 30
0.0
 10
14.8261
 20
9.8259
 30
0.0
 10
14.8261
 20
9.8259
 30
0.0
 10
15.1572
 20
9.8366
 30
0.0
 10
15.4557
 20
9.8366
 30
0.0
 10
15.727
 20
9.8475
 30
0.0
 10
15.727
 20
9.8475
 30
0.0
 10
15.727
 20
9.8475
 30
0.0
 10
15.7216
 20
9.8475
 30
0.0
 10
15.7216
 20
9.8475
 30
0.0
  0
SPLINE
  5
98
330
1F
100
AcDbEntity
  8
layer 1
 62
   242
100
AcDbSpline
210
0.0
220
0.0
230
1.0
 70
    11
 71
     3
 72
    56
 73
    52
 74
     0
 42
0.000000001
 43
0.0000000001
 40
0.0
 40
0.0
 40
0.0
 40
0.0
 40
0.0714285714285714
 40
0.0714285714285714
 40
0.0714285714285714
 40
0.0714285714285714
 40
0.1428571428571428
 40
0.1428571428571428
 40
0.1428571428571428
 40
0.1428571428571428
 40
0.2142857142857143
 40
0.2142857142857143
 40
0.2142857142857143
 40
0.2142857142857143
 40
0.2857142857142857
 40
0.2857142857142857
 40
0.2857142857142857
 40
0.2857142857142857
 40
0.3571428571428572
 40
0.3571428571428572
 40
0.3571428571428572
 40
0.3571428571428572
 40
0.4285714285714285
 40
0.4285714285714285
 40
0.4285714285714285
 40
0.4285714285714285
 40
0.5
 40
0.5
 40
0.5
 40
0.5
 40
0.5714285714285714
 40
0.5714285714285714
 40
0.5714285714285714
 40
0.5714285714285714
 40
0.6428571428571429
 40
0.6428571428571429
 40
0.6428571428571429
 40
0.6428571428571429
 40
0.7142857142857143
 40
0.7142857142857143
 40
0.7142857142857143
 40
0.7142857142857143
 40
0.7857142857142857
 40
0.7857142857142857
 40
0.7857142857142857
 40
0.7857142857142857
 40
0.8571428571428571
 40
0.8571428571428571
 40
0.8571428571428571
 40
0.8571428571428571
 40
1.0
 40
1.0
 40
1.0
 40
1.0
 10
19.6724
 20
9.9886
 30
0.0
 10
20.2964
 20
9.9886
 30
0.0
 10
20.8446
 20
9.8475
 30
0.0
 10
21.3167
 20
9.5653
 30
0.0
 10
21.3167
 20
9.5653
 30
0.0
 10
21.7888
 20
9.2831
 30
0.0
 10
22.1525
 20
8.8761
 30
0.0
 10
22.4129
 20
8.3443
 30
0.0
 10
22.4129
 20
8.3443
 30
0.0
 10
22.6734
 20
7.8124
 30
0.0
 10
22.8037
 20
7.172
 30
0.0
 10
22.8037
 20
6.4123
 30
0.0
 10
22.8037
 20
6.4123
 30
0.0
 10
22.8037
 20
5.6526
 30
0.0
 10
22.6679
 20
5.0284
 30
0.0
 10
22.402
 20
4.4749
 30
0.0
 10
22.402
 20
4.4749
 30
0.0
 10
22.1362
 20
3.9214
 30
0.0
 10
21.7671
 20
3.4926
 30
0.0
 10
21.2895
 20
3.1833
 30
0.0
 10
21.2895
 20
3.1833
 30
0.0
 10
20.8174
 20
2.874
 30
0.0
 10
20.2748
 20
2.7167
 30
0.0
 10
19.6615
 20
2.7167
 30
0.0
 10
19.6615
 20
2.7167
 30
0.0
 10
19.0483
 20
2.7167
 30
0.0
 10
18.4892
 20
2.8577
 30
0.0
 10
18.0171
 20
3.14
 30
0.0
 10
18.0171
 20
3.14
 30
0.0
 10
17.545
 20
3.4221
 30
0.0
 10
17.1814
 20
3.8291
 30
0.0
 10
16.921
 20
4.3663
 30
0.0
 10
16.921
 20
4.3663
 30
0.0
 10
16.6605
 20
4.8982
 30
0.0
 10
16.5302
 20
5.544
 30
0.0
 10
16.5302
 20
6.2929
 30
0.0
 10
16.5302
 20
6.2929
 30
0.0
 10
16.5302
 20
7.0419
 30
0.0
 10
16.6659
 20
7.6768
 30
0.0
 10
16.9372
 20
8.2303
 30
0.0
 10
16.9372
 20
8.2303
 30
0.0
 10
17.2086
 20
8.7838
 30
0.0
 10
17.5777
 20
9.2126
 30
0.0
 10
18.0498
 20
9.5219
 30
0.0
 10
18.0498
 20
9.5219
 30
0.0
 10
18.5219
 20
9.8313
 30
0.0
 10
19.0645
 20
9.9886
 30
0.0
 10
19.6724
 20
9.9886
 30
0.0
 10
19.6724
 20
9.9886
 30
0.0
 10
19.6724
 20
9.9886
 30
0.0
 10
19.6724
 20
9.9886
 30
0.0
 10
19.6724
 20
9.9886
 30
0.0
  0
SPLINE
  5
99
330
1F
100
AcDbEntity
  8
layer 1
 62
   242
100
AcDbSpline
210
0.0
220
0.0
230
1.0
 70
    11
 71
     3
 72
    56
 73
    52
 74
     0
 42
0.000000001
 43
0.0000000001
 40
0.0
 40
0.0
 40
0.0
 40
0.0
 40
0.0714285714285714
 40
0.0714285714285714
 40
0.0714285714285714
 40
0.0714285714285714
 40
0.1428571428571428
 40
0.1428571428571428
 40
0.1428571428571428
 40
0.1428571428571428
 40
0.2142857142857143
 40
0.2142857142857143
 40
0.2142857142857143
 40
0.2142857142857143
 40
0.2857142857142857
 40
0.2857142857142857
 40
0.2857142857142857
 40
0.2857142857142857
 40
0.3571428571428572
 40
0.3571428571428572
 40
0.3571428571428572
 40
0.3571428571428572
 40
0.4285714285714285
 40
0.4285714285714285
 40
0.4285714285714285
 40
0.4285714285714285
 40
0.5
 40
0.5
 40
0.5
 40
0.5
 40
0.5714285714285714
 40
0.5714285714285714
 40
0.5714285714285714
 40
0.5714285714285714
 40
0.6428571428571429
 40
0.6428571428571429
 40
0.6428571428571429
 40
0.6428571428571429
 40
0.7142857142857143
 40
0.7142857142857143
 40
0.7142857142857143
 40
0.7142857142857143
 40
0.7857142857142857
 40
0.7857142857142857
 40
0.7857142857142857
 40
0.7857142857142857
 40
0.8571428571428571
 40
0.8571428571428571
 40
0.8571428571428571
 40
0.8571428571428571
 40
1.0
 40
1.0
 40
1.0
 40
1.0
 10
19.6343
 20
9.8095
 30
0.0
 10
19.2057
 20
9.8095
 30
0.0
 10
18.8366
 20
9.663
 30
0.0
 10
18.5164
 20
9.3645
 30
0.0
 10
18.5164
 20
9.3645
 30
0.0
 10
18.2017
 20
9.066
 30
0.0
 10
17.9521
 20
8.6591
 30
0.0
 10
17.7783
 20
8.138
 30
0.0
 10
17.7783
 20
8.138
 30
0.0
 10
17.6047
 20
7.6171
 30
0.0
 10
17.5178
 20
7.0147
 30
0.0
 10
17.5178
 20
6.3309
 30
0.0
 10
17.5178
 20
6.3309
 30
0.0
 10
17.5178
 20
5.6472
 30
0.0
 10
17.6156
 20
5.023
 30
0.0
 10
17.8109
 20
4.5075
 30
0.0
 10
17.8109
 20
4.5075
 30
0.0
 10
18.0062
 20
3.9919
 30
0.0
 10
18.2667
 20
3.5904
 30
0.0
 10
18.6032
 20
3.3135
 30
0.0
 10
18.6032
 20
3.3135
 30
0.0
 10
18.9343
 20
3.0368
 30
0.0
 10
19.3033
 20
2.8956
 30
0.0
 10
19.7048
 20
2.8956
 30
0.0
 10
19.7048
 20
2.8956
 30
0.0
 10
20.1336
 20
2.8956
 30
0.0
 10
20.5027
 20
3.0422
 30
0.0
 10
20.8228
 20
3.3407
 30
0.0
 10
20.8228
 20
3.3407
 30
0.0
 10
21.1376
 20
3.6391
 30
0.0
 10
21.3818
 20
4.0461
 30
0.0
 10
21.5609
 20
4.5726
 30
0.0
 10
21.5609
 20
4.5726
 30
0.0
 10
21.74
 20
5.0991
 30
0.0
 10
21.8214
 20
5.6959
 30
0.0
 10
21.8214
 20
6.3743
 30
0.0
 10
21.8214
 20
6.3743
 30
0.0
 10
21.8214
 20
7.0525
 30
0.0
 10
21.7237
 20
7.6876
 30
0.0
 10
21.5283
 20
8.2031
 30
0.0
 10
21.5283
 20
8.2031
 30
0.0
 10
21.333
 20
8.7186
 30
0.0
 10
21.0725
 20
9.1148
 30
0.0
 10
20.7415
 20
9.3916
 30
0.0
 10
20.7415
 20
9.3916
 30
0.0
 10
20.4104
 20
9.6737
 30
0.0
 10
20.0414
 20
9.8095
 30
0.0
 10
19.6344
 20
9.8095
 30
0.0
 10
19.6344
 20
9.8095
 30
0.0
 10
19.6344
 20
9.8095
 30
0.0
 10
19.6343
 20
9.8095
 30
0.0
 10
19.6343
 20
9.8095
 30
0.0
  0
SPLINE
  5
9A
330
1F
100
AcDbEntity
  8
layer 1
 62
   242
100
AcDbSpline
210
0.0
220
0.0
230
1.0
 70
    11
 71
     3
 72
    56
 73
    52
 74
     0
 42
0.000000001
 43
0.0000000001
 40
0.0
 40
0.0
 40
0.0
 40
0.0
 40
0.0714285714285714
 40
0.0714285714285714
 40
0.0714285714285714
 40
0.0714285714285714
 40
0.1428571428571428
 40
0.1428571428571428
 40
0.1428571428571428
 40
0.1428571428571428
 40
0.2142857142857143
 40
0.2142857142857143
 40
0.2142857142857143
 40
0.2142857142857143
 40
0.2857142857142857
 40
0.2857142857142857
 40
0.2857142857142857
 40
0.2857142857142857
 40
0.3571428571428572
 40
0.3571428571428572
 40
0.3571428571428572
 40
0.3571428571428572
 40
0.4285714285714285
 40
0.4285714285714285
 40
0.4285714285714285
 40
0.4285714285714285
 40
0.5
 40
0.5
 40
0.5
 40
0.5
 40
0.5714285714285714
 40
0.5714285714285714
 40
0.5714285714285714
 40
0.5714285714285714
 40
0.6428571428571429
 40
0.6428571428571429
 40
0.6428571428571429
 40
0.6428571428571429
 40
0.7142857142857143
 40
0.7142857142857143
 40
0.7142857142857143
 40
0.7142857142857143
 40
0.7857142857142857
 40
0.7857142857142857
 40
0.7857142857142857
 40
0.7857142857142857
 40
0.8571428571428571
 40
0.8571428571428571
 40
0.8571428571428571
 40
0.8571428571428571
 40
1.0
 40
1.0
 40
1.0
 40
1.0
 10
26.9932
 20
9.9886
 30
0.0
 10
27.6174
 20
9.9886
 30
0.0
 10
28.1655
 20
9.8475
 30
0.0
 10
28.6376
 20
9.5653
 30
0.0
 10
28.6376
 20
9.5653
 30
0.0
 10
29.1097
 20
9.2831
 30
0.0
 10
29.4733
 20
8.8761
 30
0.0
 10
29.7338
 20
8.3443
 30
0.0
 10
29.7338
 20
8.3443
 30
0.0
 10
29.9942
 20
7.8124
 30
0.0
 10
30.1246
 20
7.172
 30
0.0
 10
30.1246
 20
6.4123
 30
0.0
 10
30.1246
 20
6.4123
 30
0.0
 10
30.1246
 20
5.6526
 30
0.0
 10
29.9889
 20
5.0284
 30
0.0
 10
29.723
 20
4.4749
 30
0.0
 10
29.723
 20
4.4749
 30
0.0
 10
29.4571
 20
3.9214
 30
0.0
 10
29.0881
 20
3.4926
 30
0.0
 10
28.6104
 20
3.1833
 30
0.0
 10
28.6104
 20
3.1833
 30
0.0
 10
28.1383
 20
2.874
 30
0.0
 10
27.5956
 20
2.7167
 30
0.0
 10
26.9823
 20
2.7167
 30
0.0
 10
26.9823
 20
2.7167
 30
0.0
 10
26.3692
 20
2.7167
 30
0.0
 10
25.8102
 20
2.8577
 30
0.0
 10
25.3381
 20
3.14
 30
0.0
 10
25.3381
 20
3.14
 30
0.0
 10
24.8659
 20
3.4221
 30
0.0
 10
24.5023
 20
3.8291
 30
0.0
 10
24.2418
 20
4.3663
 30
0.0
 10
24.2418
 20
4.3663
 30
0.0
 10
23.9813
 20
4.8982
 30
0.0
 10
23.8511
 20
5.544
 30
0.0
 10
23.8511
 20
6.2929
 30
0.0
 10
23.8511
 20
6.2929
 30
0.0
 10
23.8511
 20
7.0419
 30
0.0
 10
23.9868
 20
7.6768
 30
0.0
 10
24.2581
 20
8.2303
 30
0.0
 10
24.2581
 20
8.2303
 30
0.0
 10
24.5294
 20
8.7838
 30
0.0
 10
24.8985
 20
9.2126
 30
0.0
 10
25.3706
 20
9.5219
 30
0.0
 10
25.3706
 20
9.5219
 30
0.0
 10
25.8427
 20
9.8313
 30
0.0
 10
26.3855
 20
9.9886
 30
0.0
 10
26.9933
 20
9.9886
 30
0.0
 10
26.9933
 20
9.9886
 30
0.0
 10
26.9933
 20
9.9886
 30
0.0
 10
26.9932
 20
9.9886
 30
0.0
 10
26.9932
 20
9.9886
 30
0.0
  0
SPLINE
  5
9B
330
1F
100
AcDbEntity
  8
layer 1
 62
   242
100
AcDbSpline
210
0.0
220
0.0
230
1.0
 70
    11
 71
     3
 72
    56
 73
    52
 74
     0
 42
0.000000001
 43
0.0000000001
 40
0.0
 40
0.0
 40
0.0
 40
0.0
 40
0.0714285714285714
 40
0.0714285714285714
 40
0.0714285714285714
 40
0.0714285714285714
 40
0.1428571428571428
 40
0.1428571428571428
 40
0.1428571428571428
 40
0.1428571428571428
 40
0.2142857142857143
 40
0.2142857142857143
 40
0.2142857142857143
 40
0.2142857142857143
 40
0.2857142857142857
 40
0.2857142857142857
 40
0.2857142857142857
 40
0.2857142857142857
 40
0.3571428571428572
 40
0.3571428571428572
 40
0.3571428571428572
 40
0.3571428571428572
 40
0.4285714285714285
 40
0.4285714285714285
 40
0.4285714285714285
 40
0.4285714285714285
 40
0.5
 40
0.5
 40
0.5
 40
0.5
 40
0.5714285714285714
 40
0.5714285714285714
 40
0.5714285714285714
 40
0.5714285714285714
 40
0.6428571428571429
 40
0.6428571428571429
 40
0.6428571428571429
 40
0.6428571428571429
 40
0.7142857142857143
 40
0.7142857142857143
 40
0.7142857142857143
 40
0.7142857142857143
 40
0.7857142857142857
 40
0.7857142857142857
 40
0.7857142857142857
 40
0.7857142857142857
 40
0.8571428571428571
 40
0.8571428571428571
 40
0.8571428571428571
 40
0.8571428571428571
 40
1.0
 40
1.0
 40
1.0
 40
1.0
 10
26.9553
 20
9.8095
 30
0.0
 10
26.5265
 20
9.8095
 30
0.0
 10
26.1576
 20
9.663
 30
0.0
 10
25.8373
 20
9.3645
 30
0.0
 10
25.8373
 20
9.3645
 30
0.0
 10
25.5226
 20
9.066
 30
0.0
 10
25.2729
 20
8.6591
 30
0.0
 10
25.0992
 20
8.138
 30
0.0
 10
25.0992
 20
8.138
 30
0.0
 10
24.9256
 20
7.6171
 30
0.0
 10
24.8388
 20
7.0147
 30
0.0
 10
24.8388
 20
6.3309
 30
0.0
 10
24.8388
 20
6.3309
 30
0.0
 10
24.8388
 20
5.6472
 30
0.0
 10
24.9364
 20
5.023
 30
0.0
 10
25.1318
 20
4.5075
 30
0.0
 10
25.1318
 20
4.5075
 30
0.0
 10
25.3272
 20
3.9919
 30
0.0
 10
25.5876
 20
3.5904
 30
0.0
 10
25.9241
 20
3.3135
 30
0.0
 10
25.9241
 20
3.3135
 30
0.0
 10
26.2551
 20
3.0368
 30
0.0
 10
26.6242
 20
2.8956
 30
0.0
 10
27.0258
 20
2.8956
 30
0.0
 10
27.0258
 20
2.8956
 30
0.0
 10
27.4546
 20
2.8956
 30
0.0
 10
27.8235
 20
3.0422
 30
0.0
 10
28.1437
 20
3.3407
 30
0.0
 10
28.1437
 20
3.3407
 30
0.0
 10
28.4584
 20
3.6391
 30
0.0
 10
28.7027
 20
4.0461
 30
0.0
 10
28.8818
 20
4.5726
 30
0.0
 10
28.8818
 20
4.5726
 30
0.0
 10
29.0609
 20
5.0991
 30
0.0
 10
29.1423
 20
5.6959
 30
0.0
 10
29.1423
 20
6.3743
 30
0.0
 10
29.1423
 20
6.3743
 30
0.0
 10
29.1423
 20
7.0525
 30
0.0
 10
29.0446
 20
7.6876
 30
0.0
 10
28.8493
 20
8.2031
 30
0.0
 10
28.8493
 20
8.2031
 30
0.0
 10
28.6539
 20
8.7186
 30
0.0
 10
28.3934
 20
9.1148
 30
0.0
 10
28.0623
 20
9.3916
 30
0.0
 10
28.0623
 20
9.3916
 30
0.0
 10
27.7313
 20
9.6737
 30
0.0
 10
27.3623
 20
9.8095
 30
0.0
 10
26.9553
 20
9.8095
 30
0.0
 10
26.9553
 20
9.8095
 30
0.0
 10
26.9553
 20
9.8095
 30
0.0
 10
26.9553
 20
9.8095
 30
0.0
 10
26.9553
 20
9.8095
 30
0.0
  0
SPLINE
  5
9C
330
1F
100
AcDbEntity
  8
layer 1
 62
   242
100
AcDbSpline
210
0.0
220
0.0
230
1.0
 70
    11
 71
     3
 72
   152
 73
   148
 74
     0
 42
0.000000001
 43
0.0000000001
 40
0.0
 40
0.0
 40
0.0
 40
0.0
 40
0.0263157894736842
 40
0.0263157894736842
 40
0.0263157894736842
 40
0.0263157894736842
 40
0.0526315789473684
 40
0.0526315789473684
 40
0.0526315789473684
 40
0.0526315789473684
 40
0.0789473684210526
 40
0.0789473684210526
 40
0.0789473684210526
 40
0.0789473684210526
 40
0.1052631578947368
 40
0.1052631578947368
 40
0.1052631578947368
 40
0.1052631578947368
 40
0.131578947368421
 40
0.131578947368421
 40
0.131578947368421
 40
0.131578947368421
 40
0.1578947368421053
 40
0.1578947368421053
 40
0.1578947368421053
 40
0.1578947368421053
 40
0.1842105263157895
 40
0.1842105263157895
 40
0.1842105263157895
 40
0.1842105263157895
 40
0.2105263157894737
 40
0.2105263157894737
 40
0.2105263157894737
 40
0.2105263157894737
 40
0.2368421052631579
 40
0.2368421052631579
 40
0.2368421052631579
 40
0.2368421052631579
 40
0.2631578947368421
 40
0.2631578947368421
 40
0.2631578947368421
 40
0.2631578947368421
 40
0.2894736842105263
 40
0.2894736842105263
 40
0.2894736842105263
 40
0.2894736842105263
 40
0.3157894736842105
 40
0.3157894736842105
 40
0.3157894736842105
 40
0.3157894736842105
 40
0.3421052631578947
 40
0.3421052631578947
 40
0.3421052631578947
 40
0.3421052631578947
 40
0.3684210526315789
 40
0.3684210526315789
 40
0.3684210526315789
 40
0.3684210526315789
 40
0.3947368421052632
 40
0.3947368421052632
 40
0.3947368421052632
 40
0.3947368421052632
 40
0.4210526315789473
 40
0.4210526315789473
 40
0.4210526315789473
 40
0.4210526315789473
 40
0.4473684210526316
 40
0.4473684210526316
 40
0.4473684210526316
 40
0.4473684210526316
 40
0.4736842105263158
 40
0.4736842105263158
 40
0.4736842105263158
 40
0.4736842105263158
 40
0.5
 40
0.5
 40
0.5
 40
0.5
 40
0.5263157894736842
 40
0.5263157894736842
 40
0.5263157894736842
 40
0.5263157894736842
 40
0.5526315789473685
 40
0.5526315789473685
 40
0.5526315789473685
 40
0.5526315789473685
 40
0.5789473684210527
 40
0.5789473684210527
 40
0.5789473684210527
 40
0.5789473684210527
 40
0.6052631578947368
 40
0.6052631578947368
 40
0.6052631578947368
 40
0.6052631578947368
 40
0.631578947368421
 40
0.631578947368421
 40
0.631578947368421
 40
0.631578947368421
 40
0.6578947368421053
 40
0.6578947368421053
 40
0.6578947368421053
 40
0.6578947368421053
 40
0.6842105263157895
 40
0.6842105263157895
 40
0.6842105263157895
 40
0.6842105263157895
 40
0.7105263157894737
 40
0.7105263157894737
 40
0.7105263157894737
 40
0.7105263157894737
 40
0.7368421052631579
 40
0.7368421052631579
 40
0.7368421052631579
 40
0.7368421052631579
 40
0.7631578947368421
 40
0.7631578947368421
 40
0.7631578947368421
 40
0.7631578947368421
 40
0.7894736842105263
 40
0.7894736842105263
 40
0.7894736842105263
 40
0.7894736842105263
 40
0.8157894736842105
 40
0.8157894736842105
 40
0.8157894736842105
 40
0.8157894736842105
 40
0.8421052631578947
 40
0.8421052631578947
 40
0.8421052631578947
 40
0.8421052631578947
 40
0.868421052631579
 40
0.868421052631579
 40
0.868421052631579
 40
0.868421052631579
 40
0.8947368421052632
 40
0.8947368421052632
 40
0.8947368421052632
 40
0.8947368421052632
 40
0.9210526315789473
 40
0.9210526315789473
 40
0.9210526315789473
 40
0.9210526315789473
 40
0.9473684210526315
 40
0.9473684210526315
 40
0.9473684210526315
 40
0.9473684210526315
 40
1.0
 40
1.0
 40
1.0
 40
1.0
 10
33.5001
 20
9.8475
 30
0.0
 10
33.5001
 20
9.8475
 30
0.0
 10
33.5001
 20
9.6522
 30
0.0
 10
33.5001
 20
9.6522
 30
0.0
 10
33.5001
 20
9.6522
 30
0.0
 10
33.2775
 20
9.6467
 30
0.0
 10
33.1093
 20
9.6196
 30
0.0
 10
32.9899
 20
9.5762
 30
0.0
 10
32.9899
 20
9.5762
 30
0.0
 10
32.8759
 20
9.5328
 30
0.0
 10
32.7999
 20
9.4568
 30
0.0
 10
32.7566
 20
9.3374
 30
0.0
 10
32.7566
 20
9.3374
 30
0.0
 10
32.7186
 20
9.2234
 30
0.0
 10
32.6968
 20
9.0443
 30
0.0
 10
32.6968
 20
8.8001
 30
0.0
 10
32.6968
 20
8.8001
 30
0.0
 10
32.6968
 20
8.8001
 30
0.0
 10
32.6968
 20
3.8996
 30
0.0
 10
32.6968
 20
3.8996
 30
0.0
 10
32.6968
 20
3.8996
 30
0.0
 10
32.6968
 20
3.6608
 30
0.0
 10
32.7186
 20
3.4817
 30
0.0
 10
32.7566
 20
3.3678
 30
0.0
 10
32.7566
 20
3.3678
 30
0.0
 10
32.7945
 20
3.2484
 30
0.0
 10
32.8759
 20
3.1725
 30
0.0
 10
32.9899
 20
3.1345
 30
0.0
 10
32.9899
 20
3.1345
 30
0.0
 10
33.1038
 20
3.0965
 30
0.0
 10
33.2721
 20
3.0802
 30
0.0
 10
33.5001
 20
3.0802
 30
0.0
 10
33.5001
 20
3.0802
 30
0.0
 10
33.5001
 20
3.0802
 30
0.0
 10
34.2218
 20
3.0802
 30
0.0
 10
34.2218
 20
3.0802
 30
0.0
 10
34.2218
 20
3.0802
 30
0.0
 10
34.5312
 20
3.0802
 30
0.0
 10
34.7862
 20
3.1128
 30
0.0
 10
34.9761
 20
3.1779
 30
0.0
 10
34.9761
 20
3.1779
 30
0.0
 10
35.1715
 20
3.243
 30
0.0
 10
35.3235
 20
3.3462
 30
0.0
 10
35.4429
 20
3.4872
 30
0.0
 10
35.4429
 20
3.4872
 30
0.0
 10
35.5621
 20
3.6284
 30
0.0
 10
35.6436
 20
3.8183
 30
0.0
 10
35.7034
 20
4.0571
 30
0.0
 10
35.7034
 20
4.0571
 30
0.0
 10
35.763
 20
4.2958
 30
0.0
 10
35.8064
 20
4.5835
 30
0.0
 10
35.8444
 20
4.9254
 30
0.0
 10
35.8444
 20
4.9254
 30
0.0
 10
35.8444
 20
4.9254
 30
0.0
 10
36.0724
 20
4.9254
 30
0.0
 10
36.0724
 20
4.9254
 30
0.0
 10
36.0724
 20
4.9254
 30
0.0
 10
36.0506
 20
4.7191
 30
0.0
 10
36.0452
 20
4.4532
 30
0.0
 10
36.0452
 20
4.1168
 30
0.0
 10
36.0452
 20
4.1168
 30
0.0
 10
36.0452
 20
3.9919
 30
0.0
 10
36.0452
 20
3.8128
 30
0.0
 10
36.0615
 20
3.5794
 30
0.0
 10
36.0615
 20
3.5794
 30
0.0
 10
36.0724
 20
3.3461
 30
0.0
 10
36.0887
 20
3.1019
 30
0.0
 10
36.1157
 20
2.8523
 30
0.0
 10
36.1157
 20
2.8523
 30
0.0
 10
35.7793
 20
2.8631
 30
0.0
 10
35.3994
 20
2.874
 30
0.0
 10
34.9815
 20
2.8795
 30
0.0
 10
34.9815
 20
2.8795
 30
0.0
 10
34.5636
 20
2.8849
 30
0.0
 10
34.1838
 20
2.8795
 30
0.0
 10
33.8582
 20
2.8795
 30
0.0
 10
33.8582
 20
2.8795
 30
0.0
 10
33.8582
 20
2.8795
 30
0.0
 10
33.2992
 20
2.8795
 30
0.0
 10
33.2992
 20
2.8795
 30
0.0
 10
33.2992
 20
2.8795
 30
0.0
 10
33.0713
 20
2.8795
 30
0.0
 10
32.8271
 20
2.8795
 30
0.0
 10
32.5612
 20
2.8795
 30
0.0
 10
32.5612
 20
2.8795
 30
0.0
 10
32.2952
 20
2.8795
 30
0.0
 10
32.0294
 20
2.874
 30
0.0
 10
31.7635
 20
2.8686
 30
0.0
 10
31.7635
 20
2.8686
 30
0.0
 10
31.4975
 20
2.8632
 30
0.0
 10
31.237
 20
2.8631
 30
0.0
 10
30.9928
 20
2.8523
 30
0.0
 10
30.9928
 20
2.8523
 30
0.0
 10
30.9928
 20
2.8523
 30
0.0
 10
30.9928
 20
3.0477
 30
0.0
 10
30.9928
 20
3.0477
 30
0.0
 10
30.9928
 20
3.0477
 30
0.0
 10
31.2154
 20
3.0584
 30
0.0
 10
31.3835
 20
3.0856
 30
0.0
 10
31.5029
 20
3.129
 30
0.0
 10
31.5029
 20
3.129
 30
0.0
 10
31.6169
 20
3.167
 30
0.0
 10
31.6929
 20
3.2484
 30
0.0
 10
31.7363
 20
3.3678
 30
0.0
 10
31.7363
 20
3.3678
 30
0.0
 10
31.7743
 20
3.4872
 30
0.0
 10
31.7959
 20
3.6663
 30
0.0
 10
31.7959
 20
3.8996
 30
0.0
 10
31.7959
 20
3.8996
 30
0.0
 10
31.7959
 20
3.8996
 30
0.0
 10
31.7959
 20
8.8001
 30
0.0
 10
31.7959
 20
8.8001
 30
0.0
 10
31.7959
 20
8.8001
 30
0.0
 10
31.7959
 20
9.0443
 30
0.0
 10
31.7743
 20
9.2234
 30
0.0
 10
31.7363
 20
9.3374
 30
0.0
 10
31.7363
 20
9.3374
 30
0.0
 10
31.6983
 20
9.4513
 30
0.0
 10
31.6169
 20
9.5327
 30
0.0
 10
31.5029
 20
9.5762
 30
0.0
 10
31.5029
 20
9.5762
 30
0.0
 10
31.389
 20
9.6196
 30
0.0
 10
31.2154
 20
9.6467
 30
0.0
 10
30.9928
 20
9.6522
 30
0.0
 10
30.9928
 20
9.6522
 30
0.0
 10
30.9928
 20
9.6522
 30
0.0
 10
30.9928
 20
9.8475
 30
0.0
 10
30.9928
 20
9.8475
 30
0.0
 10
30.9928
 20
9.8475
 30
0.0
 10
31.134
 20
9.842
 30
0.0
 10
31.313
 20
9.8366
 30
0.0
 10
31.5355
 20
9.8259
 30
0.0
 10
31.5355
 20
9.8259
 30
0.0
 10
31.758
 20
9.815
 30
0.0
 10
32.0022
 20
9.815
 30
0.0
 10
32.2573
 20
9.815
 30
0.0
 10
32.2573
 20
9.815
 30
0.0
 10
32.4906
 20
9.815
 30
0.0
 10
32.7186
 20
9.815
 30
0.0
 10
32.941
 20
9.8259
 30
0.0
 10
32.941
 20
9.8259
 30
0.0
 10
33.169
 20
9.8313
 30
0.0
 10
33.3589
 20
9.8366
 30
0.0
 10
33.5108
 20
9.8475
 30
0.0
 10
33.5108
 20
9.8475
 30
0.0
 10
33.5108
 20
9.8475
 30
0.0
 10
33.5001
 20
9.8475
 30
0.0
 10
33.5001
 20
9.8475
 30
0.0
  0
SPLINE
  5
9D
330
1F
100
AcDbEntity
  8
layer 1
 62
   242
100
AcDbSpline
210
0.0
220
0.0
230
1.0
 70
    11
 71
     3
 72
   208
 73
   204
 74
     0
 42
0.000000001
 43
0.0000000001
 40
0.0
 40
0.0
 40
0.0
 40
0.0
 40
0.0192307692307692
 40
0.0192307692307692
 40
0.0192307692307692
 40
0.0192307692307692
 40
0.0384615384615385
 40
0.0384615384615385
 40
0.0384615384615385
 40
0.0384615384615385
 40
0.0576923076923077
 40
0.0576923076923077
 40
0.0576923076923077
 40
0.0576923076923077
 40
0.0769230769230769
 40
0.0769230769230769
 40
0.0769230769230769
 40
0.0769230769230769
 40
0.0961538461538462
 40
0.0961538461538462
 40
0.0961538461538462
 40
0.0961538461538462
 40
0.1153846153846154
 40
0.1153846153846154
 40
0.1153846153846154
 40
0.1153846153846154
 40
0.1346153846153846
 40
0.1346153846153846
 40
0.1346153846153846
 40
0.1346153846153846
 40
0.1538461538461539
 40
0.1538461538461539
 40
0.1538461538461539
 40
0.1538461538461539
 40
0.1730769230769231
 40
0.1730769230769231
 40
0.1730769230769231
 40
0.1730769230769231
 40
0.1923076923076923
 40
0.1923076923076923
 40
0.1923076923076923
 40
0.1923076923076923
 40
0.2115384615384615
 40
0.2115384615384615
 40
0.2115384615384615
 40
0.2115384615384615
 40
0.2307692307692308
 40
0.2307692307692308
 40
0.2307692307692308
 40
0.2307692307692308
 40
0.25
 40
0.25
 40
0.25
 40
0.25
 40
0.2692307692307692
 40
0.2692307692307692
 40
0.2692307692307692
 40
0.2692307692307692
 40
0.2884615384615384
 40
0.2884615384615384
 40
0.2884615384615384
 40
0.2884615384615384
 40
0.3076923076923077
 40
0.3076923076923077
 40
0.3076923076923077
 40
0.3076923076923077
 40
0.3269230769230769
 40
0.3269230769230769
 40
0.3269230769230769
 40
0.3269230769230769
 40
0.3461538461538461
 40
0.3461538461538461
 40
0.3461538461538461
 40
0.3461538461538461
 40
0.3653846153846154
 40
0.3653846153846154
 40
0.3653846153846154
 40
0.3653846153846154
 40
0.3846153846153846
 40
0.3846153846153846
 40
0.3846153846153846
 40
0.3846153846153846
 40
0.4038461538461539
 40
0.4038461538461539
 40
0.4038461538461539
 40
0.4038461538461539
 40
0.4230769230769231
 40
0.4230769230769231
 40
0.4230769230769231
 40
0.4230769230769231
 40
0.4423076923076923
 40
0.4423076923076923
 40
0.4423076923076923
 40
0.4423076923076923
 40
0.4615384615384616
 40
0.4615384615384616
 40
0.4615384615384616
 40
0.4615384615384616
 40
0.4807692307692308
 40
0.4807692307692308
 40
0.4807692307692308
 40
0.4807692307692308
 40
0.5
 40
0.5
 40
0.5
 40
0.5
 40
0.5192307692307693
 40
0.5192307692307693
 40
0.5192307692307693
 40
0.5192307692307693
 40
0.5384615384615384
 40
0.5384615384615384
 40
0.5384615384615384
 40
0.5384615384615384
 40
0.5576923076923077
 40
0.5576923076923077
 40
0.5576923076923077
 40
0.5576923076923077
 40
0.5769230769230769
 40
0.5769230769230769
 40
0.5769230769230769
 40
0.5769230769230769
 40
0.5961538461538461
 40
0.5961538461538461
 40
0.5961538461538461
 40
0.5961538461538461
 40
0.6153846153846154
 40
0.6153846153846154
 40
0.6153846153846154
 40
0.6153846153846154
 40
0.6346153846153846
 40
0.6346153846153846
 40
0.6346153846153846
 40
0.6346153846153846
 40
0.6538461538461539
 40
0.6538461538461539
 40
0.6538461538461539
 40
0.6538461538461539
 40
0.6730769230769231
 40
0.6730769230769231
 40
0.6730769230769231
 40
0.6730769230769231
 40
0.6923076923076923
 40
0.6923076923076923
 40
0.6923076923076923
 40
0.6923076923076923
 40
0.7115384615384616
 40
0.7115384615384616
 40
0.7115384615384616
 40
0.7115384615384616
 40
0.7307692307692307
 40
0.7307692307692307
 40
0.7307692307692307
 40
0.7307692307692307
 40
0.75
 40
0.75
 40
0.75
 40
0.75
 40
0.7692307692307693
 40
0.7692307692307693
 40
0.7692307692307693
 40
0.7692307692307693
 40
0.7884615384615384
 40
0.7884615384615384
 40
0.7884615384615384
 40
0.7884615384615384
 40
0.8076923076923077
 40
0.8076923076923077
 40
0.8076923076923077
 40
0.8076923076923077
 40
0.8269230769230769
 40
0.8269230769230769
 40
0.8269230769230769
 40
0.8269230769230769
 40
0.8461538461538461
 40
0.8461538461538461
 40
0.8461538461538461
 40
0.8461538461538461
 40
0.8653846153846154
 40
0.8653846153846154
 40
0.8653846153846154
 40
0.8653846153846154
 40
0.8846153846153846
 40
0.8846153846153846
 40
0.8846153846153846
 40
0.8846153846153846
 40
0.9038461538461539
 40
0.9038461538461539
 40
0.9038461538461539
 40
0.9038461538461539
 40
0.9230769230769231
 40
0.9230769230769231
 40
0.9230769230769231
 40
0.9230769230769231
 40
0.9423076923076923
 40
0.9423076923076923
 40
0.9423076923076923
 40
0.9423076923076923
 40
0.9615384615384616
 40
0.9615384615384616
 40
0.9615384615384616
 40
0.9615384615384616
 40
1.0
 40
1.0
 40
1.0
 40
1.0
 10
38.9051
 20
9.9561
 30
0.0
 10
39.2362
 20
9.9561
 30
0.0
 10
39.4858
 20
9.918
 30
0.0
 10
39.6541
 20
9.8421
 30
0.0
 10
39.6541
 20
9.8421
 30
0.0
 10
39.8277
 20
9.7661
 30
0.0
 10
39.9743
 20
9.6847
 30
0.0
 10
40.1099
 20
9.5924
 30
0.0
 10
40.1099
 20
9.5924
 30
0.0
 10
40.1913
 20
9.5491
 30
0.0
 10
40.2511
 20
9.511
 30
0.0
 10
40.2999
 20
9.4894
 30
0.0
 10
40.2999
 20
9.4894
 30
0.0
 10
40.3488
 20
9.4677
 30
0.0
 10
40.3976
 20
9.4568
 30
0.0
 10
40.4409
 20
9.4568
 30
0.0
 10
40.4409
 20
9.4568
 30
0.0
 10
40.5061
 20
9.4568
 30
0.0
 10
40.5549
 20
9.4949
 30
0.0
 10
40.5821
 20
9.5654
 30
0.0
 10
40.5821
 20
9.5654
 30
0.0
 10
40.6092
 20
9.6359
 30
0.0
 10
40.6363
 20
9.7445
 30
0.0
 10
40.6581
 20
9.891
 30
0.0
 10
40.6581
 20
9.891
 30
0.0
 10
40.6581
 20
9.891
 30
0.0
 10
40.886
 20
9.8909
 30
0.0
 10
40.886
 20
9.8909
 30
0.0
 10
40.886
 20
9.8909
 30
0.0
 10
40.8806
 20
9.7769
 30
0.0
 10
40.8697
 20
9.6467
 30
0.0
 10
40.8588
 20
9.4894
 30
0.0
 10
40.8588
 20
9.4894
 30
0.0
 10
40.848
 20
9.332
 30
0.0
 10
40.8425
 20
9.1311
 30
0.0
 10
40.8372
 20
8.8761
 30
0.0
 10
40.8372
 20
8.8761
 30
0.0
 10
40.8372
 20
8.621
 30
0.0
 10
40.8372
 20
8.29
 30
0.0
 10
40.8372
 20
7.8722
 30
0.0
 10
40.8372
 20
7.8722
 30
0.0
 10
40.8372
 20
7.8722
 30
0.0
 10
40.6092
 20
7.8722
 30
0.0
 10
40.6092
 20
7.8722
 30
0.0
 10
40.6092
 20
7.8722
 30
0.0
 10
40.5876
 20
8.1869
 30
0.0
 10
40.5223
 20
8.4908
 30
0.0
 10
40.403
 20
8.7838
 30
0.0
 10
40.403
 20
8.7838
 30
0.0
 10
40.2835
 20
9.0715
 30
0.0
 10
40.1099
 20
9.3102
 30
0.0
 10
39.882
 20
9.4948
 30
0.0
 10
39.882
 20
9.4948
 30
0.0
 10
39.654
 20
9.6792
 30
0.0
 10
39.3556
 20
9.7715
 30
0.0
 10
38.9865
 20
9.7715
 30
0.0
 10
38.9865
 20
9.7715
 30
0.0
 10
38.6392
 20
9.7715
 30
0.0
 10
38.3516
 20
9.6685
 30
0.0
 10
38.1237
 20
9.4568
 30
0.0
 10
38.1237
 20
9.4568
 30
0.0
 10
37.8958
 20
9.2452
 30
0.0
 10
37.7818
 20
8.9684
 30
0.0
 10
37.7818
 20
8.6265
 30
0.0
 10
37.7818
 20
8.6265
 30
0.0
 10
37.7818
 20
8.328
 30
0.0
 10
37.8578
 20
8.0838
 30
0.0
 10
38.0097
 20
7.883
 30
0.0
 10
38.0097
 20
7.883
 30
0.0
 10
38.1617
 20
7.6822
 30
0.0
 10
38.3625
 20
7.5031
 30
0.0
 10
38.6176
 20
7.3403
 30
0.0
 10
38.6176
 20
7.3403
 30
0.0
 10
38.8727
 20
7.1775
 30
0.0
 10
39.1439
 20
7.0038
 30
0.0
 10
39.4425
 20
6.8193
 30
0.0
 10
39.4425
 20
6.8193
 30
0.0
 10
39.7843
 20
6.6077
 30
0.0
 10
40.0883
 20
6.4015
 30
0.0
 10
40.3541
 20
6.1898
 30
0.0
 10
40.3541
 20
6.1898
 30
0.0
 10
40.62
 20
5.9836
 30
0.0
 10
40.8318
 20
5.7556
 30
0.0
 10
40.9837
 20
5.5061
 30
0.0
 10
40.9837
 20
5.5061
 30
0.0
 10
41.1411
 20
5.2564
 30
0.0
 10
41.2171
 20
4.9525
 30
0.0
 10
41.2171
 20
4.5998
 30
0.0
 10
41.2171
 20
4.5998
 30
0.0
 10
41.2171
 20
4.1765
 30
0.0
 10
41.1193
 20
3.8291
 30
0.0
 10
40.9294
 20
3.5525
 30
0.0
 10
40.9294
 20
3.5525
 30
0.0
 10
40.7395
 20
3.2756
 30
0.0
 10
40.4844
 20
3.0694
 30
0.0
 10
40.1697
 20
2.9283
 30
0.0
 10
40.1697
 20
2.9283
 30
0.0
 10
39.8549
 20
2.7926
 30
0.0
 10
39.5021
 20
2.7221
 30
0.0
 10
39.1223
 20
2.7221
 30
0.0
 10
39.1223
 20
2.7221
 30
0.0
 10
38.7749
 20
2.7221
 30
0.0
 10
38.4982
 20
2.7601
 30
0.0
 10
38.292
 20
2.8415
 30
0.0
 10
38.292
 20
2.8415
 30
0.0
 10
38.0857
 20
2.9229
 30
0.0
 10
37.912
 20
3.0043
 30
0.0
 10
37.7709
 20
3.0856
 30
0.0
 10
37.7709
 20
3.0856
 30
0.0
 10
37.6244
 20
3.1779
 30
0.0
 10
37.5159
 20
3.2214
 30
0.0
 10
37.4344
 20
3.2214
 30
0.0
 10
37.4344
 20
3.2214
 30
0.0
 10
37.3694
 20
3.2214
 30
0.0
 10
37.3205
 20
3.1834
 30
0.0
 10
37.2934
 20
3.1128
 30
0.0
 10
37.2934
 20
3.1128
 30
0.0
 10
37.2662
 20
3.0423
 30
0.0
 10
37.2392
 20
2.9337
 30
0.0
 10
37.2174
 20
2.7872
 30
0.0
 10
37.2174
 20
2.7872
 30
0.0
 10
37.2174
 20
2.7872
 30
0.0
 10
36.9895
 20
2.7872
 30
0.0
 10
36.9895
 20
2.7872
 30
0.0
 10
36.9895
 20
2.7872
 30
0.0
 10
37.0004
 20
2.9229
 30
0.0
 10
37.0111
 20
3.0911
 30
0.0
 10
37.0166
 20
3.2756
 30
0.0
 10
37.0166
 20
3.2756
 30
0.0
 10
37.022
 20
3.4602
 30
0.0
 10
37.022
 20
3.7098
 30
0.0
 10
37.0274
 20
4.0137
 30
0.0
 10
37.0274
 20
4.0137
 30
0.0
 10
37.0329
 20
4.3176
 30
0.0
 10
37.0274
 20
4.6974
 30
0.0
 10
37.0274
 20
5.1588
 30
0.0
 10
37.0274
 20
5.1588
 30
0.0
 10
37.0274
 20
5.1588
 30
0.0
 10
37.2555
 20
5.1587
 30
0.0
 10
37.2555
 20
5.1587
 30
0.0
 10
37.2555
 20
5.1587
 30
0.0
 10
37.2826
 20
4.7626
 30
0.0
 10
37.3585
 20
4.3935
 30
0.0
 10
37.4779
 20
4.0516
 30
0.0
 10
37.4779
 20
4.0516
 30
0.0
 10
37.5973
 20
3.7098
 30
0.0
 10
37.7873
 20
3.433
 30
0.0
 10
38.0423
 20
3.2267
 30
0.0
 10
38.0423
 20
3.2267
 30
0.0
 10
38.2974
 20
3.0205
 30
0.0
 10
38.6339
 20
2.9174
 30
0.0
 10
39.0571
 20
2.9174
 30
0.0
 10
39.0571
 20
2.9174
 30
0.0
 10
39.2742
 20
2.9174
 30
0.0
 10
39.4804
 20
2.9608
 30
0.0
 10
39.6758
 20
3.0532
 30
0.0
 10
39.6758
 20
3.0532
 30
0.0
 10
39.8711
 20
3.14
 30
0.0
 10
40.0285
 20
3.2865
 30
0.0
 10
40.1534
 20
3.4764
 30
0.0
 10
40.1534
 20
3.4764
 30
0.0
 10
40.2782
 20
3.6663
 30
0.0
 10
40.3434
 20
3.9214
 30
0.0
 10
40.3434
 20
4.2307
 30
0.0
 10
40.3434
 20
4.2307
 30
0.0
 10
40.3434
 20
4.5021
 30
0.0
 10
40.2782
 20
4.7354
 30
0.0
 10
40.148
 20
4.9363
 30
0.0
 10
40.148
 20
4.9363
 30
0.0
 10
40.0178
 20
5.137
 30
0.0
 10
39.8387
 20
5.327
 30
0.0
 10
39.6107
 20
5.5006
 30
0.0
 10
39.6107
 20
5.5006
 30
0.0
 10
39.3827
 20
5.6742
 30
0.0
 10
39.1114
 20
5.8533
 30
0.0
 10
38.802
 20
6.0379
 30
0.0
 10
38.802
 20
6.0379
 30
0.0
 10
38.4927
 20
6.2279
 30
0.0
 10
38.2052
 20
6.4231
 30
0.0
 10
37.9337
 20
6.6186
 30
0.0
 10
37.9337
 20
6.6186
 30
0.0
 10
37.6623
 20
6.814
 30
0.0
 10
37.4453
 20
7.0473
 30
0.0
 10
37.288
 20
7.3024
 30
0.0
 10
37.288
 20
7.3024
 30
0.0
 10
37.1252
 20
7.5628
 30
0.0
 10
37.0438
 20
7.8775
 30
0.0
 10
37.0438
 20
8.2466
 30
0.0
 10
37.0438
 20
8.2466
 30
0.0
 10
37.0438
 20
8.6373
 30
0.0
 10
37.1306
 20
8.9575
 30
0.0
 10
37.3043
 20
9.2072
 30
0.0
 10
37.3043
 20
9.2072
 30
0.0
 10
37.4779
 20
9.4568
 30
0.0
 10
37.7059
 20
9.6468
 30
0.0
 10
37.9935
 20
9.7715
 30
0.0
 10
37.9935
 20
9.7715
 30
0.0
 10
38.2757
 20
9.891
 30
0.0
 10
38.5796
 20
9.9561
 30
0.0
 10
38.8997
 20
9.9561
 30
0.0
 10
38.8997
 20
9.9561
 30
0.0
 10
38.8997
 20
9.9561
 30
0.0
 10
38.9051
 20
9.9561
 30
0.0
 10
38.9051
 20
9.9561
 30
0.0
  0
SPLINE
  5
9E
330
1F
100
AcDbEntity
  8
layer 1
 62
   242
100
AcDbSpline
210
0.0
220
0.0
230
1.0
 70
    11
 71
     3
 72
    92
 73
    88
 74
     0
 42
0.000000001
 43
0.0000000001
 40
0.0
 40
0.0
 40
0.0
 40
0.0
 40
0.0434782608695652
 40
0.0434782608695652
 40
0.0434782608695652
 40
0.0434782608695652
 40
0.0869565217391304
 40
0.0869565217391304
 40
0.0869565217391304
 40
0.0869565217391304
 40
0.1304347826086956
 40
0.1304347826086956
 40
0.1304347826086956
 40
0.1304347826086956
 40
0.1739130434782609
 40
0.1739130434782609
 40
0.1739130434782609
 40
0.1739130434782609
 40
0.2173913043478261
 40
0.2173913043478261
 40
0.2173913043478261
 40
0.2173913043478261
 40
0.2608695652173913
 40
0.2608695652173913
 40
0.2608695652173913
 40
0.2608695652173913
 40
0.3043478260869565
 40
0.3043478260869565
 40
0.3043478260869565
 40
0.3043478260869565
 40
0.3478260869565217
 40
0.3478260869565217
 40
0.3478260869565217
 40
0.3478260869565217
 40
0.391304347826087
 40
0.391304347826087
 40
0.391304347826087
 40
0.391304347826087
 40
0.4347826086956522
 40
0.4347826086956522
 40
0.4347826086956522
 40
0.4347826086956522
 40
0.4782608695652174
 40
0.4782608695652174
 40
0.4782608695652174
 40
0.4782608695652174
 40
0.5217391304347826
 40
0.5217391304347826
 40
0.5217391304347826
 40
0.5217391304347826
 40
0.5652173913043478
 40
0.5652173913043478
 40
0.5652173913043478
 40
0.5652173913043478
 40
0.6086956521739131
 40
0.6086956521739131
 40
0.6086956521739131
 40
0.6086956521739131
 40
0.6521739130434783
 40
0.6521739130434783
 40
0.6521739130434783
 40
0.6521739130434783
 40
0.6956521739130435
 40
0.6956521739130435
 40
0.6956521739130435
 40
0.6956521739130435
 40
0.7391304347826086
 40
0.7391304347826086
 40
0.7391304347826086
 40
0.7391304347826086
 40
0.782608695652174
 40
0.782608695652174
 40
0.782608695652174
 40
0.782608695652174
 40
0.8260869565217391
 40
0.8260869565217391
 40
0.8260869565217391
 40
0.8260869565217391
 40
0.8695652173913043
 40
0.8695652173913043
 40
0.8695652173913043
 40
0.8695652173913043
 40
0.9130434782608695
 40
0.9130434782608695
 40
0.9130434782608695
 40
0.9130434782608695
 40
1.0
 40
1.0
 40
1.0
 40
1.0
 10
-10.8432
 20
-6.0055
 30
0.0
 10
-10.8432
 20
-6.0055
 30
0.0
 10
-10.8432
 20
-6.2767
 30
0.0
 10
-10.8432
 20
-6.2767
 30
0.0
 10
-10.8432
 20
-6.2767
 30
0.0
 10
-10.8432
 20
-6.2767
 30
0.0
 10
-10.2464
 20
-6.2767
 30
0.0
 10
-10.2464
 20
-6.2767
 30
0.0
 10
-10.2464
 20
-6.2767
 30
0.0
 10
-10.2464
 20
-6.2767
 30
0.0
 10
-10.2464
 20
-6.6241
 30
0.0
 10
-10.2464
 20
-6.6241
 30
0.0
 10
-10.2464
 20
-6.6241
 30
0.0
 10
-10.2464
 20
-6.6241
 30
0.0
 10
-10.8432
 20
-6.6241
 30
0.0
 10
-10.8432
 20
-6.6241
 30
0.0
 10
-10.8432
 20
-6.6241
 30
0.0
 10
-10.8432
 20
-6.6241
 30
0.0
 10
-10.8432
 20
-8.9467
 30
0.0
 10
-10.8432
 20
-8.9467
 30
0.0
 10
-10.8432
 20
-8.9467
 30
0.0
 10
-10.8432
 20
-8.9467
 30
0.0
 10
-11.2557
 20
-8.9467
 30
0.0
 10
-11.2557
 20
-8.9467
 30
0.0
 10
-11.2557
 20
-8.9467
 30
0.0
 10
-11.2557
 20
-8.9467
 30
0.0
 10
-11.2557
 20
-6.6241
 30
0.0
 10
-11.2557
 20
-6.6241
 30
0.0
 10
-11.2557
 20
-6.6241
 30
0.0
 10
-11.2557
 20
-6.6241
 30
0.0
 10
-11.6844
 20
-6.6241
 30
0.0
 10
-11.6844
 20
-6.6241
 30
0.0
 10
-11.6844
 20
-6.6241
 30
0.0
 10
-11.6844
 20
-6.6241
 30
0.0
 10
-11.6844
 20
-6.2767
 30
0.0
 10
-11.6844
 20
-6.2767
 30
0.0
 10
-11.6844
 20
-6.2767
 30
0.0
 10
-11.6844
 20
-6.2767
 30
0.0
 10
-11.2557
 20
-6.2767
 30
0.0
 10
-11.2557
 20
-6.2767
 30
0.0
 10
-11.2557
 20
-6.2767
 30
0.0
 10
-11.2557
 20
-6.2767
 30
0.0
 10
-11.2557
 20
-5.9077
 30
0.0
 10
-11.2557
 20
-5.9077
 30
0.0
 10
-11.2557
 20
-5.9077
 30
0.0
 10
-11.2557
 20
-5.7558
 30
0.0
 10
-11.2177
 20
-5.6309
 30
0.0
 10
-11.1472
 20
-5.5278
 30
0.0
 10
-11.1472
 20
-5.5278
 30
0.0
 10
-11.0712
 20
-5.4248
 30
0.0
 10
-10.9789
 20
-5.3488
 30
0.0
 10
-10.8649
 20
-5.2999
 30
0.0
 10
-10.8649
 20
-5.2999
 30
0.0
 10
-10.7511
 20
-5.2457
 30
0.0
 10
-10.6316
 20
-5.2239
 30
0.0
 10
-10.5014
 20
-5.2239
 30
0.0
 10
-10.5014
 20
-5.2239
 30
0.0
 10
-10.4037
 20
-5.2239
 30
0.0
 10
-10.3223
 20
-5.2293
 30
0.0
 10
-10.2572
 20
-5.2456
 30
0.0
 10
-10.2572
 20
-5.2456
 30
0.0
 10
-10.192
 20
-5.2619
 30
0.0
 10
-10.1432
 20
-5.2781
 30
0.0
 10
-10.116
 20
-5.2944
 30
0.0
 10
-10.116
 20
-5.2944
 30
0.0
 10
-10.116
 20
-5.2944
 30
0.0
 10
-10.23
 20
-5.6472
 30
0.0
 10
-10.23
 20
-5.6472
 30
0.0
 10
-10.23
 20
-5.6472
 30
0.0
 10
-10.23
 20
-5.6472
 30
0.0
 10
-10.2842
 20
-5.6309
 30
0.0
 10
-10.3169
 20
-5.62
 30
0.0
 10
-10.3169
 20
-5.62
 30
0.0
 10
-10.3548
 20
-5.6091
 30
0.0
 10
-10.4037
 20
-5.6037
 30
0.0
 10
-10.4634
 20
-5.6037
 30
0.0
 10
-10.4634
 20
-5.6037
 30
0.0
 10
-10.5992
 20
-5.6037
 30
0.0
 10
-10.6967
 20
-5.6363
 30
0.0
 10
-10.7565
 20
-5.7068
 30
0.0
 10
-10.7565
 20
-5.7068
 30
0.0
 10
-10.8162
 20
-5.7773
 30
0.0
 10
-10.8434
 20
-5.8751
 30
0.0
 10
-10.8434
 20
-6.0053
 30
0.0
 10
-10.8434
 20
-6.0053
 30
0.0
 10
-10.8434
 20
-6.0053
 30
0.0
 10
-10.8432
 20
-6.0055
 30
0.0
 10
-10.8432
 20
-6.0055
 30
0.0
  0
SPLINE
  5
9F
330
1F
100
AcDbEntity
  8
layer 1
 62
   242
100
AcDbSpline
210
0.0
220
0.0
230
1.0
 70
    11
 71
     3
 72
    36
 73
    32
 74
     0
 42
0.000000001
 43
0.0000000001
 40
0.0
 40
0.0
 40
0.0
 40
0.0
 40
0.1111111111111111
 40
0.1111111111111111
 40
0.1111111111111111
 40
0.1111111111111111
 40
0.2222222222222222
 40
0.2222222222222222
 40
0.2222222222222222
 40
0.2222222222222222
 40
0.3333333333333333
 40
0.3333333333333333
 40
0.3333333333333333
 40
0.3333333333333333
 40
0.4444444444444444
 40
0.4444444444444444
 40
0.4444444444444444
 40
0.4444444444444444
 40
0.5555555555555556
 40
0.5555555555555556
 40
0.5555555555555556
 40
0.5555555555555556
 40
0.6666666666666666
 40
0.6666666666666666
 40
0.6666666666666666
 40
0.6666666666666666
 40
0.7777777777777778
 40
0.7777777777777778
 40
0.7777777777777778
 40
0.7777777777777778
 40
1.0
 40
1.0
 40
1.0
 40
1.0
 10
-9.4648
 20
-5.8372
 30
0.0
 10
-9.5462
 20
-5.8372
 30
0.0
 10
-9.6114
 20
-5.81
 30
0.0
 10
-9.6711
 20
-5.7558
 30
0.0
 10
-9.6711
 20
-5.7558
 30
0.0
 10
-9.7308
 20
-5.7015
 30
0.0
 10
-9.758
 20
-5.6364
 30
0.0
 10
-9.758
 20
-5.5604
 30
0.0
 10
-9.758
 20
-5.5604
 30
0.0
 10
-9.758
 20
-5.4845
 30
0.0
 10
-9.7308
 20
-5.4194
 30
0.0
 10
-9.6711
 20
-5.365
 30
0.0
 10
-9.6711
 20
-5.365
 30
0.0
 10
-9.6114
 20
-5.3108
 30
0.0
 10
-9.5463
 20
-5.2836
 30
0.0
 10
-9.4648
 20
-5.2836
 30
0.0
 10
-9.4648
 20
-5.2836
 30
0.0
 10
-9.3834
 20
-5.2836
 30
0.0
 10
-9.3183
 20
-5.3108
 30
0.0
 10
-9.2586
 20
-5.365
 30
0.0
 10
-9.2586
 20
-5.365
 30
0.0
 10
-9.199
 20
-5.4194
 30
0.0
 10
-9.1718
 20
-5.4845
 30
0.0
 10
-9.1718
 20
-5.5604
 30
0.0
 10
-9.1718
 20
-5.5604
 30
0.0
 10
-9.1718
 20
-5.6364
 30
0.0
 10
-9.199
 20
-5.7015
 30
0.0
 10
-9.2586
 20
-5.7558
 30
0.0
 10
-9.2586
 20
-5.7558
 30
0.0
 10
-9.3183
 20
-5.81
 30
0.0
 10
-9.3834
 20
-5.8372
 30
0.0
 10
-9.4648
 20
-5.8372
 30
0.0
  0
SPLINE
  5
A0
330
1F
100
AcDbEntity
  8
layer 1
 62
   242
100
AcDbSpline
210
0.0
220
0.0
230
1.0
 70
    11
 71
     3
 72
    20
 73
    16
 74
     0
 42
0.000000001
 43
0.0000000001
 40
0.0
 40
0.0
 40
0.0
 40
0.0
 40
0.2
 40
0.2
 40
0.2
 40
0.2
 40
0.4
 40
0.4
 40
0.4
 40
0.4
 40
0.6
 40
0.6
 40
0.6
 40
0.6
 40
1.0
 40
1.0
 40
1.0
 40
1.0
 10
-9.6711
 20
-8.9467
 30
0.0
 10
-9.6711
 20
-8.9467
 30
0.0
 10
-9.6711
 20
-6.2822
 30
0.0
 10
-9.6711
 20
-6.2822
 30
0.0
 10
-9.6711
 20
-6.2822
 30
0.0
 10
-9.6711
 20
-6.2822
 30
0.0
 10
-9.2641
 20
-6.2821
 30
0.0
 10
-9.2641
 20
-6.2821
 30
0.0
 10
-9.2641
 20
-6.2821
 30
0.0
 10
-9.2641
 20
-6.2821
 30
0.0
 10
-9.2641
 20
-8.9467
 30
0.0
 10
-9.2641
 20
-8.9467
 30
0.0
 10
-9.2641
 20
-8.9467
 30
0.0
 10
-9.2641
 20
-8.9467
 30
0.0
 10
-9.6711
 20
-8.9467
 30
0.0
 10
-9.6711
 20
-8.9467
 30
0.0
  0
SPLINE
  5
A1
330
1F
100
AcDbEntity
  8
layer 1
 62
   242
100
AcDbSpline
210
0.0
220
0.0
230
1.0
 70
    11
 71
     3
 72
    84
 73
    80
 74
     0
 42
0.000000001
 43
0.0000000001
 40
0.0
 40
0.0
 40
0.0
 40
0.0
 40
0.0476190476190476
 40
0.0476190476190476
 40
0.0476190476190476
 40
0.0476190476190476
 40
0.0952380952380952
 40
0.0952380952380952
 40
0.0952380952380952
 40
0.0952380952380952
 40
0.1428571428571428
 40
0.1428571428571428
 40
0.1428571428571428
 40
0.1428571428571428
 40
0.1904761904761905
 40
0.1904761904761905
 40
0.1904761904761905
 40
0.1904761904761905
 40
0.2380952380952381
 40
0.2380952380952381
 40
0.2380952380952381
 40
0.2380952380952381
 40
0.2857142857142857
 40
0.2857142857142857
 40
0.2857142857142857
 40
0.2857142857142857
 40
0.3333333333333333
 40
0.3333333333333333
 40
0.3333333333333333
 40
0.3333333333333333
 40
0.3809523809523809
 40
0.3809523809523809
 40
0.3809523809523809
 40
0.3809523809523809
 40
0.4285714285714285
 40
0.4285714285714285
 40
0.4285714285714285
 40
0.4285714285714285
 40
0.4761904761904762
 40
0.4761904761904762
 40
0.4761904761904762
 40
0.4761904761904762
 40
0.5238095238095238
 40
0.5238095238095238
 40
0.5238095238095238
 40
0.5238095238095238
 40
0.5714285714285714
 40
0.5714285714285714
 40
0.5714285714285714
 40
0.5714285714285714
 40
0.6190476190476191
 40
0.6190476190476191
 40
0.6190476190476191
 40
0.6190476190476191
 40
0.6666666666666666
 40
0.6666666666666666
 40
0.6666666666666666
 40
0.6666666666666666
 40
0.7142857142857143
 40
0.7142857142857143
 40
0.7142857142857143
 40
0.7142857142857143
 40
0.7619047619047619
 40
0.7619047619047619
 40
0.7619047619047619
 40
0.7619047619047619
 40
0.8095238095238095
 40
0.8095238095238095
 40
0.8095238095238095
 40
0.8095238095238095
 40
0.8571428571428571
 40
0.8571428571428571
 40
0.8571428571428571
 40
0.8571428571428571
 40
0.9047619047619048
 40
0.9047619047619048
 40
0.9047619047619048
 40
0.9047619047619048
 40
1.0
 40
1.0
 40
1.0
 40
1.0
 10
-8.1027
 20
-7.3404
 30
0.0
 10
-8.1027
 20
-7.3404
 30
0.0
 10
-8.1027
 20
-8.9467
 30
0.0
 10
-8.1027
 20
-8.9467
 30
0.0
 10
-8.1027
 20
-8.9467
 30
0.0
 10
-8.1027
 20
-8.9467
 30
0.0
 10
-8.5097
 20
-8.9467
 30
0.0
 10
-8.5097
 20
-8.9467
 30
0.0
 10
-8.5097
 20
-8.9467
 30
0.0
 10
-8.5097
 20
-8.9467
 30
0.0
 10
-8.5097
 20
-6.2822
 30
0.0
 10
-8.5097
 20
-6.2822
 30
0.0
 10
-8.5097
 20
-6.2822
 30
0.0
 10
-8.5097
 20
-6.2822
 30
0.0
 10
-8.1136
 20
-6.2821
 30
0.0
 10
-8.1136
 20
-6.2821
 30
0.0
 10
-8.1136
 20
-6.2821
 30
0.0
 10
-8.1136
 20
-6.2821
 30
0.0
 10
-8.1136
 20
-6.7
 30
0.0
 10
-8.1136
 20
-6.7
 30
0.0
 10
-8.1136
 20
-6.7
 30
0.0
 10
-8.1136
 20
-6.7
 30
0.0
 10
-8.081
 20
-6.7
 30
0.0
 10
-8.081
 20
-6.7
 30
0.0
 10
-8.081
 20
-6.7
 30
0.0
 10
-8.0159
 20
-6.5644
 30
0.0
 10
-7.9236
 20
-6.4558
 30
0.0
 10
-7.7988
 20
-6.3745
 30
0.0
 10
-7.7988
 20
-6.3745
 30
0.0
 10
-7.674
 20
-6.2931
 30
0.0
 10
-7.5057
 20
-6.2497
 30
0.0
 10
-7.305
 20
-6.2497
 30
0.0
 10
-7.305
 20
-6.2497
 30
0.0
 10
-7.1259
 20
-6.2497
 30
0.0
 10
-6.9685
 20
-6.2876
 30
0.0
 10
-6.8329
 20
-6.3582
 30
0.0
 10
-6.8329
 20
-6.3582
 30
0.0
 10
-6.6972
 20
-6.4287
 30
0.0
 10
-6.5941
 20
-6.5427
 30
0.0
 10
-6.518
 20
-6.6892
 30
0.0
 10
-6.518
 20
-6.6892
 30
0.0
 10
-6.4421
 20
-6.8358
 30
0.0
 10
-6.4042
 20
-7.0257
 30
0.0
 10
-6.4042
 20
-7.2536
 30
0.0
 10
-6.4042
 20
-7.2536
 30
0.0
 10
-6.4042
 20
-7.2536
 30
0.0
 10
-6.4042
 20
-8.9469
 30
0.0
 10
-6.4042
 20
-8.9469
 30
0.0
 10
-6.4042
 20
-8.9469
 30
0.0
 10
-6.4042
 20
-8.9469
 30
0.0
 10
-6.8111
 20
-8.9467
 30
0.0
 10
-6.8111
 20
-8.9467
 30
0.0
 10
-6.8111
 20
-8.9467
 30
0.0
 10
-6.8111
 20
-8.9467
 30
0.0
 10
-6.8111
 20
-7.2807
 30
0.0
 10
-6.8111
 20
-7.2807
 30
0.0
 10
-6.8111
 20
-7.2807
 30
0.0
 10
-6.8111
 20
-7.069
 30
0.0
 10
-6.8654
 20
-6.9062
 30
0.0
 10
-6.9739
 20
-6.7923
 30
0.0
 10
-6.9739
 20
-6.7923
 30
0.0
 10
-7.0825
 20
-6.6729
 30
0.0
 10
-7.2345
 20
-6.6186
 30
0.0
 10
-7.4243
 20
-6.6186
 30
0.0
 10
-7.4243
 20
-6.6186
 30
0.0
 10
-7.5546
 20
-6.6186
 30
0.0
 10
-7.674
 20
-6.6458
 30
0.0
 10
-7.7717
 20
-6.7055
 30
0.0
 10
-7.7717
 20
-6.7055
 30
0.0
 10
-7.8748
 20
-6.7597
 30
0.0
 10
-7.9562
 20
-6.8466
 30
0.0
 10
-8.0159
 20
-6.9551
 30
0.0
 10
-8.0159
 20
-6.9551
 30
0.0
 10
-8.0756
 20
-7.0637
 30
0.0
 10
-8.1027
 20
-7.1939
 30
0.0
 10
-8.1027
 20
-7.3513
 30
0.0
 10
-8.1027
 20
-7.3513
 30
0.0
 10
-8.1027
 20
-7.3513
 30
0.0
 10
-8.1027
 20
-7.3404
 30
0.0
 10
-8.1027
 20
-7.3404
 30
0.0
  0
SPLINE
  5
A2
330
1F
100
AcDbEntity
  8
layer 1
 62
   242
100
AcDbSpline
210
0.0
220
0.0
230
1.0
 70
    11
 71
     3
 72
    36
 73
    32
 74
     0
 42
0.000000001
 43
0.0000000001
 40
0.0
 40
0.0
 40
0.0
 40
0.0
 40
0.1111111111111111
 40
0.1111111111111111
 40
0.1111111111111111
 40
0.1111111111111111
 40
0.2222222222222222
 40
0.2222222222222222
 40
0.2222222222222222
 40
0.2222222222222222
 40
0.3333333333333333
 40
0.3333333333333333
 40
0.3333333333333333
 40
0.3333333333333333
 40
0.4444444444444444
 40
0.4444444444444444
 40
0.4444444444444444
 40
0.4444444444444444
 40
0.5555555555555556
 40
0.5555555555555556
 40
0.5555555555555556
 40
0.5555555555555556
 40
0.6666666666666666
 40
0.6666666666666666
 40
0.6666666666666666
 40
0.6666666666666666
 40
0.7777777777777778
 40
0.7777777777777778
 40
0.7777777777777778
 40
0.7777777777777778
 40
1.0
 40
1.0
 40
1.0
 40
1.0
 10
-5.4436
 20
-5.8372
 30
0.0
 10
-5.525
 20
-5.8372
 30
0.0
 10
-5.5901
 20
-5.81
 30
0.0
 10
-5.6498
 20
-5.7558
 30
0.0
 10
-5.6498
 20
-5.7558
 30
0.0
 10
-5.7094
 20
-5.7015
 30
0.0
 10
-5.7366
 20
-5.6364
 30
0.0
 10
-5.7366
 20
-5.5604
 30
0.0
 10
-5.7366
 20
-5.5604
 30
0.0
 10
-5.7366
 20
-5.4845
 30
0.0
 10
-5.7094
 20
-5.4194
 30
0.0
 10
-5.6498
 20
-5.365
 30
0.0
 10
-5.6498
 20
-5.365
 30
0.0
 10
-5.5901
 20
-5.3108
 30
0.0
 10
-5.525
 20
-5.2836
 30
0.0
 10
-5.4436
 20
-5.2836
 30
0.0
 10
-5.4436
 20
-5.2836
 30
0.0
 10
-5.3621
 20
-5.2836
 30
0.0
 10
-5.2969
 20
-5.3108
 30
0.0
 10
-5.2373
 20
-5.365
 30
0.0
 10
-5.2373
 20
-5.365
 30
0.0
 10
-5.1776
 20
-5.4194
 30
0.0
 10
-5.1504
 20
-5.4845
 30
0.0
 10
-5.1504
 20
-5.5604
 30
0.0
 10
-5.1504
 20
-5.5604
 30
0.0
 10
-5.1504
 20
-5.6364
 30
0.0
 10
-5.1776
 20
-5.7015
 30
0.0
 10
-5.2373
 20
-5.7558
 30
0.0
 10
-5.2373
 20
-5.7558
 30
0.0
 10
-5.2969
 20
-5.81
 30
0.0
 10
-5.3621
 20
-5.8372
 30
0.0
 10
-5.4436
 20
-5.8372
 30
0.0
  0
SPLINE
  5
A3
330
1F
100
AcDbEntity
  8
layer 1
 62
   242
100
AcDbSpline
210
0.0
220
0.0
230
1.0
 70
    11
 71
     3
 72
    20
 73
    16
 74
     0
 42
0.000000001
 43
0.0000000001
 40
0.0
 40
0.0
 40
0.0
 40
0.0
 40
0.2
 40
0.2
 40
0.2
 40
0.2
 40
0.4
 40
0.4
 40
0.4
 40
0.4
 40
0.6
 40
0.6
 40
0.6
 40
0.6
 40
1.0
 40
1.0
 40
1.0
 40
1.0
 10
-5.6498
 20
-8.9467
 30
0.0
 10
-5.6498
 20
-8.9467
 30
0.0
 10
-5.6498
 20
-6.2822
 30
0.0
 10
-5.6498
 20
-6.2822
 30
0.0
 10
-5.6498
 20
-6.2822
 30
0.0
 10
-5.6498
 20
-6.2822
 30
0.0
 10
-5.2427
 20
-6.2821
 30
0.0
 10
-5.2427
 20
-6.2821
 30
0.0
 10
-5.2427
 20
-6.2821
 30
0.0
 10
-5.2427
 20
-6.2821
 30
0.0
 10
-5.2427
 20
-8.9467
 30
0.0
 10
-5.2427
 20
-8.9467
 30
0.0
 10
-5.2427
 20
-8.9467
 30
0.0
 10
-5.2427
 20
-8.9467
 30
0.0
 10
-5.6498
 20
-8.9467
 30
0.0
 10
-5.6498
 20
-8.9467
 30
0.0
  0
SPLINE
  5
A4
330
1F
100
AcDbEntity
  8
layer 1
 62
   242
100
AcDbSpline
210
0.0
220
0.0
230
1.0
 70
    11
 71
     3
 72
   132
 73
   128
 74
     0
 42
0.000000001
 43
0.0000000001
 40
0.0
 40
0.0
 40
0.0
 40
0.0
 40
0.0303030303030303
 40
0.0303030303030303
 40
0.0303030303030303
 40
0.0303030303030303
 40
0.0606060606060606
 40
0.0606060606060606
 40
0.0606060606060606
 40
0.0606060606060606
 40
0.0909090909090909
 40
0.0909090909090909
 40
0.0909090909090909
 40
0.0909090909090909
 40
0.1212121212121212
 40
0.1212121212121212
 40
0.1212121212121212
 40
0.1212121212121212
 40
0.1515151515151515
 40
0.1515151515151515
 40
0.1515151515151515
 40
0.1515151515151515
 40
0.1818181818181818
 40
0.1818181818181818
 40
0.1818181818181818
 40
0.1818181818181818
 40
0.2121212121212121
 40
0.2121212121212121
 40
0.2121212121212121
 40
0.2121212121212121
 40
0.2424242424242424
 40
0.2424242424242424
 40
0.2424242424242424
 40
0.2424242424242424
 40
0.2727272727272727
 40
0.2727272727272727
 40
0.2727272727272727
 40
0.2727272727272727
 40
0.303030303030303
 40
0.303030303030303
 40
0.303030303030303
 40
0.303030303030303
 40
0.3333333333333333
 40
0.3333333333333333
 40
0.3333333333333333
 40
0.3333333333333333
 40
0.3636363636363636
 40
0.3636363636363636
 40
0.3636363636363636
 40
0.3636363636363636
 40
0.3939393939393939
 40
0.3939393939393939
 40
0.3939393939393939
 40
0.3939393939393939
 40
0.4242424242424243
 40
0.4242424242424243
 40
0.4242424242424243
 40
0.4242424242424243
 40
0.4545454545454545
 40
0.4545454545454545
 40
0.4545454545454545
 40
0.4545454545454545
 40
0.4848484848484849
 40
0.4848484848484849
 40
0.4848484848484849
 40
0.4848484848484849
 40
0.5151515151515151
 40
0.5151515151515151
 40
0.5151515151515151
 40
0.5151515151515151
 40
0.5454545454545454
 40
0.5454545454545454
 40
0.5454545454545454
 40
0.5454545454545454
 40
0.5757575757575758
 40
0.5757575757575758
 40
0.5757575757575758
 40
0.5757575757575758
 40
0.6060606060606061
 40
0.6060606060606061
 40
0.6060606060606061
 40
0.6060606060606061
 40
0.6363636363636364
 40
0.6363636363636364
 40
0.6363636363636364
 40
0.6363636363636364
 40
0.6666666666666666
 40
0.6666666666666666
 40
0.6666666666666666
 40
0.6666666666666666
 40
0.696969696969697
 40
0.696969696969697
 40
0.696969696969697
 40
0.696969696969697
 40
0.7272727272727273
 40
0.7272727272727273
 40
0.7272727272727273
 40
0.7272727272727273
 40
0.7575757575757576
 40
0.7575757575757576
 40
0.7575757575757576
 40
0.7575757575757576
 40
0.7878787878787878
 40
0.7878787878787878
 40
0.7878787878787878
 40
0.7878787878787878
 40
0.8181818181818182
 40
0.8181818181818182
 40
0.8181818181818182
 40
0.8181818181818182
 40
0.8484848484848485
 40
0.8484848484848485
 40
0.8484848484848485
 40
0.8484848484848485
 40
0.8787878787878788
 40
0.8787878787878788
 40
0.8787878787878788
 40
0.8787878787878788
 40
0.9090909090909091
 40
0.9090909090909091
 40
0.9090909090909091
 40
0.9090909090909091
 40
0.9393939393939394
 40
0.9393939393939394
 40
0.9393939393939394
 40
0.9393939393939394
 40
1.0
 40
1.0
 40
1.0
 40
1.0
 10
-2.5998
 20
-6.8737
 30
0.0
 10
-2.5998
 20
-6.8737
 30
0.0
 10
-2.9689
 20
-6.9768
 30
0.0
 10
-2.9689
 20
-6.9768
 30
0.0
 10
-2.9689
 20
-6.9768
 30
0.0
 10
-2.9906
 20
-6.9171
 30
0.0
 10
-3.0286
 20
-6.8574
 30
0.0
 10
-3.072
 20
-6.7977
 30
0.0
 10
-3.072
 20
-6.7977
 30
0.0
 10
-3.1154
 20
-6.7379
 30
0.0
 10
-3.1751
 20
-6.6891
 30
0.0
 10
-3.251
 20
-6.6512
 30
0.0
 10
-3.251
 20
-6.6512
 30
0.0
 10
-3.3271
 20
-6.6131
 30
0.0
 10
-3.4247
 20
-6.5914
 30
0.0
 10
-3.5441
 20
-6.5914
 30
0.0
 10
-3.5441
 20
-6.5914
 30
0.0
 10
-3.7069
 20
-6.5914
 30
0.0
 10
-3.8426
 20
-6.6295
 30
0.0
 10
-3.9512
 20
-6.7054
 30
0.0
 10
-3.9512
 20
-6.7054
 30
0.0
 10
-4.0598
 20
-6.7814
 30
0.0
 10
-4.114
 20
-6.8736
 30
0.0
 10
-4.114
 20
-6.9875
 30
0.0
 10
-4.114
 20
-6.9875
 30
0.0
 10
-4.114
 20
-7.0907
 30
0.0
 10
-4.0759
 20
-7.1721
 30
0.0
 10
-4.0054
 20
-7.2317
 30
0.0
 10
-4.0054
 20
-7.2317
 30
0.0
 10
-3.9294
 20
-7.2915
 30
0.0
 10
-3.8155
 20
-7.3403
 30
0.0
 10
-3.658
 20
-7.3784
 30
0.0
 10
-3.658
 20
-7.3784
 30
0.0
 10
-3.658
 20
-7.3784
 30
0.0
 10
-3.2619
 20
-7.476
 30
0.0
 10
-3.2619
 20
-7.476
 30
0.0
 10
-3.2619
 20
-7.476
 30
0.0
 10
-3.0231
 20
-7.5357
 30
0.0
 10
-2.844
 20
-7.6226
 30
0.0
 10
-2.7301
 20
-7.7419
 30
0.0
 10
-2.7301
 20
-7.7419
 30
0.0
 10
-2.6107
 20
-7.8613
 30
0.0
 10
-2.5565
 20
-8.0133
 30
0.0
 10
-2.5565
 20
-8.1978
 30
0.0
 10
-2.5565
 20
-8.1978
 30
0.0
 10
-2.5565
 20
-8.3497
 30
0.0
 10
-2.5998
 20
-8.4854
 30
0.0
 10
-2.6867
 20
-8.6048
 30
0.0
 10
-2.6867
 20
-8.6048
 30
0.0
 10
-2.7735
 20
-8.7242
 30
0.0
 10
-2.8984
 20
-8.8219
 30
0.0
 10
-3.0503
 20
-8.887
 30
0.0
 10
-3.0503
 20
-8.887
 30
0.0
 10
-3.2022
 20
-8.952
 30
0.0
 10
-3.3868
 20
-8.9901
 30
0.0
 10
-3.593
 20
-8.9901
 30
0.0
 10
-3.593
 20
-8.9901
 30
0.0
 10
-3.8643
 20
-8.9901
 30
0.0
 10
-4.0922
 20
-8.9304
 30
0.0
 10
-4.2659
 20
-8.811
 30
0.0
 10
-4.2659
 20
-8.811
 30
0.0
 10
-4.445
 20
-8.6915
 30
0.0
 10
-4.5589
 20
-8.518
 30
0.0
 10
-4.6024
 20
-8.2954
 30
0.0
 10
-4.6024
 20
-8.2954
 30
0.0
 10
-4.6024
 20
-8.2954
 30
0.0
 10
-4.2117
 20
-8.1978
 30
0.0
 10
-4.2117
 20
-8.1978
 30
0.0
 10
-4.2117
 20
-8.1978
 30
0.0
 10
-4.1736
 20
-8.3388
 30
0.0
 10
-4.1031
 20
-8.4473
 30
0.0
 10
-4.0
 20
-8.518
 30
0.0
 10
-4.0
 20
-8.518
 30
0.0
 10
-3.897
 20
-8.5885
 30
0.0
 10
-3.7612
 20
-8.6264
 30
0.0
 10
-3.593
 20
-8.6264
 30
0.0
 10
-3.593
 20
-8.6264
 30
0.0
 10
-3.4031
 20
-8.6264
 30
0.0
 10
-3.251
 20
-8.5885
 30
0.0
 10
-3.1372
 20
-8.5071
 30
0.0
 10
-3.1372
 20
-8.5071
 30
0.0
 10
-3.0232
 20
-8.4257
 30
0.0
 10
-2.9689
 20
-8.328
 30
0.0
 10
-2.9689
 20
-8.214
 30
0.0
 10
-2.9689
 20
-8.214
 30
0.0
 10
-2.9689
 20
-8.1217
 30
0.0
 10
-3.0015
 20
-8.0457
 30
0.0
 10
-3.0666
 20
-7.9807
 30
0.0
 10
-3.0666
 20
-7.9807
 30
0.0
 10
-3.1317
 20
-7.9156
 30
0.0
 10
-3.2294
 20
-7.8722
 30
0.0
 10
-3.3651
 20
-7.8396
 30
0.0
 10
-3.3651
 20
-7.8396
 30
0.0
 10
-3.3651
 20
-7.8396
 30
0.0
 10
-3.8101
 20
-7.7365
 30
0.0
 10
-3.8101
 20
-7.7365
 30
0.0
 10
-3.8101
 20
-7.7365
 30
0.0
 10
-4.0543
 20
-7.6768
 30
0.0
 10
-4.2333
 20
-7.59
 30
0.0
 10
-4.3474
 20
-7.4652
 30
0.0
 10
-4.3474
 20
-7.4652
 30
0.0
 10
-4.4614
 20
-7.3404
 30
0.0
 10
-4.5156
 20
-7.1884
 30
0.0
 10
-4.5156
 20
-7.0039
 30
0.0
 10
-4.5156
 20
-7.0039
 30
0.0
 10
-4.5156
 20
-6.8519
 30
0.0
 10
-4.4723
 20
-6.7217
 30
0.0
 10
-4.3854
 20
-6.6023
 30
0.0
 10
-4.3854
 20
-6.6023
 30
0.0
 10
-4.2985
 20
-6.4884
 30
0.0
 10
-4.1846
 20
-6.3961
 30
0.0
 10
-4.038
 20
-6.3309
 30
0.0
 10
-4.038
 20
-6.3309
 30
0.0
 10
-3.8915
 20
-6.2658
 30
0.0
 10
-3.7233
 20
-6.2333
 30
0.0
 10
-3.5333
 20
-6.2333
 30
0.0
 10
-3.5333
 20
-6.2333
 30
0.0
 10
-3.2674
 20
-6.2333
 30
0.0
 10
-3.0612
 20
-6.293
 30
0.0
 10
-2.9093
 20
-6.4068
 30
0.0
 10
-2.9093
 20
-6.4068
 30
0.0
 10
-2.7574
 20
-6.5208
 30
0.0
 10
-2.6488
 20
-6.6728
 30
0.0
 10
-2.5891
 20
-6.8627
 30
0.0
 10
-2.5891
 20
-6.8627
 30
0.0
 10
-2.5891
 20
-6.8627
 30
0.0
 10
-2.5998
 20
-6.8737
 30
0.0
 10
-2.5998
 20
-6.8737
 30
0.0
  0
SPLINE
  5
A5
330
1F
100
AcDbEntity
  8
layer 1
 62
   242
100
AcDbSpline
210
0.0
220
0.0
230
1.0
 70
    11
 71
     3
 72
    84
 73
    80
 74
     0
 42
0.000000001
 43
0.0000000001
 40
0.0
 40
0.0
 40
0.0
 40
0.0
 40
0.0476190476190476
 40
0.0476190476190476
 40
0.0476190476190476
 40
0.0476190476190476
 40
0.0952380952380952
 40
0.0952380952380952
 40
0.0952380952380952
 40
0.0952380952380952
 40
0.1428571428571428
 40
0.1428571428571428
 40
0.1428571428571428
 40
0.1428571428571428
 40
0.1904761904761905
 40
0.1904761904761905
 40
0.1904761904761905
 40
0.1904761904761905
 40
0.2380952380952381
 40
0.2380952380952381
 40
0.2380952380952381
 40
0.2380952380952381
 40
0.2857142857142857
 40
0.2857142857142857
 40
0.2857142857142857
 40
0.2857142857142857
 40
0.3333333333333333
 40
0.3333333333333333
 40
0.3333333333333333
 40
0.3333333333333333
 40
0.3809523809523809
 40
0.3809523809523809
 40
0.3809523809523809
 40
0.3809523809523809
 40
0.4285714285714285
 40
0.4285714285714285
 40
0.4285714285714285
 40
0.4285714285714285
 40
0.4761904761904762
 40
0.4761904761904762
 40
0.4761904761904762
 40
0.4761904761904762
 40
0.5238095238095238
 40
0.5238095238095238
 40
0.5238095238095238
 40
0.5238095238095238
 40
0.5714285714285714
 40
0.5714285714285714
 40
0.5714285714285714
 40
0.5714285714285714
 40
0.6190476190476191
 40
0.6190476190476191
 40
0.6190476190476191
 40
0.6190476190476191
 40
0.6666666666666666
 40
0.6666666666666666
 40
0.6666666666666666
 40
0.6666666666666666
 40
0.7142857142857143
 40
0.7142857142857143
 40
0.7142857142857143
 40
0.7142857142857143
 40
0.7619047619047619
 40
0.7619047619047619
 40
0.7619047619047619
 40
0.7619047619047619
 40
0.8095238095238095
 40
0.8095238095238095
 40
0.8095238095238095
 40
0.8095238095238095
 40
0.8571428571428571
 40
0.8571428571428571
 40
0.8571428571428571
 40
0.8571428571428571
 40
0.9047619047619048
 40
0.9047619047619048
 40
0.9047619047619048
 40
0.9047619047619048
 40
1.0
 40
1.0
 40
1.0
 40
1.0
 10
-1.5254
 20
-7.3404
 30
0.0
 10
-1.5254
 20
-7.3404
 30
0.0
 10
-1.5254
 20
-8.9467
 30
0.0
 10
-1.5254
 20
-8.9467
 30
0.0
 10
-1.5254
 20
-8.9467
 30
0.0
 10
-1.5254
 20
-8.9467
 30
0.0
 10
-1.9324
 20
-8.9467
 30
0.0
 10
-1.9324
 20
-8.9467
 30
0.0
 10
-1.9324
 20
-8.9467
 30
0.0
 10
-1.9324
 20
-8.9467
 30
0.0
 10
-1.9324
 20
-5.3922
 30
0.0
 10
-1.9324
 20
-5.3922
 30
0.0
 10
-1.9324
 20
-5.3922
 30
0.0
 10
-1.9324
 20
-5.3922
 30
0.0
 10
-1.5254
 20
-5.3922
 30
0.0
 10
-1.5254
 20
-5.3922
 30
0.0
 10
-1.5254
 20
-5.3922
 30
0.0
 10
-1.5254
 20
-5.3922
 30
0.0
 10
-1.5254
 20
-6.7
 30
0.0
 10
-1.5254
 20
-6.7
 30
0.0
 10
-1.5254
 20
-6.7
 30
0.0
 10
-1.5254
 20
-6.7
 30
0.0
 10
-1.4928
 20
-6.7
 30
0.0
 10
-1.4928
 20
-6.7
 30
0.0
 10
-1.4928
 20
-6.7
 30
0.0
 10
-1.4277
 20
-6.5644
 30
0.0
 10
-1.3354
 20
-6.4504
 30
0.0
 10
-1.2107
 20
-6.369
 30
0.0
 10
-1.2107
 20
-6.369
 30
0.0
 10
-1.0858
 20
-6.2876
 30
0.0
 10
-0.9176
 20
-6.2442
 30
0.0
 10
-0.706
 20
-6.2442
 30
0.0
 10
-0.706
 20
-6.2442
 30
0.0
 10
-0.5268
 20
-6.2442
 30
0.0
 10
-0.364
 20
-6.2822
 30
0.0
 10
-0.2284
 20
-6.3527
 30
0.0
 10
-0.2284
 20
-6.3527
 30
0.0
 10
-0.0926
 20
-6.4233
 30
0.0
 10
0.0158
 20
-6.5372
 30
0.0
 10
0.0918
 20
-6.6838
 30
0.0
 10
0.0918
 20
-6.6838
 30
0.0
 10
0.1679
 20
-6.8303
 30
0.0
 10
0.2058
 20
-7.0203
 30
0.0
 10
0.2058
 20
-7.2481
 30
0.0
 10
0.2058
 20
-7.2481
 30
0.0
 10
0.2058
 20
-7.2481
 30
0.0
 10
0.2058
 20
-8.9414
 30
0.0
 10
0.2058
 20
-8.9414
 30
0.0
 10
0.2058
 20
-8.9414
 30
0.0
 10
0.2058
 20
-8.9414
 30
0.0
 10
-0.2012
 20
-8.9414
 30
0.0
 10
-0.2012
 20
-8.9414
 30
0.0
 10
-0.2012
 20
-8.9414
 30
0.0
 10
-0.2012
 20
-8.9414
 30
0.0
 10
-0.2012
 20
-7.2753
 30
0.0
 10
-0.2012
 20
-7.2753
 30
0.0
 10
-0.2012
 20
-7.2753
 30
0.0
 10
-0.2012
 20
-7.0637
 30
0.0
 10
-0.2554
 20
-6.9009
 30
0.0
 10
-0.364
 20
-6.7814
 30
0.0
 10
-0.364
 20
-6.7814
 30
0.0
 10
-0.4726
 20
-6.6675
 30
0.0
 10
-0.6245
 20
-6.6078
 30
0.0
 10
-0.8198
 20
-6.6078
 30
0.0
 10
-0.8198
 20
-6.6078
 30
0.0
 10
-0.9556
 20
-6.6078
 30
0.0
 10
-1.0748
 20
-6.635
 30
0.0
 10
-1.178
 20
-6.6946
 30
0.0
 10
-1.178
 20
-6.6946
 30
0.0
 10
-1.2812
 20
-6.7543
 30
0.0
 10
-1.368
 20
-6.8357
 30
0.0
 10
-1.4277
 20
-6.9443
 30
0.0
 10
-1.4277
 20
-6.9443
 30
0.0
 10
-1.4873
 20
-7.0529
 30
0.0
 10
-1.5199
 20
-7.1831
 30
0.0
 10
-1.5199
 20
-7.3404
 30
0.0
 10
-1.5199
 20
-7.3404
 30
0.0
 10
-1.5199
 20
-7.3404
 30
0.0
 10
-1.5254
 20
-7.3404
 30
0.0
 10
-1.5254
 20
-7.3404
 30
0.0
  0
SPLINE
  5
A6
330
1F
100
AcDbEntity
  8
layer 1
 62
   242
100
AcDbSpline
210
0.0
220
0.0
230
1.0
 70
    11
 71
     3
 72
    36
 73
    32
 74
     0
 42
0.000000001
 43
0.0000000001
 40
0.0
 40
0.0
 40
0.0
 40
0.0
 40
0.1111111111111111
 40
0.1111111111111111
 40
0.1111111111111111
 40
0.1111111111111111
 40
0.2222222222222222
 40
0.2222222222222222
 40
0.2222222222222222
 40
0.2222222222222222
 40
0.3333333333333333
 40
0.3333333333333333
 40
0.3333333333333333
 40
0.3333333333333333
 40
0.4444444444444444
 40
0.4444444444444444
 40
0.4444444444444444
 40
0.4444444444444444
 40
0.5555555555555556
 40
0.5555555555555556
 40
0.5555555555555556
 40
0.5555555555555556
 40
0.6666666666666666
 40
0.6666666666666666
 40
0.6666666666666666
 40
0.6666666666666666
 40
0.7777777777777778
 40
0.7777777777777778
 40
0.7777777777777778
 40
0.7777777777777778
 40
1.0
 40
1.0
 40
1.0
 40
1.0
 10
1.1609
 20
-5.8372
 30
0.0
 10
1.0795
 20
-5.8372
 30
0.0
 10
1.0144
 20
-5.81
 30
0.0
 10
0.9547
 20
-5.7558
 30
0.0
 10
0.9547
 20
-5.7558
 30
0.0
 10
0.8951
 20
-5.7015
 30
0.0
 10
0.8679
 20
-5.6364
 30
0.0
 10
0.8679
 20
-5.5604
 30
0.0
 10
0.8679
 20
-5.5604
 30
0.0
 10
0.8679
 20
-5.4845
 30
0.0
 10
0.8951
 20
-5.4194
 30
0.0
 10
0.9547
 20
-5.365
 30
0.0
 10
0.9547
 20
-5.365
 30
0.0
 10
1.0144
 20
-5.3108
 30
0.0
 10
1.0795
 20
-5.2836
 30
0.0
 10
1.1609
 20
-5.2836
 30
0.0
 10
1.1609
 20
-5.2836
 30
0.0
 10
1.2424
 20
-5.2836
 30
0.0
 10
1.3076
 20
-5.3108
 30
0.0
 10
1.3672
 20
-5.365
 30
0.0
 10
1.3672
 20
-5.365
 30
0.0
 10
1.4269
 20
-5.4194
 30
0.0
 10
1.4541
 20
-5.4845
 30
0.0
 10
1.4541
 20
-5.5604
 30
0.0
 10
1.4541
 20
-5.5604
 30
0.0
 10
1.4541
 20
-5.6364
 30
0.0
 10
1.4269
 20
-5.7015
 30
0.0
 10
1.3672
 20
-5.7558
 30
0.0
 10
1.3672
 20
-5.7558
 30
0.0
 10
1.3076
 20
-5.81
 30
0.0
 10
1.2424
 20
-5.8372
 30
0.0
 10
1.1609
 20
-5.8372
 30
0.0
  0
SPLINE
  5
A7
330
1F
100
AcDbEntity
  8
layer 1
 62
   242
100
AcDbSpline
210
0.0
220
0.0
230
1.0
 70
    11
 71
     3
 72
    20
 73
    16
 74
     0
 42
0.000000001
 43
0.0000000001
 40
0.0
 40
0.0
 40
0.0
 40
0.0
 40
0.2
 40
0.2
 40
0.2
 40
0.2
 40
0.4
 40
0.4
 40
0.4
 40
0.4
 40
0.6
 40
0.6
 40
0.6
 40
0.6
 40
1.0
 40
1.0
 40
1.0
 40
1.0
 10
0.9547
 20
-8.9467
 30
0.0
 10
0.9547
 20
-8.9467
 30
0.0
 10
0.9547
 20
-6.2822
 30
0.0
 10
0.9547
 20
-6.2822
 30
0.0
 10
0.9547
 20
-6.2822
 30
0.0
 10
0.9547
 20
-6.2822
 30
0.0
 10
1.3618
 20
-6.2821
 30
0.0
 10
1.3618
 20
-6.2821
 30
0.0
 10
1.3618
 20
-6.2821
 30
0.0
 10
1.3618
 20
-6.2821
 30
0.0
 10
1.3618
 20
-8.9467
 30
0.0
 10
1.3618
 20
-8.9467
 30
0.0
 10
1.3618
 20
-8.9467
 30
0.0
 10
1.3618
 20
-8.9467
 30
0.0
 10
0.9547
 20
-8.9467
 30
0.0
 10
0.9547
 20
-8.9467
 30
0.0
  0
SPLINE
  5
A8
330
1F
100
AcDbEntity
  8
layer 1
 62
   242
100
AcDbSpline
210
0.0
220
0.0
230
1.0
 70
    11
 71
     3
 72
    84
 73
    80
 74
     0
 42
0.000000001
 43
0.0000000001
 40
0.0
 40
0.0
 40
0.0
 40
0.0
 40
0.0476190476190476
 40
0.0476190476190476
 40
0.0476190476190476
 40
0.0476190476190476
 40
0.0952380952380952
 40
0.0952380952380952
 40
0.0952380952380952
 40
0.0952380952380952
 40
0.1428571428571428
 40
0.1428571428571428
 40
0.1428571428571428
 40
0.1428571428571428
 40
0.1904761904761905
 40
0.1904761904761905
 40
0.1904761904761905
 40
0.1904761904761905
 40
0.2380952380952381
 40
0.2380952380952381
 40
0.2380952380952381
 40
0.2380952380952381
 40
0.2857142857142857
 40
0.2857142857142857
 40
0.2857142857142857
 40
0.2857142857142857
 40
0.3333333333333333
 40
0.3333333333333333
 40
0.3333333333333333
 40
0.3333333333333333
 40
0.3809523809523809
 40
0.3809523809523809
 40
0.3809523809523809
 40
0.3809523809523809
 40
0.4285714285714285
 40
0.4285714285714285
 40
0.4285714285714285
 40
0.4285714285714285
 40
0.4761904761904762
 40
0.4761904761904762
 40
0.4761904761904762
 40
0.4761904761904762
 40
0.5238095238095238
 40
0.5238095238095238
 40
0.5238095238095238
 40
0.5238095238095238
 40
0.5714285714285714
 40
0.5714285714285714
 40
0.5714285714285714
 40
0.5714285714285714
 40
0.6190476190476191
 40
0.6190476190476191
 40
0.6190476190476191
 40
0.6190476190476191
 40
0.6666666666666666
 40
0.6666666666666666
 40
0.6666666666666666
 40
0.6666666666666666
 40
0.7142857142857143
 40
0.7142857142857143
 40
0.7142857142857143
 40
0.7142857142857143
 40
0.7619047619047619
 40
0.7619047619047619
 40
0.7619047619047619
 40
0.7619047619047619
 40
0.8095238095238095
 40
0.8095238095238095
 40
0.8095238095238095
 40
0.8095238095238095
 40
0.8571428571428571
 40
0.8571428571428571
 40
0.8571428571428571
 40
0.8571428571428571
 40
0.9047619047619048
 40
0.9047619047619048
 40
0.9047619047619048
 40
0.9047619047619048
 40
1.0
 40
1.0
 40
1.0
 40
1.0
 10
2.5231
 20
-7.3404
 30
0.0
 10
2.5231
 20
-7.3404
 30
0.0
 10
2.5231
 20
-8.9467
 30
0.0
 10
2.5231
 20
-8.9467
 30
0.0
 10
2.5231
 20
-8.9467
 30
0.0
 10
2.5231
 20
-8.9467
 30
0.0
 10
2.1161
 20
-8.9467
 30
0.0
 10
2.1161
 20
-8.9467
 30
0.0
 10
2.1161
 20
-8.9467
 30
0.0
 10
2.1161
 20
-8.9467
 30
0.0
 10
2.1161
 20
-6.2822
 30
0.0
 10
2.1161
 20
-6.2822
 30
0.0
 10
2.1161
 20
-6.2822
 30
0.0
 10
2.1161
 20
-6.2822
 30
0.0
 10
2.5122
 20
-6.2821
 30
0.0
 10
2.5122
 20
-6.2821
 30
0.0
 10
2.5122
 20
-6.2821
 30
0.0
 10
2.5122
 20
-6.2821
 30
0.0
 10
2.5122
 20
-6.7
 30
0.0
 10
2.5122
 20
-6.7
 30
0.0
 10
2.5122
 20
-6.7
 30
0.0
 10
2.5122
 20
-6.7
 30
0.0
 10
2.5447
 20
-6.7
 30
0.0
 10
2.5447
 20
-6.7
 30
0.0
 10
2.5447
 20
-6.7
 30
0.0
 10
2.6099
 20
-6.5644
 30
0.0
 10
2.7021
 20
-6.4558
 30
0.0
 10
2.827
 20
-6.3745
 30
0.0
 10
2.827
 20
-6.3745
 30
0.0
 10
2.9517
 20
-6.2931
 30
0.0
 10
3.12
 20
-6.2497
 30
0.0
 10
3.3208
 20
-6.2497
 30
0.0
 10
3.3208
 20
-6.2497
 30
0.0
 10
3.4999
 20
-6.2497
 30
0.0
 10
3.6573
 20
-6.2876
 30
0.0
 10
3.7929
 20
-6.3582
 30
0.0
 10
3.7929
 20
-6.3582
 30
0.0
 10
3.9286
 20
-6.4342
 30
0.0
 10
4.0317
 20
-6.5427
 30
0.0
 10
4.1076
 20
-6.6892
 30
0.0
 10
4.1076
 20
-6.6892
 30
0.0
 10
4.1836
 20
-6.8358
 30
0.0
 10
4.2216
 20
-7.0257
 30
0.0
 10
4.2216
 20
-7.2536
 30
0.0
 10
4.2216
 20
-7.2536
 30
0.0
 10
4.2216
 20
-7.2536
 30
0.0
 10
4.2216
 20
-8.9469
 30
0.0
 10
4.2216
 20
-8.9469
 30
0.0
 10
4.2216
 20
-8.9469
 30
0.0
 10
4.2216
 20
-8.9469
 30
0.0
 10
3.8147
 20
-8.9467
 30
0.0
 10
3.8147
 20
-8.9467
 30
0.0
 10
3.8147
 20
-8.9467
 30
0.0
 10
3.8147
 20
-8.9467
 30
0.0
 10
3.8147
 20
-7.2807
 30
0.0
 10
3.8147
 20
-7.2807
 30
0.0
 10
3.8147
 20
-7.2807
 30
0.0
 10
3.8147
 20
-7.069
 30
0.0
 10
3.7605
 20
-6.9062
 30
0.0
 10
3.6519
 20
-6.7923
 30
0.0
 10
3.6519
 20
-6.7923
 30
0.0
 10
3.5433
 20
-6.6729
 30
0.0
 10
3.3914
 20
-6.6186
 30
0.0
 10
3.2014
 20
-6.6186
 30
0.0
 10
3.2014
 20
-6.6186
 30
0.0
 10
3.0712
 20
-6.6186
 30
0.0
 10
2.9518
 20
-6.6458
 30
0.0
 10
2.8542
 20
-6.7055
 30
0.0
 10
2.8542
 20
-6.7055
 30
0.0
 10
2.751
 20
-6.7597
 30
0.0
 10
2.6696
 20
-6.8466
 30
0.0
 10
2.61
 20
-6.9551
 30
0.0
 10
2.61
 20
-6.9551
 30
0.0
 10
2.5502
 20
-7.0637
 30
0.0
 10
2.5231
 20
-7.1939
 30
0.0
 10
2.5231
 20
-7.3513
 30
0.0
 10
2.5231
 20
-7.3513
 30
0.0
 10
2.5231
 20
-7.3513
 30
0.0
 10
2.5231
 20
-7.3404
 30
0.0
 10
2.5231
 20
-7.3404
 30
0.0
  0
SPLINE
  5
A9
330
1F
100
AcDbEntity
  8
layer 1
 62
   242
100
AcDbSpline
210
0.0
220
0.0
230
1.0
 70
    11
 71
     3
 72
   128
 73
   124
 74
     0
 42
0.000000001
 43
0.0000000001
 40
0.0
 40
0.0
 40
0.0
 40
0.0
 40
0.03125
 40
0.03125
 40
0.03125
 40
0.03125
 40
0.0625
 40
0.0625
 40
0.0625
 40
0.0625
 40
0.09375
 40
0.09375
 40
0.09375
 40
0.09375
 40
0.125
 40
0.125
 40
0.125
 40
0.125
 40
0.15625
 40
0.15625
 40
0.15625
 40
0.15625
 40
0.1875
 40
0.1875
 40
0.1875
 40
0.1875
 40
0.21875
 40
0.21875
 40
0.21875
 40
0.21875
 40
0.25
 40
0.25
 40
0.25
 40
0.25
 40
0.28125
 40
0.28125
 40
0.28125
 40
0.28125
 40
0.3125
 40
0.3125
 40
0.3125
 40
0.3125
 40
0.34375
 40
0.34375
 40
0.34375
 40
0.34375
 40
0.375
 40
0.375
 40
0.375
 40
0.375
 40
0.40625
 40
0.40625
 40
0.40625
 40
0.40625
 40
0.4375
 40
0.4375
 40
0.4375
 40
0.4375
 40
0.46875
 40
0.46875
 40
0.46875
 40
0.46875
 40
0.5
 40
0.5
 40
0.5
 40
0.5
 40
0.53125
 40
0.53125
 40
0.53125
 40
0.53125
 40
0.5625
 40
0.5625
 40
0.5625
 40
0.5625
 40
0.59375
 40
0.59375
 40
0.59375
 40
0.59375
 40
0.625
 40
0.625
 40
0.625
 40
0.625
 40
0.65625
 40
0.65625
 40
0.65625
 40
0.65625
 40
0.6875
 40
0.6875
 40
0.6875
 40
0.6875
 40
0.71875
 40
0.71875
 40
0.71875
 40
0.71875
 40
0.75
 40
0.75
 40
0.75
 40
0.75
 40
0.78125
 40
0.78125
 40
0.78125
 40
0.78125
 40
0.8125
 40
0.8125
 40
0.8125
 40
0.8125
 40
0.84375
 40
0.84375
 40
0.84375
 40
0.84375
 40
0.875
 40
0.875
 40
0.875
 40
0.875
 40
0.90625
 40
0.90625
 40
0.90625
 40
0.90625
 40
0.9375
 40
0.9375
 40
0.9375
 40
0.9375
 40
1.0
 40
1.0
 40
1.0
 40
1.0
 10
6.0505
 20
-9.9996
 30
0.0
 10
5.8552
 20
-9.9996
 30
0.0
 10
5.6815
 20
-9.9725
 30
0.0
 10
5.5405
 20
-9.9235
 30
0.0
 10
5.5405
 20
-9.9235
 30
0.0
 10
5.3993
 20
-9.8747
 30
0.0
 10
5.2799
 20
-9.8097
 30
0.0
 10
5.1877
 20
-9.7283
 30
0.0
 10
5.1877
 20
-9.7283
 30
0.0
 10
5.0954
 20
-9.6469
 30
0.0
 10
5.0194
 20
-9.56
 30
0.0
 10
4.9598
 20
-9.4677
 30
0.0
 10
4.9598
 20
-9.4677
 30
0.0
 10
4.9598
 20
-9.4677
 30
0.0
 10
5.2854
 20
-9.2398
 30
0.0
 10
5.2854
 20
-9.2398
 30
0.0
 10
5.2854
 20
-9.2398
 30
0.0
 10
5.3233
 20
-9.2886
 30
0.0
 10
5.3668
 20
-9.3429
 30
0.0
 10
5.4264
 20
-9.4081
 30
0.0
 10
5.4264
 20
-9.4081
 30
0.0
 10
5.4861
 20
-9.4732
 30
0.0
 10
5.5621
 20
-9.5274
 30
0.0
 10
5.6598
 20
-9.5709
 30
0.0
 10
5.6598
 20
-9.5709
 30
0.0
 10
5.7575
 20
-9.6197
 30
0.0
 10
5.8877
 20
-9.6414
 30
0.0
 10
6.0505
 20
-9.6414
 30
0.0
 10
6.0505
 20
-9.6414
 30
0.0
 10
6.2676
 20
-9.6414
 30
0.0
 10
6.4413
 20
-9.5872
 30
0.0
 10
6.5824
 20
-9.484
 30
0.0
 10
6.5824
 20
-9.484
 30
0.0
 10
6.7234
 20
-9.3809
 30
0.0
 10
6.794
 20
-9.2181
 30
0.0
 10
6.794
 20
-8.9956
 30
0.0
 10
6.794
 20
-8.9956
 30
0.0
 10
6.794
 20
-8.9956
 30
0.0
 10
6.794
 20
-8.4528
 30
0.0
 10
6.794
 20
-8.4528
 30
0.0
 10
6.794
 20
-8.4528
 30
0.0
 10
6.794
 20
-8.4528
 30
0.0
 10
6.7615
 20
-8.453
 30
0.0
 10
6.7615
 20
-8.453
 30
0.0
 10
6.7615
 20
-8.453
 30
0.0
 10
6.7289
 20
-8.5018
 30
0.0
 10
6.691
 20
-8.5615
 30
0.0
 10
6.6312
 20
-8.632
 30
0.0
 10
6.6312
 20
-8.632
 30
0.0
 10
6.577
 20
-8.7025
 30
0.0
 10
6.4956
 20
-8.7678
 30
0.0
 10
6.3979
 20
-8.822
 30
0.0
 10
6.3979
 20
-8.822
 30
0.0
 10
6.2949
 20
-8.8762
 30
0.0
 10
6.1591
 20
-8.9034
 30
0.0
 10
5.9854
 20
-8.9034
 30
0.0
 10
5.9854
 20
-8.9034
 30
0.0
 10
5.7684
 20
-8.9034
 30
0.0
 10
5.5784
 20
-8.8546
 30
0.0
 10
5.4047
 20
-8.7514
 30
0.0
 10
5.4047
 20
-8.7514
 30
0.0
 10
5.2312
 20
-8.6483
 30
0.0
 10
5.1009
 20
-8.5018
 30
0.0
 10
4.9977
 20
-8.3064
 30
0.0
 10
4.9977
 20
-8.3064
 30
0.0
 10
4.9001
 20
-8.1111
 30
0.0
 10
4.8512
 20
-7.8777
 30
0.0
 10
4.8512
 20
-7.5955
 30
0.0
 10
4.8512
 20
-7.5955
 30
0.0
 10
4.8512
 20
-7.3134
 30
0.0
 10
4.9001
 20
-7.0854
 30
0.0
 10
4.9977
 20
-6.8792
 30
0.0
 10
4.9977
 20
-6.8792
 30
0.0
 10
5.0954
 20
-6.6784
 30
0.0
 10
5.2257
 20
-6.521
 30
0.0
 10
5.3993
 20
-6.4071
 30
0.0
 10
5.3993
 20
-6.4071
 30
0.0
 10
5.5729
 20
-6.2931
 30
0.0
 10
5.7684
 20
-6.2388
 30
0.0
 10
5.9908
 20
-6.2388
 30
0.0
 10
5.9908
 20
-6.2388
 30
0.0
 10
6.1645
 20
-6.2388
 30
0.0
 10
6.3002
 20
-6.2659
 30
0.0
 10
6.4033
 20
-6.3257
 30
0.0
 10
6.4033
 20
-6.3257
 30
0.0
 10
6.5064
 20
-6.3854
 30
0.0
 10
6.5824
 20
-6.4504
 30
0.0
 10
6.6366
 20
-6.521
 30
0.0
 10
6.6366
 20
-6.521
 30
0.0
 10
6.6909
 20
-6.5915
 30
0.0
 10
6.7343
 20
-6.6513
 30
0.0
 10
6.7669
 20
-6.7001
 30
0.0
 10
6.7669
 20
-6.7001
 30
0.0
 10
6.7669
 20
-6.7001
 30
0.0
 10
6.8103
 20
-6.7
 30
0.0
 10
6.8103
 20
-6.7
 30
0.0
 10
6.8103
 20
-6.7
 30
0.0
 10
6.8103
 20
-6.7
 30
0.0
 10
6.8103
 20
-6.2767
 30
0.0
 10
6.8103
 20
-6.2767
 30
0.0
 10
6.8103
 20
-6.2767
 30
0.0
 10
6.8103
 20
-6.2767
 30
0.0
 10
7.2065
 20
-6.2767
 30
0.0
 10
7.2065
 20
-6.2767
 30
0.0
 10
7.2065
 20
-6.2767
 30
0.0
 10
7.2065
 20
-6.2767
 30
0.0
 10
7.2065
 20
-9.0174
 30
0.0
 10
7.2065
 20
-9.0174
 30
0.0
 10
7.2065
 20
-9.0174
 30
0.0
 10
7.2065
 20
-9.2453
 30
0.0
 10
7.1576
 20
-9.4353
 30
0.0
 10
7.0491
 20
-9.5763
 30
0.0
 10
7.0491
 20
-9.5763
 30
0.0
 10
6.9459
 20
-9.7174
 30
0.0
 10
6.8049
 20
-9.826
 30
0.0
 10
6.6312
 20
-9.8911
 30
0.0
 10
6.6312
 20
-9.8911
 30
0.0
 10
6.4575
 20
-9.9561
 30
0.0
 10
6.2622
 20
-9.9942
 30
0.0
 10
6.0505
 20
-9.9942
 30
0.0
 10
6.0505
 20
-9.9942
 30
0.0
 10
6.0505
 20
-9.9942
 30
0.0
 10
6.0505
 20
-9.9996
 30
0.0
 10
6.0505
 20
-9.9996
 30
0.0
  0
SPLINE
  5
AA
330
1F
100
AcDbEntity
  8
layer 1
 62
   242
100
AcDbSpline
210
0.0
220
0.0
230
1.0
 70
    11
 71
     3
 72
    56
 73
    52
 74
     0
 42
0.000000001
 43
0.0000000001
 40
0.0
 40
0.0
 40
0.0
 40
0.0
 40
0.0714285714285714
 40
0.0714285714285714
 40
0.0714285714285714
 40
0.0714285714285714
 40
0.1428571428571428
 40
0.1428571428571428
 40
0.1428571428571428
 40
0.1428571428571428
 40
0.2142857142857143
 40
0.2142857142857143
 40
0.2142857142857143
 40
0.2142857142857143
 40
0.2857142857142857
 40
0.2857142857142857
 40
0.2857142857142857
 40
0.2857142857142857
 40
0.3571428571428572
 40
0.3571428571428572
 40
0.3571428571428572
 40
0.3571428571428572
 40
0.4285714285714285
 40
0.4285714285714285
 40
0.4285714285714285
 40
0.4285714285714285
 40
0.5
 40
0.5
 40
0.5
 40
0.5
 40
0.5714285714285714
 40
0.5714285714285714
 40
0.5714285714285714
 40
0.5714285714285714
 40
0.6428571428571429
 40
0.6428571428571429
 40
0.6428571428571429
 40
0.6428571428571429
 40
0.7142857142857143
 40
0.7142857142857143
 40
0.7142857142857143
 40
0.7142857142857143
 40
0.7857142857142857
 40
0.7857142857142857
 40
0.7857142857142857
 40
0.7857142857142857
 40
0.8571428571428571
 40
0.8571428571428571
 40
0.8571428571428571
 40
0.8571428571428571
 40
1.0
 40
1.0
 40
1.0
 40
1.0
 10
6.0343
 20
-8.5344
 30
0.0
 10
6.1971
 20
-8.5344
 30
0.0
 10
6.3382
 20
-8.4963
 30
0.0
 10
6.4522
 20
-8.4204
 30
0.0
 10
6.4522
 20
-8.4204
 30
0.0
 10
6.5661
 20
-8.3445
 30
0.0
 10
6.6529
 20
-8.2359
 30
0.0
 10
6.7126
 20
-8.0948
 30
0.0
 10
6.7126
 20
-8.0948
 30
0.0
 10
6.7724
 20
-7.9537
 30
0.0
 10
6.7995
 20
-7.7855
 30
0.0
 10
6.7995
 20
-7.5901
 30
0.0
 10
6.7995
 20
-7.5901
 30
0.0
 10
6.7995
 20
-7.3948
 30
0.0
 10
6.7724
 20
-7.2266
 30
0.0
 10
6.7126
 20
-7.0799
 30
0.0
 10
6.7126
 20
-7.0799
 30
0.0
 10
6.6529
 20
-6.9334
 30
0.0
 10
6.5715
 20
-6.8195
 30
0.0
 10
6.4577
 20
-6.7327
 30
0.0
 10
6.4577
 20
-6.7327
 30
0.0
 10
6.3437
 20
-6.6513
 30
0.0
 10
6.2026
 20
-6.6078
 30
0.0
 10
6.0398
 20
-6.6078
 30
0.0
 10
6.0398
 20
-6.6078
 30
0.0
 10
5.8769
 20
-6.6078
 30
0.0
 10
5.7196
 20
-6.6513
 30
0.0
 10
5.6056
 20
-6.7381
 30
0.0
 10
5.6056
 20
-6.7381
 30
0.0
 10
5.4916
 20
-6.825
 30
0.0
 10
5.4047
 20
-6.9443
 30
0.0
 10
5.3451
 20
-7.0908
 30
0.0
 10
5.3451
 20
-7.0908
 30
0.0
 10
5.2854
 20
-7.2373
 30
0.0
 10
5.2582
 20
-7.4055
 30
0.0
 10
5.2582
 20
-7.5846
 30
0.0
 10
5.2582
 20
-7.5846
 30
0.0
 10
5.2582
 20
-7.7638
 30
0.0
 10
5.2854
 20
-7.932
 30
0.0
 10
5.3451
 20
-8.0731
 30
0.0
 10
5.3451
 20
-8.0731
 30
0.0
 10
5.4047
 20
-8.2143
 30
0.0
 10
5.4916
 20
-8.3281
 30
0.0
 10
5.6056
 20
-8.4041
 30
0.0
 10
5.6056
 20
-8.4041
 30
0.0
 10
5.7196
 20
-8.4855
 30
0.0
 10
5.8661
 20
-8.5236
 30
0.0
 10
6.0344
 20
-8.5236
 30
0.0
 10
6.0344
 20
-8.5236
 30
0.0
 10
6.0344
 20
-8.5236
 30
0.0
 10
6.0343
 20
-8.5344
 30
0.0
 10
6.0343
 20
-8.5344
 30
0.0
  0
SPLINE
  5
AB
330
1F
100
AcDbEntity
  8
layer 1
 62
   242
100
AcDbSpline
210
0.0
220
0.0
230
1.0
 70
    11
 71
     3
 72
    96
 73
    92
 74
     0
 42
0.000000001
 43
0.0000000001
 40
0.0
 40
0.0
 40
0.0
 40
0.0
 40
0.0416666666666667
 40
0.0416666666666667
 40
0.0416666666666667
 40
0.0416666666666667
 40
0.0833333333333333
 40
0.0833333333333333
 40
0.0833333333333333
 40
0.0833333333333333
 40
0.125
 40
0.125
 40
0.125
 40
0.125
 40
0.1666666666666667
 40
0.1666666666666667
 40
0.1666666666666667
 40
0.1666666666666667
 40
0.2083333333333333
 40
0.2083333333333333
 40
0.2083333333333333
 40
0.2083333333333333
 40
0.25
 40
0.25
 40
0.25
 40
0.25
 40
0.2916666666666667
 40
0.2916666666666667
 40
0.2916666666666667
 40
0.2916666666666667
 40
0.3333333333333333
 40
0.3333333333333333
 40
0.3333333333333333
 40
0.3333333333333333
 40
0.375
 40
0.375
 40
0.375
 40
0.375
 40
0.4166666666666667
 40
0.4166666666666667
 40
0.4166666666666667
 40
0.4166666666666667
 40
0.4583333333333333
 40
0.4583333333333333
 40
0.4583333333333333
 40
0.4583333333333333
 40
0.5
 40
0.5
 40
0.5
 40
0.5
 40
0.5416666666666666
 40
0.5416666666666666
 40
0.5416666666666666
 40
0.5416666666666666
 40
0.5833333333333334
 40
0.5833333333333334
 40
0.5833333333333334
 40
0.5833333333333334
 40
0.625
 40
0.625
 40
0.625
 40
0.625
 40
0.6666666666666666
 40
0.6666666666666666
 40
0.6666666666666666
 40
0.6666666666666666
 40
0.7083333333333334
 40
0.7083333333333334
 40
0.7083333333333334
 40
0.7083333333333334
 40
0.75
 40
0.75
 40
0.75
 40
0.75
 40
0.7916666666666666
 40
0.7916666666666666
 40
0.7916666666666666
 40
0.7916666666666666
 40
0.8333333333333334
 40
0.8333333333333334
 40
0.8333333333333334
 40
0.8333333333333334
 40
0.875
 40
0.875
 40
0.875
 40
0.875
 40
0.9166666666666666
 40
0.9166666666666666
 40
0.9166666666666666
 40
0.9166666666666666
 40
1.0
 40
1.0
 40
1.0
 40
1.0
 10
9.1601
 20
-8.9305
 30
0.0
 10
9.1601
 20
-8.9305
 30
0.0
 10
9.095
 20
-8.9521
 30
0.0
 10
9.0462
 20
-8.963
 30
0.0
 10
9.0462
 20
-8.963
 30
0.0
 10
8.9973
 20
-8.9739
 30
0.0
 10
8.9322
 20
-8.9793
 30
0.0
 10
8.8562
 20
-8.9793
 30
0.0
 10
8.8562
 20
-8.9793
 30
0.0
 10
8.7422
 20
-8.9793
 30
0.0
 10
8.6283
 20
-8.9521
 30
0.0
 10
8.5143
 20
-8.9033
 30
0.0
 10
8.5143
 20
-8.9033
 30
0.0
 10
8.4058
 20
-8.8545
 30
0.0
 10
8.3136
 20
-8.7786
 30
0.0
 10
8.243
 20
-8.6754
 30
0.0
 10
8.243
 20
-8.6754
 30
0.0
 10
8.1724
 20
-8.5777
 30
0.0
 10
8.1345
 20
-8.4475
 30
0.0
 10
8.1345
 20
-8.29
 30
0.0
 10
8.1345
 20
-8.29
 30
0.0
 10
8.1345
 20
-8.29
 30
0.0
 10
8.1345
 20
-6.6241
 30
0.0
 10
8.1345
 20
-6.6241
 30
0.0
 10
8.1345
 20
-6.6241
 30
0.0
 10
8.1345
 20
-6.6241
 30
0.0
 10
7.7329
 20
-6.6241
 30
0.0
 10
7.7329
 20
-6.6241
 30
0.0
 10
7.7329
 20
-6.6241
 30
0.0
 10
7.7329
 20
-6.6241
 30
0.0
 10
7.7329
 20
-6.2767
 30
0.0
 10
7.7329
 20
-6.2767
 30
0.0
 10
7.7329
 20
-6.2767
 30
0.0
 10
7.7329
 20
-6.2767
 30
0.0
 10
8.1345
 20
-6.2767
 30
0.0
 10
8.1345
 20
-6.2767
 30
0.0
 10
8.1345
 20
-6.2767
 30
0.0
 10
8.1345
 20
-6.2767
 30
0.0
 10
8.1345
 20
-5.6418
 30
0.0
 10
8.1345
 20
-5.6418
 30
0.0
 10
8.1345
 20
-5.6418
 30
0.0
 10
8.1345
 20
-5.6418
 30
0.0
 10
8.5415
 20
-5.6418
 30
0.0
 10
8.5415
 20
-5.6418
 30
0.0
 10
8.5415
 20
-5.6418
 30
0.0
 10
8.5415
 20
-5.6418
 30
0.0
 10
8.5415
 20
-6.2767
 30
0.0
 10
8.5415
 20
-6.2767
 30
0.0
 10
8.5415
 20
-6.2767
 30
0.0
 10
8.5415
 20
-6.2767
 30
0.0
 10
9.1113
 20
-6.2767
 30
0.0
 10
9.1113
 20
-6.2767
 30
0.0
 10
9.1113
 20
-6.2767
 30
0.0
 10
9.1113
 20
-6.2767
 30
0.0
 10
9.1113
 20
-6.6241
 30
0.0
 10
9.1113
 20
-6.6241
 30
0.0
 10
9.1113
 20
-6.6241
 30
0.0
 10
9.1113
 20
-6.6241
 30
0.0
 10
8.5415
 20
-6.6241
 30
0.0
 10
8.5415
 20
-6.6241
 30
0.0
 10
8.5415
 20
-6.6241
 30
0.0
 10
8.5415
 20
-6.6241
 30
0.0
 10
8.5415
 20
-8.1816
 30
0.0
 10
8.5415
 20
-8.1816
 30
0.0
 10
8.5415
 20
-8.1816
 30
0.0
 10
8.5415
 20
-8.2954
 30
0.0
 10
8.5632
 20
-8.3823
 30
0.0
 10
8.5957
 20
-8.4421
 30
0.0
 10
8.5957
 20
-8.4421
 30
0.0
 10
8.6283
 20
-8.4963
 30
0.0
 10
8.6717
 20
-8.5342
 30
0.0
 10
8.726
 20
-8.556
 30
0.0
 10
8.726
 20
-8.556
 30
0.0
 10
8.7802
 20
-8.5723
 30
0.0
 10
8.8399
 20
-8.5831
 30
0.0
 10
8.8997
 20
-8.5831
 30
0.0
 10
8.8997
 20
-8.5831
 30
0.0
 10
8.943
 20
-8.5831
 30
0.0
 10
8.9811
 20
-8.5831
 30
0.0
 10
9.0082
 20
-8.5831
 30
0.0
 10
9.0082
 20
-8.5831
 30
0.0
 10
9.0407
 20
-8.5777
 30
0.0
 10
9.0625
 20
-8.5723
 30
0.0
 10
9.0787
 20
-8.5668
 30
0.0
 10
9.0787
 20
-8.5668
 30
0.0
 10
9.0787
 20
-8.5668
 30
0.0
 10
9.1601
 20
-8.9359
 30
0.0
 10
9.1601
 20
-8.9359
 30
0.0
 10
9.1601
 20
-8.9359
 30
0.0
 10
9.1601
 20
-8.9359
 30
0.0
 10
9.1601
 20
-8.9305
 30
0.0
 10
9.1601
 20
-8.9305
 30
0.0
  0
SPLINE
  5
AC
330
1F
100
AcDbEntity
  8
layer 1
 62
   242
100
AcDbSpline
210
0.0
220
0.0
230
1.0
 70
    11
 71
     3
 72
    52
 73
    48
 74
     0
 42
0.000000001
 43
0.0000000001
 40
0.0
 40
0.0
 40
0.0
 40
0.0
 40
0.0769230769230769
 40
0.0769230769230769
 40
0.0769230769230769
 40
0.0769230769230769
 40
0.1538461538461539
 40
0.1538461538461539
 40
0.1538461538461539
 40
0.1538461538461539
 40
0.2307692307692308
 40
0.2307692307692308
 40
0.2307692307692308
 40
0.2307692307692308
 40
0.3076923076923077
 40
0.3076923076923077
 40
0.3076923076923077
 40
0.3076923076923077
 40
0.3846153846153846
 40
0.3846153846153846
 40
0.3846153846153846
 40
0.3846153846153846
 40
0.4615384615384616
 40
0.4615384615384616
 40
0.4615384615384616
 40
0.4615384615384616
 40
0.5384615384615384
 40
0.5384615384615384
 40
0.5384615384615384
 40
0.5384615384615384
 40
0.6153846153846154
 40
0.6153846153846154
 40
0.6153846153846154
 40
0.6153846153846154
 40
0.6923076923076923
 40
0.6923076923076923
 40
0.6923076923076923
 40
0.6923076923076923
 40
0.7692307692307693
 40
0.7692307692307693
 40
0.7692307692307693
 40
0.7692307692307693
 40
0.8461538461538461
 40
0.8461538461538461
 40
0.8461538461538461
 40
0.8461538461538461
 40
1.0
 40
1.0
 40
1.0
 40
1.0
 10
10.7882
 20
-9.001
 30
0.0
 10
10.5494
 20
-9.001
 30
0.0
 10
10.3378
 20
-8.9414
 30
0.0
 10
10.1533
 20
-8.8274
 30
0.0
 10
10.1533
 20
-8.8274
 30
0.0
 10
9.9742
 20
-8.7134
 30
0.0
 10
9.8331
 20
-8.5506
 30
0.0
 10
9.73
 20
-8.3444
 30
0.0
 10
9.73
 20
-8.3444
 30
0.0
 10
9.6269
 20
-8.1381
 30
0.0
 10
9.578
 20
-7.8994
 30
0.0
 10
9.578
 20
-7.6226
 30
0.0
 10
9.578
 20
-7.6226
 30
0.0
 10
9.578
 20
-7.3458
 30
0.0
 10
9.6269
 20
-7.1016
 30
0.0
 10
9.73
 20
-6.8955
 30
0.0
 10
9.73
 20
-6.8955
 30
0.0
 10
9.8331
 20
-6.6892
 30
0.0
 10
9.9742
 20
-6.5264
 30
0.0
 10
10.1533
 20
-6.4125
 30
0.0
 10
10.1533
 20
-6.4125
 30
0.0
 10
10.3324
 20
-6.2985
 30
0.0
 10
10.544
 20
-6.2388
 30
0.0
 10
10.7882
 20
-6.2388
 30
0.0
 10
10.7882
 20
-6.2388
 30
0.0
 10
11.0324
 20
-6.2388
 30
0.0
 10
11.2387
 20
-6.2985
 30
0.0
 10
11.4232
 20
-6.4125
 30
0.0
 10
11.4232
 20
-6.4125
 30
0.0
 10
11.6022
 20
-6.5264
 30
0.0
 10
11.7434
 20
-6.6892
 30
0.0
 10
11.8464
 20
-6.8955
 30
0.0
 10
11.8464
 20
-6.8955
 30
0.0
 10
11.9495
 20
-7.1016
 30
0.0
 10
11.9984
 20
-7.3459
 30
0.0
 10
11.9984
 20
-7.6226
 30
0.0
 10
11.9984
 20
-7.6226
 30
0.0
 10
11.9984
 20
-7.8993
 30
0.0
 10
11.9495
 20
-8.1381
 30
0.0
 10
11.8464
 20
-8.3444
 30
0.0
 10
11.8464
 20
-8.3444
 30
0.0
 10
11.7434
 20
-8.5506
 30
0.0
 10
11.6022
 20
-8.7079
 30
0.0
 10
11.4232
 20
-8.8274
 30
0.0
 10
11.4232
 20
-8.8274
 30
0.0
 10
11.2441
 20
-8.9414
 30
0.0
 10
11.0324
 20
-9.001
 30
0.0
 10
10.7882
 20
-9.001
 30
0.0
  0
SPLINE
  5
AD
330
1F
100
AcDbEntity
  8
layer 1
 62
   242
100
AcDbSpline
210
0.0
220
0.0
230
1.0
 70
    11
 71
     3
 72
    52
 73
    48
 74
     0
 42
0.000000001
 43
0.0000000001
 40
0.0
 40
0.0
 40
0.0
 40
0.0
 40
0.0769230769230769
 40
0.0769230769230769
 40
0.0769230769230769
 40
0.0769230769230769
 40
0.1538461538461539
 40
0.1538461538461539
 40
0.1538461538461539
 40
0.1538461538461539
 40
0.2307692307692308
 40
0.2307692307692308
 40
0.2307692307692308
 40
0.2307692307692308
 40
0.3076923076923077
 40
0.3076923076923077
 40
0.3076923076923077
 40
0.3076923076923077
 40
0.3846153846153846
 40
0.3846153846153846
 40
0.3846153846153846
 40
0.3846153846153846
 40
0.4615384615384616
 40
0.4615384615384616
 40
0.4615384615384616
 40
0.4615384615384616
 40
0.5384615384615384
 40
0.5384615384615384
 40
0.5384615384615384
 40
0.5384615384615384
 40
0.6153846153846154
 40
0.6153846153846154
 40
0.6153846153846154
 40
0.6153846153846154
 40
0.6923076923076923
 40
0.6923076923076923
 40
0.6923076923076923
 40
0.6923076923076923
 40
0.7692307692307693
 40
0.7692307692307693
 40
0.7692307692307693
 40
0.7692307692307693
 40
0.8461538461538461
 40
0.8461538461538461
 40
0.8461538461538461
 40
0.8461538461538461
 40
1.0
 40
1.0
 40
1.0
 40
1.0
 10
10.7882
 20
-8.632
 30
0.0
 10
10.9727
 20
-8.632
 30
0.0
 10
11.1192
 20
-8.5831
 30
0.0
 10
11.2387
 20
-8.4909
 30
0.0
 10
11.2387
 20
-8.4909
 30
0.0
 10
11.358
 20
-8.3986
 30
0.0
 10
11.4449
 20
-8.2738
 30
0.0
 10
11.4992
 20
-8.1219
 30
0.0
 10
11.4992
 20
-8.1219
 30
0.0
 10
11.5534
 20
-7.9699
 30
0.0
 10
11.586
 20
-7.8016
 30
0.0
 10
11.586
 20
-7.6281
 30
0.0
 10
11.586
 20
-7.6281
 30
0.0
 10
11.586
 20
-7.4544
 30
0.0
 10
11.5589
 20
-7.2861
 30
0.0
 10
11.4992
 20
-7.1288
 30
0.0
 10
11.4992
 20
-7.1288
 30
0.0
 10
11.4449
 20
-6.9768
 30
0.0
 10
11.3527
 20
-6.8519
 30
0.0
 10
11.2387
 20
-6.7543
 30
0.0
 10
11.2387
 20
-6.7543
 30
0.0
 10
11.1247
 20
-6.6567
 30
0.0
 10
10.9728
 20
-6.6132
 30
0.0
 10
10.7882
 20
-6.6132
 30
0.0
 10
10.7882
 20
-6.6132
 30
0.0
 10
10.6037
 20
-6.6132
 30
0.0
 10
10.4571
 20
-6.662
 30
0.0
 10
10.3378
 20
-6.7543
 30
0.0
 10
10.3378
 20
-6.7543
 30
0.0
 10
10.2184
 20
-6.8465
 30
0.0
 10
10.1315
 20
-6.9714
 30
0.0
 10
10.0773
 20
-7.1288
 30
0.0
 10
10.0773
 20
-7.1288
 30
0.0
 10
10.0231
 20
-7.2807
 30
0.0
 10
9.9904
 20
-7.4489
 30
0.0
 10
9.9904
 20
-7.6281
 30
0.0
 10
9.9904
 20
-7.6281
 30
0.0
 10
9.9904
 20
-7.8071
 30
0.0
 10
10.0176
 20
-7.9699
 30
0.0
 10
10.0773
 20
-8.1219
 30
0.0
 10
10.0773
 20
-8.1219
 30
0.0
 10
10.1315
 20
-8.2738
 30
0.0
 10
10.2238
 20
-8.3986
 30
0.0
 10
10.3378
 20
-8.4909
 30
0.0
 10
10.3378
 20
-8.4909
 30
0.0
 10
10.4571
 20
-8.5831
 30
0.0
 10
10.6037
 20
-8.632
 30
0.0
 10
10.7882
 20
-8.632
 30
0.0
  0
SPLINE
  5
AE
330
1F
100
AcDbEntity
  8
layer 1
 62
   242
100
AcDbSpline
210
0.0
220
0.0
230
1.0
 70
    11
 71
     3
 72
    52
 73
    48
 74
     0
 42
0.000000001
 43
0.0000000001
 40
0.0
 40
0.0
 40
0.0
 40
0.0
 40
0.0769230769230769
 40
0.0769230769230769
 40
0.0769230769230769
 40
0.0769230769230769
 40
0.1538461538461539
 40
0.1538461538461539
 40
0.1538461538461539
 40
0.1538461538461539
 40
0.2307692307692308
 40
0.2307692307692308
 40
0.2307692307692308
 40
0.2307692307692308
 40
0.3076923076923077
 40
0.3076923076923077
 40
0.3076923076923077
 40
0.3076923076923077
 40
0.3846153846153846
 40
0.3846153846153846
 40
0.3846153846153846
 40
0.3846153846153846
 40
0.4615384615384616
 40
0.4615384615384616
 40
0.4615384615384616
 40
0.4615384615384616
 40
0.5384615384615384
 40
0.5384615384615384
 40
0.5384615384615384
 40
0.5384615384615384
 40
0.6153846153846154
 40
0.6153846153846154
 40
0.6153846153846154
 40
0.6153846153846154
 40
0.6923076923076923
 40
0.6923076923076923
 40
0.6923076923076923
 40
0.6923076923076923
 40
0.7692307692307693
 40
0.7692307692307693
 40
0.7692307692307693
 40
0.7692307692307693
 40
0.8461538461538461
 40
0.8461538461538461
 40
0.8461538461538461
 40
0.8461538461538461
 40
1.0
 40
1.0
 40
1.0
 40
1.0
 10
13.7025
 20
-9.001
 30
0.0
 10
13.4637
 20
-9.001
 30
0.0
 10
13.252
 20
-8.9414
 30
0.0
 10
13.0676
 20
-8.8274
 30
0.0
 10
13.0676
 20
-8.8274
 30
0.0
 10
12.8884
 20
-8.7134
 30
0.0
 10
12.7473
 20
-8.5506
 30
0.0
 10
12.6442
 20
-8.3444
 30
0.0
 10
12.6442
 20
-8.3444
 30
0.0
 10
12.5411
 20
-8.1381
 30
0.0
 10
12.4923
 20
-7.8994
 30
0.0
 10
12.4923
 20
-7.6226
 30
0.0
 10
12.4923
 20
-7.6226
 30
0.0
 10
12.4923
 20
-7.3458
 30
0.0
 10
12.5411
 20
-7.1016
 30
0.0
 10
12.6442
 20
-6.8955
 30
0.0
 10
12.6442
 20
-6.8955
 30
0.0
 10
12.7473
 20
-6.6892
 30
0.0
 10
12.8884
 20
-6.5264
 30
0.0
 10
13.0676
 20
-6.4125
 30
0.0
 10
13.0676
 20
-6.4125
 30
0.0
 10
13.2466
 20
-6.2985
 30
0.0
 10
13.4583
 20
-6.2388
 30
0.0
 10
13.7025
 20
-6.2388
 30
0.0
 10
13.7025
 20
-6.2388
 30
0.0
 10
13.9467
 20
-6.2388
 30
0.0
 10
14.1529
 20
-6.2985
 30
0.0
 10
14.3374
 20
-6.4125
 30
0.0
 10
14.3374
 20
-6.4125
 30
0.0
 10
14.5165
 20
-6.5264
 30
0.0
 10
14.6576
 20
-6.6892
 30
0.0
 10
14.7607
 20
-6.8955
 30
0.0
 10
14.7607
 20
-6.8955
 30
0.0
 10
14.8637
 20
-7.1016
 30
0.0
 10
14.9126
 20
-7.3459
 30
0.0
 10
14.9126
 20
-7.6226
 30
0.0
 10
14.9126
 20
-7.6226
 30
0.0
 10
14.9126
 20
-7.8993
 30
0.0
 10
14.8637
 20
-8.1381
 30
0.0
 10
14.7607
 20
-8.3444
 30
0.0
 10
14.7607
 20
-8.3444
 30
0.0
 10
14.6576
 20
-8.5506
 30
0.0
 10
14.5165
 20
-8.7079
 30
0.0
 10
14.3374
 20
-8.8274
 30
0.0
 10
14.3374
 20
-8.8274
 30
0.0
 10
14.1583
 20
-8.9414
 30
0.0
 10
13.9467
 20
-9.001
 30
0.0
 10
13.7025
 20
-9.001
 30
0.0
  0
SPLINE
  5
AF
330
1F
100
AcDbEntity
  8
layer 1
 62
   242
100
AcDbSpline
210
0.0
220
0.0
230
1.0
 70
    11
 71
     3
 72
    52
 73
    48
 74
     0
 42
0.000000001
 43
0.0000000001
 40
0.0
 40
0.0
 40
0.0
 40
0.0
 40
0.0769230769230769
 40
0.0769230769230769
 40
0.0769230769230769
 40
0.0769230769230769
 40
0.1538461538461539
 40
0.1538461538461539
 40
0.1538461538461539
 40
0.1538461538461539
 40
0.2307692307692308
 40
0.2307692307692308
 40
0.2307692307692308
 40
0.2307692307692308
 40
0.3076923076923077
 40
0.3076923076923077
 40
0.3076923076923077
 40
0.3076923076923077
 40
0.3846153846153846
 40
0.3846153846153846
 40
0.3846153846153846
 40
0.3846153846153846
 40
0.4615384615384616
 40
0.4615384615384616
 40
0.4615384615384616
 40
0.4615384615384616
 40
0.5384615384615384
 40
0.5384615384615384
 40
0.5384615384615384
 40
0.5384615384615384
 40
0.6153846153846154
 40
0.6153846153846154
 40
0.6153846153846154
 40
0.6153846153846154
 40
0.6923076923076923
 40
0.6923076923076923
 40
0.6923076923076923
 40
0.6923076923076923
 40
0.7692307692307693
 40
0.7692307692307693
 40
0.7692307692307693
 40
0.7692307692307693
 40
0.8461538461538461
 40
0.8461538461538461
 40
0.8461538461538461
 40
0.8461538461538461
 40
1.0
 40
1.0
 40
1.0
 40
1.0
 10
13.7025
 20
-8.632
 30
0.0
 10
13.8869
 20
-8.632
 30
0.0
 10
14.0335
 20
-8.5831
 30
0.0
 10
14.1529
 20
-8.4909
 30
0.0
 10
14.1529
 20
-8.4909
 30
0.0
 10
14.2723
 20
-8.3986
 30
0.0
 10
14.3591
 20
-8.2738
 30
0.0
 10
14.4134
 20
-8.1219
 30
0.0
 10
14.4134
 20
-8.1219
 30
0.0
 10
14.4676
 20
-7.9699
 30
0.0
 10
14.5002
 20
-7.8016
 30
0.0
 10
14.5002
 20
-7.6281
 30
0.0
 10
14.5002
 20
-7.6281
 30
0.0
 10
14.5002
 20
-7.4544
 30
0.0
 10
14.473
 20
-7.2861
 30
0.0
 10
14.4134
 20
-7.1288
 30
0.0
 10
14.4134
 20
-7.1288
 30
0.0
 10
14.3591
 20
-6.9768
 30
0.0
 10
14.2668
 20
-6.8519
 30
0.0
 10
14.1529
 20
-6.7543
 30
0.0
 10
14.1529
 20
-6.7543
 30
0.0
 10
14.039
 20
-6.6567
 30
0.0
 10
13.8869
 20
-6.6132
 30
0.0
 10
13.7025
 20
-6.6132
 30
0.0
 10
13.7025
 20
-6.6132
 30
0.0
 10
13.5179
 20
-6.6132
 30
0.0
 10
13.3714
 20
-6.662
 30
0.0
 10
13.252
 20
-6.7543
 30
0.0
 10
13.252
 20
-6.7543
 30
0.0
 10
13.1326
 20
-6.8465
 30
0.0
 10
13.0458
 20
-6.9714
 30
0.0
 10
12.9915
 20
-7.1288
 30
0.0
 10
12.9915
 20
-7.1288
 30
0.0
 10
12.9372
 20
-7.2807
 30
0.0
 10
12.9046
 20
-7.4489
 30
0.0
 10
12.9046
 20
-7.6281
 30
0.0
 10
12.9046
 20
-7.6281
 30
0.0
 10
12.9046
 20
-7.8071
 30
0.0
 10
12.9318
 20
-7.9699
 30
0.0
 10
12.9915
 20
-8.1219
 30
0.0
 10
12.9915
 20
-8.1219
 30
0.0
 10
13.0458
 20
-8.2738
 30
0.0
 10
13.1381
 20
-8.3986
 30
0.0
 10
13.252
 20
-8.4909
 30
0.0
 10
13.252
 20
-8.4909
 30
0.0
 10
13.366
 20
-8.5831
 30
0.0
 10
13.5179
 20
-8.632
 30
0.0
 10
13.7025
 20
-8.632
 30
0.0
  0
SPLINE
  5
B0
330
1F
100
AcDbEntity
  8
layer 1
 62
   242
100
AcDbSpline
210
0.0
220
0.0
230
1.0
 70
    11
 71
     3
 72
    20
 73
    16
 74
     0
 42
0.000000001
 43
0.0000000001
 40
0.0
 40
0.0
 40
0.0
 40
0.0
 40
0.2
 40
0.2
 40
0.2
 40
0.2
 40
0.4
 40
0.4
 40
0.4
 40
0.4
 40
0.6
 40
0.6
 40
0.6
 40
0.6
 40
1.0
 40
1.0
 40
1.0
 40
1.0
 10
15.9437
 20
-5.3922
 30
0.0
 10
15.9437
 20
-5.3922
 30
0.0
 10
15.9437
 20
-8.9467
 30
0.0
 10
15.9437
 20
-8.9467
 30
0.0
 10
15.9437
 20
-8.9467
 30
0.0
 10
15.9437
 20
-8.9467
 30
0.0
 10
15.5367
 20
-8.9467
 30
0.0
 10
15.5367
 20
-8.9467
 30
0.0
 10
15.5367
 20
-8.9467
 30
0.0
 10
15.5367
 20
-8.9467
 30
0.0
 10
15.5367
 20
-5.3922
 30
0.0
 10
15.5367
 20
-5.3922
 30
0.0
 10
15.5367
 20
-5.3922
 30
0.0
 10
15.5367
 20
-5.3922
 30
0.0
 10
15.9437
 20
-5.3922
 30
0.0
 10
15.9437
 20
-5.3922
 30
0.0
  0
SPLINE
  5
B1
330
1F
100
AcDbEntity
  8
layer 1
 62
   242
100
AcDbSpline
210
0.0
220
0.0
230
1.0
 70
    11
 71
     3
 72
   132
 73
   128
 74
     0
 42
0.000000001
 43
0.0000000001
 40
0.0
 40
0.0
 40
0.0
 40
0.0
 40
0.0303030303030303
 40
0.0303030303030303
 40
0.0303030303030303
 40
0.0303030303030303
 40
0.0606060606060606
 40
0.0606060606060606
 40
0.0606060606060606
 40
0.0606060606060606
 40
0.0909090909090909
 40
0.0909090909090909
 40
0.0909090909090909
 40
0.0909090909090909
 40
0.1212121212121212
 40
0.1212121212121212
 40
0.1212121212121212
 40
0.1212121212121212
 40
0.1515151515151515
 40
0.1515151515151515
 40
0.1515151515151515
 40
0.1515151515151515
 40
0.1818181818181818
 40
0.1818181818181818
 40
0.1818181818181818
 40
0.1818181818181818
 40
0.2121212121212121
 40
0.2121212121212121
 40
0.2121212121212121
 40
0.2121212121212121
 40
0.2424242424242424
 40
0.2424242424242424
 40
0.2424242424242424
 40
0.2424242424242424
 40
0.2727272727272727
 40
0.2727272727272727
 40
0.2727272727272727
 40
0.2727272727272727
 40
0.303030303030303
 40
0.303030303030303
 40
0.303030303030303
 40
0.303030303030303
 40
0.3333333333333333
 40
0.3333333333333333
 40
0.3333333333333333
 40
0.3333333333333333
 40
0.3636363636363636
 40
0.3636363636363636
 40
0.3636363636363636
 40
0.3636363636363636
 40
0.3939393939393939
 40
0.3939393939393939
 40
0.3939393939393939
 40
0.3939393939393939
 40
0.4242424242424243
 40
0.4242424242424243
 40
0.4242424242424243
 40
0.4242424242424243
 40
0.4545454545454545
 40
0.4545454545454545
 40
0.4545454545454545
 40
0.4545454545454545
 40
0.4848484848484849
 40
0.4848484848484849
 40
0.4848484848484849
 40
0.4848484848484849
 40
0.5151515151515151
 40
0.5151515151515151
 40
0.5151515151515151
 40
0.5151515151515151
 40
0.5454545454545454
 40
0.5454545454545454
 40
0.5454545454545454
 40
0.5454545454545454
 40
0.5757575757575758
 40
0.5757575757575758
 40
0.5757575757575758
 40
0.5757575757575758
 40
0.6060606060606061
 40
0.6060606060606061
 40
0.6060606060606061
 40
0.6060606060606061
 40
0.6363636363636364
 40
0.6363636363636364
 40
0.6363636363636364
 40
0.6363636363636364
 40
0.6666666666666666
 40
0.6666666666666666
 40
0.6666666666666666
 40
0.6666666666666666
 40
0.696969696969697
 40
0.696969696969697
 40
0.696969696969697
 40
0.696969696969697
 40
0.7272727272727273
 40
0.7272727272727273
 40
0.7272727272727273
 40
0.7272727272727273
 40
0.7575757575757576
 40
0.7575757575757576
 40
0.7575757575757576
 40
0.7575757575757576
 40
0.7878787878787878
 40
0.7878787878787878
 40
0.7878787878787878
 40
0.7878787878787878
 40
0.8181818181818182
 40
0.8181818181818182
 40
0.8181818181818182
 40
0.8181818181818182
 40
0.8484848484848485
 40
0.8484848484848485
 40
0.8484848484848485
 40
0.8484848484848485
 40
0.8787878787878788
 40
0.8787878787878788
 40
0.8787878787878788
 40
0.8787878787878788
 40
0.9090909090909091
 40
0.9090909090909091
 40
0.9090909090909091
 40
0.9090909090909091
 40
0.9393939393939394
 40
0.9393939393939394
 40
0.9393939393939394
 40
0.9393939393939394
 40
1.0
 40
1.0
 40
1.0
 40
1.0
 10
18.5812
 20
-6.8737
 30
0.0
 10
18.5812
 20
-6.8737
 30
0.0
 10
18.2121
 20
-6.9768
 30
0.0
 10
18.2121
 20
-6.9768
 30
0.0
 10
18.2121
 20
-6.9768
 30
0.0
 10
18.1905
 20
-6.9171
 30
0.0
 10
18.1524
 20
-6.8574
 30
0.0
 10
18.1091
 20
-6.7977
 30
0.0
 10
18.1091
 20
-6.7977
 30
0.0
 10
18.0656
 20
-6.7379
 30
0.0
 10
18.006
 20
-6.6891
 30
0.0
 10
17.93
 20
-6.6512
 30
0.0
 10
17.93
 20
-6.6512
 30
0.0
 10
17.854
 20
-6.6131
 30
0.0
 10
17.7563
 20
-6.5914
 30
0.0
 10
17.637
 20
-6.5914
 30
0.0
 10
17.637
 20
-6.5914
 30
0.0
 10
17.4742
 20
-6.5914
 30
0.0
 10
17.3384
 20
-6.6295
 30
0.0
 10
17.2298
 20
-6.7054
 30
0.0
 10
17.2298
 20
-6.7054
 30
0.0
 10
17.1213
 20
-6.7814
 30
0.0
 10
17.067
 20
-6.8736
 30
0.0
 10
17.067
 20
-6.9875
 30
0.0
 10
17.067
 20
-6.9875
 30
0.0
 10
17.067
 20
-7.0907
 30
0.0
 10
17.1051
 20
-7.1721
 30
0.0
 10
17.181
 20
-7.2317
 30
0.0
 10
17.181
 20
-7.2317
 30
0.0
 10
17.257
 20
-7.2915
 30
0.0
 10
17.371
 20
-7.3403
 30
0.0
 10
17.5284
 20
-7.3784
 30
0.0
 10
17.5284
 20
-7.3784
 30
0.0
 10
17.5284
 20
-7.3784
 30
0.0
 10
17.9245
 20
-7.476
 30
0.0
 10
17.9245
 20
-7.476
 30
0.0
 10
17.9245
 20
-7.476
 30
0.0
 10
18.1633
 20
-7.5357
 30
0.0
 10
18.3424
 20
-7.6226
 30
0.0
 10
18.4563
 20
-7.7419
 30
0.0
 10
18.4563
 20
-7.7419
 30
0.0
 10
18.5757
 20
-7.8613
 30
0.0
 10
18.63
 20
-8.0133
 30
0.0
 10
18.63
 20
-8.1978
 30
0.0
 10
18.63
 20
-8.1978
 30
0.0
 10
18.63
 20
-8.3497
 30
0.0
 10
18.5866
 20
-8.4854
 30
0.0
 10
18.4997
 20
-8.6048
 30
0.0
 10
18.4997
 20
-8.6048
 30
0.0
 10
18.4129
 20
-8.7242
 30
0.0
 10
18.288
 20
-8.8219
 30
0.0
 10
18.1361
 20
-8.887
 30
0.0
 10
18.1361
 20
-8.887
 30
0.0
 10
17.9842
 20
-8.952
 30
0.0
 10
17.7996
 20
-8.9901
 30
0.0
 10
17.5935
 20
-8.9901
 30
0.0
 10
17.5935
 20
-8.9901
 30
0.0
 10
17.3221
 20
-8.9901
 30
0.0
 10
17.0942
 20
-8.9304
 30
0.0
 10
16.9205
 20
-8.811
 30
0.0
 10
16.9205
 20
-8.811
 30
0.0
 10
16.7414
 20
-8.6915
 30
0.0
 10
16.6275
 20
-8.518
 30
0.0
 10
16.584
 20
-8.2954
 30
0.0
 10
16.584
 20
-8.2954
 30
0.0
 10
16.584
 20
-8.2954
 30
0.0
 10
16.9748
 20
-8.1978
 30
0.0
 10
16.9748
 20
-8.1978
 30
0.0
 10
16.9748
 20
-8.1978
 30
0.0
 10
17.0128
 20
-8.3388
 30
0.0
 10
17.0833
 20
-8.4473
 30
0.0
 10
17.1864
 20
-8.518
 30
0.0
 10
17.1864
 20
-8.518
 30
0.0
 10
17.2896
 20
-8.5885
 30
0.0
 10
17.4252
 20
-8.6264
 30
0.0
 10
17.5935
 20
-8.6264
 30
0.0
 10
17.5935
 20
-8.6264
 30
0.0
 10
17.7834
 20
-8.6264
 30
0.0
 10
17.9354
 20
-8.5885
 30
0.0
 10
18.0493
 20
-8.5071
 30
0.0
 10
18.0493
 20
-8.5071
 30
0.0
 10
18.1632
 20
-8.4257
 30
0.0
 10
18.2175
 20
-8.328
 30
0.0
 10
18.2175
 20
-8.214
 30
0.0
 10
18.2175
 20
-8.214
 30
0.0
 10
18.2175
 20
-8.1217
 30
0.0
 10
18.185
 20
-8.0457
 30
0.0
 10
18.1199
 20
-7.9807
 30
0.0
 10
18.1199
 20
-7.9807
 30
0.0
 10
18.0547
 20
-7.9156
 30
0.0
 10
17.9571
 20
-7.8722
 30
0.0
 10
17.8213
 20
-7.8396
 30
0.0
 10
17.8213
 20
-7.8396
 30
0.0
 10
17.8213
 20
-7.8396
 30
0.0
 10
17.3764
 20
-7.7365
 30
0.0
 10
17.3764
 20
-7.7365
 30
0.0
 10
17.3764
 20
-7.7365
 30
0.0
 10
17.1322
 20
-7.6768
 30
0.0
 10
16.9531
 20
-7.59
 30
0.0
 10
16.8391
 20
-7.4652
 30
0.0
 10
16.8391
 20
-7.4652
 30
0.0
 10
16.7251
 20
-7.3404
 30
0.0
 10
16.6654
 20
-7.1884
 30
0.0
 10
16.6654
 20
-7.0039
 30
0.0
 10
16.6654
 20
-7.0039
 30
0.0
 10
16.6654
 20
-6.8519
 30
0.0
 10
16.7089
 20
-6.7217
 30
0.0
 10
16.7957
 20
-6.6023
 30
0.0
 10
16.7957
 20
-6.6023
 30
0.0
 10
16.8826
 20
-6.4884
 30
0.0
 10
16.9965
 20
-6.3961
 30
0.0
 10
17.1431
 20
-6.3309
 30
0.0
 10
17.1431
 20
-6.3309
 30
0.0
 10
17.2896
 20
-6.2658
 30
0.0
 10
17.4578
 20
-6.2333
 30
0.0
 10
17.6477
 20
-6.2333
 30
0.0
 10
17.6477
 20
-6.2333
 30
0.0
 10
17.9136
 20
-6.2333
 30
0.0
 10
18.1199
 20
-6.293
 30
0.0
 10
18.2718
 20
-6.4068
 30
0.0
 10
18.2718
 20
-6.4068
 30
0.0
 10
18.4238
 20
-6.5208
 30
0.0
 10
18.5322
 20
-6.6728
 30
0.0
 10
18.592
 20
-6.8627
 30
0.0
 10
18.592
 20
-6.8627
 30
0.0
 10
18.592
 20
-6.8627
 30
0.0
 10
18.5812
 20
-6.8737
 30
0.0
 10
18.5812
 20
-6.8737
 30
0.0
  0
SPLINE
  5
B2
330
1F
100
AcDbEntity
  8
layer 1
 62
   242
100
AcDbSpline
210
0.0
220
0.0
230
1.0
 70
    11
 71
     3
 72
    36
 73
    32
 74
     0
 42
0.000000001
 43
0.0000000001
 40
0.0
 40
0.0
 40
0.0
 40
0.0
 40
0.1111111111111111
 40
0.1111111111111111
 40
0.1111111111111111
 40
0.1111111111111111
 40
0.2222222222222222
 40
0.2222222222222222
 40
0.2222222222222222
 40
0.2222222222222222
 40
0.3333333333333333
 40
0.3333333333333333
 40
0.3333333333333333
 40
0.3333333333333333
 40
0.4444444444444444
 40
0.4444444444444444
 40
0.4444444444444444
 40
0.4444444444444444
 40
0.5555555555555556
 40
0.5555555555555556
 40
0.5555555555555556
 40
0.5555555555555556
 40
0.6666666666666666
 40
0.6666666666666666
 40
0.6666666666666666
 40
0.6666666666666666
 40
0.7777777777777778
 40
0.7777777777777778
 40
0.7777777777777778
 40
0.7777777777777778
 40
1.0
 40
1.0
 40
1.0
 40
1.0
 10
-14.0959
 20
-2.5843
 30
0.0
 10
-14.0959
 20
-2.5843
 30
0.0
 10
-16.7985
 20
-2.5843
 30
0.0
 10
-16.7985
 20
-2.5843
 30
0.0
 10
-16.7985
 20
-2.5843
 30
0.0
 10
-17.8079
 20
-2.5843
 30
0.0
 10
-18.6301
 20
-3.4066
 30
0.0
 10
-18.6301
 20
-4.416
 30
0.0
 10
-18.6301
 20
-4.416
 30
0.0
 10
-18.6301
 20
-4.416
 30
0.0
 10
-18.6301
 20
-7.1184
 30
0.0
 10
-18.6301
 20
-7.1184
 30
0.0
 10
-18.6301
 20
-7.1184
 30
0.0
 10
-18.6301
 20
-8.1279
 30
0.0
 10
-17.8079
 20
-8.95
 30
0.0
 10
-16.7985
 20
-8.95
 30
0.0
 10
-16.7985
 20
-8.95
 30
0.0
 10
-16.7985
 20
-8.95
 30
0.0
 10
-14.0959
 20
-8.95
 30
0.0
 10
-14.0959
 20
-8.95
 30
0.0
 10
-14.0959
 20
-8.95
 30
0.0
 10
-13.0866
 20
-8.95
 30
0.0
 10
-12.2644
 20
-8.1279
 30
0.0
 10
-12.2644
 20
-7.1184
 30
0.0
 10
-12.2644
 20
-7.1184
 30
0.0
 10
-12.2644
 20
-7.1184
 30
0.0
 10
-12.2644
 20
-4.416
 30
0.0
 10
-12.2644
 20
-4.416
 30
0.0
 10
-12.2644
 20
-4.416
 30
0.0
 10
-12.2644
 20
-3.4066
 30
0.0
 10
-13.0866
 20
-2.5843
 30
0.0
 10
-14.0959
 20
-2.5843
 30
0.0
  0
SPLINE
  5
B3
330
1F
100
AcDbEntity
  8
layer 1
 62
   242
100
AcDbSpline
210
0.0
220
0.0
230
1.0
 70
    11
 71
     3
 72
    40
 73
    36
 74
     0
 42
0.000000001
 43
0.0000000001
 40
0.0
 40
0.0
 40
0.0
 40
0.0
 40
0.1
 40
0.1
 40
0.1
 40
0.1
 40
0.2
 40
0.2
 40
0.2
 40
0.2
 40
0.3
 40
0.3
 40
0.3
 40
0.3
 40
0.4
 40
0.4
 40
0.4
 40
0.4
 40
0.5
 40
0.5
 40
0.5
 40
0.5
 40
0.6
 40
0.6
 40
0.6
 40
0.6
 40
0.7
 40
0.7
 40
0.7
 40
0.7
 40
0.8
 40
0.8
 40
0.8
 40
0.8
 40
1.0
 40
1.0
 40
1.0
 40
1.0
 10
-12.8994
 20
-4.4078
 30
0.0
 10
-12.8994
 20
-4.4078
 30
0.0
 10
-12.8994
 20
-7.1103
 30
0.0
 10
-12.8994
 20
-7.1103
 30
0.0
 10
-12.8994
 20
-7.1103
 30
0.0
 10
-12.8994
 20
-7.7696
 30
0.0
 10
-13.4366
 20
-8.3069
 30
0.0
 10
-14.0959
 20
-8.3069
 30
0.0
 10
-14.0959
 20
-8.3069
 30
0.0
 10
-14.0959
 20
-8.3069
 30
0.0
 10
-16.7985
 20
-8.307
 30
0.0
 10
-16.7985
 20
-8.307
 30
0.0
 10
-16.7985
 20
-8.307
 30
0.0
 10
-17.4579
 20
-8.307
 30
0.0
 10
-17.9951
 20
-7.7696
 30
0.0
 10
-17.9951
 20
-7.1104
 30
0.0
 10
-17.9951
 20
-7.1104
 30
0.0
 10
-17.9951
 20
-7.1104
 30
0.0
 10
-17.9951
 20
-4.4078
 30
0.0
 10
-17.9951
 20
-4.4078
 30
0.0
 10
-17.9951
 20
-4.4078
 30
0.0
 10
-17.9951
 20
-3.7485
 30
0.0
 10
-17.4579
 20
-3.2112
 30
0.0
 10
-16.7985
 20
-3.2112
 30
0.0
 10
-16.7985
 20
-3.2112
 30
0.0
 10
-16.7985
 20
-3.2112
 30
0.0
 10
-14.0959
 20
-3.2111
 30
0.0
 10
-14.0959
 20
-3.2111
 30
0.0
 10
-14.0959
 20
-3.2111
 30
0.0
 10
-13.4366
 20
-3.2111
 30
0.0
 10
-12.8994
 20
-3.7484
 30
0.0
 10
-12.8994
 20
-4.4077
 30
0.0
 10
-12.8994
 20
-4.4077
 30
0.0
 10
-12.8994
 20
-4.4077
 30
0.0
 10
-12.8994
 20
-4.4078
 30
0.0
 10
-12.8994
 20
-4.4078
 30
0.0
  0
SPLINE
  5
B4
330
1F
100
AcDbEntity
  8
layer 1
 62
   242
100
AcDbSpline
210
0.0
220
0.0
230
1.0
 70
    11
 71
     3
 72
    20
 73
    16
 74
     0
 42
0.000000001
 43
0.0000000001
 40
0.0
 40
0.0
 40
0.0
 40
0.0
 40
0.2
 40
0.2
 40
0.2
 40
0.2
 40
0.4
 40
0.4
 40
0.4
 40
0.4
 40
0.6
 40
0.6
 40
0.6
 40
0.6
 40
1.0
 40
1.0
 40
1.0
 40
1.0
 10
-15.4472
 20
-4.1065
 30
0.0
 10
-16.359
 20
-4.1065
 30
0.0
 10
-17.0997
 20
-4.8474
 30
0.0
 10
-17.0997
 20
-5.7591
 30
0.0
 10
-17.0997
 20
-5.7591
 30
0.0
 10
-17.0997
 20
-6.6708
 30
0.0
 10
-16.359
 20
-7.4116
 30
0.0
 10
-15.4472
 20
-7.4116
 30
0.0
 10
-15.4472
 20
-7.4116
 30
0.0
 10
-14.5355
 20
-7.4116
 30
0.0
 10
-13.7948
 20
-6.6708
 30
0.0
 10
-13.7948
 20
-5.7591
 30
0.0
 10
-13.7948
 20
-5.7591
 30
0.0
 10
-13.7948
 20
-4.8474
 30
0.0
 10
-14.5355
 20
-4.1065
 30
0.0
 10
-15.4472
 20
-4.1065
 30
0.0
  0
SPLINE
  5
B5
330
1F
100
AcDbEntity
  8
layer 1
 62
   242
100
AcDbSpline
210
0.0
220
0.0
230
1.0
 70
    11
 71
     3
 72
    20
 73
    16
 74
     0
 42
0.000000001
 43
0.0000000001
 40
0.0
 40
0.0
 40
0.0
 40
0.0
 40
0.2
 40
0.2
 40
0.2
 40
0.2
 40
0.4
 40
0.4
 40
0.4
 40
0.4
 40
0.6
 40
0.6
 40
0.6
 40
0.6
 40
1.0
 40
1.0
 40
1.0
 40
1.0
 10
-14.4297
 20
-5.7591
 30
0.0
 10
-14.4297
 20
-6.3207
 30
0.0
 10
-14.8855
 20
-6.7767
 30
0.0
 10
-15.4473
 20
-6.7767
 30
0.0
 10
-15.4473
 20
-6.7767
 30
0.0
 10
-16.0091
 20
-6.7767
 30
0.0
 10
-16.4649
 20
-6.3208
 30
0.0
 10
-16.4649
 20
-5.7591
 30
0.0
 10
-16.4649
 20
-5.7591
 30
0.0
 10
-16.4649
 20
-5.1973
 30
0.0
 10
-16.0091
 20
-4.7416
 30
0.0
 10
-15.4473
 20
-4.7416
 30
0.0
 10
-15.4473
 20
-4.7416
 30
0.0
 10
-14.8855
 20
-4.7416
 30
0.0
 10
-14.4297
 20
-5.1973
 30
0.0
 10
-14.4297
 20
-5.7591
 30
0.0
  0
SPLINE
  5
B6
330
1F
100
AcDbEntity
  8
layer 1
 62
   242
100
AcDbSpline
210
0.0
220
0.0
230
1.0
 70
    11
 71
     3
 72
    20
 73
    16
 74
     0
 42
0.000000001
 43
0.0000000001
 40
0.0
 40
0.0
 40
0.0
 40
0.0
 40
0.2
 40
0.2
 40
0.2
 40
0.2
 40
0.4
 40
0.4
 40
0.4
 40
0.4
 40
0.6
 40
0.6
 40
0.6
 40
0.6
 40
1.0
 40
1.0
 40
1.0
 40
1.0
 10
-13.7785
 20
-3.6345
 30
0.0
 10
-14.0147
 20
-3.6345
 30
0.0
 10
-14.21
 20
-3.8299
 30
0.0
 10
-14.21
 20
-4.0659
 30
0.0
 10
-14.21
 20
-4.0659
 30
0.0
 10
-14.21
 20
-4.302
 30
0.0
 10
-14.0147
 20
-4.4974
 30
0.0
 10
-13.7785
 20
-4.4974
 30
0.0
 10
-13.7785
 20
-4.4974
 30
0.0
 10
-13.5424
 20
-4.4974
 30
0.0
 10
-13.3471
 20
-4.302
 30
0.0
 10
-13.3471
 20
-4.0659
 30
0.0
 10
-13.3471
 20
-4.0659
 30
0.0
 10
-13.3471
 20
-3.8299
 30
0.0
 10
-13.5424
 20
-3.6345
 30
0.0
 10
-13.7785
 20
-3.6345
 30
0.0
  0
ENDSEC
  0
SECTION
  2
OBJECTS
  0
DICTIONARY
  5
C
330
0
100
AcDbDictionary
281
     1
  3
ACAD_DETAILVIEWSTYLE
350
F3
  3
ACAD_GROUP
350
D
  3
ACAD_LAYOUT
350
1A
  3
ACAD_MATERIAL
350
43
  3
ACAD_MLEADERSTYLE
350
6B
  3
ACAD_MLINESTYLE
350
17
  3
ACAD_PLOTSETTINGS
350
19
  3
ACAD_PLOTSTYLENAME
350
E
  3
ACAD_SCALELIST
350
47
  3
ACAD_SECTIONVIEWSTYLE
350
F4
  3
ACAD_TABLESTYLE
350
69
  3
ACAD_VISUALSTYLE
350
2A
  3
ACDB_RECOMPOSE_DATA
350
F0
  3
AcDbVariableDictionary
350
B8
  0
SUN
  5
6D
330
29
100
AcDbSun
 90
        1
290
     0
 63
     7
421
 16777215
 40
1.0
291
     1
 91
  2455826
 92
 54000000
292
     0
 70
     2
 71
   256
280
     1
  0
DICTIONARY
  5
F3
102
{ACAD_REACTORS
330
C
102
}
330
C
100
AcDbDictionary
281
     1
  0
DICTIONARY
  5
D
102
{ACAD_REACTORS
330
C
102
}
330
C
100
AcDbDictionary
281
     1
  0
DICTIONARY
  5
1A
102
{ACAD_REACTORS
330
C
102
}
330
C
100
AcDbDictionary
281
     1
  3
Layout1
350
1E
  3
Layout2
350
26
  3
Model
350
22
  0
DICTIONARY
  5
43
102
{ACAD_REACTORS
330
C
102
}
330
C
100
AcDbDictionary
281
     1
  3
ByBlock
350
45
  3
ByLayer
350
44
  3
Global
350
46
  0
DICTIONARY
  5
6B
102
{ACAD_REACTORS
330
C
102
}
330
C
100
AcDbDictionary
281
     1
  3
Standard
350
6C
  0
DICTIONARY
  5
17
102
{ACAD_REACTORS
330
C
102
}
330
C
100
AcDbDictionary
281
     1
  3
Standard
350
18
  0
DICTIONARY
  5
19
102
{ACAD_REACTORS
330
C
102
}
330
C
100
AcDbDictionary
281
     1
  0
ACDBDICTIONARYWDFLT
  5
E
102
{ACAD_REACTORS
330
C
102
}
330
C
100
AcDbDictionary
281
     1
  3
Normal
350
F
100
AcDbDictionaryWithDefault
340
F
  0
DICTIONARY
  5
47
102
{ACAD_REACTORS
330
C
102
}
330
C
100
AcDbDictionary
281
     1
  3
A0
350
48
  3
A1
350
49
  3
A2
350
4A
  3
A3
350
4B
  3
A4
350
4C
  3
A5
350
4D
  3
A6
350
4E
  3
A7
350
4F
  3
A8
350
50
  3
A9
350
51
  3
B0
350
52
  3
B1
350
53
  3
B2
350
54
  3
B3
350
55
  3
B4
350
56
  3
B5
350
57
  3
B6
350
58
  3
B7
350
59
  3
B8
350
5A
  3
B9
350
5B
  3
C0
350
5C
  3
C1
350
5D
  3
C2
350
5E
  3
C3
350
5F
  3
C4
350
60
  3
C5
350
61
  3
C6
350
62
  3
C7
350
63
  3
C8
350
64
  3
C9
350
65
  3
D0
350
66
  3
D1
350
67
  3
D2
350
68
  0
DICTIONARY
  5
F4
102
{ACAD_REACTORS
330
C
102
}
330
C
100
AcDbDictionary
281
     1
  0
DICTIONARY
  5
69
102
{ACAD_REACTORS
330
C
102
}
330
C
100
AcDbDictionary
281
     1
  3
Standard
350
6A
  0
DICTIONARY
  5
2A
102
{ACAD_REACTORS
330
C
102
}
330
C
100
AcDbDictionary
281
     1
  3
2dWireframe
350
2F
  3
Basic
350
32
  3
Brighten
350
36
  3
ColorChange
350
3A
  3
Conceptual
350
34
  3
Dim
350
35
  3
EdgeColorOff
350
3D
  3
Facepattern
350
39
  3
Flat
350
2B
  3
FlatWithEdges
350
2C
  3
Gouraud
350
2D
  3
GouraudWithEdges
350
2E
  3
Hidden
350
31
  3
JitterOff
350
3B
  3
Linepattern
350
38
  3
OverhangOff
350
3C
  3
Realistic
350
33
  3
Shaded
350
42
  3
Shaded with edges
350
41
  3
Shades of Gray
350
3E
  3
Sketchy
350
3F
  3
Thicken
350
37
  3
Wireframe
350
30
  3
X-Ray
350
40
  0
XRECORD
  5
F0
102
{ACAD_REACTORS
330
C
102
}
330
C
100
AcDbXrecord
280
     1
 90
        1
330
6A
  0
DICTIONARY
  5
B8
102
{ACAD_REACTORS
330
C
102
}
330
C
100
AcDbDictionary
281
     1
  3
CANNOSCALE
350
B9
  3
CMLEADERSTYLE
350
F2
  3
CTABLESTYLE
350
F1
  3
XCLIPFRAME
350
BA
  0
LAYOUT
  5
1E
102
{ACAD_REACTORS
330
1A
102
}
330
1A
100
AcDbPlotSettings
  1

  2
none_device
  4

  6

 40
0.0
 41
0.0
 42
0.0
 43
0.0
 44
0.0
 45
0.0
 46
0.0
 47
0.0
 48
0.0
 49
0.0
140
0.0
141
0.0
142
1.0
143
1.0
 70
   688
 72
     0
 73
     0
 74
     5
  7

 75
    16
 76
     0
 77
     2
 78
   300
147
1.0
148
0.0
149
0.0
100
AcDbLayout
  1
Layout1
 70
     1
 71
     1
 10
0.0
 20
0.0
 11
12.0
 21
9.0
 12
0.0
 22
0.0
 32
0.0
 14
1.000000000000000E+20
 24
1.000000000000000E+20
 34
1.000000000000000E+20
 15
-1.000000000000000E+20
 25
-1.000000000000000E+20
 35
-1.000000000000000E+20
146
0.0
 13
0.0
 23
0.0
 33
0.0
 16
1.0
 26
0.0
 36
0.0
 17
0.0
 27
1.0
 37
0.0
 76
     0
330
1B
  0
LAYOUT
  5
26
102
{ACAD_REACTORS
330
1A
102
}
330
1A
100
AcDbPlotSettings
  1

  2
none_device
  4

  6

 40
0.0
 41
0.0
 42
0.0
 43
0.0
 44
0.0
 45
0.0
 46
0.0
 47
0.0
 48
0.0
 49
0.0
140
0.0
141
0.0
142
1.0
143
1.0
 70
   688
 72
     0
 73
     0
 74
     5
  7

 75
    16
 76
     0
 77
     2
 78
   300
147
1.0
148
0.0
149
0.0
100
AcDbLayout
  1
Layout2
 70
     1
 71
     2
 10
0.0
 20
0.0
 11
0.0
 21
0.0
 12
0.0
 22
0.0
 32
0.0
 14
0.0
 24
0.0
 34
0.0
 15
0.0
 25
0.0
 35
0.0
146
0.0
 13
0.0
 23
0.0
 33
0.0
 16
1.0
 26
0.0
 36
0.0
 17
0.0
 27
1.0
 37
0.0
 76
     0
330
23
  0
LAYOUT
  5
22
102
{ACAD_REACTORS
330
1A
102
}
330
1A
100
AcDbPlotSettings
  1

  2
none_device
  4
Letter_(8.50_x_11.00_Inches)
  6

 40
6.35
 41
6.35
 42
6.35000508
 43
6.35000508
 44
215.9
 45
279.4
 46
0.0
 47
0.0
 48
0.0
 49
0.0
140
0.0
141
0.0
142
1.0
143
1.0
 70
  1712
 72
     0
 73
     0
 74
     0
  7

 75
     0
 76
     0
 77
     2
 78
   300
147
1.0
148
0.0
149
0.0
100
AcDbLayout
  1
Model
 70
     1
 71
     0
 10
0.0
 20
0.0
 11
12.0
 21
9.0
 12
0.0
 22
0.0
 32
0.0
 14
-52.625
 24
-25.125
 34
0.0
 15
52.625
 25
36.5693
 35
0.0
146
0.0
 13
0.0
 23
0.0
 33
0.0
 16
1.0
 26
0.0
 36
0.0
 17
0.0
 27
1.0
 37
0.0
 76
     0
330
1F
331
29
  0
MATERIAL
  5
45
102
{ACAD_REACTORS
330
43
102
}
330
43
100
AcDbMaterial
  1
ByBlock
 72
     1
 94
      127
  0
MATERIAL
  5
44
102
{ACAD_REACTORS
330
43
102
}
330
43
100
AcDbMaterial
  1
ByLayer
 72
     1
 94
      127
  0
MATERIAL
  5
46
102
{ACAD_REACTORS
330
43
102
}
330
43
100
AcDbMaterial
  1
Global
 72
     1
 94
      127
  0
MLEADERSTYLE
  5
6C
102
{ACAD_REACTORS
330
6B
102
}
102
{ACAD_XDICTIONARY
360
EE
102
}
330
6B
100
AcDbMLeaderStyle
170
     2
171
     1
172
     0
 90
        2
 40
0.0
 41
0.0
173
     1
 91
-1056964608
340
14
 92
       -2
290
     1
 42
0.09
291
     1
 43
0.36
  3
Standard
341
0
 44
0.18
300

342
11
174
     1
178
     6
175
     1
176
     0
 93
-1056964608
 45
0.18
292
     0
297
     0
 46
0.18
343
0
 94
-1056964608
 47
1.0
 49
1.0
140
1.0
293
     1
141
0.0
294
     1
177
     0
142
1.0
295
     0
296
     0
143
0.125
1001
ACAD_MLEADERVER
1070
     2
  0
MLINESTYLE
  5
18
102
{ACAD_REACTORS
330
17
102
}
330
17
100
AcDbMlineStyle
  2
Standard
 70
     0
  3

 62
   256
 51
90.0
 52
90.0
 71
     2
 49
0.5
 62
   256
  6
BYLAYER
 49
-0.5
 62
   256
  6
BYLAYER
  0
ACDBPLACEHOLDER
  5
F
102
{ACAD_REACTORS
330
E
102
}
330
E
  0
SCALE
  5
48
102
{ACAD_REACTORS
330
47
102
}
330
47
100
AcDbScale
 70
     0
300
1:1
140
1.0
141
1.0
290
     1
  0
SCALE
  5
49
102
{ACAD_REACTORS
330
47
102
}
330
47
100
AcDbScale
 70
     0
300
1:2
140
1.0
141
2.0
290
     0
  0
SCALE
  5
4A
102
{ACAD_REACTORS
330
47
102
}
330
47
100
AcDbScale
 70
     0
300
1:4
140
1.0
141
4.0
290
     0
  0
SCALE
  5
4B
102
{ACAD_REACTORS
330
47
102
}
330
47
100
AcDbScale
 70
     0
300
1:5
140
1.0
141
5.0
290
     0
  0
SCALE
  5
4C
102
{ACAD_REACTORS
330
47
102
}
330
47
100
AcDbScale
 70
     0
300
1:8
140
1.0
141
8.0
290
     0
  0
SCALE
  5
4D
102
{ACAD_REACTORS
330
47
102
}
330
47
100
AcDbScale
 70
     0
300
1:10
140
1.0
141
10.0
290
     0
  0
SCALE
  5
4E
102
{ACAD_REACTORS
330
47
102
}
330
47
100
AcDbScale
 70
     0
300
1:16
140
1.0
141
16.0
290
     0
  0
SCALE
  5
4F
102
{ACAD_REACTORS
330
47
102
}
330
47
100
AcDbScale
 70
     0
300
1:20
140
1.0
141
20.0
290
     0
  0
SCALE
  5
50
102
{ACAD_REACTORS
330
47
102
}
330
47
100
AcDbScale
 70
     0
300
1:30
140
1.0
141
30.0
290
     0
  0
SCALE
  5
51
102
{ACAD_REACTORS
330
47
102
}
330
47
100
AcDbScale
 70
     0
300
1:40
140
1.0
141
40.0
290
     0
  0
SCALE
  5
52
102
{ACAD_REACTORS
330
47
102
}
330
47
100
AcDbScale
 70
     0
300
1:50
140
1.0
141
50.0
290
     0
  0
SCALE
  5
53
102
{ACAD_REACTORS
330
47
102
}
330
47
100
AcDbScale
 70
     0
300
1:100
140
1.0
141
100.0
290
     0
  0
SCALE
  5
54
102
{ACAD_REACTORS
330
47
102
}
330
47
100
AcDbScale
 70
     0
300
2:1
140
2.0
141
1.0
290
     0
  0
SCALE
  5
55
102
{ACAD_REACTORS
330
47
102
}
330
47
100
AcDbScale
 70
     0
300
4:1
140
4.0
141
1.0
290
     0
  0
SCALE
  5
56
102
{ACAD_REACTORS
330
47
102
}
330
47
100
AcDbScale
 70
     0
300
8:1
140
8.0
141
1.0
290
     0
  0
SCALE
  5
57
102
{ACAD_REACTORS
330
47
102
}
330
47
100
AcDbScale
 70
     0
300
10:1
140
10.0
141
1.0
290
     0
  0
SCALE
  5
58
102
{ACAD_REACTORS
330
47
102
}
330
47
100
AcDbScale
 70
     0
300
100:1
140
100.0
141
1.0
290
     0
  0
SCALE
  5
59
102
{ACAD_REACTORS
330
47
102
}
330
47
100
AcDbScale
 70
     0
300
1/128" = 1'-0"
140
0.0078125
141
12.0
290
     0
  0
SCALE
  5
5A
102
{ACAD_REACTORS
330
47
102
}
330
47
100
AcDbScale
 70
     0
300
1/64" = 1'-0"
140
0.015625
141
12.0
290
     0
  0
SCALE
  5
5B
102
{ACAD_REACTORS
330
47
102
}
330
47
100
AcDbScale
 70
     0
300
1/32" = 1'-0"
140
0.03125
141
12.0
290
     0
  0
SCALE
  5
5C
102
{ACAD_REACTORS
330
47
102
}
330
47
100
AcDbScale
 70
     0
300
1/16" = 1'-0"
140
0.0625
141
12.0
290
     0
  0
SCALE
  5
5D
102
{ACAD_REACTORS
330
47
102
}
330
47
100
AcDbScale
 70
     0
300
3/32" = 1'-0"
140
0.09375
141
12.0
290
     0
  0
SCALE
  5
5E
102
{ACAD_REACTORS
330
47
102
}
330
47
100
AcDbScale
 70
     0
300
1/8" = 1'-0"
140
0.125
141
12.0
290
     0
  0
SCALE
  5
5F
102
{ACAD_REACTORS
330
47
102
}
330
47
100
AcDbScale
 70
     0
300
3/16" = 1'-0"
140
0.1875
141
12.0
290
     0
  0
SCALE
  5
60
102
{ACAD_REACTORS
330
47
102
}
330
47
100
AcDbScale
 70
     0
300
1/4" = 1'-0"
140
0.25
141
12.0
290
     0
  0
SCALE
  5
61
102
{ACAD_REACTORS
330
47
102
}
330
47
100
AcDbScale
 70
     0
300
3/8" = 1'-0"
140
0.375
141
12.0
290
     0
  0
SCALE
  5
62
102
{ACAD_REACTORS
330
47
102
}
330
47
100
AcDbScale
 70
     0
300
1/2" = 1'-0"
140
0.5
141
12.0
290
     0
  0
SCALE
  5
63
102
{ACAD_REACTORS
330
47
102
}
330
47
100
AcDbScale
 70
     0
300
3/4" = 1'-0"
140
0.75
141
12.0
290
     0
  0
SCALE
  5
64
102
{ACAD_REACTORS
330
47
102
}
330
47
100
AcDbScale
 70
     0
300
1" = 1'-0"
140
1.0
141
12.0
290
     0
  0
SCALE
  5
65
102
{ACAD_REACTORS
330
47
102
}
330
47
100
AcDbScale
 70
     0
300
1-1/2" = 1'-0"
140
1.5
141
12.0
290
     0
  0
SCALE
  5
66
102
{ACAD_REACTORS
330
47
102
}
330
47
100
AcDbScale
 70
     0
300
3" = 1'-0"
140
3.0
141
12.0
290
     0
  0
SCALE
  5
67
102
{ACAD_REACTORS
330
47
102
}
330
47
100
AcDbScale
 70
     0
300
6" = 1'-0"
140
6.0
141
12.0
290
     0
  0
SCALE
  5
68
102
{ACAD_REACTORS
330
47
102
}
330
47
100
AcDbScale
 70
     0
300
1'-0" = 1'-0"
140
12.0
141
12.0
290
     0
  0
TABLESTYLE
  5
6A
102
{ACAD_REACTORS
330
69
102
}
102
{ACAD_XDICTIONARY
360
EB
102
}
330
69
100
AcDbTableStyle
  3
Standard
 70
     0
 71
     0
 40
0.06
 41
0.06
280
     0
281
     0
  7
Standard
140
0.18
170
     2
 62
     0
 63
   257
283
     0
 90
        4
 91
        0
  1

274
    -2
284
     1
 64
     0
275
    -2
285
     1
 65
     0
276
    -2
286
     1
 66
     0
277
    -2
287
     1
 67
     0
278
    -2
288
     1
 68
     0
279
    -2
289
     1
 69
     0
  7
Standard
140
0.25
170
     5
 62
     0
 63
   257
283
     0
 90
        4
 91
        0
  1

274
    -2
284
     1
 64
     0
275
    -2
285
     1
 65
     0
276
    -2
286
     1
 66
     0
277
    -2
287
     1
 67
     0
278
    -2
288
     1
 68
     0
279
    -2
289
     1
 69
     0
  7
Standard
140
0.18
170
     5
 62
     0
 63
   257
283
     0
 90
        4
 91
        0
  1

274
    -2
284
     1
 64
     0
275
    -2
285
     1
 65
     0
276
    -2
286
     1
 66
     0
277
    -2
287
     1
 67
     0
278
    -2
288
     1
 68
     0
279
    -2
289
     1
 69
     0
  0
VISUALSTYLE
  5
2F
102
{ACAD_REACTORS
330
2A
102
}
102
{ACAD_XDICTIONARY
360
C3
102
}
330
2A
100
AcDbVisualStyle
  2
2dWireframe
 70
     4
 71
     0
 72
     2
 73
     0
 90
        0
 40
0.6
 41
30.0
 62
     5
 63
     7
421
 16777215
 74
     1
 91
        4
 64
     7
 65
   257
 75
     1
175
     1
 42
1.0
 92
        0
 66
   257
 43
1.0
 76
     1
 77
     6
 78
     2
 67
     7
 79
     5
170
     0
171
     0
290
     0
174
     0
 93
        1
 44
0.0
173
     0
291
     0
 45
0.0
  0
VISUALSTYLE
  5
32
102
{ACAD_REACTORS
330
2A
102
}
102
{ACAD_XDICTIONARY
360
C9
102
}
330
2A
100
AcDbVisualStyle
  2
Basic
 70
     7
 71
     1
 72
     0
 73
     1
 90
        0
 40
0.6
 41
30.0
 62
     5
 63
     7
421
 16777215
 74
     0
 91
        4
 64
     7
 65
   257
 75
     1
175
     1
 42
1.0
 92
        8
 66
     7
 43
1.0
 76
     1
 77
     6
 78
     2
 67
     7
 79
     5
170
     0
171
     0
290
     0
174
     0
 93
        1
 44
0.0
173
     0
291
     1
 45
0.0
  0
VISUALSTYLE
  5
36
102
{ACAD_REACTORS
330
2A
102
}
102
{ACAD_XDICTIONARY
360
D1
102
}
330
2A
100
AcDbVisualStyle
  2
Brighten
 70
    12
 71
     2
 72
     2
 73
     0
 90
        0
 40
0.6
 41
30.0
 62
     5
 63
     7
421
 16777215
 74
     1
 91
        4
 64
     7
 65
   257
 75
     1
175
     1
 42
1.0
 92
        8
 66
     7
 43
1.0
 76
     1
 77
     6
 78
     2
 67
     7
 79
     5
170
     0
171
     0
290
     0
174
     0
 93
        1
 44
50.0
173
     0
291
     1
 45
0.0
  0
VISUALSTYLE
  5
3A
102
{ACAD_REACTORS
330
2A
102
}
102
{ACAD_XDICTIONARY
360
D9
102
}
330
2A
100
AcDbVisualStyle
  2
ColorChange
 70
    16
 71
     2
 72
     2
 73
     3
 90
        0
 40
0.6
 41
30.0
 62
     5
 63
     8
421
  8421504
 74
     1
 91
        4
 64
     7
 65
   257
 75
     1
175
     1
 42
1.0
 92
        8
 66
     8
424
  8421504
 43
1.0
 76
     1
 77
     6
 78
     2
 67
     7
 79
     5
170
     0
171
     0
290
     0
174
     0
 93
        1
 44
0.0
173
     0
291
     1
 45
0.0
  0
VISUALSTYLE
  5
34
102
{ACAD_REACTORS
330
2A
102
}
102
{ACAD_XDICTIONARY
360
CD
102
}
330
2A
100
AcDbVisualStyle
  2
Conceptual
 70
     9
 71
     3
 72
     2
 73
     0
 90
        0
 40
0.6
 41
30.0
 62
     5
 63
     7
421
 16777215
 74
     2
 91
        2
 64
     7
 65
   257
 75
     1
175
     1
 42
179.0
 92
        8
 66
     7
 43
1.0
 76
     1
 77
     6
 78
     2
 67
     7
 79
     3
170
     0
171
     0
290
     0
174
     0
 93
        1
 44
0.0
173
     0
291
     0
 45
0.0
  0
VISUALSTYLE
  5
35
102
{ACAD_REACTORS
330
2A
102
}
102
{ACAD_XDICTIONARY
360
CF
102
}
330
2A
100
AcDbVisualStyle
  2
Dim
 70
    11
 71
     2
 72
     2
 73
     0
 90
        0
 40
0.6
 41
30.0
 62
     5
 63
     7
421
 16777215
 74
     1
 91
        4
 64
     7
 65
   257
 75
     1
175
     1
 42
1.0
 92
        8
 66
     7
 43
1.0
 76
     1
 77
     6
 78
     2
 67
     7
 79
     5
170
     0
171
     0
290
     0
174
     0
 93
        1
 44
-50.0
173
     0
291
     1
 45
0.0
  0
VISUALSTYLE
  5
3D
102
{ACAD_REACTORS
330
2A
102
}
102
{ACAD_XDICTIONARY
360
DF
102
}
330
2A
100
AcDbVisualStyle
  2
EdgeColorOff
 70
    22
 71
     2
 72
     2
 73
     0
 90
        0
 40
0.6
 41
30.0
 62
     5
 63
     7
421
 16777215
 74
     1
 91
        4
 64
     7
 65
   257
 75
     1
175
     1
 42
1.0
 92
        8
 66
     7
 43
1.0
 76
     1
 77
     6
 78
     2
 67
     7
 79
     5
170
     0
171
     0
290
     0
174
     0
 93
        1
 44
0.0
173
     0
291
     1
 45
0.0
  0
VISUALSTYLE
  5
39
102
{ACAD_REACTORS
330
2A
102
}
102
{ACAD_XDICTIONARY
360
D7
102
}
330
2A
100
AcDbVisualStyle
  2
Facepattern
 70
    15
 71
     2
 72
     2
 73
     0
 90
        0
 40
0.6
 41
30.0
 62
     5
 63
     7
421
 16777215
 74
     1
 91
        4
 64
     7
 65
   257
 75
     1
175
     1
 42
1.0
 92
        8
 66
     7
 43
1.0
 76
     1
 77
     6
 78
     2
 67
     7
 79
     5
170
     0
171
     0
290
     0
174
     0
 93
        1
 44
0.0
173
     0
291
     1
 45
0.0
  0
VISUALSTYLE
  5
2B
102
{ACAD_REACTORS
330
2A
102
}
102
{ACAD_XDICTIONARY
360
BB
102
}
330
2A
100
AcDbVisualStyle
  2
Flat
 70
     0
 71
     2
 72
     1
 73
     1
 90
        2
 40
0.6
 41
30.0
 62
     5
 63
     7
421
 16777215
 74
     0
 91
        0
 64
     7
 65
   257
 75
     1
175
     1
 42
1.0
 92
        8
 66
     7
 43
1.0
 76
     1
 77
     6
 78
     2
 67
     7
 79
     5
170
     0
171
     0
290
     0
174
     0
 93
       13
 44
0.0
173
     0
291
     1
 45
0.0
  0
VISUALSTYLE
  5
2C
102
{ACAD_REACTORS
330
2A
102
}
102
{ACAD_XDICTIONARY
360
BD
102
}
330
2A
100
AcDbVisualStyle
  2
FlatWithEdges
 70
     1
 71
     2
 72
     1
 73
     1
 90
        2
 40
0.6
 41
30.0
 62
     5
 63
     7
421
 16777215
 74
     1
 91
        0
 64
     7
 65
   257
 75
     1
175
     1
 42
1.0
 92
        0
 66
   257
 43
1.0
 76
     1
 77
     6
 78
     2
 67
     7
 79
     5
170
     0
171
     0
290
     0
174
     0
 93
       13
 44
0.0
173
     0
291
     1
 45
0.0
  0
VISUALSTYLE
  5
2D
102
{ACAD_REACTORS
330
2A
102
}
102
{ACAD_XDICTIONARY
360
BF
102
}
330
2A
100
AcDbVisualStyle
  2
Gouraud
 70
     2
 71
     2
 72
     2
 73
     1
 90
        2
 40
0.6
 41
30.0
 62
     5
 63
     7
421
 16777215
 74
     0
 91
        0
 64
     7
 65
   257
 75
     1
175
     1
 42
1.0
 92
        0
 66
     7
 43
1.0
 76
     1
 77
     6
 78
     2
 67
     7
 79
     5
170
     0
171
     0
290
     0
174
     0
 93
       13
 44
0.0
173
     0
291
     1
 45
0.0
  0
VISUALSTYLE
  5
2E
102
{ACAD_REACTORS
330
2A
102
}
102
{ACAD_XDICTIONARY
360
C1
102
}
330
2A
100
AcDbVisualStyle
  2
GouraudWithEdges
 70
     3
 71
     2
 72
     2
 73
     1
 90
        2
 40
0.6
 41
30.0
 62
     5
 63
     7
421
 16777215
 74
     1
 91
        0
 64
     7
 65
   257
 75
     1
175
     1
 42
1.0
 92
        0
 66
   257
 43
1.0
 76
     1
 77
     6
 78
     2
 67
     7
 79
     5
170
     0
171
     0
290
     0
174
     0
 93
       13
 44
0.0
173
     0
291
     1
 45
0.0
  0
VISUALSTYLE
  5
31
102
{ACAD_REACTORS
330
2A
102
}
102
{ACAD_XDICTIONARY
360
C7
102
}
330
2A
100
AcDbVisualStyle
  2
Hidden
 70
     6
 71
     1
 72
     2
 73
     2
 90
        0
 40
0.6
 41
30.0
 62
     5
 63
     7
421
 16777215
 74
     2
 91
        2
 64
     7
 65
   257
 75
     2
175
     1
 42
40.0
 92
        0
 66
   257
 43
1.0
 76
     1
 77
     6
 78
     2
 67
     7
 79
     3
170
     0
171
     0
290
     0
174
     0
 93
        1
 44
0.0
173
     0
291
     0
 45
0.0
  0
VISUALSTYLE
  5
3B
102
{ACAD_REACTORS
330
2A
102
}
102
{ACAD_XDICTIONARY
360
DB
102
}
330
2A
100
AcDbVisualStyle
  2
JitterOff
 70
    20
 71
     2
 72
     2
 73
     0
 90
        0
 40
0.6
 41
30.0
 62
     5
 63
     7
421
 16777215
 74
     1
 91
        4
 64
     7
 65
   257
 75
     1
175
     1
 42
1.0
 92
       10
 66
     7
 43
1.0
 76
     1
 77
     6
 78
     2
 67
     7
 79
     5
170
     0
171
     0
290
     0
174
     0
 93
        1
 44
0.0
173
     0
291
     1
 45
0.0
  0
VISUALSTYLE
  5
38
102
{ACAD_REACTORS
330
2A
102
}
102
{ACAD_XDICTIONARY
360
D5
102
}
330
2A
100
AcDbVisualStyle
  2
Linepattern
 70
    14
 71
     2
 72
     2
 73
     0
 90
        0
 40
0.6
 41
30.0
 62
     5
 63
     7
421
 16777215
 74
     1
 91
        4
 64
     7
 65
   257
 75
     7
175
     7
 42
1.0
 92
        8
 66
     7
 43
1.0
 76
     1
 77
     6
 78
     2
 67
     7
 79
     5
170
     0
171
     0
290
     0
174
     0
 93
        1
 44
0.0
173
     0
291
     1
 45
0.0
  0
VISUALSTYLE
  5
3C
102
{ACAD_REACTORS
330
2A
102
}
102
{ACAD_XDICTIONARY
360
DD
102
}
330
2A
100
AcDbVisualStyle
  2
OverhangOff
 70
    21
 71
     2
 72
     2
 73
     0
 90
        0
 40
0.6
 41
30.0
 62
     5
 63
     7
421
 16777215
 74
     1
 91
        4
 64
     7
 65
   257
 75
     1
175
     1
 42
1.0
 92
        9
 66
     7
 43
1.0
 76
     1
 77
     6
 78
     2
 67
     7
 79
     5
170
     0
171
     0
290
     0
174
     0
 93
        1
 44
0.0
173
     0
291
     1
 45
0.0
  0
VISUALSTYLE
  5
33
102
{ACAD_REACTORS
330
2A
102
}
102
{ACAD_XDICTIONARY
360
CB
102
}
330
2A
100
AcDbVisualStyle
  2
Realistic
 70
     8
 71
     2
 72
     3
 73
     0
 90
        2
 40
0.6
 41
30.0
 62
     5
 63
     7
421
 16777215
 74
     0
 91
        0
 64
     7
 65
   257
 75
     1
175
     1
 42
1.0
 92
        8
 66
   257
 43
1.0
 76
     1
 77
     6
 78
     2
 67
     7
 79
     3
170
     0
171
     0
290
     0
174
     0
 93
       13
 44
0.0
173
     0
291
     0
 45
0.0
  0
VISUALSTYLE
  5
42
102
{ACAD_REACTORS
330
2A
102
}
102
{ACAD_XDICTIONARY
360
E9
102
}
330
2A
100
AcDbVisualStyle
  2
Shaded
 70
    27
 71
     2
 72
     2
 73
     1
 90
        2
 40
0.6
 41
30.0
 62
     5
 63
     7
421
 16777215
 74
     0
 91
        4
 64
     7
 65
   257
 75
     1
175
     1
 42
1.0
 92
        8
 66
   257
 43
1.0
 76
     1
 77
     6
 78
     2
 67
     8
425
  7895160
 79
     3
170
     0
171
     0
290
     0
174
     0
 93
        5
 44
0.0
173
     0
291
     0
 45
0.0
  0
VISUALSTYLE
  5
41
102
{ACAD_REACTORS
330
2A
102
}
102
{ACAD_XDICTIONARY
360
E7
102
}
330
2A
100
AcDbVisualStyle
  2
Shaded with edges
 70
    26
 71
     2
 72
     2
 73
     1
 90
        2
 40
0.6
 41
30.0
 62
     5
 63
     7
421
 16777215
 74
     1
 91
       10
 64
     7
 65
   257
 75
     2
175
     1
 42
1.0
 92
        8
 66
   257
 43
1.0
 76
     1
 77
     6
 78
     2
 67
     7
 79
     3
170
     0
171
     0
290
     0
174
     0
 93
        5
 44
0.0
173
     0
291
     0
 45
0.0
  0
VISUALSTYLE
  5
3E
102
{ACAD_REACTORS
330
2A
102
}
102
{ACAD_XDICTIONARY
360
E1
102
}
330
2A
100
AcDbVisualStyle
  2
Shades of Gray
 70
    23
 71
     2
 72
     2
 73
     3
 90
        0
 40
0.6
 41
30.0
 62
     5
 63
     7
421
 16777215
 74
     2
 91
        2
 64
     7
 65
     7
 75
     1
175
     1
 42
40.0
 92
        8
 66
     7
 43
1.0
 76
     1
 77
     6
 78
     2
 67
     7
 79
     3
170
     0
171
     0
290
     0
174
     0
 93
        1
 44
0.0
173
     0
291
     0
 45
0.0
  0
VISUALSTYLE
  5
3F
102
{ACAD_REACTORS
330
2A
102
}
102
{ACAD_XDICTIONARY
360
E3
102
}
330
2A
100
AcDbVisualStyle
  2
Sketchy
 70
    24
 71
     1
 72
     2
 73
     2
 90
        0
 40
0.6
 41
30.0
 62
     5
 63
     7
421
 16777215
 74
     2
 91
        2
 64
     7
 65
     7
 75
     1
175
     1
 42
40.0
 92
       11
 66
     7
 43
1.0
 76
     1
 77
     6
 78
     2
 67
     7
 79
     6
170
     0
171
     0
290
     0
174
     0
 93
        1
 44
0.0
173
     0
291
     0
 45
0.0
  0
VISUALSTYLE
  5
37
102
{ACAD_REACTORS
330
2A
102
}
102
{ACAD_XDICTIONARY
360
D3
102
}
330
2A
100
AcDbVisualStyle
  2
Thicken
 70
    13
 71
     2
 72
     2
 73
     0
 90
        0
 40
0.6
 41
30.0
 62
     5
 63
     7
421
 16777215
 74
     1
 91
        4
 64
     7
 65
   257
 75
     1
175
     1
 42
1.0
 92
       12
 66
     7
 43
1.0
 76
     1
 77
     6
 78
     2
 67
     7
 79
     5
170
     0
171
     0
290
     0
174
     0
 93
        1
 44
0.0
173
     0
291
     1
 45
0.0
  0
VISUALSTYLE
  5
30
102
{ACAD_REACTORS
330
2A
102
}
102
{ACAD_XDICTIONARY
360
C5
102
}
330
2A
100
AcDbVisualStyle
  2
Wireframe
 70
     5
 71
     0
 72
     2
 73
     0
 90
        0
 40
0.6
 41
30.0
 62
     5
 63
     7
421
 16777215
 74
     1
 91
        4
 64
     7
 65
   257
 75
     1
175
     1
 42
1.0
 92
        0
 66
   257
 43
1.0
 76
     1
 77
     6
 78
     2
 67
     7
 79
     3
170
     0
171
     0
290
     0
174
     0
 93
        1
 44
0.0
173
     0
291
     0
 45
0.0
  0
VISUALSTYLE
  5
40
102
{ACAD_REACTORS
330
2A
102
}
102
{ACAD_XDICTIONARY
360
E5
102
}
330
2A
100
AcDbVisualStyle
  2
X-Ray
 70
    25
 71
     2
 72
     2
 73
     1
 90
        1
 40
0.5
 41
30.0
 62
     5
 63
     7
421
 16777215
 74
     1
 91
        0
 64
     7
 65
   257
 75
     1
175
     1
 42
1.0
 92
        8
 66
     7
 43
1.0
 76
     1
 77
     6
 78
     2
 67
     7
 79
     3
170
     0
171
     0
290
     0
174
     0
 93
       13
 44
0.0
173
     0
291
     0
 45
0.0
  0
DICTIONARYVAR
  5
B9
102
{ACAD_REACTORS
330
B8
102
}
330
B8
100
DictionaryVariables
280
     0
  1
1:1
  0
DICTIONARYVAR
  5
F2
102
{ACAD_REACTORS
330
B8
102
}
330
B8
100
DictionaryVariables
280
     0
  1
Standard
  0
DICTIONARYVAR
  5
F1
102
{ACAD_REACTORS
330
B8
102
}
330
B8
100
DictionaryVariables
280
     0
  1
Standard
  0
DICTIONARYVAR
  5
BA
102
{ACAD_REACTORS
330
B8
102
}
330
B8
100
DictionaryVariables
280
     0
  1
2
  0
DICTIONARY
  5
EE
330
6C
100
AcDbDictionary
280
     1
281
     1
  3
ACAD_XREC_ROUNDTRIP
360
EF
  0
DICTIONARY
  5
EB
330
6A
100
AcDbDictionary
280
     1
281
     1
  3
ACAD_ROUNDTRIP_2008_TABLESTYLE_CELLSTYLEMAP
360
EC
  0
DICTIONARY
  5
C3
330
2F
100
AcDbDictionary
280
     1
281
     1
  3
ACAD_XREC_ROUNDTRIP
360
C4
  0
DICTIONARY
  5
C9
330
32
100
AcDbDictionary
280
     1
281
     1
  3
ACAD_XREC_ROUNDTRIP
360
CA
  0
DICTIONARY
  5
D1
330
36
100
AcDbDictionary
280
     1
281
     1
  3
ACAD_XREC_ROUNDTRIP
360
D2
  0
DICTIONARY
  5
D9
330
3A
100
AcDbDictionary
280
     1
281
     1
  3
ACAD_XREC_ROUNDTRIP
360
DA
  0
DICTIONARY
  5
CD
330
34
100
AcDbDictionary
280
     1
281
     1
  3
ACAD_XREC_ROUNDTRIP
360
CE
  0
DICTIONARY
  5
CF
330
35
100
AcDbDictionary
280
     1
281
     1
  3
ACAD_XREC_ROUNDTRIP
360
D0
  0
DICTIONARY
  5
DF
330
3D
100
AcDbDictionary
280
     1
281
     1
  3
ACAD_XREC_ROUNDTRIP
360
E0
  0
DICTIONARY
  5
D7
330
39
100
AcDbDictionary
280
     1
281
     1
  3
ACAD_XREC_ROUNDTRIP
360
D8
  0
DICTIONARY
  5
BB
330
2B
100
AcDbDictionary
280
     1
281
     1
  3
ACAD_XREC_ROUNDTRIP
360
BC
  0
DICTIONARY
  5
BD
330
2C
100
AcDbDictionary
280
     1
281
     1
  3
ACAD_XREC_ROUNDTRIP
360
BE
  0
DICTIONARY
  5
BF
330
2D
100
AcDbDictionary
280
     1
281
     1
  3
ACAD_XREC_ROUNDTRIP
360
C0
  0
DICTIONARY
  5
C1
330
2E
100
AcDbDictionary
280
     1
281
     1
  3
ACAD_XREC_ROUNDTRIP
360
C2
  0
DICTIONARY
  5
C7
330
31
100
AcDbDictionary
280
     1
281
     1
  3
ACAD_XREC_ROUNDTRIP
360
C8
  0
DICTIONARY
  5
DB
330
3B
100
AcDbDictionary
280
     1
281
     1
  3
ACAD_XREC_ROUNDTRIP
360
DC
  0
DICTIONARY
  5
D5
330
38
100
AcDbDictionary
280
     1
281
     1
  3
ACAD_XREC_ROUNDTRIP
360
D6
  0
DICTIONARY
  5
DD
330
3C
100
AcDbDictionary
280
     1
281
     1
  3
ACAD_XREC_ROUNDTRIP
360
DE
  0
DICTIONARY
  5
CB
330
33
100
AcDbDictionary
280
     1
281
     1
  3
ACAD_XREC_ROUNDTRIP
360
CC
  0
DICTIONARY
  5
E9
330
42
100
AcDbDictionary
280
     1
281
     1
  3
ACAD_XREC_ROUNDTRIP
360
EA
  0
DICTIONARY
  5
E7
330
41
100
AcDbDictionary
280
     1
281
     1
  3
ACAD_XREC_ROUNDTRIP
360
E8
  0
DICTIONARY
  5
E1
330
3E
100
AcDbDictionary
280
     1
281
     1
  3
ACAD_XREC_ROUNDTRIP
360
E2
  0
DICTIONARY
  5
E3
330
3F
100
AcDbDictionary
280
     1
281
     1
  3
ACAD_XREC_ROUNDTRIP
360
E4
  0
DICTIONARY
  5
D3
330
37
100
AcDbDictionary
280
     1
281
     1
  3
ACAD_XREC_ROUNDTRIP
360
D4
  0
DICTIONARY
  5
C5
330
30
100
AcDbDictionary
280
     1
281
     1
  3
ACAD_XREC_ROUNDTRIP
360
C6
  0
DICTIONARY
  5
E5
330
40
100
AcDbDictionary
280
     1
281
     1
  3
ACAD_XREC_ROUNDTRIP
360
E6
  0
XRECORD
  5
EF
102
{ACAD_REACTORS
330
EE
102
}
330
EE
100
AcDbXrecord
280
     1
102
ACAD_ROUNDTRIP_2010_MLEADER_STYLE
  0
CELLSTYLEMAP
  5
EC
102
{ACAD_REACTORS
330
EB
102
}
330
EB
100
AcDbCellStyleMap
 90
        3
300
CELLSTYLE
  1
TABLEFORMAT_BEGIN
 90
        5
170
     1
 91
        0
 92
    32768
 62
   257
 93
        1
300
CONTENTFORMAT
  1
CONTENTFORMAT_BEGIN
 90
        0
 91
        0
 92
        4
 93
        0
300

 40
0.0
140
1.0
 94
        5
 62
     0
340
11
144
0.25
309
CONTENTFORMAT_END
171
     1
301
MARGIN
  1
CELLMARGIN_BEGIN
 40
0.06
 40
0.06
 40
0.06
 40
0.06
 40
0.06
 40
0.06
309
CELLMARGIN_END
 94
        6
 95
        1
302
GRIDFORMAT
  1
GRIDFORMAT_BEGIN
 90
        0
 91
        1
 62
     0
 92
       -2
340
14
 93
        0
 40
0.045
309
GRIDFORMAT_END
 95
        2
302
GRIDFORMAT
  1
GRIDFORMAT_BEGIN
 90
        0
 91
        1
 62
     0
 92
       -2
340
14
 93
        0
 40
0.045
309
GRIDFORMAT_END
 95
        4
302
GRIDFORMAT
  1
GRIDFORMAT_BEGIN
 90
        0
 91
        1
 62
     0
 92
       -2
340
14
 93
        0
 40
0.045
309
GRIDFORMAT_END
 95
        8
302
GRIDFORMAT
  1
GRIDFORMAT_BEGIN
 90
        0
 91
        1
 62
     0
 92
       -2
340
14
 93
        0
 40
0.045
309
GRIDFORMAT_END
 95
       16
302
GRIDFORMAT
  1
GRIDFORMAT_BEGIN
 90
        0
 91
        1
 62
     0
 92
       -2
340
14
 93
        0
 40
0.045
309
GRIDFORMAT_END
 95
       32
302
GRIDFORMAT
  1
GRIDFORMAT_BEGIN
 90
        0
 91
        1
 62
     0
 92
       -2
340
14
 93
        0
 40
0.045
309
GRIDFORMAT_END
309
TABLEFORMAT_END
  1
CELLSTYLE_BEGIN
 90
        1
 91
        1
300
_TITLE
309
CELLSTYLE_END
300
CELLSTYLE
  1
TABLEFORMAT_BEGIN
 90
        5
170
     1
 91
        0
 92
        0
 62
   257
 93
        1
300
CONTENTFORMAT
  1
CONTENTFORMAT_BEGIN
 90
        0
 91
        0
 92
        4
 93
        0
300

 40
0.0
140
1.0
 94
        5
 62
     0
340
11
144
0.18
309
CONTENTFORMAT_END
171
     1
301
MARGIN
  1
CELLMARGIN_BEGIN
 40
0.06
 40
0.06
 40
0.06
 40
0.06
 40
0.06
 40
0.06
309
CELLMARGIN_END
 94
        6
 95
        1
302
GRIDFORMAT
  1
GRIDFORMAT_BEGIN
 90
        0
 91
        1
 62
     0
 92
       -2
340
14
 93
        0
 40
0.045
309
GRIDFORMAT_END
 95
        2
302
GRIDFORMAT
  1
GRIDFORMAT_BEGIN
 90
        0
 91
        1
 62
     0
 92
       -2
340
14
 93
        0
 40
0.045
309
GRIDFORMAT_END
 95
        4
302
GRIDFORMAT
  1
GRIDFORMAT_BEGIN
 90
        0
 91
        1
 62
     0
 92
       -2
340
14
 93
        0
 40
0.045
309
GRIDFORMAT_END
 95
        8
302
GRIDFORMAT
  1
GRIDFORMAT_BEGIN
 90
        0
 91
        1
 62
     0
 92
       -2
340
14
 93
        0
 40
0.045
309
GRIDFORMAT_END
 95
       16
302
GRIDFORMAT
  1
GRIDFORMAT_BEGIN
 90
        0
 91
        1
 62
     0
 92
       -2
340
14
 93
        0
 40
0.045
309
GRIDFORMAT_END
 95
       32
302
GRIDFORMAT
  1
GRIDFORMAT_BEGIN
 90
        0
 91
        1
 62
     0
 92
       -2
340
14
 93
        0
 40
0.045
309
GRIDFORMAT_END
309
TABLEFORMAT_END
  1
CELLSTYLE_BEGIN
 90
        2
 91
        1
300
_HEADER
309
CELLSTYLE_END
300
CELLSTYLE
  1
TABLEFORMAT_BEGIN
 90
        5
170
     1
 91
        0
 92
        0
 62
   257
 93
        1
300
CONTENTFORMAT
  1
CONTENTFORMAT_BEGIN
 90
        0
 91
        0
 92
        4
 93
        0
300

 40
0.0
140
1.0
 94
        2
 62
     0
340
11
144
0.18
309
CONTENTFORMAT_END
171
     1
301
MARGIN
  1
CELLMARGIN_BEGIN
 40
0.06
 40
0.06
 40
0.06
 40
0.06
 40
0.06
 40
0.06
309
CELLMARGIN_END
 94
        6
 95
        1
302
GRIDFORMAT
  1
GRIDFORMAT_BEGIN
 90
        0
 91
        1
 62
     0
 92
       -2
340
14
 93
        0
 40
0.045
309
GRIDFORMAT_END
 95
        2
302
GRIDFORMAT
  1
GRIDFORMAT_BEGIN
 90
        0
 91
        1
 62
     0
 92
       -2
340
14
 93
        0
 40
0.045
309
GRIDFORMAT_END
 95
        4
302
GRIDFORMAT
  1
GRIDFORMAT_BEGIN
 90
        0
 91
        1
 62
     0
 92
       -2
340
14
 93
        0
 40
0.045
309
GRIDFORMAT_END
 95
        8
302
GRIDFORMAT
  1
GRIDFORMAT_BEGIN
 90
        0
 91
        1
 62
     0
 92
       -2
340
14
 93
        0
 40
0.045
309
GRIDFORMAT_END
 95
       16
302
GRIDFORMAT
  1
GRIDFORMAT_BEGIN
 90
        0
 91
        1
 62
     0
 92
       -2
340
14
 93
        0
 40
0.045
309
GRIDFORMAT_END
 95
       32
302
GRIDFORMAT
  1
GRIDFORMAT_BEGIN
 90
        0
 91
        1
 62
     0
 92
       -2
340
14
 93
        0
 40
0.045
309
GRIDFORMAT_END
309
TABLEFORMAT_END
  1
CELLSTYLE_BEGIN
 90
        3
 91
        2
300
_DATA
309
CELLSTYLE_END
  0
XRECORD
  5
C4
102
{ACAD_REACTORS
330
C3
102
}
330
C3
100
AcDbXrecord
280
     1
102
RTVSPropertyOp0
 70
     1
102
RTVSPropertyOp1
 70
     1
102
RTVSPropertyOp2
 70
     1
102
RTVSPropertyOp3
 70
     1
102
RTVSPropertyOp4
 70
     1
102
RTVSPropertyOp5
 70
     1
102
RTVSPropertyOp6
 70
     1
102
RTVSPropertyOp7
 70
     1
102
RTVSPropertyOp8
 70
     1
102
RTVSPropertyOp9
 70
     1
102
RTVSPropertyOp10
 70
     1
102
RTVSPropertyOp11
 70
     1
102
RTVSPropertyOp12
 70
     1
102
RTVSPropertyOp13
 70
     1
102
RTVSPropertyOp14
 70
     1
102
RTVSPropertyOp15
 70
     1
102
RTVSPropertyOp16
 70
     1
102
RTVSPropertyOp17
 70
     1
102
RTVSPropertyOp18
 70
     1
102
RTVSPropertyOp19
 70
     1
102
RTVSPropertyOp20
 70
     1
102
RTVSPropertyOp21
 70
     1
102
RTVSPropertyOp22
 70
     1
102
RTVSPropertyOp23
 70
     1
102
RTVSPropertyOp24
 70
     1
102
RTVSPropertyOp25
 70
     1
102
RTVSPropertyOp26
 70
     1
102
RTVSPropertyOp27
 70
     1
102
RTVSPropertyOp28
 70
     1
102
RTVSPropertyOp29
 70
     1
102
RTVSPropertyOp30
 70
     1
102
RTVSPropertyOp31
 70
     1
102
RTVSPropertyOp32
 70
     1
102
RTVSPropertyOp33
 70
     1
102
RTVSPropertyOp34
 70
     1
102
RTVSPropertyOp35
 70
     1
102
RTVSPropertyOp36
 70
     1
102
RTVSPropertyOp37
 70
     1
102
RTVSPropertyOp38
 70
     1
102
RTVSPropertyOp39
 70
     1
102
RTVSPropertyOp40
 70
     1
102
RTVSPropertyOp41
 70
     1
102
RTVSPropertyOp42
 70
     1
102
RTVSPropertyOp43
 70
     1
102
RTVSPropertyOp44
 70
     1
102
RTVSPropertyOp45
 70
     1
102
RTVSPropertyOp46
 70
     1
102
RTVSPropertyOp47
 70
     1
102
RTVSPropertyOp48
 70
     1
102
RTVSPropertyOp49
 70
     1
102
RTVSPropertyOp50
 70
     1
102
RTVSPropertyOp51
 70
     0
102
RTVSPropertyOp52
 70
     0
102
RTVSPropertyOp53
 70
     1
102
RTVSPropertyOp54
 70
     1
102
RTVSPropertyOp55
 70
     1
102
RTVSPropertyOp56
 70
     1
102
RTVSPropertyOp57
 70
     1
102
RTVSPost2010Prop28
280
     1
102
RTVSPost2010PropOp28
 70
     1
102
RTVSPost2010Prop29
280
     1
102
RTVSPost2010PropOp29
 70
     1
102
RTVSPost2010Prop30
280
     0
102
RTVSPost2010PropOp30
 70
     1
102
RTVSPost2010Prop31
280
     0
102
RTVSPost2010PropOp31
 70
     1
102
RTVSPost2010Prop32
280
     0
102
RTVSPost2010PropOp32
 70
     1
102
RTVSPost2010Prop33
280
     0
102
RTVSPost2010PropOp33
 70
     1
102
RTVSPost2010Prop34
280
     0
102
RTVSPost2010PropOp34
 70
     1
102
RTVSPost2010Prop35
280
     0
102
RTVSPost2010PropOp35
 70
     1
102
RTVSPost2010Prop36
280
     0
102
RTVSPost2010PropOp36
 70
     1
102
RTVSPost2010Prop37
 90
       50
102
RTVSPost2010PropOp37
 70
     1
102
RTVSPost2010Prop38
140
0.0
102
RTVSPost2010PropOp38
 70
     1
102
RTVSPost2010Prop39
140
1.0
102
RTVSPost2010PropOp39
 70
     1
102
RTVSPost2010Prop40
 90
        0
102
RTVSPost2010PropOp40
 70
     1
102
RTVSPost2010Prop41ColorIndex
 90
       18
102
RTVSPost2010Prop41ColorRGB
 90
        0
102
RTVSPost2010PropOp41
 70
     1
102
RTVSPost2010Prop42
 90
       50
102
RTVSPost2010PropOp42
 70
     1
102
RTVSPost2010Prop43
 90
        3
102
RTVSPost2010PropOp43
 70
     1
102
RTVSPost2010Prop44ColorIndex
 90
        5
102
RTVSPost2010Prop44ColorRGB
 90
      255
102
RTVSPost2010PropOp44
 70
     1
102
RTVSPost2010Prop45
280
     0
102
RTVSPost2010PropOp45
 70
     1
102
RTVSPost2010Prop46
 90
       50
102
RTVSPost2010PropOp46
 70
     1
102
RTVSPost2010Prop47
 90
       50
102
RTVSPost2010PropOp47
 70
     1
102
RTVSPost2010Prop48
 90
       50
102
RTVSPost2010PropOp48
 70
     1
102
RTVSPost2010Prop49
280
     0
102
RTVSPost2010PropOp49
 70
     1
102
RTVSPost2010Prop50
 90
       50
102
RTVSPost2010PropOp50
 70
     1
102
RTVSPost2010Prop51ColorIndex
 90
      256
102
RTVSPost2010Prop51ColorRGB
 90
-16777216
102
RTVSPost2010PropOp51
 70
     0
102
RTVSPost2010Prop52
140
1.0
102
RTVSPost2010PropOp52
 70
     0
102
RTVSPost2010Prop53
 90
        2
102
RTVSPost2010PropOp53
 70
     1
102
RTVSPost2010Prop54
  1
strokes_ogs.tif
102
RTVSPost2010PropOp54
 70
     1
102
RTVSPost2010Prop55
280
     0
102
RTVSPost2010PropOp55
 70
     1
102
RTVSPost2010Prop56
140
1.0
102
RTVSPost2010PropOp56
 70
     1
102
RTVSPost2010Prop57
140
1.0
102
RTVSPost2010PropOp57
 70
     1
  0
XRECORD
  5
CA
102
{ACAD_REACTORS
330
C9
102
}
330
C9
100
AcDbXrecord
280
     1
102
RTVSPropertyOp0
 70
     1
102
RTVSPropertyOp1
 70
     1
102
RTVSPropertyOp2
 70
     1
102
RTVSPropertyOp3
 70
     1
102
RTVSPropertyOp4
 70
     1
102
RTVSPropertyOp5
 70
     1
102
RTVSPropertyOp6
 70
     1
102
RTVSPropertyOp7
 70
     1
102
RTVSPropertyOp8
 70
     1
102
RTVSPropertyOp9
 70
     1
102
RTVSPropertyOp10
 70
     1
102
RTVSPropertyOp11
 70
     1
102
RTVSPropertyOp12
 70
     1
102
RTVSPropertyOp13
 70
     1
102
RTVSPropertyOp14
 70
     1
102
RTVSPropertyOp15
 70
     1
102
RTVSPropertyOp16
 70
     1
102
RTVSPropertyOp17
 70
     1
102
RTVSPropertyOp18
 70
     1
102
RTVSPropertyOp19
 70
     1
102
RTVSPropertyOp20
 70
     1
102
RTVSPropertyOp21
 70
     1
102
RTVSPropertyOp22
 70
     1
102
RTVSPropertyOp23
 70
     1
102
RTVSPropertyOp24
 70
     1
102
RTVSPropertyOp25
 70
     1
102
RTVSPropertyOp26
 70
     1
102
RTVSPropertyOp27
 70
     1
102
RTVSPropertyOp28
 70
     1
102
RTVSPropertyOp29
 70
     1
102
RTVSPropertyOp30
 70
     1
102
RTVSPropertyOp31
 70
     1
102
RTVSPropertyOp32
 70
     1
102
RTVSPropertyOp33
 70
     1
102
RTVSPropertyOp34
 70
     1
102
RTVSPropertyOp35
 70
     1
102
RTVSPropertyOp36
 70
     1
102
RTVSPropertyOp37
 70
     1
102
RTVSPropertyOp38
 70
     1
102
RTVSPropertyOp39
 70
     1
102
RTVSPropertyOp40
 70
     1
102
RTVSPropertyOp41
 70
     1
102
RTVSPropertyOp42
 70
     1
102
RTVSPropertyOp43
 70
     1
102
RTVSPropertyOp44
 70
     1
102
RTVSPropertyOp45
 70
     1
102
RTVSPropertyOp46
 70
     1
102
RTVSPropertyOp47
 70
     1
102
RTVSPropertyOp48
 70
     1
102
RTVSPropertyOp49
 70
     1
102
RTVSPropertyOp50
 70
     1
102
RTVSPropertyOp51
 70
     0
102
RTVSPropertyOp52
 70
     0
102
RTVSPropertyOp53
 70
     1
102
RTVSPropertyOp54
 70
     1
102
RTVSPropertyOp55
 70
     1
102
RTVSPropertyOp56
 70
     1
102
RTVSPropertyOp57
 70
     1
102
RTVSPost2010Prop28
280
     0
102
RTVSPost2010PropOp28
 70
     1
102
RTVSPost2010Prop29
280
     1
102
RTVSPost2010PropOp29
 70
     1
102
RTVSPost2010Prop30
280
     1
102
RTVSPost2010PropOp30
 70
     1
102
RTVSPost2010Prop31
280
     0
102
RTVSPost2010PropOp31
 70
     1
102
RTVSPost2010Prop32
280
     0
102
RTVSPost2010PropOp32
 70
     1
102
RTVSPost2010Prop33
280
     0
102
RTVSPost2010PropOp33
 70
     1
102
RTVSPost2010Prop34
280
     0
102
RTVSPost2010PropOp34
 70
     1
102
RTVSPost2010Prop35
280
     0
102
RTVSPost2010PropOp35
 70
     1
102
RTVSPost2010Prop36
280
     0
102
RTVSPost2010PropOp36
 70
     1
102
RTVSPost2010Prop37
 90
       50
102
RTVSPost2010PropOp37
 70
     1
102
RTVSPost2010Prop38
140
0.0
102
RTVSPost2010PropOp38
 70
     1
102
RTVSPost2010Prop39
140
1.0
102
RTVSPost2010PropOp39
 70
     1
102
RTVSPost2010Prop40
 90
        0
102
RTVSPost2010PropOp40
 70
     1
102
RTVSPost2010Prop41ColorIndex
 90
       18
102
RTVSPost2010Prop41ColorRGB
 90
        0
102
RTVSPost2010PropOp41
 70
     1
102
RTVSPost2010Prop42
 90
       50
102
RTVSPost2010PropOp42
 70
     1
102
RTVSPost2010Prop43
 90
        3
102
RTVSPost2010PropOp43
 70
     1
102
RTVSPost2010Prop44ColorIndex
 90
        5
102
RTVSPost2010Prop44ColorRGB
 90
      255
102
RTVSPost2010PropOp44
 70
     1
102
RTVSPost2010Prop45
280
     0
102
RTVSPost2010PropOp45
 70
     1
102
RTVSPost2010Prop46
 90
       50
102
RTVSPost2010PropOp46
 70
     1
102
RTVSPost2010Prop47
 90
       50
102
RTVSPost2010PropOp47
 70
     1
102
RTVSPost2010Prop48
 90
       50
102
RTVSPost2010PropOp48
 70
     1
102
RTVSPost2010Prop49
280
     0
102
RTVSPost2010PropOp49
 70
     1
102
RTVSPost2010Prop50
 90
       50
102
RTVSPost2010PropOp50
 70
     1
102
RTVSPost2010Prop51ColorIndex
 90
      256
102
RTVSPost2010Prop51ColorRGB
 90
-16777216
102
RTVSPost2010PropOp51
 70
     0
102
RTVSPost2010Prop52
140
1.0
102
RTVSPost2010PropOp52
 70
     0
102
RTVSPost2010Prop53
 90
        2
102
RTVSPost2010PropOp53
 70
     1
102
RTVSPost2010Prop54
  1
strokes_ogs.tif
102
RTVSPost2010PropOp54
 70
     1
102
RTVSPost2010Prop55
280
     0
102
RTVSPost2010PropOp55
 70
     1
102
RTVSPost2010Prop56
140
1.0
102
RTVSPost2010PropOp56
 70
     1
102
RTVSPost2010Prop57
140
1.0
102
RTVSPost2010PropOp57
 70
     1
  0
XRECORD
  5
D2
102
{ACAD_REACTORS
330
D1
102
}
330
D1
100
AcDbXrecord
280
     1
102
RTVSPropertyOp0
 70
     1
102
RTVSPropertyOp1
 70
     1
102
RTVSPropertyOp2
 70
     1
102
RTVSPropertyOp3
 70
     1
102
RTVSPropertyOp4
 70
     1
102
RTVSPropertyOp5
 70
     1
102
RTVSPropertyOp6
 70
     1
102
RTVSPropertyOp7
 70
     1
102
RTVSPropertyOp8
 70
     1
102
RTVSPropertyOp9
 70
     1
102
RTVSPropertyOp10
 70
     1
102
RTVSPropertyOp11
 70
     1
102
RTVSPropertyOp12
 70
     1
102
RTVSPropertyOp13
 70
     1
102
RTVSPropertyOp14
 70
     1
102
RTVSPropertyOp15
 70
     1
102
RTVSPropertyOp16
 70
     1
102
RTVSPropertyOp17
 70
     1
102
RTVSPropertyOp18
 70
     1
102
RTVSPropertyOp19
 70
     1
102
RTVSPropertyOp20
 70
     1
102
RTVSPropertyOp21
 70
     1
102
RTVSPropertyOp22
 70
     1
102
RTVSPropertyOp23
 70
     1
102
RTVSPropertyOp24
 70
     1
102
RTVSPropertyOp25
 70
     1
102
RTVSPropertyOp26
 70
     1
102
RTVSPropertyOp27
 70
     1
102
RTVSPropertyOp28
 70
     1
102
RTVSPropertyOp29
 70
     1
102
RTVSPropertyOp30
 70
     1
102
RTVSPropertyOp31
 70
     1
102
RTVSPropertyOp32
 70
     1
102
RTVSPropertyOp33
 70
     1
102
RTVSPropertyOp34
 70
     1
102
RTVSPropertyOp35
 70
     1
102
RTVSPropertyOp36
 70
     1
102
RTVSPropertyOp37
 70
     1
102
RTVSPropertyOp38
 70
     1
102
RTVSPropertyOp39
 70
     1
102
RTVSPropertyOp40
 70
     1
102
RTVSPropertyOp41
 70
     1
102
RTVSPropertyOp42
 70
     1
102
RTVSPropertyOp43
 70
     1
102
RTVSPropertyOp44
 70
     1
102
RTVSPropertyOp45
 70
     1
102
RTVSPropertyOp46
 70
     1
102
RTVSPropertyOp47
 70
     1
102
RTVSPropertyOp48
 70
     1
102
RTVSPropertyOp49
 70
     1
102
RTVSPropertyOp50
 70
     1
102
RTVSPropertyOp51
 70
     0
102
RTVSPropertyOp52
 70
     0
102
RTVSPropertyOp53
 70
     1
102
RTVSPropertyOp54
 70
     1
102
RTVSPropertyOp55
 70
     1
102
RTVSPropertyOp56
 70
     1
102
RTVSPropertyOp57
 70
     1
102
RTVSPost2010Prop28
280
     0
102
RTVSPost2010PropOp28
 70
     1
102
RTVSPost2010Prop29
280
     1
102
RTVSPost2010PropOp29
 70
     1
102
RTVSPost2010Prop30
280
     1
102
RTVSPost2010PropOp30
 70
     1
102
RTVSPost2010Prop31
280
     0
102
RTVSPost2010PropOp31
 70
     1
102
RTVSPost2010Prop32
280
     0
102
RTVSPost2010PropOp32
 70
     1
102
RTVSPost2010Prop33
280
     0
102
RTVSPost2010PropOp33
 70
     1
102
RTVSPost2010Prop34
280
     0
102
RTVSPost2010PropOp34
 70
     1
102
RTVSPost2010Prop35
280
     0
102
RTVSPost2010PropOp35
 70
     1
102
RTVSPost2010Prop36
280
     0
102
RTVSPost2010PropOp36
 70
     1
102
RTVSPost2010Prop37
 90
       50
102
RTVSPost2010PropOp37
 70
     1
102
RTVSPost2010Prop38
140
0.0
102
RTVSPost2010PropOp38
 70
     1
102
RTVSPost2010Prop39
140
1.0
102
RTVSPost2010PropOp39
 70
     1
102
RTVSPost2010Prop40
 90
        0
102
RTVSPost2010PropOp40
 70
     1
102
RTVSPost2010Prop41ColorIndex
 90
       18
102
RTVSPost2010Prop41ColorRGB
 90
        0
102
RTVSPost2010PropOp41
 70
     1
102
RTVSPost2010Prop42
 90
       50
102
RTVSPost2010PropOp42
 70
     1
102
RTVSPost2010Prop43
 90
        3
102
RTVSPost2010PropOp43
 70
     1
102
RTVSPost2010Prop44ColorIndex
 90
        5
102
RTVSPost2010Prop44ColorRGB
 90
      255
102
RTVSPost2010PropOp44
 70
     1
102
RTVSPost2010Prop45
280
     0
102
RTVSPost2010PropOp45
 70
     1
102
RTVSPost2010Prop46
 90
       50
102
RTVSPost2010PropOp46
 70
     1
102
RTVSPost2010Prop47
 90
       50
102
RTVSPost2010PropOp47
 70
     1
102
RTVSPost2010Prop48
 90
       50
102
RTVSPost2010PropOp48
 70
     1
102
RTVSPost2010Prop49
280
     0
102
RTVSPost2010PropOp49
 70
     1
102
RTVSPost2010Prop50
 90
       50
102
RTVSPost2010PropOp50
 70
     1
102
RTVSPost2010Prop51ColorIndex
 90
      256
102
RTVSPost2010Prop51ColorRGB
 90
-16777216
102
RTVSPost2010PropOp51
 70
     0
102
RTVSPost2010Prop52
140
1.0
102
RTVSPost2010PropOp52
 70
     0
102
RTVSPost2010Prop53
 90
        2
102
RTVSPost2010PropOp53
 70
     1
102
RTVSPost2010Prop54
  1
strokes_ogs.tif
102
RTVSPost2010PropOp54
 70
     1
102
RTVSPost2010Prop55
280
     0
102
RTVSPost2010PropOp55
 70
     1
102
RTVSPost2010Prop56
140
1.0
102
RTVSPost2010PropOp56
 70
     1
102
RTVSPost2010Prop57
140
1.0
102
RTVSPost2010PropOp57
 70
     1
  0
XRECORD
  5
DA
102
{ACAD_REACTORS
330
D9
102
}
330
D9
100
AcDbXrecord
280
     1
102
RTVSPropertyOp0
 70
     1
102
RTVSPropertyOp1
 70
     1
102
RTVSPropertyOp2
 70
     1
102
RTVSPropertyOp3
 70
     1
102
RTVSPropertyOp4
 70
     1
102
RTVSPropertyOp5
 70
     1
102
RTVSPropertyOp6
 70
     1
102
RTVSPropertyOp7
 70
     1
102
RTVSPropertyOp8
 70
     1
102
RTVSPropertyOp9
 70
     1
102
RTVSPropertyOp10
 70
     1
102
RTVSPropertyOp11
 70
     1
102
RTVSPropertyOp12
 70
     1
102
RTVSPropertyOp13
 70
     1
102
RTVSPropertyOp14
 70
     1
102
RTVSPropertyOp15
 70
     1
102
RTVSPropertyOp16
 70
     1
102
RTVSPropertyOp17
 70
     1
102
RTVSPropertyOp18
 70
     1
102
RTVSPropertyOp19
 70
     1
102
RTVSPropertyOp20
 70
     1
102
RTVSPropertyOp21
 70
     1
102
RTVSPropertyOp22
 70
     1
102
RTVSPropertyOp23
 70
     1
102
RTVSPropertyOp24
 70
     1
102
RTVSPropertyOp25
 70
     1
102
RTVSPropertyOp26
 70
     1
102
RTVSPropertyOp27
 70
     1
102
RTVSPropertyOp28
 70
     1
102
RTVSPropertyOp29
 70
     1
102
RTVSPropertyOp30
 70
     1
102
RTVSPropertyOp31
 70
     1
102
RTVSPropertyOp32
 70
     1
102
RTVSPropertyOp33
 70
     1
102
RTVSPropertyOp34
 70
     1
102
RTVSPropertyOp35
 70
     1
102
RTVSPropertyOp36
 70
     1
102
RTVSPropertyOp37
 70
     1
102
RTVSPropertyOp38
 70
     1
102
RTVSPropertyOp39
 70
     1
102
RTVSPropertyOp40
 70
     1
102
RTVSPropertyOp41
 70
     1
102
RTVSPropertyOp42
 70
     1
102
RTVSPropertyOp43
 70
     1
102
RTVSPropertyOp44
 70
     1
102
RTVSPropertyOp45
 70
     1
102
RTVSPropertyOp46
 70
     1
102
RTVSPropertyOp47
 70
     1
102
RTVSPropertyOp48
 70
     1
102
RTVSPropertyOp49
 70
     1
102
RTVSPropertyOp50
 70
     1
102
RTVSPropertyOp51
 70
     0
102
RTVSPropertyOp52
 70
     0
102
RTVSPropertyOp53
 70
     1
102
RTVSPropertyOp54
 70
     1
102
RTVSPropertyOp55
 70
     1
102
RTVSPropertyOp56
 70
     1
102
RTVSPropertyOp57
 70
     1
102
RTVSPost2010Prop28
280
     0
102
RTVSPost2010PropOp28
 70
     1
102
RTVSPost2010Prop29
280
     1
102
RTVSPost2010PropOp29
 70
     1
102
RTVSPost2010Prop30
280
     1
102
RTVSPost2010PropOp30
 70
     1
102
RTVSPost2010Prop31
280
     0
102
RTVSPost2010PropOp31
 70
     1
102
RTVSPost2010Prop32
280
     0
102
RTVSPost2010PropOp32
 70
     1
102
RTVSPost2010Prop33
280
     0
102
RTVSPost2010PropOp33
 70
     1
102
RTVSPost2010Prop34
280
     0
102
RTVSPost2010PropOp34
 70
     1
102
RTVSPost2010Prop35
280
     0
102
RTVSPost2010PropOp35
 70
     1
102
RTVSPost2010Prop36
280
     0
102
RTVSPost2010PropOp36
 70
     1
102
RTVSPost2010Prop37
 90
       50
102
RTVSPost2010PropOp37
 70
     1
102
RTVSPost2010Prop38
140
0.0
102
RTVSPost2010PropOp38
 70
     1
102
RTVSPost2010Prop39
140
1.0
102
RTVSPost2010PropOp39
 70
     1
102
RTVSPost2010Prop40
 90
        0
102
RTVSPost2010PropOp40
 70
     1
102
RTVSPost2010Prop41ColorIndex
 90
       18
102
RTVSPost2010Prop41ColorRGB
 90
        0
102
RTVSPost2010PropOp41
 70
     1
102
RTVSPost2010Prop42
 90
       50
102
RTVSPost2010PropOp42
 70
     1
102
RTVSPost2010Prop43
 90
        3
102
RTVSPost2010PropOp43
 70
     1
102
RTVSPost2010Prop44ColorIndex
 90
        5
102
RTVSPost2010Prop44ColorRGB
 90
      255
102
RTVSPost2010PropOp44
 70
     1
102
RTVSPost2010Prop45
280
     0
102
RTVSPost2010PropOp45
 70
     1
102
RTVSPost2010Prop46
 90
       50
102
RTVSPost2010PropOp46
 70
     1
102
RTVSPost2010Prop47
 90
       50
102
RTVSPost2010PropOp47
 70
     1
102
RTVSPost2010Prop48
 90
       50
102
RTVSPost2010PropOp48
 70
     1
102
RTVSPost2010Prop49
280
     0
102
RTVSPost2010PropOp49
 70
     1
102
RTVSPost2010Prop50
 90
       50
102
RTVSPost2010PropOp50
 70
     1
102
RTVSPost2010Prop51ColorIndex
 90
      256
102
RTVSPost2010Prop51ColorRGB
 90
-16777216
102
RTVSPost2010PropOp51
 70
     0
102
RTVSPost2010Prop52
140
1.0
102
RTVSPost2010PropOp52
 70
     0
102
RTVSPost2010Prop53
 90
        2
102
RTVSPost2010PropOp53
 70
     1
102
RTVSPost2010Prop54
  1
strokes_ogs.tif
102
RTVSPost2010PropOp54
 70
     1
102
RTVSPost2010Prop55
280
     0
102
RTVSPost2010PropOp55
 70
     1
102
RTVSPost2010Prop56
140
1.0
102
RTVSPost2010PropOp56
 70
     1
102
RTVSPost2010Prop57
140
1.0
102
RTVSPost2010PropOp57
 70
     1
  0
XRECORD
  5
CE
102
{ACAD_REACTORS
330
CD
102
}
330
CD
100
AcDbXrecord
280
     1
102
RTVSPropertyOp0
 70
     1
102
RTVSPropertyOp1
 70
     1
102
RTVSPropertyOp2
 70
     1
102
RTVSPropertyOp3
 70
     1
102
RTVSPropertyOp4
 70
     1
102
RTVSPropertyOp5
 70
     1
102
RTVSPropertyOp6
 70
     1
102
RTVSPropertyOp7
 70
     1
102
RTVSPropertyOp8
 70
     1
102
RTVSPropertyOp9
 70
     1
102
RTVSPropertyOp10
 70
     1
102
RTVSPropertyOp11
 70
     1
102
RTVSPropertyOp12
 70
     1
102
RTVSPropertyOp13
 70
     1
102
RTVSPropertyOp14
 70
     1
102
RTVSPropertyOp15
 70
     1
102
RTVSPropertyOp16
 70
     1
102
RTVSPropertyOp17
 70
     1
102
RTVSPropertyOp18
 70
     1
102
RTVSPropertyOp19
 70
     1
102
RTVSPropertyOp20
 70
     1
102
RTVSPropertyOp21
 70
     1
102
RTVSPropertyOp22
 70
     1
102
RTVSPropertyOp23
 70
     1
102
RTVSPropertyOp24
 70
     1
102
RTVSPropertyOp25
 70
     1
102
RTVSPropertyOp26
 70
     1
102
RTVSPropertyOp27
 70
     1
102
RTVSPropertyOp28
 70
     1
102
RTVSPropertyOp29
 70
     1
102
RTVSPropertyOp30
 70
     1
102
RTVSPropertyOp31
 70
     1
102
RTVSPropertyOp32
 70
     1
102
RTVSPropertyOp33
 70
     1
102
RTVSPropertyOp34
 70
     1
102
RTVSPropertyOp35
 70
     1
102
RTVSPropertyOp36
 70
     1
102
RTVSPropertyOp37
 70
     1
102
RTVSPropertyOp38
 70
     1
102
RTVSPropertyOp39
 70
     1
102
RTVSPropertyOp40
 70
     1
102
RTVSPropertyOp41
 70
     1
102
RTVSPropertyOp42
 70
     1
102
RTVSPropertyOp43
 70
     1
102
RTVSPropertyOp44
 70
     1
102
RTVSPropertyOp45
 70
     1
102
RTVSPropertyOp46
 70
     1
102
RTVSPropertyOp47
 70
     1
102
RTVSPropertyOp48
 70
     1
102
RTVSPropertyOp49
 70
     1
102
RTVSPropertyOp50
 70
     1
102
RTVSPropertyOp51
 70
     0
102
RTVSPropertyOp52
 70
     0
102
RTVSPropertyOp53
 70
     1
102
RTVSPropertyOp54
 70
     1
102
RTVSPropertyOp55
 70
     1
102
RTVSPropertyOp56
 70
     1
102
RTVSPropertyOp57
 70
     1
102
RTVSPost2010Prop28
280
     0
102
RTVSPost2010PropOp28
 70
     1
102
RTVSPost2010Prop29
280
     1
102
RTVSPost2010PropOp29
 70
     1
102
RTVSPost2010Prop30
280
     1
102
RTVSPost2010PropOp30
 70
     1
102
RTVSPost2010Prop31
280
     0
102
RTVSPost2010PropOp31
 70
     1
102
RTVSPost2010Prop32
280
     0
102
RTVSPost2010PropOp32
 70
     1
102
RTVSPost2010Prop33
280
     0
102
RTVSPost2010PropOp33
 70
     1
102
RTVSPost2010Prop34
280
     0
102
RTVSPost2010PropOp34
 70
     1
102
RTVSPost2010Prop35
280
     0
102
RTVSPost2010PropOp35
 70
     1
102
RTVSPost2010Prop36
280
     0
102
RTVSPost2010PropOp36
 70
     1
102
RTVSPost2010Prop37
 90
       50
102
RTVSPost2010PropOp37
 70
     1
102
RTVSPost2010Prop38
140
0.0
102
RTVSPost2010PropOp38
 70
     1
102
RTVSPost2010Prop39
140
1.0
102
RTVSPost2010PropOp39
 70
     1
102
RTVSPost2010Prop40
 90
        0
102
RTVSPost2010PropOp40
 70
     1
102
RTVSPost2010Prop41ColorIndex
 90
       18
102
RTVSPost2010Prop41ColorRGB
 90
        0
102
RTVSPost2010PropOp41
 70
     1
102
RTVSPost2010Prop42
 90
       50
102
RTVSPost2010PropOp42
 70
     1
102
RTVSPost2010Prop43
 90
        3
102
RTVSPost2010PropOp43
 70
     1
102
RTVSPost2010Prop44ColorIndex
 90
        5
102
RTVSPost2010Prop44ColorRGB
 90
      255
102
RTVSPost2010PropOp44
 70
     1
102
RTVSPost2010Prop45
280
     0
102
RTVSPost2010PropOp45
 70
     1
102
RTVSPost2010Prop46
 90
       50
102
RTVSPost2010PropOp46
 70
     1
102
RTVSPost2010Prop47
 90
       50
102
RTVSPost2010PropOp47
 70
     1
102
RTVSPost2010Prop48
 90
       50
102
RTVSPost2010PropOp48
 70
     1
102
RTVSPost2010Prop49
280
     0
102
RTVSPost2010PropOp49
 70
     1
102
RTVSPost2010Prop50
 90
       50
102
RTVSPost2010PropOp50
 70
     1
102
RTVSPost2010Prop51ColorIndex
 90
      256
102
RTVSPost2010Prop51ColorRGB
 90
-16777216
102
RTVSPost2010PropOp51
 70
     0
102
RTVSPost2010Prop52
140
1.0
102
RTVSPost2010PropOp52
 70
     0
102
RTVSPost2010Prop53
 90
        2
102
RTVSPost2010PropOp53
 70
     1
102
RTVSPost2010Prop54
  1
strokes_ogs.tif
102
RTVSPost2010PropOp54
 70
     1
102
RTVSPost2010Prop55
280
     0
102
RTVSPost2010PropOp55
 70
     1
102
RTVSPost2010Prop56
140
1.0
102
RTVSPost2010PropOp56
 70
     1
102
RTVSPost2010Prop57
140
1.0
102
RTVSPost2010PropOp57
 70
     1
  0
XRECORD
  5
D0
102
{ACAD_REACTORS
330
CF
102
}
330
CF
100
AcDbXrecord
280
     1
102
RTVSPropertyOp0
 70
     1
102
RTVSPropertyOp1
 70
     1
102
RTVSPropertyOp2
 70
     1
102
RTVSPropertyOp3
 70
     1
102
RTVSPropertyOp4
 70
     1
102
RTVSPropertyOp5
 70
     1
102
RTVSPropertyOp6
 70
     1
102
RTVSPropertyOp7
 70
     1
102
RTVSPropertyOp8
 70
     1
102
RTVSPropertyOp9
 70
     1
102
RTVSPropertyOp10
 70
     1
102
RTVSPropertyOp11
 70
     1
102
RTVSPropertyOp12
 70
     1
102
RTVSPropertyOp13
 70
     1
102
RTVSPropertyOp14
 70
     1
102
RTVSPropertyOp15
 70
     1
102
RTVSPropertyOp16
 70
     1
102
RTVSPropertyOp17
 70
     1
102
RTVSPropertyOp18
 70
     1
102
RTVSPropertyOp19
 70
     1
102
RTVSPropertyOp20
 70
     1
102
RTVSPropertyOp21
 70
     1
102
RTVSPropertyOp22
 70
     1
102
RTVSPropertyOp23
 70
     1
102
RTVSPropertyOp24
 70
     1
102
RTVSPropertyOp25
 70
     1
102
RTVSPropertyOp26
 70
     1
102
RTVSPropertyOp27
 70
     1
102
RTVSPropertyOp28
 70
     1
102
RTVSPropertyOp29
 70
     1
102
RTVSPropertyOp30
 70
     1
102
RTVSPropertyOp31
 70
     1
102
RTVSPropertyOp32
 70
     1
102
RTVSPropertyOp33
 70
     1
102
RTVSPropertyOp34
 70
     1
102
RTVSPropertyOp35
 70
     1
102
RTVSPropertyOp36
 70
     1
102
RTVSPropertyOp37
 70
     1
102
RTVSPropertyOp38
 70
     1
102
RTVSPropertyOp39
 70
     1
102
RTVSPropertyOp40
 70
     1
102
RTVSPropertyOp41
 70
     1
102
RTVSPropertyOp42
 70
     1
102
RTVSPropertyOp43
 70
     1
102
RTVSPropertyOp44
 70
     1
102
RTVSPropertyOp45
 70
     1
102
RTVSPropertyOp46
 70
     1
102
RTVSPropertyOp47
 70
     1
102
RTVSPropertyOp48
 70
     1
102
RTVSPropertyOp49
 70
     1
102
RTVSPropertyOp50
 70
     1
102
RTVSPropertyOp51
 70
     0
102
RTVSPropertyOp52
 70
     0
102
RTVSPropertyOp53
 70
     1
102
RTVSPropertyOp54
 70
     1
102
RTVSPropertyOp55
 70
     1
102
RTVSPropertyOp56
 70
     1
102
RTVSPropertyOp57
 70
     1
102
RTVSPost2010Prop28
280
     0
102
RTVSPost2010PropOp28
 70
     1
102
RTVSPost2010Prop29
280
     1
102
RTVSPost2010PropOp29
 70
     1
102
RTVSPost2010Prop30
280
     1
102
RTVSPost2010PropOp30
 70
     1
102
RTVSPost2010Prop31
280
     0
102
RTVSPost2010PropOp31
 70
     1
102
RTVSPost2010Prop32
280
     0
102
RTVSPost2010PropOp32
 70
     1
102
RTVSPost2010Prop33
280
     0
102
RTVSPost2010PropOp33
 70
     1
102
RTVSPost2010Prop34
280
     0
102
RTVSPost2010PropOp34
 70
     1
102
RTVSPost2010Prop35
280
     0
102
RTVSPost2010PropOp35
 70
     1
102
RTVSPost2010Prop36
280
     0
102
RTVSPost2010PropOp36
 70
     1
102
RTVSPost2010Prop37
 90
       50
102
RTVSPost2010PropOp37
 70
     1
102
RTVSPost2010Prop38
140
0.0
102
RTVSPost2010PropOp38
 70
     1
102
RTVSPost2010Prop39
140
1.0
102
RTVSPost2010PropOp39
 70
     1
102
RTVSPost2010Prop40
 90
        0
102
RTVSPost2010PropOp40
 70
     1
102
RTVSPost2010Prop41ColorIndex
 90
       18
102
RTVSPost2010Prop41ColorRGB
 90
        0
102
RTVSPost2010PropOp41
 70
     1
102
RTVSPost2010Prop42
 90
       50
102
RTVSPost2010PropOp42
 70
     1
102
RTVSPost2010Prop43
 90
        3
102
RTVSPost2010PropOp43
 70
     1
102
RTVSPost2010Prop44ColorIndex
 90
        5
102
RTVSPost2010Prop44ColorRGB
 90
      255
102
RTVSPost2010PropOp44
 70
     1
102
RTVSPost2010Prop45
280
     0
102
RTVSPost2010PropOp45
 70
     1
102
RTVSPost2010Prop46
 90
       50
102
RTVSPost2010PropOp46
 70
     1
102
RTVSPost2010Prop47
 90
       50
102
RTVSPost2010PropOp47
 70
     1
102
RTVSPost2010Prop48
 90
       50
102
RTVSPost2010PropOp48
 70
     1
102
RTVSPost2010Prop49
280
     0
102
RTVSPost2010PropOp49
 70
     1
102
RTVSPost2010Prop50
 90
       50
102
RTVSPost2010PropOp50
 70
     1
102
RTVSPost2010Prop51ColorIndex
 90
      256
102
RTVSPost2010Prop51ColorRGB
 90
-16777216
102
RTVSPost2010PropOp51
 70
     0
102
RTVSPost2010Prop52
140
1.0
102
RTVSPost2010PropOp52
 70
     0
102
RTVSPost2010Prop53
 90
        2
102
RTVSPost2010PropOp53
 70
     1
102
RTVSPost2010Prop54
  1
strokes_ogs.tif
102
RTVSPost2010PropOp54
 70
     1
102
RTVSPost2010Prop55
280
     0
102
RTVSPost2010PropOp55
 70
     1
102
RTVSPost2010Prop56
140
1.0
102
RTVSPost2010PropOp56
 70
     1
102
RTVSPost2010Prop57
140
1.0
102
RTVSPost2010PropOp57
 70
     1
  0
XRECORD
  5
E0
102
{ACAD_REACTORS
330
DF
102
}
330
DF
100
AcDbXrecord
280
     1
102
RTVSPropertyOp0
 70
     0
102
RTVSPropertyOp1
 70
     0
102
RTVSPropertyOp2
 70
     0
102
RTVSPropertyOp3
 70
     0
102
RTVSPropertyOp4
 70
     0
102
RTVSPropertyOp5
 70
     0
102
RTVSPropertyOp6
 70
     0
102
RTVSPropertyOp7
 70
     0
102
RTVSPropertyOp8
 70
     0
102
RTVSPropertyOp9
 70
     0
102
RTVSPropertyOp10
 70
     0
102
RTVSPropertyOp11
 70
     0
102
RTVSPropertyOp12
 70
     0
102
RTVSPropertyOp13
 70
     0
102
RTVSPropertyOp14
 70
     2
102
RTVSPropertyOp15
 70
     0
102
RTVSPropertyOp16
 70
     0
102
RTVSPropertyOp17
 70
     0
102
RTVSPropertyOp18
 70
     0
102
RTVSPropertyOp19
 70
     0
102
RTVSPropertyOp20
 70
     0
102
RTVSPropertyOp21
 70
     0
102
RTVSPropertyOp22
 70
     0
102
RTVSPropertyOp23
 70
     0
102
RTVSPropertyOp24
 70
     0
102
RTVSPropertyOp25
 70
     0
102
RTVSPropertyOp26
 70
     0
102
RTVSPropertyOp27
 70
     0
102
RTVSPropertyOp28
 70
     0
102
RTVSPropertyOp29
 70
     0
102
RTVSPropertyOp30
 70
     0
102
RTVSPropertyOp31
 70
     0
102
RTVSPropertyOp32
 70
     0
102
RTVSPropertyOp33
 70
     0
102
RTVSPropertyOp34
 70
     0
102
RTVSPropertyOp35
 70
     0
102
RTVSPropertyOp36
 70
     0
102
RTVSPropertyOp37
 70
     0
102
RTVSPropertyOp38
 70
     0
102
RTVSPropertyOp39
 70
     0
102
RTVSPropertyOp40
 70
     0
102
RTVSPropertyOp41
 70
     0
102
RTVSPropertyOp42
 70
     0
102
RTVSPropertyOp43
 70
     0
102
RTVSPropertyOp44
 70
     0
102
RTVSPropertyOp45
 70
     0
102
RTVSPropertyOp46
 70
     0
102
RTVSPropertyOp47
 70
     0
102
RTVSPropertyOp48
 70
     0
102
RTVSPropertyOp49
 70
     0
102
RTVSPropertyOp50
 70
     0
102
RTVSPropertyOp51
 70
     0
102
RTVSPropertyOp52
 70
     0
102
RTVSPropertyOp53
 70
     0
102
RTVSPropertyOp54
 70
     0
102
RTVSPropertyOp55
 70
     0
102
RTVSPropertyOp56
 70
     0
102
RTVSPropertyOp57
 70
     0
102
RTVSPost2010Prop28
280
     0
102
RTVSPost2010PropOp28
 70
     0
102
RTVSPost2010Prop29
280
     1
102
RTVSPost2010PropOp29
 70
     0
102
RTVSPost2010Prop30
280
     1
102
RTVSPost2010PropOp30
 70
     0
102
RTVSPost2010Prop31
280
     0
102
RTVSPost2010PropOp31
 70
     0
102
RTVSPost2010Prop32
280
     0
102
RTVSPost2010PropOp32
 70
     0
102
RTVSPost2010Prop33
280
     0
102
RTVSPost2010PropOp33
 70
     0
102
RTVSPost2010Prop34
280
     0
102
RTVSPost2010PropOp34
 70
     0
102
RTVSPost2010Prop35
280
     0
102
RTVSPost2010PropOp35
 70
     0
102
RTVSPost2010Prop36
280
     0
102
RTVSPost2010PropOp36
 70
     0
102
RTVSPost2010Prop37
 90
       50
102
RTVSPost2010PropOp37
 70
     0
102
RTVSPost2010Prop38
140
0.0
102
RTVSPost2010PropOp38
 70
     0
102
RTVSPost2010Prop39
140
1.0
102
RTVSPost2010PropOp39
 70
     0
102
RTVSPost2010Prop40
 90
        0
102
RTVSPost2010PropOp40
 70
     0
102
RTVSPost2010Prop41ColorIndex
 90
       18
102
RTVSPost2010Prop41ColorRGB
 90
        0
102
RTVSPost2010PropOp41
 70
     0
102
RTVSPost2010Prop42
 90
       50
102
RTVSPost2010PropOp42
 70
     0
102
RTVSPost2010Prop43
 90
        3
102
RTVSPost2010PropOp43
 70
     0
102
RTVSPost2010Prop44ColorIndex
 90
        5
102
RTVSPost2010Prop44ColorRGB
 90
      255
102
RTVSPost2010PropOp44
 70
     0
102
RTVSPost2010Prop45
280
     0
102
RTVSPost2010PropOp45
 70
     0
102
RTVSPost2010Prop46
 90
       50
102
RTVSPost2010PropOp46
 70
     0
102
RTVSPost2010Prop47
 90
       50
102
RTVSPost2010PropOp47
 70
     0
102
RTVSPost2010Prop48
 90
       50
102
RTVSPost2010PropOp48
 70
     0
102
RTVSPost2010Prop49
280
     0
102
RTVSPost2010PropOp49
 70
     0
102
RTVSPost2010Prop50
 90
       50
102
RTVSPost2010PropOp50
 70
     0
102
RTVSPost2010Prop51ColorIndex
 90
      256
102
RTVSPost2010Prop51ColorRGB
 90
-16777216
102
RTVSPost2010PropOp51
 70
     0
102
RTVSPost2010Prop52
140
1.0
102
RTVSPost2010PropOp52
 70
     0
102
RTVSPost2010Prop53
 90
        2
102
RTVSPost2010PropOp53
 70
     0
102
RTVSPost2010Prop54
  1
strokes_ogs.tif
102
RTVSPost2010PropOp54
 70
     0
102
RTVSPost2010Prop55
280
     0
102
RTVSPost2010PropOp55
 70
     0
102
RTVSPost2010Prop56
140
1.0
102
RTVSPost2010PropOp56
 70
     0
102
RTVSPost2010Prop57
140
1.0
102
RTVSPost2010PropOp57
 70
     0
  0
XRECORD
  5
D8
102
{ACAD_REACTORS
330
D7
102
}
330
D7
100
AcDbXrecord
280
     1
102
RTVSPropertyOp0
 70
     1
102
RTVSPropertyOp1
 70
     1
102
RTVSPropertyOp2
 70
     1
102
RTVSPropertyOp3
 70
     1
102
RTVSPropertyOp4
 70
     1
102
RTVSPropertyOp5
 70
     1
102
RTVSPropertyOp6
 70
     1
102
RTVSPropertyOp7
 70
     1
102
RTVSPropertyOp8
 70
     1
102
RTVSPropertyOp9
 70
     1
102
RTVSPropertyOp10
 70
     1
102
RTVSPropertyOp11
 70
     1
102
RTVSPropertyOp12
 70
     1
102
RTVSPropertyOp13
 70
     1
102
RTVSPropertyOp14
 70
     1
102
RTVSPropertyOp15
 70
     1
102
RTVSPropertyOp16
 70
     1
102
RTVSPropertyOp17
 70
     1
102
RTVSPropertyOp18
 70
     1
102
RTVSPropertyOp19
 70
     1
102
RTVSPropertyOp20
 70
     1
102
RTVSPropertyOp21
 70
     1
102
RTVSPropertyOp22
 70
     1
102
RTVSPropertyOp23
 70
     1
102
RTVSPropertyOp24
 70
     1
102
RTVSPropertyOp25
 70
     1
102
RTVSPropertyOp26
 70
     1
102
RTVSPropertyOp27
 70
     1
102
RTVSPropertyOp28
 70
     1
102
RTVSPropertyOp29
 70
     1
102
RTVSPropertyOp30
 70
     1
102
RTVSPropertyOp31
 70
     1
102
RTVSPropertyOp32
 70
     1
102
RTVSPropertyOp33
 70
     1
102
RTVSPropertyOp34
 70
     1
102
RTVSPropertyOp35
 70
     1
102
RTVSPropertyOp36
 70
     1
102
RTVSPropertyOp37
 70
     1
102
RTVSPropertyOp38
 70
     1
102
RTVSPropertyOp39
 70
     1
102
RTVSPropertyOp40
 70
     1
102
RTVSPropertyOp41
 70
     1
102
RTVSPropertyOp42
 70
     1
102
RTVSPropertyOp43
 70
     1
102
RTVSPropertyOp44
 70
     1
102
RTVSPropertyOp45
 70
     1
102
RTVSPropertyOp46
 70
     1
102
RTVSPropertyOp47
 70
     1
102
RTVSPropertyOp48
 70
     1
102
RTVSPropertyOp49
 70
     1
102
RTVSPropertyOp50
 70
     1
102
RTVSPropertyOp51
 70
     0
102
RTVSPropertyOp52
 70
     0
102
RTVSPropertyOp53
 70
     1
102
RTVSPropertyOp54
 70
     1
102
RTVSPropertyOp55
 70
     1
102
RTVSPropertyOp56
 70
     1
102
RTVSPropertyOp57
 70
     1
102
RTVSPost2010Prop28
280
     0
102
RTVSPost2010PropOp28
 70
     1
102
RTVSPost2010Prop29
280
     1
102
RTVSPost2010PropOp29
 70
     1
102
RTVSPost2010Prop30
280
     1
102
RTVSPost2010PropOp30
 70
     1
102
RTVSPost2010Prop31
280
     0
102
RTVSPost2010PropOp31
 70
     1
102
RTVSPost2010Prop32
280
     0
102
RTVSPost2010PropOp32
 70
     1
102
RTVSPost2010Prop33
280
     0
102
RTVSPost2010PropOp33
 70
     1
102
RTVSPost2010Prop34
280
     0
102
RTVSPost2010PropOp34
 70
     1
102
RTVSPost2010Prop35
280
     0
102
RTVSPost2010PropOp35
 70
     1
102
RTVSPost2010Prop36
280
     0
102
RTVSPost2010PropOp36
 70
     1
102
RTVSPost2010Prop37
 90
       50
102
RTVSPost2010PropOp37
 70
     1
102
RTVSPost2010Prop38
140
0.0
102
RTVSPost2010PropOp38
 70
     1
102
RTVSPost2010Prop39
140
1.0
102
RTVSPost2010PropOp39
 70
     1
102
RTVSPost2010Prop40
 90
        0
102
RTVSPost2010PropOp40
 70
     1
102
RTVSPost2010Prop41ColorIndex
 90
       18
102
RTVSPost2010Prop41ColorRGB
 90
        0
102
RTVSPost2010PropOp41
 70
     1
102
RTVSPost2010Prop42
 90
       50
102
RTVSPost2010PropOp42
 70
     1
102
RTVSPost2010Prop43
 90
        3
102
RTVSPost2010PropOp43
 70
     1
102
RTVSPost2010Prop44ColorIndex
 90
        5
102
RTVSPost2010Prop44ColorRGB
 90
      255
102
RTVSPost2010PropOp44
 70
     1
102
RTVSPost2010Prop45
280
     0
102
RTVSPost2010PropOp45
 70
     1
102
RTVSPost2010Prop46
 90
       50
102
RTVSPost2010PropOp46
 70
     1
102
RTVSPost2010Prop47
 90
       50
102
RTVSPost2010PropOp47
 70
     1
102
RTVSPost2010Prop48
 90
       50
102
RTVSPost2010PropOp48
 70
     1
102
RTVSPost2010Prop49
280
     0
102
RTVSPost2010PropOp49
 70
     1
102
RTVSPost2010Prop50
 90
       50
102
RTVSPost2010PropOp50
 70
     1
102
RTVSPost2010Prop51ColorIndex
 90
      256
102
RTVSPost2010Prop51ColorRGB
 90
-16777216
102
RTVSPost2010PropOp51
 70
     0
102
RTVSPost2010Prop52
140
1.0
102
RTVSPost2010PropOp52
 70
     0
102
RTVSPost2010Prop53
 90
        2
102
RTVSPost2010PropOp53
 70
     1
102
RTVSPost2010Prop54
  1
strokes_ogs.tif
102
RTVSPost2010PropOp54
 70
     1
102
RTVSPost2010Prop55
280
     0
102
RTVSPost2010PropOp55
 70
     1
102
RTVSPost2010Prop56
140
1.0
102
RTVSPost2010PropOp56
 70
     1
102
RTVSPost2010Prop57
140
1.0
102
RTVSPost2010PropOp57
 70
     1
  0
XRECORD
  5
BC
102
{ACAD_REACTORS
330
BB
102
}
330
BB
100
AcDbXrecord
280
     1
102
RTVSPropertyOp0
 70
     1
102
RTVSPropertyOp1
 70
     1
102
RTVSPropertyOp2
 70
     1
102
RTVSPropertyOp3
 70
     1
102
RTVSPropertyOp4
 70
     1
102
RTVSPropertyOp5
 70
     1
102
RTVSPropertyOp6
 70
     1
102
RTVSPropertyOp7
 70
     1
102
RTVSPropertyOp8
 70
     1
102
RTVSPropertyOp9
 70
     1
102
RTVSPropertyOp10
 70
     1
102
RTVSPropertyOp11
 70
     1
102
RTVSPropertyOp12
 70
     1
102
RTVSPropertyOp13
 70
     1
102
RTVSPropertyOp14
 70
     1
102
RTVSPropertyOp15
 70
     1
102
RTVSPropertyOp16
 70
     1
102
RTVSPropertyOp17
 70
     1
102
RTVSPropertyOp18
 70
     1
102
RTVSPropertyOp19
 70
     1
102
RTVSPropertyOp20
 70
     1
102
RTVSPropertyOp21
 70
     1
102
RTVSPropertyOp22
 70
     1
102
RTVSPropertyOp23
 70
     1
102
RTVSPropertyOp24
 70
     1
102
RTVSPropertyOp25
 70
     1
102
RTVSPropertyOp26
 70
     1
102
RTVSPropertyOp27
 70
     1
102
RTVSPropertyOp28
 70
     1
102
RTVSPropertyOp29
 70
     1
102
RTVSPropertyOp30
 70
     1
102
RTVSPropertyOp31
 70
     1
102
RTVSPropertyOp32
 70
     1
102
RTVSPropertyOp33
 70
     1
102
RTVSPropertyOp34
 70
     1
102
RTVSPropertyOp35
 70
     1
102
RTVSPropertyOp36
 70
     1
102
RTVSPropertyOp37
 70
     1
102
RTVSPropertyOp38
 70
     1
102
RTVSPropertyOp39
 70
     1
102
RTVSPropertyOp40
 70
     1
102
RTVSPropertyOp41
 70
     1
102
RTVSPropertyOp42
 70
     1
102
RTVSPropertyOp43
 70
     1
102
RTVSPropertyOp44
 70
     1
102
RTVSPropertyOp45
 70
     1
102
RTVSPropertyOp46
 70
     1
102
RTVSPropertyOp47
 70
     1
102
RTVSPropertyOp48
 70
     1
102
RTVSPropertyOp49
 70
     1
102
RTVSPropertyOp50
 70
     1
102
RTVSPropertyOp51
 70
     0
102
RTVSPropertyOp52
 70
     0
102
RTVSPropertyOp53
 70
     1
102
RTVSPropertyOp54
 70
     1
102
RTVSPropertyOp55
 70
     1
102
RTVSPropertyOp56
 70
     1
102
RTVSPropertyOp57
 70
     1
102
RTVSPost2010Prop28
280
     0
102
RTVSPost2010PropOp28
 70
     1
102
RTVSPost2010Prop29
280
     1
102
RTVSPost2010PropOp29
 70
     1
102
RTVSPost2010Prop30
280
     1
102
RTVSPost2010PropOp30
 70
     1
102
RTVSPost2010Prop31
280
     0
102
RTVSPost2010PropOp31
 70
     1
102
RTVSPost2010Prop32
280
     0
102
RTVSPost2010PropOp32
 70
     1
102
RTVSPost2010Prop33
280
     0
102
RTVSPost2010PropOp33
 70
     1
102
RTVSPost2010Prop34
280
     0
102
RTVSPost2010PropOp34
 70
     1
102
RTVSPost2010Prop35
280
     0
102
RTVSPost2010PropOp35
 70
     1
102
RTVSPost2010Prop36
280
     0
102
RTVSPost2010PropOp36
 70
     1
102
RTVSPost2010Prop37
 90
       50
102
RTVSPost2010PropOp37
 70
     1
102
RTVSPost2010Prop38
140
0.0
102
RTVSPost2010PropOp38
 70
     1
102
RTVSPost2010Prop39
140
1.0
102
RTVSPost2010PropOp39
 70
     1
102
RTVSPost2010Prop40
 90
        0
102
RTVSPost2010PropOp40
 70
     1
102
RTVSPost2010Prop41ColorIndex
 90
       18
102
RTVSPost2010Prop41ColorRGB
 90
        0
102
RTVSPost2010PropOp41
 70
     1
102
RTVSPost2010Prop42
 90
       50
102
RTVSPost2010PropOp42
 70
     1
102
RTVSPost2010Prop43
 90
        3
102
RTVSPost2010PropOp43
 70
     1
102
RTVSPost2010Prop44ColorIndex
 90
        5
102
RTVSPost2010Prop44ColorRGB
 90
      255
102
RTVSPost2010PropOp44
 70
     1
102
RTVSPost2010Prop45
280
     0
102
RTVSPost2010PropOp45
 70
     1
102
RTVSPost2010Prop46
 90
       50
102
RTVSPost2010PropOp46
 70
     1
102
RTVSPost2010Prop47
 90
       50
102
RTVSPost2010PropOp47
 70
     1
102
RTVSPost2010Prop48
 90
       50
102
RTVSPost2010PropOp48
 70
     1
102
RTVSPost2010Prop49
280
     0
102
RTVSPost2010PropOp49
 70
     1
102
RTVSPost2010Prop50
 90
       50
102
RTVSPost2010PropOp50
 70
     1
102
RTVSPost2010Prop51ColorIndex
 90
      256
102
RTVSPost2010Prop51ColorRGB
 90
-16777216
102
RTVSPost2010PropOp51
 70
     0
102
RTVSPost2010Prop52
140
1.0
102
RTVSPost2010PropOp52
 70
     0
102
RTVSPost2010Prop53
 90
        2
102
RTVSPost2010PropOp53
 70
     1
102
RTVSPost2010Prop54
  1
strokes_ogs.tif
102
RTVSPost2010PropOp54
 70
     1
102
RTVSPost2010Prop55
280
     0
102
RTVSPost2010PropOp55
 70
     1
102
RTVSPost2010Prop56
140
1.0
102
RTVSPost2010PropOp56
 70
     1
102
RTVSPost2010Prop57
140
1.0
102
RTVSPost2010PropOp57
 70
     1
  0
XRECORD
  5
BE
102
{ACAD_REACTORS
330
BD
102
}
330
BD
100
AcDbXrecord
280
     1
102
RTVSPropertyOp0
 70
     1
102
RTVSPropertyOp1
 70
     1
102
RTVSPropertyOp2
 70
     1
102
RTVSPropertyOp3
 70
     1
102
RTVSPropertyOp4
 70
     1
102
RTVSPropertyOp5
 70
     1
102
RTVSPropertyOp6
 70
     1
102
RTVSPropertyOp7
 70
     1
102
RTVSPropertyOp8
 70
     1
102
RTVSPropertyOp9
 70
     1
102
RTVSPropertyOp10
 70
     1
102
RTVSPropertyOp11
 70
     1
102
RTVSPropertyOp12
 70
     1
102
RTVSPropertyOp13
 70
     1
102
RTVSPropertyOp14
 70
     1
102
RTVSPropertyOp15
 70
     1
102
RTVSPropertyOp16
 70
     1
102
RTVSPropertyOp17
 70
     1
102
RTVSPropertyOp18
 70
     1
102
RTVSPropertyOp19
 70
     1
102
RTVSPropertyOp20
 70
     1
102
RTVSPropertyOp21
 70
     1
102
RTVSPropertyOp22
 70
     1
102
RTVSPropertyOp23
 70
     1
102
RTVSPropertyOp24
 70
     1
102
RTVSPropertyOp25
 70
     1
102
RTVSPropertyOp26
 70
     1
102
RTVSPropertyOp27
 70
     1
102
RTVSPropertyOp28
 70
     1
102
RTVSPropertyOp29
 70
     1
102
RTVSPropertyOp30
 70
     1
102
RTVSPropertyOp31
 70
     1
102
RTVSPropertyOp32
 70
     1
102
RTVSPropertyOp33
 70
     1
102
RTVSPropertyOp34
 70
     1
102
RTVSPropertyOp35
 70
     1
102
RTVSPropertyOp36
 70
     1
102
RTVSPropertyOp37
 70
     1
102
RTVSPropertyOp38
 70
     1
102
RTVSPropertyOp39
 70
     1
102
RTVSPropertyOp40
 70
     1
102
RTVSPropertyOp41
 70
     1
102
RTVSPropertyOp42
 70
     1
102
RTVSPropertyOp43
 70
     1
102
RTVSPropertyOp44
 70
     1
102
RTVSPropertyOp45
 70
     1
102
RTVSPropertyOp46
 70
     1
102
RTVSPropertyOp47
 70
     1
102
RTVSPropertyOp48
 70
     1
102
RTVSPropertyOp49
 70
     1
102
RTVSPropertyOp50
 70
     1
102
RTVSPropertyOp51
 70
     0
102
RTVSPropertyOp52
 70
     0
102
RTVSPropertyOp53
 70
     1
102
RTVSPropertyOp54
 70
     1
102
RTVSPropertyOp55
 70
     1
102
RTVSPropertyOp56
 70
     1
102
RTVSPropertyOp57
 70
     1
102
RTVSPost2010Prop28
280
     0
102
RTVSPost2010PropOp28
 70
     1
102
RTVSPost2010Prop29
280
     1
102
RTVSPost2010PropOp29
 70
     1
102
RTVSPost2010Prop30
280
     1
102
RTVSPost2010PropOp30
 70
     1
102
RTVSPost2010Prop31
280
     0
102
RTVSPost2010PropOp31
 70
     1
102
RTVSPost2010Prop32
280
     0
102
RTVSPost2010PropOp32
 70
     1
102
RTVSPost2010Prop33
280
     0
102
RTVSPost2010PropOp33
 70
     1
102
RTVSPost2010Prop34
280
     0
102
RTVSPost2010PropOp34
 70
     1
102
RTVSPost2010Prop35
280
     0
102
RTVSPost2010PropOp35
 70
     1
102
RTVSPost2010Prop36
280
     0
102
RTVSPost2010PropOp36
 70
     1
102
RTVSPost2010Prop37
 90
       50
102
RTVSPost2010PropOp37
 70
     1
102
RTVSPost2010Prop38
140
0.0
102
RTVSPost2010PropOp38
 70
     1
102
RTVSPost2010Prop39
140
1.0
102
RTVSPost2010PropOp39
 70
     1
102
RTVSPost2010Prop40
 90
        0
102
RTVSPost2010PropOp40
 70
     1
102
RTVSPost2010Prop41ColorIndex
 90
       18
102
RTVSPost2010Prop41ColorRGB
 90
        0
102
RTVSPost2010PropOp41
 70
     1
102
RTVSPost2010Prop42
 90
       50
102
RTVSPost2010PropOp42
 70
     1
102
RTVSPost2010Prop43
 90
        3
102
RTVSPost2010PropOp43
 70
     1
102
RTVSPost2010Prop44ColorIndex
 90
        5
102
RTVSPost2010Prop44ColorRGB
 90
      255
102
RTVSPost2010PropOp44
 70
     1
102
RTVSPost2010Prop45
280
     0
102
RTVSPost2010PropOp45
 70
     1
102
RTVSPost2010Prop46
 90
       50
102
RTVSPost2010PropOp46
 70
     1
102
RTVSPost2010Prop47
 90
       50
102
RTVSPost2010PropOp47
 70
     1
102
RTVSPost2010Prop48
 90
       50
102
RTVSPost2010PropOp48
 70
     1
102
RTVSPost2010Prop49
280
     0
102
RTVSPost2010PropOp49
 70
     1
102
RTVSPost2010Prop50
 90
       50
102
RTVSPost2010PropOp50
 70
     1
102
RTVSPost2010Prop51ColorIndex
 90
      256
102
RTVSPost2010Prop51ColorRGB
 90
-16777216
102
RTVSPost2010PropOp51
 70
     0
102
RTVSPost2010Prop52
140
1.0
102
RTVSPost2010PropOp52
 70
     0
102
RTVSPost2010Prop53
 90
        2
102
RTVSPost2010PropOp53
 70
     1
102
RTVSPost2010Prop54
  1
strokes_ogs.tif
102
RTVSPost2010PropOp54
 70
     1
102
RTVSPost2010Prop55
280
     0
102
RTVSPost2010PropOp55
 70
     1
102
RTVSPost2010Prop56
140
1.0
102
RTVSPost2010PropOp56
 70
     1
102
RTVSPost2010Prop57
140
1.0
102
RTVSPost2010PropOp57
 70
     1
  0
XRECORD
  5
C0
102
{ACAD_REACTORS
330
BF
102
}
330
BF
100
AcDbXrecord
280
     1
102
RTVSPropertyOp0
 70
     1
102
RTVSPropertyOp1
 70
     1
102
RTVSPropertyOp2
 70
     1
102
RTVSPropertyOp3
 70
     1
102
RTVSPropertyOp4
 70
     1
102
RTVSPropertyOp5
 70
     1
102
RTVSPropertyOp6
 70
     1
102
RTVSPropertyOp7
 70
     1
102
RTVSPropertyOp8
 70
     1
102
RTVSPropertyOp9
 70
     1
102
RTVSPropertyOp10
 70
     1
102
RTVSPropertyOp11
 70
     1
102
RTVSPropertyOp12
 70
     1
102
RTVSPropertyOp13
 70
     1
102
RTVSPropertyOp14
 70
     1
102
RTVSPropertyOp15
 70
     1
102
RTVSPropertyOp16
 70
     1
102
RTVSPropertyOp17
 70
     1
102
RTVSPropertyOp18
 70
     1
102
RTVSPropertyOp19
 70
     1
102
RTVSPropertyOp20
 70
     1
102
RTVSPropertyOp21
 70
     1
102
RTVSPropertyOp22
 70
     1
102
RTVSPropertyOp23
 70
     1
102
RTVSPropertyOp24
 70
     1
102
RTVSPropertyOp25
 70
     1
102
RTVSPropertyOp26
 70
     1
102
RTVSPropertyOp27
 70
     1
102
RTVSPropertyOp28
 70
     1
102
RTVSPropertyOp29
 70
     1
102
RTVSPropertyOp30
 70
     1
102
RTVSPropertyOp31
 70
     1
102
RTVSPropertyOp32
 70
     1
102
RTVSPropertyOp33
 70
     1
102
RTVSPropertyOp34
 70
     1
102
RTVSPropertyOp35
 70
     1
102
RTVSPropertyOp36
 70
     1
102
RTVSPropertyOp37
 70
     1
102
RTVSPropertyOp38
 70
     1
102
RTVSPropertyOp39
 70
     1
102
RTVSPropertyOp40
 70
     1
102
RTVSPropertyOp41
 70
     1
102
RTVSPropertyOp42
 70
     1
102
RTVSPropertyOp43
 70
     1
102
RTVSPropertyOp44
 70
     1
102
RTVSPropertyOp45
 70
     1
102
RTVSPropertyOp46
 70
     1
102
RTVSPropertyOp47
 70
     1
102
RTVSPropertyOp48
 70
     1
102
RTVSPropertyOp49
 70
     1
102
RTVSPropertyOp50
 70
     1
102
RTVSPropertyOp51
 70
     0
102
RTVSPropertyOp52
 70
     0
102
RTVSPropertyOp53
 70
     1
102
RTVSPropertyOp54
 70
     1
102
RTVSPropertyOp55
 70
     1
102
RTVSPropertyOp56
 70
     1
102
RTVSPropertyOp57
 70
     1
102
RTVSPost2010Prop28
280
     0
102
RTVSPost2010PropOp28
 70
     1
102
RTVSPost2010Prop29
280
     1
102
RTVSPost2010PropOp29
 70
     1
102
RTVSPost2010Prop30
280
     1
102
RTVSPost2010PropOp30
 70
     1
102
RTVSPost2010Prop31
280
     0
102
RTVSPost2010PropOp31
 70
     1
102
RTVSPost2010Prop32
280
     0
102
RTVSPost2010PropOp32
 70
     1
102
RTVSPost2010Prop33
280
     0
102
RTVSPost2010PropOp33
 70
     1
102
RTVSPost2010Prop34
280
     0
102
RTVSPost2010PropOp34
 70
     1
102
RTVSPost2010Prop35
280
     0
102
RTVSPost2010PropOp35
 70
     1
102
RTVSPost2010Prop36
280
     0
102
RTVSPost2010PropOp36
 70
     1
102
RTVSPost2010Prop37
 90
       50
102
RTVSPost2010PropOp37
 70
     1
102
RTVSPost2010Prop38
140
0.0
102
RTVSPost2010PropOp38
 70
     1
102
RTVSPost2010Prop39
140
1.0
102
RTVSPost2010PropOp39
 70
     1
102
RTVSPost2010Prop40
 90
        0
102
RTVSPost2010PropOp40
 70
     1
102
RTVSPost2010Prop41ColorIndex
 90
       18
102
RTVSPost2010Prop41ColorRGB
 90
        0
102
RTVSPost2010PropOp41
 70
     1
102
RTVSPost2010Prop42
 90
       50
102
RTVSPost2010PropOp42
 70
     1
102
RTVSPost2010Prop43
 90
        3
102
RTVSPost2010PropOp43
 70
     1
102
RTVSPost2010Prop44ColorIndex
 90
        5
102
RTVSPost2010Prop44ColorRGB
 90
      255
102
RTVSPost2010PropOp44
 70
     1
102
RTVSPost2010Prop45
280
     0
102
RTVSPost2010PropOp45
 70
     1
102
RTVSPost2010Prop46
 90
       50
102
RTVSPost2010PropOp46
 70
     1
102
RTVSPost2010Prop47
 90
       50
102
RTVSPost2010PropOp47
 70
     1
102
RTVSPost2010Prop48
 90
       50
102
RTVSPost2010PropOp48
 70
     1
102
RTVSPost2010Prop49
280
     0
102
RTVSPost2010PropOp49
 70
     1
102
RTVSPost2010Prop50
 90
       50
102
RTVSPost2010PropOp50
 70
     1
102
RTVSPost2010Prop51ColorIndex
 90
      256
102
RTVSPost2010Prop51ColorRGB
 90
-16777216
102
RTVSPost2010PropOp51
 70
     0
102
RTVSPost2010Prop52
140
1.0
102
RTVSPost2010PropOp52
 70
     0
102
RTVSPost2010Prop53
 90
        2
102
RTVSPost2010PropOp53
 70
     1
102
RTVSPost2010Prop54
  1
strokes_ogs.tif
102
RTVSPost2010PropOp54
 70
     1
102
RTVSPost2010Prop55
280
     0
102
RTVSPost2010PropOp55
 70
     1
102
RTVSPost2010Prop56
140
1.0
102
RTVSPost2010PropOp56
 70
     1
102
RTVSPost2010Prop57
140
1.0
102
RTVSPost2010PropOp57
 70
     1
  0
XRECORD
  5
C2
102
{ACAD_REACTORS
330
C1
102
}
330
C1
100
AcDbXrecord
280
     1
102
RTVSPropertyOp0
 70
     1
102
RTVSPropertyOp1
 70
     1
102
RTVSPropertyOp2
 70
     1
102
RTVSPropertyOp3
 70
     1
102
RTVSPropertyOp4
 70
     1
102
RTVSPropertyOp5
 70
     1
102
RTVSPropertyOp6
 70
     1
102
RTVSPropertyOp7
 70
     1
102
RTVSPropertyOp8
 70
     1
102
RTVSPropertyOp9
 70
     1
102
RTVSPropertyOp10
 70
     1
102
RTVSPropertyOp11
 70
     1
102
RTVSPropertyOp12
 70
     1
102
RTVSPropertyOp13
 70
     1
102
RTVSPropertyOp14
 70
     1
102
RTVSPropertyOp15
 70
     1
102
RTVSPropertyOp16
 70
     1
102
RTVSPropertyOp17
 70
     1
102
RTVSPropertyOp18
 70
     1
102
RTVSPropertyOp19
 70
     1
102
RTVSPropertyOp20
 70
     1
102
RTVSPropertyOp21
 70
     1
102
RTVSPropertyOp22
 70
     1
102
RTVSPropertyOp23
 70
     1
102
RTVSPropertyOp24
 70
     1
102
RTVSPropertyOp25
 70
     1
102
RTVSPropertyOp26
 70
     1
102
RTVSPropertyOp27
 70
     1
102
RTVSPropertyOp28
 70
     1
102
RTVSPropertyOp29
 70
     1
102
RTVSPropertyOp30
 70
     1
102
RTVSPropertyOp31
 70
     1
102
RTVSPropertyOp32
 70
     1
102
RTVSPropertyOp33
 70
     1
102
RTVSPropertyOp34
 70
     1
102
RTVSPropertyOp35
 70
     1
102
RTVSPropertyOp36
 70
     1
102
RTVSPropertyOp37
 70
     1
102
RTVSPropertyOp38
 70
     1
102
RTVSPropertyOp39
 70
     1
102
RTVSPropertyOp40
 70
     1
102
RTVSPropertyOp41
 70
     1
102
RTVSPropertyOp42
 70
     1
102
RTVSPropertyOp43
 70
     1
102
RTVSPropertyOp44
 70
     1
102
RTVSPropertyOp45
 70
     1
102
RTVSPropertyOp46
 70
     1
102
RTVSPropertyOp47
 70
     1
102
RTVSPropertyOp48
 70
     1
102
RTVSPropertyOp49
 70
     1
102
RTVSPropertyOp50
 70
     1
102
RTVSPropertyOp51
 70
     0
102
RTVSPropertyOp52
 70
     0
102
RTVSPropertyOp53
 70
     1
102
RTVSPropertyOp54
 70
     1
102
RTVSPropertyOp55
 70
     1
102
RTVSPropertyOp56
 70
     1
102
RTVSPropertyOp57
 70
     1
102
RTVSPost2010Prop28
280
     0
102
RTVSPost2010PropOp28
 70
     1
102
RTVSPost2010Prop29
280
     1
102
RTVSPost2010PropOp29
 70
     1
102
RTVSPost2010Prop30
280
     1
102
RTVSPost2010PropOp30
 70
     1
102
RTVSPost2010Prop31
280
     0
102
RTVSPost2010PropOp31
 70
     1
102
RTVSPost2010Prop32
280
     0
102
RTVSPost2010PropOp32
 70
     1
102
RTVSPost2010Prop33
280
     0
102
RTVSPost2010PropOp33
 70
     1
102
RTVSPost2010Prop34
280
     0
102
RTVSPost2010PropOp34
 70
     1
102
RTVSPost2010Prop35
280
     0
102
RTVSPost2010PropOp35
 70
     1
102
RTVSPost2010Prop36
280
     0
102
RTVSPost2010PropOp36
 70
     1
102
RTVSPost2010Prop37
 90
       50
102
RTVSPost2010PropOp37
 70
     1
102
RTVSPost2010Prop38
140
0.0
102
RTVSPost2010PropOp38
 70
     1
102
RTVSPost2010Prop39
140
1.0
102
RTVSPost2010PropOp39
 70
     1
102
RTVSPost2010Prop40
 90
        0
102
RTVSPost2010PropOp40
 70
     1
102
RTVSPost2010Prop41ColorIndex
 90
       18
102
RTVSPost2010Prop41ColorRGB
 90
        0
102
RTVSPost2010PropOp41
 70
     1
102
RTVSPost2010Prop42
 90
       50
102
RTVSPost2010PropOp42
 70
     1
102
RTVSPost2010Prop43
 90
        3
102
RTVSPost2010PropOp43
 70
     1
102
RTVSPost2010Prop44ColorIndex
 90
        5
102
RTVSPost2010Prop44ColorRGB
 90
      255
102
RTVSPost2010PropOp44
 70
     1
102
RTVSPost2010Prop45
280
     0
102
RTVSPost2010PropOp45
 70
     1
102
RTVSPost2010Prop46
 90
       50
102
RTVSPost2010PropOp46
 70
     1
102
RTVSPost2010Prop47
 90
       50
102
RTVSPost2010PropOp47
 70
     1
102
RTVSPost2010Prop48
 90
       50
102
RTVSPost2010PropOp48
 70
     1
102
RTVSPost2010Prop49
280
     0
102
RTVSPost2010PropOp49
 70
     1
102
RTVSPost2010Prop50
 90
       50
102
RTVSPost2010PropOp50
 70
     1
102
RTVSPost2010Prop51ColorIndex
 90
      256
102
RTVSPost2010Prop51ColorRGB
 90
-16777216
102
RTVSPost2010PropOp51
 70
     0
102
RTVSPost2010Prop52
140
1.0
102
RTVSPost2010PropOp52
 70
     0
102
RTVSPost2010Prop53
 90
        2
102
RTVSPost2010PropOp53
 70
     1
102
RTVSPost2010Prop54
  1
strokes_ogs.tif
102
RTVSPost2010PropOp54
 70
     1
102
RTVSPost2010Prop55
280
     0
102
RTVSPost2010PropOp55
 70
     1
102
RTVSPost2010Prop56
140
1.0
102
RTVSPost2010PropOp56
 70
     1
102
RTVSPost2010Prop57
140
1.0
102
RTVSPost2010PropOp57
 70
     1
  0
XRECORD
  5
C8
102
{ACAD_REACTORS
330
C7
102
}
330
C7
100
AcDbXrecord
280
     1
102
RTVSPropertyOp0
 70
     1
102
RTVSPropertyOp1
 70
     1
102
RTVSPropertyOp2
 70
     1
102
RTVSPropertyOp3
 70
     1
102
RTVSPropertyOp4
 70
     1
102
RTVSPropertyOp5
 70
     1
102
RTVSPropertyOp6
 70
     1
102
RTVSPropertyOp7
 70
     1
102
RTVSPropertyOp8
 70
     1
102
RTVSPropertyOp9
 70
     1
102
RTVSPropertyOp10
 70
     1
102
RTVSPropertyOp11
 70
     1
102
RTVSPropertyOp12
 70
     1
102
RTVSPropertyOp13
 70
     1
102
RTVSPropertyOp14
 70
     1
102
RTVSPropertyOp15
 70
     1
102
RTVSPropertyOp16
 70
     1
102
RTVSPropertyOp17
 70
     1
102
RTVSPropertyOp18
 70
     1
102
RTVSPropertyOp19
 70
     1
102
RTVSPropertyOp20
 70
     1
102
RTVSPropertyOp21
 70
     1
102
RTVSPropertyOp22
 70
     1
102
RTVSPropertyOp23
 70
     1
102
RTVSPropertyOp24
 70
     1
102
RTVSPropertyOp25
 70
     1
102
RTVSPropertyOp26
 70
     1
102
RTVSPropertyOp27
 70
     1
102
RTVSPropertyOp28
 70
     1
102
RTVSPropertyOp29
 70
     1
102
RTVSPropertyOp30
 70
     1
102
RTVSPropertyOp31
 70
     1
102
RTVSPropertyOp32
 70
     1
102
RTVSPropertyOp33
 70
     1
102
RTVSPropertyOp34
 70
     1
102
RTVSPropertyOp35
 70
     1
102
RTVSPropertyOp36
 70
     1
102
RTVSPropertyOp37
 70
     1
102
RTVSPropertyOp38
 70
     1
102
RTVSPropertyOp39
 70
     1
102
RTVSPropertyOp40
 70
     1
102
RTVSPropertyOp41
 70
     1
102
RTVSPropertyOp42
 70
     1
102
RTVSPropertyOp43
 70
     1
102
RTVSPropertyOp44
 70
     1
102
RTVSPropertyOp45
 70
     1
102
RTVSPropertyOp46
 70
     1
102
RTVSPropertyOp47
 70
     1
102
RTVSPropertyOp48
 70
     1
102
RTVSPropertyOp49
 70
     1
102
RTVSPropertyOp50
 70
     1
102
RTVSPropertyOp51
 70
     0
102
RTVSPropertyOp52
 70
     0
102
RTVSPropertyOp53
 70
     1
102
RTVSPropertyOp54
 70
     1
102
RTVSPropertyOp55
 70
     1
102
RTVSPropertyOp56
 70
     1
102
RTVSPropertyOp57
 70
     1
102
RTVSPost2010Prop28
280
     0
102
RTVSPost2010PropOp28
 70
     1
102
RTVSPost2010Prop29
280
     1
102
RTVSPost2010PropOp29
 70
     1
102
RTVSPost2010Prop30
280
     1
102
RTVSPost2010PropOp30
 70
     1
102
RTVSPost2010Prop31
280
     0
102
RTVSPost2010PropOp31
 70
     1
102
RTVSPost2010Prop32
280
     0
102
RTVSPost2010PropOp32
 70
     1
102
RTVSPost2010Prop33
280
     0
102
RTVSPost2010PropOp33
 70
     1
102
RTVSPost2010Prop34
280
     0
102
RTVSPost2010PropOp34
 70
     1
102
RTVSPost2010Prop35
280
     0
102
RTVSPost2010PropOp35
 70
     1
102
RTVSPost2010Prop36
280
     0
102
RTVSPost2010PropOp36
 70
     1
102
RTVSPost2010Prop37
 90
       50
102
RTVSPost2010PropOp37
 70
     1
102
RTVSPost2010Prop38
140
0.0
102
RTVSPost2010PropOp38
 70
     1
102
RTVSPost2010Prop39
140
1.0
102
RTVSPost2010PropOp39
 70
     1
102
RTVSPost2010Prop40
 90
        0
102
RTVSPost2010PropOp40
 70
     1
102
RTVSPost2010Prop41ColorIndex
 90
       18
102
RTVSPost2010Prop41ColorRGB
 90
        0
102
RTVSPost2010PropOp41
 70
     1
102
RTVSPost2010Prop42
 90
       50
102
RTVSPost2010PropOp42
 70
     1
102
RTVSPost2010Prop43
 90
        3
102
RTVSPost2010PropOp43
 70
     1
102
RTVSPost2010Prop44ColorIndex
 90
        5
102
RTVSPost2010Prop44ColorRGB
 90
      255
102
RTVSPost2010PropOp44
 70
     1
102
RTVSPost2010Prop45
280
     0
102
RTVSPost2010PropOp45
 70
     1
102
RTVSPost2010Prop46
 90
       50
102
RTVSPost2010PropOp46
 70
     1
102
RTVSPost2010Prop47
 90
       50
102
RTVSPost2010PropOp47
 70
     1
102
RTVSPost2010Prop48
 90
       50
102
RTVSPost2010PropOp48
 70
     1
102
RTVSPost2010Prop49
280
     0
102
RTVSPost2010PropOp49
 70
     1
102
RTVSPost2010Prop50
 90
       50
102
RTVSPost2010PropOp50
 70
     1
102
RTVSPost2010Prop51ColorIndex
 90
      256
102
RTVSPost2010Prop51ColorRGB
 90
-16777216
102
RTVSPost2010PropOp51
 70
     0
102
RTVSPost2010Prop52
140
1.0
102
RTVSPost2010PropOp52
 70
     0
102
RTVSPost2010Prop53
 90
        2
102
RTVSPost2010PropOp53
 70
     1
102
RTVSPost2010Prop54
  1
strokes_ogs.tif
102
RTVSPost2010PropOp54
 70
     1
102
RTVSPost2010Prop55
280
     0
102
RTVSPost2010PropOp55
 70
     1
102
RTVSPost2010Prop56
140
1.0
102
RTVSPost2010PropOp56
 70
     1
102
RTVSPost2010Prop57
140
1.0
102
RTVSPost2010PropOp57
 70
     1
  0
XRECORD
  5
DC
102
{ACAD_REACTORS
330
DB
102
}
330
DB
100
AcDbXrecord
280
     1
102
RTVSPropertyOp0
 70
     0
102
RTVSPropertyOp1
 70
     0
102
RTVSPropertyOp2
 70
     0
102
RTVSPropertyOp3
 70
     0
102
RTVSPropertyOp4
 70
     0
102
RTVSPropertyOp5
 70
     0
102
RTVSPropertyOp6
 70
     0
102
RTVSPropertyOp7
 70
     0
102
RTVSPropertyOp8
 70
     0
102
RTVSPropertyOp9
 70
     0
102
RTVSPropertyOp10
 70
     0
102
RTVSPropertyOp11
 70
     0
102
RTVSPropertyOp12
 70
     0
102
RTVSPropertyOp13
 70
     0
102
RTVSPropertyOp14
 70
     2
102
RTVSPropertyOp15
 70
     0
102
RTVSPropertyOp16
 70
     0
102
RTVSPropertyOp17
 70
     0
102
RTVSPropertyOp18
 70
     0
102
RTVSPropertyOp19
 70
     0
102
RTVSPropertyOp20
 70
     0
102
RTVSPropertyOp21
 70
     0
102
RTVSPropertyOp22
 70
     0
102
RTVSPropertyOp23
 70
     0
102
RTVSPropertyOp24
 70
     0
102
RTVSPropertyOp25
 70
     0
102
RTVSPropertyOp26
 70
     0
102
RTVSPropertyOp27
 70
     0
102
RTVSPropertyOp28
 70
     0
102
RTVSPropertyOp29
 70
     0
102
RTVSPropertyOp30
 70
     0
102
RTVSPropertyOp31
 70
     0
102
RTVSPropertyOp32
 70
     0
102
RTVSPropertyOp33
 70
     0
102
RTVSPropertyOp34
 70
     0
102
RTVSPropertyOp35
 70
     0
102
RTVSPropertyOp36
 70
     0
102
RTVSPropertyOp37
 70
     0
102
RTVSPropertyOp38
 70
     0
102
RTVSPropertyOp39
 70
     0
102
RTVSPropertyOp40
 70
     0
102
RTVSPropertyOp41
 70
     0
102
RTVSPropertyOp42
 70
     0
102
RTVSPropertyOp43
 70
     0
102
RTVSPropertyOp44
 70
     0
102
RTVSPropertyOp45
 70
     0
102
RTVSPropertyOp46
 70
     0
102
RTVSPropertyOp47
 70
     0
102
RTVSPropertyOp48
 70
     0
102
RTVSPropertyOp49
 70
     0
102
RTVSPropertyOp50
 70
     0
102
RTVSPropertyOp51
 70
     0
102
RTVSPropertyOp52
 70
     0
102
RTVSPropertyOp53
 70
     0
102
RTVSPropertyOp54
 70
     0
102
RTVSPropertyOp55
 70
     0
102
RTVSPropertyOp56
 70
     0
102
RTVSPropertyOp57
 70
     0
102
RTVSPost2010Prop28
280
     0
102
RTVSPost2010PropOp28
 70
     0
102
RTVSPost2010Prop29
280
     1
102
RTVSPost2010PropOp29
 70
     0
102
RTVSPost2010Prop30
280
     1
102
RTVSPost2010PropOp30
 70
     0
102
RTVSPost2010Prop31
280
     0
102
RTVSPost2010PropOp31
 70
     0
102
RTVSPost2010Prop32
280
     0
102
RTVSPost2010PropOp32
 70
     0
102
RTVSPost2010Prop33
280
     0
102
RTVSPost2010PropOp33
 70
     0
102
RTVSPost2010Prop34
280
     0
102
RTVSPost2010PropOp34
 70
     0
102
RTVSPost2010Prop35
280
     0
102
RTVSPost2010PropOp35
 70
     0
102
RTVSPost2010Prop36
280
     0
102
RTVSPost2010PropOp36
 70
     0
102
RTVSPost2010Prop37
 90
       50
102
RTVSPost2010PropOp37
 70
     0
102
RTVSPost2010Prop38
140
0.0
102
RTVSPost2010PropOp38
 70
     0
102
RTVSPost2010Prop39
140
1.0
102
RTVSPost2010PropOp39
 70
     0
102
RTVSPost2010Prop40
 90
        0
102
RTVSPost2010PropOp40
 70
     0
102
RTVSPost2010Prop41ColorIndex
 90
       18
102
RTVSPost2010Prop41ColorRGB
 90
        0
102
RTVSPost2010PropOp41
 70
     0
102
RTVSPost2010Prop42
 90
       50
102
RTVSPost2010PropOp42
 70
     0
102
RTVSPost2010Prop43
 90
        3
102
RTVSPost2010PropOp43
 70
     0
102
RTVSPost2010Prop44ColorIndex
 90
        5
102
RTVSPost2010Prop44ColorRGB
 90
      255
102
RTVSPost2010PropOp44
 70
     0
102
RTVSPost2010Prop45
280
     0
102
RTVSPost2010PropOp45
 70
     0
102
RTVSPost2010Prop46
 90
       50
102
RTVSPost2010PropOp46
 70
     0
102
RTVSPost2010Prop47
 90
       50
102
RTVSPost2010PropOp47
 70
     0
102
RTVSPost2010Prop48
 90
       50
102
RTVSPost2010PropOp48
 70
     0
102
RTVSPost2010Prop49
280
     0
102
RTVSPost2010PropOp49
 70
     0
102
RTVSPost2010Prop50
 90
       50
102
RTVSPost2010PropOp50
 70
     0
102
RTVSPost2010Prop51ColorIndex
 90
      256
102
RTVSPost2010Prop51ColorRGB
 90
-16777216
102
RTVSPost2010PropOp51
 70
     0
102
RTVSPost2010Prop52
140
1.0
102
RTVSPost2010PropOp52
 70
     0
102
RTVSPost2010Prop53
 90
        2
102
RTVSPost2010PropOp53
 70
     0
102
RTVSPost2010Prop54
  1
strokes_ogs.tif
102
RTVSPost2010PropOp54
 70
     0
102
RTVSPost2010Prop55
280
     0
102
RTVSPost2010PropOp55
 70
     0
102
RTVSPost2010Prop56
140
1.0
102
RTVSPost2010PropOp56
 70
     0
102
RTVSPost2010Prop57
140
1.0
102
RTVSPost2010PropOp57
 70
     0
  0
XRECORD
  5
D6
102
{ACAD_REACTORS
330
D5
102
}
330
D5
100
AcDbXrecord
280
     1
102
RTVSPropertyOp0
 70
     1
102
RTVSPropertyOp1
 70
     1
102
RTVSPropertyOp2
 70
     1
102
RTVSPropertyOp3
 70
     1
102
RTVSPropertyOp4
 70
     1
102
RTVSPropertyOp5
 70
     1
102
RTVSPropertyOp6
 70
     1
102
RTVSPropertyOp7
 70
     1
102
RTVSPropertyOp8
 70
     1
102
RTVSPropertyOp9
 70
     1
102
RTVSPropertyOp10
 70
     1
102
RTVSPropertyOp11
 70
     1
102
RTVSPropertyOp12
 70
     1
102
RTVSPropertyOp13
 70
     1
102
RTVSPropertyOp14
 70
     1
102
RTVSPropertyOp15
 70
     1
102
RTVSPropertyOp16
 70
     1
102
RTVSPropertyOp17
 70
     1
102
RTVSPropertyOp18
 70
     1
102
RTVSPropertyOp19
 70
     1
102
RTVSPropertyOp20
 70
     1
102
RTVSPropertyOp21
 70
     1
102
RTVSPropertyOp22
 70
     1
102
RTVSPropertyOp23
 70
     1
102
RTVSPropertyOp24
 70
     1
102
RTVSPropertyOp25
 70
     1
102
RTVSPropertyOp26
 70
     1
102
RTVSPropertyOp27
 70
     1
102
RTVSPropertyOp28
 70
     1
102
RTVSPropertyOp29
 70
     1
102
RTVSPropertyOp30
 70
     1
102
RTVSPropertyOp31
 70
     1
102
RTVSPropertyOp32
 70
     1
102
RTVSPropertyOp33
 70
     1
102
RTVSPropertyOp34
 70
     1
102
RTVSPropertyOp35
 70
     1
102
RTVSPropertyOp36
 70
     1
102
RTVSPropertyOp37
 70
     1
102
RTVSPropertyOp38
 70
     1
102
RTVSPropertyOp39
 70
     1
102
RTVSPropertyOp40
 70
     1
102
RTVSPropertyOp41
 70
     1
102
RTVSPropertyOp42
 70
     1
102
RTVSPropertyOp43
 70
     1
102
RTVSPropertyOp44
 70
     1
102
RTVSPropertyOp45
 70
     1
102
RTVSPropertyOp46
 70
     1
102
RTVSPropertyOp47
 70
     1
102
RTVSPropertyOp48
 70
     1
102
RTVSPropertyOp49
 70
     1
102
RTVSPropertyOp50
 70
     1
102
RTVSPropertyOp51
 70
     0
102
RTVSPropertyOp52
 70
     0
102
RTVSPropertyOp53
 70
     1
102
RTVSPropertyOp54
 70
     1
102
RTVSPropertyOp55
 70
     1
102
RTVSPropertyOp56
 70
     1
102
RTVSPropertyOp57
 70
     1
102
RTVSPost2010Prop28
280
     0
102
RTVSPost2010PropOp28
 70
     1
102
RTVSPost2010Prop29
280
     1
102
RTVSPost2010PropOp29
 70
     1
102
RTVSPost2010Prop30
280
     1
102
RTVSPost2010PropOp30
 70
     1
102
RTVSPost2010Prop31
280
     0
102
RTVSPost2010PropOp31
 70
     1
102
RTVSPost2010Prop32
280
     0
102
RTVSPost2010PropOp32
 70
     1
102
RTVSPost2010Prop33
280
     0
102
RTVSPost2010PropOp33
 70
     1
102
RTVSPost2010Prop34
280
     0
102
RTVSPost2010PropOp34
 70
     1
102
RTVSPost2010Prop35
280
     0
102
RTVSPost2010PropOp35
 70
     1
102
RTVSPost2010Prop36
280
     0
102
RTVSPost2010PropOp36
 70
     1
102
RTVSPost2010Prop37
 90
       50
102
RTVSPost2010PropOp37
 70
     1
102
RTVSPost2010Prop38
140
0.0
102
RTVSPost2010PropOp38
 70
     1
102
RTVSPost2010Prop39
140
1.0
102
RTVSPost2010PropOp39
 70
     1
102
RTVSPost2010Prop40
 90
        0
102
RTVSPost2010PropOp40
 70
     1
102
RTVSPost2010Prop41ColorIndex
 90
       18
102
RTVSPost2010Prop41ColorRGB
 90
        0
102
RTVSPost2010PropOp41
 70
     1
102
RTVSPost2010Prop42
 90
       50
102
RTVSPost2010PropOp42
 70
     1
102
RTVSPost2010Prop43
 90
        3
102
RTVSPost2010PropOp43
 70
     1
102
RTVSPost2010Prop44ColorIndex
 90
        5
102
RTVSPost2010Prop44ColorRGB
 90
      255
102
RTVSPost2010PropOp44
 70
     1
102
RTVSPost2010Prop45
280
     0
102
RTVSPost2010PropOp45
 70
     1
102
RTVSPost2010Prop46
 90
       50
102
RTVSPost2010PropOp46
 70
     1
102
RTVSPost2010Prop47
 90
       50
102
RTVSPost2010PropOp47
 70
     1
102
RTVSPost2010Prop48
 90
       50
102
RTVSPost2010PropOp48
 70
     1
102
RTVSPost2010Prop49
280
     0
102
RTVSPost2010PropOp49
 70
     1
102
RTVSPost2010Prop50
 90
       50
102
RTVSPost2010PropOp50
 70
     1
102
RTVSPost2010Prop51ColorIndex
 90
      256
102
RTVSPost2010Prop51ColorRGB
 90
-16777216
102
RTVSPost2010PropOp51
 70
     0
102
RTVSPost2010Prop52
140
1.0
102
RTVSPost2010PropOp52
 70
     0
102
RTVSPost2010Prop53
 90
        2
102
RTVSPost2010PropOp53
 70
     1
102
RTVSPost2010Prop54
  1
strokes_ogs.tif
102
RTVSPost2010PropOp54
 70
     1
102
RTVSPost2010Prop55
280
     0
102
RTVSPost2010PropOp55
 70
     1
102
RTVSPost2010Prop56
140
1.0
102
RTVSPost2010PropOp56
 70
     1
102
RTVSPost2010Prop57
140
1.0
102
RTVSPost2010PropOp57
 70
     1
  0
XRECORD
  5
DE
102
{ACAD_REACTORS
330
DD
102
}
330
DD
100
AcDbXrecord
280
     1
102
RTVSPropertyOp0
 70
     0
102
RTVSPropertyOp1
 70
     0
102
RTVSPropertyOp2
 70
     0
102
RTVSPropertyOp3
 70
     0
102
RTVSPropertyOp4
 70
     0
102
RTVSPropertyOp5
 70
     0
102
RTVSPropertyOp6
 70
     0
102
RTVSPropertyOp7
 70
     0
102
RTVSPropertyOp8
 70
     0
102
RTVSPropertyOp9
 70
     0
102
RTVSPropertyOp10
 70
     0
102
RTVSPropertyOp11
 70
     0
102
RTVSPropertyOp12
 70
     0
102
RTVSPropertyOp13
 70
     0
102
RTVSPropertyOp14
 70
     2
102
RTVSPropertyOp15
 70
     0
102
RTVSPropertyOp16
 70
     0
102
RTVSPropertyOp17
 70
     0
102
RTVSPropertyOp18
 70
     0
102
RTVSPropertyOp19
 70
     0
102
RTVSPropertyOp20
 70
     0
102
RTVSPropertyOp21
 70
     0
102
RTVSPropertyOp22
 70
     0
102
RTVSPropertyOp23
 70
     0
102
RTVSPropertyOp24
 70
     0
102
RTVSPropertyOp25
 70
     0
102
RTVSPropertyOp26
 70
     0
102
RTVSPropertyOp27
 70
     0
102
RTVSPropertyOp28
 70
     0
102
RTVSPropertyOp29
 70
     0
102
RTVSPropertyOp30
 70
     0
102
RTVSPropertyOp31
 70
     0
102
RTVSPropertyOp32
 70
     0
102
RTVSPropertyOp33
 70
     0
102
RTVSPropertyOp34
 70
     0
102
RTVSPropertyOp35
 70
     0
102
RTVSPropertyOp36
 70
     0
102
RTVSPropertyOp37
 70
     0
102
RTVSPropertyOp38
 70
     0
102
RTVSPropertyOp39
 70
     0
102
RTVSPropertyOp40
 70
     0
102
RTVSPropertyOp41
 70
     0
102
RTVSPropertyOp42
 70
     0
102
RTVSPropertyOp43
 70
     0
102
RTVSPropertyOp44
 70
     0
102
RTVSPropertyOp45
 70
     0
102
RTVSPropertyOp46
 70
     0
102
RTVSPropertyOp47
 70
     0
102
RTVSPropertyOp48
 70
     0
102
RTVSPropertyOp49
 70
     0
102
RTVSPropertyOp50
 70
     0
102
RTVSPropertyOp51
 70
     0
102
RTVSPropertyOp52
 70
     0
102
RTVSPropertyOp53
 70
     0
102
RTVSPropertyOp54
 70
     0
102
RTVSPropertyOp55
 70
     0
102
RTVSPropertyOp56
 70
     0
102
RTVSPropertyOp57
 70
     0
102
RTVSPost2010Prop28
280
     0
102
RTVSPost2010PropOp28
 70
     0
102
RTVSPost2010Prop29
280
     1
102
RTVSPost2010PropOp29
 70
     0
102
RTVSPost2010Prop30
280
     1
102
RTVSPost2010PropOp30
 70
     0
102
RTVSPost2010Prop31
280
     0
102
RTVSPost2010PropOp31
 70
     0
102
RTVSPost2010Prop32
280
     0
102
RTVSPost2010PropOp32
 70
     0
102
RTVSPost2010Prop33
280
     0
102
RTVSPost2010PropOp33
 70
     0
102
RTVSPost2010Prop34
280
     0
102
RTVSPost2010PropOp34
 70
     0
102
RTVSPost2010Prop35
280
     0
102
RTVSPost2010PropOp35
 70
     0
102
RTVSPost2010Prop36
280
     0
102
RTVSPost2010PropOp36
 70
     0
102
RTVSPost2010Prop37
 90
       50
102
RTVSPost2010PropOp37
 70
     0
102
RTVSPost2010Prop38
140
0.0
102
RTVSPost2010PropOp38
 70
     0
102
RTVSPost2010Prop39
140
1.0
102
RTVSPost2010PropOp39
 70
     0
102
RTVSPost2010Prop40
 90
        0
102
RTVSPost2010PropOp40
 70
     0
102
RTVSPost2010Prop41ColorIndex
 90
       18
102
RTVSPost2010Prop41ColorRGB
 90
        0
102
RTVSPost2010PropOp41
 70
     0
102
RTVSPost2010Prop42
 90
       50
102
RTVSPost2010PropOp42
 70
     0
102
RTVSPost2010Prop43
 90
        3
102
RTVSPost2010PropOp43
 70
     0
102
RTVSPost2010Prop44ColorIndex
 90
        5
102
RTVSPost2010Prop44ColorRGB
 90
      255
102
RTVSPost2010PropOp44
 70
     0
102
RTVSPost2010Prop45
280
     0
102
RTVSPost2010PropOp45
 70
     0
102
RTVSPost2010Prop46
 90
       50
102
RTVSPost2010PropOp46
 70
     0
102
RTVSPost2010Prop47
 90
       50
102
RTVSPost2010PropOp47
 70
     0
102
RTVSPost2010Prop48
 90
       50
102
RTVSPost2010PropOp48
 70
     0
102
RTVSPost2010Prop49
280
     0
102
RTVSPost2010PropOp49
 70
     0
102
RTVSPost2010Prop50
 90
       50
102
RTVSPost2010PropOp50
 70
     0
102
RTVSPost2010Prop51ColorIndex
 90
      256
102
RTVSPost2010Prop51ColorRGB
 90
-16777216
102
RTVSPost2010PropOp51
 70
     0
102
RTVSPost2010Prop52
140
1.0
102
RTVSPost2010PropOp52
 70
     0
102
RTVSPost2010Prop53
 90
        2
102
RTVSPost2010PropOp53
 70
     0
102
RTVSPost2010Prop54
  1
strokes_ogs.tif
102
RTVSPost2010PropOp54
 70
     0
102
RTVSPost2010Prop55
280
     0
102
RTVSPost2010PropOp55
 70
     0
102
RTVSPost2010Prop56
140
1.0
102
RTVSPost2010PropOp56
 70
     0
102
RTVSPost2010Prop57
140
1.0
102
RTVSPost2010PropOp57
 70
     0
  0
XRECORD
  5
CC
102
{ACAD_REACTORS
330
CB
102
}
330
CB
100
AcDbXrecord
280
     1
102
RTVSPropertyOp0
 70
     1
102
RTVSPropertyOp1
 70
     1
102
RTVSPropertyOp2
 70
     1
102
RTVSPropertyOp3
 70
     1
102
RTVSPropertyOp4
 70
     1
102
RTVSPropertyOp5
 70
     1
102
RTVSPropertyOp6
 70
     1
102
RTVSPropertyOp7
 70
     1
102
RTVSPropertyOp8
 70
     1
102
RTVSPropertyOp9
 70
     1
102
RTVSPropertyOp10
 70
     1
102
RTVSPropertyOp11
 70
     1
102
RTVSPropertyOp12
 70
     1
102
RTVSPropertyOp13
 70
     1
102
RTVSPropertyOp14
 70
     1
102
RTVSPropertyOp15
 70
     1
102
RTVSPropertyOp16
 70
     1
102
RTVSPropertyOp17
 70
     1
102
RTVSPropertyOp18
 70
     1
102
RTVSPropertyOp19
 70
     1
102
RTVSPropertyOp20
 70
     1
102
RTVSPropertyOp21
 70
     1
102
RTVSPropertyOp22
 70
     1
102
RTVSPropertyOp23
 70
     1
102
RTVSPropertyOp24
 70
     1
102
RTVSPropertyOp25
 70
     1
102
RTVSPropertyOp26
 70
     1
102
RTVSPropertyOp27
 70
     1
102
RTVSPropertyOp28
 70
     1
102
RTVSPropertyOp29
 70
     1
102
RTVSPropertyOp30
 70
     1
102
RTVSPropertyOp31
 70
     1
102
RTVSPropertyOp32
 70
     1
102
RTVSPropertyOp33
 70
     1
102
RTVSPropertyOp34
 70
     1
102
RTVSPropertyOp35
 70
     1
102
RTVSPropertyOp36
 70
     1
102
RTVSPropertyOp37
 70
     1
102
RTVSPropertyOp38
 70
     1
102
RTVSPropertyOp39
 70
     1
102
RTVSPropertyOp40
 70
     1
102
RTVSPropertyOp41
 70
     1
102
RTVSPropertyOp42
 70
     1
102
RTVSPropertyOp43
 70
     1
102
RTVSPropertyOp44
 70
     1
102
RTVSPropertyOp45
 70
     1
102
RTVSPropertyOp46
 70
     1
102
RTVSPropertyOp47
 70
     1
102
RTVSPropertyOp48
 70
     1
102
RTVSPropertyOp49
 70
     1
102
RTVSPropertyOp50
 70
     1
102
RTVSPropertyOp51
 70
     0
102
RTVSPropertyOp52
 70
     0
102
RTVSPropertyOp53
 70
     1
102
RTVSPropertyOp54
 70
     1
102
RTVSPropertyOp55
 70
     1
102
RTVSPropertyOp56
 70
     1
102
RTVSPropertyOp57
 70
     1
102
RTVSPost2010Prop28
280
     0
102
RTVSPost2010PropOp28
 70
     1
102
RTVSPost2010Prop29
280
     1
102
RTVSPost2010PropOp29
 70
     1
102
RTVSPost2010Prop30
280
     1
102
RTVSPost2010PropOp30
 70
     1
102
RTVSPost2010Prop31
280
     0
102
RTVSPost2010PropOp31
 70
     1
102
RTVSPost2010Prop32
280
     0
102
RTVSPost2010PropOp32
 70
     1
102
RTVSPost2010Prop33
280
     0
102
RTVSPost2010PropOp33
 70
     1
102
RTVSPost2010Prop34
280
     0
102
RTVSPost2010PropOp34
 70
     1
102
RTVSPost2010Prop35
280
     0
102
RTVSPost2010PropOp35
 70
     1
102
RTVSPost2010Prop36
280
     0
102
RTVSPost2010PropOp36
 70
     1
102
RTVSPost2010Prop37
 90
       50
102
RTVSPost2010PropOp37
 70
     1
102
RTVSPost2010Prop38
140
0.0
102
RTVSPost2010PropOp38
 70
     1
102
RTVSPost2010Prop39
140
1.0
102
RTVSPost2010PropOp39
 70
     1
102
RTVSPost2010Prop40
 90
        0
102
RTVSPost2010PropOp40
 70
     1
102
RTVSPost2010Prop41ColorIndex
 90
       18
102
RTVSPost2010Prop41ColorRGB
 90
        0
102
RTVSPost2010PropOp41
 70
     1
102
RTVSPost2010Prop42
 90
       50
102
RTVSPost2010PropOp42
 70
     1
102
RTVSPost2010Prop43
 90
        3
102
RTVSPost2010PropOp43
 70
     1
102
RTVSPost2010Prop44ColorIndex
 90
        5
102
RTVSPost2010Prop44ColorRGB
 90
      255
102
RTVSPost2010PropOp44
 70
     1
102
RTVSPost2010Prop45
280
     0
102
RTVSPost2010PropOp45
 70
     1
102
RTVSPost2010Prop46
 90
       50
102
RTVSPost2010PropOp46
 70
     1
102
RTVSPost2010Prop47
 90
       50
102
RTVSPost2010PropOp47
 70
     1
102
RTVSPost2010Prop48
 90
       50
102
RTVSPost2010PropOp48
 70
     1
102
RTVSPost2010Prop49
280
     0
102
RTVSPost2010PropOp49
 70
     1
102
RTVSPost2010Prop50
 90
       50
102
RTVSPost2010PropOp50
 70
     1
102
RTVSPost2010Prop51ColorIndex
 90
      256
102
RTVSPost2010Prop51ColorRGB
 90
-16777216
102
RTVSPost2010PropOp51
 70
     0
102
RTVSPost2010Prop52
140
1.0
102
RTVSPost2010PropOp52
 70
     0
102
RTVSPost2010Prop53
 90
        2
102
RTVSPost2010PropOp53
 70
     1
102
RTVSPost2010Prop54
  1
strokes_ogs.tif
102
RTVSPost2010PropOp54
 70
     1
102
RTVSPost2010Prop55
280
     0
102
RTVSPost2010PropOp55
 70
     1
102
RTVSPost2010Prop56
140
1.0
102
RTVSPost2010PropOp56
 70
     1
102
RTVSPost2010Prop57
140
1.0
102
RTVSPost2010PropOp57
 70
     1
  0
XRECORD
  5
EA
102
{ACAD_REACTORS
330
E9
102
}
330
E9
100
AcDbXrecord
280
     1
102
RTVSPropertyOp0
 70
     1
102
RTVSPropertyOp1
 70
     1
102
RTVSPropertyOp2
 70
     1
102
RTVSPropertyOp3
 70
     1
102
RTVSPropertyOp4
 70
     1
102
RTVSPropertyOp5
 70
     1
102
RTVSPropertyOp6
 70
     1
102
RTVSPropertyOp7
 70
     1
102
RTVSPropertyOp8
 70
     1
102
RTVSPropertyOp9
 70
     1
102
RTVSPropertyOp10
 70
     1
102
RTVSPropertyOp11
 70
     1
102
RTVSPropertyOp12
 70
     1
102
RTVSPropertyOp13
 70
     1
102
RTVSPropertyOp14
 70
     1
102
RTVSPropertyOp15
 70
     1
102
RTVSPropertyOp16
 70
     1
102
RTVSPropertyOp17
 70
     1
102
RTVSPropertyOp18
 70
     1
102
RTVSPropertyOp19
 70
     1
102
RTVSPropertyOp20
 70
     1
102
RTVSPropertyOp21
 70
     1
102
RTVSPropertyOp22
 70
     1
102
RTVSPropertyOp23
 70
     1
102
RTVSPropertyOp24
 70
     1
102
RTVSPropertyOp25
 70
     1
102
RTVSPropertyOp26
 70
     1
102
RTVSPropertyOp27
 70
     1
102
RTVSPropertyOp28
 70
     1
102
RTVSPropertyOp29
 70
     1
102
RTVSPropertyOp30
 70
     1
102
RTVSPropertyOp31
 70
     1
102
RTVSPropertyOp32
 70
     1
102
RTVSPropertyOp33
 70
     1
102
RTVSPropertyOp34
 70
     1
102
RTVSPropertyOp35
 70
     1
102
RTVSPropertyOp36
 70
     1
102
RTVSPropertyOp37
 70
     1
102
RTVSPropertyOp38
 70
     1
102
RTVSPropertyOp39
 70
     1
102
RTVSPropertyOp40
 70
     1
102
RTVSPropertyOp41
 70
     1
102
RTVSPropertyOp42
 70
     1
102
RTVSPropertyOp43
 70
     1
102
RTVSPropertyOp44
 70
     1
102
RTVSPropertyOp45
 70
     1
102
RTVSPropertyOp46
 70
     1
102
RTVSPropertyOp47
 70
     1
102
RTVSPropertyOp48
 70
     1
102
RTVSPropertyOp49
 70
     1
102
RTVSPropertyOp50
 70
     1
102
RTVSPropertyOp51
 70
     0
102
RTVSPropertyOp52
 70
     0
102
RTVSPropertyOp53
 70
     1
102
RTVSPropertyOp54
 70
     1
102
RTVSPropertyOp55
 70
     1
102
RTVSPropertyOp56
 70
     1
102
RTVSPropertyOp57
 70
     1
102
RTVSPost2010Prop28
280
     0
102
RTVSPost2010PropOp28
 70
     1
102
RTVSPost2010Prop29
280
     1
102
RTVSPost2010PropOp29
 70
     1
102
RTVSPost2010Prop30
280
     1
102
RTVSPost2010PropOp30
 70
     1
102
RTVSPost2010Prop31
280
     0
102
RTVSPost2010PropOp31
 70
     1
102
RTVSPost2010Prop32
280
     0
102
RTVSPost2010PropOp32
 70
     1
102
RTVSPost2010Prop33
280
     0
102
RTVSPost2010PropOp33
 70
     1
102
RTVSPost2010Prop34
280
     0
102
RTVSPost2010PropOp34
 70
     1
102
RTVSPost2010Prop35
280
     0
102
RTVSPost2010PropOp35
 70
     1
102
RTVSPost2010Prop36
280
     0
102
RTVSPost2010PropOp36
 70
     1
102
RTVSPost2010Prop37
 90
       50
102
RTVSPost2010PropOp37
 70
     1
102
RTVSPost2010Prop38
140
0.0
102
RTVSPost2010PropOp38
 70
     1
102
RTVSPost2010Prop39
140
1.0
102
RTVSPost2010PropOp39
 70
     1
102
RTVSPost2010Prop40
 90
        0
102
RTVSPost2010PropOp40
 70
     1
102
RTVSPost2010Prop41ColorIndex
 90
       18
102
RTVSPost2010Prop41ColorRGB
 90
        0
102
RTVSPost2010PropOp41
 70
     1
102
RTVSPost2010Prop42
 90
       50
102
RTVSPost2010PropOp42
 70
     1
102
RTVSPost2010Prop43
 90
        3
102
RTVSPost2010PropOp43
 70
     1
102
RTVSPost2010Prop44ColorIndex
 90
        5
102
RTVSPost2010Prop44ColorRGB
 90
      255
102
RTVSPost2010PropOp44
 70
     1
102
RTVSPost2010Prop45
280
     0
102
RTVSPost2010PropOp45
 70
     1
102
RTVSPost2010Prop46
 90
       50
102
RTVSPost2010PropOp46
 70
     1
102
RTVSPost2010Prop47
 90
       50
102
RTVSPost2010PropOp47
 70
     1
102
RTVSPost2010Prop48
 90
       50
102
RTVSPost2010PropOp48
 70
     1
102
RTVSPost2010Prop49
280
     0
102
RTVSPost2010PropOp49
 70
     1
102
RTVSPost2010Prop50
 90
       50
102
RTVSPost2010PropOp50
 70
     1
102
RTVSPost2010Prop51ColorIndex
 90
      256
102
RTVSPost2010Prop51ColorRGB
 90
-16777216
102
RTVSPost2010PropOp51
 70
     0
102
RTVSPost2010Prop52
140
1.0
102
RTVSPost2010PropOp52
 70
     0
102
RTVSPost2010Prop53
 90
        2
102
RTVSPost2010PropOp53
 70
     1
102
RTVSPost2010Prop54
  1
strokes_ogs.tif
102
RTVSPost2010PropOp54
 70
     1
102
RTVSPost2010Prop55
280
     0
102
RTVSPost2010PropOp55
 70
     1
102
RTVSPost2010Prop56
140
1.0
102
RTVSPost2010PropOp56
 70
     1
102
RTVSPost2010Prop57
140
1.0
102
RTVSPost2010PropOp57
 70
     1
  0
XRECORD
  5
E8
102
{ACAD_REACTORS
330
E7
102
}
330
E7
100
AcDbXrecord
280
     1
102
RTVSPropertyOp0
 70
     1
102
RTVSPropertyOp1
 70
     1
102
RTVSPropertyOp2
 70
     1
102
RTVSPropertyOp3
 70
     1
102
RTVSPropertyOp4
 70
     1
102
RTVSPropertyOp5
 70
     1
102
RTVSPropertyOp6
 70
     1
102
RTVSPropertyOp7
 70
     1
102
RTVSPropertyOp8
 70
     1
102
RTVSPropertyOp9
 70
     1
102
RTVSPropertyOp10
 70
     1
102
RTVSPropertyOp11
 70
     1
102
RTVSPropertyOp12
 70
     1
102
RTVSPropertyOp13
 70
     1
102
RTVSPropertyOp14
 70
     1
102
RTVSPropertyOp15
 70
     1
102
RTVSPropertyOp16
 70
     1
102
RTVSPropertyOp17
 70
     1
102
RTVSPropertyOp18
 70
     1
102
RTVSPropertyOp19
 70
     1
102
RTVSPropertyOp20
 70
     1
102
RTVSPropertyOp21
 70
     1
102
RTVSPropertyOp22
 70
     1
102
RTVSPropertyOp23
 70
     1
102
RTVSPropertyOp24
 70
     1
102
RTVSPropertyOp25
 70
     1
102
RTVSPropertyOp26
 70
     1
102
RTVSPropertyOp27
 70
     1
102
RTVSPropertyOp28
 70
     1
102
RTVSPropertyOp29
 70
     1
102
RTVSPropertyOp30
 70
     1
102
RTVSPropertyOp31
 70
     1
102
RTVSPropertyOp32
 70
     1
102
RTVSPropertyOp33
 70
     1
102
RTVSPropertyOp34
 70
     1
102
RTVSPropertyOp35
 70
     1
102
RTVSPropertyOp36
 70
     1
102
RTVSPropertyOp37
 70
     1
102
RTVSPropertyOp38
 70
     1
102
RTVSPropertyOp39
 70
     1
102
RTVSPropertyOp40
 70
     1
102
RTVSPropertyOp41
 70
     1
102
RTVSPropertyOp42
 70
     1
102
RTVSPropertyOp43
 70
     1
102
RTVSPropertyOp44
 70
     1
102
RTVSPropertyOp45
 70
     1
102
RTVSPropertyOp46
 70
     1
102
RTVSPropertyOp47
 70
     1
102
RTVSPropertyOp48
 70
     1
102
RTVSPropertyOp49
 70
     1
102
RTVSPropertyOp50
 70
     1
102
RTVSPropertyOp51
 70
     0
102
RTVSPropertyOp52
 70
     0
102
RTVSPropertyOp53
 70
     1
102
RTVSPropertyOp54
 70
     1
102
RTVSPropertyOp55
 70
     1
102
RTVSPropertyOp56
 70
     1
102
RTVSPropertyOp57
 70
     1
102
RTVSPost2010Prop28
280
     0
102
RTVSPost2010PropOp28
 70
     1
102
RTVSPost2010Prop29
280
     1
102
RTVSPost2010PropOp29
 70
     1
102
RTVSPost2010Prop30
280
     1
102
RTVSPost2010PropOp30
 70
     1
102
RTVSPost2010Prop31
280
     0
102
RTVSPost2010PropOp31
 70
     1
102
RTVSPost2010Prop32
280
     0
102
RTVSPost2010PropOp32
 70
     1
102
RTVSPost2010Prop33
280
     0
102
RTVSPost2010PropOp33
 70
     1
102
RTVSPost2010Prop34
280
     0
102
RTVSPost2010PropOp34
 70
     1
102
RTVSPost2010Prop35
280
     0
102
RTVSPost2010PropOp35
 70
     1
102
RTVSPost2010Prop36
280
     0
102
RTVSPost2010PropOp36
 70
     1
102
RTVSPost2010Prop37
 90
       50
102
RTVSPost2010PropOp37
 70
     1
102
RTVSPost2010Prop38
140
0.0
102
RTVSPost2010PropOp38
 70
     1
102
RTVSPost2010Prop39
140
1.0
102
RTVSPost2010PropOp39
 70
     1
102
RTVSPost2010Prop40
 90
        0
102
RTVSPost2010PropOp40
 70
     1
102
RTVSPost2010Prop41ColorIndex
 90
       18
102
RTVSPost2010Prop41ColorRGB
 90
        0
102
RTVSPost2010PropOp41
 70
     1
102
RTVSPost2010Prop42
 90
       50
102
RTVSPost2010PropOp42
 70
     1
102
RTVSPost2010Prop43
 90
        3
102
RTVSPost2010PropOp43
 70
     1
102
RTVSPost2010Prop44ColorIndex
 90
        5
102
RTVSPost2010Prop44ColorRGB
 90
      255
102
RTVSPost2010PropOp44
 70
     1
102
RTVSPost2010Prop45
280
     0
102
RTVSPost2010PropOp45
 70
     1
102
RTVSPost2010Prop46
 90
       50
102
RTVSPost2010PropOp46
 70
     1
102
RTVSPost2010Prop47
 90
       50
102
RTVSPost2010PropOp47
 70
     1
102
RTVSPost2010Prop48
 90
       50
102
RTVSPost2010PropOp48
 70
     1
102
RTVSPost2010Prop49
280
     0
102
RTVSPost2010PropOp49
 70
     1
102
RTVSPost2010Prop50
 90
       50
102
RTVSPost2010PropOp50
 70
     1
102
RTVSPost2010Prop51ColorIndex
 90
      256
102
RTVSPost2010Prop51ColorRGB
 90
-16777216
102
RTVSPost2010PropOp51
 70
     0
102
RTVSPost2010Prop52
140
1.0
102
RTVSPost2010PropOp52
 70
     0
102
RTVSPost2010Prop53
 90
        2
102
RTVSPost2010PropOp53
 70
     1
102
RTVSPost2010Prop54
  1
strokes_ogs.tif
102
RTVSPost2010PropOp54
 70
     1
102
RTVSPost2010Prop55
280
     0
102
RTVSPost2010PropOp55
 70
     1
102
RTVSPost2010Prop56
140
1.0
102
RTVSPost2010PropOp56
 70
     1
102
RTVSPost2010Prop57
140
1.0
102
RTVSPost2010PropOp57
 70
     1
  0
XRECORD
  5
E2
102
{ACAD_REACTORS
330
E1
102
}
330
E1
100
AcDbXrecord
280
     1
102
RTVSPropertyOp0
 70
     1
102
RTVSPropertyOp1
 70
     1
102
RTVSPropertyOp2
 70
     1
102
RTVSPropertyOp3
 70
     1
102
RTVSPropertyOp4
 70
     1
102
RTVSPropertyOp5
 70
     1
102
RTVSPropertyOp6
 70
     1
102
RTVSPropertyOp7
 70
     1
102
RTVSPropertyOp8
 70
     1
102
RTVSPropertyOp9
 70
     1
102
RTVSPropertyOp10
 70
     1
102
RTVSPropertyOp11
 70
     1
102
RTVSPropertyOp12
 70
     1
102
RTVSPropertyOp13
 70
     1
102
RTVSPropertyOp14
 70
     1
102
RTVSPropertyOp15
 70
     1
102
RTVSPropertyOp16
 70
     1
102
RTVSPropertyOp17
 70
     1
102
RTVSPropertyOp18
 70
     1
102
RTVSPropertyOp19
 70
     1
102
RTVSPropertyOp20
 70
     1
102
RTVSPropertyOp21
 70
     1
102
RTVSPropertyOp22
 70
     1
102
RTVSPropertyOp23
 70
     1
102
RTVSPropertyOp24
 70
     1
102
RTVSPropertyOp25
 70
     1
102
RTVSPropertyOp26
 70
     1
102
RTVSPropertyOp27
 70
     1
102
RTVSPropertyOp28
 70
     1
102
RTVSPropertyOp29
 70
     1
102
RTVSPropertyOp30
 70
     1
102
RTVSPropertyOp31
 70
     1
102
RTVSPropertyOp32
 70
     1
102
RTVSPropertyOp33
 70
     1
102
RTVSPropertyOp34
 70
     1
102
RTVSPropertyOp35
 70
     1
102
RTVSPropertyOp36
 70
     1
102
RTVSPropertyOp37
 70
     1
102
RTVSPropertyOp38
 70
     1
102
RTVSPropertyOp39
 70
     1
102
RTVSPropertyOp40
 70
     1
102
RTVSPropertyOp41
 70
     1
102
RTVSPropertyOp42
 70
     1
102
RTVSPropertyOp43
 70
     1
102
RTVSPropertyOp44
 70
     1
102
RTVSPropertyOp45
 70
     1
102
RTVSPropertyOp46
 70
     1
102
RTVSPropertyOp47
 70
     1
102
RTVSPropertyOp48
 70
     1
102
RTVSPropertyOp49
 70
     1
102
RTVSPropertyOp50
 70
     1
102
RTVSPropertyOp51
 70
     0
102
RTVSPropertyOp52
 70
     0
102
RTVSPropertyOp53
 70
     1
102
RTVSPropertyOp54
 70
     1
102
RTVSPropertyOp55
 70
     1
102
RTVSPropertyOp56
 70
     1
102
RTVSPropertyOp57
 70
     1
102
RTVSPost2010Prop28
280
     0
102
RTVSPost2010PropOp28
 70
     1
102
RTVSPost2010Prop29
280
     1
102
RTVSPost2010PropOp29
 70
     1
102
RTVSPost2010Prop30
280
     1
102
RTVSPost2010PropOp30
 70
     1
102
RTVSPost2010Prop31
280
     0
102
RTVSPost2010PropOp31
 70
     1
102
RTVSPost2010Prop32
280
     0
102
RTVSPost2010PropOp32
 70
     1
102
RTVSPost2010Prop33
280
     0
102
RTVSPost2010PropOp33
 70
     1
102
RTVSPost2010Prop34
280
     0
102
RTVSPost2010PropOp34
 70
     1
102
RTVSPost2010Prop35
280
     0
102
RTVSPost2010PropOp35
 70
     1
102
RTVSPost2010Prop36
280
     0
102
RTVSPost2010PropOp36
 70
     1
102
RTVSPost2010Prop37
 90
       50
102
RTVSPost2010PropOp37
 70
     1
102
RTVSPost2010Prop38
140
0.0
102
RTVSPost2010PropOp38
 70
     1
102
RTVSPost2010Prop39
140
1.0
102
RTVSPost2010PropOp39
 70
     1
102
RTVSPost2010Prop40
 90
        0
102
RTVSPost2010PropOp40
 70
     1
102
RTVSPost2010Prop41ColorIndex
 90
       18
102
RTVSPost2010Prop41ColorRGB
 90
        0
102
RTVSPost2010PropOp41
 70
     1
102
RTVSPost2010Prop42
 90
       50
102
RTVSPost2010PropOp42
 70
     1
102
RTVSPost2010Prop43
 90
        3
102
RTVSPost2010PropOp43
 70
     1
102
RTVSPost2010Prop44ColorIndex
 90
        5
102
RTVSPost2010Prop44ColorRGB
 90
      255
102
RTVSPost2010PropOp44
 70
     1
102
RTVSPost2010Prop45
280
     0
102
RTVSPost2010PropOp45
 70
     1
102
RTVSPost2010Prop46
 90
       50
102
RTVSPost2010PropOp46
 70
     1
102
RTVSPost2010Prop47
 90
       50
102
RTVSPost2010PropOp47
 70
     1
102
RTVSPost2010Prop48
 90
       50
102
RTVSPost2010PropOp48
 70
     1
102
RTVSPost2010Prop49
280
     0
102
RTVSPost2010PropOp49
 70
     1
102
RTVSPost2010Prop50
 90
       50
102
RTVSPost2010PropOp50
 70
     1
102
RTVSPost2010Prop51ColorIndex
 90
      256
102
RTVSPost2010Prop51ColorRGB
 90
-16777216
102
RTVSPost2010PropOp51
 70
     0
102
RTVSPost2010Prop52
140
1.0
102
RTVSPost2010PropOp52
 70
     0
102
RTVSPost2010Prop53
 90
        2
102
RTVSPost2010PropOp53
 70
     1
102
RTVSPost2010Prop54
  1
strokes_ogs.tif
102
RTVSPost2010PropOp54
 70
     1
102
RTVSPost2010Prop55
280
     0
102
RTVSPost2010PropOp55
 70
     1
102
RTVSPost2010Prop56
140
1.0
102
RTVSPost2010PropOp56
 70
     1
102
RTVSPost2010Prop57
140
1.0
102
RTVSPost2010PropOp57
 70
     1
  0
XRECORD
  5
E4
102
{ACAD_REACTORS
330
E3
102
}
330
E3
100
AcDbXrecord
280
     1
102
RTVSPropertyOp0
 70
     1
102
RTVSPropertyOp1
 70
     1
102
RTVSPropertyOp2
 70
     1
102
RTVSPropertyOp3
 70
     1
102
RTVSPropertyOp4
 70
     1
102
RTVSPropertyOp5
 70
     1
102
RTVSPropertyOp6
 70
     1
102
RTVSPropertyOp7
 70
     1
102
RTVSPropertyOp8
 70
     1
102
RTVSPropertyOp9
 70
     1
102
RTVSPropertyOp10
 70
     1
102
RTVSPropertyOp11
 70
     1
102
RTVSPropertyOp12
 70
     1
102
RTVSPropertyOp13
 70
     1
102
RTVSPropertyOp14
 70
     1
102
RTVSPropertyOp15
 70
     1
102
RTVSPropertyOp16
 70
     1
102
RTVSPropertyOp17
 70
     1
102
RTVSPropertyOp18
 70
     1
102
RTVSPropertyOp19
 70
     1
102
RTVSPropertyOp20
 70
     1
102
RTVSPropertyOp21
 70
     1
102
RTVSPropertyOp22
 70
     1
102
RTVSPropertyOp23
 70
     1
102
RTVSPropertyOp24
 70
     1
102
RTVSPropertyOp25
 70
     1
102
RTVSPropertyOp26
 70
     1
102
RTVSPropertyOp27
 70
     1
102
RTVSPropertyOp28
 70
     1
102
RTVSPropertyOp29
 70
     1
102
RTVSPropertyOp30
 70
     1
102
RTVSPropertyOp31
 70
     1
102
RTVSPropertyOp32
 70
     1
102
RTVSPropertyOp33
 70
     1
102
RTVSPropertyOp34
 70
     1
102
RTVSPropertyOp35
 70
     1
102
RTVSPropertyOp36
 70
     1
102
RTVSPropertyOp37
 70
     1
102
RTVSPropertyOp38
 70
     1
102
RTVSPropertyOp39
 70
     1
102
RTVSPropertyOp40
 70
     1
102
RTVSPropertyOp41
 70
     1
102
RTVSPropertyOp42
 70
     1
102
RTVSPropertyOp43
 70
     1
102
RTVSPropertyOp44
 70
     1
102
RTVSPropertyOp45
 70
     1
102
RTVSPropertyOp46
 70
     1
102
RTVSPropertyOp47
 70
     1
102
RTVSPropertyOp48
 70
     1
102
RTVSPropertyOp49
 70
     1
102
RTVSPropertyOp50
 70
     1
102
RTVSPropertyOp51
 70
     0
102
RTVSPropertyOp52
 70
     0
102
RTVSPropertyOp53
 70
     1
102
RTVSPropertyOp54
 70
     1
102
RTVSPropertyOp55
 70
     1
102
RTVSPropertyOp56
 70
     1
102
RTVSPropertyOp57
 70
     1
102
RTVSPost2010Prop28
280
     0
102
RTVSPost2010PropOp28
 70
     1
102
RTVSPost2010Prop29
280
     1
102
RTVSPost2010PropOp29
 70
     1
102
RTVSPost2010Prop30
280
     1
102
RTVSPost2010PropOp30
 70
     1
102
RTVSPost2010Prop31
280
     0
102
RTVSPost2010PropOp31
 70
     1
102
RTVSPost2010Prop32
280
     0
102
RTVSPost2010PropOp32
 70
     1
102
RTVSPost2010Prop33
280
     0
102
RTVSPost2010PropOp33
 70
     1
102
RTVSPost2010Prop34
280
     0
102
RTVSPost2010PropOp34
 70
     1
102
RTVSPost2010Prop35
280
     0
102
RTVSPost2010PropOp35
 70
     1
102
RTVSPost2010Prop36
280
     0
102
RTVSPost2010PropOp36
 70
     1
102
RTVSPost2010Prop37
 90
       50
102
RTVSPost2010PropOp37
 70
     1
102
RTVSPost2010Prop38
140
0.0
102
RTVSPost2010PropOp38
 70
     1
102
RTVSPost2010Prop39
140
1.0
102
RTVSPost2010PropOp39
 70
     1
102
RTVSPost2010Prop40
 90
        0
102
RTVSPost2010PropOp40
 70
     1
102
RTVSPost2010Prop41ColorIndex
 90
       18
102
RTVSPost2010Prop41ColorRGB
 90
        0
102
RTVSPost2010PropOp41
 70
     1
102
RTVSPost2010Prop42
 90
       50
102
RTVSPost2010PropOp42
 70
     1
102
RTVSPost2010Prop43
 90
        3
102
RTVSPost2010PropOp43
 70
     1
102
RTVSPost2010Prop44ColorIndex
 90
        5
102
RTVSPost2010Prop44ColorRGB
 90
      255
102
RTVSPost2010PropOp44
 70
     1
102
RTVSPost2010Prop45
280
     0
102
RTVSPost2010PropOp45
 70
     1
102
RTVSPost2010Prop46
 90
       50
102
RTVSPost2010PropOp46
 70
     1
102
RTVSPost2010Prop47
 90
       50
102
RTVSPost2010PropOp47
 70
     1
102
RTVSPost2010Prop48
 90
       50
102
RTVSPost2010PropOp48
 70
     1
102
RTVSPost2010Prop49
280
     0
102
RTVSPost2010PropOp49
 70
     1
102
RTVSPost2010Prop50
 90
       50
102
RTVSPost2010PropOp50
 70
     1
102
RTVSPost2010Prop51ColorIndex
 90
      256
102
RTVSPost2010Prop51ColorRGB
 90
-16777216
102
RTVSPost2010PropOp51
 70
     0
102
RTVSPost2010Prop52
140
1.0
102
RTVSPost2010PropOp52
 70
     0
102
RTVSPost2010Prop53
 90
        2
102
RTVSPost2010PropOp53
 70
     1
102
RTVSPost2010Prop54
  1
strokes_ogs.tif
102
RTVSPost2010PropOp54
 70
     1
102
RTVSPost2010Prop55
280
     0
102
RTVSPost2010PropOp55
 70
     1
102
RTVSPost2010Prop56
140
1.0
102
RTVSPost2010PropOp56
 70
     1
102
RTVSPost2010Prop57
140
1.0
102
RTVSPost2010PropOp57
 70
     1
  0
XRECORD
  5
D4
102
{ACAD_REACTORS
330
D3
102
}
330
D3
100
AcDbXrecord
280
     1
102
RTVSPropertyOp0
 70
     1
102
RTVSPropertyOp1
 70
     1
102
RTVSPropertyOp2
 70
     1
102
RTVSPropertyOp3
 70
     1
102
RTVSPropertyOp4
 70
     1
102
RTVSPropertyOp5
 70
     1
102
RTVSPropertyOp6
 70
     1
102
RTVSPropertyOp7
 70
     1
102
RTVSPropertyOp8
 70
     1
102
RTVSPropertyOp9
 70
     1
102
RTVSPropertyOp10
 70
     1
102
RTVSPropertyOp11
 70
     1
102
RTVSPropertyOp12
 70
     1
102
RTVSPropertyOp13
 70
     1
102
RTVSPropertyOp14
 70
     1
102
RTVSPropertyOp15
 70
     1
102
RTVSPropertyOp16
 70
     1
102
RTVSPropertyOp17
 70
     1
102
RTVSPropertyOp18
 70
     1
102
RTVSPropertyOp19
 70
     1
102
RTVSPropertyOp20
 70
     1
102
RTVSPropertyOp21
 70
     1
102
RTVSPropertyOp22
 70
     1
102
RTVSPropertyOp23
 70
     1
102
RTVSPropertyOp24
 70
     1
102
RTVSPropertyOp25
 70
     1
102
RTVSPropertyOp26
 70
     1
102
RTVSPropertyOp27
 70
     1
102
RTVSPropertyOp28
 70
     1
102
RTVSPropertyOp29
 70
     1
102
RTVSPropertyOp30
 70
     1
102
RTVSPropertyOp31
 70
     1
102
RTVSPropertyOp32
 70
     1
102
RTVSPropertyOp33
 70
     1
102
RTVSPropertyOp34
 70
     1
102
RTVSPropertyOp35
 70
     1
102
RTVSPropertyOp36
 70
     1
102
RTVSPropertyOp37
 70
     1
102
RTVSPropertyOp38
 70
     1
102
RTVSPropertyOp39
 70
     1
102
RTVSPropertyOp40
 70
     1
102
RTVSPropertyOp41
 70
     1
102
RTVSPropertyOp42
 70
     1
102
RTVSPropertyOp43
 70
     1
102
RTVSPropertyOp44
 70
     1
102
RTVSPropertyOp45
 70
     1
102
RTVSPropertyOp46
 70
     1
102
RTVSPropertyOp47
 70
     1
102
RTVSPropertyOp48
 70
     1
102
RTVSPropertyOp49
 70
     1
102
RTVSPropertyOp50
 70
     1
102
RTVSPropertyOp51
 70
     0
102
RTVSPropertyOp52
 70
     0
102
RTVSPropertyOp53
 70
     1
102
RTVSPropertyOp54
 70
     1
102
RTVSPropertyOp55
 70
     1
102
RTVSPropertyOp56
 70
     1
102
RTVSPropertyOp57
 70
     1
102
RTVSPost2010Prop28
280
     0
102
RTVSPost2010PropOp28
 70
     1
102
RTVSPost2010Prop29
280
     1
102
RTVSPost2010PropOp29
 70
     1
102
RTVSPost2010Prop30
280
     1
102
RTVSPost2010PropOp30
 70
     1
102
RTVSPost2010Prop31
280
     0
102
RTVSPost2010PropOp31
 70
     1
102
RTVSPost2010Prop32
280
     0
102
RTVSPost2010PropOp32
 70
     1
102
RTVSPost2010Prop33
280
     0
102
RTVSPost2010PropOp33
 70
     1
102
RTVSPost2010Prop34
280
     0
102
RTVSPost2010PropOp34
 70
     1
102
RTVSPost2010Prop35
280
     0
102
RTVSPost2010PropOp35
 70
     1
102
RTVSPost2010Prop36
280
     0
102
RTVSPost2010PropOp36
 70
     1
102
RTVSPost2010Prop37
 90
       50
102
RTVSPost2010PropOp37
 70
     1
102
RTVSPost2010Prop38
140
0.0
102
RTVSPost2010PropOp38
 70
     1
102
RTVSPost2010Prop39
140
1.0
102
RTVSPost2010PropOp39
 70
     1
102
RTVSPost2010Prop40
 90
        0
102
RTVSPost2010PropOp40
 70
     1
102
RTVSPost2010Prop41ColorIndex
 90
       18
102
RTVSPost2010Prop41ColorRGB
 90
        0
102
RTVSPost2010PropOp41
 70
     1
102
RTVSPost2010Prop42
 90
       50
102
RTVSPost2010PropOp42
 70
     1
102
RTVSPost2010Prop43
 90
        3
102
RTVSPost2010PropOp43
 70
     1
102
RTVSPost2010Prop44ColorIndex
 90
        5
102
RTVSPost2010Prop44ColorRGB
 90
      255
102
RTVSPost2010PropOp44
 70
     1
102
RTVSPost2010Prop45
280
     0
102
RTVSPost2010PropOp45
 70
     1
102
RTVSPost2010Prop46
 90
       50
102
RTVSPost2010PropOp46
 70
     1
102
RTVSPost2010Prop47
 90
       50
102
RTVSPost2010PropOp47
 70
     1
102
RTVSPost2010Prop48
 90
       50
102
RTVSPost2010PropOp48
 70
     1
102
RTVSPost2010Prop49
280
     0
102
RTVSPost2010PropOp49
 70
     1
102
RTVSPost2010Prop50
 90
       50
102
RTVSPost2010PropOp50
 70
     1
102
RTVSPost2010Prop51ColorIndex
 90
      256
102
RTVSPost2010Prop51ColorRGB
 90
-16777216
102
RTVSPost2010PropOp51
 70
     0
102
RTVSPost2010Prop52
140
1.0
102
RTVSPost2010PropOp52
 70
     0
102
RTVSPost2010Prop53
 90
        2
102
RTVSPost2010PropOp53
 70
     1
102
RTVSPost2010Prop54
  1
strokes_ogs.tif
102
RTVSPost2010PropOp54
 70
     1
102
RTVSPost2010Prop55
280
     0
102
RTVSPost2010PropOp55
 70
     1
102
RTVSPost2010Prop56
140
1.0
102
RTVSPost2010PropOp56
 70
     1
102
RTVSPost2010Prop57
140
1.0
102
RTVSPost2010PropOp57
 70
     1
  0
XRECORD
  5
C6
102
{ACAD_REACTORS
330
C5
102
}
330
C5
100
AcDbXrecord
280
     1
102
RTVSPropertyOp0
 70
     1
102
RTVSPropertyOp1
 70
     1
102
RTVSPropertyOp2
 70
     1
102
RTVSPropertyOp3
 70
     1
102
RTVSPropertyOp4
 70
     1
102
RTVSPropertyOp5
 70
     1
102
RTVSPropertyOp6
 70
     1
102
RTVSPropertyOp7
 70
     1
102
RTVSPropertyOp8
 70
     1
102
RTVSPropertyOp9
 70
     1
102
RTVSPropertyOp10
 70
     1
102
RTVSPropertyOp11
 70
     1
102
RTVSPropertyOp12
 70
     1
102
RTVSPropertyOp13
 70
     1
102
RTVSPropertyOp14
 70
     1
102
RTVSPropertyOp15
 70
     1
102
RTVSPropertyOp16
 70
     1
102
RTVSPropertyOp17
 70
     1
102
RTVSPropertyOp18
 70
     1
102
RTVSPropertyOp19
 70
     1
102
RTVSPropertyOp20
 70
     1
102
RTVSPropertyOp21
 70
     1
102
RTVSPropertyOp22
 70
     1
102
RTVSPropertyOp23
 70
     1
102
RTVSPropertyOp24
 70
     1
102
RTVSPropertyOp25
 70
     1
102
RTVSPropertyOp26
 70
     1
102
RTVSPropertyOp27
 70
     1
102
RTVSPropertyOp28
 70
     1
102
RTVSPropertyOp29
 70
     1
102
RTVSPropertyOp30
 70
     1
102
RTVSPropertyOp31
 70
     1
102
RTVSPropertyOp32
 70
     1
102
RTVSPropertyOp33
 70
     1
102
RTVSPropertyOp34
 70
     1
102
RTVSPropertyOp35
 70
     1
102
RTVSPropertyOp36
 70
     1
102
RTVSPropertyOp37
 70
     1
102
RTVSPropertyOp38
 70
     1
102
RTVSPropertyOp39
 70
     1
102
RTVSPropertyOp40
 70
     1
102
RTVSPropertyOp41
 70
     1
102
RTVSPropertyOp42
 70
     1
102
RTVSPropertyOp43
 70
     1
102
RTVSPropertyOp44
 70
     1
102
RTVSPropertyOp45
 70
     1
102
RTVSPropertyOp46
 70
     1
102
RTVSPropertyOp47
 70
     1
102
RTVSPropertyOp48
 70
     1
102
RTVSPropertyOp49
 70
     1
102
RTVSPropertyOp50
 70
     1
102
RTVSPropertyOp51
 70
     0
102
RTVSPropertyOp52
 70
     0
102
RTVSPropertyOp53
 70
     1
102
RTVSPropertyOp54
 70
     1
102
RTVSPropertyOp55
 70
     1
102
RTVSPropertyOp56
 70
     1
102
RTVSPropertyOp57
 70
     1
102
RTVSPost2010Prop28
280
     0
102
RTVSPost2010PropOp28
 70
     1
102
RTVSPost2010Prop29
280
     1
102
RTVSPost2010PropOp29
 70
     1
102
RTVSPost2010Prop30
280
     1
102
RTVSPost2010PropOp30
 70
     1
102
RTVSPost2010Prop31
280
     0
102
RTVSPost2010PropOp31
 70
     1
102
RTVSPost2010Prop32
280
     0
102
RTVSPost2010PropOp32
 70
     1
102
RTVSPost2010Prop33
280
     0
102
RTVSPost2010PropOp33
 70
     1
102
RTVSPost2010Prop34
280
     0
102
RTVSPost2010PropOp34
 70
     1
102
RTVSPost2010Prop35
280
     0
102
RTVSPost2010PropOp35
 70
     1
102
RTVSPost2010Prop36
280
     0
102
RTVSPost2010PropOp36
 70
     1
102
RTVSPost2010Prop37
 90
       50
102
RTVSPost2010PropOp37
 70
     1
102
RTVSPost2010Prop38
140
0.0
102
RTVSPost2010PropOp38
 70
     1
102
RTVSPost2010Prop39
140
1.0
102
RTVSPost2010PropOp39
 70
     1
102
RTVSPost2010Prop40
 90
        0
102
RTVSPost2010PropOp40
 70
     1
102
RTVSPost2010Prop41ColorIndex
 90
       18
102
RTVSPost2010Prop41ColorRGB
 90
        0
102
RTVSPost2010PropOp41
 70
     1
102
RTVSPost2010Prop42
 90
       50
102
RTVSPost2010PropOp42
 70
     1
102
RTVSPost2010Prop43
 90
        3
102
RTVSPost2010PropOp43
 70
     1
102
RTVSPost2010Prop44ColorIndex
 90
        5
102
RTVSPost2010Prop44ColorRGB
 90
      255
102
RTVSPost2010PropOp44
 70
     1
102
RTVSPost2010Prop45
280
     0
102
RTVSPost2010PropOp45
 70
     1
102
RTVSPost2010Prop46
 90
       50
102
RTVSPost2010PropOp46
 70
     1
102
RTVSPost2010Prop47
 90
       50
102
RTVSPost2010PropOp47
 70
     1
102
RTVSPost2010Prop48
 90
       50
102
RTVSPost2010PropOp48
 70
     1
102
RTVSPost2010Prop49
280
     0
102
RTVSPost2010PropOp49
 70
     1
102
RTVSPost2010Prop50
 90
       50
102
RTVSPost2010PropOp50
 70
     1
102
RTVSPost2010Prop51ColorIndex
 90
      256
102
RTVSPost2010Prop51ColorRGB
 90
-16777216
102
RTVSPost2010PropOp51
 70
     0
102
RTVSPost2010Prop52
140
1.0
102
RTVSPost2010PropOp52
 70
     0
102
RTVSPost2010Prop53
 90
        2
102
RTVSPost2010PropOp53
 70
     1
102
RTVSPost2010Prop54
  1
strokes_ogs.tif
102
RTVSPost2010PropOp54
 70
     1
102
RTVSPost2010Prop55
280
     0
102
RTVSPost2010PropOp55
 70
     1
102
RTVSPost2010Prop56
140
1.0
102
RTVSPost2010PropOp56
 70
     1
102
RTVSPost2010Prop57
140
1.0
102
RTVSPost2010PropOp57
 70
     1
  0
XRECORD
  5
E6
102
{ACAD_REACTORS
330
E5
102
}
330
E5
100
AcDbXrecord
280
     1
102
RTVSPropertyOp0
 70
     1
102
RTVSPropertyOp1
 70
     1
102
RTVSPropertyOp2
 70
     1
102
RTVSPropertyOp3
 70
     1
102
RTVSPropertyOp4
 70
     1
102
RTVSPropertyOp5
 70
     1
102
RTVSPropertyOp6
 70
     1
102
RTVSPropertyOp7
 70
     1
102
RTVSPropertyOp8
 70
     1
102
RTVSPropertyOp9
 70
     1
102
RTVSPropertyOp10
 70
     1
102
RTVSPropertyOp11
 70
     1
102
RTVSPropertyOp12
 70
     1
102
RTVSPropertyOp13
 70
     1
102
RTVSPropertyOp14
 70
     1
102
RTVSPropertyOp15
 70
     1
102
RTVSPropertyOp16
 70
     1
102
RTVSPropertyOp17
 70
     1
102
RTVSPropertyOp18
 70
     1
102
RTVSPropertyOp19
 70
     1
102
RTVSPropertyOp20
 70
     1
102
RTVSPropertyOp21
 70
     1
102
RTVSPropertyOp22
 70
     1
102
RTVSPropertyOp23
 70
     1
102
RTVSPropertyOp24
 70
     1
102
RTVSPropertyOp25
 70
     1
102
RTVSPropertyOp26
 70
     1
102
RTVSPropertyOp27
 70
     1
102
RTVSPropertyOp28
 70
     1
102
RTVSPropertyOp29
 70
     1
102
RTVSPropertyOp30
 70
     1
102
RTVSPropertyOp31
 70
     1
102
RTVSPropertyOp32
 70
     1
102
RTVSPropertyOp33
 70
     1
102
RTVSPropertyOp34
 70
     1
102
RTVSPropertyOp35
 70
     1
102
RTVSPropertyOp36
 70
     1
102
RTVSPropertyOp37
 70
     1
102
RTVSPropertyOp38
 70
     1
102
RTVSPropertyOp39
 70
     1
102
RTVSPropertyOp40
 70
     1
102
RTVSPropertyOp41
 70
     1
102
RTVSPropertyOp42
 70
     1
102
RTVSPropertyOp43
 70
     1
102
RTVSPropertyOp44
 70
     1
102
RTVSPropertyOp45
 70
     1
102
RTVSPropertyOp46
 70
     1
102
RTVSPropertyOp47
 70
     1
102
RTVSPropertyOp48
 70
     1
102
RTVSPropertyOp49
 70
     1
102
RTVSPropertyOp50
 70
     1
102
RTVSPropertyOp51
 70
     0
102
RTVSPropertyOp52
 70
     0
102
RTVSPropertyOp53
 70
     1
102
RTVSPropertyOp54
 70
     1
102
RTVSPropertyOp55
 70
     1
102
RTVSPropertyOp56
 70
     1
102
RTVSPropertyOp57
 70
     1
102
RTVSPost2010Prop28
280
     0
102
RTVSPost2010PropOp28
 70
     1
102
RTVSPost2010Prop29
280
     1
102
RTVSPost2010PropOp29
 70
     1
102
RTVSPost2010Prop30
280
     1
102
RTVSPost2010PropOp30
 70
     1
102
RTVSPost2010Prop31
280
     0
102
RTVSPost2010PropOp31
 70
     1
102
RTVSPost2010Prop32
280
     0
102
RTVSPost2010PropOp32
 70
     1
102
RTVSPost2010Prop33
280
     0
102
RTVSPost2010PropOp33
 70
     1
102
RTVSPost2010Prop34
280
     0
102
RTVSPost2010PropOp34
 70
     1
102
RTVSPost2010Prop35
280
     0
102
RTVSPost2010PropOp35
 70
     1
102
RTVSPost2010Prop36
280
     0
102
RTVSPost2010PropOp36
 70
     1
102
RTVSPost2010Prop37
 90
       50
102
RTVSPost2010PropOp37
 70
     1
102
RTVSPost2010Prop38
140
0.0
102
RTVSPost2010PropOp38
 70
     1
102
RTVSPost2010Prop39
140
1.0
102
RTVSPost2010PropOp39
 70
     1
102
RTVSPost2010Prop40
 90
        0
102
RTVSPost2010PropOp40
 70
     1
102
RTVSPost2010Prop41ColorIndex
 90
       18
102
RTVSPost2010Prop41ColorRGB
 90
        0
102
RTVSPost2010PropOp41
 70
     1
102
RTVSPost2010Prop42
 90
       50
102
RTVSPost2010PropOp42
 70
     1
102
RTVSPost2010Prop43
 90
        3
102
RTVSPost2010PropOp43
 70
     1
102
RTVSPost2010Prop44ColorIndex
 90
        5
102
RTVSPost2010Prop44ColorRGB
 90
      255
102
RTVSPost2010PropOp44
 70
     1
102
RTVSPost2010Prop45
280
     0
102
RTVSPost2010PropOp45
 70
     1
102
RTVSPost2010Prop46
 90
       50
102
RTVSPost2010PropOp46
 70
     1
102
RTVSPost2010Prop47
 90
       50
102
RTVSPost2010PropOp47
 70
     1
102
RTVSPost2010Prop48
 90
       50
102
RTVSPost2010PropOp48
 70
     1
102
RTVSPost2010Prop49
280
     0
102
RTVSPost2010PropOp49
 70
     1
102
RTVSPost2010Prop50
 90
       50
102
RTVSPost2010PropOp50
 70
     1
102
RTVSPost2010Prop51ColorIndex
 90
      256
102
RTVSPost2010Prop51ColorRGB
 90
-16777216
102
RTVSPost2010PropOp51
 70
     0
102
RTVSPost2010Prop52
140
1.0
102
RTVSPost2010PropOp52
 70
     0
102
RTVSPost2010Prop53
 90
        2
102
RTVSPost2010PropOp53
 70
     1
102
RTVSPost2010Prop54
  1
strokes_ogs.tif
102
RTVSPost2010PropOp54
 70
     1
102
RTVSPost2010Prop55
280
     0
102
RTVSPost2010PropOp55
 70
     1
102
RTVSPost2010Prop56
140
1.0
102
RTVSPost2010PropOp56
 70
     1
102
RTVSPost2010Prop57
140
1.0
102
RTVSPost2010PropOp57
 70
     1
  0
ENDSEC
  0
EOF
