SolidWorks IGES file using NURBS representation for surfaces            S      1
1H,,1H;,8Hputnik_3,15HF:\putnik_3.IGS,15HSolidWorks 2013,15HSolidWorks 2G      1
013,32,308,15,308,15,8Hputnik_3,1.,2,2HMM,50,0.125,13H240624.191837,    G      2
1E-008,499990.,1Ht,,11,0,13H240624.191837;                              G      3
     314       1       0       0       0                        00000200D      1
     314       0       8       1       0                               0D      2
     128       2       0       0       0                        01010000D      3
     128       0       0      15       0                               0D      4
     126      17       0       0       0                        01010500D      5
     126       0       0       2       0                               0D      6
     124      19       0       0       0                        00000000D      7
     124       0       0       2       0                               0D      8
     100      21       0       0       0               7        01010000D      9
     100       0       0       1       0                               0D     10
     126      22       0       0       0                        01010500D     11
     126       0       0       2       0                               0D     12
     124      24       0       0       0                        00000000D     13
     124       0       0       4       0                               0D     14
     100      28       0       0       0              13        01010000D     15
     100       0       0       1       0                               0D     16
     126      29       0       0       0                        01010500D     17
     126       0       0       2       0                               0D     18
     124      31       0       0       0                        00000000D     19
     124       0       0       2       0                               0D     20
     100      33       0       0       0              19        01010000D     21
     100       0       0       1       0                               0D     22
     126      34       0       0       0                        01010500D     23
     126       0       0       2       0                               0D     24
     124      36       0       0       0                        00000000D     25
     124       0       0       4       0                               0D     26
     100      40       0       0       0              25        01010000D     27
     100       0       0       1       0                               0D     28
     102      41       0       0       0                        01010500D     29
     102       0       0       1       0                               0D     30
     102      42       0       0       0                        01010000D     31
     102       0       0       1       0                               0D     32
     142      43       0       0       0                        00010500D     33
     142       0       0       1       0                               0D     34
     144      44       0       0       0                        00000000D     35
     144       0      -1       1       0                               0D     36
     128      45       0       0       0                        01010000D     37
     128       0       0       8       0                               0D     38
     126      53       0       0       0                        01010500D     39
     126       0       0       2       0                               0D     40
     124      55       0       0       0                        00000000D     41
     124       0       0       4       0                               0D     42
     100      59       0       0       0              41        01010000D     43
     100       0       0       1       0                               0D     44
     126      60       0       0       0                        01010500D     45
     126       0       0       2       0                               0D     46
     110      62       0       0       0                        01010000D     47
     110       0       0       1       0                               0D     48
     126      63       0       0       0                        01010500D     49
     126       0       0       2       0                               0D     50
     124      65       0       0       0                        00000000D     51
     124       0       0       3       0                               0D     52
     100      68       0       0       0              51        01010000D     53
     100       0       0       1       0                               0D     54
     126      69       0       0       0                        01010500D     55
     126       0       0       2       0                               0D     56
     110      71       0       0       0                        01010000D     57
     110       0       0       1       0                               0D     58
     102      72       0       0       0                        01010500D     59
     102       0       0       1       0                               0D     60
     102      73       0       0       0                        01010000D     61
     102       0       0       1       0                               0D     62
     142      74       0       0       0                        00010500D     63
     142       0       0       1       0                               0D     64
     144      75       0       0       0                        00000000D     65
     144       0      -1       1       0                               0D     66
     128      76       0       0       0                        01010000D     67
     128       0       0       6       0                               0D     68
     126      82       0       0       0                        01010500D     69
     126       0       0       2       0                               0D     70
     124      84       0       0       0                        00000000D     71
     124       0       0       2       0                               0D     72
     100      86       0       0       0              71        01010000D     73
     100       0       0       1       0                               0D     74
     126      87       0       0       0                        01010500D     75
     126       0       0       2       0                               0D     76
     110      89       0       0       0                        01010000D     77
     110       0       0       1       0                               0D     78
     126      90       0       0       0                        01010500D     79
     126       0       0       3       0                               0D     80
     126      93       0       0       0                        01010000D     81
     126       0       0       7       0                               0D     82
     126     100       0       0       0                        01010500D     83
     126       0       0       3       0                               0D     84
     126     103       0       0       0                        01010000D     85
     126       0       0       7       0                               0D     86
     126     110       0       0       0                        01010500D     87
     126       0       0       2       0                               0D     88
     124     112       0       0       0                        00000000D     89
     124       0       0       4       0                               0D     90
     100     116       0       0       0              89        01010000D     91
     100       0       0       1       0                               0D     92
     126     117       0       0       0                        01010500D     93
     126       0       0       3       0                               0D     94
     126     120       0       0       0                        01010000D     95
     126       0       0       7       0                               0D     96
     126     127       0       0       0                        01010500D     97
     126       0       0       3       0                               0D     98
     126     130       0       0       0                        01010000D     99
     126       0       0       8       0                               0D    100
     126     138       0       0       0                        01010500D    101
     126       0       0       3       0                               0D    102
     126     141       0       0       0                        01010000D    103
     126       0       0       7       0                               0D    104
     126     148       0       0       0                        01010500D    105
     126       0       0       2       0                               0D    106
     124     150       0       0       0                        00000000D    107
     124       0       0       4       0                               0D    108
     100     154       0       0       0             107        01010000D    109
     100       0       0       1       0                               0D    110
     126     155       0       0       0                        01010500D    111
     126       0       0       3       0                               0D    112
     126     158       0       0       0                        01010000D    113
     126       0       0       7       0                               0D    114
     126     165       0       0       0                        01010500D    115
     126       0       0       3       0                               0D    116
     126     168       0       0       0                        01010000D    117
     126       0       0       8       0                               0D    118
     126     176       0       0       0                        01010500D    119
     126       0       0       3       0                               0D    120
     126     179       0       0       0                        01010000D    121
     126       0       0       7       0                               0D    122
     126     186       0       0       0                        01010500D    123
     126       0       0       2       0                               0D    124
     124     188       0       0       0                        00000000D    125
     124       0       0       4       0                               0D    126
     100     192       0       0       0             125        01010000D    127
     100       0       0       1       0                               0D    128
     126     193       0       0       0                        01010500D    129
     126       0       0       3       0                               0D    130
     126     196       0       0       0                        01010000D    131
     126       0       0       7       0                               0D    132
     126     203       0       0       0                        01010500D    133
     126       0       0       3       0                               0D    134
     126     206       0       0       0                        01010000D    135
     126       0       0       8       0                               0D    136
     126     214       0       0       0                        01010500D    137
     126       0       0       3       0                               0D    138
     126     217       0       0       0                        01010000D    139
     126       0       0       7       0                               0D    140
     126     224       0       0       0                        01010500D    141
     126       0       0       2       0                               0D    142
     124     226       0       0       0                        00000000D    143
     124       0       0       4       0                               0D    144
     100     230       0       0       0             143        01010000D    145
     100       0       0       1       0                               0D    146
     126     231       0       0       0                        01010500D    147
     126       0       0       3       0                               0D    148
     126     234       0       0       0                        01010000D    149
     126       0       0       7       0                               0D    150
     126     241       0       0       0                        01010500D    151
     126       0       0       3       0                               0D    152
     126     244       0       0       0                        01010000D    153
     126       0       0       8       0                               0D    154
     126     252       0       0       0                        01010500D    155
     126       0       0       3       0                               0D    156
     126     255       0       0       0                        01010000D    157
     126       0       0       7       0                               0D    158
     126     262       0       0       0                        01010500D    159
     126       0       0       2       0                               0D    160
     124     264       0       0       0                        00000000D    161
     124       0       0       4       0                               0D    162
     100     268       0       0       0             161        01010000D    163
     100       0       0       1       0                               0D    164
     126     269       0       0       0                        01010500D    165
     126       0       0       3       0                               0D    166
     126     272       0       0       0                        01010000D    167
     126       0       0       7       0                               0D    168
     126     279       0       0       0                        01010500D    169
     126       0       0       3       0                               0D    170
     126     282       0       0       0                        01010000D    171
     126       0       0       7       0                               0D    172
     126     289       0       0       0                        01010500D    173
     126       0       0       3       0                               0D    174
     126     292       0       0       0                        01010000D    175
     126       0       0       7       0                               0D    176
     126     299       0       0       0                        01010500D    177
     126       0       0       2       0                               0D    178
     124     301       0       0       0                        00000000D    179
     124       0       0       4       0                               0D    180
     100     305       0       0       0             179        01010000D    181
     100       0       0       1       0                               0D    182
     126     306       0       0       0                        01010500D    183
     126       0       0       3       0                               0D    184
     126     309       0       0       0                        01010000D    185
     126       0       0       7       0                               0D    186
     126     316       0       0       0                        01010500D    187
     126       0       0       3       0                               0D    188
     126     319       0       0       0                        01010000D    189
     126       0       0       7       0                               0D    190
     126     326       0       0       0                        01010500D    191
     126       0       0       2       0                               0D    192
     110     328       0       0       0                        01010000D    193
     110       0       0       1       0                               0D    194
     102     329       0       0       0                        01010500D    195
     102       0       0       2       0                               0D    196
     102     331       0       0       0                        01010000D    197
     102       0       0       2       0                               0D    198
     142     333       0       0       0                        00010500D    199
     142       0       0       1       0                               0D    200
     144     334       0       0       0                        00000000D    201
     144       0      -1       1       0                               0D    202
     128     335       0       0       0                        01010000D    203
     128       0       0       6       0                               0D    204
     126     341       0       0       0                        01010500D    205
     126       0       0       2       0                               0D    206
     124     343       0       0       0                        00000000D    207
     124       0       0       2       0                               0D    208
     100     345       0       0       0             207        01010000D    209
     100       0       0       1       0                               0D    210
     126     346       0       0       0                        01010500D    211
     126       0       0       2       0                               0D    212
     110     348       0       0       0                        01010000D    213
     110       0       0       1       0                               0D    214
     126     349       0       0       0                        01010500D    215
     126       0       0       2       0                               0D    216
     124     351       0       0       0                        00000000D    217
     124       0       0       2       0                               0D    218
     100     353       0       0       0             217        01010000D    219
     100       0       0       1       0                               0D    220
     126     354       0       0       0                        01010500D    221
     126       0       0       2       0                               0D    222
     110     356       0       0       0                        01010000D    223
     110       0       0       1       0                               0D    224
     102     357       0       0       0                        01010500D    225
     102       0       0       1       0                               0D    226
     102     358       0       0       0                        01010000D    227
     102       0       0       1       0                               0D    228
     142     359       0       0       0                        00010500D    229
     142       0       0       1       0                               0D    230
     144     360       0       0       0                        00000000D    231
     144       0      -1       1       0                               0D    232
     128     361       0       0       0                        01010000D    233
     128       0       0       8       0                               0D    234
     126     369       0       0       0                        01010500D    235
     126       0       0       2       0                               0D    236
     124     371       0       0       0                        00000000D    237
     124       0       0       4       0                               0D    238
     100     375       0       0       0             237        01010000D    239
     100       0       0       1       0                               0D    240
     126     376       0       0       0                        01010500D    241
     126       0       0       2       0                               0D    242
     126     378       0       0       0                        01010000D    243
     126       0       0       4       0                               0D    244
     126     382       0       0       0                        01010500D    245
     126       0       0       2       0                               0D    246
     124     384       0       0       0                        00000000D    247
     124       0       0       4       0                               0D    248
     100     388       0       0       0             247        01010000D    249
     100       0       0       1       0                               0D    250
     126     389       0       0       0                        01010500D    251
     126       0       0       2       0                               0D    252
     126     391       0       0       0                        01010000D    253
     126       0       0       4       0                               0D    254
     102     395       0       0       0                        01010500D    255
     102       0       0       1       0                               0D    256
     102     396       0       0       0                        01010000D    257
     102       0       0       1       0                               0D    258
     142     397       0       0       0                        00010500D    259
     142       0       0       1       0                               0D    260
     144     398       0       0       0                        00000000D    261
     144       0      -1       1       0                               0D    262
     128     399       0       0       0                        01010000D    263
     128       0       0       7       0                               0D    264
     126     406       0       0       0                        01010500D    265
     126       0       0       3       0                               0D    266
     126     409       0       0       0                        01010000D    267
     126       0       0       7       0                               0D    268
     126     416       0       0       0                        01010500D    269
     126       0       0       2       0                               0D    270
     124     418       0       0       0                        00000000D    271
     124       0       0       4       0                               0D    272
     100     422       0       0       0             271        01010000D    273
     100       0       0       1       0                               0D    274
     126     423       0       0       0                        01010500D    275
     126       0       0       3       0                               0D    276
     126     426       0       0       0                        01010000D    277
     126       0       0       7       0                               0D    278
     126     433       0       0       0                        01010500D    279
     126       0       0       2       0                               0D    280
     124     435       0       0       0                        00000000D    281
     124       0       0       4       0                               0D    282
     100     439       0       0       0             281        01010000D    283
     100       0       0       1       0                               0D    284
     102     440       0       0       0                        01010500D    285
     102       0       0       1       0                               0D    286
     102     441       0       0       0                        01010000D    287
     102       0       0       1       0                               0D    288
     142     442       0       0       0                        00010500D    289
     142       0       0       1       0                               0D    290
     144     443       0       0       0                        00000000D    291
     144       0      -1       1       0                               0D    292
     128     444       0       0       0                        01010000D    293
     128       0       0      16       0                               0D    294
     126     460       0       0       0                        01010500D    295
     126       0       0       4       0                               0D    296
     126     464       0       0       0                        01010000D    297
     126       0       0      14       0                               0D    298
     126     478       0       0       0                        01010500D    299
     126       0       0       2       0                               0D    300
     124     480       0       0       0                        00000000D    301
     124       0       0       4       0                               0D    302
     100     484       0       0       0             301        01010000D    303
     100       0       0       1       0                               0D    304
     126     485       0       0       0                        01010500D    305
     126       0       0       4       0                               0D    306
     126     489       0       0       0                        01010000D    307
     126       0       0      14       0                               0D    308
     126     503       0       0       0                        01010500D    309
     126       0       0       2       0                               0D    310
     124     505       0       0       0                        00000000D    311
     124       0       0       4       0                               0D    312
     100     509       0       0       0             311        01010000D    313
     100       0       0       1       0                               0D    314
     102     510       0       0       0                        01010500D    315
     102       0       0       1       0                               0D    316
     102     511       0       0       0                        01010000D    317
     102       0       0       1       0                               0D    318
     142     512       0       0       0                        00010500D    319
     142       0       0       1       0                               0D    320
     144     513       0       0       0                        00000000D    321
     144       0      -1       1       0                               0D    322
     128     514       0       0       0                        01010000D    323
     128       0       0       8       0                               0D    324
     126     522       0       0       0                        01010500D    325
     126       0       0       2       0                               0D    326
     124     524       0       0       0                        00000000D    327
     124       0       0       4       0                               0D    328
     100     528       0       0       0             327        01010000D    329
     100       0       0       1       0                               0D    330
     126     529       0       0       0                        01010500D    331
     126       0       0       2       0                               0D    332
     126     531       0       0       0                        01010000D    333
     126       0       0       4       0                               0D    334
     126     535       0       0       0                        01010500D    335
     126       0       0       2       0                               0D    336
     124     537       0       0       0                        00000000D    337
     124       0       0       4       0                               0D    338
     100     541       0       0       0             337        01010000D    339
     100       0       0       1       0                               0D    340
     126     542       0       0       0                        01010500D    341
     126       0       0       2       0                               0D    342
     126     544       0       0       0                        01010000D    343
     126       0       0       4       0                               0D    344
     102     548       0       0       0                        01010500D    345
     102       0       0       1       0                               0D    346
     102     549       0       0       0                        01010000D    347
     102       0       0       1       0                               0D    348
     142     550       0       0       0                        00010500D    349
     142       0       0       1       0                               0D    350
     144     551       0       0       0                        00000000D    351
     144       0      -1       1       0                               0D    352
     128     552       0       0       0                        01010000D    353
     128       0       0       7       0                               0D    354
     126     559       0       0       0                        01010500D    355
     126       0       0       3       0                               0D    356
     126     562       0       0       0                        01010000D    357
     126       0       0       7       0                               0D    358
     126     569       0       0       0                        01010500D    359
     126       0       0       2       0                               0D    360
     124     571       0       0       0                        00000000D    361
     124       0       0       4       0                               0D    362
     100     575       0       0       0             361        01010000D    363
     100       0       0       1       0                               0D    364
     126     576       0       0       0                        01010500D    365
     126       0       0       3       0                               0D    366
     126     579       0       0       0                        01010000D    367
     126       0       0       7       0                               0D    368
     126     586       0       0       0                        01010500D    369
     126       0       0       2       0                               0D    370
     124     588       0       0       0                        00000000D    371
     124       0       0       4       0                               0D    372
     100     592       0       0       0             371        01010000D    373
     100       0       0       1       0                               0D    374
     102     593       0       0       0                        01010500D    375
     102       0       0       1       0                               0D    376
     102     594       0       0       0                        01010000D    377
     102       0       0       1       0                               0D    378
     142     595       0       0       0                        00010500D    379
     142       0       0       1       0                               0D    380
     144     596       0       0       0                        00000000D    381
     144       0      -1       1       0                               0D    382
     128     597       0       0       0                        01010000D    383
     128       0       0      16       0                               0D    384
     126     613       0       0       0                        01010500D    385
     126       0       0       4       0                               0D    386
     126     617       0       0       0                        01010000D    387
     126       0       0      14       0                               0D    388
     126     631       0       0       0                        01010500D    389
     126       0       0       2       0                               0D    390
     124     633       0       0       0                        00000000D    391
     124       0       0       4       0                               0D    392
     100     637       0       0       0             391        01010000D    393
     100       0       0       1       0                               0D    394
     126     638       0       0       0                        01010500D    395
     126       0       0       4       0                               0D    396
     126     642       0       0       0                        01010000D    397
     126       0       0      13       0                               0D    398
     126     655       0       0       0                        01010500D    399
     126       0       0       2       0                               0D    400
     124     657       0       0       0                        00000000D    401
     124       0       0       4       0                               0D    402
     100     661       0       0       0             401        01010000D    403
     100       0       0       1       0                               0D    404
     102     662       0       0       0                        01010500D    405
     102       0       0       1       0                               0D    406
     102     663       0       0       0                        01010000D    407
     102       0       0       1       0                               0D    408
     142     664       0       0       0                        00010500D    409
     142       0       0       1       0                               0D    410
     144     665       0       0       0                        00000000D    411
     144       0      -1       1       0                               0D    412
     128     666       0       0       0                        01010000D    413
     128       0       0       8       0                               0D    414
     126     674       0       0       0                        01010500D    415
     126       0       0       2       0                               0D    416
     124     676       0       0       0                        00000000D    417
     124       0       0       4       0                               0D    418
     100     680       0       0       0             417        01010000D    419
     100       0       0       1       0                               0D    420
     126     681       0       0       0                        01010500D    421
     126       0       0       2       0                               0D    422
     126     683       0       0       0                        01010000D    423
     126       0       0       4       0                               0D    424
     126     687       0       0       0                        01010500D    425
     126       0       0       2       0                               0D    426
     124     689       0       0       0                        00000000D    427
     124       0       0       4       0                               0D    428
     100     693       0       0       0             427        01010000D    429
     100       0       0       1       0                               0D    430
     126     694       0       0       0                        01010500D    431
     126       0       0       2       0                               0D    432
     126     696       0       0       0                        01010000D    433
     126       0       0       4       0                               0D    434
     102     700       0       0       0                        01010500D    435
     102       0       0       1       0                               0D    436
     102     701       0       0       0                        01010000D    437
     102       0       0       1       0                               0D    438
     142     702       0       0       0                        00010500D    439
     142       0       0       1       0                               0D    440
     144     703       0       0       0                        00000000D    441
     144       0      -1       1       0                               0D    442
     128     704       0       0       0                        01010000D    443
     128       0       0       7       0                               0D    444
     126     711       0       0       0                        01010500D    445
     126       0       0       3       0                               0D    446
     126     714       0       0       0                        01010000D    447
     126       0       0       7       0                               0D    448
     126     721       0       0       0                        01010500D    449
     126       0       0       2       0                               0D    450
     124     723       0       0       0                        00000000D    451
     124       0       0       4       0                               0D    452
     100     727       0       0       0             451        01010000D    453
     100       0       0       1       0                               0D    454
     126     728       0       0       0                        01010500D    455
     126       0       0       3       0                               0D    456
     126     731       0       0       0                        01010000D    457
     126       0       0       7       0                               0D    458
     126     738       0       0       0                        01010500D    459
     126       0       0       2       0                               0D    460
     124     740       0       0       0                        00000000D    461
     124       0       0       4       0                               0D    462
     100     744       0       0       0             461        01010000D    463
     100       0       0       1       0                               0D    464
     102     745       0       0       0                        01010500D    465
     102       0       0       1       0                               0D    466
     102     746       0       0       0                        01010000D    467
     102       0       0       1       0                               0D    468
     142     747       0       0       0                        00010500D    469
     142       0       0       1       0                               0D    470
     144     748       0       0       0                        00000000D    471
     144       0      -1       1       0                               0D    472
     128     749       0       0       0                        01010000D    473
     128       0       0      16       0                               0D    474
     126     765       0       0       0                        01010500D    475
     126       0       0       4       0                               0D    476
     126     769       0       0       0                        01010000D    477
     126       0       0      13       0                               0D    478
     126     782       0       0       0                        01010500D    479
     126       0       0       2       0                               0D    480
     124     784       0       0       0                        00000000D    481
     124       0       0       4       0                               0D    482
     100     788       0       0       0             481        01010000D    483
     100       0       0       1       0                               0D    484
     126     789       0       0       0                        01010500D    485
     126       0       0       4       0                               0D    486
     126     793       0       0       0                        01010000D    487
     126       0       0      14       0                               0D    488
     126     807       0       0       0                        01010500D    489
     126       0       0       2       0                               0D    490
     124     809       0       0       0                        00000000D    491
     124       0       0       4       0                               0D    492
     100     813       0       0       0             491        01010000D    493
     100       0       0       1       0                               0D    494
     102     814       0       0       0                        01010500D    495
     102       0       0       1       0                               0D    496
     102     815       0       0       0                        01010000D    497
     102       0       0       1       0                               0D    498
     142     816       0       0       0                        00010500D    499
     142       0       0       1       0                               0D    500
     144     817       0       0       0                        00000000D    501
     144       0      -1       1       0                               0D    502
     128     818       0       0       0                        01010000D    503
     128       0       0       8       0                               0D    504
     126     826       0       0       0                        01010500D    505
     126       0       0       2       0                               0D    506
     124     828       0       0       0                        00000000D    507
     124       0       0       4       0                               0D    508
     100     832       0       0       0             507        01010000D    509
     100       0       0       1       0                               0D    510
     126     833       0       0       0                        01010500D    511
     126       0       0       2       0                               0D    512
     126     835       0       0       0                        01010000D    513
     126       0       0       4       0                               0D    514
     126     839       0       0       0                        01010500D    515
     126       0       0       2       0                               0D    516
     124     841       0       0       0                        00000000D    517
     124       0       0       4       0                               0D    518
     100     845       0       0       0             517        01010000D    519
     100       0       0       1       0                               0D    520
     126     846       0       0       0                        01010500D    521
     126       0       0       2       0                               0D    522
     126     848       0       0       0                        01010000D    523
     126       0       0       4       0                               0D    524
     102     852       0       0       0                        01010500D    525
     102       0       0       1       0                               0D    526
     102     853       0       0       0                        01010000D    527
     102       0       0       1       0                               0D    528
     142     854       0       0       0                        00010500D    529
     142       0       0       1       0                               0D    530
     144     855       0       0       0                        00000000D    531
     144       0      -1       1       0                               0D    532
     128     856       0       0       0                        01010000D    533
     128       0       0       7       0                               0D    534
     126     863       0       0       0                        01010500D    535
     126       0       0       3       0                               0D    536
     126     866       0       0       0                        01010000D    537
     126       0       0       7       0                               0D    538
     126     873       0       0       0                        01010500D    539
     126       0       0       2       0                               0D    540
     124     875       0       0       0                        00000000D    541
     124       0       0       4       0                               0D    542
     100     879       0       0       0             541        01010000D    543
     100       0       0       1       0                               0D    544
     126     880       0       0       0                        01010500D    545
     126       0       0       3       0                               0D    546
     126     883       0       0       0                        01010000D    547
     126       0       0       7       0                               0D    548
     126     890       0       0       0                        01010500D    549
     126       0       0       2       0                               0D    550
     124     892       0       0       0                        00000000D    551
     124       0       0       4       0                               0D    552
     100     896       0       0       0             551        01010000D    553
     100       0       0       1       0                               0D    554
     102     897       0       0       0                        01010500D    555
     102       0       0       1       0                               0D    556
     102     898       0       0       0                        01010000D    557
     102       0       0       1       0                               0D    558
     142     899       0       0       0                        00010500D    559
     142       0       0       1       0                               0D    560
     144     900       0       0       0                        00000000D    561
     144       0      -1       1       0                               0D    562
     128     901       0       0       0                        01010000D    563
     128       0       0      16       0                               0D    564
     126     917       0       0       0                        01010500D    565
     126       0       0       4       0                               0D    566
     126     921       0       0       0                        01010000D    567
     126       0       0      14       0                               0D    568
     126     935       0       0       0                        01010500D    569
     126       0       0       2       0                               0D    570
     124     937       0       0       0                        00000000D    571
     124       0       0       4       0                               0D    572
     100     941       0       0       0             571        01010000D    573
     100       0       0       1       0                               0D    574
     126     942       0       0       0                        01010500D    575
     126       0       0       4       0                               0D    576
     126     946       0       0       0                        01010000D    577
     126       0       0      14       0                               0D    578
     126     960       0       0       0                        01010500D    579
     126       0       0       2       0                               0D    580
     124     962       0       0       0                        00000000D    581
     124       0       0       4       0                               0D    582
     100     966       0       0       0             581        01010000D    583
     100       0       0       1       0                               0D    584
     102     967       0       0       0                        01010500D    585
     102       0       0       1       0                               0D    586
     102     968       0       0       0                        01010000D    587
     102       0       0       1       0                               0D    588
     142     969       0       0       0                        00010500D    589
     142       0       0       1       0                               0D    590
     144     970       0       0       0                        00000000D    591
     144       0      -1       1       0                               0D    592
     128     971       0       0       0                        01010000D    593
     128       0       0       8       0                               0D    594
     126     979       0       0       0                        01010500D    595
     126       0       0       2       0                               0D    596
     124     981       0       0       0                        00000000D    597
     124       0       0       4       0                               0D    598
     100     985       0       0       0             597        01010000D    599
     100       0       0       1       0                               0D    600
     126     986       0       0       0                        01010500D    601
     126       0       0       2       0                               0D    602
     126     988       0       0       0                        01010000D    603
     126       0       0       4       0                               0D    604
     126     992       0       0       0                        01010500D    605
     126       0       0       2       0                               0D    606
     124     994       0       0       0                        00000000D    607
     124       0       0       4       0                               0D    608
     100     998       0       0       0             607        01010000D    609
     100       0       0       1       0                               0D    610
     126     999       0       0       0                        01010500D    611
     126       0       0       2       0                               0D    612
     126    1001       0       0       0                        01010000D    613
     126       0       0       5       0                               0D    614
     102    1006       0       0       0                        01010500D    615
     102       0       0       1       0                               0D    616
     102    1007       0       0       0                        01010000D    617
     102       0       0       1       0                               0D    618
     142    1008       0       0       0                        00010500D    619
     142       0       0       1       0                               0D    620
     144    1009       0       0       0                        00000000D    621
     144       0      -1       1       0                               0D    622
     128    1010       0       0       0                        01010000D    623
     128       0       0       7       0                               0D    624
     126    1017       0       0       0                        01010500D    625
     126       0       0       3       0                               0D    626
     126    1020       0       0       0                        01010000D    627
     126       0       0       7       0                               0D    628
     126    1027       0       0       0                        01010500D    629
     126       0       0       2       0                               0D    630
     124    1029       0       0       0                        00000000D    631
     124       0       0       4       0                               0D    632
     100    1033       0       0       0             631        01010000D    633
     100       0       0       1       0                               0D    634
     126    1034       0       0       0                        01010500D    635
     126       0       0       3       0                               0D    636
     126    1037       0       0       0                        01010000D    637
     126       0       0       7       0                               0D    638
     126    1044       0       0       0                        01010500D    639
     126       0       0       2       0                               0D    640
     124    1046       0       0       0                        00000000D    641
     124       0       0       4       0                               0D    642
     100    1050       0       0       0             641        01010000D    643
     100       0       0       1       0                               0D    644
     102    1051       0       0       0                        01010500D    645
     102       0       0       1       0                               0D    646
     102    1052       0       0       0                        01010000D    647
     102       0       0       1       0                               0D    648
     142    1053       0       0       0                        00010500D    649
     142       0       0       1       0                               0D    650
     144    1054       0       0       0                        00000000D    651
     144       0      -1       1       0                               0D    652
     128    1055       0       0       0                        01010000D    653
     128       0       0      16       0                               0D    654
     126    1071       0       0       0                        01010500D    655
     126       0       0       4       0                               0D    656
     126    1075       0       0       0                        01010000D    657
     126       0       0      14       0                               0D    658
     126    1089       0       0       0                        01010500D    659
     126       0       0       2       0                               0D    660
     124    1091       0       0       0                        00000000D    661
     124       0       0       4       0                               0D    662
     100    1095       0       0       0             661        01010000D    663
     100       0       0       1       0                               0D    664
     126    1096       0       0       0                        01010500D    665
     126       0       0       4       0                               0D    666
     126    1100       0       0       0                        01010000D    667
     126       0       0      15       0                               0D    668
     126    1115       0       0       0                        01010500D    669
     126       0       0       2       0                               0D    670
     124    1117       0       0       0                        00000000D    671
     124       0       0       4       0                               0D    672
     100    1121       0       0       0             671        01010000D    673
     100       0       0       1       0                               0D    674
     102    1122       0       0       0                        01010500D    675
     102       0       0       1       0                               0D    676
     102    1123       0       0       0                        01010000D    677
     102       0       0       1       0                               0D    678
     142    1124       0       0       0                        00010500D    679
     142       0       0       1       0                               0D    680
     144    1125       0       0       0                        00000000D    681
     144       0      -1       1       0                               0D    682
     128    1126       0       0       0                        01010000D    683
     128       0       0       8       0                               0D    684
     126    1134       0       0       0                        01010500D    685
     126       0       0       2       0                               0D    686
     124    1136       0       0       0                        00000000D    687
     124       0       0       4       0                               0D    688
     100    1140       0       0       0             687        01010000D    689
     100       0       0       1       0                               0D    690
     126    1141       0       0       0                        01010500D    691
     126       0       0       2       0                               0D    692
     126    1143       0       0       0                        01010000D    693
     126       0       0       4       0                               0D    694
     126    1147       0       0       0                        01010500D    695
     126       0       0       2       0                               0D    696
     124    1149       0       0       0                        00000000D    697
     124       0       0       4       0                               0D    698
     100    1153       0       0       0             697        01010000D    699
     100       0       0       1       0                               0D    700
     126    1154       0       0       0                        01010500D    701
     126       0       0       2       0                               0D    702
     126    1156       0       0       0                        01010000D    703
     126       0       0       4       0                               0D    704
     102    1160       0       0       0                        01010500D    705
     102       0       0       1       0                               0D    706
     102    1161       0       0       0                        01010000D    707
     102       0       0       1       0                               0D    708
     142    1162       0       0       0                        00010500D    709
     142       0       0       1       0                               0D    710
     144    1163       0       0       0                        00000000D    711
     144       0      -1       1       0                               0D    712
     128    1164       0       0       0                        01010000D    713
     128       0       0       7       0                               0D    714
     126    1171       0       0       0                        01010500D    715
     126       0       0       3       0                               0D    716
     126    1174       0       0       0                        01010000D    717
     126       0       0       7       0                               0D    718
     126    1181       0       0       0                        01010500D    719
     126       0       0       2       0                               0D    720
     124    1183       0       0       0                        00000000D    721
     124       0       0       4       0                               0D    722
     100    1187       0       0       0             721        01010000D    723
     100       0       0       1       0                               0D    724
     126    1188       0       0       0                        01010500D    725
     126       0       0       3       0                               0D    726
     126    1191       0       0       0                        01010000D    727
     126       0       0       7       0                               0D    728
     126    1198       0       0       0                        01010500D    729
     126       0       0       2       0                               0D    730
     124    1200       0       0       0                        00000000D    731
     124       0       0       4       0                               0D    732
     100    1204       0       0       0             731        01010000D    733
     100       0       0       1       0                               0D    734
     102    1205       0       0       0                        01010500D    735
     102       0       0       1       0                               0D    736
     102    1206       0       0       0                        01010000D    737
     102       0       0       1       0                               0D    738
     142    1207       0       0       0                        00010500D    739
     142       0       0       1       0                               0D    740
     144    1208       0       0       0                        00000000D    741
     144       0      -1       1       0                               0D    742
     128    1209       0       0       0                        01010000D    743
     128       0       0      16       0                               0D    744
     126    1225       0       0       0                        01010500D    745
     126       0       0       4       0                               0D    746
     126    1229       0       0       0                        01010000D    747
     126       0       0      13       0                               0D    748
     126    1242       0       0       0                        01010500D    749
     126       0       0       2       0                               0D    750
     124    1244       0       0       0                        00000000D    751
     124       0       0       4       0                               0D    752
     100    1248       0       0       0             751        01010000D    753
     100       0       0       1       0                               0D    754
     126    1249       0       0       0                        01010500D    755
     126       0       0       4       0                               0D    756
     126    1253       0       0       0                        01010000D    757
     126       0       0      15       0                               0D    758
     126    1268       0       0       0                        01010500D    759
     126       0       0       2       0                               0D    760
     124    1270       0       0       0                        00000000D    761
     124       0       0       4       0                               0D    762
     100    1274       0       0       0             761        01010000D    763
     100       0       0       1       0                               0D    764
     102    1275       0       0       0                        01010500D    765
     102       0       0       1       0                               0D    766
     102    1276       0       0       0                        01010000D    767
     102       0       0       1       0                               0D    768
     142    1277       0       0       0                        00010500D    769
     142       0       0       1       0                               0D    770
     144    1278       0       0       0                        00000000D    771
     144       0      -1       1       0                               0D    772
     128    1279       0       0       0                        01010000D    773
     128       0       0       8       0                               0D    774
     126    1287       0       0       0                        01010500D    775
     126       0       0       2       0                               0D    776
     124    1289       0       0       0                        00000000D    777
     124       0       0       4       0                               0D    778
     100    1293       0       0       0             777        01010000D    779
     100       0       0       1       0                               0D    780
     126    1294       0       0       0                        01010500D    781
     126       0       0       2       0                               0D    782
     126    1296       0       0       0                        01010000D    783
     126       0       0       4       0                               0D    784
     126    1300       0       0       0                        01010500D    785
     126       0       0       2       0                               0D    786
     124    1302       0       0       0                        00000000D    787
     124       0       0       4       0                               0D    788
     100    1306       0       0       0             787        01010000D    789
     100       0       0       1       0                               0D    790
     126    1307       0       0       0                        01010500D    791
     126       0       0       2       0                               0D    792
     126    1309       0       0       0                        01010000D    793
     126       0       0       4       0                               0D    794
     102    1313       0       0       0                        01010500D    795
     102       0       0       1       0                               0D    796
     102    1314       0       0       0                        01010000D    797
     102       0       0       1       0                               0D    798
     142    1315       0       0       0                        00010500D    799
     142       0       0       1       0                               0D    800
     144    1316       0       0       0                        00000000D    801
     144       0      -1       1       0                               0D    802
     128    1317       0       0       0                        01010000D    803
     128       0       0       7       0                               0D    804
     126    1324       0       0       0                        01010500D    805
     126       0       0       3       0                               0D    806
     126    1327       0       0       0                        01010000D    807
     126       0       0       7       0                               0D    808
     126    1334       0       0       0                        01010500D    809
     126       0       0       2       0                               0D    810
     124    1336       0       0       0                        00000000D    811
     124       0       0       4       0                               0D    812
     100    1340       0       0       0             811        01010000D    813
     100       0       0       1       0                               0D    814
     126    1341       0       0       0                        01010500D    815
     126       0       0       3       0                               0D    816
     126    1344       0       0       0                        01010000D    817
     126       0       0       7       0                               0D    818
     126    1351       0       0       0                        01010500D    819
     126       0       0       2       0                               0D    820
     124    1353       0       0       0                        00000000D    821
     124       0       0       4       0                               0D    822
     100    1357       0       0       0             821        01010000D    823
     100       0       0       1       0                               0D    824
     102    1358       0       0       0                        01010500D    825
     102       0       0       1       0                               0D    826
     102    1359       0       0       0                        01010000D    827
     102       0       0       1       0                               0D    828
     142    1360       0       0       0                        00010500D    829
     142       0       0       1       0                               0D    830
     144    1361       0       0       0                        00000000D    831
     144       0      -1       1       0                               0D    832
     128    1362       0       0       0                        01010000D    833
     128       0       0      16       0                               0D    834
     126    1378       0       0       0                        01010500D    835
     126       0       0       4       0                               0D    836
     126    1382       0       0       0                        01010000D    837
     126       0       0      14       0                               0D    838
     126    1396       0       0       0                        01010500D    839
     126       0       0       2       0                               0D    840
     124    1398       0       0       0                        00000000D    841
     124       0       0       4       0                               0D    842
     100    1402       0       0       0             841        01010000D    843
     100       0       0       1       0                               0D    844
     126    1403       0       0       0                        01010500D    845
     126       0       0       4       0                               0D    846
     126    1407       0       0       0                        01010000D    847
     126       0       0      14       0                               0D    848
     126    1421       0       0       0                        01010500D    849
     126       0       0       2       0                               0D    850
     124    1423       0       0       0                        00000000D    851
     124       0       0       4       0                               0D    852
     100    1427       0       0       0             851        01010000D    853
     100       0       0       1       0                               0D    854
     102    1428       0       0       0                        01010500D    855
     102       0       0       1       0                               0D    856
     102    1429       0       0       0                        01010000D    857
     102       0       0       1       0                               0D    858
     142    1430       0       0       0                        00010500D    859
     142       0       0       1       0                               0D    860
     144    1431       0       0       0                        00000000D    861
     144       0      -1       1       0                               0D    862
     128    1432       0       0       0                        01010000D    863
     128       0       0       8       0                               0D    864
     126    1440       0       0       0                        01010500D    865
     126       0       0       2       0                               0D    866
     124    1442       0       0       0                        00000000D    867
     124       0       0       4       0                               0D    868
     100    1446       0       0       0             867        01010000D    869
     100       0       0       1       0                               0D    870
     126    1447       0       0       0                        01010500D    871
     126       0       0       2       0                               0D    872
     126    1449       0       0       0                        01010000D    873
     126       0       0       4       0                               0D    874
     126    1453       0       0       0                        01010500D    875
     126       0       0       2       0                               0D    876
     124    1455       0       0       0                        00000000D    877
     124       0       0       4       0                               0D    878
     100    1459       0       0       0             877        01010000D    879
     100       0       0       1       0                               0D    880
     126    1460       0       0       0                        01010500D    881
     126       0       0       2       0                               0D    882
     126    1462       0       0       0                        01010000D    883
     126       0       0       4       0                               0D    884
     102    1466       0       0       0                        01010500D    885
     102       0       0       1       0                               0D    886
     102    1467       0       0       0                        01010000D    887
     102       0       0       1       0                               0D    888
     142    1468       0       0       0                        00010500D    889
     142       0       0       1       0                               0D    890
     144    1469       0       0       0                        00000000D    891
     144       0      -1       1       0                               0D    892
     128    1470       0       0       0                        01010000D    893
     128       0       0       7       0                               0D    894
     126    1477       0       0       0                        01010500D    895
     126       0       0       3       0                               0D    896
     126    1480       0       0       0                        01010000D    897
     126       0       0       7       0                               0D    898
     126    1487       0       0       0                        01010500D    899
     126       0       0       2       0                               0D    900
     124    1489       0       0       0                        00000000D    901
     124       0       0       4       0                               0D    902
     100    1493       0       0       0             901        01010000D    903
     100       0       0       1       0                               0D    904
     126    1494       0       0       0                        01010500D    905
     126       0       0       3       0                               0D    906
     126    1497       0       0       0                        01010000D    907
     126       0       0       7       0                               0D    908
     126    1504       0       0       0                        01010500D    909
     126       0       0       2       0                               0D    910
     124    1506       0       0       0                        00000000D    911
     124       0       0       4       0                               0D    912
     100    1510       0       0       0             911        01010000D    913
     100       0       0       1       0                               0D    914
     102    1511       0       0       0                        01010500D    915
     102       0       0       1       0                               0D    916
     102    1512       0       0       0                        01010000D    917
     102       0       0       1       0                               0D    918
     142    1513       0       0       0                        00010500D    919
     142       0       0       1       0                               0D    920
     144    1514       0       0       0                        00000000D    921
     144       0      -1       1       0                               0D    922
     128    1515       0       0       0                        01010000D    923
     128       0       0      16       0                               0D    924
     126    1531       0       0       0                        01010500D    925
     126       0       0       4       0                               0D    926
     126    1535       0       0       0                        01010000D    927
     126       0       0      14       0                               0D    928
     126    1549       0       0       0                        01010500D    929
     126       0       0       2       0                               0D    930
     124    1551       0       0       0                        00000000D    931
     124       0       0       4       0                               0D    932
     100    1555       0       0       0             931        01010000D    933
     100       0       0       1       0                               0D    934
     126    1556       0       0       0                        01010500D    935
     126       0       0       4       0                               0D    936
     126    1560       0       0       0                        01010000D    937
     126       0       0      14       0                               0D    938
     126    1574       0       0       0                        01010500D    939
     126       0       0       2       0                               0D    940
     124    1576       0       0       0                        00000000D    941
     124       0       0       4       0                               0D    942
     100    1580       0       0       0             941        01010000D    943
     100       0       0       1       0                               0D    944
     102    1581       0       0       0                        01010500D    945
     102       0       0       1       0                               0D    946
     102    1582       0       0       0                        01010000D    947
     102       0       0       1       0                               0D    948
     142    1583       0       0       0                        00010500D    949
     142       0       0       1       0                               0D    950
     144    1584       0       0       0                        00000000D    951
     144       0      -1       1       0                               0D    952
     128    1585       0       0       0                        01010000D    953
     128       0       0       8       0                               0D    954
     126    1593       0       0       0                        01010500D    955
     126       0       0       2       0                               0D    956
     124    1595       0       0       0                        00000000D    957
     124       0       0       4       0                               0D    958
     100    1599       0       0       0             957        01010000D    959
     100       0       0       1       0                               0D    960
     126    1600       0       0       0                        01010500D    961
     126       0       0       2       0                               0D    962
     126    1602       0       0       0                        01010000D    963
     126       0       0       4       0                               0D    964
     126    1606       0       0       0                        01010500D    965
     126       0       0       2       0                               0D    966
     124    1608       0       0       0                        00000000D    967
     124       0       0       4       0                               0D    968
     100    1612       0       0       0             967        01010000D    969
     100       0       0       1       0                               0D    970
     126    1613       0       0       0                        01010500D    971
     126       0       0       2       0                               0D    972
     126    1615       0       0       0                        01010000D    973
     126       0       0       4       0                               0D    974
     102    1619       0       0       0                        01010500D    975
     102       0       0       1       0                               0D    976
     102    1620       0       0       0                        01010000D    977
     102       0       0       1       0                               0D    978
     142    1621       0       0       0                        00010500D    979
     142       0       0       1       0                               0D    980
     144    1622       0       0       0                        00000000D    981
     144       0      -1       1       0                               0D    982
     128    1623       0       0       0                        01010000D    983
     128       0       0       7       0                               0D    984
     126    1630       0       0       0                        01010500D    985
     126       0       0       3       0                               0D    986
     126    1633       0       0       0                        01010000D    987
     126       0       0       7       0                               0D    988
     126    1640       0       0       0                        01010500D    989
     126       0       0       2       0                               0D    990
     124    1642       0       0       0                        00000000D    991
     124       0       0       4       0                               0D    992
     100    1646       0       0       0             991        01010000D    993
     100       0       0       1       0                               0D    994
     126    1647       0       0       0                        01010500D    995
     126       0       0       3       0                               0D    996
     126    1650       0       0       0                        01010000D    997
     126       0       0       7       0                               0D    998
     126    1657       0       0       0                        01010500D    999
     126       0       0       2       0                               0D   1000
     124    1659       0       0       0                        00000000D   1001
     124       0       0       4       0                               0D   1002
     100    1663       0       0       0            1001        01010000D   1003
     100       0       0       1       0                               0D   1004
     102    1664       0       0       0                        01010500D   1005
     102       0       0       1       0                               0D   1006
     102    1665       0       0       0                        01010000D   1007
     102       0       0       1       0                               0D   1008
     142    1666       0       0       0                        00010500D   1009
     142       0       0       1       0                               0D   1010
     144    1667       0       0       0                        00000000D   1011
     144       0      -1       1       0                               0D   1012
     128    1668       0       0       0                        01010000D   1013
     128       0       0      16       0                               0D   1014
     126    1684       0       0       0                        01010500D   1015
     126       0       0       4       0                               0D   1016
     126    1688       0       0       0                        01010000D   1017
     126       0       0      13       0                               0D   1018
     126    1701       0       0       0                        01010500D   1019
     126       0       0       2       0                               0D   1020
     124    1703       0       0       0                        00000000D   1021
     124       0       0       4       0                               0D   1022
     100    1707       0       0       0            1021        01010000D   1023
     100       0       0       1       0                               0D   1024
     126    1708       0       0       0                        01010500D   1025
     126       0       0       4       0                               0D   1026
     126    1712       0       0       0                        01010000D   1027
     126       0       0      14       0                               0D   1028
     126    1726       0       0       0                        01010500D   1029
     126       0       0       2       0                               0D   1030
     124    1728       0       0       0                        00000000D   1031
     124       0       0       4       0                               0D   1032
     100    1732       0       0       0            1031        01010000D   1033
     100       0       0       1       0                               0D   1034
     102    1733       0       0       0                        01010500D   1035
     102       0       0       1       0                               0D   1036
     102    1734       0       0       0                        01010000D   1037
     102       0       0       1       0                               0D   1038
     142    1735       0       0       0                        00010500D   1039
     142       0       0       1       0                               0D   1040
     144    1736       0       0       0                        00000000D   1041
     144       0      -1       1       0                               0D   1042
     128    1737       0       0       0                        01010000D   1043
     128       0       0       8       0                               0D   1044
     126    1745       0       0       0                        01010500D   1045
     126       0       0       2       0                               0D   1046
     124    1747       0       0       0                        00000000D   1047
     124       0       0       4       0                               0D   1048
     100    1751       0       0       0            1047        01010000D   1049
     100       0       0       1       0                               0D   1050
     126    1752       0       0       0                        01010500D   1051
     126       0       0       2       0                               0D   1052
     126    1754       0       0       0                        01010000D   1053
     126       0       0       4       0                               0D   1054
     126    1758       0       0       0                        01010500D   1055
     126       0       0       2       0                               0D   1056
     124    1760       0       0       0                        00000000D   1057
     124       0       0       4       0                               0D   1058
     100    1764       0       0       0            1057        01010000D   1059
     100       0       0       1       0                               0D   1060
     126    1765       0       0       0                        01010500D   1061
     126       0       0       2       0                               0D   1062
     126    1767       0       0       0                        01010000D   1063
     126       0       0       4       0                               0D   1064
     102    1771       0       0       0                        01010500D   1065
     102       0       0       1       0                               0D   1066
     102    1772       0       0       0                        01010000D   1067
     102       0       0       1       0                               0D   1068
     142    1773       0       0       0                        00010500D   1069
     142       0       0       1       0                               0D   1070
     144    1774       0       0       0                        00000000D   1071
     144       0      -1       1       0                               0D   1072
     128    1775       0       0       0                        01010000D   1073
     128       0       0       7       0                               0D   1074
     126    1782       0       0       0                        01010500D   1075
     126       0       0       3       0                               0D   1076
     126    1785       0       0       0                        01010000D   1077
     126       0       0       6       0                               0D   1078
     126    1791       0       0       0                        01010500D   1079
     126       0       0       2       0                               0D   1080
     124    1793       0       0       0                        00000000D   1081
     124       0       0       4       0                               0D   1082
     100    1797       0       0       0            1081        01010000D   1083
     100       0       0       1       0                               0D   1084
     126    1798       0       0       0                        01010500D   1085
     126       0       0       3       0                               0D   1086
     126    1801       0       0       0                        01010000D   1087
     126       0       0       7       0                               0D   1088
     126    1808       0       0       0                        01010500D   1089
     126       0       0       2       0                               0D   1090
     124    1810       0       0       0                        00000000D   1091
     124       0       0       4       0                               0D   1092
     100    1814       0       0       0            1091        01010000D   1093
     100       0       0       1       0                               0D   1094
     102    1815       0       0       0                        01010500D   1095
     102       0       0       1       0                               0D   1096
     102    1816       0       0       0                        01010000D   1097
     102       0       0       1       0                               0D   1098
     142    1817       0       0       0                        00010500D   1099
     142       0       0       1       0                               0D   1100
     144    1818       0       0       0                        00000000D   1101
     144       0      -1       1       0                               0D   1102
     128    1819       0       0       0                        01010000D   1103
     128       0       0      16       0                               0D   1104
     126    1835       0       0       0                        01010500D   1105
     126       0       0       4       0                               0D   1106
     126    1839       0       0       0                        01010000D   1107
     126       0       0      13       0                               0D   1108
     126    1852       0       0       0                        01010500D   1109
     126       0       0       2       0                               0D   1110
     124    1854       0       0       0                        00000000D   1111
     124       0       0       4       0                               0D   1112
     100    1858       0       0       0            1111        01010000D   1113
     100       0       0       1       0                               0D   1114
     126    1859       0       0       0                        01010500D   1115
     126       0       0       4       0                               0D   1116
     126    1863       0       0       0                        01010000D   1117
     126       0       0      14       0                               0D   1118
     126    1877       0       0       0                        01010500D   1119
     126       0       0       2       0                               0D   1120
     124    1879       0       0       0                        00000000D   1121
     124       0       0       4       0                               0D   1122
     100    1883       0       0       0            1121        01010000D   1123
     100       0       0       1       0                               0D   1124
     102    1884       0       0       0                        01010500D   1125
     102       0       0       1       0                               0D   1126
     102    1885       0       0       0                        01010000D   1127
     102       0       0       1       0                               0D   1128
     142    1886       0       0       0                        00010500D   1129
     142       0       0       1       0                               0D   1130
     144    1887       0       0       0                        00000000D   1131
     144       0      -1       1       0                               0D   1132
     128    1888       0       0       0                        01010000D   1133
     128       0       0       8       0                               0D   1134
     126    1896       0       0       0                        01010500D   1135
     126       0       0       2       0                               0D   1136
     124    1898       0       0       0                        00000000D   1137
     124       0       0       4       0                               0D   1138
     100    1902       0       0       0            1137        01010000D   1139
     100       0       0       1       0                               0D   1140
     126    1903       0       0       0                        01010500D   1141
     126       0       0       2       0                               0D   1142
     126    1905       0       0       0                        01010000D   1143
     126       0       0       4       0                               0D   1144
     126    1909       0       0       0                        01010500D   1145
     126       0       0       2       0                               0D   1146
     124    1911       0       0       0                        00000000D   1147
     124       0       0       4       0                               0D   1148
     100    1915       0       0       0            1147        01010000D   1149
     100       0       0       1       0                               0D   1150
     126    1916       0       0       0                        01010500D   1151
     126       0       0       2       0                               0D   1152
     126    1918       0       0       0                        01010000D   1153
     126       0       0       4       0                               0D   1154
     102    1922       0       0       0                        01010500D   1155
     102       0       0       1       0                               0D   1156
     102    1923       0       0       0                        01010000D   1157
     102       0       0       1       0                               0D   1158
     142    1924       0       0       0                        00010500D   1159
     142       0       0       1       0                               0D   1160
     144    1925       0       0       0                        00000000D   1161
     144       0      -1       1       0                               0D   1162
     128    1926       0       0       0                        01010000D   1163
     128       0       0       7       0                               0D   1164
     126    1933       0       0       0                        01010500D   1165
     126       0       0       3       0                               0D   1166
     126    1936       0       0       0                        01010000D   1167
     126       0       0       7       0                               0D   1168
     126    1943       0       0       0                        01010500D   1169
     126       0       0       2       0                               0D   1170
     124    1945       0       0       0                        00000000D   1171
     124       0       0       4       0                               0D   1172
     100    1949       0       0       0            1171        01010000D   1173
     100       0       0       1       0                               0D   1174
     126    1950       0       0       0                        01010500D   1175
     126       0       0       3       0                               0D   1176
     126    1953       0       0       0                        01010000D   1177
     126       0       0       7       0                               0D   1178
     126    1960       0       0       0                        01010500D   1179
     126       0       0       2       0                               0D   1180
     124    1962       0       0       0                        00000000D   1181
     124       0       0       4       0                               0D   1182
     100    1966       0       0       0            1181        01010000D   1183
     100       0       0       1       0                               0D   1184
     102    1967       0       0       0                        01010500D   1185
     102       0       0       1       0                               0D   1186
     102    1968       0       0       0                        01010000D   1187
     102       0       0       1       0                               0D   1188
     142    1969       0       0       0                        00010500D   1189
     142       0       0       1       0                               0D   1190
     144    1970       0       0       0                        00000000D   1191
     144       0      -1       1       0                               0D   1192
     128    1971       0       0       0                        01010000D   1193
     128       0       0      16       0                               0D   1194
     126    1987       0       0       0                        01010500D   1195
     126       0       0       4       0                               0D   1196
     126    1991       0       0       0                        01010000D   1197
     126       0       0      14       0                               0D   1198
     126    2005       0       0       0                        01010500D   1199
     126       0       0       2       0                               0D   1200
     124    2007       0       0       0                        00000000D   1201
     124       0       0       4       0                               0D   1202
     100    2011       0       0       0            1201        01010000D   1203
     100       0       0       1       0                               0D   1204
     126    2012       0       0       0                        01010500D   1205
     126       0       0       4       0                               0D   1206
     126    2016       0       0       0                        01010000D   1207
     126       0       0      14       0                               0D   1208
     126    2030       0       0       0                        01010500D   1209
     126       0       0       2       0                               0D   1210
     124    2032       0       0       0                        00000000D   1211
     124       0       0       4       0                               0D   1212
     100    2036       0       0       0            1211        01010000D   1213
     100       0       0       1       0                               0D   1214
     102    2037       0       0       0                        01010500D   1215
     102       0       0       1       0                               0D   1216
     102    2038       0       0       0                        01010000D   1217
     102       0       0       1       0                               0D   1218
     142    2039       0       0       0                        00010500D   1219
     142       0       0       1       0                               0D   1220
     144    2040       0       0       0                        00000000D   1221
     144       0      -1       1       0                               0D   1222
     128    2041       0       0       0                        01010000D   1223
     128       0       0       4       0                               0D   1224
     126    2045       0       0       0                        01010500D   1225
     126       0       0       2       0                               0D   1226
     110    2047       0       0       0                        01010000D   1227
     110       0       0       1       0                               0D   1228
     126    2048       0       0       0                        01010500D   1229
     126       0       0       4       0                               0D   1230
     124    2052       0       0       0                        00000000D   1231
     124       0       0       4       0                               0D   1232
     100    2056       0       0       0            1231        01010000D   1233
     100       0       0       1       0                               0D   1234
     126    2057       0       0       0                        01010500D   1235
     126       0       0       2       0                               0D   1236
     110    2059       0       0       0                        01010000D   1237
     110       0       0       1       0                               0D   1238
     126    2060       0       0       0                        01010500D   1239
     126       0       0       2       0                               0D   1240
     110    2062       0       0       0                        01010000D   1241
     110       0       0       1       0                               0D   1242
     126    2063       0       0       0                        01010500D   1243
     126       0       0       2       0                               0D   1244
     110    2065       0       0       0                        01010000D   1245
     110       0       0       1       0                               0D   1246
     126    2066       0       0       0                        01010500D   1247
     126       0       0       4       0                               0D   1248
     124    2070       0       0       0                        00000000D   1249
     124       0       0       4       0                               0D   1250
     100    2074       0       0       0            1249        01010000D   1251
     100       0       0       1       0                               0D   1252
     126    2075       0       0       0                        01010500D   1253
     126       0       0       2       0                               0D   1254
     110    2077       0       0       0                        01010000D   1255
     110       0       0       1       0                               0D   1256
     126    2078       0       0       0                        01010500D   1257
     126       0       0       2       0                               0D   1258
     110    2080       0       0       0                        01010000D   1259
     110       0       0       1       0                               0D   1260
     126    2081       0       0       0                        01010500D   1261
     126       0       0       2       0                               0D   1262
     110    2083       0       0       0                        01010000D   1263
     110       0       0       1       0                               0D   1264
     126    2084       0       0       0                        01010500D   1265
     126       0       0       4       0                               0D   1266
     124    2088       0       0       0                        00000000D   1267
     124       0       0       4       0                               0D   1268
     100    2092       0       0       0            1267        01010000D   1269
     100       0       0       1       0                               0D   1270
     126    2093       0       0       0                        01010500D   1271
     126       0       0       2       0                               0D   1272
     110    2095       0       0       0                        01010000D   1273
     110       0       0       1       0                               0D   1274
     126    2096       0       0       0                        01010500D   1275
     126       0       0       2       0                               0D   1276
     110    2098       0       0       0                        01010000D   1277
     110       0       0       1       0                               0D   1278
     126    2099       0       0       0                        01010500D   1279
     126       0       0       2       0                               0D   1280
     110    2101       0       0       0                        01010000D   1281
     110       0       0       1       0                               0D   1282
     126    2102       0       0       0                        01010500D   1283
     126       0       0       4       0                               0D   1284
     124    2106       0       0       0                        00000000D   1285
     124       0       0       4       0                               0D   1286
     100    2110       0       0       0            1285        01010000D   1287
     100       0       0       1       0                               0D   1288
     126    2111       0       0       0                        01010500D   1289
     126       0       0       2       0                               0D   1290
     110    2113       0       0       0                        01010000D   1291
     110       0       0       1       0                               0D   1292
     126    2114       0       0       0                        01010500D   1293
     126       0       0       2       0                               0D   1294
     110    2116       0       0       0                        01010000D   1295
     110       0       0       1       0                               0D   1296
     126    2117       0       0       0                        01010500D   1297
     126       0       0       2       0                               0D   1298
     110    2119       0       0       0                        01010000D   1299
     110       0       0       1       0                               0D   1300
     126    2120       0       0       0                        01010500D   1301
     126       0       0       4       0                               0D   1302
     124    2124       0       0       0                        00000000D   1303
     124       0       0       4       0                               0D   1304
     100    2128       0       0       0            1303        01010000D   1305
     100       0       0       1       0                               0D   1306
     126    2129       0       0       0                        01010500D   1307
     126       0       0       2       0                               0D   1308
     110    2131       0       0       0                        01010000D   1309
     110       0       0       1       0                               0D   1310
     126    2132       0       0       0                        01010500D   1311
     126       0       0       2       0                               0D   1312
     110    2134       0       0       0                        01010000D   1313
     110       0       0       1       0                               0D   1314
     126    2135       0       0       0                        01010500D   1315
     126       0       0       2       0                               0D   1316
     110    2137       0       0       0                        01010000D   1317
     110       0       0       1       0                               0D   1318
     126    2138       0       0       0                        01010500D   1319
     126       0       0       4       0                               0D   1320
     124    2142       0       0       0                        00000000D   1321
     124       0       0       4       0                               0D   1322
     100    2146       0       0       0            1321        01010000D   1323
     100       0       0       1       0                               0D   1324
     126    2147       0       0       0                        01010500D   1325
     126       0       0       2       0                               0D   1326
     110    2149       0       0       0                        01010000D   1327
     110       0       0       1       0                               0D   1328
     126    2150       0       0       0                        01010500D   1329
     126       0       0       2       0                               0D   1330
     110    2152       0       0       0                        01010000D   1331
     110       0       0       1       0                               0D   1332
     126    2153       0       0       0                        01010500D   1333
     126       0       0       2       0                               0D   1334
     110    2155       0       0       0                        01010000D   1335
     110       0       0       1       0                               0D   1336
     126    2156       0       0       0                        01010500D   1337
     126       0       0       4       0                               0D   1338
     124    2160       0       0       0                        00000000D   1339
     124       0       0       4       0                               0D   1340
     100    2164       0       0       0            1339        01010000D   1341
     100       0       0       1       0                               0D   1342
     126    2165       0       0       0                        01010500D   1343
     126       0       0       2       0                               0D   1344
     110    2167       0       0       0                        01010000D   1345
     110       0       0       1       0                               0D   1346
     126    2168       0       0       0                        01010500D   1347
     126       0       0       2       0                               0D   1348
     110    2170       0       0       0                        01010000D   1349
     110       0       0       1       0                               0D   1350
     126    2171       0       0       0                        01010500D   1351
     126       0       0       2       0                               0D   1352
     110    2173       0       0       0                        01010000D   1353
     110       0       0       1       0                               0D   1354
     126    2174       0       0       0                        01010500D   1355
     126       0       0       4       0                               0D   1356
     124    2178       0       0       0                        00000000D   1357
     124       0       0       4       0                               0D   1358
     100    2182       0       0       0            1357        01010000D   1359
     100       0       0       1       0                               0D   1360
     126    2183       0       0       0                        01010500D   1361
     126       0       0       2       0                               0D   1362
     110    2185       0       0       0                        01010000D   1363
     110       0       0       1       0                               0D   1364
     126    2186       0       0       0                        01010500D   1365
     126       0       0       2       0                               0D   1366
     110    2188       0       0       0                        01010000D   1367
     110       0       0       1       0                               0D   1368
     126    2189       0       0       0                        01010500D   1369
     126       0       0       2       0                               0D   1370
     110    2191       0       0       0                        01010000D   1371
     110       0       0       1       0                               0D   1372
     126    2192       0       0       0                        01010500D   1373
     126       0       0       4       0                               0D   1374
     124    2196       0       0       0                        00000000D   1375
     124       0       0       4       0                               0D   1376
     100    2200       0       0       0            1375        01010000D   1377
     100       0       0       1       0                               0D   1378
     126    2201       0       0       0                        01010500D   1379
     126       0       0       2       0                               0D   1380
     110    2203       0       0       0                        01010000D   1381
     110       0       0       1       0                               0D   1382
     126    2204       0       0       0                        01010500D   1383
     126       0       0       2       0                               0D   1384
     110    2206       0       0       0                        01010000D   1385
     110       0       0       1       0                               0D   1386
     126    2207       0       0       0                        01010500D   1387
     126       0       0       2       0                               0D   1388
     110    2209       0       0       0                        01010000D   1389
     110       0       0       1       0                               0D   1390
     126    2210       0       0       0                        01010500D   1391
     126       0       0       4       0                               0D   1392
     124    2214       0       0       0                        00000000D   1393
     124       0       0       4       0                               0D   1394
     100    2218       0       0       0            1393        01010000D   1395
     100       0       0       1       0                               0D   1396
     126    2219       0       0       0                        01010500D   1397
     126       0       0       2       0                               0D   1398
     110    2221       0       0       0                        01010000D   1399
     110       0       0       1       0                               0D   1400
     126    2222       0       0       0                        01010500D   1401
     126       0       0       2       0                               0D   1402
     110    2224       0       0       0                        01010000D   1403
     110       0       0       1       0                               0D   1404
     126    2225       0       0       0                        01010500D   1405
     126       0       0       2       0                               0D   1406
     110    2227       0       0       0                        01010000D   1407
     110       0       0       1       0                               0D   1408
     126    2228       0       0       0                        01010500D   1409
     126       0       0       4       0                               0D   1410
     124    2232       0       0       0                        00000000D   1411
     124       0       0       4       0                               0D   1412
     100    2236       0       0       0            1411        01010000D   1413
     100       0       0       1       0                               0D   1414
     126    2237       0       0       0                        01010500D   1415
     126       0       0       2       0                               0D   1416
     110    2239       0       0       0                        01010000D   1417
     110       0       0       1       0                               0D   1418
     126    2240       0       0       0                        01010500D   1419
     126       0       0       2       0                               0D   1420
     110    2242       0       0       0                        01010000D   1421
     110       0       0       1       0                               0D   1422
     126    2243       0       0       0                        01010500D   1423
     126       0       0       2       0                               0D   1424
     110    2245       0       0       0                        01010000D   1425
     110       0       0       1       0                               0D   1426
     126    2246       0       0       0                        01010500D   1427
     126       0       0       4       0                               0D   1428
     124    2250       0       0       0                        00000000D   1429
     124       0       0       4       0                               0D   1430
     100    2254       0       0       0            1429        01010000D   1431
     100       0       0       1       0                               0D   1432
     126    2255       0       0       0                        01010500D   1433
     126       0       0       2       0                               0D   1434
     110    2257       0       0       0                        01010000D   1435
     110       0       0       1       0                               0D   1436
     126    2258       0       0       0                        01010500D   1437
     126       0       0       2       0                               0D   1438
     110    2260       0       0       0                        01010000D   1439
     110       0       0       1       0                               0D   1440
     102    2261       0       0       0                        01010500D   1441
     102       0       0       5       0                               0D   1442
     102    2266       0       0       0                        01010000D   1443
     102       0       0       5       0                               0D   1444
     142    2271       0       0       0                        00010500D   1445
     142       0       0       1       0                               0D   1446
     126    2272       0       0       0                        01010500D   1447
     126       0       0      22       0                               0D   1448
     124    2294       0       0       0                        00000000D   1449
     124       0       0       2       0                               0D   1450
     100    2296       0       0       0            1449        01010000D   1451
     100       0       0       1       0                               0D   1452
     126    2297       0       0       0                        01010500D   1453
     126       0       0      22       0                               0D   1454
     124    2319       0       0       0                        00000000D   1455
     124       0       0       3       0                               0D   1456
     100    2322       0       0       0            1455        01010000D   1457
     100       0       0       1       0                               0D   1458
     102    2323       0       0       0                        01010500D   1459
     102       0       0       1       0                               0D   1460
     102    2324       0       0       0                        01010000D   1461
     102       0       0       1       0                               0D   1462
     142    2325       0       0       0                        00010500D   1463
     142       0       0       1       0                               0D   1464
     144    2326       0       0       0                        00000000D   1465
     144       0      -1       1       0                               0D   1466
     128    2327       0       0       0                        01010000D   1467
     128       0       0       8       0                               0D   1468
     126    2335       0       0       0                        01010500D   1469
     126       0       0       2       0                               0D   1470
     124    2337       0       0       0                        00000000D   1471
     124       0       0       4       0                               0D   1472
     100    2341       0       0       0            1471        01010000D   1473
     100       0       0       1       0                               0D   1474
     126    2342       0       0       0                        01010500D   1475
     126       0       0       2       0                               0D   1476
     126    2344       0       0       0                        01010000D   1477
     126       0       0       4       0                               0D   1478
     126    2348       0       0       0                        01010500D   1479
     126       0       0       2       0                               0D   1480
     124    2350       0       0       0                        00000000D   1481
     124       0       0       4       0                               0D   1482
     100    2354       0       0       0            1481        01010000D   1483
     100       0       0       1       0                               0D   1484
     126    2355       0       0       0                        01010500D   1485
     126       0       0       2       0                               0D   1486
     126    2357       0       0       0                        01010000D   1487
     126       0       0       4       0                               0D   1488
     102    2361       0       0       0                        01010500D   1489
     102       0       0       1       0                               0D   1490
     102    2362       0       0       0                        01010000D   1491
     102       0       0       1       0                               0D   1492
     142    2363       0       0       0                        00010500D   1493
     142       0       0       1       0                               0D   1494
     144    2364       0       0       0                        00000000D   1495
     144       0      -1       1       0                               0D   1496
     128    2365       0       0       0                        01010000D   1497
     128       0       0       6       0                               0D   1498
     126    2371       0       0       0                        01010500D   1499
     126       0       0       2       0                               0D   1500
     110    2373       0       0       0                        01010000D   1501
     110       0       0       1       0                               0D   1502
     126    2374       0       0       0                        01010500D   1503
     126       0       0       2       0                               0D   1504
     124    2376       0       0       0                        00000000D   1505
     124       0       0       3       0                               0D   1506
     100    2379       0       0       0            1505        01010000D   1507
     100       0       0       1       0                               0D   1508
     126    2380       0       0       0                        01010500D   1509
     126       0       0       2       0                               0D   1510
     110    2382       0       0       0                        01010000D   1511
     110       0       0       1       0                               0D   1512
     126    2383       0       0       0                        01010500D   1513
     126       0       0       2       0                               0D   1514
     124    2385       0       0       0                        00000000D   1515
     124       0       0       3       0                               0D   1516
     100    2388       0       0       0            1515        01010000D   1517
     100       0       0       1       0                               0D   1518
     102    2389       0       0       0                        01010500D   1519
     102       0       0       1       0                               0D   1520
     102    2390       0       0       0                        01010000D   1521
     102       0       0       1       0                               0D   1522
     142    2391       0       0       0                        00010500D   1523
     142       0       0       1       0                               0D   1524
     144    2392       0       0       0                        00000000D   1525
     144       0      -1       1       0                               0D   1526
     128    2393       0       0       0                        01010000D   1527
     128       0       0       4       0                               0D   1528
     126    2397       0       0       0                        01010500D   1529
     126       0       0      22       0                               0D   1530
     124    2419       0       0       0                        00000000D   1531
     124       0       0       3       0                               0D   1532
     100    2422       0       0       0            1531        01010000D   1533
     100       0       0       1       0                               0D   1534
     126    2423       0       0       0                        01010500D   1535
     126       0       0      22       0                               0D   1536
     124    2445       0       0       0                        00000000D   1537
     124       0       0       2       0                               0D   1538
     100    2447       0       0       0            1537        01010000D   1539
     100       0       0       1       0                               0D   1540
     102    2448       0       0       0                        01010500D   1541
     102       0       0       1       0                               0D   1542
     102    2449       0       0       0                        01010000D   1543
     102       0       0       1       0                               0D   1544
     142    2450       0       0       0                        00010500D   1545
     142       0       0       1       0                               0D   1546
     144    2451       0       0       0                        00000000D   1547
     144       0      -1       1       0                               0D   1548
     128    2452       0       0       0                        01010000D   1549
     128       0       0       7       0                               0D   1550
     126    2459       0       0       0                        01010500D   1551
     126       0       0       3       0                               0D   1552
     126    2462       0       0       0                        01010000D   1553
     126       0       0       7       0                               0D   1554
     126    2469       0       0       0                        01010500D   1555
     126       0       0       2       0                               0D   1556
     124    2471       0       0       0                        00000000D   1557
     124       0       0       4       0                               0D   1558
     100    2475       0       0       0            1557        01010000D   1559
     100       0       0       1       0                               0D   1560
     126    2476       0       0       0                        01010500D   1561
     126       0       0       3       0                               0D   1562
     126    2479       0       0       0                        01010000D   1563
     126       0       0       7       0                               0D   1564
     126    2486       0       0       0                        01010500D   1565
     126       0       0       2       0                               0D   1566
     124    2488       0       0       0                        00000000D   1567
     124       0       0       4       0                               0D   1568
     100    2492       0       0       0            1567        01010000D   1569
     100       0       0       1       0                               0D   1570
     102    2493       0       0       0                        01010500D   1571
     102       0       0       1       0                               0D   1572
     102    2494       0       0       0                        01010000D   1573
     102       0       0       1       0                               0D   1574
     142    2495       0       0       0                        00010500D   1575
     142       0       0       1       0                               0D   1576
     144    2496       0       0       0                        00000000D   1577
     144       0      -1       1       0                               0D   1578
     128    2497       0       0       0                        01010000D   1579
     128       0       0       6       0                               0D   1580
     126    2503       0       0       0                        01010500D   1581
     126       0       0       2       0                               0D   1582
     110    2505       0       0       0                        01010000D   1583
     110       0       0       1       0                               0D   1584
     126    2506       0       0       0                        01010500D   1585
     126       0       0       2       0                               0D   1586
     124    2508       0       0       0                        00000000D   1587
     124       0       0       3       0                               0D   1588
     100    2511       0       0       0            1587        01010000D   1589
     100       0       0       1       0                               0D   1590
     126    2512       0       0       0                        01010500D   1591
     126       0       0       2       0                               0D   1592
     110    2514       0       0       0                        01010000D   1593
     110       0       0       1       0                               0D   1594
     126    2515       0       0       0                        01010500D   1595
     126       0       0       3       0                               0D   1596
     126    2518       0       0       0                        01010000D   1597
     126       0       0       7       0                               0D   1598
     126    2525       0       0       0                        01010500D   1599
     126       0       0       3       0                               0D   1600
     126    2528       0       0       0                        01010000D   1601
     126       0       0       8       0                               0D   1602
     126    2536       0       0       0                        01010500D   1603
     126       0       0       2       0                               0D   1604
     124    2538       0       0       0                        00000000D   1605
     124       0       0       4       0                               0D   1606
     100    2542       0       0       0            1605        01010000D   1607
     100       0       0       1       0                               0D   1608
     126    2543       0       0       0                        01010500D   1609
     126       0       0       3       0                               0D   1610
     126    2546       0       0       0                        01010000D   1611
     126       0       0       7       0                               0D   1612
     126    2553       0       0       0                        01010500D   1613
     126       0       0       3       0                               0D   1614
     126    2556       0       0       0                        01010000D   1615
     126       0       0       8       0                               0D   1616
     126    2564       0       0       0                        01010500D   1617
     126       0       0       3       0                               0D   1618
     126    2567       0       0       0                        01010000D   1619
     126       0       0       7       0                               0D   1620
     126    2574       0       0       0                        01010500D   1621
     126       0       0       2       0                               0D   1622
     124    2576       0       0       0                        00000000D   1623
     124       0       0       4       0                               0D   1624
     100    2580       0       0       0            1623        01010000D   1625
     100       0       0       1       0                               0D   1626
     126    2581       0       0       0                        01010500D   1627
     126       0       0       3       0                               0D   1628
     126    2584       0       0       0                        01010000D   1629
     126       0       0       7       0                               0D   1630
     126    2591       0       0       0                        01010500D   1631
     126       0       0       3       0                               0D   1632
     126    2594       0       0       0                        01010000D   1633
     126       0       0       8       0                               0D   1634
     126    2602       0       0       0                        01010500D   1635
     126       0       0       3       0                               0D   1636
     126    2605       0       0       0                        01010000D   1637
     126       0       0       8       0                               0D   1638
     126    2613       0       0       0                        01010500D   1639
     126       0       0       2       0                               0D   1640
     124    2615       0       0       0                        00000000D   1641
     124       0       0       4       0                               0D   1642
     100    2619       0       0       0            1641        01010000D   1643
     100       0       0       1       0                               0D   1644
     126    2620       0       0       0                        01010500D   1645
     126       0       0       3       0                               0D   1646
     126    2623       0       0       0                        01010000D   1647
     126       0       0       7       0                               0D   1648
     126    2630       0       0       0                        01010500D   1649
     126       0       0       3       0                               0D   1650
     126    2633       0       0       0                        01010000D   1651
     126       0       0       8       0                               0D   1652
     126    2641       0       0       0                        01010500D   1653
     126       0       0       3       0                               0D   1654
     126    2644       0       0       0                        01010000D   1655
     126       0       0       7       0                               0D   1656
     126    2651       0       0       0                        01010500D   1657
     126       0       0       2       0                               0D   1658
     124    2653       0       0       0                        00000000D   1659
     124       0       0       4       0                               0D   1660
     100    2657       0       0       0            1659        01010000D   1661
     100       0       0       1       0                               0D   1662
     126    2658       0       0       0                        01010500D   1663
     126       0       0       3       0                               0D   1664
     126    2661       0       0       0                        01010000D   1665
     126       0       0       7       0                               0D   1666
     126    2668       0       0       0                        01010500D   1667
     126       0       0       3       0                               0D   1668
     126    2671       0       0       0                        01010000D   1669
     126       0       0       8       0                               0D   1670
     126    2679       0       0       0                        01010500D   1671
     126       0       0       3       0                               0D   1672
     126    2682       0       0       0                        01010000D   1673
     126       0       0       7       0                               0D   1674
     126    2689       0       0       0                        01010500D   1675
     126       0       0       2       0                               0D   1676
     124    2691       0       0       0                        00000000D   1677
     124       0       0       4       0                               0D   1678
     100    2695       0       0       0            1677        01010000D   1679
     100       0       0       1       0                               0D   1680
     126    2696       0       0       0                        01010500D   1681
     126       0       0       3       0                               0D   1682
     126    2699       0       0       0                        01010000D   1683
     126       0       0       7       0                               0D   1684
     126    2706       0       0       0                        01010500D   1685
     126       0       0       3       0                               0D   1686
     126    2709       0       0       0                        01010000D   1687
     126       0       0       8       0                               0D   1688
     126    2717       0       0       0                        01010500D   1689
     126       0       0       3       0                               0D   1690
     126    2720       0       0       0                        01010000D   1691
     126       0       0       7       0                               0D   1692
     126    2727       0       0       0                        01010500D   1693
     126       0       0       2       0                               0D   1694
     124    2729       0       0       0                        00000000D   1695
     124       0       0       4       0                               0D   1696
     100    2733       0       0       0            1695        01010000D   1697
     100       0       0       1       0                               0D   1698
     126    2734       0       0       0                        01010500D   1699
     126       0       0       3       0                               0D   1700
     126    2737       0       0       0                        01010000D   1701
     126       0       0       7       0                               0D   1702
     126    2744       0       0       0                        01010500D   1703
     126       0       0       3       0                               0D   1704
     126    2747       0       0       0                        01010000D   1705
     126       0       0       7       0                               0D   1706
     102    2754       0       0       0                        01010500D   1707
     102       0       0       3       0                               0D   1708
     102    2757       0       0       0                        01010000D   1709
     102       0       0       3       0                               0D   1710
     142    2760       0       0       0                        00010500D   1711
     142       0       0       1       0                               0D   1712
     144    2761       0       0       0                        00000000D   1713
     144       0      -1       1       0                               0D   1714
     128    2762       0       0       0                        01010000D   1715
     128       0       0      16       0                               0D   1716
     126    2778       0       0       0                        01010500D   1717
     126       0       0       4       0                               0D   1718
     126    2782       0       0       0                        01010000D   1719
     126       0       0      13       0                               0D   1720
     126    2795       0       0       0                        01010500D   1721
     126       0       0       2       0                               0D   1722
     124    2797       0       0       0                        00000000D   1723
     124       0       0       4       0                               0D   1724
     100    2801       0       0       0            1723        01010000D   1725
     100       0       0       1       0                               0D   1726
     126    2802       0       0       0                        01010500D   1727
     126       0       0       4       0                               0D   1728
     126    2806       0       0       0                        01010000D   1729
     126       0       0      14       0                               0D   1730
     126    2820       0       0       0                        01010500D   1731
     126       0       0       2       0                               0D   1732
     124    2822       0       0       0                        00000000D   1733
     124       0       0       4       0                               0D   1734
     100    2826       0       0       0            1733        01010000D   1735
     100       0       0       1       0                               0D   1736
     102    2827       0       0       0                        01010500D   1737
     102       0       0       1       0                               0D   1738
     102    2828       0       0       0                        01010000D   1739
     102       0       0       1       0                               0D   1740
     142    2829       0       0       0                        00010500D   1741
     142       0       0       1       0                               0D   1742
     144    2830       0       0       0                        00000000D   1743
     144       0      -1       1       0                               0D   1744
     128    2831       0       0       0                        01010000D   1745
     128       0       0       8       0                               0D   1746
     126    2839       0       0       0                        01010500D   1747
     126       0       0       2       0                               0D   1748
     110    2841       0       0       0                        01010000D   1749
     110       0       0       1       0                               0D   1750
     126    2842       0       0       0                        01010500D   1751
     126       0       0       2       0                               0D   1752
     124    2844       0       0       0                        00000000D   1753
     124       0       0       4       0                               0D   1754
     100    2848       0       0       0            1753        01010000D   1755
     100       0       0       1       0                               0D   1756
     126    2849       0       0       0                        01010500D   1757
     126       0       0       2       0                               0D   1758
     110    2851       0       0       0                        01010000D   1759
     110       0       0       1       0                               0D   1760
     126    2852       0       0       0                        01010500D   1761
     126       0       0       2       0                               0D   1762
     124    2854       0       0       0                        00000000D   1763
     124       0       0       2       0                               0D   1764
     100    2856       0       0       0            1763        01010000D   1765
     100       0       0       1       0                               0D   1766
     102    2857       0       0       0                        01010500D   1767
     102       0       0       1       0                               0D   1768
     102    2858       0       0       0                        01010000D   1769
     102       0       0       1       0                               0D   1770
     142    2859       0       0       0                        00010500D   1771
     142       0       0       1       0                               0D   1772
     144    2860       0       0       0                        00000000D   1773
     144       0      -1       1       0                               0D   1774
     128    2861       0       0       0                        01010000D   1775
     128       0       0       4       0                               0D   1776
     126    2865       0       0       0                        01010500D   1777
     126       0       0      22       0                               0D   1778
     124    2887       0       0       0                        00000000D   1779
     124       0       0       2       0                               0D   1780
     100    2889       0       0       0            1779        01010000D   1781
     100       0       0       1       0                               0D   1782
     126    2890       0       0       0                        01010500D   1783
     126       0       0      22       0                               0D   1784
     124    2912       0       0       0                        00000000D   1785
     124       0       0       3       0                               0D   1786
     100    2915       0       0       0            1785        01010000D   1787
     100       0       0       1       0                               0D   1788
     102    2916       0       0       0                        01010500D   1789
     102       0       0       1       0                               0D   1790
     102    2917       0       0       0                        01010000D   1791
     102       0       0       1       0                               0D   1792
     142    2918       0       0       0                        00010500D   1793
     142       0       0       1       0                               0D   1794
     126    2919       0       0       0                        01010500D   1795
     126       0       0      22       0                               0D   1796
     126    2941       0       0       0                        01010000D   1797
     126       0       0       5       0                               0D   1798
     126    2946       0       0       0                        01010500D   1799
     126       0       0      22       0                               0D   1800
     126    2968       0       0       0                        01010000D   1801
     126       0       0       5       0                               0D   1802
     102    2973       0       0       0                        01010500D   1803
     102       0       0       1       0                               0D   1804
     102    2974       0       0       0                        01010000D   1805
     102       0       0       1       0                               0D   1806
     142    2975       0       0       0                        00010500D   1807
     142       0       0       1       0                               0D   1808
     144    2976       0       0       0                        00000000D   1809
     144       0      -1       1       0                               0D   1810
     128    2977       0       0       0                        01010000D   1811
     128       0       0       4       0                               0D   1812
     126    2981       0       0       0                        01010500D   1813
     126       0       0       3       0                               0D   1814
     126    2984       0       0       0                        01010000D   1815
     126       0       0       7       0                               0D   1816
     126    2991       0       0       0                        01010500D   1817
     126       0       0       2       0                               0D   1818
     126    2993       0       0       0                        01010000D   1819
     126       0       0       4       0                               0D   1820
     126    2997       0       0       0                        01010500D   1821
     126       0       0       4       0                               0D   1822
     126    3001       0       0       0                        01010000D   1823
     126       0       0      14       0                               0D   1824
     126    3015       0       0       0                        01010500D   1825
     126       0       0       3       0                               0D   1826
     126    3018       0       0       0                        01010000D   1827
     126       0       0       7       0                               0D   1828
     126    3025       0       0       0                        01010500D   1829
     126       0       0       2       0                               0D   1830
     110    3027       0       0       0                        01010000D   1831
     110       0       0       2       0                               0D   1832
     126    3029       0       0       0                        01010500D   1833
     126       0       0       2       0                               0D   1834
     110    3031       0       0       0                        01010000D   1835
     110       0       0       1       0                               0D   1836
     102    3032       0       0       0                        01010500D   1837
     102       0       0       1       0                               0D   1838
     102    3033       0       0       0                        01010000D   1839
     102       0       0       1       0                               0D   1840
     142    3034       0       0       0                        00010500D   1841
     142       0       0       1       0                               0D   1842
     144    3035       0       0       0                        00000000D   1843
     144       0      -1       1       0                               0D   1844
     128    3036       0       0       0                        01010000D   1845
     128       0       0       4       0                               0D   1846
     126    3040       0       0       0                        01010500D   1847
     126       0       0       2       0                               0D   1848
     110    3042       0       0       0                        01010000D   1849
     110       0       0       2       0                               0D   1850
     126    3044       0       0       0                        01010500D   1851
     126       0       0       3       0                               0D   1852
     126    3047       0       0       0                        01010000D   1853
     126       0       0       8       0                               0D   1854
     126    3055       0       0       0                        01010500D   1855
     126       0       0       2       0                               0D   1856
     110    3057       0       0       0                        01010000D   1857
     110       0       0       2       0                               0D   1858
     126    3059       0       0       0                        01010500D   1859
     126       0       0       2       0                               0D   1860
     110    3061       0       0       0                        01010000D   1861
     110       0       0       1       0                               0D   1862
     102    3062       0       0       0                        01010500D   1863
     102       0       0       1       0                               0D   1864
     102    3063       0       0       0                        01010000D   1865
     102       0       0       1       0                               0D   1866
     142    3064       0       0       0                        00010500D   1867
     142       0       0       1       0                               0D   1868
     144    3065       0       0       0                        00000000D   1869
     144       0      -1       1       0                               0D   1870
     128    3066       0       0       0                        01010000D   1871
     128       0       0       4       0                               0D   1872
     126    3070       0       0       0                        01010500D   1873
     126       0       0       2       0                               0D   1874
     110    3072       0       0       0                        01010000D   1875
     110       0       0       2       0                               0D   1876
     126    3074       0       0       0                        01010500D   1877
     126       0       0       3       0                               0D   1878
     126    3077       0       0       0                        01010000D   1879
     126       0       0       7       0                               0D   1880
     126    3084       0       0       0                        01010500D   1881
     126       0       0       4       0                               0D   1882
     126    3088       0       0       0                        01010000D   1883
     126       0       0      14       0                               0D   1884
     126    3102       0       0       0                        01010500D   1885
     126       0       0       2       0                               0D   1886
     126    3104       0       0       0                        01010000D   1887
     126       0       0       4       0                               0D   1888
     126    3108       0       0       0                        01010500D   1889
     126       0       0       3       0                               0D   1890
     126    3111       0       0       0                        01010000D   1891
     126       0       0       7       0                               0D   1892
     126    3118       0       0       0                        01010500D   1893
     126       0       0       2       0                               0D   1894
     110    3120       0       0       0                        01010000D   1895
     110       0       0       1       0                               0D   1896
     102    3121       0       0       0                        01010500D   1897
     102       0       0       1       0                               0D   1898
     102    3122       0       0       0                        01010000D   1899
     102       0       0       1       0                               0D   1900
     142    3123       0       0       0                        00010500D   1901
     142       0       0       1       0                               0D   1902
     144    3124       0       0       0                        00000000D   1903
     144       0      -1       1       0                               0D   1904
     128    3125       0       0       0                        01010000D   1905
     128       0       0       4       0                               0D   1906
     126    3129       0       0       0                        01010500D   1907
     126       0       0       3       0                               0D   1908
     126    3132       0       0       0                        01010000D   1909
     126       0       0       7       0                               0D   1910
     126    3139       0       0       0                        01010500D   1911
     126       0       0       2       0                               0D   1912
     126    3141       0       0       0                        01010000D   1913
     126       0       0       4       0                               0D   1914
     126    3145       0       0       0                        01010500D   1915
     126       0       0       4       0                               0D   1916
     126    3149       0       0       0                        01010000D   1917
     126       0       0      14       0                               0D   1918
     126    3163       0       0       0                        01010500D   1919
     126       0       0       3       0                               0D   1920
     126    3166       0       0       0                        01010000D   1921
     126       0       0       7       0                               0D   1922
     126    3173       0       0       0                        01010500D   1923
     126       0       0       2       0                               0D   1924
     110    3175       0       0       0                        01010000D   1925
     110       0       0       2       0                               0D   1926
     126    3177       0       0       0                        01010500D   1927
     126       0       0       2       0                               0D   1928
     110    3179       0       0       0                        01010000D   1929
     110       0       0       1       0                               0D   1930
     102    3180       0       0       0                        01010500D   1931
     102       0       0       1       0                               0D   1932
     102    3181       0       0       0                        01010000D   1933
     102       0       0       1       0                               0D   1934
     142    3182       0       0       0                        00010500D   1935
     142       0       0       1       0                               0D   1936
     144    3183       0       0       0                        00000000D   1937
     144       0      -1       1       0                               0D   1938
     128    3184       0       0       0                        01010000D   1939
     128       0       0       4       0                               0D   1940
     126    3188       0       0       0                        01010500D   1941
     126       0       0       2       0                               0D   1942
     110    3190       0       0       0                        01010000D   1943
     110       0       0       2       0                               0D   1944
     126    3192       0       0       0                        01010500D   1945
     126       0       0       3       0                               0D   1946
     126    3195       0       0       0                        01010000D   1947
     126       0       0       8       0                               0D   1948
     126    3203       0       0       0                        01010500D   1949
     126       0       0       2       0                               0D   1950
     110    3205       0       0       0                        01010000D   1951
     110       0       0       2       0                               0D   1952
     126    3207       0       0       0                        01010500D   1953
     126       0       0       2       0                               0D   1954
     110    3209       0       0       0                        01010000D   1955
     110       0       0       1       0                               0D   1956
     102    3210       0       0       0                        01010500D   1957
     102       0       0       1       0                               0D   1958
     102    3211       0       0       0                        01010000D   1959
     102       0       0       1       0                               0D   1960
     142    3212       0       0       0                        00010500D   1961
     142       0       0       1       0                               0D   1962
     144    3213       0       0       0                        00000000D   1963
     144       0      -1       1       0                               0D   1964
     128    3214       0       0       0                        01010000D   1965
     128       0       0       4       0                               0D   1966
     126    3218       0       0       0                        01010500D   1967
     126       0       0       2       0                               0D   1968
     110    3220       0       0       0                        01010000D   1969
     110       0       0       2       0                               0D   1970
     126    3222       0       0       0                        01010500D   1971
     126       0       0       3       0                               0D   1972
     126    3225       0       0       0                        01010000D   1973
     126       0       0       7       0                               0D   1974
     126    3232       0       0       0                        01010500D   1975
     126       0       0       4       0                               0D   1976
     126    3236       0       0       0                        01010000D   1977
     126       0       0      13       0                               0D   1978
     126    3249       0       0       0                        01010500D   1979
     126       0       0       2       0                               0D   1980
     126    3251       0       0       0                        01010000D   1981
     126       0       0       4       0                               0D   1982
     126    3255       0       0       0                        01010500D   1983
     126       0       0       3       0                               0D   1984
     126    3258       0       0       0                        01010000D   1985
     126       0       0       7       0                               0D   1986
     126    3265       0       0       0                        01010500D   1987
     126       0       0       2       0                               0D   1988
     110    3267       0       0       0                        01010000D   1989
     110       0       0       1       0                               0D   1990
     102    3268       0       0       0                        01010500D   1991
     102       0       0       1       0                               0D   1992
     102    3269       0       0       0                        01010000D   1993
     102       0       0       1       0                               0D   1994
     142    3270       0       0       0                        00010500D   1995
     142       0       0       1       0                               0D   1996
     144    3271       0       0       0                        00000000D   1997
     144       0      -1       1       0                               0D   1998
     128    3272       0       0       0                        01010000D   1999
     128       0       0       4       0                               0D   2000
     126    3276       0       0       0                        01010500D   2001
     126       0       0       3       0                               0D   2002
     126    3279       0       0       0                        01010000D   2003
     126       0       0       7       0                               0D   2004
     126    3286       0       0       0                        01010500D   2005
     126       0       0       2       0                               0D   2006
     126    3288       0       0       0                        01010000D   2007
     126       0       0       4       0                               0D   2008
     126    3292       0       0       0                        01010500D   2009
     126       0       0       4       0                               0D   2010
     126    3296       0       0       0                        01010000D   2011
     126       0       0      14       0                               0D   2012
     126    3310       0       0       0                        01010500D   2013
     126       0       0       3       0                               0D   2014
     126    3313       0       0       0                        01010000D   2015
     126       0       0       7       0                               0D   2016
     126    3320       0       0       0                        01010500D   2017
     126       0       0       2       0                               0D   2018
     110    3322       0       0       0                        01010000D   2019
     110       0       0       2       0                               0D   2020
     126    3324       0       0       0                        01010500D   2021
     126       0       0       2       0                               0D   2022
     110    3326       0       0       0                        01010000D   2023
     110       0       0       1       0                               0D   2024
     102    3327       0       0       0                        01010500D   2025
     102       0       0       1       0                               0D   2026
     102    3328       0       0       0                        01010000D   2027
     102       0       0       1       0                               0D   2028
     142    3329       0       0       0                        00010500D   2029
     142       0       0       1       0                               0D   2030
     144    3330       0       0       0                        00000000D   2031
     144       0      -1       1       0                               0D   2032
     128    3331       0       0       0                        01010000D   2033
     128       0       0       4       0                               0D   2034
     126    3335       0       0       0                        01010500D   2035
     126       0       0       2       0                               0D   2036
     110    3337       0       0       0                        01010000D   2037
     110       0       0       2       0                               0D   2038
     126    3339       0       0       0                        01010500D   2039
     126       0       0       3       0                               0D   2040
     126    3342       0       0       0                        01010000D   2041
     126       0       0       8       0                               0D   2042
     126    3350       0       0       0                        01010500D   2043
     126       0       0       2       0                               0D   2044
     110    3352       0       0       0                        01010000D   2045
     110       0       0       2       0                               0D   2046
     126    3354       0       0       0                        01010500D   2047
     126       0       0       2       0                               0D   2048
     110    3356       0       0       0                        01010000D   2049
     110       0       0       1       0                               0D   2050
     102    3357       0       0       0                        01010500D   2051
     102       0       0       1       0                               0D   2052
     102    3358       0       0       0                        01010000D   2053
     102       0       0       1       0                               0D   2054
     142    3359       0       0       0                        00010500D   2055
     142       0       0       1       0                               0D   2056
     144    3360       0       0       0                        00000000D   2057
     144       0      -1       1       0                               0D   2058
     128    3361       0       0       0                        01010000D   2059
     128       0       0       4       0                               0D   2060
     126    3365       0       0       0                        01010500D   2061
     126       0       0       2       0                               0D   2062
     110    3367       0       0       0                        01010000D   2063
     110       0       0       2       0                               0D   2064
     126    3369       0       0       0                        01010500D   2065
     126       0       0       3       0                               0D   2066
     126    3372       0       0       0                        01010000D   2067
     126       0       0       7       0                               0D   2068
     126    3379       0       0       0                        01010500D   2069
     126       0       0       4       0                               0D   2070
     126    3383       0       0       0                        01010000D   2071
     126       0       0      14       0                               0D   2072
     126    3397       0       0       0                        01010500D   2073
     126       0       0       2       0                               0D   2074
     126    3399       0       0       0                        01010000D   2075
     126       0       0       4       0                               0D   2076
     126    3403       0       0       0                        01010500D   2077
     126       0       0       3       0                               0D   2078
     126    3406       0       0       0                        01010000D   2079
     126       0       0       7       0                               0D   2080
     126    3413       0       0       0                        01010500D   2081
     126       0       0       2       0                               0D   2082
     110    3415       0       0       0                        01010000D   2083
     110       0       0       1       0                               0D   2084
     102    3416       0       0       0                        01010500D   2085
     102       0       0       1       0                               0D   2086
     102    3417       0       0       0                        01010000D   2087
     102       0       0       1       0                               0D   2088
     142    3418       0       0       0                        00010500D   2089
     142       0       0       1       0                               0D   2090
     144    3419       0       0       0                        00000000D   2091
     144       0      -1       1       0                               0D   2092
     128    3420       0       0       0                        01010000D   2093
     128       0       0       4       0                               0D   2094
     126    3424       0       0       0                        01010500D   2095
     126       0       0       3       0                               0D   2096
     126    3427       0       0       0                        01010000D   2097
     126       0       0       7       0                               0D   2098
     126    3434       0       0       0                        01010500D   2099
     126       0       0       2       0                               0D   2100
     126    3436       0       0       0                        01010000D   2101
     126       0       0       4       0                               0D   2102
     126    3440       0       0       0                        01010500D   2103
     126       0       0       4       0                               0D   2104
     126    3444       0       0       0                        01010000D   2105
     126       0       0      14       0                               0D   2106
     126    3458       0       0       0                        01010500D   2107
     126       0       0       3       0                               0D   2108
     126    3461       0       0       0                        01010000D   2109
     126       0       0       7       0                               0D   2110
     126    3468       0       0       0                        01010500D   2111
     126       0       0       2       0                               0D   2112
     110    3470       0       0       0                        01010000D   2113
     110       0       0       2       0                               0D   2114
     126    3472       0       0       0                        01010500D   2115
     126       0       0       2       0                               0D   2116
     110    3474       0       0       0                        01010000D   2117
     110       0       0       1       0                               0D   2118
     102    3475       0       0       0                        01010500D   2119
     102       0       0       1       0                               0D   2120
     102    3476       0       0       0                        01010000D   2121
     102       0       0       1       0                               0D   2122
     142    3477       0       0       0                        00010500D   2123
     142       0       0       1       0                               0D   2124
     144    3478       0       0       0                        00000000D   2125
     144       0      -1       1       0                               0D   2126
     128    3479       0       0       0                        01010000D   2127
     128       0       0       4       0                               0D   2128
     126    3483       0       0       0                        01010500D   2129
     126       0       0       2       0                               0D   2130
     110    3485       0       0       0                        01010000D   2131
     110       0       0       2       0                               0D   2132
     126    3487       0       0       0                        01010500D   2133
     126       0       0       3       0                               0D   2134
     126    3490       0       0       0                        01010000D   2135
     126       0       0       7       0                               0D   2136
     126    3497       0       0       0                        01010500D   2137
     126       0       0       3       0                               0D   2138
     126    3500       0       0       0                        01010000D   2139
     126       0       0       7       0                               0D   2140
     126    3507       0       0       0                        01010500D   2141
     126       0       0       2       0                               0D   2142
     110    3509       0       0       0                        01010000D   2143
     110       0       0       2       0                               0D   2144
     126    3511       0       0       0                        01010500D   2145
     126       0       0       2       0                               0D   2146
     110    3513       0       0       0                        01010000D   2147
     110       0       0       1       0                               0D   2148
     102    3514       0       0       0                        01010500D   2149
     102       0       0       1       0                               0D   2150
     102    3515       0       0       0                        01010000D   2151
     102       0       0       1       0                               0D   2152
     142    3516       0       0       0                        00010500D   2153
     142       0       0       1       0                               0D   2154
     144    3517       0       0       0                        00000000D   2155
     144       0      -1       1       0                               0D   2156
     128    3518       0       0       0                        01010000D   2157
     128       0       0       4       0                               0D   2158
     126    3522       0       0       0                        01010500D   2159
     126       0       0       2       0                               0D   2160
     110    3524       0       0       0                        01010000D   2161
     110       0       0       2       0                               0D   2162
     126    3526       0       0       0                        01010500D   2163
     126       0       0       3       0                               0D   2164
     126    3529       0       0       0                        01010000D   2165
     126       0       0       7       0                               0D   2166
     126    3536       0       0       0                        01010500D   2167
     126       0       0       4       0                               0D   2168
     126    3540       0       0       0                        01010000D   2169
     126       0       0      13       0                               0D   2170
     126    3553       0       0       0                        01010500D   2171
     126       0       0       2       0                               0D   2172
     126    3555       0       0       0                        01010000D   2173
     126       0       0       4       0                               0D   2174
     126    3559       0       0       0                        01010500D   2175
     126       0       0       3       0                               0D   2176
     126    3562       0       0       0                        01010000D   2177
     126       0       0       6       0                               0D   2178
     126    3568       0       0       0                        01010500D   2179
     126       0       0       2       0                               0D   2180
     110    3570       0       0       0                        01010000D   2181
     110       0       0       1       0                               0D   2182
     102    3571       0       0       0                        01010500D   2183
     102       0       0       1       0                               0D   2184
     102    3572       0       0       0                        01010000D   2185
     102       0       0       1       0                               0D   2186
     142    3573       0       0       0                        00010500D   2187
     142       0       0       1       0                               0D   2188
     144    3574       0       0       0                        00000000D   2189
     144       0      -1       1       0                               0D   2190
     128    3575       0       0       0                        01010000D   2191
     128       0       0       4       0                               0D   2192
     126    3579       0       0       0                        01010500D   2193
     126       0       0       3       0                               0D   2194
     126    3582       0       0       0                        01010000D   2195
     126       0       0       7       0                               0D   2196
     126    3589       0       0       0                        01010500D   2197
     126       0       0       2       0                               0D   2198
     126    3591       0       0       0                        01010000D   2199
     126       0       0       4       0                               0D   2200
     126    3595       0       0       0                        01010500D   2201
     126       0       0       4       0                               0D   2202
     126    3599       0       0       0                        01010000D   2203
     126       0       0      14       0                               0D   2204
     126    3613       0       0       0                        01010500D   2205
     126       0       0       3       0                               0D   2206
     126    3616       0       0       0                        01010000D   2207
     126       0       0       7       0                               0D   2208
     126    3623       0       0       0                        01010500D   2209
     126       0       0       2       0                               0D   2210
     110    3625       0       0       0                        01010000D   2211
     110       0       0       2       0                               0D   2212
     126    3627       0       0       0                        01010500D   2213
     126       0       0       2       0                               0D   2214
     110    3629       0       0       0                        01010000D   2215
     110       0       0       1       0                               0D   2216
     102    3630       0       0       0                        01010500D   2217
     102       0       0       1       0                               0D   2218
     102    3631       0       0       0                        01010000D   2219
     102       0       0       1       0                               0D   2220
     142    3632       0       0       0                        00010500D   2221
     142       0       0       1       0                               0D   2222
     144    3633       0       0       0                        00000000D   2223
     144       0      -1       1       0                               0D   2224
     128    3634       0       0       0                        01010000D   2225
     128       0       0       4       0                               0D   2226
     126    3638       0       0       0                        01010500D   2227
     126       0       0       2       0                               0D   2228
     110    3640       0       0       0                        01010000D   2229
     110       0       0       2       0                               0D   2230
     126    3642       0       0       0                        01010500D   2231
     126       0       0       3       0                               0D   2232
     126    3645       0       0       0                        01010000D   2233
     126       0       0       8       0                               0D   2234
     126    3653       0       0       0                        01010500D   2235
     126       0       0       2       0                               0D   2236
     110    3655       0       0       0                        01010000D   2237
     110       0       0       2       0                               0D   2238
     126    3657       0       0       0                        01010500D   2239
     126       0       0       2       0                               0D   2240
     110    3659       0       0       0                        01010000D   2241
     110       0       0       1       0                               0D   2242
     102    3660       0       0       0                        01010500D   2243
     102       0       0       1       0                               0D   2244
     102    3661       0       0       0                        01010000D   2245
     102       0       0       1       0                               0D   2246
     142    3662       0       0       0                        00010500D   2247
     142       0       0       1       0                               0D   2248
     144    3663       0       0       0                        00000000D   2249
     144       0      -1       1       0                               0D   2250
     128    3664       0       0       0                        01010000D   2251
     128       0       0       4       0                               0D   2252
     126    3668       0       0       0                        01010500D   2253
     126       0       0       2       0                               0D   2254
     110    3670       0       0       0                        01010000D   2255
     110       0       0       2       0                               0D   2256
     126    3672       0       0       0                        01010500D   2257
     126       0       0       3       0                               0D   2258
     126    3675       0       0       0                        01010000D   2259
     126       0       0       7       0                               0D   2260
     126    3682       0       0       0                        01010500D   2261
     126       0       0       4       0                               0D   2262
     126    3686       0       0       0                        01010000D   2263
     126       0       0      13       0                               0D   2264
     126    3699       0       0       0                        01010500D   2265
     126       0       0       2       0                               0D   2266
     126    3701       0       0       0                        01010000D   2267
     126       0       0       4       0                               0D   2268
     126    3705       0       0       0                        01010500D   2269
     126       0       0       3       0                               0D   2270
     126    3708       0       0       0                        01010000D   2271
     126       0       0       7       0                               0D   2272
     126    3715       0       0       0                        01010500D   2273
     126       0       0       2       0                               0D   2274
     110    3717       0       0       0                        01010000D   2275
     110       0       0       1       0                               0D   2276
     102    3718       0       0       0                        01010500D   2277
     102       0       0       1       0                               0D   2278
     102    3719       0       0       0                        01010000D   2279
     102       0       0       1       0                               0D   2280
     142    3720       0       0       0                        00010500D   2281
     142       0       0       1       0                               0D   2282
     144    3721       0       0       0                        00000000D   2283
     144       0      -1       1       0                               0D   2284
     128    3722       0       0       0                        01010000D   2285
     128       0       0       4       0                               0D   2286
     126    3726       0       0       0                        01010500D   2287
     126       0       0       3       0                               0D   2288
     126    3729       0       0       0                        01010000D   2289
     126       0       0       7       0                               0D   2290
     126    3736       0       0       0                        01010500D   2291
     126       0       0       2       0                               0D   2292
     126    3738       0       0       0                        01010000D   2293
     126       0       0       4       0                               0D   2294
     126    3742       0       0       0                        01010500D   2295
     126       0       0       4       0                               0D   2296
     126    3746       0       0       0                        01010000D   2297
     126       0       0      14       0                               0D   2298
     126    3760       0       0       0                        01010500D   2299
     126       0       0       3       0                               0D   2300
     126    3763       0       0       0                        01010000D   2301
     126       0       0       7       0                               0D   2302
     126    3770       0       0       0                        01010500D   2303
     126       0       0       2       0                               0D   2304
     110    3772       0       0       0                        01010000D   2305
     110       0       0       2       0                               0D   2306
     126    3774       0       0       0                        01010500D   2307
     126       0       0       2       0                               0D   2308
     110    3776       0       0       0                        01010000D   2309
     110       0       0       1       0                               0D   2310
     102    3777       0       0       0                        01010500D   2311
     102       0       0       1       0                               0D   2312
     102    3778       0       0       0                        01010000D   2313
     102       0       0       1       0                               0D   2314
     142    3779       0       0       0                        00010500D   2315
     142       0       0       1       0                               0D   2316
     144    3780       0       0       0                        00000000D   2317
     144       0      -1       1       0                               0D   2318
     128    3781       0       0       0                        01010000D   2319
     128       0       0       4       0                               0D   2320
     126    3785       0       0       0                        01010500D   2321
     126       0       0       2       0                               0D   2322
     110    3787       0       0       0                        01010000D   2323
     110       0       0       2       0                               0D   2324
     126    3789       0       0       0                        01010500D   2325
     126       0       0       3       0                               0D   2326
     126    3792       0       0       0                        01010000D   2327
     126       0       0       8       0                               0D   2328
     126    3800       0       0       0                        01010500D   2329
     126       0       0       2       0                               0D   2330
     110    3802       0       0       0                        01010000D   2331
     110       0       0       2       0                               0D   2332
     126    3804       0       0       0                        01010500D   2333
     126       0       0       2       0                               0D   2334
     110    3806       0       0       0                        01010000D   2335
     110       0       0       1       0                               0D   2336
     102    3807       0       0       0                        01010500D   2337
     102       0       0       1       0                               0D   2338
     102    3808       0       0       0                        01010000D   2339
     102       0       0       1       0                               0D   2340
     142    3809       0       0       0                        00010500D   2341
     142       0       0       1       0                               0D   2342
     144    3810       0       0       0                        00000000D   2343
     144       0      -1       1       0                               0D   2344
     128    3811       0       0       0                        01010000D   2345
     128       0       0       4       0                               0D   2346
     126    3815       0       0       0                        01010500D   2347
     126       0       0       2       0                               0D   2348
     110    3817       0       0       0                        01010000D   2349
     110       0       0       2       0                               0D   2350
     126    3819       0       0       0                        01010500D   2351
     126       0       0       3       0                               0D   2352
     126    3822       0       0       0                        01010000D   2353
     126       0       0       7       0                               0D   2354
     126    3829       0       0       0                        01010500D   2355
     126       0       0       4       0                               0D   2356
     126    3833       0       0       0                        01010000D   2357
     126       0       0      14       0                               0D   2358
     126    3847       0       0       0                        01010500D   2359
     126       0       0       2       0                               0D   2360
     126    3849       0       0       0                        01010000D   2361
     126       0       0       4       0                               0D   2362
     126    3853       0       0       0                        01010500D   2363
     126       0       0       3       0                               0D   2364
     126    3856       0       0       0                        01010000D   2365
     126       0       0       7       0                               0D   2366
     126    3863       0       0       0                        01010500D   2367
     126       0       0       2       0                               0D   2368
     110    3865       0       0       0                        01010000D   2369
     110       0       0       1       0                               0D   2370
     102    3866       0       0       0                        01010500D   2371
     102       0       0       1       0                               0D   2372
     102    3867       0       0       0                        01010000D   2373
     102       0       0       1       0                               0D   2374
     142    3868       0       0       0                        00010500D   2375
     142       0       0       1       0                               0D   2376
     144    3869       0       0       0                        00000000D   2377
     144       0      -1       1       0                               0D   2378
     128    3870       0       0       0                        01010000D   2379
     128       0       0       4       0                               0D   2380
     126    3874       0       0       0                        01010500D   2381
     126       0       0       3       0                               0D   2382
     126    3877       0       0       0                        01010000D   2383
     126       0       0       7       0                               0D   2384
     126    3884       0       0       0                        01010500D   2385
     126       0       0       2       0                               0D   2386
     126    3886       0       0       0                        01010000D   2387
     126       0       0       4       0                               0D   2388
     126    3890       0       0       0                        01010500D   2389
     126       0       0       4       0                               0D   2390
     126    3894       0       0       0                        01010000D   2391
     126       0       0      15       0                               0D   2392
     126    3909       0       0       0                        01010500D   2393
     126       0       0       3       0                               0D   2394
     126    3912       0       0       0                        01010000D   2395
     126       0       0       7       0                               0D   2396
     126    3919       0       0       0                        01010500D   2397
     126       0       0       2       0                               0D   2398
     110    3921       0       0       0                        01010000D   2399
     110       0       0       2       0                               0D   2400
     126    3923       0       0       0                        01010500D   2401
     126       0       0       2       0                               0D   2402
     110    3925       0       0       0                        01010000D   2403
     110       0       0       1       0                               0D   2404
     102    3926       0       0       0                        01010500D   2405
     102       0       0       1       0                               0D   2406
     102    3927       0       0       0                        01010000D   2407
     102       0       0       1       0                               0D   2408
     142    3928       0       0       0                        00010500D   2409
     142       0       0       1       0                               0D   2410
     144    3929       0       0       0                        00000000D   2411
     144       0      -1       1       0                               0D   2412
     128    3930       0       0       0                        01010000D   2413
     128       0       0       4       0                               0D   2414
     126    3934       0       0       0                        01010500D   2415
     126       0       0       2       0                               0D   2416
     110    3936       0       0       0                        01010000D   2417
     110       0       0       2       0                               0D   2418
     126    3938       0       0       0                        01010500D   2419
     126       0       0       3       0                               0D   2420
     126    3941       0       0       0                        01010000D   2421
     126       0       0       8       0                               0D   2422
     126    3949       0       0       0                        01010500D   2423
     126       0       0       2       0                               0D   2424
     110    3951       0       0       0                        01010000D   2425
     110       0       0       2       0                               0D   2426
     126    3953       0       0       0                        01010500D   2427
     126       0       0       2       0                               0D   2428
     110    3955       0       0       0                        01010000D   2429
     110       0       0       1       0                               0D   2430
     102    3956       0       0       0                        01010500D   2431
     102       0       0       1       0                               0D   2432
     102    3957       0       0       0                        01010000D   2433
     102       0       0       1       0                               0D   2434
     142    3958       0       0       0                        00010500D   2435
     142       0       0       1       0                               0D   2436
     144    3959       0       0       0                        00000000D   2437
     144       0      -1       1       0                               0D   2438
     128    3960       0       0       0                        01010000D   2439
     128       0       0       4       0                               0D   2440
     126    3964       0       0       0                        01010500D   2441
     126       0       0       2       0                               0D   2442
     110    3966       0       0       0                        01010000D   2443
     110       0       0       2       0                               0D   2444
     126    3968       0       0       0                        01010500D   2445
     126       0       0       3       0                               0D   2446
     126    3971       0       0       0                        01010000D   2447
     126       0       0       7       0                               0D   2448
     126    3978       0       0       0                        01010500D   2449
     126       0       0       4       0                               0D   2450
     126    3982       0       0       0                        01010000D   2451
     126       0       0      14       0                               0D   2452
     126    3996       0       0       0                        01010500D   2453
     126       0       0       2       0                               0D   2454
     126    3998       0       0       0                        01010000D   2455
     126       0       0       4       0                               0D   2456
     126    4002       0       0       0                        01010500D   2457
     126       0       0       3       0                               0D   2458
     126    4005       0       0       0                        01010000D   2459
     126       0       0       7       0                               0D   2460
     126    4012       0       0       0                        01010500D   2461
     126       0       0       2       0                               0D   2462
     110    4014       0       0       0                        01010000D   2463
     110       0       0       1       0                               0D   2464
     102    4015       0       0       0                        01010500D   2465
     102       0       0       1       0                               0D   2466
     102    4016       0       0       0                        01010000D   2467
     102       0       0       1       0                               0D   2468
     142    4017       0       0       0                        00010500D   2469
     142       0       0       1       0                               0D   2470
     144    4018       0       0       0                        00000000D   2471
     144       0      -1       1       0                               0D   2472
     128    4019       0       0       0                        01010000D   2473
     128       0       0       4       0                               0D   2474
     126    4023       0       0       0                        01010500D   2475
     126       0       0       3       0                               0D   2476
     126    4026       0       0       0                        01010000D   2477
     126       0       0       7       0                               0D   2478
     126    4033       0       0       0                        01010500D   2479
     126       0       0       2       0                               0D   2480
     126    4035       0       0       0                        01010000D   2481
     126       0       0       5       0                               0D   2482
     126    4040       0       0       0                        01010500D   2483
     126       0       0       4       0                               0D   2484
     126    4044       0       0       0                        01010000D   2485
     126       0       0      15       0                               0D   2486
     126    4059       0       0       0                        01010500D   2487
     126       0       0       3       0                               0D   2488
     126    4062       0       0       0                        01010000D   2489
     126       0       0       7       0                               0D   2490
     126    4069       0       0       0                        01010500D   2491
     126       0       0       2       0                               0D   2492
     110    4071       0       0       0                        01010000D   2493
     110       0       0       2       0                               0D   2494
     126    4073       0       0       0                        01010500D   2495
     126       0       0       2       0                               0D   2496
     110    4075       0       0       0                        01010000D   2497
     110       0       0       1       0                               0D   2498
     102    4076       0       0       0                        01010500D   2499
     102       0       0       1       0                               0D   2500
     102    4077       0       0       0                        01010000D   2501
     102       0       0       1       0                               0D   2502
     142    4078       0       0       0                        00010500D   2503
     142       0       0       1       0                               0D   2504
     144    4079       0       0       0                        00000000D   2505
     144       0      -1       1       0                               0D   2506
     128    4080       0       0       0                        01010000D   2507
     128       0       0       4       0                               0D   2508
     126    4084       0       0       0                        01010500D   2509
     126       0       0       2       0                               0D   2510
     110    4086       0       0       0                        01010000D   2511
     110       0       0       2       0                               0D   2512
     126    4088       0       0       0                        01010500D   2513
     126       0       0       3       0                               0D   2514
     126    4091       0       0       0                        01010000D   2515
     126       0       0       8       0                               0D   2516
     126    4099       0       0       0                        01010500D   2517
     126       0       0       2       0                               0D   2518
     110    4101       0       0       0                        01010000D   2519
     110       0       0       2       0                               0D   2520
     126    4103       0       0       0                        01010500D   2521
     126       0       0       2       0                               0D   2522
     110    4105       0       0       0                        01010000D   2523
     110       0       0       1       0                               0D   2524
     102    4106       0       0       0                        01010500D   2525
     102       0       0       1       0                               0D   2526
     102    4107       0       0       0                        01010000D   2527
     102       0       0       1       0                               0D   2528
     142    4108       0       0       0                        00010500D   2529
     142       0       0       1       0                               0D   2530
     144    4109       0       0       0                        00000000D   2531
     144       0      -1       1       0                               0D   2532
     128    4110       0       0       0                        01010000D   2533
     128       0       0       4       0                               0D   2534
     126    4114       0       0       0                        01010500D   2535
     126       0       0       2       0                               0D   2536
     110    4116       0       0       0                        01010000D   2537
     110       0       0       2       0                               0D   2538
     126    4118       0       0       0                        01010500D   2539
     126       0       0       3       0                               0D   2540
     126    4121       0       0       0                        01010000D   2541
     126       0       0       8       0                               0D   2542
     126    4129       0       0       0                        01010500D   2543
     126       0       0       4       0                               0D   2544
     126    4133       0       0       0                        01010000D   2545
     126       0       0      13       0                               0D   2546
     126    4146       0       0       0                        01010500D   2547
     126       0       0       2       0                               0D   2548
     126    4148       0       0       0                        01010000D   2549
     126       0       0       4       0                               0D   2550
     126    4152       0       0       0                        01010500D   2551
     126       0       0       3       0                               0D   2552
     126    4155       0       0       0                        01010000D   2553
     126       0       0       7       0                               0D   2554
     126    4162       0       0       0                        01010500D   2555
     126       0       0       2       0                               0D   2556
     110    4164       0       0       0                        01010000D   2557
     110       0       0       1       0                               0D   2558
     102    4165       0       0       0                        01010500D   2559
     102       0       0       1       0                               0D   2560
     102    4166       0       0       0                        01010000D   2561
     102       0       0       1       0                               0D   2562
     142    4167       0       0       0                        00010500D   2563
     142       0       0       1       0                               0D   2564
     144    4168       0       0       0                        00000000D   2565
     144       0      -1       1       0                               0D   2566
     128    4169       0       0       0                        01010000D   2567
     128       0       0       4       0                               0D   2568
     126    4173       0       0       0                        01010500D   2569
     126       0       0       3       0                               0D   2570
     126    4176       0       0       0                        01010000D   2571
     126       0       0       7       0                               0D   2572
     126    4183       0       0       0                        01010500D   2573
     126       0       0       2       0                               0D   2574
     126    4185       0       0       0                        01010000D   2575
     126       0       0       4       0                               0D   2576
     126    4189       0       0       0                        01010500D   2577
     126       0       0       4       0                               0D   2578
     126    4193       0       0       0                        01010000D   2579
     126       0       0      14       0                               0D   2580
     126    4207       0       0       0                        01010500D   2581
     126       0       0       3       0                               0D   2582
     126    4210       0       0       0                        01010000D   2583
     126       0       0       7       0                               0D   2584
     126    4217       0       0       0                        01010500D   2585
     126       0       0       2       0                               0D   2586
     110    4219       0       0       0                        01010000D   2587
     110       0       0       2       0                               0D   2588
     126    4221       0       0       0                        01010500D   2589
     126       0       0       2       0                               0D   2590
     110    4223       0       0       0                        01010000D   2591
     110       0       0       1       0                               0D   2592
     102    4224       0       0       0                        01010500D   2593
     102       0       0       1       0                               0D   2594
     102    4225       0       0       0                        01010000D   2595
     102       0       0       1       0                               0D   2596
     142    4226       0       0       0                        00010500D   2597
     142       0       0       1       0                               0D   2598
     144    4227       0       0       0                        00000000D   2599
     144       0      -1       1       0                               0D   2600
     128    4228       0       0       0                        01010000D   2601
     128       0       0       4       0                               0D   2602
     126    4232       0       0       0                        01010500D   2603
     126       0       0       2       0                               0D   2604
     110    4234       0       0       0                        01010000D   2605
     110       0       0       2       0                               0D   2606
     126    4236       0       0       0                        01010500D   2607
     126       0       0       3       0                               0D   2608
     126    4239       0       0       0                        01010000D   2609
     126       0       0       8       0                               0D   2610
     126    4247       0       0       0                        01010500D   2611
     126       0       0       2       0                               0D   2612
     110    4249       0       0       0                        01010000D   2613
     110       0       0       2       0                               0D   2614
     126    4251       0       0       0                        01010500D   2615
     126       0       0       2       0                               0D   2616
     110    4253       0       0       0                        01010000D   2617
     110       0       0       1       0                               0D   2618
     102    4254       0       0       0                        01010500D   2619
     102       0       0       1       0                               0D   2620
     102    4255       0       0       0                        01010000D   2621
     102       0       0       1       0                               0D   2622
     142    4256       0       0       0                        00010500D   2623
     142       0       0       1       0                               0D   2624
     144    4257       0       0       0                        00000000D   2625
     144       0      -1       1       0                               0D   2626
     128    4258       0       0       0                        01010000D   2627
     128       0       0       4       0                               0D   2628
     126    4262       0       0       0                        01010500D   2629
     126       0       0       2       0                               0D   2630
     110    4264       0       0       0                        01010000D   2631
     110       0       0       2       0                               0D   2632
     126    4266       0       0       0                        01010500D   2633
     126       0       0       3       0                               0D   2634
     126    4269       0       0       0                        01010000D   2635
     126       0       0       7       0                               0D   2636
     126    4276       0       0       0                        01010500D   2637
     126       0       0       4       0                               0D   2638
     126    4280       0       0       0                        01010000D   2639
     126       0       0      14       0                               0D   2640
     126    4294       0       0       0                        01010500D   2641
     126       0       0       2       0                               0D   2642
     126    4296       0       0       0                        01010000D   2643
     126       0       0       4       0                               0D   2644
     126    4300       0       0       0                        01010500D   2645
     126       0       0       3       0                               0D   2646
     126    4303       0       0       0                        01010000D   2647
     126       0       0       7       0                               0D   2648
     126    4310       0       0       0                        01010500D   2649
     126       0       0       2       0                               0D   2650
     110    4312       0       0       0                        01010000D   2651
     110       0       0       1       0                               0D   2652
     102    4313       0       0       0                        01010500D   2653
     102       0       0       1       0                               0D   2654
     102    4314       0       0       0                        01010000D   2655
     102       0       0       1       0                               0D   2656
     142    4315       0       0       0                        00010500D   2657
     142       0       0       1       0                               0D   2658
     144    4316       0       0       0                        00000000D   2659
     144       0      -1       1       0                               0D   2660
     128    4317       0       0       0                        01010000D   2661
     128       0       0       4       0                               0D   2662
     126    4321       0       0       0                        01010500D   2663
     126       0       0       3       0                               0D   2664
     126    4324       0       0       0                        01010000D   2665
     126       0       0       7       0                               0D   2666
     126    4331       0       0       0                        01010500D   2667
     126       0       0       2       0                               0D   2668
     126    4333       0       0       0                        01010000D   2669
     126       0       0       4       0                               0D   2670
     126    4337       0       0       0                        01010500D   2671
     126       0       0       4       0                               0D   2672
     126    4341       0       0       0                        01010000D   2673
     126       0       0      14       0                               0D   2674
     126    4355       0       0       0                        01010500D   2675
     126       0       0       3       0                               0D   2676
     126    4358       0       0       0                        01010000D   2677
     126       0       0       7       0                               0D   2678
     126    4365       0       0       0                        01010500D   2679
     126       0       0       2       0                               0D   2680
     110    4367       0       0       0                        01010000D   2681
     110       0       0       2       0                               0D   2682
     126    4369       0       0       0                        01010500D   2683
     126       0       0       2       0                               0D   2684
     110    4371       0       0       0                        01010000D   2685
     110       0       0       1       0                               0D   2686
     102    4372       0       0       0                        01010500D   2687
     102       0       0       1       0                               0D   2688
     102    4373       0       0       0                        01010000D   2689
     102       0       0       1       0                               0D   2690
     142    4374       0       0       0                        00010500D   2691
     142       0       0       1       0                               0D   2692
     144    4375       0       0       0                        00000000D   2693
     144       0      -1       1       0                               0D   2694
     128    4376       0       0       0                        01010000D   2695
     128       0       0       4       0                               0D   2696
     126    4380       0       0       0                        01010500D   2697
     126       0       0       2       0                               0D   2698
     110    4382       0       0       0                        01010000D   2699
     110       0       0       2       0                               0D   2700
     126    4384       0       0       0                        01010500D   2701
     126       0       0       3       0                               0D   2702
     126    4387       0       0       0                        01010000D   2703
     126       0       0       7       0                               0D   2704
     126    4394       0       0       0                        01010500D   2705
     126       0       0       3       0                               0D   2706
     126    4397       0       0       0                        01010000D   2707
     126       0       0       7       0                               0D   2708
     126    4404       0       0       0                        01010500D   2709
     126       0       0       2       0                               0D   2710
     110    4406       0       0       0                        01010000D   2711
     110       0       0       2       0                               0D   2712
     126    4408       0       0       0                        01010500D   2713
     126       0       0       2       0                               0D   2714
     110    4410       0       0       0                        01010000D   2715
     110       0       0       1       0                               0D   2716
     102    4411       0       0       0                        01010500D   2717
     102       0       0       1       0                               0D   2718
     102    4412       0       0       0                        01010000D   2719
     102       0       0       1       0                               0D   2720
     142    4413       0       0       0                        00010500D   2721
     142       0       0       1       0                               0D   2722
     144    4414       0       0       0                        00000000D   2723
     144       0      -1       1       0                               0D   2724
     128    4415       0       0       0                        01010000D   2725
     128       0       0       4       0                               0D   2726
     126    4419       0       0       0                        01010500D   2727
     126       0       0       2       0                               0D   2728
     110    4421       0       0       0                        01010000D   2729
     110       0       0       2       0                               0D   2730
     126    4423       0       0       0                        01010500D   2731
     126       0       0       3       0                               0D   2732
     126    4426       0       0       0                        01010000D   2733
     126       0       0       8       0                               0D   2734
     126    4434       0       0       0                        01010500D   2735
     126       0       0       4       0                               0D   2736
     126    4438       0       0       0                        01010000D   2737
     126       0       0      14       0                               0D   2738
     126    4452       0       0       0                        01010500D   2739
     126       0       0       2       0                               0D   2740
     126    4454       0       0       0                        01010000D   2741
     126       0       0       4       0                               0D   2742
     126    4458       0       0       0                        01010500D   2743
     126       0       0       3       0                               0D   2744
     126    4461       0       0       0                        01010000D   2745
     126       0       0       7       0                               0D   2746
     126    4468       0       0       0                        01010500D   2747
     126       0       0       2       0                               0D   2748
     110    4470       0       0       0                        01010000D   2749
     110       0       0       1       0                               0D   2750
     102    4471       0       0       0                        01010500D   2751
     102       0       0       1       0                               0D   2752
     102    4472       0       0       0                        01010000D   2753
     102       0       0       1       0                               0D   2754
     142    4473       0       0       0                        00010500D   2755
     142       0       0       1       0                               0D   2756
     144    4474       0       0       0                        00000000D   2757
     144       0      -1       1       0                               0D   2758
     128    4475       0       0       0                        01010000D   2759
     128       0       0       4       0                               0D   2760
     126    4479       0       0       0                        01010500D   2761
     126       0       0       3       0                               0D   2762
     126    4482       0       0       0                        01010000D   2763
     126       0       0       7       0                               0D   2764
     126    4489       0       0       0                        01010500D   2765
     126       0       0       2       0                               0D   2766
     126    4491       0       0       0                        01010000D   2767
     126       0       0       4       0                               0D   2768
     126    4495       0       0       0                        01010500D   2769
     126       0       0       4       0                               0D   2770
     126    4499       0       0       0                        01010000D   2771
     126       0       0      13       0                               0D   2772
     126    4512       0       0       0                        01010500D   2773
     126       0       0       3       0                               0D   2774
     126    4515       0       0       0                        01010000D   2775
     126       0       0       7       0                               0D   2776
     126    4522       0       0       0                        01010500D   2777
     126       0       0       2       0                               0D   2778
     110    4524       0       0       0                        01010000D   2779
     110       0       0       2       0                               0D   2780
     126    4526       0       0       0                        01010500D   2781
     126       0       0       2       0                               0D   2782
     110    4528       0       0       0                        01010000D   2783
     110       0       0       1       0                               0D   2784
     102    4529       0       0       0                        01010500D   2785
     102       0       0       1       0                               0D   2786
     102    4530       0       0       0                        01010000D   2787
     102       0       0       1       0                               0D   2788
     142    4531       0       0       0                        00010500D   2789
     142       0       0       1       0                               0D   2790
     144    4532       0       0       0                        00000000D   2791
     144       0      -1       1       0                               0D   2792
     128    4533       0       0       0                        01010000D   2793
     128       0       0       4       0                               0D   2794
     126    4537       0       0       0                        01010500D   2795
     126       0       0       2       0                               0D   2796
     110    4539       0       0       0                        01010000D   2797
     110       0       0       2       0                               0D   2798
     126    4541       0       0       0                        01010500D   2799
     126       0       0       3       0                               0D   2800
     126    4544       0       0       0                        01010000D   2801
     126       0       0       7       0                               0D   2802
     126    4551       0       0       0                        01010500D   2803
     126       0       0       2       0                               0D   2804
     110    4553       0       0       0                        01010000D   2805
     110       0       0       2       0                               0D   2806
     126    4555       0       0       0                        01010500D   2807
     126       0       0       2       0                               0D   2808
     110    4557       0       0       0                        01010000D   2809
     110       0       0       1       0                               0D   2810
     102    4558       0       0       0                        01010500D   2811
     102       0       0       1       0                               0D   2812
     102    4559       0       0       0                        01010000D   2813
     102       0       0       1       0                               0D   2814
     142    4560       0       0       0                        00010500D   2815
     142       0       0       1       0                               0D   2816
     144    4561       0       0       0                        00000000D   2817
     144       0      -1       1       0                               0D   2818
     128    4562       0       0       0                        01010000D   2819
     128       0       0       4       0                               0D   2820
     126    4566       0       0       0                        01010500D   2821
     126       0       0       2       0                               0D   2822
     110    4568       0       0       0                        01010000D   2823
     110       0       0       2       0                               0D   2824
     126    4570       0       0       0                        01010500D   2825
     126       0       0       3       0                               0D   2826
     126    4573       0       0       0                        01010000D   2827
     126       0       0       7       0                               0D   2828
     126    4580       0       0       0                        01010500D   2829
     126       0       0       4       0                               0D   2830
     126    4584       0       0       0                        01010000D   2831
     126       0       0      13       0                               0D   2832
     126    4597       0       0       0                        01010500D   2833
     126       0       0       2       0                               0D   2834
     126    4599       0       0       0                        01010000D   2835
     126       0       0       4       0                               0D   2836
     126    4603       0       0       0                        01010500D   2837
     126       0       0       3       0                               0D   2838
     126    4606       0       0       0                        01010000D   2839
     126       0       0       7       0                               0D   2840
     126    4613       0       0       0                        01010500D   2841
     126       0       0       2       0                               0D   2842
     110    4615       0       0       0                        01010000D   2843
     110       0       0       1       0                               0D   2844
     102    4616       0       0       0                        01010500D   2845
     102       0       0       1       0                               0D   2846
     102    4617       0       0       0                        01010000D   2847
     102       0       0       1       0                               0D   2848
     142    4618       0       0       0                        00010500D   2849
     142       0       0       1       0                               0D   2850
     144    4619       0       0       0                        00000000D   2851
     144       0      -1       1       0                               0D   2852
     128    4620       0       0       0                        01010000D   2853
     128       0       0       4       0                               0D   2854
     126    4624       0       0       0                        01010500D   2855
     126       0       0       3       0                               0D   2856
     126    4627       0       0       0                        01010000D   2857
     126       0       0       7       0                               0D   2858
     126    4634       0       0       0                        01010500D   2859
     126       0       0       2       0                               0D   2860
     126    4636       0       0       0                        01010000D   2861
     126       0       0       4       0                               0D   2862
     126    4640       0       0       0                        01010500D   2863
     126       0       0       4       0                               0D   2864
     126    4644       0       0       0                        01010000D   2865
     126       0       0      14       0                               0D   2866
     126    4658       0       0       0                        01010500D   2867
     126       0       0       3       0                               0D   2868
     126    4661       0       0       0                        01010000D   2869
     126       0       0       7       0                               0D   2870
     126    4668       0       0       0                        01010500D   2871
     126       0       0       2       0                               0D   2872
     110    4670       0       0       0                        01010000D   2873
     110       0       0       2       0                               0D   2874
     126    4672       0       0       0                        01010500D   2875
     126       0       0       2       0                               0D   2876
     110    4674       0       0       0                        01010000D   2877
     110       0       0       1       0                               0D   2878
     102    4675       0       0       0                        01010500D   2879
     102       0       0       1       0                               0D   2880
     102    4676       0       0       0                        01010000D   2881
     102       0       0       1       0                               0D   2882
     142    4677       0       0       0                        00010500D   2883
     142       0       0       1       0                               0D   2884
     144    4678       0       0       0                        00000000D   2885
     144       0      -1       1       0                               0D   2886
     128    4679       0       0       0                        01010000D   2887
     128       0       0       4       0                               0D   2888
     126    4683       0       0       0                        01010500D   2889
     126       0       0       2       0                               0D   2890
     110    4685       0       0       0                        01010000D   2891
     110       0       0       2       0                               0D   2892
     126    4687       0       0       0                        01010500D   2893
     126       0       0       3       0                               0D   2894
     126    4690       0       0       0                        01010000D   2895
     126       0       0       8       0                               0D   2896
     126    4698       0       0       0                        01010500D   2897
     126       0       0       2       0                               0D   2898
     110    4700       0       0       0                        01010000D   2899
     110       0       0       2       0                               0D   2900
     126    4702       0       0       0                        01010500D   2901
     126       0       0       2       0                               0D   2902
     110    4704       0       0       0                        01010000D   2903
     110       0       0       1       0                               0D   2904
     102    4705       0       0       0                        01010500D   2905
     102       0       0       1       0                               0D   2906
     102    4706       0       0       0                        01010000D   2907
     102       0       0       1       0                               0D   2908
     142    4707       0       0       0                        00010500D   2909
     142       0       0       1       0                               0D   2910
     144    4708       0       0       0                        00000000D   2911
     144       0      -1       1       0                               0D   2912
     128    4709       0       0       0                        01010000D   2913
     128       0       0       4       0                               0D   2914
     126    4713       0       0       0                        01010500D   2915
     126       0       0       2       0                               0D   2916
     110    4715       0       0       0                        01010000D   2917
     110       0       0       2       0                               0D   2918
     126    4717       0       0       0                        01010500D   2919
     126       0       0       3       0                               0D   2920
     126    4720       0       0       0                        01010000D   2921
     126       0       0       7       0                               0D   2922
     126    4727       0       0       0                        01010500D   2923
     126       0       0       4       0                               0D   2924
     126    4731       0       0       0                        01010000D   2925
     126       0       0      14       0                               0D   2926
     126    4745       0       0       0                        01010500D   2927
     126       0       0       2       0                               0D   2928
     126    4747       0       0       0                        01010000D   2929
     126       0       0       4       0                               0D   2930
     126    4751       0       0       0                        01010500D   2931
     126       0       0       3       0                               0D   2932
     126    4754       0       0       0                        01010000D   2933
     126       0       0       7       0                               0D   2934
     126    4761       0       0       0                        01010500D   2935
     126       0       0       2       0                               0D   2936
     110    4763       0       0       0                        01010000D   2937
     110       0       0       1       0                               0D   2938
     102    4764       0       0       0                        01010500D   2939
     102       0       0       1       0                               0D   2940
     102    4765       0       0       0                        01010000D   2941
     102       0       0       1       0                               0D   2942
     142    4766       0       0       0                        00010500D   2943
     142       0       0       1       0                               0D   2944
     144    4767       0       0       0                        00000000D   2945
     144       0      -1       1       0                               0D   2946
     128    4768       0       0       0                        01010000D   2947
     128       0       0      16       0                               0D   2948
     126    4784       0       0       0                        01010500D   2949
     126       0       0       2       0                               0D   2950
     124    4786       0       0       0                        00000000D   2951
     124       0       0       4       0                               0D   2952
     100    4790       0       0       0            2951        01010000D   2953
     100       0       0       1       0                               0D   2954
     126    4791       0       0       0                        01010500D   2955
     126       0       0       2       0                               0D   2956
     124    4793       0       0       0                        00000000D   2957
     124       0       0       4       0                               0D   2958
     100    4797       0       0       0            2957        01010000D   2959
     100       0       0       1       0                               0D   2960
     126    4798       0       0       0                        01010500D   2961
     126       0       0       2       0                               0D   2962
     124    4800       0       0       0                        00000000D   2963
     124       0       0       4       0                               0D   2964
     100    4804       0       0       0            2963        01010000D   2965
     100       0       0       1       0                               0D   2966
     126    4805       0       0       0                        01010500D   2967
     126       0       0       2       0                               0D   2968
     124    4807       0       0       0                        00000000D   2969
     124       0       0       3       0                               0D   2970
     100    4810       0       0       0            2969        01010000D   2971
     100       0       0       1       0                               0D   2972
     102    4811       0       0       0                        01010500D   2973
     102       0       0       1       0                               0D   2974
     102    4812       0       0       0                        01010000D   2975
     102       0       0       1       0                               0D   2976
     142    4813       0       0       0                        00010500D   2977
     142       0       0       1       0                               0D   2978
     144    4814       0       0       0                        00000000D   2979
     144       0      -1       1       0                               0D   2980
     128    4815       0       0       0                        01010000D   2981
     128       0       0      10       0                               0D   2982
     126    4825       0       0       0                        01010500D   2983
     126       0       0       2       0                               0D   2984
     110    4827       0       0       0                        01010000D   2985
     110       0       0       1       0                               0D   2986
     126    4828       0       0       0                        01010500D   2987
     126       0       0       2       0                               0D   2988
     126    4830       0       0       0                        01010000D   2989
     126       0       0       6       0                               0D   2990
     126    4836       0       0       0                        01010500D   2991
     126       0       0       2       0                               0D   2992
     110    4838       0       0       0                        01010000D   2993
     110       0       0       2       0                               0D   2994
     126    4840       0       0       0                        01010500D   2995
     126       0       0       2       0                               0D   2996
     126    4842       0       0       0                        01010000D   2997
     126       0       0       5       0                               0D   2998
     102    4847       0       0       0                        01010500D   2999
     102       0       0       1       0                               0D   3000
     102    4848       0       0       0                        01010000D   3001
     102       0       0       1       0                               0D   3002
     142    4849       0       0       0                        00010500D   3003
     142       0       0       1       0                               0D   3004
     144    4850       0       0       0                        00000000D   3005
     144       0      -1       1       0                               0D   3006
     128    4851       0       0       0                        01010000D   3007
     128       0       0      10       0                               0D   3008
     126    4861       0       0       0                        01010500D   3009
     126       0       0       2       0                               0D   3010
     110    4863       0       0       0                        01010000D   3011
     110       0       0       2       0                               0D   3012
     126    4865       0       0       0                        01010500D   3013
     126       0       0       2       0                               0D   3014
     126    4867       0       0       0                        01010000D   3015
     126       0       0       5       0                               0D   3016
     126    4872       0       0       0                        01010500D   3017
     126       0       0       2       0                               0D   3018
     110    4874       0       0       0                        01010000D   3019
     110       0       0       1       0                               0D   3020
     126    4875       0       0       0                        01010500D   3021
     126       0       0       2       0                               0D   3022
     126    4877       0       0       0                        01010000D   3023
     126       0       0       5       0                               0D   3024
     102    4882       0       0       0                        01010500D   3025
     102       0       0       1       0                               0D   3026
     102    4883       0       0       0                        01010000D   3027
     102       0       0       1       0                               0D   3028
     142    4884       0       0       0                        00010500D   3029
     142       0       0       1       0                               0D   3030
     144    4885       0       0       0                        00000000D   3031
     144       0      -1       1       0                               0D   3032
     128    4886       0       0       0                        01010000D   3033
     128       0       0       4       0                               0D   3034
     126    4890       0       0       0                        01010500D   3035
     126       0       0      22       0                               0D   3036
     126    4912       0       0       0                        01010000D   3037
     126       0       0       5       0                               0D   3038
     126    4917       0       0       0                        01010500D   3039
     126       0       0      22       0                               0D   3040
     126    4939       0       0       0                        01010000D   3041
     126       0       0       6       0                               0D   3042
     102    4945       0       0       0                        01010500D   3043
     102       0       0       1       0                               0D   3044
     102    4946       0       0       0                        01010000D   3045
     102       0       0       1       0                               0D   3046
     142    4947       0       0       0                        00010500D   3047
     142       0       0       1       0                               0D   3048
     126    4948       0       0       0                        01010500D   3049
     126       0       0       2       0                               0D   3050
     110    4950       0       0       0                        01010000D   3051
     110       0       0       2       0                               0D   3052
     126    4952       0       0       0                        01010500D   3053
     126       0       0       2       0                               0D   3054
     110    4954       0       0       0                        01010000D   3055
     110       0       0       2       0                               0D   3056
     126    4956       0       0       0                        01010500D   3057
     126       0       0       2       0                               0D   3058
     110    4958       0       0       0                        01010000D   3059
     110       0       0       2       0                               0D   3060
     126    4960       0       0       0                        01010500D   3061
     126       0       0       2       0                               0D   3062
     110    4962       0       0       0                        01010000D   3063
     110       0       0       2       0                               0D   3064
     102    4964       0       0       0                        01010500D   3065
     102       0       0       1       0                               0D   3066
     102    4965       0       0       0                        01010000D   3067
     102       0       0       1       0                               0D   3068
     142    4966       0       0       0                        00010500D   3069
     142       0       0       1       0                               0D   3070
     126    4967       0       0       0                        01010500D   3071
     126       0       0       2       0                               0D   3072
     110    4969       0       0       0                        01010000D   3073
     110       0       0       2       0                               0D   3074
     126    4971       0       0       0                        01010500D   3075
     126       0       0       2       0                               0D   3076
     110    4973       0       0       0                        01010000D   3077
     110       0       0       2       0                               0D   3078
     126    4975       0       0       0                        01010500D   3079
     126       0       0       2       0                               0D   3080
     110    4977       0       0       0                        01010000D   3081
     110       0       0       2       0                               0D   3082
     102    4979       0       0       0                        01010500D   3083
     102       0       0       1       0                               0D   3084
     102    4980       0       0       0                        01010000D   3085
     102       0       0       1       0                               0D   3086
     142    4981       0       0       0                        00010500D   3087
     142       0       0       1       0                               0D   3088
     126    4982       0       0       0                        01010500D   3089
     126       0       0       2       0                               0D   3090
     110    4984       0       0       0                        01010000D   3091
     110       0       0       2       0                               0D   3092
     126    4986       0       0       0                        01010500D   3093
     126       0       0       2       0                               0D   3094
     110    4988       0       0       0                        01010000D   3095
     110       0       0       2       0                               0D   3096
     126    4990       0       0       0                        01010500D   3097
     126       0       0       2       0                               0D   3098
     110    4992       0       0       0                        01010000D   3099
     110       0       0       2       0                               0D   3100
     102    4994       0       0       0                        01010500D   3101
     102       0       0       1       0                               0D   3102
     102    4995       0       0       0                        01010000D   3103
     102       0       0       1       0                               0D   3104
     142    4996       0       0       0                        00010500D   3105
     142       0       0       1       0                               0D   3106
     126    4997       0       0       0                        01010500D   3107
     126       0       0       2       0                               0D   3108
     110    4999       0       0       0                        01010000D   3109
     110       0       0       2       0                               0D   3110
     126    5001       0       0       0                        01010500D   3111
     126       0       0       2       0                               0D   3112
     110    5003       0       0       0                        01010000D   3113
     110       0       0       2       0                               0D   3114
     126    5005       0       0       0                        01010500D   3115
     126       0       0       2       0                               0D   3116
     110    5007       0       0       0                        01010000D   3117
     110       0       0       2       0                               0D   3118
     126    5009       0       0       0                        01010500D   3119
     126       0       0       2       0                               0D   3120
     110    5011       0       0       0                        01010000D   3121
     110       0       0       2       0                               0D   3122
     102    5013       0       0       0                        01010500D   3123
     102       0       0       1       0                               0D   3124
     102    5014       0       0       0                        01010000D   3125
     102       0       0       1       0                               0D   3126
     142    5015       0       0       0                        00010500D   3127
     142       0       0       1       0                               0D   3128
     126    5016       0       0       0                        01010500D   3129
     126       0       0       2       0                               0D   3130
     110    5018       0       0       0                        01010000D   3131
     110       0       0       2       0                               0D   3132
     126    5020       0       0       0                        01010500D   3133
     126       0       0       2       0                               0D   3134
     110    5022       0       0       0                        01010000D   3135
     110       0       0       2       0                               0D   3136
     126    5024       0       0       0                        01010500D   3137
     126       0       0       2       0                               0D   3138
     110    5026       0       0       0                        01010000D   3139
     110       0       0       2       0                               0D   3140
     126    5028       0       0       0                        01010500D   3141
     126       0       0       2       0                               0D   3142
     110    5030       0       0       0                        01010000D   3143
     110       0       0       2       0                               0D   3144
     102    5032       0       0       0                        01010500D   3145
     102       0       0       1       0                               0D   3146
     102    5033       0       0       0                        01010000D   3147
     102       0       0       1       0                               0D   3148
     142    5034       0       0       0                        00010500D   3149
     142       0       0       1       0                               0D   3150
     126    5035       0       0       0                        01010500D   3151
     126       0       0       2       0                               0D   3152
     110    5037       0       0       0                        01010000D   3153
     110       0       0       2       0                               0D   3154
     126    5039       0       0       0                        01010500D   3155
     126       0       0       2       0                               0D   3156
     110    5041       0       0       0                        01010000D   3157
     110       0       0       2       0                               0D   3158
     126    5043       0       0       0                        01010500D   3159
     126       0       0       2       0                               0D   3160
     110    5045       0       0       0                        01010000D   3161
     110       0       0       2       0                               0D   3162
     102    5047       0       0       0                        01010500D   3163
     102       0       0       1       0                               0D   3164
     102    5048       0       0       0                        01010000D   3165
     102       0       0       1       0                               0D   3166
     142    5049       0       0       0                        00010500D   3167
     142       0       0       1       0                               0D   3168
     126    5050       0       0       0                        01010500D   3169
     126       0       0       2       0                               0D   3170
     110    5052       0       0       0                        01010000D   3171
     110       0       0       2       0                               0D   3172
     126    5054       0       0       0                        01010500D   3173
     126       0       0       2       0                               0D   3174
     110    5056       0       0       0                        01010000D   3175
     110       0       0       2       0                               0D   3176
     126    5058       0       0       0                        01010500D   3177
     126       0       0       2       0                               0D   3178
     110    5060       0       0       0                        01010000D   3179
     110       0       0       2       0                               0D   3180
     102    5062       0       0       0                        01010500D   3181
     102       0       0       1       0                               0D   3182
     102    5063       0       0       0                        01010000D   3183
     102       0       0       1       0                               0D   3184
     142    5064       0       0       0                        00010500D   3185
     142       0       0       1       0                               0D   3186
     126    5065       0       0       0                        01010500D   3187
     126       0       0       2       0                               0D   3188
     110    5067       0       0       0                        01010000D   3189
     110       0       0       1       0                               0D   3190
     126    5068       0       0       0                        01010500D   3191
     126       0       0       2       0                               0D   3192
     110    5070       0       0       0                        01010000D   3193
     110       0       0       1       0                               0D   3194
     126    5071       0       0       0                        01010500D   3195
     126       0       0       2       0                               0D   3196
     110    5073       0       0       0                        01010000D   3197
     110       0       0       2       0                               0D   3198
     102    5075       0       0       0                        01010500D   3199
     102       0       0       1       0                               0D   3200
     102    5076       0       0       0                        01010000D   3201
     102       0       0       1       0                               0D   3202
     142    5077       0       0       0                        00010500D   3203
     142       0       0       1       0                               0D   3204
     126    5078       0       0       0                        01010500D   3205
     126       0       0       2       0                               0D   3206
     110    5080       0       0       0                        01010000D   3207
     110       0       0       2       0                               0D   3208
     126    5082       0       0       0                        01010500D   3209
     126       0       0       2       0                               0D   3210
     110    5084       0       0       0                        01010000D   3211
     110       0       0       2       0                               0D   3212
     126    5086       0       0       0                        01010500D   3213
     126       0       0       2       0                               0D   3214
     110    5088       0       0       0                        01010000D   3215
     110       0       0       2       0                               0D   3216
     126    5090       0       0       0                        01010500D   3217
     126       0       0       2       0                               0D   3218
     110    5092       0       0       0                        01010000D   3219
     110       0       0       2       0                               0D   3220
     126    5094       0       0       0                        01010500D   3221
     126       0       0       2       0                               0D   3222
     110    5096       0       0       0                        01010000D   3223
     110       0       0       2       0                               0D   3224
     126    5098       0       0       0                        01010500D   3225
     126       0       0      12       0                               0D   3226
     126    5110       0       0       0                        01010000D   3227
     126       0       0       4       0                               0D   3228
     102    5114       0       0       0                        01010500D   3229
     102       0       0       1       0                               0D   3230
     102    5115       0       0       0                        01010000D   3231
     102       0       0       1       0                               0D   3232
     142    5116       0       0       0                        00010500D   3233
     142       0       0       1       0                               0D   3234
     126    5117       0       0       0                        01010500D   3235
     126       0       0       2       0                               0D   3236
     110    5119       0       0       0                        01010000D   3237
     110       0       0       2       0                               0D   3238
     126    5121       0       0       0                        01010500D   3239
     126       0       0       2       0                               0D   3240
     110    5123       0       0       0                        01010000D   3241
     110       0       0       2       0                               0D   3242
     126    5125       0       0       0                        01010500D   3243
     126       0       0       2       0                               0D   3244
     110    5127       0       0       0                        01010000D   3245
     110       0       0       2       0                               0D   3246
     126    5129       0       0       0                        01010500D   3247
     126       0       0       2       0                               0D   3248
     110    5131       0       0       0                        01010000D   3249
     110       0       0       2       0                               0D   3250
     126    5133       0       0       0                        01010500D   3251
     126       0       0       2       0                               0D   3252
     110    5135       0       0       0                        01010000D   3253
     110       0       0       2       0                               0D   3254
     126    5137       0       0       0                        01010500D   3255
     126       0       0      12       0                               0D   3256
     126    5149       0       0       0                        01010000D   3257
     126       0       0       4       0                               0D   3258
     102    5153       0       0       0                        01010500D   3259
     102       0       0       1       0                               0D   3260
     102    5154       0       0       0                        01010000D   3261
     102       0       0       1       0                               0D   3262
     142    5155       0       0       0                        00010500D   3263
     142       0       0       1       0                               0D   3264
     126    5156       0       0       0                        01010500D   3265
     126       0       0       2       0                               0D   3266
     110    5158       0       0       0                        01010000D   3267
     110       0       0       2       0                               0D   3268
     126    5160       0       0       0                        01010500D   3269
     126       0       0       2       0                               0D   3270
     110    5162       0       0       0                        01010000D   3271
     110       0       0       2       0                               0D   3272
     126    5164       0       0       0                        01010500D   3273
     126       0       0       2       0                               0D   3274
     110    5166       0       0       0                        01010000D   3275
     110       0       0       2       0                               0D   3276
     126    5168       0       0       0                        01010500D   3277
     126       0       0       2       0                               0D   3278
     110    5170       0       0       0                        01010000D   3279
     110       0       0       2       0                               0D   3280
     126    5172       0       0       0                        01010500D   3281
     126       0       0       2       0                               0D   3282
     110    5174       0       0       0                        01010000D   3283
     110       0       0       2       0                               0D   3284
     126    5176       0       0       0                        01010500D   3285
     126       0       0      12       0                               0D   3286
     126    5188       0       0       0                        01010000D   3287
     126       0       0       4       0                               0D   3288
     102    5192       0       0       0                        01010500D   3289
     102       0       0       1       0                               0D   3290
     102    5193       0       0       0                        01010000D   3291
     102       0       0       1       0                               0D   3292
     142    5194       0       0       0                        00010500D   3293
     142       0       0       1       0                               0D   3294
     126    5195       0       0       0                        01010500D   3295
     126       0       0       2       0                               0D   3296
     110    5197       0       0       0                        01010000D   3297
     110       0       0       1       0                               0D   3298
     126    5198       0       0       0                        01010500D   3299
     126       0       0       2       0                               0D   3300
     110    5200       0       0       0                        01010000D   3301
     110       0       0       1       0                               0D   3302
     126    5201       0       0       0                        01010500D   3303
     126       0       0       2       0                               0D   3304
     110    5203       0       0       0                        01010000D   3305
     110       0       0       1       0                               0D   3306
     126    5204       0       0       0                        01010500D   3307
     126       0       0       2       0                               0D   3308
     110    5206       0       0       0                        01010000D   3309
     110       0       0       2       0                               0D   3310
     126    5208       0       0       0                        01010500D   3311
     126       0       0       2       0                               0D   3312
     110    5210       0       0       0                        01010000D   3313
     110       0       0       1       0                               0D   3314
     126    5211       0       0       0                        01010500D   3315
     126       0       0      12       0                               0D   3316
     126    5223       0       0       0                        01010000D   3317
     126       0       0       4       0                               0D   3318
     102    5227       0       0       0                        01010500D   3319
     102       0       0       1       0                               0D   3320
     102    5228       0       0       0                        01010000D   3321
     102       0       0       1       0                               0D   3322
     142    5229       0       0       0                        00010500D   3323
     142       0       0       1       0                               0D   3324
     144    5230       0       0       0                        00000000D   3325
     144       0      -1       2       0                               0D   3326
     128    5232       0       0       0                        01010000D   3327
     128       0       0       6       0                               0D   3328
     126    5238       0       0       0                        01010500D   3329
     126       0       0       2       0                               0D   3330
     126    5240       0       0       0                        01010000D   3331
     126       0       0       4       0                               0D   3332
     126    5244       0       0       0                        01010500D   3333
     126       0       0       2       0                               0D   3334
     110    5246       0       0       0                        01010000D   3335
     110       0       0       1       0                               0D   3336
     126    5247       0       0       0                        01010500D   3337
     126       0       0       2       0                               0D   3338
     126    5249       0       0       0                        01010000D   3339
     126       0       0       4       0                               0D   3340
     126    5253       0       0       0                        01010500D   3341
     126       0       0       2       0                               0D   3342
     110    5255       0       0       0                        01010000D   3343
     110       0       0       1       0                               0D   3344
     102    5256       0       0       0                        01010500D   3345
     102       0       0       1       0                               0D   3346
     102    5257       0       0       0                        01010000D   3347
     102       0       0       1       0                               0D   3348
     142    5258       0       0       0                        00010500D   3349
     142       0       0       1       0                               0D   3350
     144    5259       0       0       0                        00000000D   3351
     144       0      -1       1       0                               0D   3352
     128    5260       0       0       0                        01010000D   3353
     128       0       0       4       0                               0D   3354
     126    5264       0       0       0                        01010500D   3355
     126       0       0       2       0                               0D   3356
     110    5266       0       0       0                        01010000D   3357
     110       0       0       1       0                               0D   3358
     126    5267       0       0       0                        01010500D   3359
     126       0       0       2       0                               0D   3360
     110    5269       0       0       0                        01010000D   3361
     110       0       0       1       0                               0D   3362
     126    5270       0       0       0                        01010500D   3363
     126       0       0       2       0                               0D   3364
     110    5272       0       0       0                        01010000D   3365
     110       0       0       1       0                               0D   3366
     126    5273       0       0       0                        01010500D   3367
     126       0       0       2       0                               0D   3368
     110    5275       0       0       0                        01010000D   3369
     110       0       0       1       0                               0D   3370
     102    5276       0       0       0                        01010500D   3371
     102       0       0       1       0                               0D   3372
     102    5277       0       0       0                        01010000D   3373
     102       0       0       1       0                               0D   3374
     142    5278       0       0       0                        00010500D   3375
     142       0       0       1       0                               0D   3376
     144    5279       0       0       0                        00000000D   3377
     144       0      -1       1       0                               0D   3378
     128    5280       0       0       0                        01010000D   3379
     128       0       0       4       0                               0D   3380
     126    5284       0       0       0                        01010500D   3381
     126       0       0       2       0                               0D   3382
     110    5286       0       0       0                        01010000D   3383
     110       0       0       1       0                               0D   3384
     126    5287       0       0       0                        01010500D   3385
     126       0       0       2       0                               0D   3386
     110    5289       0       0       0                        01010000D   3387
     110       0       0       1       0                               0D   3388
     126    5290       0       0       0                        01010500D   3389
     126       0       0       2       0                               0D   3390
     110    5292       0       0       0                        01010000D   3391
     110       0       0       2       0                               0D   3392
     126    5294       0       0       0                        01010500D   3393
     126       0       0       2       0                               0D   3394
     110    5296       0       0       0                        01010000D   3395
     110       0       0       1       0                               0D   3396
     102    5297       0       0       0                        01010500D   3397
     102       0       0       1       0                               0D   3398
     102    5298       0       0       0                        01010000D   3399
     102       0       0       1       0                               0D   3400
     142    5299       0       0       0                        00010500D   3401
     142       0       0       1       0                               0D   3402
     144    5300       0       0       0                        00000000D   3403
     144       0      -1       1       0                               0D   3404
     128    5301       0       0       0                        01010000D   3405
     128       0       0       4       0                               0D   3406
     126    5305       0       0       0                        01010500D   3407
     126       0       0       2       0                               0D   3408
     110    5307       0       0       0                        01010000D   3409
     110       0       0       1       0                               0D   3410
     126    5308       0       0       0                        01010500D   3411
     126       0       0       2       0                               0D   3412
     110    5310       0       0       0                        01010000D   3413
     110       0       0       1       0                               0D   3414
     126    5311       0       0       0                        01010500D   3415
     126       0       0       2       0                               0D   3416
     110    5313       0       0       0                        01010000D   3417
     110       0       0       1       0                               0D   3418
     126    5314       0       0       0                        01010500D   3419
     126       0       0       2       0                               0D   3420
     110    5316       0       0       0                        01010000D   3421
     110       0       0       1       0                               0D   3422
     102    5317       0       0       0                        01010500D   3423
     102       0       0       1       0                               0D   3424
     102    5318       0       0       0                        01010000D   3425
     102       0       0       1       0                               0D   3426
     142    5319       0       0       0                        00010500D   3427
     142       0       0       1       0                               0D   3428
     144    5320       0       0       0                        00000000D   3429
     144       0      -1       1       0                               0D   3430
     128    5321       0       0       0                        01010000D   3431
     128       0       0       4       0                               0D   3432
     126    5325       0       0       0                        01010500D   3433
     126       0       0       2       0                               0D   3434
     110    5327       0       0       0                        01010000D   3435
     110       0       0       1       0                               0D   3436
     126    5328       0       0       0                        01010500D   3437
     126       0       0       2       0                               0D   3438
     110    5330       0       0       0                        01010000D   3439
     110       0       0       1       0                               0D   3440
     126    5331       0       0       0                        01010500D   3441
     126       0       0       2       0                               0D   3442
     110    5333       0       0       0                        01010000D   3443
     110       0       0       1       0                               0D   3444
     126    5334       0       0       0                        01010500D   3445
     126       0       0       2       0                               0D   3446
     110    5336       0       0       0                        01010000D   3447
     110       0       0       1       0                               0D   3448
     102    5337       0       0       0                        01010500D   3449
     102       0       0       1       0                               0D   3450
     102    5338       0       0       0                        01010000D   3451
     102       0       0       1       0                               0D   3452
     142    5339       0       0       0                        00010500D   3453
     142       0       0       1       0                               0D   3454
     144    5340       0       0       0                        00000000D   3455
     144       0      -1       1       0                               0D   3456
     128    5341       0       0       0                        01010000D   3457
     128       0       0       4       0                               0D   3458
     126    5345       0       0       0                        01010500D   3459
     126       0       0       2       0                               0D   3460
     110    5347       0       0       0                        01010000D   3461
     110       0       0       1       0                               0D   3462
     126    5348       0       0       0                        01010500D   3463
     126       0       0       2       0                               0D   3464
     110    5350       0       0       0                        01010000D   3465
     110       0       0       1       0                               0D   3466
     126    5351       0       0       0                        01010500D   3467
     126       0       0       2       0                               0D   3468
     110    5353       0       0       0                        01010000D   3469
     110       0       0       1       0                               0D   3470
     126    5354       0       0       0                        01010500D   3471
     126       0       0       2       0                               0D   3472
     110    5356       0       0       0                        01010000D   3473
     110       0       0       1       0                               0D   3474
     102    5357       0       0       0                        01010500D   3475
     102       0       0       1       0                               0D   3476
     102    5358       0       0       0                        01010000D   3477
     102       0       0       1       0                               0D   3478
     142    5359       0       0       0                        00010500D   3479
     142       0       0       1       0                               0D   3480
     144    5360       0       0       0                        00000000D   3481
     144       0      -1       1       0                               0D   3482
     128    5361       0       0       0                        01010000D   3483
     128       0       0       6       0                               0D   3484
     126    5367       0       0       0                        01010500D   3485
     126       0       0       2       0                               0D   3486
     126    5369       0       0       0                        01010000D   3487
     126       0       0       4       0                               0D   3488
     126    5373       0       0       0                        01010500D   3489
     126       0       0       2       0                               0D   3490
     110    5375       0       0       0                        01010000D   3491
     110       0       0       2       0                               0D   3492
     126    5377       0       0       0                        01010500D   3493
     126       0       0       2       0                               0D   3494
     126    5379       0       0       0                        01010000D   3495
     126       0       0       4       0                               0D   3496
     126    5383       0       0       0                        01010500D   3497
     126       0       0       2       0                               0D   3498
     110    5385       0       0       0                        01010000D   3499
     110       0       0       2       0                               0D   3500
     102    5387       0       0       0                        01010500D   3501
     102       0       0       1       0                               0D   3502
     102    5388       0       0       0                        01010000D   3503
     102       0       0       1       0                               0D   3504
     142    5389       0       0       0                        00010500D   3505
     142       0       0       1       0                               0D   3506
     144    5390       0       0       0                        00000000D   3507
     144       0      -1       1       0                               0D   3508
     128    5391       0       0       0                        01010000D   3509
     128       0       0       4       0                               0D   3510
     126    5395       0       0       0                        01010500D   3511
     126       0       0       2       0                               0D   3512
     110    5397       0       0       0                        01010000D   3513
     110       0       0       2       0                               0D   3514
     126    5399       0       0       0                        01010500D   3515
     126       0       0       2       0                               0D   3516
     110    5401       0       0       0                        01010000D   3517
     110       0       0       2       0                               0D   3518
     126    5403       0       0       0                        01010500D   3519
     126       0       0       2       0                               0D   3520
     110    5405       0       0       0                        01010000D   3521
     110       0       0       2       0                               0D   3522
     126    5407       0       0       0                        01010500D   3523
     126       0       0       2       0                               0D   3524
     110    5409       0       0       0                        01010000D   3525
     110       0       0       2       0                               0D   3526
     102    5411       0       0       0                        01010500D   3527
     102       0       0       1       0                               0D   3528
     102    5412       0       0       0                        01010000D   3529
     102       0       0       1       0                               0D   3530
     142    5413       0       0       0                        00010500D   3531
     142       0       0       1       0                               0D   3532
     144    5414       0       0       0                        00000000D   3533
     144       0      -1       1       0                               0D   3534
     128    5415       0       0       0                        01010000D   3535
     128       0       0       4       0                               0D   3536
     126    5419       0       0       0                        01010500D   3537
     126       0       0       2       0                               0D   3538
     110    5421       0       0       0                        01010000D   3539
     110       0       0       2       0                               0D   3540
     126    5423       0       0       0                        01010500D   3541
     126       0       0       2       0                               0D   3542
     110    5425       0       0       0                        01010000D   3543
     110       0       0       2       0                               0D   3544
     126    5427       0       0       0                        01010500D   3545
     126       0       0       2       0                               0D   3546
     110    5429       0       0       0                        01010000D   3547
     110       0       0       2       0                               0D   3548
     126    5431       0       0       0                        01010500D   3549
     126       0       0       2       0                               0D   3550
     110    5433       0       0       0                        01010000D   3551
     110       0       0       2       0                               0D   3552
     102    5435       0       0       0                        01010500D   3553
     102       0       0       1       0                               0D   3554
     102    5436       0       0       0                        01010000D   3555
     102       0       0       1       0                               0D   3556
     142    5437       0       0       0                        00010500D   3557
     142       0       0       1       0                               0D   3558
     144    5438       0       0       0                        00000000D   3559
     144       0      -1       1       0                               0D   3560
     128    5439       0       0       0                        01010000D   3561
     128       0       0       4       0                               0D   3562
     126    5443       0       0       0                        01010500D   3563
     126       0       0       2       0                               0D   3564
     110    5445       0       0       0                        01010000D   3565
     110       0       0       2       0                               0D   3566
     126    5447       0       0       0                        01010500D   3567
     126       0       0       2       0                               0D   3568
     110    5449       0       0       0                        01010000D   3569
     110       0       0       2       0                               0D   3570
     126    5451       0       0       0                        01010500D   3571
     126       0       0       2       0                               0D   3572
     110    5453       0       0       0                        01010000D   3573
     110       0       0       2       0                               0D   3574
     126    5455       0       0       0                        01010500D   3575
     126       0       0       2       0                               0D   3576
     110    5457       0       0       0                        01010000D   3577
     110       0       0       2       0                               0D   3578
     102    5459       0       0       0                        01010500D   3579
     102       0       0       1       0                               0D   3580
     102    5460       0       0       0                        01010000D   3581
     102       0       0       1       0                               0D   3582
     142    5461       0       0       0                        00010500D   3583
     142       0       0       1       0                               0D   3584
     144    5462       0       0       0                        00000000D   3585
     144       0      -1       1       0                               0D   3586
     128    5463       0       0       0                        01010000D   3587
     128       0       0       4       0                               0D   3588
     126    5467       0       0       0                        01010500D   3589
     126       0       0       2       0                               0D   3590
     110    5469       0       0       0                        01010000D   3591
     110       0       0       2       0                               0D   3592
     126    5471       0       0       0                        01010500D   3593
     126       0       0       2       0                               0D   3594
     110    5473       0       0       0                        01010000D   3595
     110       0       0       2       0                               0D   3596
     126    5475       0       0       0                        01010500D   3597
     126       0       0       2       0                               0D   3598
     110    5477       0       0       0                        01010000D   3599
     110       0       0       2       0                               0D   3600
     126    5479       0       0       0                        01010500D   3601
     126       0       0       2       0                               0D   3602
     110    5481       0       0       0                        01010000D   3603
     110       0       0       2       0                               0D   3604
     102    5483       0       0       0                        01010500D   3605
     102       0       0       1       0                               0D   3606
     102    5484       0       0       0                        01010000D   3607
     102       0       0       1       0                               0D   3608
     142    5485       0       0       0                        00010500D   3609
     142       0       0       1       0                               0D   3610
     144    5486       0       0       0                        00000000D   3611
     144       0      -1       1       0                               0D   3612
     128    5487       0       0       0                        01010000D   3613
     128       0       0       4       0                               0D   3614
     126    5491       0       0       0                        01010500D   3615
     126       0       0       2       0                               0D   3616
     110    5493       0       0       0                        01010000D   3617
     110       0       0       2       0                               0D   3618
     126    5495       0       0       0                        01010500D   3619
     126       0       0       2       0                               0D   3620
     110    5497       0       0       0                        01010000D   3621
     110       0       0       2       0                               0D   3622
     126    5499       0       0       0                        01010500D   3623
     126       0       0       2       0                               0D   3624
     110    5501       0       0       0                        01010000D   3625
     110       0       0       2       0                               0D   3626
     126    5503       0       0       0                        01010500D   3627
     126       0       0       2       0                               0D   3628
     110    5505       0       0       0                        01010000D   3629
     110       0       0       2       0                               0D   3630
     102    5507       0       0       0                        01010500D   3631
     102       0       0       1       0                               0D   3632
     102    5508       0       0       0                        01010000D   3633
     102       0       0       1       0                               0D   3634
     142    5509       0       0       0                        00010500D   3635
     142       0       0       1       0                               0D   3636
     144    5510       0       0       0                        00000000D   3637
     144       0      -1       1       0                               0D   3638
     128    5511       0       0       0                        01010000D   3639
     128       0       0       6       0                               0D   3640
     126    5517       0       0       0                        01010500D   3641
     126       0       0       2       0                               0D   3642
     126    5519       0       0       0                        01010000D   3643
     126       0       0       4       0                               0D   3644
     126    5523       0       0       0                        01010500D   3645
     126       0       0       2       0                               0D   3646
     110    5525       0       0       0                        01010000D   3647
     110       0       0       2       0                               0D   3648
     126    5527       0       0       0                        01010500D   3649
     126       0       0       2       0                               0D   3650
     126    5529       0       0       0                        01010000D   3651
     126       0       0       4       0                               0D   3652
     126    5533       0       0       0                        01010500D   3653
     126       0       0       2       0                               0D   3654
     110    5535       0       0       0                        01010000D   3655
     110       0       0       2       0                               0D   3656
     102    5537       0       0       0                        01010500D   3657
     102       0       0       1       0                               0D   3658
     102    5538       0       0       0                        01010000D   3659
     102       0       0       1       0                               0D   3660
     142    5539       0       0       0                        00010500D   3661
     142       0       0       1       0                               0D   3662
     144    5540       0       0       0                        00000000D   3663
     144       0      -1       1       0                               0D   3664
     128    5541       0       0       0                        01010000D   3665
     128       0       0       4       0                               0D   3666
     126    5545       0       0       0                        01010500D   3667
     126       0       0       2       0                               0D   3668
     110    5547       0       0       0                        01010000D   3669
     110       0       0       2       0                               0D   3670
     126    5549       0       0       0                        01010500D   3671
     126       0       0       2       0                               0D   3672
     110    5551       0       0       0                        01010000D   3673
     110       0       0       2       0                               0D   3674
     126    5553       0       0       0                        01010500D   3675
     126       0       0       2       0                               0D   3676
     110    5555       0       0       0                        01010000D   3677
     110       0       0       2       0                               0D   3678
     126    5557       0       0       0                        01010500D   3679
     126       0       0       2       0                               0D   3680
     110    5559       0       0       0                        01010000D   3681
     110       0       0       2       0                               0D   3682
     102    5561       0       0       0                        01010500D   3683
     102       0       0       1       0                               0D   3684
     102    5562       0       0       0                        01010000D   3685
     102       0       0       1       0                               0D   3686
     142    5563       0       0       0                        00010500D   3687
     142       0       0       1       0                               0D   3688
     144    5564       0       0       0                        00000000D   3689
     144       0      -1       1       0                               0D   3690
     128    5565       0       0       0                        01010000D   3691
     128       0       0       4       0                               0D   3692
     126    5569       0       0       0                        01010500D   3693
     126       0       0       2       0                               0D   3694
     110    5571       0       0       0                        01010000D   3695
     110       0       0       2       0                               0D   3696
     126    5573       0       0       0                        01010500D   3697
     126       0       0       2       0                               0D   3698
     110    5575       0       0       0                        01010000D   3699
     110       0       0       2       0                               0D   3700
     126    5577       0       0       0                        01010500D   3701
     126       0       0       2       0                               0D   3702
     110    5579       0       0       0                        01010000D   3703
     110       0       0       2       0                               0D   3704
     126    5581       0       0       0                        01010500D   3705
     126       0       0       2       0                               0D   3706
     110    5583       0       0       0                        01010000D   3707
     110       0       0       2       0                               0D   3708
     102    5585       0       0       0                        01010500D   3709
     102       0       0       1       0                               0D   3710
     102    5586       0       0       0                        01010000D   3711
     102       0       0       1       0                               0D   3712
     142    5587       0       0       0                        00010500D   3713
     142       0       0       1       0                               0D   3714
     144    5588       0       0       0                        00000000D   3715
     144       0      -1       1       0                               0D   3716
     128    5589       0       0       0                        01010000D   3717
     128       0       0       4       0                               0D   3718
     126    5593       0       0       0                        01010500D   3719
     126       0       0       2       0                               0D   3720
     110    5595       0       0       0                        01010000D   3721
     110       0       0       2       0                               0D   3722
     126    5597       0       0       0                        01010500D   3723
     126       0       0       2       0                               0D   3724
     110    5599       0       0       0                        01010000D   3725
     110       0       0       2       0                               0D   3726
     126    5601       0       0       0                        01010500D   3727
     126       0       0       2       0                               0D   3728
     110    5603       0       0       0                        01010000D   3729
     110       0       0       2       0                               0D   3730
     126    5605       0       0       0                        01010500D   3731
     126       0       0       2       0                               0D   3732
     110    5607       0       0       0                        01010000D   3733
     110       0       0       2       0                               0D   3734
     102    5609       0       0       0                        01010500D   3735
     102       0       0       1       0                               0D   3736
     102    5610       0       0       0                        01010000D   3737
     102       0       0       1       0                               0D   3738
     142    5611       0       0       0                        00010500D   3739
     142       0       0       1       0                               0D   3740
     144    5612       0       0       0                        00000000D   3741
     144       0      -1       1       0                               0D   3742
     128    5613       0       0       0                        01010000D   3743
     128       0       0       4       0                               0D   3744
     126    5617       0       0       0                        01010500D   3745
     126       0       0       2       0                               0D   3746
     110    5619       0       0       0                        01010000D   3747
     110       0       0       2       0                               0D   3748
     126    5621       0       0       0                        01010500D   3749
     126       0       0       2       0                               0D   3750
     110    5623       0       0       0                        01010000D   3751
     110       0       0       2       0                               0D   3752
     126    5625       0       0       0                        01010500D   3753
     126       0       0       2       0                               0D   3754
     110    5627       0       0       0                        01010000D   3755
     110       0       0       2       0                               0D   3756
     126    5629       0       0       0                        01010500D   3757
     126       0       0       2       0                               0D   3758
     110    5631       0       0       0                        01010000D   3759
     110       0       0       2       0                               0D   3760
     102    5633       0       0       0                        01010500D   3761
     102       0       0       1       0                               0D   3762
     102    5634       0       0       0                        01010000D   3763
     102       0       0       1       0                               0D   3764
     142    5635       0       0       0                        00010500D   3765
     142       0       0       1       0                               0D   3766
     144    5636       0       0       0                        00000000D   3767
     144       0      -1       1       0                               0D   3768
     128    5637       0       0       0                        01010000D   3769
     128       0       0       4       0                               0D   3770
     126    5641       0       0       0                        01010500D   3771
     126       0       0       2       0                               0D   3772
     110    5643       0       0       0                        01010000D   3773
     110       0       0       2       0                               0D   3774
     126    5645       0       0       0                        01010500D   3775
     126       0       0       2       0                               0D   3776
     110    5647       0       0       0                        01010000D   3777
     110       0       0       2       0                               0D   3778
     126    5649       0       0       0                        01010500D   3779
     126       0       0       2       0                               0D   3780
     110    5651       0       0       0                        01010000D   3781
     110       0       0       2       0                               0D   3782
     126    5653       0       0       0                        01010500D   3783
     126       0       0       2       0                               0D   3784
     110    5655       0       0       0                        01010000D   3785
     110       0       0       2       0                               0D   3786
     102    5657       0       0       0                        01010500D   3787
     102       0       0       1       0                               0D   3788
     102    5658       0       0       0                        01010000D   3789
     102       0       0       1       0                               0D   3790
     142    5659       0       0       0                        00010500D   3791
     142       0       0       1       0                               0D   3792
     144    5660       0       0       0                        00000000D   3793
     144       0      -1       1       0                               0D   3794
     128    5661       0       0       0                        01010000D   3795
     128       0       0       6       0                               0D   3796
     126    5667       0       0       0                        01010500D   3797
     126       0       0       2       0                               0D   3798
     126    5669       0       0       0                        01010000D   3799
     126       0       0       4       0                               0D   3800
     126    5673       0       0       0                        01010500D   3801
     126       0       0       2       0                               0D   3802
     110    5675       0       0       0                        01010000D   3803
     110       0       0       2       0                               0D   3804
     126    5677       0       0       0                        01010500D   3805
     126       0       0       2       0                               0D   3806
     126    5679       0       0       0                        01010000D   3807
     126       0       0       4       0                               0D   3808
     126    5683       0       0       0                        01010500D   3809
     126       0       0       2       0                               0D   3810
     110    5685       0       0       0                        01010000D   3811
     110       0       0       1       0                               0D   3812
     102    5686       0       0       0                        01010500D   3813
     102       0       0       1       0                               0D   3814
     102    5687       0       0       0                        01010000D   3815
     102       0       0       1       0                               0D   3816
     142    5688       0       0       0                        00010500D   3817
     142       0       0       1       0                               0D   3818
     144    5689       0       0       0                        00000000D   3819
     144       0      -1       1       0                               0D   3820
     128    5690       0       0       0                        01010000D   3821
     128       0       0       4       0                               0D   3822
     126    5694       0       0       0                        01010500D   3823
     126       0       0       2       0                               0D   3824
     110    5696       0       0       0                        01010000D   3825
     110       0       0       2       0                               0D   3826
     126    5698       0       0       0                        01010500D   3827
     126       0       0       2       0                               0D   3828
     110    5700       0       0       0                        01010000D   3829
     110       0       0       2       0                               0D   3830
     126    5702       0       0       0                        01010500D   3831
     126       0       0       2       0                               0D   3832
     110    5704       0       0       0                        01010000D   3833
     110       0       0       2       0                               0D   3834
     126    5706       0       0       0                        01010500D   3835
     126       0       0       2       0                               0D   3836
     110    5708       0       0       0                        01010000D   3837
     110       0       0       2       0                               0D   3838
     102    5710       0       0       0                        01010500D   3839
     102       0       0       1       0                               0D   3840
     102    5711       0       0       0                        01010000D   3841
     102       0       0       1       0                               0D   3842
     142    5712       0       0       0                        00010500D   3843
     142       0       0       1       0                               0D   3844
     144    5713       0       0       0                        00000000D   3845
     144       0      -1       1       0                               0D   3846
     128    5714       0       0       0                        01010000D   3847
     128       0       0       4       0                               0D   3848
     126    5718       0       0       0                        01010500D   3849
     126       0       0       2       0                               0D   3850
     110    5720       0       0       0                        01010000D   3851
     110       0       0       2       0                               0D   3852
     126    5722       0       0       0                        01010500D   3853
     126       0       0       2       0                               0D   3854
     110    5724       0       0       0                        01010000D   3855
     110       0       0       2       0                               0D   3856
     126    5726       0       0       0                        01010500D   3857
     126       0       0       2       0                               0D   3858
     110    5728       0       0       0                        01010000D   3859
     110       0       0       2       0                               0D   3860
     126    5730       0       0       0                        01010500D   3861
     126       0       0       2       0                               0D   3862
     110    5732       0       0       0                        01010000D   3863
     110       0       0       2       0                               0D   3864
     102    5734       0       0       0                        01010500D   3865
     102       0       0       1       0                               0D   3866
     102    5735       0       0       0                        01010000D   3867
     102       0       0       1       0                               0D   3868
     142    5736       0       0       0                        00010500D   3869
     142       0       0       1       0                               0D   3870
     144    5737       0       0       0                        00000000D   3871
     144       0      -1       1       0                               0D   3872
     128    5738       0       0       0                        01010000D   3873
     128       0       0       4       0                               0D   3874
     126    5742       0       0       0                        01010500D   3875
     126       0       0       2       0                               0D   3876
     110    5744       0       0       0                        01010000D   3877
     110       0       0       2       0                               0D   3878
     126    5746       0       0       0                        01010500D   3879
     126       0       0       2       0                               0D   3880
     110    5748       0       0       0                        01010000D   3881
     110       0       0       2       0                               0D   3882
     126    5750       0       0       0                        01010500D   3883
     126       0       0       2       0                               0D   3884
     110    5752       0       0       0                        01010000D   3885
     110       0       0       2       0                               0D   3886
     126    5754       0       0       0                        01010500D   3887
     126       0       0       2       0                               0D   3888
     110    5756       0       0       0                        01010000D   3889
     110       0       0       2       0                               0D   3890
     102    5758       0       0       0                        01010500D   3891
     102       0       0       1       0                               0D   3892
     102    5759       0       0       0                        01010000D   3893
     102       0       0       1       0                               0D   3894
     142    5760       0       0       0                        00010500D   3895
     142       0       0       1       0                               0D   3896
     144    5761       0       0       0                        00000000D   3897
     144       0      -1       1       0                               0D   3898
     128    5762       0       0       0                        01010000D   3899
     128       0       0       4       0                               0D   3900
     126    5766       0       0       0                        01010500D   3901
     126       0       0       2       0                               0D   3902
     110    5768       0       0       0                        01010000D   3903
     110       0       0       2       0                               0D   3904
     126    5770       0       0       0                        01010500D   3905
     126       0       0       2       0                               0D   3906
     110    5772       0       0       0                        01010000D   3907
     110       0       0       2       0                               0D   3908
     126    5774       0       0       0                        01010500D   3909
     126       0       0       2       0                               0D   3910
     110    5776       0       0       0                        01010000D   3911
     110       0       0       2       0                               0D   3912
     126    5778       0       0       0                        01010500D   3913
     126       0       0       2       0                               0D   3914
     110    5780       0       0       0                        01010000D   3915
     110       0       0       2       0                               0D   3916
     102    5782       0       0       0                        01010500D   3917
     102       0       0       1       0                               0D   3918
     102    5783       0       0       0                        01010000D   3919
     102       0       0       1       0                               0D   3920
     142    5784       0       0       0                        00010500D   3921
     142       0       0       1       0                               0D   3922
     144    5785       0       0       0                        00000000D   3923
     144       0      -1       1       0                               0D   3924
     128    5786       0       0       0                        01010000D   3925
     128       0       0       4       0                               0D   3926
     126    5790       0       0       0                        01010500D   3927
     126       0       0       2       0                               0D   3928
     110    5792       0       0       0                        01010000D   3929
     110       0       0       1       0                               0D   3930
     126    5793       0       0       0                        01010500D   3931
     126       0       0       2       0                               0D   3932
     110    5795       0       0       0                        01010000D   3933
     110       0       0       1       0                               0D   3934
     126    5796       0       0       0                        01010500D   3935
     126       0       0       2       0                               0D   3936
     110    5798       0       0       0                        01010000D   3937
     110       0       0       2       0                               0D   3938
     126    5800       0       0       0                        01010500D   3939
     126       0       0       2       0                               0D   3940
     110    5802       0       0       0                        01010000D   3941
     110       0       0       2       0                               0D   3942
     102    5804       0       0       0                        01010500D   3943
     102       0       0       1       0                               0D   3944
     102    5805       0       0       0                        01010000D   3945
     102       0       0       1       0                               0D   3946
     142    5806       0       0       0                        00010500D   3947
     142       0       0       1       0                               0D   3948
     144    5807       0       0       0                        00000000D   3949
     144       0      -1       1       0                               0D   3950
     128    5808       0       0       0                        01010000D   3951
     128       0       0       4       0                               0D   3952
     126    5812       0       0       0                        01010500D   3953
     126       0       0       2       0                               0D   3954
     110    5814       0       0       0                        01010000D   3955
     110       0       0       1       0                               0D   3956
     126    5815       0       0       0                        01010500D   3957
     126       0       0       2       0                               0D   3958
     110    5817       0       0       0                        01010000D   3959
     110       0       0       1       0                               0D   3960
     126    5818       0       0       0                        01010500D   3961
     126       0       0       2       0                               0D   3962
     110    5820       0       0       0                        01010000D   3963
     110       0       0       2       0                               0D   3964
     126    5822       0       0       0                        01010500D   3965
     126       0       0       2       0                               0D   3966
     110    5824       0       0       0                        01010000D   3967
     110       0       0       1       0                               0D   3968
     102    5825       0       0       0                        01010500D   3969
     102       0       0       1       0                               0D   3970
     102    5826       0       0       0                        01010000D   3971
     102       0       0       1       0                               0D   3972
     142    5827       0       0       0                        00010500D   3973
     142       0       0       1       0                               0D   3974
     144    5828       0       0       0                        00000000D   3975
     144       0      -1       1       0                               0D   3976
     128    5829       0       0       0                        01010000D   3977
     128       0       0       4       0                               0D   3978
     126    5833       0       0       0                        01010500D   3979
     126       0       0       2       0                               0D   3980
     110    5835       0       0       0                        01010000D   3981
     110       0       0       1       0                               0D   3982
     126    5836       0       0       0                        01010500D   3983
     126       0       0       2       0                               0D   3984
     110    5838       0       0       0                        01010000D   3985
     110       0       0       1       0                               0D   3986
     126    5839       0       0       0                        01010500D   3987
     126       0       0       2       0                               0D   3988
     110    5841       0       0       0                        01010000D   3989
     110       0       0       1       0                               0D   3990
     126    5842       0       0       0                        01010500D   3991
     126       0       0       2       0                               0D   3992
     110    5844       0       0       0                        01010000D   3993
     110       0       0       1       0                               0D   3994
     102    5845       0       0       0                        01010500D   3995
     102       0       0       1       0                               0D   3996
     102    5846       0       0       0                        01010000D   3997
     102       0       0       1       0                               0D   3998
     142    5847       0       0       0                        00010500D   3999
     142       0       0       1       0                               0D   4000
     144    5848       0       0       0                        00000000D   4001
     144       0      -1       1       0                               0D   4002
     128    5849       0       0       0                        01010000D   4003
     128       0       0       4       0                               0D   4004
     126    5853       0       0       0                        01010500D   4005
     126       0       0       2       0                               0D   4006
     110    5855       0       0       0                        01010000D   4007
     110       0       0       1       0                               0D   4008
     126    5856       0       0       0                        01010500D   4009
     126       0       0       2       0                               0D   4010
     110    5858       0       0       0                        01010000D   4011
     110       0       0       1       0                               0D   4012
     126    5859       0       0       0                        01010500D   4013
     126       0       0       2       0                               0D   4014
     110    5861       0       0       0                        01010000D   4015
     110       0       0       1       0                               0D   4016
     126    5862       0       0       0                        01010500D   4017
     126       0       0       2       0                               0D   4018
     110    5864       0       0       0                        01010000D   4019
     110       0       0       1       0                               0D   4020
     102    5865       0       0       0                        01010500D   4021
     102       0       0       1       0                               0D   4022
     102    5866       0       0       0                        01010000D   4023
     102       0       0       1       0                               0D   4024
     142    5867       0       0       0                        00010500D   4025
     142       0       0       1       0                               0D   4026
     144    5868       0       0       0                        00000000D   4027
     144       0      -1       1       0                               0D   4028
     128    5869       0       0       0                        01010000D   4029
     128       0       0       4       0                               0D   4030
     126    5873       0       0       0                        01010500D   4031
     126       0       0       2       0                               0D   4032
     110    5875       0       0       0                        01010000D   4033
     110       0       0       2       0                               0D   4034
     126    5877       0       0       0                        01010500D   4035
     126       0       0       2       0                               0D   4036
     110    5879       0       0       0                        01010000D   4037
     110       0       0       2       0                               0D   4038
     126    5881       0       0       0                        01010500D   4039
     126       0       0       2       0                               0D   4040
     110    5883       0       0       0                        01010000D   4041
     110       0       0       2       0                               0D   4042
     126    5885       0       0       0                        01010500D   4043
     126       0       0       2       0                               0D   4044
     110    5887       0       0       0                        01010000D   4045
     110       0       0       2       0                               0D   4046
     102    5889       0       0       0                        01010500D   4047
     102       0       0       1       0                               0D   4048
     102    5890       0       0       0                        01010000D   4049
     102       0       0       1       0                               0D   4050
     142    5891       0       0       0                        00010500D   4051
     142       0       0       1       0                               0D   4052
     144    5892       0       0       0                        00000000D   4053
     144       0      -1       1       0                               0D   4054
     128    5893       0       0       0                        01010000D   4055
     128       0       0       4       0                               0D   4056
     126    5897       0       0       0                        01010500D   4057
     126       0       0       2       0                               0D   4058
     110    5899       0       0       0                        01010000D   4059
     110       0       0       1       0                               0D   4060
     126    5900       0       0       0                        01010500D   4061
     126       0       0       2       0                               0D   4062
     110    5902       0       0       0                        01010000D   4063
     110       0       0       1       0                               0D   4064
     126    5903       0       0       0                        01010500D   4065
     126       0       0       2       0                               0D   4066
     110    5905       0       0       0                        01010000D   4067
     110       0       0       2       0                               0D   4068
     126    5907       0       0       0                        01010500D   4069
     126       0       0       2       0                               0D   4070
     110    5909       0       0       0                        01010000D   4071
     110       0       0       2       0                               0D   4072
     102    5911       0       0       0                        01010500D   4073
     102       0       0       1       0                               0D   4074
     102    5912       0       0       0                        01010000D   4075
     102       0       0       1       0                               0D   4076
     142    5913       0       0       0                        00010500D   4077
     142       0       0       1       0                               0D   4078
     144    5914       0       0       0                        00000000D   4079
     144       0      -1       1       0                               0D   4080
     128    5915       0       0       0                        01010000D   4081
     128       0       0       4       0                               0D   4082
     126    5919       0       0       0                        01010500D   4083
     126       0       0       2       0                               0D   4084
     110    5921       0       0       0                        01010000D   4085
     110       0       0       1       0                               0D   4086
     126    5922       0       0       0                        01010500D   4087
     126       0       0       2       0                               0D   4088
     110    5924       0       0       0                        01010000D   4089
     110       0       0       2       0                               0D   4090
     126    5926       0       0       0                        01010500D   4091
     126       0       0       2       0                               0D   4092
     110    5928       0       0       0                        01010000D   4093
     110       0       0       2       0                               0D   4094
     126    5930       0       0       0                        01010500D   4095
     126       0       0       2       0                               0D   4096
     110    5932       0       0       0                        01010000D   4097
     110       0       0       1       0                               0D   4098
     102    5933       0       0       0                        01010500D   4099
     102       0       0       1       0                               0D   4100
     102    5934       0       0       0                        01010000D   4101
     102       0       0       1       0                               0D   4102
     142    5935       0       0       0                        00010500D   4103
     142       0       0       1       0                               0D   4104
     144    5936       0       0       0                        00000000D   4105
     144       0      -1       1       0                               0D   4106
     128    5937       0       0       0                        01010000D   4107
     128       0       0       4       0                               0D   4108
     126    5941       0       0       0                        01010500D   4109
     126       0       0       2       0                               0D   4110
     110    5943       0       0       0                        01010000D   4111
     110       0       0       2       0                               0D   4112
     126    5945       0       0       0                        01010500D   4113
     126       0       0       2       0                               0D   4114
     110    5947       0       0       0                        01010000D   4115
     110       0       0       2       0                               0D   4116
     126    5949       0       0       0                        01010500D   4117
     126       0       0       2       0                               0D   4118
     110    5951       0       0       0                        01010000D   4119
     110       0       0       2       0                               0D   4120
     126    5953       0       0       0                        01010500D   4121
     126       0       0       2       0                               0D   4122
     110    5955       0       0       0                        01010000D   4123
     110       0       0       1       0                               0D   4124
     102    5956       0       0       0                        01010500D   4125
     102       0       0       1       0                               0D   4126
     102    5957       0       0       0                        01010000D   4127
     102       0       0       1       0                               0D   4128
     142    5958       0       0       0                        00010500D   4129
     142       0       0       1       0                               0D   4130
     144    5959       0       0       0                        00000000D   4131
     144       0      -1       1       0                               0D   4132
     128    5960       0       0       0                        01010000D   4133
     128       0       0       4       0                               0D   4134
     126    5964       0       0       0                        01010500D   4135
     126       0       0       2       0                               0D   4136
     110    5966       0       0       0                        01010000D   4137
     110       0       0       2       0                               0D   4138
     126    5968       0       0       0                        01010500D   4139
     126       0       0       2       0                               0D   4140
     110    5970       0       0       0                        01010000D   4141
     110       0       0       2       0                               0D   4142
     126    5972       0       0       0                        01010500D   4143
     126       0       0       2       0                               0D   4144
     110    5974       0       0       0                        01010000D   4145
     110       0       0       2       0                               0D   4146
     126    5976       0       0       0                        01010500D   4147
     126       0       0       2       0                               0D   4148
     110    5978       0       0       0                        01010000D   4149
     110       0       0       2       0                               0D   4150
     102    5980       0       0       0                        01010500D   4151
     102       0       0       1       0                               0D   4152
     102    5981       0       0       0                        01010000D   4153
     102       0       0       1       0                               0D   4154
     142    5982       0       0       0                        00010500D   4155
     142       0       0       1       0                               0D   4156
     144    5983       0       0       0                        00000000D   4157
     144       0      -1       1       0                               0D   4158
     128    5984       0       0       0                        01010000D   4159
     128       0       0       4       0                               0D   4160
     126    5988       0       0       0                        01010500D   4161
     126       0       0       2       0                               0D   4162
     110    5990       0       0       0                        01010000D   4163
     110       0       0       1       0                               0D   4164
     126    5991       0       0       0                        01010500D   4165
     126       0       0       2       0                               0D   4166
     110    5993       0       0       0                        01010000D   4167
     110       0       0       1       0                               0D   4168
     126    5994       0       0       0                        01010500D   4169
     126       0       0       2       0                               0D   4170
     110    5996       0       0       0                        01010000D   4171
     110       0       0       2       0                               0D   4172
     126    5998       0       0       0                        01010500D   4173
     126       0       0       2       0                               0D   4174
     110    6000       0       0       0                        01010000D   4175
     110       0       0       2       0                               0D   4176
     102    6002       0       0       0                        01010500D   4177
     102       0       0       1       0                               0D   4178
     102    6003       0       0       0                        01010000D   4179
     102       0       0       1       0                               0D   4180
     142    6004       0       0       0                        00010500D   4181
     142       0       0       1       0                               0D   4182
     144    6005       0       0       0                        00000000D   4183
     144       0      -1       1       0                               0D   4184
     128    6006       0       0       0                        01010000D   4185
     128       0       0       4       0                               0D   4186
     126    6010       0       0       0                        01010500D   4187
     126       0       0       2       0                               0D   4188
     110    6012       0       0       0                        01010000D   4189
     110       0       0       2       0                               0D   4190
     126    6014       0       0       0                        01010500D   4191
     126       0       0       2       0                               0D   4192
     110    6016       0       0       0                        01010000D   4193
     110       0       0       2       0                               0D   4194
     126    6018       0       0       0                        01010500D   4195
     126       0       0       2       0                               0D   4196
     110    6020       0       0       0                        01010000D   4197
     110       0       0       2       0                               0D   4198
     126    6022       0       0       0                        01010500D   4199
     126       0       0       2       0                               0D   4200
     110    6024       0       0       0                        01010000D   4201
     110       0       0       2       0                               0D   4202
     102    6026       0       0       0                        01010500D   4203
     102       0       0       1       0                               0D   4204
     102    6027       0       0       0                        01010000D   4205
     102       0       0       1       0                               0D   4206
     142    6028       0       0       0                        00010500D   4207
     142       0       0       1       0                               0D   4208
     144    6029       0       0       0                        00000000D   4209
     144       0      -1       1       0                               0D   4210
     128    6030       0       0       0                        01010000D   4211
     128       0       0       4       0                               0D   4212
     126    6034       0       0       0                        01010500D   4213
     126       0       0       2       0                               0D   4214
     110    6036       0       0       0                        01010000D   4215
     110       0       0       2       0                               0D   4216
     126    6038       0       0       0                        01010500D   4217
     126       0       0       2       0                               0D   4218
     110    6040       0       0       0                        01010000D   4219
     110       0       0       2       0                               0D   4220
     126    6042       0       0       0                        01010500D   4221
     126       0       0       2       0                               0D   4222
     110    6044       0       0       0                        01010000D   4223
     110       0       0       2       0                               0D   4224
     126    6046       0       0       0                        01010500D   4225
     126       0       0       2       0                               0D   4226
     110    6048       0       0       0                        01010000D   4227
     110       0       0       2       0                               0D   4228
     102    6050       0       0       0                        01010500D   4229
     102       0       0       1       0                               0D   4230
     102    6051       0       0       0                        01010000D   4231
     102       0       0       1       0                               0D   4232
     142    6052       0       0       0                        00010500D   4233
     142       0       0       1       0                               0D   4234
     144    6053       0       0       0                        00000000D   4235
     144       0      -1       1       0                               0D   4236
     128    6054       0       0       0                        01010000D   4237
     128       0       0       4       0                               0D   4238
     126    6058       0       0       0                        01010500D   4239
     126       0       0       2       0                               0D   4240
     110    6060       0       0       0                        01010000D   4241
     110       0       0       2       0                               0D   4242
     126    6062       0       0       0                        01010500D   4243
     126       0       0       2       0                               0D   4244
     110    6064       0       0       0                        01010000D   4245
     110       0       0       2       0                               0D   4246
     126    6066       0       0       0                        01010500D   4247
     126       0       0       2       0                               0D   4248
     110    6068       0       0       0                        01010000D   4249
     110       0       0       2       0                               0D   4250
     126    6070       0       0       0                        01010500D   4251
     126       0       0       2       0                               0D   4252
     110    6072       0       0       0                        01010000D   4253
     110       0       0       2       0                               0D   4254
     102    6074       0       0       0                        01010500D   4255
     102       0       0       1       0                               0D   4256
     102    6075       0       0       0                        01010000D   4257
     102       0       0       1       0                               0D   4258
     142    6076       0       0       0                        00010500D   4259
     142       0       0       1       0                               0D   4260
     144    6077       0       0       0                        00000000D   4261
     144       0      -1       1       0                               0D   4262
     128    6078       0       0       0                        01010000D   4263
     128       0       0       4       0                               0D   4264
     126    6082       0       0       0                        01010500D   4265
     126       0       0       2       0                               0D   4266
     110    6084       0       0       0                        01010000D   4267
     110       0       0       2       0                               0D   4268
     126    6086       0       0       0                        01010500D   4269
     126       0       0       2       0                               0D   4270
     110    6088       0       0       0                        01010000D   4271
     110       0       0       2       0                               0D   4272
     126    6090       0       0       0                        01010500D   4273
     126       0       0       2       0                               0D   4274
     110    6092       0       0       0                        01010000D   4275
     110       0       0       2       0                               0D   4276
     126    6094       0       0       0                        01010500D   4277
     126       0       0       2       0                               0D   4278
     110    6096       0       0       0                        01010000D   4279
     110       0       0       2       0                               0D   4280
     102    6098       0       0       0                        01010500D   4281
     102       0       0       1       0                               0D   4282
     102    6099       0       0       0                        01010000D   4283
     102       0       0       1       0                               0D   4284
     142    6100       0       0       0                        00010500D   4285
     142       0       0       1       0                               0D   4286
     144    6101       0       0       0                        00000000D   4287
     144       0      -1       1       0                               0D   4288
     128    6102       0       0       0                        01010000D   4289
     128       0       0       4       0                               0D   4290
     126    6106       0       0       0                        01010500D   4291
     126       0       0       2       0                               0D   4292
     110    6108       0       0       0                        01010000D   4293
     110       0       0       1       0                               0D   4294
     126    6109       0       0       0                        01010500D   4295
     126       0       0       2       0                               0D   4296
     110    6111       0       0       0                        01010000D   4297
     110       0       0       1       0                               0D   4298
     126    6112       0       0       0                        01010500D   4299
     126       0       0       2       0                               0D   4300
     110    6114       0       0       0                        01010000D   4301
     110       0       0       2       0                               0D   4302
     126    6116       0       0       0                        01010500D   4303
     126       0       0       2       0                               0D   4304
     110    6118       0       0       0                        01010000D   4305
     110       0       0       1       0                               0D   4306
     102    6119       0       0       0                        01010500D   4307
     102       0       0       1       0                               0D   4308
     102    6120       0       0       0                        01010000D   4309
     102       0       0       1       0                               0D   4310
     142    6121       0       0       0                        00010500D   4311
     142       0       0       1       0                               0D   4312
     144    6122       0       0       0                        00000000D   4313
     144       0      -1       1       0                               0D   4314
     128    6123       0       0       0                        01010000D   4315
     128       0       0       4       0                               0D   4316
     126    6127       0       0       0                        01010500D   4317
     126       0       0       2       0                               0D   4318
     110    6129       0       0       0                        01010000D   4319
     110       0       0       1       0                               0D   4320
     126    6130       0       0       0                        01010500D   4321
     126       0       0       2       0                               0D   4322
     110    6132       0       0       0                        01010000D   4323
     110       0       0       2       0                               0D   4324
     126    6134       0       0       0                        01010500D   4325
     126       0       0       2       0                               0D   4326
     110    6136       0       0       0                        01010000D   4327
     110       0       0       2       0                               0D   4328
     126    6138       0       0       0                        01010500D   4329
     126       0       0       2       0                               0D   4330
     110    6140       0       0       0                        01010000D   4331
     110       0       0       1       0                               0D   4332
     102    6141       0       0       0                        01010500D   4333
     102       0       0       1       0                               0D   4334
     102    6142       0       0       0                        01010000D   4335
     102       0       0       1       0                               0D   4336
     142    6143       0       0       0                        00010500D   4337
     142       0       0       1       0                               0D   4338
     144    6144       0       0       0                        00000000D   4339
     144       0      -1       1       0                               0D   4340
     128    6145       0       0       0                        01010000D   4341
     128       0       0       4       0                               0D   4342
     126    6149       0       0       0                        01010500D   4343
     126       0       0       2       0                               0D   4344
     110    6151       0       0       0                        01010000D   4345
     110       0       0       1       0                               0D   4346
     126    6152       0       0       0                        01010500D   4347
     126       0       0       2       0                               0D   4348
     110    6154       0       0       0                        01010000D   4349
     110       0       0       1       0                               0D   4350
     126    6155       0       0       0                        01010500D   4351
     126       0       0       2       0                               0D   4352
     110    6157       0       0       0                        01010000D   4353
     110       0       0       2       0                               0D   4354
     126    6159       0       0       0                        01010500D   4355
     126       0       0       2       0                               0D   4356
     110    6161       0       0       0                        01010000D   4357
     110       0       0       2       0                               0D   4358
     102    6163       0       0       0                        01010500D   4359
     102       0       0       1       0                               0D   4360
     102    6164       0       0       0                        01010000D   4361
     102       0       0       1       0                               0D   4362
     142    6165       0       0       0                        00010500D   4363
     142       0       0       1       0                               0D   4364
     144    6166       0       0       0                        00000000D   4365
     144       0      -1       1       0                               0D   4366
     128    6167       0       0       0                        01010000D   4367
     128       0       0       4       0                               0D   4368
     126    6171       0       0       0                        01010500D   4369
     126       0       0       2       0                               0D   4370
     110    6173       0       0       0                        01010000D   4371
     110       0       0       1       0                               0D   4372
     126    6174       0       0       0                        01010500D   4373
     126       0       0       2       0                               0D   4374
     110    6176       0       0       0                        01010000D   4375
     110       0       0       1       0                               0D   4376
     126    6177       0       0       0                        01010500D   4377
     126       0       0       2       0                               0D   4378
     110    6179       0       0       0                        01010000D   4379
     110       0       0       2       0                               0D   4380
     126    6181       0       0       0                        01010500D   4381
     126       0       0       2       0                               0D   4382
     110    6183       0       0       0                        01010000D   4383
     110       0       0       1       0                               0D   4384
     102    6184       0       0       0                        01010500D   4385
     102       0       0       1       0                               0D   4386
     102    6185       0       0       0                        01010000D   4387
     102       0       0       1       0                               0D   4388
     142    6186       0       0       0                        00010500D   4389
     142       0       0       1       0                               0D   4390
     144    6187       0       0       0                        00000000D   4391
     144       0      -1       1       0                               0D   4392
     128    6188       0       0       0                        01010000D   4393
     128       0       0       4       0                               0D   4394
     126    6192       0       0       0                        01010500D   4395
     126       0       0       2       0                               0D   4396
     110    6194       0       0       0                        01010000D   4397
     110       0       0       1       0                               0D   4398
     126    6195       0       0       0                        01010500D   4399
     126       0       0       2       0                               0D   4400
     110    6197       0       0       0                        01010000D   4401
     110       0       0       2       0                               0D   4402
     126    6199       0       0       0                        01010500D   4403
     126       0       0       2       0                               0D   4404
     110    6201       0       0       0                        01010000D   4405
     110       0       0       2       0                               0D   4406
     126    6203       0       0       0                        01010500D   4407
     126       0       0       2       0                               0D   4408
     110    6205       0       0       0                        01010000D   4409
     110       0       0       1       0                               0D   4410
     102    6206       0       0       0                        01010500D   4411
     102       0       0       1       0                               0D   4412
     102    6207       0       0       0                        01010000D   4413
     102       0       0       1       0                               0D   4414
     142    6208       0       0       0                        00010500D   4415
     142       0       0       1       0                               0D   4416
     144    6209       0       0       0                        00000000D   4417
     144       0      -1       1       0                               0D   4418
     128    6210       0       0       0                        01010000D   4419
     128       0       0       4       0                               0D   4420
     126    6214       0       0       0                        01010500D   4421
     126       0       0       2       0                               0D   4422
     110    6216       0       0       0                        01010000D   4423
     110       0       0       1       0                               0D   4424
     126    6217       0       0       0                        01010500D   4425
     126       0       0       2       0                               0D   4426
     110    6219       0       0       0                        01010000D   4427
     110       0       0       1       0                               0D   4428
     126    6220       0       0       0                        01010500D   4429
     126       0       0       2       0                               0D   4430
     110    6222       0       0       0                        01010000D   4431
     110       0       0       2       0                               0D   4432
     126    6224       0       0       0                        01010500D   4433
     126       0       0       2       0                               0D   4434
     110    6226       0       0       0                        01010000D   4435
     110       0       0       2       0                               0D   4436
     102    6228       0       0       0                        01010500D   4437
     102       0       0       1       0                               0D   4438
     102    6229       0       0       0                        01010000D   4439
     102       0       0       1       0                               0D   4440
     142    6230       0       0       0                        00010500D   4441
     142       0       0       1       0                               0D   4442
     144    6231       0       0       0                        00000000D   4443
     144       0      -1       1       0                               0D   4444
     128    6232       0       0       0                        01010000D   4445
     128       0       0       4       0                               0D   4446
     126    6236       0       0       0                        01010500D   4447
     126       0       0       2       0                               0D   4448
     110    6238       0       0       0                        01010000D   4449
     110       0       0       1       0                               0D   4450
     126    6239       0       0       0                        01010500D   4451
     126       0       0       2       0                               0D   4452
     110    6241       0       0       0                        01010000D   4453
     110       0       0       1       0                               0D   4454
     126    6242       0       0       0                        01010500D   4455
     126       0       0       2       0                               0D   4456
     110    6244       0       0       0                        01010000D   4457
     110       0       0       2       0                               0D   4458
     126    6246       0       0       0                        01010500D   4459
     126       0       0       2       0                               0D   4460
     110    6248       0       0       0                        01010000D   4461
     110       0       0       1       0                               0D   4462
     102    6249       0       0       0                        01010500D   4463
     102       0       0       1       0                               0D   4464
     102    6250       0       0       0                        01010000D   4465
     102       0       0       1       0                               0D   4466
     142    6251       0       0       0                        00010500D   4467
     142       0       0       1       0                               0D   4468
     144    6252       0       0       0                        00000000D   4469
     144       0      -1       1       0                               0D   4470
     128    6253       0       0       0                        01010000D   4471
     128       0       0       4       0                               0D   4472
     126    6257       0       0       0                        01010500D   4473
     126       0       0       2       0                               0D   4474
     110    6259       0       0       0                        01010000D   4475
     110       0       0       2       0                               0D   4476
     126    6261       0       0       0                        01010500D   4477
     126       0       0       2       0                               0D   4478
     110    6263       0       0       0                        01010000D   4479
     110       0       0       2       0                               0D   4480
     126    6265       0       0       0                        01010500D   4481
     126       0       0       2       0                               0D   4482
     110    6267       0       0       0                        01010000D   4483
     110       0       0       2       0                               0D   4484
     126    6269       0       0       0                        01010500D   4485
     126       0       0       2       0                               0D   4486
     110    6271       0       0       0                        01010000D   4487
     110       0       0       2       0                               0D   4488
     102    6273       0       0       0                        01010500D   4489
     102       0       0       1       0                               0D   4490
     102    6274       0       0       0                        01010000D   4491
     102       0       0       1       0                               0D   4492
     142    6275       0       0       0                        00010500D   4493
     142       0       0       1       0                               0D   4494
     144    6276       0       0       0                        00000000D   4495
     144       0      -1       1       0                               0D   4496
     128    6277       0       0       0                        01010000D   4497
     128       0       0       4       0                               0D   4498
     126    6281       0       0       0                        01010500D   4499
     126       0       0       2       0                               0D   4500
     110    6283       0       0       0                        01010000D   4501
     110       0       0       2       0                               0D   4502
     126    6285       0       0       0                        01010500D   4503
     126       0       0       2       0                               0D   4504
     110    6287       0       0       0                        01010000D   4505
     110       0       0       2       0                               0D   4506
     126    6289       0       0       0                        01010500D   4507
     126       0       0       2       0                               0D   4508
     110    6291       0       0       0                        01010000D   4509
     110       0       0       2       0                               0D   4510
     126    6293       0       0       0                        01010500D   4511
     126       0       0       2       0                               0D   4512
     110    6295       0       0       0                        01010000D   4513
     110       0       0       2       0                               0D   4514
     102    6297       0       0       0                        01010500D   4515
     102       0       0       1       0                               0D   4516
     102    6298       0       0       0                        01010000D   4517
     102       0       0       1       0                               0D   4518
     142    6299       0       0       0                        00010500D   4519
     142       0       0       1       0                               0D   4520
     144    6300       0       0       0                        00000000D   4521
     144       0      -1       1       0                               0D   4522
     128    6301       0       0       0                        01010000D   4523
     128       0       0       4       0                               0D   4524
     126    6305       0       0       0                        01010500D   4525
     126       0       0       2       0                               0D   4526
     110    6307       0       0       0                        01010000D   4527
     110       0       0       2       0                               0D   4528
     126    6309       0       0       0                        01010500D   4529
     126       0       0       2       0                               0D   4530
     110    6311       0       0       0                        01010000D   4531
     110       0       0       2       0                               0D   4532
     126    6313       0       0       0                        01010500D   4533
     126       0       0       2       0                               0D   4534
     110    6315       0       0       0                        01010000D   4535
     110       0       0       2       0                               0D   4536
     126    6317       0       0       0                        01010500D   4537
     126       0       0       2       0                               0D   4538
     110    6319       0       0       0                        01010000D   4539
     110       0       0       2       0                               0D   4540
     102    6321       0       0       0                        01010500D   4541
     102       0       0       1       0                               0D   4542
     102    6322       0       0       0                        01010000D   4543
     102       0       0       1       0                               0D   4544
     142    6323       0       0       0                        00010500D   4545
     142       0       0       1       0                               0D   4546
     144    6324       0       0       0                        00000000D   4547
     144       0      -1       1       0                               0D   4548
     128    6325       0       0       0                        01010000D   4549
     128       0       0       4       0                               0D   4550
     126    6329       0       0       0                        01010500D   4551
     126       0       0       2       0                               0D   4552
     110    6331       0       0       0                        01010000D   4553
     110       0       0       1       0                               0D   4554
     126    6332       0       0       0                        01010500D   4555
     126       0       0       2       0                               0D   4556
     110    6334       0       0       0                        01010000D   4557
     110       0       0       1       0                               0D   4558
     126    6335       0       0       0                        01010500D   4559
     126       0       0       2       0                               0D   4560
     110    6337       0       0       0                        01010000D   4561
     110       0       0       2       0                               0D   4562
     126    6339       0       0       0                        01010500D   4563
     126       0       0       2       0                               0D   4564
     110    6341       0       0       0                        01010000D   4565
     110       0       0       1       0                               0D   4566
     102    6342       0       0       0                        01010500D   4567
     102       0       0       1       0                               0D   4568
     102    6343       0       0       0                        01010000D   4569
     102       0       0       1       0                               0D   4570
     142    6344       0       0       0                        00010500D   4571
     142       0       0       1       0                               0D   4572
     144    6345       0       0       0                        00000000D   4573
     144       0      -1       1       0                               0D   4574
     128    6346       0       0       0                        01010000D   4575
     128       0       0       4       0                               0D   4576
     126    6350       0       0       0                        01010500D   4577
     126       0       0       2       0                               0D   4578
     110    6352       0       0       0                        01010000D   4579
     110       0       0       1       0                               0D   4580
     126    6353       0       0       0                        01010500D   4581
     126       0       0       2       0                               0D   4582
     110    6355       0       0       0                        01010000D   4583
     110       0       0       1       0                               0D   4584
     126    6356       0       0       0                        01010500D   4585
     126       0       0       2       0                               0D   4586
     110    6358       0       0       0                        01010000D   4587
     110       0       0       2       0                               0D   4588
     126    6360       0       0       0                        01010500D   4589
     126       0       0       2       0                               0D   4590
     110    6362       0       0       0                        01010000D   4591
     110       0       0       1       0                               0D   4592
     102    6363       0       0       0                        01010500D   4593
     102       0       0       1       0                               0D   4594
     102    6364       0       0       0                        01010000D   4595
     102       0       0       1       0                               0D   4596
     142    6365       0       0       0                        00010500D   4597
     142       0       0       1       0                               0D   4598
     144    6366       0       0       0                        00000000D   4599
     144       0      -1       1       0                               0D   4600
     128    6367       0       0       0                        01010000D   4601
     128       0       0       4       0                               0D   4602
     126    6371       0       0       0                        01010500D   4603
     126       0       0       2       0                               0D   4604
     110    6373       0       0       0                        01010000D   4605
     110       0       0       1       0                               0D   4606
     126    6374       0       0       0                        01010500D   4607
     126       0       0       2       0                               0D   4608
     110    6376       0       0       0                        01010000D   4609
     110       0       0       1       0                               0D   4610
     126    6377       0       0       0                        01010500D   4611
     126       0       0       2       0                               0D   4612
     110    6379       0       0       0                        01010000D   4613
     110       0       0       2       0                               0D   4614
     126    6381       0       0       0                        01010500D   4615
     126       0       0       2       0                               0D   4616
     110    6383       0       0       0                        01010000D   4617
     110       0       0       1       0                               0D   4618
     102    6384       0       0       0                        01010500D   4619
     102       0       0       1       0                               0D   4620
     102    6385       0       0       0                        01010000D   4621
     102       0       0       1       0                               0D   4622
     142    6386       0       0       0                        00010500D   4623
     142       0       0       1       0                               0D   4624
     144    6387       0       0       0                        00000000D   4625
     144       0      -1       1       0                               0D   4626
     128    6388       0       0       0                        01010000D   4627
     128       0       0       4       0                               0D   4628
     126    6392       0       0       0                        01010500D   4629
     126       0       0       2       0                               0D   4630
     110    6394       0       0       0                        01010000D   4631
     110       0       0       1       0                               0D   4632
     126    6395       0       0       0                        01010500D   4633
     126       0       0       2       0                               0D   4634
     110    6397       0       0       0                        01010000D   4635
     110       0       0       1       0                               0D   4636
     126    6398       0       0       0                        01010500D   4637
     126       0       0       2       0                               0D   4638
     110    6400       0       0       0                        01010000D   4639
     110       0       0       2       0                               0D   4640
     126    6402       0       0       0                        01010500D   4641
     126       0       0       2       0                               0D   4642
     110    6404       0       0       0                        01010000D   4643
     110       0       0       1       0                               0D   4644
     102    6405       0       0       0                        01010500D   4645
     102       0       0       1       0                               0D   4646
     102    6406       0       0       0                        01010000D   4647
     102       0       0       1       0                               0D   4648
     142    6407       0       0       0                        00010500D   4649
     142       0       0       1       0                               0D   4650
     144    6408       0       0       0                        00000000D   4651
     144       0      -1       1       0                               0D   4652
     128    6409       0       0       0                        01010000D   4653
     128       0       0       4       0                               0D   4654
     126    6413       0       0       0                        01010500D   4655
     126       0       0       2       0                               0D   4656
     110    6415       0       0       0                        01010000D   4657
     110       0       0       2       0                               0D   4658
     126    6417       0       0       0                        01010500D   4659
     126       0       0       2       0                               0D   4660
     110    6419       0       0       0                        01010000D   4661
     110       0       0       2       0                               0D   4662
     126    6421       0       0       0                        01010500D   4663
     126       0       0       2       0                               0D   4664
     110    6423       0       0       0                        01010000D   4665
     110       0       0       2       0                               0D   4666
     102    6425       0       0       0                        01010500D   4667
     102       0       0       1       0                               0D   4668
     102    6426       0       0       0                        01010000D   4669
     102       0       0       1       0                               0D   4670
     142    6427       0       0       0                        00010500D   4671
     142       0       0       1       0                               0D   4672
     144    6428       0       0       0                        00000000D   4673
     144       0      -1       1       0                               0D   4674
     128    6429       0       0       0                        01010000D   4675
     128       0       0       4       0                               0D   4676
     126    6433       0       0       0                        01010500D   4677
     126       0       0       2       0                               0D   4678
     110    6435       0       0       0                        01010000D   4679
     110       0       0       1       0                               0D   4680
     126    6436       0       0       0                        01010500D   4681
     126       0       0       2       0                               0D   4682
     110    6438       0       0       0                        01010000D   4683
     110       0       0       1       0                               0D   4684
     126    6439       0       0       0                        01010500D   4685
     126       0       0       2       0                               0D   4686
     110    6441       0       0       0                        01010000D   4687
     110       0       0       1       0                               0D   4688
     102    6442       0       0       0                        01010500D   4689
     102       0       0       1       0                               0D   4690
     102    6443       0       0       0                        01010000D   4691
     102       0       0       1       0                               0D   4692
     142    6444       0       0       0                        00010500D   4693
     142       0       0       1       0                               0D   4694
     144    6445       0       0       0                        00000000D   4695
     144       0      -1       1       0                               0D   4696
     128    6446       0       0       0                        01010000D   4697
     128       0       0       4       0                               0D   4698
     126    6450       0       0       0                        01010500D   4699
     126       0       0       2       0                               0D   4700
     110    6452       0       0       0                        01010000D   4701
     110       0       0       1       0                               0D   4702
     126    6453       0       0       0                        01010500D   4703
     126       0       0       2       0                               0D   4704
     110    6455       0       0       0                        01010000D   4705
     110       0       0       1       0                               0D   4706
     126    6456       0       0       0                        01010500D   4707
     126       0       0       2       0                               0D   4708
     110    6458       0       0       0                        01010000D   4709
     110       0       0       1       0                               0D   4710
     126    6459       0       0       0                        01010500D   4711
     126       0       0       2       0                               0D   4712
     110    6461       0       0       0                        01010000D   4713
     110       0       0       1       0                               0D   4714
     102    6462       0       0       0                        01010500D   4715
     102       0       0       1       0                               0D   4716
     102    6463       0       0       0                        01010000D   4717
     102       0       0       1       0                               0D   4718
     142    6464       0       0       0                        00010500D   4719
     142       0       0       1       0                               0D   4720
     144    6465       0       0       0                        00000000D   4721
     144       0      -1       1       0                               0D   4722
     128    6466       0       0       0                        01010000D   4723
     128       0       0       4       0                               0D   4724
     126    6470       0       0       0                        01010500D   4725
     126       0       0       2       0                               0D   4726
     110    6472       0       0       0                        01010000D   4727
     110       0       0       2       0                               0D   4728
     126    6474       0       0       0                        01010500D   4729
     126       0       0       2       0                               0D   4730
     110    6476       0       0       0                        01010000D   4731
     110       0       0       2       0                               0D   4732
     126    6478       0       0       0                        01010500D   4733
     126       0       0       2       0                               0D   4734
     110    6480       0       0       0                        01010000D   4735
     110       0       0       2       0                               0D   4736
     126    6482       0       0       0                        01010500D   4737
     126       0       0       2       0                               0D   4738
     110    6484       0       0       0                        01010000D   4739
     110       0       0       2       0                               0D   4740
     102    6486       0       0       0                        01010500D   4741
     102       0       0       1       0                               0D   4742
     102    6487       0       0       0                        01010000D   4743
     102       0       0       1       0                               0D   4744
     142    6488       0       0       0                        00010500D   4745
     142       0       0       1       0                               0D   4746
     144    6489       0       0       0                        00000000D   4747
     144       0      -1       1       0                               0D   4748
     128    6490       0       0       0                        01010000D   4749
     128       0       0       4       0                               0D   4750
     126    6494       0       0       0                        01010500D   4751
     126       0       0       2       0                               0D   4752
     110    6496       0       0       0                        01010000D   4753
     110       0       0       2       0                               0D   4754
     126    6498       0       0       0                        01010500D   4755
     126       0       0       2       0                               0D   4756
     110    6500       0       0       0                        01010000D   4757
     110       0       0       2       0                               0D   4758
     126    6502       0       0       0                        01010500D   4759
     126       0       0       2       0                               0D   4760
     110    6504       0       0       0                        01010000D   4761
     110       0       0       1       0                               0D   4762
     102    6505       0       0       0                        01010500D   4763
     102       0       0       1       0                               0D   4764
     102    6506       0       0       0                        01010000D   4765
     102       0       0       1       0                               0D   4766
     142    6507       0       0       0                        00010500D   4767
     142       0       0       1       0                               0D   4768
     144    6508       0       0       0                        00000000D   4769
     144       0      -1       1       0                               0D   4770
     128    6509       0       0       0                        01010000D   4771
     128       0       0       4       0                               0D   4772
     126    6513       0       0       0                        01010500D   4773
     126       0       0       2       0                               0D   4774
     110    6515       0       0       0                        01010000D   4775
     110       0       0       1       0                               0D   4776
     126    6516       0       0       0                        01010500D   4777
     126       0       0       2       0                               0D   4778
     110    6518       0       0       0                        01010000D   4779
     110       0       0       2       0                               0D   4780
     126    6520       0       0       0                        01010500D   4781
     126       0       0       2       0                               0D   4782
     110    6522       0       0       0                        01010000D   4783
     110       0       0       1       0                               0D   4784
     102    6523       0       0       0                        01010500D   4785
     102       0       0       1       0                               0D   4786
     102    6524       0       0       0                        01010000D   4787
     102       0       0       1       0                               0D   4788
     142    6525       0       0       0                        00010500D   4789
     142       0       0       1       0                               0D   4790
     144    6526       0       0       0                        00000000D   4791
     144       0      -1       1       0                               0D   4792
     128    6527       0       0       0                        01010000D   4793
     128       0       0       4       0                               0D   4794
     126    6531       0       0       0                        01010500D   4795
     126       0       0       2       0                               0D   4796
     110    6533       0       0       0                        01010000D   4797
     110       0       0       1       0                               0D   4798
     126    6534       0       0       0                        01010500D   4799
     126       0       0       2       0                               0D   4800
     110    6536       0       0       0                        01010000D   4801
     110       0       0       1       0                               0D   4802
     126    6537       0       0       0                        01010500D   4803
     126       0       0       2       0                               0D   4804
     110    6539       0       0       0                        01010000D   4805
     110       0       0       1       0                               0D   4806
     102    6540       0       0       0                        01010500D   4807
     102       0       0       1       0                               0D   4808
     102    6541       0       0       0                        01010000D   4809
     102       0       0       1       0                               0D   4810
     142    6542       0       0       0                        00010500D   4811
     142       0       0       1       0                               0D   4812
     144    6543       0       0       0                        00000000D   4813
     144       0      -1       1       0                               0D   4814
     128    6544       0       0       0                        01010000D   4815
     128       0       0       4       0                               0D   4816
     126    6548       0       0       0                        01010500D   4817
     126       0       0       2       0                               0D   4818
     110    6550       0       0       0                        01010000D   4819
     110       0       0       2       0                               0D   4820
     126    6552       0       0       0                        01010500D   4821
     126       0       0      12       0                               0D   4822
     126    6564       0       0       0                        01010000D   4823
     126       0       0       4       0                               0D   4824
     126    6568       0       0       0                        01010500D   4825
     126       0       0       2       0                               0D   4826
     110    6570       0       0       0                        01010000D   4827
     110       0       0       1       0                               0D   4828
     126    6571       0       0       0                        01010500D   4829
     126       0       0       2       0                               0D   4830
     110    6573       0       0       0                        01010000D   4831
     110       0       0       2       0                               0D   4832
     126    6575       0       0       0                        01010500D   4833
     126       0       0       2       0                               0D   4834
     110    6577       0       0       0                        01010000D   4835
     110       0       0       2       0                               0D   4836
     126    6579       0       0       0                        01010500D   4837
     126       0       0       2       0                               0D   4838
     110    6581       0       0       0                        01010000D   4839
     110       0       0       2       0                               0D   4840
     102    6583       0       0       0                        01010500D   4841
     102       0       0       1       0                               0D   4842
     102    6584       0       0       0                        01010000D   4843
     102       0       0       1       0                               0D   4844
     142    6585       0       0       0                        00010500D   4845
     142       0       0       1       0                               0D   4846
     144    6586       0       0       0                        00000000D   4847
     144       0      -1       1       0                               0D   4848
     128    6587       0       0       0                        01010000D   4849
     128       0       0       4       0                               0D   4850
     126    6591       0       0       0                        01010500D   4851
     126       0       0       2       0                               0D   4852
     110    6593       0       0       0                        01010000D   4853
     110       0       0       2       0                               0D   4854
     126    6595       0       0       0                        01010500D   4855
     126       0       0      12       0                               0D   4856
     126    6607       0       0       0                        01010000D   4857
     126       0       0       4       0                               0D   4858
     126    6611       0       0       0                        01010500D   4859
     126       0       0       2       0                               0D   4860
     110    6613       0       0       0                        01010000D   4861
     110       0       0       2       0                               0D   4862
     126    6615       0       0       0                        01010500D   4863
     126       0       0       2       0                               0D   4864
     110    6617       0       0       0                        01010000D   4865
     110       0       0       2       0                               0D   4866
     126    6619       0       0       0                        01010500D   4867
     126       0       0       2       0                               0D   4868
     110    6621       0       0       0                        01010000D   4869
     110       0       0       2       0                               0D   4870
     126    6623       0       0       0                        01010500D   4871
     126       0       0       2       0                               0D   4872
     110    6625       0       0       0                        01010000D   4873
     110       0       0       2       0                               0D   4874
     102    6627       0       0       0                        01010500D   4875
     102       0       0       1       0                               0D   4876
     102    6628       0       0       0                        01010000D   4877
     102       0       0       1       0                               0D   4878
     142    6629       0       0       0                        00010500D   4879
     142       0       0       1       0                               0D   4880
     144    6630       0       0       0                        00000000D   4881
     144       0      -1       1       0                               0D   4882
     128    6631       0       0       0                        01010000D   4883
     128       0       0       4       0                               0D   4884
     126    6635       0       0       0                        01010500D   4885
     126       0       0       2       0                               0D   4886
     110    6637       0       0       0                        01010000D   4887
     110       0       0       2       0                               0D   4888
     126    6639       0       0       0                        01010500D   4889
     126       0       0      11       0                               0D   4890
     126    6650       0       0       0                        01010000D   4891
     126       0       0       4       0                               0D   4892
     126    6654       0       0       0                        01010500D   4893
     126       0       0       2       0                               0D   4894
     110    6656       0       0       0                        01010000D   4895
     110       0       0       2       0                               0D   4896
     126    6658       0       0       0                        01010500D   4897
     126       0       0       2       0                               0D   4898
     110    6660       0       0       0                        01010000D   4899
     110       0       0       2       0                               0D   4900
     126    6662       0       0       0                        01010500D   4901
     126       0       0       2       0                               0D   4902
     110    6664       0       0       0                        01010000D   4903
     110       0       0       2       0                               0D   4904
     126    6666       0       0       0                        01010500D   4905
     126       0       0       2       0                               0D   4906
     110    6668       0       0       0                        01010000D   4907
     110       0       0       2       0                               0D   4908
     102    6670       0       0       0                        01010500D   4909
     102       0       0       1       0                               0D   4910
     102    6671       0       0       0                        01010000D   4911
     102       0       0       1       0                               0D   4912
     142    6672       0       0       0                        00010500D   4913
     142       0       0       1       0                               0D   4914
     144    6673       0       0       0                        00000000D   4915
     144       0      -1       1       0                               0D   4916
     128    6674       0       0       0                        01010000D   4917
     128       0       0       4       0                               0D   4918
     126    6678       0       0       0                        01010500D   4919
     126       0       0       2       0                               0D   4920
     110    6680       0       0       0                        01010000D   4921
     110       0       0       1       0                               0D   4922
     126    6681       0       0       0                        01010500D   4923
     126       0       0      12       0                               0D   4924
     126    6693       0       0       0                        01010000D   4925
     126       0       0       4       0                               0D   4926
     126    6697       0       0       0                        01010500D   4927
     126       0       0       2       0                               0D   4928
     110    6699       0       0       0                        01010000D   4929
     110       0       0       1       0                               0D   4930
     126    6700       0       0       0                        01010500D   4931
     126       0       0       2       0                               0D   4932
     110    6702       0       0       0                        01010000D   4933
     110       0       0       1       0                               0D   4934
     126    6703       0       0       0                        01010500D   4935
     126       0       0       2       0                               0D   4936
     110    6705       0       0       0                        01010000D   4937
     110       0       0       1       0                               0D   4938
     126    6706       0       0       0                        01010500D   4939
     126       0       0       2       0                               0D   4940
     110    6708       0       0       0                        01010000D   4941
     110       0       0       1       0                               0D   4942
     102    6709       0       0       0                        01010500D   4943
     102       0       0       1       0                               0D   4944
     102    6710       0       0       0                        01010000D   4945
     102       0       0       1       0                               0D   4946
     142    6711       0       0       0                        00010500D   4947
     142       0       0       1       0                               0D   4948
     144    6712       0       0       0                        00000000D   4949
     144       0      -1       1       0                               0D   4950
     128    6713       0       0       0                        01010000D   4951
     128       0       0       4       0                               0D   4952
     126    6717       0       0       0                        01010500D   4953
     126       0       0       2       0                               0D   4954
     110    6719       0       0       0                        01010000D   4955
     110       0       0       1       0                               0D   4956
     126    6720       0       0       0                        01010500D   4957
     126       0       0       2       0                               0D   4958
     110    6722       0       0       0                        01010000D   4959
     110       0       0       1       0                               0D   4960
     126    6723       0       0       0                        01010500D   4961
     126       0       0       2       0                               0D   4962
     110    6725       0       0       0                        01010000D   4963
     110       0       0       1       0                               0D   4964
     126    6726       0       0       0                        01010500D   4965
     126       0       0       2       0                               0D   4966
     110    6728       0       0       0                        01010000D   4967
     110       0       0       1       0                               0D   4968
     102    6729       0       0       0                        01010500D   4969
     102       0       0       1       0                               0D   4970
     102    6730       0       0       0                        01010000D   4971
     102       0       0       1       0                               0D   4972
     142    6731       0       0       0                        00010500D   4973
     142       0       0       1       0                               0D   4974
     144    6732       0       0       0                        00000000D   4975
     144       0      -1       1       0                               0D   4976
314,79.2156862745098,81.9607843137255,93.3333333333333,;               1P      1
128,3,3,3,3,0,0,0,0,0,0.,0.,0.,0.,1.,1.,1.,1.,0.,0.,0.,0.,1.,          3P      2
1.,1.,1.,1.,0.823042939390225,0.823042939390225,1.,                    3P      3
0.333333333333333,0.274347646463408,0.274347646463408,                 3P      4
0.333333333333333,0.333333333333333,0.274347646463408,                 3P      5
0.274347646463408,0.333333333333333,1.,0.823042939390225,              3P      6
0.823042939390225,1.,-0.499000833,0.,3.085949814,-0.509974884,         3P      7
0.,3.195324277,-0.443821196,0.,3.283113186,-0.335658856,0.,            3P      8
3.302711939,-0.499000833,6.171899628,3.085949814,-0.509974884,         3P      9
6.390648554,3.195324277,-0.443821196,6.566226372,3.283113186,          3P     10
-0.335658856,6.605423878,3.302711939,-0.499000833,6.171899628,         3P     11
-3.085949814,-0.509974884,6.390648554,-3.195324277,                    3P     12
-0.443821196,6.566226372,-3.283113186,-0.335658856,6.605423878,        3P     13
-3.302711939,-0.499000833,0.,-3.085949814,-0.509974884,0.,             3P     14
-3.195324277,-0.443821196,0.,-3.283113186,-0.335658856,0.,             3P     15
-3.302711939,0.,1.,0.,1.;                                              3P     16
126,1,1,1,0,1,0,0.,0.,1.,1.,1.,1.,0.927666767,0.,0.,                   5P     17
0.927666767,1.,0.,0.,1.,0.,0.,1.;                                      5P     18
124,6.12323399573677E-017,0.,-1.,-0.3551274711634,0.,1.,0.,0.,         7P     19
1.,0.,6.12323399573677E-017,0.3551274711634;                           7P     20
100,0.,-0.355127471,0.,2.943041365,0.,-3.653296307,0.;                 9P     21
126,1,1,1,0,1,0,0.,0.,1.,1.,1.,1.,0.927666767,1.,0.,                  11P     22
0.072333233,1.,0.,0.,1.,0.,0.,1.;                                     11P     23
124,-0.275637355816999,-0.961261695938319,0.,                         13P     24
-0.382691206745099,5.88603029536909E-017,                             13P     25
-1.68779202763364E-017,1.,3.10591649710004,-0.961261695938319,        13P     26
0.275637355816999,6.12323399573677E-017,-3.39429500588153;            13P     27
100,-3.105916497,-0.3,0.,-0.1,0.,-0.244872529,0.192252339;            15P     28
126,1,1,1,0,1,0,0.,0.,1.,1.,1.,1.,0.072333233,1.,0.,                  17P     29
0.072333233,0.,0.,0.,1.,0.,0.,1.;                                     17P     30
124,6.12323399573677E-017,0.,1.,-0.5,0.,1.,0.,0.,-1.,0.,              19P     31
6.12323399573677E-017,-0.5;                                           19P     32
100,0.,-0.5,0.,2.605916497,0.,-3.605916497,0.;                        21P     33
126,1,1,1,0,1,0,0.,0.,1.,1.,1.,1.,0.072333233,0.,0.,                  23P     34
0.927666767,0.,0.,0.,1.,0.,0.,1.;                                     23P     35
124,-1.,6.98296267768627E-015,0.,-0.6,-4.27583144589696E-031,         25P     36
-6.12323399573677E-017,1.,-3.10591649710004,                          25P     37
6.98296267768627E-015,1.,6.12323399573677E-017,                       25P     38
3.10591649710004;                                                     25P     39
100,3.105916497,-0.3,0.,-0.1,0.,-0.244872529,0.192252339;             27P     40
102,4,5,11,17,23;                                                     29P     41
102,4,9,15,21,27;                                                     31P     42
142,1,3,29,31,1;                                                      33P     43
144,3,1,0,33;                                                         35P     44
128,1,3,1,3,0,0,0,0,0,0.,0.,1.,1.,0.,0.,0.,0.,1.,1.,1.,1.,1.,         37P     45
1.,0.333333333333333,0.333333333333333,0.333333333333333,             37P     46
0.333333333333333,1.,1.,0.035512747,0.,3.410183116,                   37P     47
-0.355127471,0.,3.298168836,0.035512747,-6.820366233,                 37P     48
3.410183116,-0.355127471,-6.596337673,3.298168836,0.035512747,        37P     49
-6.820366233,-3.410183116,-0.355127471,-6.596337673,                  37P     50
-3.298168836,0.035512747,0.,-3.410183116,-0.355127471,0.,             37P     51
-3.298168836,0.,1.,0.,1.;                                             37P     52
126,1,1,1,0,1,0,0.,0.,1.,1.,1.,1.,1.,0.,0.,1.,1.,0.,0.,1.,0.,         39P     53
0.,1.;                                                                39P     54
124,-6.12323399573677E-017,4.27583144589696E-031,1.,                  41P     55
-0.3551274711634,-6.98296267768627E-015,-1.,0.,                       41P     56
-2.47984187695513E-015,1.,-6.98296267768627E-015,                     41P     57
6.12323399573677E-017,0.3551274711634;                                41P     58
100,0.,-0.355127471,0.,2.943041365,0.,-3.653296307,0.;                43P     59
126,1,1,1,0,1,0,0.,0.,1.,1.,1.,1.,1.,1.,0.,0.090909091,1.,0.,         45P     60
0.,1.,0.,0.,1.;                                                       45P     61
110,-0.355127471,0.,-3.298168836,0.,0.,-3.4;                          47P     62
126,1,1,1,0,1,0,0.,0.,1.,1.,1.,1.,0.090909091,1.,0.,                  49P     63
0.090909091,0.,0.,0.,1.,0.,0.,1.;                                     49P     64
124,-6.12323399573677E-017,4.27583144589696E-031,-1.,0.,              51P     65
-6.98296267768627E-015,-1.,0.,0.,-1.,6.98296267768627E-015,           51P     66
6.12323399573677E-017,0.;                                             51P     67
100,0.,0.,0.,3.4,0.,-3.4,0.;                                          53P     68
126,1,1,1,0,1,0,0.,0.,1.,1.,1.,1.,0.090909091,0.,0.,1.,0.,0.,         55P     69
0.,1.,0.,0.,1.;                                                       55P     70
110,0.,0.,3.4,-0.355127471,0.,3.298168836;                            57P     71
102,4,39,45,49,55;                                                    59P     72
102,4,43,47,53,57;                                                    61P     73
142,1,37,59,61,1;                                                     63P     74
144,37,1,0,63;                                                        65P     75
128,1,3,1,3,0,0,0,0,0,0.,0.,1.,1.,0.,0.,0.,0.,1.,1.,1.,1.,1.,         67P     76
1.,0.333333333333333,0.333333333333333,0.333333333333333,             67P     77
0.333333333333333,1.,1.,0.595563492,0.,-3.995563492,0.,0.,-3.4,       67P     78
0.595563492,7.991126984,-3.995563492,0.,6.8,-3.4,0.595563492,         67P     79
7.991126984,3.995563492,0.,6.8,3.4,0.595563492,0.,3.995563492,        67P     80
0.,0.,3.4,0.,1.,0.,1.;                                                67P     81
126,1,1,1,0,1,0,0.,0.,1.,1.,1.,1.,1.,0.,0.,1.,1.,0.,0.,1.,0.,         69P     82
0.,1.;                                                                69P     83
124,6.12323399573677E-017,0.,1.,0.,0.,1.,0.,0.,-1.,0.,                71P     84
6.12323399573677E-017,0.;                                             71P     85
100,0.,0.,0.,3.4,0.,-3.4,0.;                                          73P     86
126,1,1,1,0,1,0,0.,0.,1.,1.,1.,1.,1.,1.,0.,0.749627202,1.,0.,         75P     87
0.,1.,0.,0.,1.;                                                       75P     88
110,0.,0.,3.4,0.149112898,0.,3.549112898;                             77P     89
126,2,2,1,0,1,0,0.,0.,0.,1.,1.,1.,1.,1.,1.,0.749627202,1.,0.,         79P     90
0.749627202,0.975807838,0.,0.721165105,0.953852008,0.,0.,1.,0.,       79P     91
0.,1.;                                                                79P     92
126,3,3,1,0,1,0,0.000350082360746582,0.000350082360746582,            81P     93
0.000350082360746582,0.000350082360746582,0.00069433364056767,        81P     94
0.00069433364056767,0.00069433364056767,0.00069433364056767,1.,       81P     95
1.,1.,1.,0.149112898,0.,3.549112898,0.149112898,0.114889496,          81P     96
3.549112898,0.154830982,0.229912398,3.549212707,0.166063883,          81P     97
0.34425128,3.549408779,0.000350082360746582,                          81P     98
0.00069433364056767,0.,0.,0.;                                         81P     99
126,2,2,1,0,1,0,0.,0.,0.,1.,1.,1.,1.,1.,1.,0.721165105,               83P    100
0.953852008,0.,0.4298546,0.940029898,0.,0.090909091,                  83P    101
0.927956435,0.,0.,1.,0.,0.,1.;                                        83P    102
126,3,3,1,0,1,0,1.95363622532308E-005,1.95363622532308E-005,          85P    103
1.95363622532308E-005,1.95363622532308E-005,                          85P    104
0.000593563852078059,0.000593563852078059,0.000593563852078059,       85P    105
0.000593563852078059,1.,1.,1.,1.,0.166063883,0.34425128,              85P    106
3.549408779,0.289879504,0.432988483,3.665198913,0.415149461,          85P    107
0.520943793,3.780040443,0.541421356,0.608331955,3.894192412,          85P    108
1.95363622532308E-005,0.000593563852078059,0.,0.,0.;                  85P    109
126,1,1,1,0,1,0,0.,0.,1.,1.,1.,1.,0.090909091,0.927956435,0.,         87P    110
0.090909091,0.842861844,0.,0.,1.,0.,0.,1.;                            87P    111
124,6.04986100354265E-017,-9.45080104732049E-018,-1.,                 89P    112
0.54142135623731,0.15434329398322,0.988017281024178,0.,               89P    113
-0.083564755554529,0.988017281024178,-0.15434329398322,               89P    114
6.12323399573677E-017,-0.53493365627801;                              89P    115
100,0.,0.541421356,0.,4.482842712,0.,4.393209221,0.8357826;           91P    116
126,2,2,1,0,1,0,0.,0.,0.,1.,1.,1.,1.,1.,1.,0.090909091,               93P    117
0.842861844,0.,0.423366792,0.832812798,0.,0.721165105,                93P    118
0.821855729,0.,0.,1.,0.,0.,1.;                                        93P    119
126,3,3,1,0,1,0,3.03052928759142E-007,3.03052928759142E-007,          95P    120
3.03052928759142E-007,3.03052928759142E-007,                          95P    121
0.00057433056252839,0.00057433056252839,0.00057433056252839,          95P    122
0.00057433056252839,1.,1.,1.,1.,0.541421356,1.420265279,              95P    123
3.676635533,0.415149461,1.438869663,3.534082947,0.289879504,          95P    124
1.45762043,3.39064961,0.166063883,1.476574036,3.246003811,            95P    125
3.03052928759142E-007,0.00057433056252839,0.,0.,0.;                   95P    126
126,2,2,1,0,1,0,0.,0.,0.,1.,1.,1.,1.,1.,1.,0.721165105,               97P    127
0.821855729,0.,0.778138635,0.787774906,0.,0.721165105,                97P    128
0.75729781,0.,0.,1.,0.,0.,1.;                                         97P    129
126,3,3,1,0,1,0,1.25864445744769E-005,1.25864445744769E-005,          99P    130
1.25864445744769E-005,1.25864445744769E-005,                          99P    131
0.000701088913825658,0.000701088913825658,0.000701088913825658,       99P    132
0.000701088913825658,1.,1.,1.,1.,0.166063883,1.476574036,             99P    133
3.246003811,0.143625276,1.674179233,3.131464138,0.143625276,          99P    134
1.874837878,3.015613815,0.166063883,2.072834743,2.901752531,          99P    135
1.25864445744769E-005,0.000701088913825658,-0.017452406,              99P    136
0.499923848,0.865893504;                                              99P    137
126,2,2,1,0,1,0,0.,0.,0.,1.,1.,1.,1.,1.,1.,0.721165105,              101P    138
0.75729781,0.,0.428202756,0.747658466,0.,0.090909091,                101P    139
0.739137717,0.,0.,1.,0.,0.,1.;                                       101P    140
126,3,3,1,0,1,0,1.61368728333617E-006,1.61368728333617E-006,         103P    141
1.61368728333617E-006,1.61368728333617E-006,                         103P    142
0.000575641203228919,0.000575641203228919,0.000575641203228919,      103P    143
0.000575641203228919,1.,1.,1.,1.,0.166063883,2.072834743,            103P    144
2.901752531,0.289879504,2.207578482,2.957661127,0.415149461,         103P    145
2.34117078,3.013139155,0.541421356,2.473927133,3.068303578,          103P    146
1.61368728333617E-006,0.000575641203228919,0.,0.,0.;                 103P    147
126,1,1,1,0,1,0,0.,0.,1.,1.,1.,1.,0.090909091,0.739137717,0.,        105P    148
0.090909091,0.676463924,0.,0.,1.,0.,0.,1.;                           105P    149
124,4.76679326606668E-017,-3.8433938810806E-017,-1.,                 107P    150
0.54142135623731,0.627673854005338,0.778476417753348,0.,             107P    151
-0.339836029310269,0.778476417753348,-0.627673854005338,             107P    152
6.12323399573677E-017,-0.42148375789878;                             107P    153
100,0.,0.541421356,0.,4.482842712,0.,4.393209221,0.8357826;          109P    154
126,2,2,1,0,1,0,0.,0.,0.,1.,1.,1.,1.,1.,1.,0.090909091,              111P    155
0.676463924,0.,0.424703626,0.668746576,0.,0.721165105,               111P    156
0.660242237,0.,0.,1.,0.,0.,1.;                                       111P    157
126,3,3,1,0,1,0,3.03053245085809E-007,3.03053245085809E-007,         113P    158
3.03053245085809E-007,3.03053245085809E-007,                         113P    159
0.000574330569190916,0.000574330569190916,0.000574330569190916,      113P    160
0.000574330569190916,1.,1.,1.,1.,0.541421356,3.068303578,            113P    161
2.473927133,0.415149461,3.013139155,2.34117078,0.289879504,          113P    162
2.957661127,2.207578482,0.166063883,2.901752531,2.072834743,         113P    163
3.03053245085809E-007,0.000574330569190916,0.,0.,0.;                 113P    164
126,2,2,1,0,1,0,0.,0.,0.,1.,1.,1.,1.,1.,1.,0.721165105,              115P    165
0.660242237,0.,0.778208433,0.633638545,0.,0.721165105,               115P    166
0.608379284,0.,0.,1.,0.,0.,1.;                                       115P    167
126,3,3,1,0,1,0,1.61799982221745E-005,1.61799982221745E-005,         117P    168
1.61799982221745E-005,1.61799982221745E-005,                         117P    169
0.000704682467473358,0.000704682467473358,0.000704682467473358,      117P    170
0.000704682467473358,1.,1.,1.,1.,0.166063883,2.901752531,            117P    171
2.072834743,0.143625276,3.015613815,1.874837878,0.143625276,         117P    172
3.131464138,1.674179233,0.166063883,3.246003811,1.476574036,         117P    173
1.61799982221745E-005,0.000704682467473358,-0.017452406,             117P    174
0.865893504,0.499923848;                                             117P    175
126,2,2,1,0,1,0,0.,0.,0.,1.,1.,1.,1.,1.,1.,0.721165105,              119P    176
0.608379284,0.,0.426951166,0.600365931,0.,0.090909091,               119P    177
0.59321703,0.,0.,1.,0.,0.,1.;                                        119P    178
126,3,3,1,0,1,0,9.85729167828134E-006,9.85729167828134E-006,         121P    179
9.85729167828134E-006,9.85729167828134E-006,                         121P    180
0.000583884801278236,0.000583884801278236,0.000583884801278236,      121P    181
0.000583884801278236,1.,1.,1.,1.,0.166063883,3.246003811,            121P    182
1.476574036,0.289879504,3.39064961,1.45762043,0.415149461,           121P    183
3.534082947,1.438869663,0.541421356,3.676635533,1.420265279,         121P    184
9.85729167828134E-006,0.000583884801278236,0.,0.,0.;                 121P    185
126,1,1,1,0,1,0,0.,0.,1.,1.,1.,1.,0.090909091,0.59321703,0.,         123P    186
0.090909091,0.538818398,0.,0.,1.,0.,0.,1.;                           123P    187
124,2.20646712246183E-017,-5.71187337079889E-017,-1.,                125P    188
0.54142135623731,0.932819711736595,0.360343427018804,0.,             125P    189
-0.505048513453324,0.360343427018804,-0.932819711736595,             125P    190
6.12323399573677E-017,-0.195097626967721;                            125P    191
100,0.,0.541421356,0.,4.482842712,0.,4.393209221,0.8357826;          127P    192
126,2,2,1,0,1,0,0.,0.,0.,1.,1.,1.,1.,1.,1.,0.090909091,              129P    193
0.538818398,0.,0.42583938,0.531890983,0.,0.721165105,                129P    194
0.524190331,0.,0.,1.,0.,0.,1.;                                       129P    195
126,3,3,1,0,1,0,3.03052549370106E-007,3.03052549370106E-007,         131P    196
3.03052549370106E-007,3.03052549370106E-007,                         131P    197
0.00057433054237493,0.00057433054237493,0.00057433054237493,         131P    198
0.00057433054237493,1.,1.,1.,1.,0.541421356,3.894192412,             131P    199
0.608331955,0.415149461,3.780040443,0.520943793,0.289879504,         131P    200
3.665198913,0.432988483,0.166063883,3.549408779,0.34425128,          131P    201
3.03052549370106E-007,0.00057433054237493,0.,0.,0.;                  131P    202
126,2,2,1,0,1,0,0.,0.,0.,1.,1.,1.,1.,1.,1.,0.721165105,              133P    203
0.524190331,0.,0.778227609,0.5,0.,0.721165105,0.475809669,0.,        133P    204
0.,1.,0.,0.,1.;                                                      133P    205
126,3,3,1,0,1,0,5.83108092530203E-006,5.83108092530203E-006,         135P    206
5.83108092530203E-006,5.83108092530203E-006,                         135P    207
0.000694333640567675,0.000694333640567675,0.000694333640567675,      135P    208
0.000694333640567675,1.,1.,1.,1.,0.166063883,3.549408779,            135P    209
0.34425128,0.143625276,3.549017111,0.115850323,0.143625276,          135P    210
3.549017111,-0.115850323,0.166063883,3.549408779,-0.34425128,        135P    211
5.83108092530203E-006,0.000694333640567675,-0.017452406,             135P    212
0.999847695,0.;                                                      135P    213
126,2,2,1,0,1,0,0.,0.,0.,1.,1.,1.,1.,1.,1.,0.721165105,              137P    214
0.475809669,0.,0.42583938,0.468109017,0.,0.090909091,                137P    215
0.461181602,0.,0.,1.,0.,0.,1.;                                       137P    216
126,3,3,1,0,1,0,1.95363622532178E-005,1.95363622532178E-005,         139P    217
1.95363622532178E-005,1.95363622532178E-005,                         139P    218
0.000593563852078777,0.000593563852078777,0.000593563852078777,      139P    219
0.000593563852078777,1.,1.,1.,1.,0.166063883,3.549408779,            139P    220
-0.34425128,0.289879504,3.665198913,-0.432988483,0.415149461,        139P    221
3.780040443,-0.520943793,0.541421356,3.894192412,-0.608331955,       139P    222
1.95363622532178E-005,0.000593563852078777,0.,0.,0.;                 139P    223
126,1,1,1,0,1,0,0.,0.,1.,1.,1.,1.,0.090909091,0.461181602,0.,        141P    224
0.090909091,0.40678297,0.,0.,1.,0.,0.,1.;                            141P    225
124,-9.45080104732723E-018,-6.04986100354255E-017,-1.,               143P    226
0.54142135623731,0.988017281024161,-0.15434329398333,0.,             143P    227
-0.534933656278,-0.15434329398333,-0.988017281024161,                143P    228
6.12323399573677E-017,0.0835647555545886;                            143P    229
100,0.,0.541421356,0.,4.482842712,0.,4.393209221,0.8357826;          145P    230
126,2,2,1,0,1,0,0.,0.,0.,1.,1.,1.,1.,1.,1.,0.090909091,              147P    231
0.40678297,0.,0.426951166,0.399634069,0.,0.721165105,                147P    232
0.391620716,0.,0.,1.,0.,0.,1.;                                       147P    233
126,3,3,1,0,1,0,3.03052928755646E-007,3.03052928755646E-007,         149P    234
3.03052928755646E-007,3.03052928755646E-007,                         149P    235
0.000574330562528994,0.000574330562528994,0.000574330562528994,      149P    236
0.000574330562528994,1.,1.,1.,1.,0.541421356,3.676635533,            149P    237
-1.420265279,0.415149461,3.534082947,-1.438869663,0.289879504,       149P    238
3.39064961,-1.45762043,0.166063883,3.246003811,-1.476574036,         149P    239
3.03052928755646E-007,0.000574330562528994,0.,0.,0.;                 149P    240
126,2,2,1,0,1,0,0.,0.,0.,1.,1.,1.,1.,1.,1.,0.721165105,              151P    241
0.391620716,0.,0.778208433,0.366361455,0.,0.721165105,               151P    242
0.339757763,0.,0.,1.,0.,0.,1.;                                       151P    243
126,3,3,1,0,1,0,1.25864445744701E-005,1.25864445744701E-005,         153P    244
1.25864445744701E-005,1.25864445744701E-005,                         153P    245
0.000701088913825777,0.000701088913825777,0.000701088913825777,      153P    246
0.000701088913825777,1.,1.,1.,1.,0.166063883,3.246003811,            153P    247
-1.476574036,0.143625276,3.131464138,-1.674179233,0.143625276,       153P    248
3.015613815,-1.874837878,0.166063883,2.901752531,-2.072834743,       153P    249
1.25864445744701E-005,0.000701088913825777,-0.017452406,             153P    250
0.865893504,-0.499923848;                                            153P    251
126,2,2,1,0,1,0,0.,0.,0.,1.,1.,1.,1.,1.,1.,0.721165105,              155P    252
0.339757763,0.,0.424703626,0.331253424,0.,0.090909091,               155P    253
0.323536076,0.,0.,1.,0.,0.,1.;                                       155P    254
126,3,3,1,0,1,0,1.61368728333631E-006,1.61368728333631E-006,         157P    255
1.61368728333631E-006,1.61368728333631E-006,                         157P    256
0.000575641203229455,0.000575641203229455,0.000575641203229455,      157P    257
0.000575641203229455,1.,1.,1.,1.,0.166063883,2.901752531,            157P    258
-2.072834743,0.289879504,2.957661127,-2.207578482,0.415149461,       157P    259
3.013139155,-2.34117078,0.541421356,3.068303578,-2.473927133,        157P    260
1.61368728333631E-006,0.000575641203229455,0.,0.,0.;                 157P    261
126,1,1,1,0,1,0,0.,0.,1.,1.,1.,1.,0.090909091,0.323536076,0.,        159P    262
0.090909091,0.260862283,0.,0.,1.,0.,0.,1.;                           159P    263
124,-3.84339388108142E-017,-4.76679326606602E-017,-1.,               161P    264
0.54142135623731,0.778476417753241,-0.627673854005471,0.,            161P    265
-0.421483757898722,-0.627673854005471,-0.778476417753241,            161P    266
6.12323399573677E-017,0.339836029310341;                             161P    267
100,0.,0.541421356,0.,4.482842712,0.,4.393209221,0.8357826;          163P    268
126,2,2,1,0,1,0,0.,0.,0.,1.,1.,1.,1.,1.,1.,0.090909091,              165P    269
0.260862283,0.,0.428202756,0.252341534,0.,0.721165105,               165P    270
0.24270219,0.,0.,1.,0.,0.,1.;                                        165P    271
126,3,3,1,0,1,0,3.0305324511636E-007,3.0305324511636E-007,           167P    272
3.0305324511636E-007,3.0305324511636E-007,0.000574330569191228,      167P    273
0.000574330569191228,0.000574330569191228,0.000574330569191228,      167P    274
1.,1.,1.,1.,0.541421356,2.473927133,-3.068303578,0.415149461,        167P    275
2.34117078,-3.013139155,0.289879504,2.207578482,-2.957661127,        167P    276
0.166063883,2.072834743,-2.901752531,3.0305324511636E-007,           167P    277
0.000574330569191228,0.,0.,0.;                                       167P    278
126,2,2,1,0,1,0,0.,0.,0.,1.,1.,1.,1.,1.,1.,0.721165105,              169P    279
0.24270219,0.,0.778138635,0.212225094,0.,0.721165105,                169P    280
0.178144271,0.,0.,1.,0.,0.,1.;                                       169P    281
126,3,3,1,0,1,0,1.6179998222162E-005,1.6179998222162E-005,           171P    282
1.6179998222162E-005,1.6179998222162E-005,0.00070468246747344,       171P    283
0.00070468246747344,0.00070468246747344,0.00070468246747344,1.,      171P    284
1.,1.,1.,0.166063883,2.072834743,-2.901752531,0.143625276,           171P    285
1.874837878,-3.015613815,0.143625276,1.674179233,-3.131464138,       171P    286
0.166063883,1.476574036,-3.246003811,1.6179998222162E-005,           171P    287
0.00070468246747344,-0.017452406,0.499923848,-0.865893504;           171P    288
126,2,2,1,0,1,0,0.,0.,0.,1.,1.,1.,1.,1.,1.,0.721165105,              173P    289
0.178144271,0.,0.423366792,0.167187202,0.,0.090909091,               173P    290
0.157138156,0.,0.,1.,0.,0.,1.;                                       173P    291
126,3,3,1,0,1,0,9.85729167827999E-006,9.85729167827999E-006,         175P    292
9.85729167827999E-006,9.85729167827999E-006,                         175P    293
0.000583884801278354,0.000583884801278354,0.000583884801278354,      175P    294
0.000583884801278354,1.,1.,1.,1.,0.166063883,1.476574036,            175P    295
-3.246003811,0.289879504,1.45762043,-3.39064961,0.415149461,         175P    296
1.438869663,-3.534082947,0.541421356,1.420265279,-3.676635533,       175P    297
9.85729167827999E-006,0.000583884801278354,0.,0.,0.;                 175P    298
126,1,1,1,0,1,0,0.,0.,1.,1.,1.,1.,0.090909091,0.157138156,0.,        177P    299
0.090909091,0.072043565,0.,0.,1.,0.,0.,1.;                           177P    300
124,-5.71187337079924E-017,-2.20646712246093E-017,-1.,               179P    301
0.54142135623731,0.360343427018656,-0.932819711736652,0.,            179P    302
-0.195097626967641,-0.932819711736652,-0.360343427018656,            179P    303
6.12323399573677E-017,0.505048513453355;                             179P    304
100,0.,0.541421356,0.,4.482842712,0.,4.393209221,0.8357826;          181P    305
126,2,2,1,0,1,0,0.,0.,0.,1.,1.,1.,1.,1.,1.,0.090909091,              183P    306
0.072043565,0.,0.4298546,0.059970102,0.,0.721165105,                 183P    307
0.046147992,0.,0.,1.,0.,0.,1.;                                       183P    308
126,3,3,1,0,1,0,3.03052549399784E-007,3.03052549399784E-007,         185P    309
3.03052549399784E-007,3.03052549399784E-007,                         185P    310
0.000574330542374878,0.000574330542374878,0.000574330542374878,      185P    311
0.000574330542374878,1.,1.,1.,1.,0.541421356,0.608331955,            185P    312
-3.894192412,0.415149461,0.520943793,-3.780040443,0.289879504,       185P    313
0.432988483,-3.665198913,0.166063883,0.34425128,-3.549408779,        185P    314
3.03052549399784E-007,0.000574330542374878,0.,0.,0.;                 185P    315
126,2,2,1,0,1,0,0.,0.,0.,1.,1.,1.,1.,1.,1.,0.721165105,              187P    316
0.046147992,0.,0.749627202,0.024192162,0.,0.749627202,0.,0.,0.,      187P    317
1.,0.,0.,1.;                                                         187P    318
126,3,3,1,0,1,0,5.83108092530204E-006,5.83108092530204E-006,         189P    319
5.83108092530204E-006,5.83108092530204E-006,                         189P    320
0.000350082360745955,0.000350082360745955,0.000350082360745955,      189P    321
0.000350082360745955,1.,1.,1.,1.,0.166063883,0.34425128,             189P    322
-3.549408779,0.154830982,0.229912398,-3.549212707,0.149112898,       189P    323
0.114889496,-3.549112898,0.149112898,0.,-3.549112898,                189P    324
5.83108092530204E-006,0.000350082360745955,0.,0.,0.;                 189P    325
126,1,1,1,0,1,0,0.,0.,1.,1.,1.,1.,0.749627202,0.,0.,1.,0.,0.,        191P    326
0.,1.,0.,0.,1.;                                                      191P    327
110,0.149112898,0.,-3.549112898,0.,0.,-3.4;                          193P    328
102,28,69,75,79,83,87,93,97,101,105,111,115,119,123,129,133,         195P    329
137,141,147,151,155,159,165,169,173,177,183,187,191;                 195P    330
102,28,73,77,81,85,91,95,99,103,109,113,117,121,127,131,135,         197P    331
139,145,149,153,157,163,167,171,175,181,185,189,193;                 197P    332
142,1,67,195,197,1;                                                  199P    333
144,67,1,0,199;                                                      201P    334
128,3,1,3,1,0,0,0,0,0,0.,0.,0.,0.,1.,1.,1.,1.,0.,0.,1.,1.,1.,        203P    335
0.333333333333333,0.333333333333333,1.,1.,0.333333333333333,         203P    336
0.333333333333333,1.,4.55,0.,1.989919403,4.55,3.979838806,           203P    337
1.989919403,4.55,3.979838806,-1.989919403,4.55,0.,-1.989919403,      203P    338
3.95,0.,1.989919403,3.95,3.979838806,1.989919403,3.95,               203P    339
3.979838806,-1.989919403,3.95,0.,-1.989919403,0.,1.,0.,1.;           203P    340
126,1,1,1,0,1,0,0.,0.,1.,1.,1.,1.,0.,0.083333333,0.,1.,              205P    341
0.083333333,0.,0.,1.,0.,0.,1.;                                       205P    342
124,6.12323399573677E-017,0.,-1.,4.5,0.,1.,0.,0.,1.,0.,              207P    343
6.12323399573677E-017,-4.5;                                          207P    344
100,0.,4.5,0.,6.489919403,0.,2.510080597,0.;                         209P    345
126,1,1,1,0,1,0,0.,0.,1.,1.,1.,1.,1.,0.083333333,0.,1.,              211P    346
0.916666667,0.,0.,1.,0.,0.,1.;                                       211P    347
110,4.5,0.,-1.989919403,4.,0.,-1.989919403;                          213P    348
126,1,1,1,0,1,0,0.,0.,1.,1.,1.,1.,1.,0.916666667,0.,0.,              215P    349
0.916666667,0.,0.,1.,0.,0.,1.;                                       215P    350
124,6.12323399573677E-017,0.,1.,4.,0.,1.,0.,0.,-1.,0.,               217P    351
6.12323399573677E-017,4.;                                            217P    352
100,0.,4.,0.,5.989919403,0.,2.010080597,0.;                          219P    353
126,1,1,1,0,1,0,0.,0.,1.,1.,1.,1.,0.,0.916666667,0.,0.,              221P    354
0.083333333,0.,0.,1.,0.,0.,1.;                                       221P    355
110,4.,0.,1.989919403,4.5,0.,1.989919403;                            223P    356
102,4,205,211,215,221;                                               225P    357
102,4,209,213,219,223;                                               227P    358
142,1,203,225,227,1;                                                 229P    359
144,203,1,0,229;                                                     231P    360
128,3,1,3,1,0,0,0,0,0,0.,0.,0.,0.,1.,1.,1.,1.,0.,0.,1.,1.,1.,        233P    361
0.995496686683057,0.995496686683057,1.,1.,0.995496686683057,         233P    362
0.995496686683057,1.,4.111715729,3.957733221,-0.579954959,           233P    363
4.111715729,3.912666574,-0.887499127,4.111715729,3.832218213,        233P    364
-1.187736497,4.111715729,3.71747499,-1.476610882,0.371126984,        233P    365
3.957733221,-0.579954959,0.371126984,3.912666574,-0.887499127,       233P    366
0.371126984,3.832218213,-1.187736497,0.371126984,3.71747499,         233P    367
-1.476610882,0.,1.,0.,1.;                                            233P    368
126,1,1,1,0,1,0,0.,0.,1.,1.,1.,1.,0.005942002,0.083333333,0.,        235P    369
0.994057998,0.083333333,0.,0.,1.,0.,0.,1.;                           235P    370
124,-8.96154002254668E-018,-6.0573015915331E-017,-1.,3.8,            237P    371
0.989232421258183,-0.14635305508145,0.,-3.7590832007811,             237P    372
-0.14635305508145,-0.989232421258183,6.12323399573677E-017,          237P    373
0.556141609309509;                                                   237P    374
100,0.,3.8,0.,7.8,0.,7.694813677,0.911277358;                        239P    375
126,1,1,1,0,1,0,0.,0.,1.,1.,1.,1.,0.994057998,0.083333333,0.,        241P    376
0.926779778,0.916666667,0.,0.,1.,0.,0.,1.;                           241P    377
126,3,3,1,0,0,0,0.,0.,0.,0.,1.,1.,1.,1.,1.,0.99997966465909,         243P    378
0.99997966465909,1.,3.8,3.719507738,-1.471482988,2.765540636,        243P    379
3.72716998,-1.45211493,1.726467077,3.734680713,-1.432687616,         243P    380
0.682842712,3.742039478,-1.413202231,0.,1.,0.,0.,0.;                 243P    381
126,1,1,1,0,1,0,0.,0.,1.,1.,1.,1.,0.926779778,0.916666667,0.,        245P    382
0.073220222,0.916666667,0.,0.,1.,0.,0.,1.;                           245P    383
124,2.1633419861253E-017,-5.72834583606942E-017,1.,                  247P    384
0.68284271247462,0.935509869467298,0.353300557782293,0.,             247P    385
-0.638806096813827,-0.353300557782293,0.935509869467298,             247P    386
6.12323399573677E-017,0.241248711194857;                             247P    387
100,0.,0.682842712,0.,4.682842712,0.,4.604221738,0.789168255;        249P    388
126,1,1,1,0,1,0,0.,0.,1.,1.,1.,1.,0.073220222,0.916666667,0.,        251P    389
0.005942002,0.083333333,0.,0.,1.,0.,0.,1.;                           251P    390
126,3,3,1,0,0,0,0.,0.,0.,0.,1.,1.,1.,1.,1.,0.99997966465909,         253P    391
0.99997966465909,1.,0.682842712,3.947302365,-0.647150706,            253P    392
1.726467077,3.95067218,-0.626596486,2.765540636,3.953881352,         253P    393
-0.606016572,3.8,3.956929685,-0.58541222,0.,1.,0.,0.,0.;             253P    394
102,4,235,241,245,251;                                               255P    395
102,4,239,243,249,253;                                               257P    396
142,1,233,255,257,1;                                                 259P    397
144,233,1,0,259;                                                     261P    398
128,1,3,1,3,0,0,0,0,0,0.,0.,1.,1.,0.,0.,0.,0.,1.,1.,1.,1.,1.,        263P    399
1.,0.992683245442918,0.992683245442918,0.992683245442918,            263P    400
0.992683245442918,1.,1.,3.78,3.994131123,-0.455320299,4.,            263P    401
3.775546832,-0.430402273,3.78,3.948951766,-0.851639713,4.,           263P    402
3.732839978,-0.805032564,3.78,3.845712404,-1.236934257,4.,           263P    403
3.635250531,-1.169241338,3.78,3.686679168,-1.602746615,4.,           263P    404
3.484920606,-1.515034114,0.,1.,0.,1.;                                263P    405
126,2,2,1,0,1,0,0.,0.,0.,1.,1.,1.,1.,1.,1.,1.,0.994049748,0.,        265P    406
0.560730755,0.93911729,0.,0.090909091,0.887190358,0.,0.,1.,0.,       265P    407
0.,1.;                                                               265P    408
126,3,3,1,0,1,0,3.10321405702302E-007,3.10321405702302E-007,         267P    409
3.10321405702302E-007,3.10321405702302E-007,                         267P    410
0.000308840939766997,0.000308840939766997,0.000308840939766997,      267P    411
0.000308840939766997,1.,1.,1.,1.,4.,3.487579259,-1.508903877,        267P    412
3.933718438,3.565212653,-1.496389708,3.867028258,3.642505312,        267P    413
-1.483918123,3.8,3.719507738,-1.471482988,                           267P    414
3.10321405702302E-007,0.000308840939766997,0.,0.,0.;                 267P    415
126,1,1,1,0,1,0,0.,0.,1.,1.,1.,1.,0.090909091,0.887190358,0.,        269P    416
0.090909091,0.112809642,0.,0.,1.,0.,0.,1.;                           269P    417
124,2.25255866411105E-017,-5.69385405777885E-017,1.,3.8,             271P    418
0.929876934597491,0.367870747007116,0.,-3.53353235147047,            271P    419
-0.367870747007116,0.929876934597491,6.12323399573677E-017,          271P    420
1.39790883862704;                                                    271P    421
100,0.,3.8,0.,7.8,0.,7.694813677,0.911277358;                        273P    422
126,2,2,1,0,1,0,0.,0.,0.,1.,1.,1.,1.,1.,1.,0.090909091,              275P    423
0.112809642,0.,0.560730755,0.06088271,0.,1.,0.005950252,0.,0.,       275P    424
1.,0.,0.,1.;                                                         275P    425
126,3,3,1,0,1,0,3.06861375454486E-007,3.06861375454486E-007,         277P    426
3.06861375454486E-007,3.06861375454486E-007,                         277P    427
0.000308837479736739,0.000308837479736739,0.000308837479736739,      277P    428
0.000308837479736739,1.,1.,1.,1.,3.8,3.956929685,-0.58541222,        277P    429
3.867028258,3.896461195,-0.536141864,3.933718438,3.835759581,        277P    430
-0.486694825,4.,3.774784175,-0.43704054,3.06861375454486E-007,       277P    431
0.000308837479736739,0.,0.,0.;                                       277P    432
126,1,1,1,0,1,0,0.,0.,1.,1.,1.,1.,1.,0.005950252,0.,1.,              279P    433
0.994049748,0.,0.,1.,0.,0.,1.;                                       279P    434
124,-7.04237234435249E-018,-6.08260178576417E-017,-1.,4.,            281P    435
0.993364256534882,-0.115010668369944,0.,-3.97345702613953,           281P    436
-0.115010668369944,-0.993364256534882,6.12323399573677E-017,         281P    437
0.460042673479777;                                                   281P    438
100,0.,4.,0.,7.8,0.,7.637976621,1.097782357;                         283P    439
102,4,265,269,275,279;                                               285P    440
102,4,267,273,277,283;                                               287P    441
142,1,263,285,287,1;                                                 289P    442
144,263,1,0,289;                                                     291P    443
128,3,3,3,3,0,0,0,0,0,0.,0.,0.,0.,1.,1.,1.,1.,0.,0.,0.,0.,1.,        293P    444
1.,1.,1.,1.,0.920706259011136,0.920706259011136,1.,                  293P    445
0.996107244693824,0.917122174835941,0.917122174835941,               293P    446
0.996107244693824,0.996107244693824,0.917122174835941,               293P    447
0.917122174835941,0.996107244693824,1.,0.920706259011136,            293P    448
0.920706259011136,1.,0.528009297,3.880318746,-0.601069574,           293P    449
0.571367858,3.932723396,-0.609187165,0.634652645,3.958627871,        293P    450
-0.613199823,0.702809396,3.951869982,-0.612153012,0.528009297,       293P    451
3.836909557,-0.881305829,0.571367858,3.888727956,-0.893208079,       293P    452
0.634652645,3.914342637,-0.899091556,0.702809396,3.907660349,        293P    453
-0.89755669,0.528009297,3.763514063,-1.155221542,0.571367858,        293P    454
3.814341238,-1.170823091,0.634652645,3.839465941,-1.178535191,       293P    455
0.702809396,3.832911477,-1.176523279,0.528009297,3.660989395,        293P    456
-1.419617852,0.571367858,3.71043195,-1.438790138,0.634652645,        293P    457
3.734872212,-1.448267311,0.702809396,3.728496302,-1.445794932,       293P    458
0.,1.,0.,1.;                                                         293P    459
126,4,2,1,0,1,0,0.,0.,0.,0.5,0.5,1.,1.,1.,1.,1.,1.,1.,1.,            295P    460
0.895519555,0.959135752,0.,0.692519928,0.958227994,0.,               295P    461
0.49233895,0.967526489,0.,0.311756796,0.975914611,0.,                295P    462
0.104480445,0.994059785,0.,0.,1.,0.,0.,1.;                           295P    463
126,9,3,1,0,1,0,2.71172577258239E-005,2.71172577258239E-005,         297P    464
2.71172577258239E-005,2.71172577258239E-005,                         297P    465
5.30848615518984E-005,5.30848615518984E-005,                         297P    466
5.30848615518984E-005,0.000120737724381874,                          297P    467
0.000120737724381874,0.000120737724381874,0.00018533302735014,       297P    468
0.00018533302735014,0.00018533302735014,0.00018533302735014,1.,      297P    469
1.,1.,1.,1.,1.,1.,1.,1.,1.,0.682842712,3.742039478,                  297P    470
-1.413202231,0.674010277,3.742101757,-1.413037322,0.665146224,       297P    471
3.741497648,-1.412969237,0.656402089,3.740239792,-1.412998803,       297P    472
0.633809244,3.73698978,-1.413075194,0.611508351,3.729149176,         297P    473
-1.413827581,0.591733423,3.717824364,-1.41513369,0.572897824,        297P    474
3.707037492,-1.416377757,0.555769005,3.692833077,-1.418151355,       297P    475
0.541421356,3.676635533,-1.420265279,2.71172577258239E-005,          297P    476
0.00018533302735014,0.,0.,0.;                                        297P    477
126,1,1,1,0,1,0,0.,0.,1.,1.,1.,1.,0.104480445,0.994059785,0.,        299P    478
0.104480445,0.005940215,0.,0.,1.,0.,0.,1.;                           299P    479
124,2.20646712246164E-017,-5.71187337079896E-017,1.,                 301P    480
0.54142135623731,0.932819711736607,0.360343427018772,0.,             301P    481
-0.50504851345333,-0.360343427018772,0.932819711736607,              301P    482
6.12323399573677E-017,0.195097626967704;                             301P    483
100,0.,0.541421356,0.,4.482842712,0.,4.393209221,0.8357826;          303P    484
126,4,2,1,0,1,0,0.,0.,0.,0.5,0.5,1.,1.,1.,1.,1.,1.,1.,1.,            305P    485
0.104480445,0.005940215,0.,0.312220566,0.024125988,0.,               305P    486
0.4931875,0.032512881,0.,0.692934845,0.041770151,0.,                 305P    487
0.895519555,0.040864248,0.,0.,1.,0.,0.,1.;                           305P    488
126,9,3,1,0,1,0,3.01927832294955E-007,3.01927832294955E-007,         307P    489
3.01927832294955E-007,3.01927832294955E-007,                         307P    490
3.99198634656979E-005,3.99198634656979E-005,                         307P    491
3.99198634656979E-005,0.000100791733627089,                          307P    492
0.000100791733627089,0.000100791733627089,0.000161638366614797,      307P    493
0.000161638366614797,0.000161638366614797,0.000161638366614797,      307P    494
1.,1.,1.,1.,1.,1.,1.,1.,1.,1.,0.541421356,3.894192412,               307P    495
-0.608331955,0.550136327,3.902070896,-0.614363268,0.559825624,       307P    496
3.909356912,-0.619904767,0.570285287,3.915794003,-0.624758349,       307P    497
0.586231437,3.92560759,-0.632157817,0.604333118,3.933607347,         307P    498
-0.638076133,0.623352638,3.93898729,-0.641903984,0.642340047,        307P    499
3.944358151,-0.645725371,0.662747688,3.947237479,-0.647546478,       307P    500
0.682842712,3.947302365,-0.647150706,3.01927832294955E-007,          307P    501
0.000161638366614797,0.,0.,0.;                                       307P    502
126,1,1,1,0,1,0,0.,0.,1.,1.,1.,1.,0.895519555,0.040864248,0.,        309P    503
0.895519555,0.959135752,0.,0.,1.,0.,0.,1.;                           309P    504
124,-9.90663800955682E-018,-6.04256400876503E-017,-1.,               311P    505
0.68284271247462,0.986825591341454,-0.161787676519535,0.,            311P    506
-0.673846663530969,-0.161787676519535,-0.986825591341454,            311P    507
6.12323399573677E-017,0.110475535879566;                             311P    508
100,0.,0.682842712,0.,4.682842712,0.,4.604221738,0.789168255;        313P    509
102,4,295,299,305,309;                                               315P    510
102,4,297,303,307,313;                                               317P    511
142,1,293,315,317,1;                                                 319P    512
144,293,1,0,319;                                                     321P    513
128,3,1,3,1,0,0,0,0,0,0.,0.,0.,0.,1.,1.,1.,1.,0.,0.,1.,1.,1.,        323P    514
0.995496686683058,0.995496686683058,1.,1.,0.995496686683058,         323P    515
0.995496686683058,1.,4.111715729,3.137520031,-2.481122338,           323P    516
4.111715729,2.944719086,-2.724930076,4.111715729,2.724930076,        323P    517
-2.944719086,4.111715729,2.481122338,-3.137520031,0.371126984,       323P    518
3.137520031,-2.481122338,0.371126984,2.944719086,-2.724930076,       323P    519
0.371126984,2.724930076,-2.944719086,0.371126984,2.481122338,        323P    520
-3.137520031,0.,1.,0.,1.;                                            323P    521
126,1,1,1,0,1,0,0.,0.,1.,1.,1.,1.,0.926779778,0.916666667,0.,        325P    522
0.073220222,0.916666667,0.,0.,1.,0.,0.,1.;                           325P    523
124,4.73768203510653E-017,-3.87922202261939E-017,1.,                 327P    524
0.68284271247462,0.63352503355584,0.773722192946585,0.,              327P    525
-0.432597952333844,-0.773722192946585,0.63352503355584,              327P    526
6.12323399573677E-017,0.528330560933457;                             327P    527
100,0.,0.682842712,0.,4.682842712,0.,4.604221738,0.789168255;        329P    528
126,1,1,1,0,1,0,0.,0.,1.,1.,1.,1.,0.073220222,0.916666667,0.,        331P    529
0.005942002,0.083333333,0.,0.,1.,0.,0.,1.;                           331P    530
126,3,3,1,0,0,0,0.,0.,0.,0.,1.,1.,1.,1.,1.,0.99997966465909,         333P    531
0.99997966465909,1.,0.682842712,3.094888772,-2.534100134,            333P    532
1.726467077,3.108084227,-2.517984565,2.765540636,3.121153409,        333P    533
-2.501766422,3.8,3.134095518,-2.485446697,0.,1.,0.,0.,0.;            333P    534
126,1,1,1,0,1,0,0.,0.,1.,1.,1.,1.,0.005942002,0.083333333,0.,        335P    535
0.994057998,0.083333333,0.,0.,1.,0.,0.,1.;                           335P    536
124,-3.80474292742255E-017,-4.79770005552395E-017,-1.,3.8,           337P    537
0.783523879516004,-0.621361674251148,0.,-2.97739074216082,           337P    538
-0.621361674251148,-0.783523879516004,6.12323399573677E-017,         337P    539
2.36117436215437;                                                    337P    540
100,0.,3.8,0.,7.8,0.,7.694813677,0.911277358;                        339P    541
126,1,1,1,0,1,0,0.,0.,1.,1.,1.,1.,0.994057998,0.083333333,0.,        341P    542
0.926779778,0.916666667,0.,0.,1.,0.,0.,1.;                           341P    543
126,3,3,1,0,0,0,0.,0.,0.,0.,1.,1.,1.,1.,1.,0.99997966465909,         343P    544
0.99997966465909,1.,3.8,2.485446697,-3.134095518,2.765540636,        343P    545
2.501766422,-3.121153409,1.726467077,2.517984565,-3.108084227,       343P    546
0.682842712,2.534100134,-3.094888772,0.,1.,0.,0.,0.;                 343P    547
102,4,325,331,335,341;                                               345P    548
102,4,329,333,339,343;                                               347P    549
142,1,323,345,347,1;                                                 349P    550
144,323,1,0,349;                                                     351P    551
128,1,3,1,3,0,0,0,0,0,0.,0.,1.,1.,0.,0.,0.,0.,1.,1.,1.,1.,1.,        353P    552
1.,0.992683245442919,0.992683245442919,0.992683245442919,            353P    553
0.992683245442919,1.,1.,3.78,3.231358869,-2.391384507,4.,            353P    554
3.054518334,-2.260512718,3.78,2.994072692,-2.712017509,4.,           353P    555
2.830217967,-2.56359864,3.78,2.712017509,-2.994072692,4.,            353P    556
2.56359864,-2.830217967,3.78,2.391384507,-3.231358869,4.,            353P    557
2.260512718,-3.054518334,0.,1.,0.,1.;                                353P    558
126,2,2,1,0,1,0,0.,0.,0.,1.,1.,1.,1.,1.,1.,0.090909091,              355P    559
0.112809642,0.,0.560730755,0.06088271,0.,1.,0.005950252,0.,0.,       355P    560
1.,0.,0.,1.;                                                         355P    561
126,3,3,1,0,1,0,3.06861375437702E-007,3.06861375437702E-007,         357P    562
3.06861375437702E-007,3.06861375437702E-007,                         357P    563
0.000308837479736717,0.000308837479736717,0.000308837479736717,      357P    564
0.000308837479736717,1.,1.,1.,1.,3.8,3.134095518,-2.485446697,       357P    565
3.867028258,3.106363448,-2.412543072,3.933718438,3.078517827,        357P    566
-2.339369873,4.,3.050538719,-2.265880297,3.06861375437702E-007,      357P    567
0.000308837479736717,0.,0.,0.;                                       357P    568
126,1,1,1,0,1,0,0.,0.,1.,1.,1.,1.,1.,0.005950252,0.,1.,              359P    569
0.994049748,0.,0.,1.,0.,0.,1.;                                       359P    570
124,-3.6511882281943E-017,-4.91556905035844E-017,-1.,4.,             361P    571
0.80277334718563,-0.596284288782105,0.,-3.21109338874252,            361P    572
-0.596284288782105,-0.80277334718563,6.12323399573677E-017,          361P    573
2.38513715512842;                                                    361P    574
100,0.,4.,0.,7.8,0.,7.637976621,1.097782357;                         363P    575
126,2,2,1,0,1,0,0.,0.,0.,1.,1.,1.,1.,1.,1.,1.,0.994049748,0.,        365P    576
0.560730755,0.93911729,0.,0.090909091,0.887190358,0.,0.,1.,0.,       365P    577
0.,1.;                                                               365P    578
126,3,3,1,0,1,0,3.10321405698679E-007,3.10321405698679E-007,         367P    579
3.10321405698679E-007,3.10321405698679E-007,                         367P    580
0.000308840939766989,0.000308840939766989,0.000308840939766989,      367P    581
0.000308840939766989,1.,1.,1.,1.,4.,2.265880297,-3.050538719,        367P    582
3.933718438,2.339369873,-3.078517827,3.867028258,2.412543072,        367P    583
-3.106363448,3.8,2.485446697,-3.134095518,                           367P    584
3.10321405698679E-007,0.000308840939766989,0.,0.,0.;                 367P    585
126,1,1,1,0,1,0,0.,0.,1.,1.,1.,1.,0.090909091,0.887190358,0.,        369P    586
0.090909091,0.112809642,0.,0.,1.,0.,0.,1.;                           369P    587
124,4.79770005552455E-017,-3.80474292742179E-017,1.,3.8,             371P    588
0.621361674251025,0.783523879516102,0.,-2.3611743621539,             371P    589
-0.783523879516102,0.621361674251025,6.12323399573677E-017,          371P    590
2.97739074216119;                                                    371P    591
100,0.,3.8,0.,7.8,0.,7.694813677,0.911277358;                        373P    592
102,4,355,359,365,369;                                               375P    593
102,4,357,363,367,373;                                               377P    594
142,1,353,375,377,1;                                                 379P    595
144,353,1,0,379;                                                     381P    596
128,3,3,3,3,0,0,0,0,0,0.,0.,0.,0.,1.,1.,1.,1.,0.,0.,0.,0.,1.,        383P    597
1.,1.,1.,1.,0.920706259011136,0.920706259011136,1.,                  383P    598
0.996107244693825,0.917122174835941,0.917122174835941,               383P    599
0.996107244693825,0.996107244693825,0.917122174835941,               383P    600
0.917122174835941,0.996107244693825,1.,0.920706259011136,            383P    601
0.920706259011136,1.,0.528009297,3.059919821,-2.460700893,           383P    602
0.571367858,3.101244785,-2.493933259,0.634652645,3.121672389,        383P    603
-2.51036056,0.702809396,3.116343291,-2.50607505,0.528009297,         383P    604
2.882208234,-2.681688015,0.571367858,2.921133159,-2.717904866,       383P    605
0.634652645,2.940374385,-2.735807446,0.702809396,2.935354786,        383P    606
-2.73113707,0.528009297,2.681688015,-2.882208234,0.571367858,        383P    607
2.717904866,-2.921133159,0.634652645,2.735807446,-2.940374385,       383P    608
0.702809396,2.73113707,-2.935354786,0.528009297,2.460700893,         383P    609
-3.059919821,0.571367858,2.493933259,-3.101244785,0.634652645,       383P    610
2.51036056,-3.121672389,0.702809396,2.50607505,-3.116343291,0.,      383P    611
1.,0.,1.;                                                            383P    612
126,4,2,1,0,1,0,0.,0.,0.,0.5,0.5,1.,1.,1.,1.,1.,1.,1.,1.,            385P    613
0.104480445,0.005940215,0.,0.312220566,0.024125988,0.,               385P    614
0.4931875,0.032512881,0.,0.692934845,0.041770151,0.,                 385P    615
0.895519555,0.040864248,0.,0.,1.,0.,0.,1.;                           385P    616
126,9,3,1,0,1,0,3.01927834895248E-007,3.01927834895248E-007,         387P    617
3.01927834895248E-007,3.01927834895248E-007,                         387P    618
3.99198634685523E-005,3.99198634685523E-005,                         387P    619
3.99198634685523E-005,0.000100791733629894,                          387P    620
0.000100791733629894,0.000100791733629894,0.00016163836661734,       387P    621
0.00016163836661734,0.00016163836661734,0.00016163836661734,1.,      387P    622
1.,1.,1.,1.,1.,1.,1.,1.,1.,0.541421356,3.068303578,                  387P    623
-2.473927133,0.550136327,3.072110889,-2.483089645,0.559825624,       387P    624
3.075650015,-2.491531732,0.570285287,3.078797908,-2.498953603,       387P    625
0.586231437,3.08359699,-2.510268524,0.604333118,3.087565824,         387P    626
-2.519393815,0.623352638,3.090311067,-2.525398802,0.642340047,       387P    627
3.093051675,-2.531393651,0.662747688,3.094634693,-2.53441044,        387P    628
0.682842712,3.094888772,-2.534100134,3.01927834895248E-007,          387P    629
0.00016163836661734,0.,0.,0.;                                        387P    630
126,1,1,1,0,1,0,0.,0.,1.,1.,1.,1.,0.895519555,0.040864248,0.,        389P    631
0.895519555,0.959135752,0.,0.,1.,0.,0.,1.;                           389P    632
124,-3.87922202262014E-017,-4.73768203510592E-017,-1.,               391P    633
0.68284271247462,0.773722192946485,-0.633525033555961,0.,            391P    634
-0.528330560933389,-0.633525033555961,-0.773722192946485,            391P    635
6.12323399573677E-017,0.432597952333927;                             391P    636
100,0.,0.682842712,0.,4.682842712,0.,4.604221738,0.789168255;        393P    637
126,4,2,1,0,1,0,0.,0.,0.,0.5,0.5,1.,1.,1.,1.,1.,1.,1.,1.,            395P    638
0.895519555,0.959135752,0.,0.692673944,0.958228683,0.,               395P    639
0.492653957,0.967511863,0.,0.311928965,0.975899539,0.,               395P    640
0.104480445,0.994059785,0.,0.,1.,0.,0.,1.;                           395P    641
126,9,3,1,0,1,0,1.99299454263393E-007,1.99299454263393E-007,         397P    642
1.99299454263393E-007,1.99299454263393E-007,                         397P    643
3.0308109627915E-005,3.0308109627915E-005,3.0308109627915E-005,      397P    644
9.6502570107391E-005,9.6502570107391E-005,9.6502570107391E-005,      397P    645
0.000162035424546365,0.000162035424546365,0.000162035424546365,      397P    646
0.000162035424546365,1.,1.,1.,1.,1.,1.,1.,1.,1.,1.,0.682842712,      397P    647
2.534100134,-3.094888772,0.672808439,2.534255083,-3.0947619,         397P    648
0.662729074,2.533601137,-3.094312512,0.652826423,2.532156811,        397P    649
-3.093552138,0.631340162,2.529022987,-3.091902318,0.610217766,       397P    650
2.521991977,-3.088709561,0.591375741,2.511973809,-3.084371754,       397P    651
0.572681406,2.502034167,-3.080067949,0.555679384,2.488917355,        397P    652
-3.074532485,0.541421356,2.473927133,-3.068303578,                   397P    653
1.99299454263393E-007,0.000162035424546365,0.,0.,0.;                 397P    654
126,1,1,1,0,1,0,0.,0.,1.,1.,1.,1.,0.104480445,0.994059785,0.,        399P    655
0.104480445,0.005940215,0.,0.,1.,0.,0.,1.;                           399P    656
124,4.76679326606663E-017,-3.84339388108066E-017,1.,                 401P    657
0.54142135623731,0.627673854005348,0.778476417753341,0.,             401P    658
-0.339836029310275,-0.778476417753341,0.627673854005348,             401P    659
6.12323399573677E-017,0.421483757898776;                             401P    660
100,0.,0.541421356,0.,4.482842712,0.,4.393209221,0.8357826;          403P    661
102,4,385,389,395,399;                                               405P    662
102,4,387,393,397,403;                                               407P    663
142,1,383,405,407,1;                                                 409P    664
144,383,1,0,409;                                                     411P    665
128,3,1,3,1,0,0,0,0,0,0.,0.,0.,0.,1.,1.,1.,1.,0.,0.,1.,1.,1.,        413P    666
0.995496686683057,0.995496686683057,1.,1.,0.995496686683057,         413P    667
0.995496686683057,1.,4.111715729,1.476610882,-3.71747499,            413P    668
4.111715729,1.187736497,-3.832218213,4.111715729,0.887499127,        413P    669
-3.912666574,4.111715729,0.579954959,-3.957733221,0.371126984,       413P    670
1.476610882,-3.71747499,0.371126984,1.187736497,-3.832218213,        413P    671
0.371126984,0.887499127,-3.912666574,0.371126984,0.579954959,        413P    672
-3.957733221,0.,1.,0.,1.;                                            413P    673
126,1,1,1,0,1,0,0.,0.,1.,1.,1.,1.,0.926779778,0.916666667,0.,        415P    674
0.073220222,0.916666667,0.,0.,1.,0.,0.,1.;                           415P    675
124,6.04256400876516E-017,-9.90663800954862E-018,1.,                 417P    676
0.68284271247462,0.161787676519402,0.986825591341476,0.,             417P    677
-0.110475535879474,-0.986825591341476,0.161787676519402,             417P    678
6.12323399573677E-017,0.673846663530984;                             417P    679
100,0.,0.682842712,0.,4.682842712,0.,4.604221738,0.789168255;        419P    680
126,1,1,1,0,1,0,0.,0.,1.,1.,1.,1.,0.073220222,0.916666667,0.,        421P    681
0.005942002,0.083333333,0.,0.,1.,0.,0.,1.;                           421P    682
126,3,3,1,0,0,0,0.,0.,0.,0.,1.,1.,1.,1.,1.,0.99997966465909,         423P    683
0.99997966465909,1.,0.682842712,1.413202231,-3.742039478,            423P    684
1.726467077,1.432687616,-3.734680713,2.765540636,1.45211493,         423P    685
-3.72716998,3.8,1.471482988,-3.719507738,0.,1.,0.,0.,0.;             423P    686
126,1,1,1,0,1,0,0.,0.,1.,1.,1.,1.,0.005942002,0.083333333,0.,        425P    687
0.994057998,0.083333333,0.,0.,1.,0.,0.,1.;                           425P    688
124,-5.69385405777913E-017,-2.25255866411035E-017,-1.,3.8,           427P    689
0.367870747007002,-0.929876934597536,0.,-1.39790883862661,           427P    690
-0.929876934597536,-0.367870747007002,6.12323399573677E-017,         427P    691
3.53353235147064;                                                    427P    692
100,0.,3.8,0.,7.8,0.,7.694813677,0.911277358;                        429P    693
126,1,1,1,0,1,0,0.,0.,1.,1.,1.,1.,0.994057998,0.083333333,0.,        431P    694
0.926779778,0.916666667,0.,0.,1.,0.,0.,1.;                           431P    695
126,3,3,1,0,0,0,0.,0.,0.,0.,1.,1.,1.,1.,1.,0.99997966465909,         433P    696
0.99997966465909,1.,3.8,0.58541222,-3.956929685,2.765540636,         433P    697
0.606016572,-3.953881352,1.726467077,0.626596486,-3.95067218,        433P    698
0.682842712,0.647150706,-3.947302365,0.,1.,0.,0.,0.;                 433P    699
102,4,415,421,425,431;                                               435P    700
102,4,419,423,429,433;                                               437P    701
142,1,413,435,437,1;                                                 439P    702
144,413,1,0,439;                                                     441P    703
128,1,3,1,3,0,0,0,0,0,0.,0.,1.,1.,0.,0.,0.,0.,1.,1.,1.,1.,1.,        443P    704
1.,0.992683245442917,0.992683245442917,0.992683245442917,            443P    705
0.992683245442917,1.,1.,3.78,1.602746615,-3.686679168,4.,            443P    706
1.515034114,-3.484920606,3.78,1.236934257,-3.845712404,4.,           443P    707
1.169241338,-3.635250531,3.78,0.851639713,-3.948951766,4.,           443P    708
0.805032564,-3.732839978,3.78,0.455320299,-3.994131123,4.,           443P    709
0.430402273,-3.775546832,0.,1.,0.,1.;                                443P    710
126,2,2,1,0,1,0,0.,0.,0.,1.,1.,1.,1.,1.,1.,0.090909091,              445P    711
0.112809642,0.,0.560730755,0.06088271,0.,1.,0.005950252,0.,0.,       445P    712
1.,0.,0.,1.;                                                         445P    713
126,3,3,1,0,1,0,3.06861375434116E-007,3.06861375434116E-007,         447P    714
3.06861375434116E-007,3.06861375434116E-007,                         447P    715
0.000308837479736711,0.000308837479736711,0.000308837479736711,      447P    716
0.000308837479736711,1.,1.,1.,1.,3.8,1.471482988,-3.719507738,       447P    717
3.867028258,1.483918123,-3.642505312,3.933718438,1.496389708,        447P    718
-3.565212653,4.,1.508903877,-3.487579259,3.06861375434116E-007,      447P    719
0.000308837479736711,0.,0.,0.;                                       447P    720
126,1,1,1,0,1,0,0.,0.,1.,1.,1.,1.,1.,0.005950252,0.,1.,              449P    721
0.994049748,0.,0.,1.,0.,0.,1.;                                       449P    722
124,-5.61980628479424E-017,-2.43141355756966E-017,-1.,4.,            451P    723
0.397079967752745,-0.917784015555664,0.,-1.58831987101098,           451P    724
-0.917784015555664,-0.397079967752745,6.12323399573677E-017,         451P    725
3.67113606222266;                                                    451P    726
100,0.,4.,0.,7.8,0.,7.637976621,1.097782357;                         453P    727
126,2,2,1,0,1,0,0.,0.,0.,1.,1.,1.,1.,1.,1.,1.,0.994049748,0.,        455P    728
0.560730755,0.93911729,0.,0.090909091,0.887190358,0.,0.,1.,0.,       455P    729
0.,1.;                                                               455P    730
126,3,3,1,0,1,0,3.10321405701139E-007,3.10321405701139E-007,         457P    731
3.10321405701139E-007,3.10321405701139E-007,                         457P    732
0.000308840939767007,0.000308840939767007,0.000308840939767007,      457P    733
0.000308840939767007,1.,1.,1.,1.,4.,0.43704054,-3.774784175,         457P    734
3.933718438,0.486694825,-3.835759581,3.867028258,0.536141864,        457P    735
-3.896461195,3.8,0.58541222,-3.956929685,3.10321405701139E-007,      457P    736
0.000308840939767007,0.,0.,0.;                                       457P    737
126,1,1,1,0,1,0,0.,0.,1.,1.,1.,1.,0.090909091,0.887190358,0.,        459P    738
0.090909091,0.112809642,0.,0.,1.,0.,0.,1.;                           459P    739
124,6.05730159153322E-017,-8.96154002253832E-018,1.,3.8,             461P    740
0.146353055081313,0.989232421258203,0.,-0.556141609308991,           461P    741
-0.989232421258203,0.146353055081313,6.12323399573677E-017,          461P    742
3.75908320078118;                                                    461P    743
100,0.,3.8,0.,7.8,0.,7.694813677,0.911277358;                        463P    744
102,4,445,449,455,459;                                               465P    745
102,4,447,453,457,463;                                               467P    746
142,1,443,465,467,1;                                                 469P    747
144,443,1,0,469;                                                     471P    748
128,3,3,3,3,0,0,0,0,0,0.,0.,0.,0.,1.,1.,1.,1.,0.,0.,0.,0.,1.,        473P    749
1.,1.,1.,1.,0.920706259011136,0.920706259011136,1.,                  473P    750
0.996107244693824,0.91712217483594,0.91712217483594,                 473P    751
0.996107244693824,0.996107244693824,0.91712217483594,                473P    752
0.91712217483594,0.996107244693824,1.,0.920706259011136,             473P    753
0.920706259011136,1.,0.528009297,1.419617852,-3.660989395,           473P    754
0.571367858,1.438790138,-3.71043195,0.634652645,1.448267311,         473P    755
-3.734872212,0.702809396,1.445794932,-3.728496302,0.528009297,       473P    756
1.155221542,-3.763514063,0.571367858,1.170823091,-3.814341238,       473P    757
0.634652645,1.178535191,-3.839465941,0.702809396,1.176523279,        473P    758
-3.832911477,0.528009297,0.881305829,-3.836909557,0.571367858,       473P    759
0.893208079,-3.888727956,0.634652645,0.899091556,-3.914342637,       473P    760
0.702809396,0.89755669,-3.907660349,0.528009297,0.601069574,         473P    761
-3.880318746,0.571367858,0.609187165,-3.932723396,0.634652645,       473P    762
0.613199823,-3.958627871,0.702809396,0.612153012,-3.951869982,       473P    763
0.,1.,0.,1.;                                                         473P    764
126,4,2,1,0,1,0,0.,0.,0.,0.5,0.5,1.,1.,1.,1.,1.,1.,1.,1.,            475P    765
0.104480445,0.005940215,0.,0.312220566,0.024125988,0.,               475P    766
0.4931875,0.032512881,0.,0.692934845,0.041770151,0.,                 475P    767
0.895519555,0.040864248,0.,0.,1.,0.,0.,1.;                           475P    768
126,9,3,1,0,1,0,0.000489481511104266,0.000489481511104266,           477P    769
0.000489481511104266,0.000489481511104266,0.000528637796767696,      477P    770
0.000528637796767696,0.000528637796767696,0.000588800354427042,      477P    771
0.000588800354427042,0.000588800354427042,0.000648937968989902,      477P    772
0.000648937968989902,0.000648937968989902,0.000648937968989902,      477P    773
1.,1.,1.,1.,1.,1.,1.,1.,1.,1.,0.541421356,1.420265279,               477P    774
-3.676635533,0.550136327,1.418981251,-3.686474157,0.559825624,       477P    775
1.41782518,-3.695554781,0.570285287,1.4168404,-3.703556257,          477P    776
0.586231437,1.415339066,-3.715754807,0.604333118,1.414213532,        477P    777
-3.725641958,0.623352638,1.413588489,-3.73221505,0.642340047,        477P    778
1.4129645,-3.738777046,0.662747688,1.412827039,-3.742181171,         477P    779
0.682842712,1.413202231,-3.742039478,0.000489481511104266,           477P    780
0.000648937968989902,0.,0.,0.;                                       477P    781
126,1,1,1,0,1,0,0.,0.,1.,1.,1.,1.,0.895519555,0.040864248,0.,        479P    782
0.895519555,0.959135752,0.,0.,1.,0.,0.,1.;                           479P    783
124,-5.7283458360621E-017,-2.16334198614469E-017,-1.,                481P    784
0.68284271247462,0.353300557785459,-0.935509869466102,0.,            481P    785
-0.241248711197019,-0.935509869466102,-0.353300557785459,            481P    786
6.12323399573677E-017,0.63880609681301;                              481P    787
100,0.,0.682842712,0.,4.682842712,0.,4.604221738,0.789168255;        483P    788
126,4,2,1,0,1,0,0.,0.,0.,0.5,0.5,1.,1.,1.,1.,1.,1.,1.,1.,            485P    789
0.895519555,0.959135752,0.,0.692673944,0.958228683,0.,               485P    790
0.492653957,0.967511863,0.,0.311928965,0.975899539,0.,               485P    791
0.104480445,0.994059785,0.,0.,1.,0.,0.,1.;                           485P    792
126,9,3,1,0,1,0,1.99299454299747E-007,1.99299454299747E-007,         487P    793
1.99299454299747E-007,1.99299454299747E-007,                         487P    794
3.0308109627952E-005,3.0308109627952E-005,3.0308109627952E-005,      487P    795
9.65025701074265E-005,9.65025701074265E-005,                         487P    796
9.65025701074265E-005,0.000162035424546403,                          487P    797
0.000162035424546403,0.000162035424546403,0.000162035424546403,      487P    798
1.,1.,1.,1.,1.,1.,1.,1.,1.,1.,0.682842712,0.647150706,               487P    799
-3.947302365,0.672808439,0.647348331,-3.947269965,0.662729074,       487P    800
0.647006692,-3.946553811,0.652826423,0.646136056,-3.945173145,       487P    801
0.631340162,0.644246995,-3.942177447,0.610217766,0.639754339,        487P    802
-3.935896933,0.591375741,0.633247255,-3.927131199,0.572681406,       487P    803
0.626791176,-3.918434173,0.555679384,0.618199415,-3.907081914,       487P    804
0.541421356,0.608331955,-3.894192412,1.99299454299747E-007,          487P    805
0.000162035424546403,0.,0.,0.;                                       487P    806
126,1,1,1,0,1,0,0.,0.,1.,1.,1.,1.,0.104480445,0.994059785,0.,        489P    807
0.104480445,0.005940215,0.,0.,1.,0.,0.,1.;                           489P    808
124,6.04986100354268E-017,-9.45080104731866E-018,1.,                 491P    809
0.54142135623731,0.15434329398319,0.988017281024183,0.,              491P    810
-0.0835647555545128,-0.988017281024183,0.15434329398319,             491P    811
6.12323399573677E-017,0.534933656278012;                             491P    812
100,0.,0.541421356,0.,4.482842712,0.,4.393209221,0.8357826;          493P    813
102,4,475,479,485,489;                                               495P    814
102,4,477,483,487,493;                                               497P    815
142,1,473,495,497,1;                                                 499P    816
144,473,1,0,499;                                                     501P    817
128,3,1,3,1,0,0,0,0,0,0.,0.,0.,0.,1.,1.,1.,1.,0.,0.,1.,1.,1.,        503P    818
0.995496686683056,0.995496686683056,1.,1.,0.995496686683056,         503P    819
0.995496686683056,1.,4.111715729,-0.579954959,-3.957733221,          503P    820
4.111715729,-0.887499127,-3.912666574,4.111715729,-1.187736497,      503P    821
-3.832218213,4.111715729,-1.476610882,-3.71747499,0.371126984,       503P    822
-0.579954959,-3.957733221,0.371126984,-0.887499127,                  503P    823
-3.912666574,0.371126984,-1.187736497,-3.832218213,0.371126984,      503P    824
-1.476610882,-3.71747499,0.,1.,0.,1.;                                503P    825
126,1,1,1,0,1,0,0.,0.,1.,1.,1.,1.,0.926779778,0.916666667,0.,        505P    826
0.073220222,0.916666667,0.,0.,1.,0.,0.,1.;                           505P    827
124,5.72834583606914E-017,2.16334198612606E-017,1.,                  507P    828
0.68284271247462,-0.353300557782418,0.935509869467251,0.,            507P    829
0.241248711194942,-0.935509869467251,-0.353300557782418,             507P    830
6.12323399573677E-017,0.638806096813795;                             507P    831
100,0.,0.682842712,0.,4.682842712,0.,4.604221738,0.789168255;        509P    832
126,1,1,1,0,1,0,0.,0.,1.,1.,1.,1.,0.073220222,0.916666667,0.,        511P    833
0.005942002,0.083333333,0.,0.,1.,0.,0.,1.;                           511P    834
126,3,3,1,0,0,0,0.,0.,0.,0.,1.,1.,1.,1.,1.,0.99997966465909,         513P    835
0.99997966465909,1.,0.682842712,-0.647150706,-3.947302365,           513P    836
1.726467077,-0.626596486,-3.95067218,2.765540636,-0.606016572,       513P    837
-3.953881352,3.8,-0.58541222,-3.956929685,0.,1.,0.,0.,0.;            513P    838
126,1,1,1,0,1,0,0.,0.,1.,1.,1.,1.,0.005942002,0.083333333,0.,        515P    839
0.994057998,0.083333333,0.,0.,1.,0.,0.,1.;                           515P    840
124,-6.057301591533E-017,8.96154002255345E-018,-1.,                  517P    841
3.80000000000001,-0.14635305508156,-0.989232421258166,0.,            517P    842
0.55614160930993,-0.989232421258166,0.14635305508156,                517P    843
6.12323399573677E-017,3.75908320078104;                              517P    844
100,0.,3.8,0.,7.8,0.,7.694813677,0.911277358;                        519P    845
126,1,1,1,0,1,0,0.,0.,1.,1.,1.,1.,0.994057998,0.083333333,0.,        521P    846
0.926779778,0.916666667,0.,0.,1.,0.,0.,1.;                           521P    847
126,3,3,1,0,0,0,0.,0.,0.,0.,1.,1.,1.,1.,1.,0.99997966465909,         523P    848
0.99997966465909,1.,3.8,-1.471482988,-3.719507738,2.765540636,       523P    849
-1.45211493,-3.72716998,1.726467077,-1.432687616,-3.734680713,       523P    850
0.682842712,-1.413202231,-3.742039478,0.,1.,0.,0.,0.;                523P    851
102,4,505,511,515,521;                                               525P    852
102,4,509,513,519,523;                                               527P    853
142,1,503,525,527,1;                                                 529P    854
144,503,1,0,529;                                                     531P    855
128,1,3,1,3,0,0,0,0,0,0.,0.,1.,1.,0.,0.,0.,0.,1.,1.,1.,1.,1.,        533P    856
1.,0.992683245442915,0.992683245442915,0.992683245442915,            533P    857
0.992683245442915,1.,1.,3.78,-0.455320299,-3.994131123,4.,           533P    858
-0.430402273,-3.775546832,3.78,-0.851639713,-3.948951766,4.,         533P    859
-0.805032564,-3.732839978,3.78,-1.236934257,-3.845712404,4.,         533P    860
-1.169241338,-3.635250531,3.78,-1.602746615,-3.686679168,4.,         533P    861
-1.515034114,-3.484920606,0.,1.,0.,1.;                               533P    862
126,2,2,1,0,1,0,0.,0.,0.,1.,1.,1.,1.,1.,1.,0.090909091,              535P    863
0.112809642,0.,0.560730755,0.06088271,0.,1.,0.005950252,0.,0.,       535P    864
1.,0.,0.,1.;                                                         535P    865
126,3,3,1,0,1,0,3.06861375434474E-007,3.06861375434474E-007,         537P    866
3.06861375434474E-007,3.06861375434474E-007,                         537P    867
0.000308837479736711,0.000308837479736711,0.000308837479736711,      537P    868
0.000308837479736711,1.,1.,1.,1.,3.8,-0.58541222,-3.956929685,       537P    869
3.867028258,-0.536141864,-3.896461195,3.933718438,-0.486694825,      537P    870
-3.835759581,4.,-0.43704054,-3.774784175,3.06861375434474E-007,      537P    871
0.000308837479736711,0.,0.,0.;                                       537P    872
126,1,1,1,0,1,0,0.,0.,1.,1.,1.,1.,1.,0.005950252,0.,1.,              539P    873
0.994049748,0.,0.,1.,0.,0.,1.;                                       539P    874
124,-6.08260178576408E-017,7.04237234435983E-018,-1.,4.,             541P    875
-0.115010668370064,-0.993364256534868,0.,0.460042673480256,          541P    876
-0.993364256534868,0.115010668370064,6.12323399573677E-017,          541P    877
3.97345702613947;                                                    541P    878
100,0.,4.,0.,7.8,0.,7.637976621,1.097782357;                         543P    879
126,2,2,1,0,1,0,0.,0.,0.,1.,1.,1.,1.,1.,1.,1.,0.994049748,0.,        545P    880
0.560730755,0.93911729,0.,0.090909091,0.887190358,0.,0.,1.,0.,       545P    881
0.,1.;                                                               545P    882
126,3,3,1,0,1,0,3.1032140570195E-007,3.1032140570195E-007,           547P    883
3.1032140570195E-007,3.1032140570195E-007,0.000308840939767012,      547P    884
0.000308840939767012,0.000308840939767012,0.000308840939767012,      547P    885
1.,1.,1.,1.,4.,-1.508903877,-3.487579259,3.933718438,                547P    886
-1.496389708,-3.565212653,3.867028258,-1.483918123,                  547P    887
-3.642505312,3.8,-1.471482988,-3.719507738,                          547P    888
3.1032140570195E-007,0.000308840939767012,0.,0.,0.;                  547P    889
126,1,1,1,0,1,0,0.,0.,1.,1.,1.,1.,0.090909091,0.887190358,0.,        549P    890
0.090909091,0.112809642,0.,0.,1.,0.,0.,1.;                           549P    891
124,5.69385405777855E-017,2.25255866411182E-017,1.,3.8,              551P    892
-0.367870747007242,0.929876934597441,0.,1.39790883862752,            551P    893
-0.929876934597441,-0.367870747007242,6.12323399573677E-017,         551P    894
3.53353235147028;                                                    551P    895
100,0.,3.8,0.,7.8,0.,7.694813677,0.911277358;                        553P    896
102,4,535,539,545,549;                                               555P    897
102,4,537,543,547,553;                                               557P    898
142,1,533,555,557,1;                                                 559P    899
144,533,1,0,559;                                                     561P    900
128,3,3,3,3,0,0,0,0,0,0.,0.,0.,0.,1.,1.,1.,1.,0.,0.,0.,0.,1.,        563P    901
1.,1.,1.,1.,0.920706259011136,0.920706259011136,1.,                  563P    902
0.996107244693822,0.917122174835939,0.917122174835939,               563P    903
0.996107244693822,0.996107244693822,0.917122174835939,               563P    904
0.917122174835939,0.996107244693822,1.,0.920706259011136,            563P    905
0.920706259011136,1.,0.528009297,-0.601069574,-3.880318746,          563P    906
0.571367858,-0.609187165,-3.932723396,0.634652645,-0.613199823,      563P    907
-3.958627871,0.702809396,-0.612153012,-3.951869982,0.528009297,      563P    908
-0.881305829,-3.836909557,0.571367858,-0.893208079,                  563P    909
-3.888727956,0.634652645,-0.899091556,-3.914342637,0.702809396,      563P    910
-0.89755669,-3.907660349,0.528009297,-1.155221542,-3.763514063,      563P    911
0.571367858,-1.170823091,-3.814341238,0.634652645,-1.178535191,      563P    912
-3.839465941,0.702809396,-1.176523279,-3.832911477,0.528009297,      563P    913
-1.419617852,-3.660989395,0.571367858,-1.438790138,-3.71043195,      563P    914
0.634652645,-1.448267311,-3.734872212,0.702809396,-1.445794932,      563P    915
-3.728496302,0.,1.,0.,1.;                                            563P    916
126,4,2,1,0,1,0,0.,0.,0.,0.5,0.5,1.,1.,1.,1.,1.,1.,1.,1.,            565P    917
0.104480445,0.005940215,0.,0.312220566,0.024125988,0.,               565P    918
0.4931875,0.032512881,0.,0.692934845,0.041770151,0.,                 565P    919
0.895519555,0.040864248,0.,0.,1.,0.,0.,1.;                           565P    920
126,9,3,1,0,1,0,3.01927832266355E-007,3.01927832266355E-007,         567P    921
3.01927832266355E-007,3.01927832266355E-007,                         567P    922
3.991986346569E-005,3.991986346569E-005,3.991986346569E-005,         567P    923
0.000100791733627085,0.000100791733627085,0.000100791733627085,      567P    924
0.000161638366614794,0.000161638366614794,0.000161638366614794,      567P    925
0.000161638366614794,1.,1.,1.,1.,1.,1.,1.,1.,1.,1.,0.541421356,      567P    926
-0.608331955,-3.894192412,0.550136327,-0.614363268,                  567P    927
-3.902070896,0.559825624,-0.619904767,-3.909356912,0.570285287,      567P    928
-0.624758349,-3.915794003,0.586231437,-0.632157817,-3.92560759,      567P    929
0.604333118,-0.638076133,-3.933607347,0.623352638,-0.641903984,      567P    930
-3.93898729,0.642340047,-0.645725371,-3.944358151,0.662747688,       567P    931
-0.647546478,-3.947237479,0.682842712,-0.647150706,                  567P    932
-3.947302365,3.01927832266355E-007,0.000161638366614794,0.,0.,       567P    933
0.;                                                                  567P    934
126,1,1,1,0,1,0,0.,0.,1.,1.,1.,1.,0.895519555,0.040864248,0.,        569P    935
0.895519555,0.959135752,0.,0.,1.,0.,0.,1.;                           569P    936
124,-6.04256400876492E-017,9.90663800956351E-018,-1.,                571P    937
0.68284271247462,-0.161787676519645,-0.986825591341436,0.,           571P    938
0.11047553587964,-0.986825591341436,0.161787676519645,               571P    939
6.12323399573677E-017,0.673846663530957;                             571P    940
100,0.,0.682842712,0.,4.682842712,0.,4.604221738,0.789168255;        573P    941
126,4,2,1,0,1,0,0.,0.,0.,0.5,0.5,1.,1.,1.,1.,1.,1.,1.,1.,            575P    942
0.895519555,0.959135752,0.,0.692519928,0.958227994,0.,               575P    943
0.49233895,0.967526489,0.,0.311756796,0.975914611,0.,                575P    944
0.104480445,0.994059785,0.,0.,1.,0.,0.,1.;                           575P    945
126,9,3,1,0,1,0,2.71172577267952E-005,2.71172577267952E-005,         577P    946
2.71172577267952E-005,2.71172577267952E-005,                         577P    947
5.30848615523599E-005,5.30848615523599E-005,                         577P    948
5.30848615523599E-005,0.000120737724382254,                          577P    949
0.000120737724382254,0.000120737724382254,0.00018533302735111,       577P    950
0.00018533302735111,0.00018533302735111,0.00018533302735111,1.,      577P    951
1.,1.,1.,1.,1.,1.,1.,1.,1.,0.682842712,-1.413202231,                 577P    952
-3.742039478,0.674010277,-1.413037322,-3.742101757,0.665146224,      577P    953
-1.412969237,-3.741497648,0.656402089,-1.412998803,                  577P    954
-3.740239792,0.633809244,-1.413075194,-3.73698978,0.611508351,       577P    955
-1.413827581,-3.729149176,0.591733423,-1.41513369,-3.717824364,      577P    956
0.572897824,-1.416377757,-3.707037492,0.555769005,-1.418151355,      577P    957
-3.692833077,0.541421356,-1.420265279,-3.676635533,                  577P    958
2.71172577267952E-005,0.00018533302735111,0.,0.,0.;                  577P    959
126,1,1,1,0,1,0,0.,0.,1.,1.,1.,1.,0.104480445,0.994059785,0.,        579P    960
0.104480445,0.005940215,0.,0.,1.,0.,0.,1.;                           579P    961
124,5.71187337079866E-017,2.20646712246242E-017,1.,                  581P    962
0.54142135623731,-0.3603434270189,0.932819711736558,0.,              581P    963
0.195097626967773,-0.932819711736558,-0.3603434270189,               581P    964
6.12323399573677E-017,0.505048513453304;                             581P    965
100,0.,0.541421356,0.,4.482842712,0.,4.393209221,0.8357826;          583P    966
102,4,565,569,575,579;                                               585P    967
102,4,567,573,577,583;                                               587P    968
142,1,563,585,587,1;                                                 589P    969
144,563,1,0,589;                                                     591P    970
128,3,1,3,1,0,0,0,0,0,0.,0.,0.,0.,1.,1.,1.,1.,0.,0.,1.,1.,1.,        593P    971
0.995496686683054,0.995496686683054,1.,1.,0.995496686683054,         593P    972
0.995496686683054,1.,4.111715729,-2.481122338,-3.137520031,          593P    973
4.111715729,-2.724930076,-2.944719086,4.111715729,-2.944719086,      593P    974
-2.724930076,4.111715729,-3.137520031,-2.481122338,0.371126984,      593P    975
-2.481122338,-3.137520031,0.371126984,-2.724930076,                  593P    976
-2.944719086,0.371126984,-2.944719086,-2.724930076,0.371126984,      593P    977
-3.137520031,-2.481122338,0.,1.,0.,1.;                               593P    978
126,1,1,1,0,1,0,0.,0.,1.,1.,1.,1.,0.926779778,0.916666667,0.,        595P    979
0.073220222,0.916666667,0.,0.,1.,0.,0.,1.;                           595P    980
124,3.87922202261895E-017,4.73768203510689E-017,1.,                  597P    981
0.68284271247462,-0.773722192946644,0.633525033555767,0.,            597P    982
0.528330560933498,-0.633525033555767,-0.773722192946644,             597P    983
6.12323399573677E-017,0.432597952333794;                             597P    984
100,0.,0.682842712,0.,4.682842712,0.,4.604221738,0.789168255;        599P    985
126,1,1,1,0,1,0,0.,0.,1.,1.,1.,1.,0.073220222,0.916666667,0.,        601P    986
0.005942002,0.083333333,0.,0.,1.,0.,0.,1.;                           601P    987
126,3,3,1,0,0,0,0.,0.,0.,0.,1.,1.,1.,1.,1.,0.99997966465909,         603P    988
0.99997966465909,1.,0.682842712,-2.534100134,-3.094888772,           603P    989
1.726467077,-2.517984565,-3.108084227,2.765540636,-2.501766422,      603P    990
-3.121153409,3.8,-2.485446697,-3.134095518,0.,1.,0.,0.,0.;           603P    991
126,1,1,1,0,1,0,0.,0.,1.,1.,1.,1.,0.005942002,0.083333333,0.,        605P    992
0.994057998,0.083333333,0.,0.,1.,0.,0.,1.;                           605P    993
124,-4.79770005552389E-017,3.80474292742262E-017,-1.,3.8,            607P    994
-0.621361674251161,-0.783523879515994,0.,2.36117436215441,           607P    995
-0.783523879515994,0.621361674251161,6.12323399573677E-017,          607P    996
2.97739074216078;                                                    607P    997
100,0.,3.8,0.,7.8,0.,7.694813677,0.911277358;                        609P    998
126,1,1,1,0,1,0,0.,0.,1.,1.,1.,1.,0.994057998,0.083333333,0.,        611P    999
0.926779778,0.916666667,0.,0.,1.,0.,0.,1.;                           611P   1000
126,3,3,1,0,0,0,0.,0.,0.,0.,1.,1.,1.,1.,1.,0.99997966465909,         613P   1001
0.99997966465909,1.,3.8,-3.134095518,-2.485446697,2.765540636,       613P   1002
-3.121153409,-2.501766422,1.726467077,-3.108084227,                  613P   1003
-2.517984565,0.682842712,-3.094888772,-2.534100134,0.,1.,0.,0.,      613P   1004
0.;                                                                  613P   1005
102,4,595,601,605,611;                                               615P   1006
102,4,599,603,609,613;                                               617P   1007
142,1,593,615,617,1;                                                 619P   1008
144,593,1,0,619;                                                     621P   1009
128,1,3,1,3,0,0,0,0,0,0.,0.,1.,1.,0.,0.,0.,0.,1.,1.,1.,1.,1.,        623P   1010
1.,0.992683245442913,0.992683245442913,0.992683245442913,            623P   1011
0.992683245442913,1.,1.,3.78,-2.391384507,-3.231358869,4.,           623P   1012
-2.260512718,-3.054518334,3.78,-2.712017509,-2.994072692,4.,         623P   1013
-2.56359864,-2.830217967,3.78,-2.994072692,-2.712017509,4.,          623P   1014
-2.830217967,-2.56359864,3.78,-3.231358869,-2.391384507,4.,          623P   1015
-3.054518334,-2.260512718,0.,1.,0.,1.;                               623P   1016
126,2,2,1,0,1,0,0.,0.,0.,1.,1.,1.,1.,1.,1.,0.090909091,              625P   1017
0.112809642,0.,0.560730755,0.06088271,0.,1.,0.005950252,0.,0.,       625P   1018
1.,0.,0.,1.;                                                         625P   1019
126,3,3,1,0,1,0,3.06861375432885E-007,3.06861375432885E-007,         627P   1020
3.06861375432885E-007,3.06861375432885E-007,                         627P   1021
0.000308837479736716,0.000308837479736716,0.000308837479736716,      627P   1022
0.000308837479736716,1.,1.,1.,1.,3.8,-2.485446697,-3.134095518,      627P   1023
3.867028258,-2.412543072,-3.106363448,3.933718438,-2.339369873,      627P   1024
-3.078517827,4.,-2.265880297,-3.050538719,                           627P   1025
3.06861375432885E-007,0.000308837479736716,0.,0.,0.;                 627P   1026
126,1,1,1,0,1,0,0.,0.,1.,1.,1.,1.,1.,0.005950252,0.,1.,              629P   1027
0.994049748,0.,0.,1.,0.,0.,1.;                                       629P   1028
124,-4.91556905035838E-017,3.65118822819438E-017,-1.,4.,             631P   1029
-0.596284288782118,-0.80277334718562,0.,2.38513715512847,            631P   1030
-0.80277334718562,0.596284288782118,6.12323399573677E-017,           631P   1031
3.21109338874248;                                                    631P   1032
100,0.,4.,0.,7.8,0.,7.637976621,1.097782357;                         633P   1033
126,2,2,1,0,1,0,0.,0.,0.,1.,1.,1.,1.,1.,1.,1.,0.994049748,0.,        635P   1034
0.560730755,0.93911729,0.,0.090909091,0.887190358,0.,0.,1.,0.,       635P   1035
0.,1.;                                                               635P   1036
126,3,3,1,0,1,0,3.10321405701582E-007,3.10321405701582E-007,         637P   1037
3.10321405701582E-007,3.10321405701582E-007,                         637P   1038
0.000308840939767009,0.000308840939767009,0.000308840939767009,      637P   1039
0.000308840939767009,1.,1.,1.,1.,4.,-3.050538719,-2.265880297,       637P   1040
3.933718438,-3.078517827,-2.339369873,3.867028258,-3.106363448,      637P   1041
-2.412543072,3.8,-3.134095518,-2.485446697,                          637P   1042
3.10321405701582E-007,0.000308840939767009,0.,0.,0.;                 637P   1043
126,1,1,1,0,1,0,0.,0.,1.,1.,1.,1.,0.090909091,0.887190358,0.,        639P   1044
0.090909091,0.112809642,0.,0.,1.,0.,0.,1.;                           639P   1045
124,3.80474292742133E-017,4.79770005552492E-017,1.,3.8,              641P   1046
-0.783523879516162,0.621361674250949,0.,2.97739074216142,            641P   1047
-0.621361674250949,-0.783523879516162,6.12323399573677E-017,         641P   1048
2.36117436215361;                                                    641P   1049
100,0.,3.8,0.,7.8,0.,7.694813677,0.911277358;                        643P   1050
102,4,625,629,635,639;                                               645P   1051
102,4,627,633,637,643;                                               647P   1052
142,1,623,645,647,1;                                                 649P   1053
144,623,1,0,649;                                                     651P   1054
128,3,3,3,3,0,0,0,0,0,0.,0.,0.,0.,1.,1.,1.,1.,0.,0.,0.,0.,1.,        653P   1055
1.,1.,1.,1.,0.920706259011136,0.920706259011136,1.,                  653P   1056
0.996107244693821,0.917122174835938,0.917122174835938,               653P   1057
0.996107244693821,0.996107244693821,0.917122174835938,               653P   1058
0.917122174835938,0.996107244693821,1.,0.920706259011136,            653P   1059
0.920706259011136,1.,0.528009297,-2.460700893,-3.059919821,          653P   1060
0.571367858,-2.493933259,-3.101244785,0.634652645,-2.51036056,       653P   1061
-3.121672389,0.702809396,-2.50607505,-3.116343291,0.528009297,       653P   1062
-2.681688015,-2.882208234,0.571367858,-2.717904866,                  653P   1063
-2.921133159,0.634652645,-2.735807446,-2.940374385,0.702809396,      653P   1064
-2.73113707,-2.935354786,0.528009297,-2.882208234,-2.681688015,      653P   1065
0.571367858,-2.921133159,-2.717904866,0.634652645,-2.940374385,      653P   1066
-2.735807446,0.702809396,-2.935354786,-2.73113707,0.528009297,       653P   1067
-3.059919821,-2.460700893,0.571367858,-3.101244785,                  653P   1068
-2.493933259,0.634652645,-3.121672389,-2.51036056,0.702809396,       653P   1069
-3.116343291,-2.50607505,0.,1.,0.,1.;                                653P   1070
126,4,2,1,0,1,0,0.,0.,0.,0.5,0.5,1.,1.,1.,1.,1.,1.,1.,1.,            655P   1071
0.104480445,0.005940215,0.,0.312220566,0.024125988,0.,               655P   1072
0.4931875,0.032512881,0.,0.692934845,0.041770151,0.,                 655P   1073
0.895519555,0.040864248,0.,0.,1.,0.,0.,1.;                           655P   1074
126,9,3,1,0,1,0,3.01927834895637E-007,3.01927834895637E-007,         657P   1075
3.01927834895637E-007,3.01927834895637E-007,                         657P   1076
3.99198634685528E-005,3.99198634685528E-005,                         657P   1077
3.99198634685528E-005,0.000100791733629895,                          657P   1078
0.000100791733629895,0.000100791733629895,0.00016163836661734,       657P   1079
0.00016163836661734,0.00016163836661734,0.00016163836661734,1.,      657P   1080
1.,1.,1.,1.,1.,1.,1.,1.,1.,0.541421356,-2.473927133,                 657P   1081
-3.068303578,0.550136327,-2.483089645,-3.072110889,0.559825624,      657P   1082
-2.491531732,-3.075650015,0.570285287,-2.498953603,                  657P   1083
-3.078797908,0.586231437,-2.510268524,-3.08359699,0.604333118,       657P   1084
-2.519393815,-3.087565824,0.623352638,-2.525398802,                  657P   1085
-3.090311067,0.642340047,-2.531393651,-3.093051675,0.662747688,      657P   1086
-2.53441044,-3.094634693,0.682842712,-2.534100134,-3.094888772,      657P   1087
3.01927834895637E-007,0.00016163836661734,0.,0.,0.;                  657P   1088
126,1,1,1,0,1,0,0.,0.,1.,1.,1.,1.,0.895519555,0.040864248,0.,        659P   1089
0.895519555,0.959135752,0.,0.,1.,0.,0.,1.;                           659P   1090
124,-4.73768203510586E-017,3.87922202262021E-017,-1.,                661P   1091
0.68284271247462,-0.633525033555973,-0.773722192946476,0.,           661P   1092
0.432597952333935,-0.773722192946476,0.633525033555973,              661P   1093
6.12323399573677E-017,0.528330560933382;                             661P   1094
100,0.,0.682842712,0.,4.682842712,0.,4.604221738,0.789168255;        663P   1095
126,4,2,1,0,1,0,0.,0.,0.,0.5,0.5,1.,1.,1.,1.,1.,1.,1.,1.,            665P   1096
0.895519555,0.959135752,0.,0.692673944,0.958228683,0.,               665P   1097
0.492653957,0.967511863,0.,0.311928965,0.975899539,0.,               665P   1098
0.104480445,0.994059785,0.,0.,1.,0.,0.,1.;                           665P   1099
126,9,3,1,0,1,0,1.99299454350583E-007,1.99299454350583E-007,         667P   1100
1.99299454350583E-007,1.99299454350583E-007,                         667P   1101
3.03081096280058E-005,3.03081096280058E-005,                         667P   1102
3.03081096280058E-005,9.65025701074792E-005,                         667P   1103
9.65025701074792E-005,9.65025701074792E-005,                         667P   1104
0.000162035424546452,0.000162035424546452,0.000162035424546452,      667P   1105
0.000162035424546452,1.,1.,1.,1.,1.,1.,1.,1.,1.,1.,0.682842712,      667P   1106
-3.094888772,-2.534100134,0.672808439,-3.0947619,-2.534255083,       667P   1107
0.662729074,-3.094312512,-2.533601137,0.652826423,-3.093552138,      667P   1108
-2.532156811,0.631340162,-3.091902318,-2.529022987,0.610217766,      667P   1109
-3.088709561,-2.521991977,0.591375741,-3.084371754,                  667P   1110
-2.511973809,0.572681406,-3.080067949,-2.502034167,0.555679384,      667P   1111
-3.074532485,-2.488917355,0.541421356,-3.068303578,                  667P   1112
-2.473927133,1.99299454350583E-007,0.000162035424546452,0.,0.,       667P   1113
0.;                                                                  667P   1114
126,1,1,1,0,1,0,0.,0.,1.,1.,1.,1.,0.104480445,0.994059785,0.,        669P   1115
0.104480445,0.005940215,0.,0.,1.,0.,0.,1.;                           669P   1116
124,3.84339388108019E-017,4.76679326606701E-017,1.,                  671P   1117
0.54142135623731,-0.778476417753402,0.627673854005271,0.,            671P   1118
0.42148375789881,-0.627673854005271,-0.778476417753402,              671P   1119
6.12323399573677E-017,0.339836029310233;                             671P   1120
100,0.,0.541421356,0.,4.482842712,0.,4.393209221,0.8357826;          673P   1121
102,4,655,659,665,669;                                               675P   1122
102,4,657,663,667,673;                                               677P   1123
142,1,653,675,677,1;                                                 679P   1124
144,653,1,0,679;                                                     681P   1125
128,3,1,3,1,0,0,0,0,0,0.,0.,0.,0.,1.,1.,1.,1.,0.,0.,1.,1.,1.,        683P   1126
0.995496686683053,0.995496686683053,1.,1.,0.995496686683053,         683P   1127
0.995496686683053,1.,4.111715729,-3.71747499,-1.476610882,           683P   1128
4.111715729,-3.832218213,-1.187736497,4.111715729,-3.912666574,      683P   1129
-0.887499127,4.111715729,-3.957733221,-0.579954959,0.371126984,      683P   1130
-3.71747499,-1.476610882,0.371126984,-3.832218213,-1.187736497,      683P   1131
0.371126984,-3.912666574,-0.887499127,0.371126984,-3.957733221,      683P   1132
-0.579954959,0.,1.,0.,1.;                                            683P   1133
126,1,1,1,0,1,0,0.,0.,1.,1.,1.,1.,0.926779778,0.916666667,0.,        685P   1134
0.073220222,0.916666667,0.,0.,1.,0.,0.,1.;                           685P   1135
124,9.90663800954725E-018,6.04256400876519E-017,1.,                  687P   1136
0.68284271247462,-0.98682559134148,0.161787676519379,0.,             687P   1137
0.673846663530986,-0.161787676519379,-0.98682559134148,              687P   1138
6.12323399573677E-017,0.110475535879459;                             687P   1139
100,0.,0.682842712,0.,4.682842712,0.,4.604221738,0.789168255;        689P   1140
126,1,1,1,0,1,0,0.,0.,1.,1.,1.,1.,0.073220222,0.916666667,0.,        691P   1141
0.005942002,0.083333333,0.,0.,1.,0.,0.,1.;                           691P   1142
126,3,3,1,0,0,0,0.,0.,0.,0.,1.,1.,1.,1.,1.,0.99997966465909,         693P   1143
0.99997966465909,1.,0.682842712,-3.742039478,-1.413202231,           693P   1144
1.726467077,-3.734680713,-1.432687616,2.765540636,-3.72716998,       693P   1145
-1.45211493,3.8,-3.719507738,-1.471482988,0.,1.,0.,0.,0.;            693P   1146
126,1,1,1,0,1,0,0.,0.,1.,1.,1.,1.,0.005942002,0.083333333,0.,        695P   1147
0.994057998,0.083333333,0.,0.,1.,0.,0.,1.;                           695P   1148
124,-2.25255866411061E-017,5.69385405777902E-017,-1.,3.8,            697P   1149
-0.929876934597519,-0.367870747007044,0.,3.53353235147058,           697P   1150
-0.367870747007044,0.929876934597519,6.12323399573677E-017,          697P   1151
1.39790883862677;                                                    697P   1152
100,0.,3.8,0.,7.8,0.,7.694813677,0.911277358;                        699P   1153
126,1,1,1,0,1,0,0.,0.,1.,1.,1.,1.,0.994057998,0.083333333,0.,        701P   1154
0.926779778,0.916666667,0.,0.,1.,0.,0.,1.;                           701P   1155
126,3,3,1,0,0,0,0.,0.,0.,0.,1.,1.,1.,1.,1.,0.99997966465909,         703P   1156
0.99997966465909,1.,3.8,-3.956929685,-0.58541222,2.765540636,        703P   1157
-3.953881352,-0.606016572,1.726467077,-3.95067218,-0.626596486,      703P   1158
0.682842712,-3.947302365,-0.647150706,0.,1.,0.,0.,0.;                703P   1159
102,4,685,691,695,701;                                               705P   1160
102,4,689,693,699,703;                                               707P   1161
142,1,683,705,707,1;                                                 709P   1162
144,683,1,0,709;                                                     711P   1163
128,1,3,1,3,0,0,0,0,0,0.,0.,1.,1.,0.,0.,0.,0.,1.,1.,1.,1.,1.,        713P   1164
1.,0.992683245442911,0.992683245442911,0.992683245442911,            713P   1165
0.992683245442911,1.,1.,3.78,-3.686679168,-1.602746615,4.,           713P   1166
-3.484920606,-1.515034114,3.78,-3.845712404,-1.236934257,4.,         713P   1167
-3.635250531,-1.169241338,3.78,-3.948951766,-0.851639713,4.,         713P   1168
-3.732839978,-0.805032564,3.78,-3.994131123,-0.455320299,4.,         713P   1169
-3.775546832,-0.430402273,0.,1.,0.,1.;                               713P   1170
126,2,2,1,0,1,0,0.,0.,0.,1.,1.,1.,1.,1.,1.,0.090909091,              715P   1171
0.112809642,0.,0.560730755,0.06088271,0.,1.,0.005950252,0.,0.,       715P   1172
1.,0.,0.,1.;                                                         715P   1173
126,3,3,1,0,1,0,3.06861375438861E-007,3.06861375438861E-007,         717P   1174
3.06861375438861E-007,3.06861375438861E-007,                         717P   1175
0.000308837479736719,0.000308837479736719,0.000308837479736719,      717P   1176
0.000308837479736719,1.,1.,1.,1.,3.8,-3.719507738,-1.471482988,      717P   1177
3.867028258,-3.642505312,-1.483918123,3.933718438,-3.565212653,      717P   1178
-1.496389708,4.,-3.487579259,-1.508903877,                           717P   1179
3.06861375438861E-007,0.000308837479736719,0.,0.,0.;                 717P   1180
126,1,1,1,0,1,0,0.,0.,1.,1.,1.,1.,1.,0.005950252,0.,1.,              719P   1181
0.994049748,0.,0.,1.,0.,0.,1.;                                       719P   1182
124,-2.43141355756995E-017,5.61980628479412E-017,-1.,4.,             721P   1183
-0.917784015555644,-0.397079967752791,0.,3.67113606222258,           721P   1184
-0.397079967752791,0.917784015555644,6.12323399573677E-017,          721P   1185
1.58831987101116;                                                    721P   1186
100,0.,4.,0.,7.8,0.,7.637976621,1.097782357;                         723P   1187
126,2,2,1,0,1,0,0.,0.,0.,1.,1.,1.,1.,1.,1.,1.,0.994049748,0.,        725P   1188
0.560730755,0.93911729,0.,0.090909091,0.887190358,0.,0.,1.,0.,       725P   1189
0.,1.;                                                               725P   1190
126,3,3,1,0,1,0,3.10321405702578E-007,3.10321405702578E-007,         727P   1191
3.10321405702578E-007,3.10321405702578E-007,                         727P   1192
0.000308840939767013,0.000308840939767013,0.000308840939767013,      727P   1193
0.000308840939767013,1.,1.,1.,1.,4.,-3.774784175,-0.43704054,        727P   1194
3.933718438,-3.835759581,-0.486694825,3.867028258,-3.896461195,      727P   1195
-0.536141864,3.8,-3.956929685,-0.58541222,                           727P   1196
3.10321405702578E-007,0.000308840939767013,0.,0.,0.;                 727P   1197
126,1,1,1,0,1,0,0.,0.,1.,1.,1.,1.,0.090909091,0.887190358,0.,        729P   1198
0.090909091,0.112809642,0.,0.,1.,0.,0.,1.;                           729P   1199
124,8.96154002253698E-018,6.05730159153324E-017,1.,3.8,              731P   1200
-0.989232421258206,0.146353055081291,0.,3.75908320078119,            731P   1201
-0.146353055081291,-0.989232421258206,6.12323399573677E-017,         731P   1202
0.556141609308908;                                                   731P   1203
100,0.,3.8,0.,7.8,0.,7.694813677,0.911277358;                        733P   1204
102,4,715,719,725,729;                                               735P   1205
102,4,717,723,727,733;                                               737P   1206
142,1,713,735,737,1;                                                 739P   1207
144,713,1,0,739;                                                     741P   1208
128,3,3,3,3,0,0,0,0,0,0.,0.,0.,0.,1.,1.,1.,1.,0.,0.,0.,0.,1.,        743P   1209
1.,1.,1.,1.,0.920706259011136,0.920706259011136,1.,                  743P   1210
0.99610724469382,0.917122174835937,0.917122174835937,                743P   1211
0.99610724469382,0.99610724469382,0.917122174835937,                 743P   1212
0.917122174835937,0.99610724469382,1.,0.920706259011136,             743P   1213
0.920706259011136,1.,0.528009297,-3.660989395,-1.419617852,          743P   1214
0.571367858,-3.71043195,-1.438790138,0.634652645,-3.734872212,       743P   1215
-1.448267311,0.702809396,-3.728496302,-1.445794932,0.528009297,      743P   1216
-3.763514063,-1.155221542,0.571367858,-3.814341238,                  743P   1217
-1.170823091,0.634652645,-3.839465941,-1.178535191,0.702809396,      743P   1218
-3.832911477,-1.176523279,0.528009297,-3.836909557,                  743P   1219
-0.881305829,0.571367858,-3.888727956,-0.893208079,0.634652645,      743P   1220
-3.914342637,-0.899091556,0.702809396,-3.907660349,-0.89755669,      743P   1221
0.528009297,-3.880318746,-0.601069574,0.571367858,-3.932723396,      743P   1222
-0.609187165,0.634652645,-3.958627871,-0.613199823,0.702809396,      743P   1223
-3.951869982,-0.612153012,0.,1.,0.,1.;                               743P   1224
126,4,2,1,0,1,0,0.,0.,0.,0.5,0.5,1.,1.,1.,1.,1.,1.,1.,1.,            745P   1225
0.104480445,0.005940215,0.,0.312220566,0.024125988,0.,               745P   1226
0.4931875,0.032512881,0.,0.692934845,0.041770151,0.,                 745P   1227
0.895519555,0.040864248,0.,0.,1.,0.,0.,1.;                           745P   1228
126,9,3,1,0,1,0,0.000489481511102855,0.000489481511102855,           747P   1229
0.000489481511102855,0.000489481511102855,0.000528637796766313,      747P   1230
0.000528637796766313,0.000528637796766313,0.000588800354425692,      747P   1231
0.000588800354425692,0.000588800354425692,0.000648937968988586,      747P   1232
0.000648937968988586,0.000648937968988586,0.000648937968988586,      747P   1233
1.,1.,1.,1.,1.,1.,1.,1.,1.,1.,0.541421356,-3.676635533,              747P   1234
-1.420265279,0.550136327,-3.686474157,-1.418981251,0.559825624,      747P   1235
-3.695554781,-1.41782518,0.570285287,-3.703556257,-1.4168404,        747P   1236
0.586231437,-3.715754807,-1.415339066,0.604333118,-3.725641958,      747P   1237
-1.414213532,0.623352638,-3.73221505,-1.413588489,0.642340047,       747P   1238
-3.738777046,-1.4129645,0.662747688,-3.742181171,-1.412827039,       747P   1239
0.682842712,-3.742039478,-1.413202231,0.000489481511102855,          747P   1240
0.000648937968988586,0.,0.,0.;                                       747P   1241
126,1,1,1,0,1,0,0.,0.,1.,1.,1.,1.,0.895519555,0.040864248,0.,        749P   1242
0.895519555,0.959135752,0.,0.,1.,0.,0.,1.;                           749P   1243
124,-2.16334198614495E-017,5.728345836062E-017,-1.,                  751P   1244
0.68284271247462,-0.935509869466086,-0.353300557785502,0.,           751P   1245
0.638806096812999,-0.353300557785502,0.935509869466086,              751P   1246
6.12323399573677E-017,0.241248711197048;                             751P   1247
100,0.,0.682842712,0.,4.682842712,0.,4.604221738,0.789168255;        753P   1248
126,4,2,1,0,1,0,0.,0.,0.,0.5,0.5,1.,1.,1.,1.,1.,1.,1.,1.,            755P   1249
0.895519555,0.959135752,0.,0.692673944,0.958228683,0.,               755P   1250
0.492653957,0.967511863,0.,0.311928965,0.975899539,0.,               755P   1251
0.104480445,0.994059785,0.,0.,1.,0.,0.,1.;                           755P   1252
126,9,3,1,0,1,0,1.99299454139884E-007,1.99299454139884E-007,         757P   1253
1.99299454139884E-007,1.99299454139884E-007,                         757P   1254
3.0308109625735E-005,3.0308109625735E-005,3.0308109625735E-005,      757P   1255
9.65025701049484E-005,9.65025701049484E-005,                         757P   1256
9.65025701049484E-005,0.000162035424546308,                          757P   1257
0.000162035424546308,0.000162035424546308,0.000162035424546308,      757P   1258
1.,1.,1.,1.,1.,1.,1.,1.,1.,1.,0.682842712,-3.947302365,              757P   1259
-0.647150706,0.672808439,-3.947269965,-0.647348331,0.662729074,      757P   1260
-3.946553811,-0.647006692,0.652826423,-3.945173145,                  757P   1261
-0.646136056,0.631340162,-3.942177447,-0.644246995,0.610217766,      757P   1262
-3.935896933,-0.639754339,0.591375741,-3.927131199,                  757P   1263
-0.633247255,0.572681406,-3.918434173,-0.626791176,0.555679384,      757P   1264
-3.907081914,-0.618199415,0.541421356,-3.894192412,                  757P   1265
-0.608331955,1.99299454139884E-007,0.000162035424546308,0.,0.,       757P   1266
0.;                                                                  757P   1267
126,1,1,1,0,1,0,0.,0.,1.,1.,1.,1.,0.104480445,0.994059785,0.,        759P   1268
0.104480445,0.005940215,0.,0.,1.,0.,0.,1.;                           759P   1269
124,9.45080104731723E-018,6.0498610035427E-017,1.,                   761P   1270
0.54142135623731,-0.988017281024186,0.154343293983167,0.,            761P   1271
0.534933656278014,-0.154343293983167,-0.988017281024186,             761P   1272
6.12323399573677E-017,0.0835647555545002;                            761P   1273
100,0.,0.541421356,0.,4.482842712,0.,4.393209221,0.8357826;          763P   1274
102,4,745,749,755,759;                                               765P   1275
102,4,747,753,757,763;                                               767P   1276
142,1,743,765,767,1;                                                 769P   1277
144,743,1,0,769;                                                     771P   1278
128,3,1,3,1,0,0,0,0,0,0.,0.,0.,0.,1.,1.,1.,1.,0.,0.,1.,1.,1.,        773P   1279
0.995496686683052,0.995496686683052,1.,1.,0.995496686683052,         773P   1280
0.995496686683052,1.,4.111715729,-3.957733221,0.579954959,           773P   1281
4.111715729,-3.912666574,0.887499127,4.111715729,-3.832218213,       773P   1282
1.187736497,4.111715729,-3.71747499,1.476610882,0.371126984,         773P   1283
-3.957733221,0.579954959,0.371126984,-3.912666574,0.887499127,       773P   1284
0.371126984,-3.832218213,1.187736497,0.371126984,-3.71747499,        773P   1285
1.476610882,0.,1.,0.,1.;                                             773P   1286
126,1,1,1,0,1,0,0.,0.,1.,1.,1.,1.,0.926779778,0.916666667,0.,        775P   1287
0.073220222,0.916666667,0.,0.,1.,0.,0.,1.;                           775P   1288
124,-2.16334198612591E-017,5.72834583606919E-017,1.,                 777P   1289
0.68284271247462,-0.93550986946726,-0.353300557782393,0.,            777P   1290
0.638806096813801,0.353300557782393,-0.93550986946726,               777P   1291
6.12323399573677E-017,-0.241248711194926;                            777P   1292
100,0.,0.682842712,0.,4.682842712,0.,4.604221738,0.789168255;        779P   1293
126,1,1,1,0,1,0,0.,0.,1.,1.,1.,1.,0.073220222,0.916666667,0.,        781P   1294
0.005942002,0.083333333,0.,0.,1.,0.,0.,1.;                           781P   1295
126,3,3,1,0,0,0,0.,0.,0.,0.,1.,1.,1.,1.,1.,0.99997966465909,         783P   1296
0.99997966465909,1.,0.682842712,-3.947302365,0.647150706,            783P   1297
1.726467077,-3.95067218,0.626596486,2.765540636,-3.953881352,        783P   1298
0.606016572,3.8,-3.956929685,0.58541222,0.,1.,0.,0.,0.;              783P   1299
126,1,1,1,0,1,0,0.,0.,1.,1.,1.,1.,0.005942002,0.083333333,0.,        785P   1300
0.994057998,0.083333333,0.,0.,1.,0.,0.,1.;                           785P   1301
124,8.96154002254613E-018,6.0573015915331E-017,-1.,3.8,              787P   1302
-0.989232421258184,0.146353055081441,0.,3.7590832007811,             787P   1303
0.146353055081441,0.989232421258184,6.12323399573677E-017,           787P   1304
-0.556141609309475;                                                  787P   1305
100,0.,3.8,0.,7.8,0.,7.694813677,0.911277358;                        789P   1306
126,1,1,1,0,1,0,0.,0.,1.,1.,1.,1.,0.994057998,0.083333333,0.,        791P   1307
0.926779778,0.916666667,0.,0.,1.,0.,0.,1.;                           791P   1308
126,3,3,1,0,0,0,0.,0.,0.,0.,1.,1.,1.,1.,1.,0.99997966465909,         793P   1309
0.99997966465909,1.,3.8,-3.719507738,1.471482988,2.765540636,        793P   1310
-3.72716998,1.45211493,1.726467077,-3.734680713,1.432687616,         793P   1311
0.682842712,-3.742039478,1.413202231,0.,1.,0.,0.,0.;                 793P   1312
102,4,775,781,785,791;                                               795P   1313
102,4,779,783,789,793;                                               797P   1314
142,1,773,795,797,1;                                                 799P   1315
144,773,1,0,799;                                                     801P   1316
128,1,3,1,3,0,0,0,0,0,0.,0.,1.,1.,0.,0.,0.,0.,1.,1.,1.,1.,1.,        803P   1317
1.,0.99268324544291,0.99268324544291,0.99268324544291,               803P   1318
0.99268324544291,1.,1.,3.78,-3.994131123,0.455320299,4.,             803P   1319
-3.775546832,0.430402273,3.78,-3.948951766,0.851639713,4.,           803P   1320
-3.732839978,0.805032564,3.78,-3.845712404,1.236934257,4.,           803P   1321
-3.635250531,1.169241338,3.78,-3.686679168,1.602746615,4.,           803P   1322
-3.484920606,1.515034114,0.,1.,0.,1.;                                803P   1323
126,2,2,1,0,1,0,0.,0.,0.,1.,1.,1.,1.,1.,1.,0.090909091,              805P   1324
0.112809642,0.,0.560730755,0.06088271,0.,1.,0.005950252,0.,0.,       805P   1325
1.,0.,0.,1.;                                                         805P   1326
126,3,3,1,0,1,0,3.06861375434808E-007,3.06861375434808E-007,         807P   1327
3.06861375434808E-007,3.06861375434808E-007,                         807P   1328
0.000308837479736724,0.000308837479736724,0.000308837479736724,      807P   1329
0.000308837479736724,1.,1.,1.,1.,3.8,-3.956929685,0.58541222,        807P   1330
3.867028258,-3.896461195,0.536141864,3.933718438,-3.835759581,       807P   1331
0.486694825,4.,-3.774784175,0.43704054,3.06861375434808E-007,        807P   1332
0.000308837479736724,0.,0.,0.;                                       807P   1333
126,1,1,1,0,1,0,0.,0.,1.,1.,1.,1.,1.,0.005950252,0.,1.,              809P   1334
0.994049748,0.,0.,1.,0.,0.,1.;                                       809P   1335
124,7.04237234435193E-018,6.08260178576417E-017,-1.,4.,              811P   1336
-0.993364256534883,0.115010668369935,0.,3.97345702613953,            811P   1337
0.115010668369935,0.993364256534883,6.12323399573677E-017,           811P   1338
-0.46004267347974;                                                   811P   1339
100,0.,4.,0.,7.8,0.,7.637976621,1.097782357;                         813P   1340
126,2,2,1,0,1,0,0.,0.,0.,1.,1.,1.,1.,1.,1.,1.,0.994049748,0.,        815P   1341
0.560730755,0.93911729,0.,0.090909091,0.887190358,0.,0.,1.,0.,       815P   1342
0.,1.;                                                               815P   1343
126,3,3,1,0,1,0,3.10321405701272E-007,3.10321405701272E-007,         817P   1344
3.10321405701272E-007,3.10321405701272E-007,                         817P   1345
0.000308840939767014,0.000308840939767014,0.000308840939767014,      817P   1346
0.000308840939767014,1.,1.,1.,1.,4.,-3.487579259,1.508903877,        817P   1347
3.933718438,-3.565212653,1.496389708,3.867028258,-3.642505312,       817P   1348
1.483918123,3.8,-3.719507738,1.471482988,3.10321405701272E-007,      817P   1349
0.000308840939767014,0.,0.,0.;                                       817P   1350
126,1,1,1,0,1,0,0.,0.,1.,1.,1.,1.,0.090909091,0.887190358,0.,        819P   1351
0.090909091,0.112809642,0.,0.,1.,0.,0.,1.;                           819P   1352
124,-2.25255866411167E-017,5.69385405777861E-017,1.,3.8,             821P   1353
-0.929876934597451,-0.367870747007217,0.,3.53353235147032,           821P   1354
0.367870747007217,-0.929876934597451,6.12323399573677E-017,          821P   1355
-1.39790883862743;                                                   821P   1356
100,0.,3.8,0.,7.8,0.,7.694813677,0.911277358;                        823P   1357
102,4,805,809,815,819;                                               825P   1358
102,4,807,813,817,823;                                               827P   1359
142,1,803,825,827,1;                                                 829P   1360
144,803,1,0,829;                                                     831P   1361
128,3,3,3,3,0,0,0,0,0,0.,0.,0.,0.,1.,1.,1.,1.,0.,0.,0.,0.,1.,        833P   1362
1.,1.,1.,1.,0.920706259011136,0.920706259011136,1.,                  833P   1363
0.996107244693819,0.917122174835936,0.917122174835936,               833P   1364
0.996107244693819,0.996107244693819,0.917122174835936,               833P   1365
0.917122174835936,0.996107244693819,1.,0.920706259011136,            833P   1366
0.920706259011136,1.,0.528009297,-3.880318746,0.601069574,           833P   1367
0.571367858,-3.932723396,0.609187165,0.634652645,-3.958627871,       833P   1368
0.613199823,0.702809396,-3.951869982,0.612153012,0.528009297,        833P   1369
-3.836909557,0.881305829,0.571367858,-3.888727956,0.893208079,       833P   1370
0.634652645,-3.914342637,0.899091556,0.702809396,-3.907660349,       833P   1371
0.89755669,0.528009297,-3.763514063,1.155221542,0.571367858,         833P   1372
-3.814341238,1.170823091,0.634652645,-3.839465941,1.178535191,       833P   1373
0.702809396,-3.832911477,1.176523279,0.528009297,-3.660989395,       833P   1374
1.419617852,0.571367858,-3.71043195,1.438790138,0.634652645,         833P   1375
-3.734872212,1.448267311,0.702809396,-3.728496302,1.445794932,       833P   1376
0.,1.,0.,1.;                                                         833P   1377
126,4,2,1,0,1,0,0.,0.,0.,0.5,0.5,1.,1.,1.,1.,1.,1.,1.,1.,            835P   1378
0.104480445,0.005940215,0.,0.312220566,0.024125988,0.,               835P   1379
0.4931875,0.032512881,0.,0.692934845,0.041770151,0.,                 835P   1380
0.895519555,0.040864248,0.,0.,1.,0.,0.,1.;                           835P   1381
126,9,3,1,0,1,0,3.01927834892858E-007,3.01927834892858E-007,         837P   1382
3.01927834892858E-007,3.01927834892858E-007,                         837P   1383
3.99198634684995E-005,3.99198634684995E-005,                         837P   1384
3.99198634684995E-005,0.000100791733629842,                          837P   1385
0.000100791733629842,0.000100791733629842,0.00016163836661734,       837P   1386
0.00016163836661734,0.00016163836661734,0.00016163836661734,1.,      837P   1387
1.,1.,1.,1.,1.,1.,1.,1.,1.,0.541421356,-3.894192412,                 837P   1388
0.608331955,0.550136327,-3.902070896,0.614363268,0.559825624,        837P   1389
-3.909356912,0.619904767,0.570285287,-3.915794003,0.624758349,       837P   1390
0.586231437,-3.92560759,0.632157817,0.604333118,-3.933607347,        837P   1391
0.638076133,0.623352638,-3.93898729,0.641903984,0.642340047,         837P   1392
-3.944358151,0.645725371,0.662747688,-3.947237479,0.647546478,       837P   1393
0.682842712,-3.947302365,0.647150706,3.01927834892858E-007,          837P   1394
0.00016163836661734,0.,0.,0.;                                        837P   1395
126,1,1,1,0,1,0,0.,0.,1.,1.,1.,1.,0.895519555,0.040864248,0.,        839P   1396
0.895519555,0.959135752,0.,0.,1.,0.,0.,1.;                           839P   1397
124,9.90663800955626E-018,6.04256400876504E-017,-1.,                 841P   1398
0.68284271247462,-0.986825591341455,0.161787676519526,0.,            841P   1399
0.67384666353097,0.161787676519526,0.986825591341455,                841P   1400
6.12323399573677E-017,-0.11047553587956;                             841P   1401
100,0.,0.682842712,0.,4.682842712,0.,4.604221738,0.789168255;        843P   1402
126,4,2,1,0,1,0,0.,0.,0.,0.5,0.5,1.,1.,1.,1.,1.,1.,1.,1.,            845P   1403
0.895519555,0.959135752,0.,0.692519928,0.958227994,0.,               845P   1404
0.49233895,0.967526489,0.,0.311756796,0.975914611,0.,                845P   1405
0.104480445,0.994059785,0.,0.,1.,0.,0.,1.;                           845P   1406
126,9,3,1,0,1,0,2.71172577281451E-005,2.71172577281451E-005,         847P   1407
2.71172577281451E-005,2.71172577281451E-005,                         847P   1408
5.30848615530046E-005,5.30848615530046E-005,                         847P   1409
5.30848615530046E-005,0.00012073772438278,0.00012073772438278,       847P   1410
0.00012073772438278,0.000185333027352453,0.000185333027352453,       847P   1411
0.000185333027352453,0.000185333027352453,1.,1.,1.,1.,1.,1.,1.,      847P   1412
1.,1.,1.,0.682842712,-3.742039478,1.413202231,0.674010277,           847P   1413
-3.742101757,1.413037322,0.665146224,-3.741497648,1.412969237,       847P   1414
0.656402089,-3.740239792,1.412998803,0.633809244,-3.73698978,        847P   1415
1.413075194,0.611508351,-3.729149176,1.413827581,0.591733423,        847P   1416
-3.717824364,1.41513369,0.572897824,-3.707037492,1.416377757,        847P   1417
0.555769005,-3.692833077,1.418151355,0.541421356,-3.676635533,       847P   1418
1.420265279,2.71172577281451E-005,0.000185333027352453,0.,0.,        847P   1419
0.;                                                                  847P   1420
126,1,1,1,0,1,0,0.,0.,1.,1.,1.,1.,0.104480445,0.994059785,0.,        849P   1421
0.104480445,0.005940215,0.,0.,1.,0.,0.,1.;                           849P   1422
124,-2.20646712246227E-017,5.71187337079872E-017,1.,                 851P   1423
0.54142135623731,-0.932819711736567,-0.360343427018875,0.,           851P   1424
0.505048513453309,0.360343427018875,-0.932819711736567,              851P   1425
6.12323399573677E-017,-0.195097626967759;                            851P   1426
100,0.,0.541421356,0.,4.482842712,0.,4.393209221,0.8357826;          853P   1427
102,4,835,839,845,849;                                               855P   1428
102,4,837,843,847,853;                                               857P   1429
142,1,833,855,857,1;                                                 859P   1430
144,833,1,0,859;                                                     861P   1431
128,3,1,3,1,0,0,0,0,0,0.,0.,0.,0.,1.,1.,1.,1.,0.,0.,1.,1.,1.,        863P   1432
0.995496686683052,0.995496686683052,1.,1.,0.995496686683052,         863P   1433
0.995496686683052,1.,4.111715729,-3.137520031,2.481122338,           863P   1434
4.111715729,-2.944719086,2.724930076,4.111715729,-2.724930076,       863P   1435
2.944719086,4.111715729,-2.481122338,3.137520031,0.371126984,        863P   1436
-3.137520031,2.481122338,0.371126984,-2.944719086,2.724930076,       863P   1437
0.371126984,-2.724930076,2.944719086,0.371126984,-2.481122338,       863P   1438
3.137520031,0.,1.,0.,1.;                                             863P   1439
126,1,1,1,0,1,0,0.,0.,1.,1.,1.,1.,0.926779778,0.916666667,0.,        865P   1440
0.073220222,0.916666667,0.,0.,1.,0.,0.,1.;                           865P   1441
124,-4.73768203510656E-017,3.87922202261936E-017,1.,                 867P   1442
0.68284271247462,-0.633525033555834,-0.77372219294659,0.,            867P   1443
0.43259795233384,0.77372219294659,-0.633525033555834,                867P   1444
6.12323399573677E-017,-0.52833056093346;                             867P   1445
100,0.,0.682842712,0.,4.682842712,0.,4.604221738,0.789168255;        869P   1446
126,1,1,1,0,1,0,0.,0.,1.,1.,1.,1.,0.073220222,0.916666667,0.,        871P   1447
0.005942002,0.083333333,0.,0.,1.,0.,0.,1.;                           871P   1448
126,3,3,1,0,0,0,0.,0.,0.,0.,1.,1.,1.,1.,1.,0.99997966465909,         873P   1449
0.99997966465909,1.,0.682842712,-3.094888772,2.534100134,            873P   1450
1.726467077,-3.108084227,2.517984565,2.765540636,-3.121153409,       873P   1451
2.501766422,3.8,-3.134095518,2.485446697,0.,1.,0.,0.,0.;             873P   1452
126,1,1,1,0,1,0,0.,0.,1.,1.,1.,1.,0.005942002,0.083333333,0.,        875P   1453
0.994057998,0.083333333,0.,0.,1.,0.,0.,1.;                           875P   1454
124,3.80474292742193E-017,4.79770005552444E-017,-1.,3.8,             877P   1455
-0.783523879516084,0.621361674251048,0.,2.97739074216112,            877P   1456
0.621361674251048,0.783523879516084,6.12323399573677E-017,           877P   1457
-2.36117436215399;                                                   877P   1458
100,0.,3.8,0.,7.8,0.,7.694813677,0.911277358;                        879P   1459
126,1,1,1,0,1,0,0.,0.,1.,1.,1.,1.,0.994057998,0.083333333,0.,        881P   1460
0.926779778,0.916666667,0.,0.,1.,0.,0.,1.;                           881P   1461
126,3,3,1,0,0,0,0.,0.,0.,0.,1.,1.,1.,1.,1.,0.99997966465909,         883P   1462
0.99997966465909,1.,3.8,-2.485446697,3.134095518,2.765540636,        883P   1463
-2.501766422,3.121153409,1.726467077,-2.517984565,3.108084227,       883P   1464
0.682842712,-2.534100134,3.094888772,0.,1.,0.,0.,0.;                 883P   1465
102,4,865,871,875,881;                                               885P   1466
102,4,869,873,879,883;                                               887P   1467
142,1,863,885,887,1;                                                 889P   1468
144,863,1,0,889;                                                     891P   1469
128,1,3,1,3,0,0,0,0,0,0.,0.,1.,1.,0.,0.,0.,0.,1.,1.,1.,1.,1.,        893P   1470
1.,0.99268324544291,0.99268324544291,0.99268324544291,               893P   1471
0.99268324544291,1.,1.,3.78,-3.231358869,2.391384507,4.,             893P   1472
-3.054518334,2.260512718,3.78,-2.994072692,2.712017509,4.,           893P   1473
-2.830217967,2.56359864,3.78,-2.712017509,2.994072692,4.,            893P   1474
-2.56359864,2.830217967,3.78,-2.391384507,3.231358869,4.,            893P   1475
-2.260512718,3.054518334,0.,1.,0.,1.;                                893P   1476
126,2,2,1,0,1,0,0.,0.,0.,1.,1.,1.,1.,1.,1.,0.090909091,              895P   1477
0.112809642,0.,0.560730755,0.06088271,0.,1.,0.005950252,0.,0.,       895P   1478
1.,0.,0.,1.;                                                         895P   1479
126,3,3,1,0,1,0,3.06861375431162E-007,3.06861375431162E-007,         897P   1480
3.06861375431162E-007,3.06861375431162E-007,                         897P   1481
0.00030883747973673,0.00030883747973673,0.00030883747973673,         897P   1482
0.00030883747973673,1.,1.,1.,1.,3.8,-3.134095518,2.485446697,        897P   1483
3.867028258,-3.106363448,2.412543072,3.933718438,-3.078517827,       897P   1484
2.339369873,4.,-3.050538719,2.265880297,3.06861375431162E-007,       897P   1485
0.00030883747973673,0.,0.,0.;                                        897P   1486
126,1,1,1,0,1,0,0.,0.,1.,1.,1.,1.,1.,0.005950252,0.,1.,              899P   1487
0.994049748,0.,0.,1.,0.,0.,1.;                                       899P   1488
124,3.65118822819363E-017,4.91556905035894E-017,-1.,4.,              901P   1489
-0.802773347185711,0.596284288781995,0.,3.21109338874284,            901P   1490
0.596284288781995,0.802773347185711,6.12323399573677E-017,           901P   1491
-2.38513715512798;                                                   901P   1492
100,0.,4.,0.,7.8,0.,7.637976621,1.097782357;                         903P   1493
126,2,2,1,0,1,0,0.,0.,0.,1.,1.,1.,1.,1.,1.,1.,0.994049748,0.,        905P   1494
0.560730755,0.93911729,0.,0.090909091,0.887190358,0.,0.,1.,0.,       905P   1495
0.,1.;                                                               905P   1496
126,3,3,1,0,1,0,3.10321405701273E-007,3.10321405701273E-007,         907P   1497
3.10321405701273E-007,3.10321405701273E-007,0.000308840939767,       907P   1498
0.000308840939767,0.000308840939767,0.000308840939767,1.,1.,1.,      907P   1499
1.,4.,-2.265880297,3.050538719,3.933718438,-2.339369873,             907P   1500
3.078517827,3.867028258,-2.412543072,3.106363448,3.8,                907P   1501
-2.485446697,3.134095518,3.10321405701273E-007,                      907P   1502
0.000308840939767,0.,0.,0.;                                          907P   1503
126,1,1,1,0,1,0,0.,0.,1.,1.,1.,1.,0.090909091,0.887190358,0.,        909P   1504
0.090909091,0.112809642,0.,0.,1.,0.,0.,1.;                           909P   1505
124,-4.79770005552459E-017,3.80474292742174E-017,1.,3.8,             911P   1506
-0.621361674251018,-0.783523879516108,0.,2.36117436215387,           911P   1507
0.783523879516108,-0.621361674251018,6.12323399573677E-017,          911P   1508
-2.97739074216121;                                                   911P   1509
100,0.,3.8,0.,7.8,0.,7.694813677,0.911277358;                        913P   1510
102,4,895,899,905,909;                                               915P   1511
102,4,897,903,907,913;                                               917P   1512
142,1,893,915,917,1;                                                 919P   1513
144,893,1,0,919;                                                     921P   1514
128,3,3,3,3,0,0,0,0,0,0.,0.,0.,0.,1.,1.,1.,1.,0.,0.,0.,0.,1.,        923P   1515
1.,1.,1.,1.,0.920706259011136,0.920706259011136,1.,                  923P   1516
0.996107244693819,0.917122174835936,0.917122174835936,               923P   1517
0.996107244693819,0.996107244693819,0.917122174835936,               923P   1518
0.917122174835936,0.996107244693819,1.,0.920706259011136,            923P   1519
0.920706259011136,1.,0.528009297,-3.059919821,2.460700893,           923P   1520
0.571367858,-3.101244785,2.493933259,0.634652645,-3.121672389,       923P   1521
2.51036056,0.702809396,-3.116343291,2.50607505,0.528009297,          923P   1522
-2.882208234,2.681688015,0.571367858,-2.921133159,2.717904866,       923P   1523
0.634652645,-2.940374385,2.735807446,0.702809396,-2.935354786,       923P   1524
2.73113707,0.528009297,-2.681688015,2.882208234,0.571367858,         923P   1525
-2.717904866,2.921133159,0.634652645,-2.735807446,2.940374385,       923P   1526
0.702809396,-2.73113707,2.935354786,0.528009297,-2.460700893,        923P   1527
3.059919821,0.571367858,-2.493933259,3.101244785,0.634652645,        923P   1528
-2.51036056,3.121672389,0.702809396,-2.50607505,3.116343291,0.,      923P   1529
1.,0.,1.;                                                            923P   1530
126,4,2,1,0,1,0,0.,0.,0.,0.5,0.5,1.,1.,1.,1.,1.,1.,1.,1.,            925P   1531
0.104480445,0.005940215,0.,0.312220566,0.024125988,0.,               925P   1532
0.4931875,0.032512881,0.,0.692934845,0.041770151,0.,                 925P   1533
0.895519555,0.040864248,0.,0.,1.,0.,0.,1.;                           925P   1534
126,9,3,1,0,1,0,3.01927834898509E-007,3.01927834898509E-007,         927P   1535
3.01927834898509E-007,3.01927834898509E-007,                         927P   1536
3.99198634684688E-005,3.99198634684688E-005,                         927P   1537
3.99198634684688E-005,0.000100791733629813,                          927P   1538
0.000100791733629813,0.000100791733629813,0.000161638366617348,      927P   1539
0.000161638366617348,0.000161638366617348,0.000161638366617348,      927P   1540
1.,1.,1.,1.,1.,1.,1.,1.,1.,1.,0.541421356,-3.068303578,              927P   1541
2.473927133,0.550136327,-3.072110889,2.483089645,0.559825624,        927P   1542
-3.075650015,2.491531732,0.570285287,-3.078797908,2.498953603,       927P   1543
0.586231437,-3.08359699,2.510268524,0.604333118,-3.087565824,        927P   1544
2.519393815,0.623352638,-3.090311067,2.525398802,0.642340047,        927P   1545
-3.093051675,2.531393651,0.662747688,-3.094634693,2.53441044,        927P   1546
0.682842712,-3.094888772,2.534100134,3.01927834898509E-007,          927P   1547
0.000161638366617348,0.,0.,0.;                                       927P   1548
126,1,1,1,0,1,0,0.,0.,1.,1.,1.,1.,0.895519555,0.040864248,0.,        929P   1549
0.895519555,0.959135752,0.,0.,1.,0.,0.,1.;                           929P   1550
124,3.87922202261954E-017,4.73768203510641E-017,-1.,                 931P   1551
0.68284271247462,-0.773722192946566,0.633525033555863,0.,            931P   1552
0.528330560933444,0.633525033555863,0.773722192946566,               931P   1553
6.12323399573677E-017,-0.43259795233386;                             931P   1554
100,0.,0.682842712,0.,4.682842712,0.,4.604221738,0.789168255;        933P   1555
126,4,2,1,0,1,0,0.,0.,0.,0.5,0.5,1.,1.,1.,1.,1.,1.,1.,1.,            935P   1556
0.895519555,0.959135752,0.,0.692673944,0.958228683,0.,               935P   1557
0.492653957,0.967511863,0.,0.311928965,0.975899539,0.,               935P   1558
0.104480445,0.994059785,0.,0.,1.,0.,0.,1.;                           935P   1559
126,9,3,1,0,1,0,1.99299454350528E-007,1.99299454350528E-007,         937P   1560
1.99299454350528E-007,1.99299454350528E-007,                         937P   1561
3.03081096280041E-005,3.03081096280041E-005,                         937P   1562
3.03081096280041E-005,9.65025701074778E-005,                         937P   1563
9.65025701074778E-005,9.65025701074778E-005,                         937P   1564
0.000162035424546451,0.000162035424546451,0.000162035424546451,      937P   1565
0.000162035424546451,1.,1.,1.,1.,1.,1.,1.,1.,1.,1.,0.682842712,      937P   1566
-2.534100134,3.094888772,0.672808439,-2.534255083,3.0947619,         937P   1567
0.662729074,-2.533601137,3.094312512,0.652826423,-2.532156811,       937P   1568
3.093552138,0.631340162,-2.529022987,3.091902318,0.610217766,        937P   1569
-2.521991977,3.088709561,0.591375741,-2.511973809,3.084371754,       937P   1570
0.572681406,-2.502034167,3.080067949,0.555679384,-2.488917355,       937P   1571
3.074532485,0.541421356,-2.473927133,3.068303578,                    937P   1572
1.99299454350528E-007,0.000162035424546451,0.,0.,0.;                 937P   1573
126,1,1,1,0,1,0,0.,0.,1.,1.,1.,1.,0.104480445,0.994059785,0.,        939P   1574
0.104480445,0.005940215,0.,0.,1.,0.,0.,1.;                           939P   1575
124,-4.76679326606667E-017,3.84339388108061E-017,1.,                 941P   1576
0.54142135623731,-0.627673854005339,-0.778476417753347,0.,           941P   1577
0.33983602931027,0.778476417753347,-0.627673854005339,               941P   1578
6.12323399573677E-017,-0.42148375789878;                             941P   1579
100,0.,0.541421356,0.,4.482842712,0.,4.393209221,0.8357826;          943P   1580
102,4,925,929,935,939;                                               945P   1581
102,4,927,933,937,943;                                               947P   1582
142,1,923,945,947,1;                                                 949P   1583
144,923,1,0,949;                                                     951P   1584
128,3,1,3,1,0,0,0,0,0,0.,0.,0.,0.,1.,1.,1.,1.,0.,0.,1.,1.,1.,        953P   1585
0.995496686683052,0.995496686683052,1.,1.,0.995496686683052,         953P   1586
0.995496686683052,1.,4.111715729,-1.476610882,3.71747499,            953P   1587
4.111715729,-1.187736497,3.832218213,4.111715729,-0.887499127,       953P   1588
3.912666574,4.111715729,-0.579954959,3.957733221,0.371126984,        953P   1589
-1.476610882,3.71747499,0.371126984,-1.187736497,3.832218213,        953P   1590
0.371126984,-0.887499127,3.912666574,0.371126984,-0.579954959,       953P   1591
3.957733221,0.,1.,0.,1.;                                             953P   1592
126,1,1,1,0,1,0,0.,0.,1.,1.,1.,1.,0.926779778,0.916666667,0.,        955P   1593
0.073220222,0.916666667,0.,0.,1.,0.,0.,1.;                           955P   1594
124,-6.04256400876507E-017,9.90663800955415E-018,1.,                 957P   1595
0.68284271247462,-0.161787676519492,-0.986825591341461,0.,           957P   1596
0.110475535879536,0.986825591341461,-0.161787676519492,              957P   1597
6.12323399573677E-017,-0.673846663530974;                            957P   1598
100,0.,0.682842712,0.,4.682842712,0.,4.604221738,0.789168255;        959P   1599
126,1,1,1,0,1,0,0.,0.,1.,1.,1.,1.,0.073220222,0.916666667,0.,        961P   1600
0.005942002,0.083333333,0.,0.,1.,0.,0.,1.;                           961P   1601
126,3,3,1,0,0,0,0.,0.,0.,0.,1.,1.,1.,1.,1.,0.99997966465909,         963P   1602
0.99997966465909,1.,0.682842712,-1.413202231,3.742039478,            963P   1603
1.726467077,-1.432687616,3.734680713,2.765540636,-1.45211493,        963P   1604
3.72716998,3.8,-1.471482988,3.719507738,0.,1.,0.,0.,0.;              963P   1605
126,1,1,1,0,1,0,0.,0.,1.,1.,1.,1.,0.005942002,0.083333333,0.,        965P   1606
0.994057998,0.083333333,0.,0.,1.,0.,0.,1.;                           965P   1607
124,5.69385405777872E-017,2.25255866411138E-017,-1.,3.8,             967P   1608
-0.36787074700717,0.92987693459747,0.,1.39790883862725,              967P   1609
0.92987693459747,0.36787074700717,6.12323399573677E-017,             967P   1610
-3.53353235147039;                                                   967P   1611
100,0.,3.8,0.,7.8,0.,7.694813677,0.911277358;                        969P   1612
126,1,1,1,0,1,0,0.,0.,1.,1.,1.,1.,0.994057998,0.083333333,0.,        971P   1613
0.926779778,0.916666667,0.,0.,1.,0.,0.,1.;                           971P   1614
126,3,3,1,0,0,0,0.,0.,0.,0.,1.,1.,1.,1.,1.,0.99997966465909,         973P   1615
0.99997966465909,1.,3.8,-0.58541222,3.956929685,2.765540636,         973P   1616
-0.606016572,3.953881352,1.726467077,-0.626596486,3.95067218,        973P   1617
0.682842712,-0.647150706,3.947302365,0.,1.,0.,0.,0.;                 973P   1618
102,4,955,961,965,971;                                               975P   1619
102,4,959,963,969,973;                                               977P   1620
142,1,953,975,977,1;                                                 979P   1621
144,953,1,0,979;                                                     981P   1622
128,1,3,1,3,0,0,0,0,0,0.,0.,1.,1.,0.,0.,0.,0.,1.,1.,1.,1.,1.,        983P   1623
1.,0.992683245442911,0.992683245442911,0.992683245442911,            983P   1624
0.992683245442911,1.,1.,3.78,-1.602746615,3.686679168,4.,            983P   1625
-1.515034114,3.484920606,3.78,-1.236934257,3.845712404,4.,           983P   1626
-1.169241338,3.635250531,3.78,-0.851639713,3.948951766,4.,           983P   1627
-0.805032564,3.732839978,3.78,-0.455320299,3.994131123,4.,           983P   1628
-0.430402273,3.775546832,0.,1.,0.,1.;                                983P   1629
126,2,2,1,0,1,0,0.,0.,0.,1.,1.,1.,1.,1.,1.,0.090909091,              985P   1630
0.112809642,0.,0.560730755,0.06088271,0.,1.,0.005950252,0.,0.,       985P   1631
1.,0.,0.,1.;                                                         985P   1632
126,3,3,1,0,1,0,3.06861375439397E-007,3.06861375439397E-007,         987P   1633
3.06861375439397E-007,3.06861375439397E-007,                         987P   1634
0.000308837479736733,0.000308837479736733,0.000308837479736733,      987P   1635
0.000308837479736733,1.,1.,1.,1.,3.8,-1.471482988,3.719507738,       987P   1636
3.867028258,-1.483918123,3.642505312,3.933718438,-1.496389708,       987P   1637
3.565212653,4.,-1.508903877,3.487579259,3.06861375439397E-007,       987P   1638
0.000308837479736733,0.,0.,0.;                                       987P   1639
126,1,1,1,0,1,0,0.,0.,1.,1.,1.,1.,1.,0.005950252,0.,1.,              989P   1640
0.994049748,0.,0.,1.,0.,0.,1.;                                       989P   1641
124,5.61980628479377E-017,2.43141355757076E-017,-1.,4.,              991P   1642
-0.397079967752923,0.917784015555587,0.,1.58831987101169,            991P   1643
0.917784015555587,0.397079967752923,6.12323399573677E-017,           991P   1644
-3.67113606222235;                                                   991P   1645
100,0.,4.,0.,7.8,0.,7.637976621,1.097782357;                         993P   1646
126,2,2,1,0,1,0,0.,0.,0.,1.,1.,1.,1.,1.,1.,1.,0.994049748,0.,        995P   1647
0.560730755,0.93911729,0.,0.090909091,0.887190358,0.,0.,1.,0.,       995P   1648
0.,1.;                                                               995P   1649
126,3,3,1,0,1,0,3.1032140570212E-007,3.1032140570212E-007,           997P   1650
3.1032140570212E-007,3.1032140570212E-007,0.000308840939767,         997P   1651
0.000308840939767,0.000308840939767,0.000308840939767,1.,1.,1.,      997P   1652
1.,4.,-0.43704054,3.774784175,3.933718438,-0.486694825,              997P   1653
3.835759581,3.867028258,-0.536141864,3.896461195,3.8,                997P   1654
-0.58541222,3.956929685,3.1032140570212E-007,0.000308840939767,      997P   1655
0.,0.,0.;                                                            997P   1656
126,1,1,1,0,1,0,0.,0.,1.,1.,1.,1.,0.090909091,0.887190358,0.,        999P   1657
0.090909091,0.112809642,0.,0.,1.,0.,0.,1.;                           999P   1658
124,-6.05730159153314E-017,8.96154002254396E-018,1.,                1001P   1659
3.80000000000001,-0.146353055081405,-0.989232421258189,0.,          1001P   1660
0.55614160930934,0.989232421258189,-0.146353055081405,              1001P   1661
6.12323399573677E-017,-3.75908320078112;                            1001P   1662
100,0.,3.8,0.,7.8,0.,7.694813677,0.911277358;                       1003P   1663
102,4,985,989,995,999;                                              1005P   1664
102,4,987,993,997,1003;                                             1007P   1665
142,1,983,1005,1007,1;                                              1009P   1666
144,983,1,0,1009;                                                   1011P   1667
128,3,3,3,3,0,0,0,0,0,0.,0.,0.,0.,1.,1.,1.,1.,0.,0.,0.,0.,1.,       1013P   1668
1.,1.,1.,1.,0.920706259011136,0.920706259011136,1.,                 1013P   1669
0.996107244693819,0.917122174835936,0.917122174835936,              1013P   1670
0.996107244693819,0.996107244693819,0.917122174835936,              1013P   1671
0.917122174835936,0.996107244693819,1.,0.920706259011136,           1013P   1672
0.920706259011136,1.,0.528009297,-1.419617852,3.660989395,          1013P   1673
0.571367858,-1.438790138,3.71043195,0.634652645,-1.448267311,       1013P   1674
3.734872212,0.702809396,-1.445794932,3.728496302,0.528009297,       1013P   1675
-1.155221542,3.763514063,0.571367858,-1.170823091,3.814341238,      1013P   1676
0.634652645,-1.178535191,3.839465941,0.702809396,-1.176523279,      1013P   1677
3.832911477,0.528009297,-0.881305829,3.836909557,0.571367858,       1013P   1678
-0.893208079,3.888727956,0.634652645,-0.899091556,3.914342637,      1013P   1679
0.702809396,-0.89755669,3.907660349,0.528009297,-0.601069574,       1013P   1680
3.880318746,0.571367858,-0.609187165,3.932723396,0.634652645,       1013P   1681
-0.613199823,3.958627871,0.702809396,-0.612153012,3.951869982,      1013P   1682
0.,1.,0.,1.;                                                        1013P   1683
126,4,2,1,0,1,0,0.,0.,0.,0.5,0.5,1.,1.,1.,1.,1.,1.,1.,1.,           1015P   1684
0.104480445,0.005940215,0.,0.312220566,0.024125988,0.,              1015P   1685
0.4931875,0.032512881,0.,0.692934845,0.041770151,0.,                1015P   1686
0.895519555,0.040864248,0.,0.,1.,0.,0.,1.;                          1015P   1687
126,9,3,1,0,1,0,0.000489481511102788,0.000489481511102788,          1017P   1688
0.000489481511102788,0.000489481511102788,0.000528637796766276,     1017P   1689
0.000528637796766276,0.000528637796766276,0.000588800354425677,     1017P   1690
0.000588800354425677,0.000588800354425677,0.000648937968988591,     1017P   1691
0.000648937968988591,0.000648937968988591,0.000648937968988591,     1017P   1692
1.,1.,1.,1.,1.,1.,1.,1.,1.,1.,0.541421356,-1.420265279,             1017P   1693
3.676635533,0.550136327,-1.418981251,3.686474157,0.559825624,       1017P   1694
-1.41782518,3.695554781,0.570285287,-1.4168404,3.703556257,         1017P   1695
0.586231437,-1.415339066,3.715754807,0.604333118,-1.414213532,      1017P   1696
3.725641958,0.623352638,-1.413588489,3.73221505,0.642340047,        1017P   1697
-1.4129645,3.738777046,0.662747688,-1.412827039,3.742181171,        1017P   1698
0.682842712,-1.413202231,3.742039478,0.000489481511102788,          1017P   1699
0.000648937968988591,0.,0.,0.;                                      1017P   1700
126,1,1,1,0,1,0,0.,0.,1.,1.,1.,1.,0.895519555,0.040864248,0.,       1019P   1701
0.895519555,0.959135752,0.,0.,1.,0.,0.,1.;                          1019P   1702
124,5.72834583606171E-017,2.16334198614571E-017,-1.,                1021P   1703
0.68284271247462,-0.353300557785627,0.935509869466039,0.,           1021P   1704
0.241248711197134,0.935509869466039,0.353300557785627,              1021P   1705
6.12323399573677E-017,-0.638806096812967;                           1021P   1706
100,0.,0.682842712,0.,4.682842712,0.,4.604221738,0.789168255;       1023P   1707
126,4,2,1,0,1,0,0.,0.,0.,0.5,0.5,1.,1.,1.,1.,1.,1.,1.,1.,           1025P   1708
0.895519555,0.959135752,0.,0.692673944,0.958228683,0.,              1025P   1709
0.492653957,0.967511863,0.,0.311928965,0.975899539,0.,              1025P   1710
0.104480445,0.994059785,0.,0.,1.,0.,0.,1.;                          1025P   1711
126,9,3,1,0,1,0,1.99299454139678E-007,1.99299454139678E-007,        1027P   1712
1.99299454139678E-007,1.99299454139678E-007,                        1027P   1713
3.03081096257322E-005,3.03081096257322E-005,                        1027P   1714
3.03081096257322E-005,9.6502570104946E-005,                         1027P   1715
9.6502570104946E-005,9.6502570104946E-005,0.000162035424546305,     1027P   1716
0.000162035424546305,0.000162035424546305,0.000162035424546305,     1027P   1717
1.,1.,1.,1.,1.,1.,1.,1.,1.,1.,0.682842712,-0.647150706,             1027P   1718
3.947302365,0.672808439,-0.647348331,3.947269965,0.662729074,       1027P   1719
-0.647006692,3.946553811,0.652826423,-0.646136056,3.945173145,      1027P   1720
0.631340162,-0.644246995,3.942177447,0.610217766,-0.639754339,      1027P   1721
3.935896933,0.591375741,-0.633247255,3.927131199,0.572681406,       1027P   1722
-0.626791176,3.918434173,0.555679384,-0.618199415,3.907081914,      1027P   1723
0.541421356,-0.608331955,3.894192412,1.99299454139678E-007,         1027P   1724
0.000162035424546305,0.,0.,0.;                                      1027P   1725
126,1,1,1,0,1,0,0.,0.,1.,1.,1.,1.,0.104480445,0.994059785,0.,       1029P   1726
0.104480445,0.005940215,0.,0.,1.,0.,0.,1.;                          1029P   1727
124,-6.04986100354259E-017,9.4508010473243E-018,1.,                 1031P   1728
0.54142135623731,-0.154343293983283,-0.988017281024168,0.,          1031P   1729
0.0835647555545627,0.988017281024168,-0.154343293983283,            1031P   1730
6.12323399573677E-017,-0.534933656278004;                           1031P   1731
100,0.,0.541421356,0.,4.482842712,0.,4.393209221,0.8357826;         1033P   1732
102,4,1015,1019,1025,1029;                                          1035P   1733
102,4,1017,1023,1027,1033;                                          1037P   1734
142,1,1013,1035,1037,1;                                             1039P   1735
144,1013,1,0,1039;                                                  1041P   1736
128,3,1,3,1,0,0,0,0,0,0.,0.,0.,0.,1.,1.,1.,1.,0.,0.,1.,1.,1.,       1043P   1737
0.995496686683054,0.995496686683054,1.,1.,0.995496686683054,        1043P   1738
0.995496686683054,1.,4.111715729,0.579954959,3.957733221,           1043P   1739
4.111715729,0.887499127,3.912666574,4.111715729,1.187736497,        1043P   1740
3.832218213,4.111715729,1.476610882,3.71747499,0.371126984,         1043P   1741
0.579954959,3.957733221,0.371126984,0.887499127,3.912666574,        1043P   1742
0.371126984,1.187736497,3.832218213,0.371126984,1.476610882,        1043P   1743
3.71747499,0.,1.,0.,1.;                                             1043P   1744
126,1,1,1,0,1,0,0.,0.,1.,1.,1.,1.,0.926779778,0.916666667,0.,       1045P   1745
0.073220222,0.916666667,0.,0.,1.,0.,0.,1.;                          1045P   1746
124,-5.72834583606944E-017,-2.16334198612525E-017,1.,               1047P   1747
0.68284271247462,0.353300557782285,-0.935509869467301,0.,           1047P   1748
-0.241248711194852,0.935509869467301,0.353300557782285,             1047P   1749
6.12323399573677E-017,-0.638806096813829;                           1047P   1750
100,0.,0.682842712,0.,4.682842712,0.,4.604221738,0.789168255;       1049P   1751
126,1,1,1,0,1,0,0.,0.,1.,1.,1.,1.,0.073220222,0.916666667,0.,       1051P   1752
0.005942002,0.083333333,0.,0.,1.,0.,0.,1.;                          1051P   1753
126,3,3,1,0,0,0,0.,0.,0.,0.,1.,1.,1.,1.,1.,0.99997966465909,        1053P   1754
0.99997966465909,1.,0.682842712,0.647150706,3.947302365,            1053P   1755
1.726467077,0.626596486,3.95067218,2.765540636,0.606016572,         1053P   1756
3.953881352,3.8,0.58541222,3.956929685,0.,1.,0.,0.,0.;              1053P   1757
126,1,1,1,0,1,0,0.,0.,1.,1.,1.,1.,0.005942002,0.083333333,0.,       1055P   1758
0.994057998,0.083333333,0.,0.,1.,0.,0.,1.;                          1055P   1759
124,6.05730159153319E-017,-8.96154002254012E-018,-1.,3.8,           1057P   1760
0.146353055081342,0.989232421258198,0.,-0.556141609309102,          1057P   1761
0.989232421258198,-0.146353055081342,6.12323399573677E-017,         1057P   1762
-3.75908320078116;                                                  1057P   1763
100,0.,3.8,0.,7.8,0.,7.694813677,0.911277358;                       1059P   1764
126,1,1,1,0,1,0,0.,0.,1.,1.,1.,1.,0.994057998,0.083333333,0.,       1061P   1765
0.926779778,0.916666667,0.,0.,1.,0.,0.,1.;                          1061P   1766
126,3,3,1,0,0,0,0.,0.,0.,0.,1.,1.,1.,1.,1.,0.99997966465909,        1063P   1767
0.99997966465909,1.,3.8,1.471482988,3.719507738,2.765540636,        1063P   1768
1.45211493,3.72716998,1.726467077,1.432687616,3.734680713,          1063P   1769
0.682842712,1.413202231,3.742039478,0.,1.,0.,0.,0.;                 1063P   1770
102,4,1045,1051,1055,1061;                                          1065P   1771
102,4,1049,1053,1059,1063;                                          1067P   1772
142,1,1043,1065,1067,1;                                             1069P   1773
144,1043,1,0,1069;                                                  1071P   1774
128,1,3,1,3,0,0,0,0,0,0.,0.,1.,1.,0.,0.,0.,0.,1.,1.,1.,1.,1.,       1073P   1775
1.,0.992683245442912,0.992683245442912,0.992683245442912,           1073P   1776
0.992683245442912,1.,1.,3.78,0.455320299,3.994131123,4.,            1073P   1777
0.430402273,3.775546832,3.78,0.851639713,3.948951766,4.,            1073P   1778
0.805032564,3.732839978,3.78,1.236934257,3.845712404,4.,            1073P   1779
1.169241338,3.635250531,3.78,1.602746615,3.686679168,4.,            1073P   1780
1.515034114,3.484920606,0.,1.,0.,1.;                                1073P   1781
126,2,2,1,0,1,0,0.,0.,0.,1.,1.,1.,1.,1.,1.,0.090909091,             1075P   1782
0.112809642,0.,0.560730755,0.06088271,0.,1.,0.005950252,0.,0.,      1075P   1783
1.,0.,0.,1.;                                                        1075P   1784
126,3,3,1,0,1,0,3.0686137542952E-007,3.0686137542952E-007,          1077P   1785
3.0686137542952E-007,3.0686137542952E-007,0.000308837479736733,     1077P   1786
0.000308837479736733,0.000308837479736733,0.000308837479736733,     1077P   1787
1.,1.,1.,1.,3.8,0.58541222,3.956929685,3.867028258,0.536141864,     1077P   1788
3.896461195,3.933718438,0.486694825,3.835759581,4.,0.43704054,      1077P   1789
3.774784175,3.0686137542952E-007,0.000308837479736733,0.,0.,0.;     1077P   1790
126,1,1,1,0,1,0,0.,0.,1.,1.,1.,1.,1.,0.005950252,0.,1.,             1079P   1791
0.994049748,0.,0.,1.,0.,0.,1.;                                      1079P   1792
124,6.08260178576425E-017,-7.04237234434557E-018,-1.,4.,            1081P   1793
0.115010668369831,0.993364256534895,0.,-0.460042673479325,          1081P   1794
0.993364256534895,-0.115010668369831,6.12323399573677E-017,         1081P   1795
-3.97345702613958;                                                  1081P   1796
100,0.,4.,0.,7.8,0.,7.637976621,1.097782357;                        1083P   1797
126,2,2,1,0,1,0,0.,0.,0.,1.,1.,1.,1.,1.,1.,1.,0.994049748,0.,       1085P   1798
0.560730755,0.93911729,0.,0.090909091,0.887190358,0.,0.,1.,0.,      1085P   1799
0.,1.;                                                              1085P   1800
126,3,3,1,0,1,0,3.10321405701598E-007,3.10321405701598E-007,        1087P   1801
3.10321405701598E-007,3.10321405701598E-007,                        1087P   1802
0.000308840939766994,0.000308840939766994,0.000308840939766994,     1087P   1803
0.000308840939766994,1.,1.,1.,1.,4.,1.508903877,3.487579259,        1087P   1804
3.933718438,1.496389708,3.565212653,3.867028258,1.483918123,        1087P   1805
3.642505312,3.8,1.471482988,3.719507738,3.10321405701598E-007,      1087P   1806
0.000308840939766994,0.,0.,0.;                                      1087P   1807
126,1,1,1,0,1,0,0.,0.,1.,1.,1.,1.,0.090909091,0.887190358,0.,       1089P   1808
0.090909091,0.112809642,0.,0.,1.,0.,0.,1.;                          1089P   1809
124,-5.69385405777887E-017,-2.25255866411101E-017,1.,3.8,           1091P   1810
0.367870747007109,-0.929876934597494,0.,-1.39790883862701,          1091P   1811
0.929876934597494,0.367870747007109,6.12323399573677E-017,          1091P   1812
-3.53353235147048;                                                  1091P   1813
100,0.,3.8,0.,7.8,0.,7.694813677,0.911277358;                       1093P   1814
102,4,1075,1079,1085,1089;                                          1095P   1815
102,4,1077,1083,1087,1093;                                          1097P   1816
142,1,1073,1095,1097,1;                                             1099P   1817
144,1073,1,0,1099;                                                  1101P   1818
128,3,3,3,3,0,0,0,0,0,0.,0.,0.,0.,1.,1.,1.,1.,0.,0.,0.,0.,1.,       1103P   1819
1.,1.,1.,1.,0.920706259011136,0.920706259011136,1.,                 1103P   1820
0.996107244693821,0.917122174835938,0.917122174835938,              1103P   1821
0.996107244693821,0.996107244693821,0.917122174835938,              1103P   1822
0.917122174835938,0.996107244693821,1.,0.920706259011136,           1103P   1823
0.920706259011136,1.,0.528009297,0.601069574,3.880318746,           1103P   1824
0.571367858,0.609187165,3.932723396,0.634652645,0.613199823,        1103P   1825
3.958627871,0.702809396,0.612153012,3.951869982,0.528009297,        1103P   1826
0.881305829,3.836909557,0.571367858,0.893208079,3.888727956,        1103P   1827
0.634652645,0.899091556,3.914342637,0.702809396,0.89755669,         1103P   1828
3.907660349,0.528009297,1.155221542,3.763514063,0.571367858,        1103P   1829
1.170823091,3.814341238,0.634652645,1.178535191,3.839465941,        1103P   1830
0.702809396,1.176523279,3.832911477,0.528009297,1.419617852,        1103P   1831
3.660989395,0.571367858,1.438790138,3.71043195,0.634652645,         1103P   1832
1.448267311,3.734872212,0.702809396,1.445794932,3.728496302,0.,     1103P   1833
1.,0.,1.;                                                           1103P   1834
126,4,2,1,0,1,0,0.,0.,0.,0.5,0.5,1.,1.,1.,1.,1.,1.,1.,1.,           1105P   1835
0.104480445,0.005940215,0.,0.312220566,0.024125988,0.,              1105P   1836
0.4931875,0.032512881,0.,0.692934845,0.041770151,0.,                1105P   1837
0.895519555,0.040864248,0.,0.,1.,0.,0.,1.;                          1105P   1838
126,9,3,1,0,1,0,3.01927834899E-007,3.01927834899E-007,              1107P   1839
3.01927834899E-007,3.01927834899E-007,3.99198634685115E-005,        1107P   1840
3.99198634685115E-005,3.99198634685115E-005,                        1107P   1841
0.000100791733629852,0.000100791733629852,0.000100791733629852,     1107P   1842
0.000161638366617348,0.000161638366617348,0.000161638366617348,     1107P   1843
0.000161638366617348,1.,1.,1.,1.,1.,1.,1.,1.,1.,1.,0.541421356,     1107P   1844
0.608331955,3.894192412,0.550136327,0.614363268,3.902070896,        1107P   1845
0.559825624,0.619904767,3.909356912,0.570285287,0.624758349,        1107P   1846
3.915794003,0.586231437,0.632157817,3.92560759,0.604333118,         1107P   1847
0.638076133,3.933607347,0.623352638,0.641903984,3.93898729,         1107P   1848
0.642340047,0.645725371,3.944358151,0.662747688,0.647546478,        1107P   1849
3.947237479,0.682842712,0.647150706,3.947302365,                    1107P   1850
3.01927834899E-007,0.000161638366617348,0.,0.,0.;                   1107P   1851
126,1,1,1,0,1,0,0.,0.,1.,1.,1.,1.,0.895519555,0.040864248,0.,       1109P   1852
0.895519555,0.959135752,0.,0.,1.,0.,0.,1.;                          1109P   1853
124,6.04256400876513E-017,-9.90663800955037E-018,-1.,               1111P   1854
0.68284271247462,0.16178767651943,0.986825591341471,0.,             1111P   1855
-0.110475535879494,0.986825591341471,-0.16178767651943,             1111P   1856
6.12323399573677E-017,-0.673846663530981;                           1111P   1857
100,0.,0.682842712,0.,4.682842712,0.,4.604221738,0.789168255;       1113P   1858
126,4,2,1,0,1,0,0.,0.,0.,0.5,0.5,1.,1.,1.,1.,1.,1.,1.,1.,           1115P   1859
0.895519555,0.959135752,0.,0.692519928,0.958227994,0.,              1115P   1860
0.49233895,0.967526489,0.,0.311756796,0.975914611,0.,               1115P   1861
0.104480445,0.994059785,0.,0.,1.,0.,0.,1.;                          1115P   1862
126,9,3,1,0,1,0,2.71172577272672E-005,2.71172577272672E-005,        1117P   1863
2.71172577272672E-005,2.71172577272672E-005,                        1117P   1864
5.30848615525875E-005,5.30848615525875E-005,                        1117P   1865
5.30848615525875E-005,0.000120737724382437,                         1117P   1866
0.000120737724382437,0.000120737724382437,0.000185333027351577,     1117P   1867
0.000185333027351577,0.000185333027351577,0.000185333027351577,     1117P   1868
1.,1.,1.,1.,1.,1.,1.,1.,1.,1.,0.682842712,1.413202231,              1117P   1869
3.742039478,0.674010277,1.413037322,3.742101757,0.665146224,        1117P   1870
1.412969237,3.741497648,0.656402089,1.412998803,3.740239792,        1117P   1871
0.633809244,1.413075194,3.73698978,0.611508351,1.413827581,         1117P   1872
3.729149176,0.591733423,1.41513369,3.717824364,0.572897824,         1117P   1873
1.416377757,3.707037492,0.555769005,1.418151355,3.692833077,        1117P   1874
0.541421356,1.420265279,3.676635533,2.71172577272672E-005,          1117P   1875
0.000185333027351577,0.,0.,0.;                                      1117P   1876
126,1,1,1,0,1,0,0.,0.,1.,1.,1.,1.,0.104480445,0.994059785,0.,       1119P   1877
0.104480445,0.005940215,0.,0.,1.,0.,0.,1.;                          1119P   1878
124,-5.71187337079898E-017,-2.20646712246159E-017,1.,               1121P   1879
0.54142135623731,0.360343427018765,-0.93281971173661,0.,            1121P   1880
-0.1950976269677,0.93281971173661,0.360343427018765,                1121P   1881
6.12323399573677E-017,-0.505048513453332;                           1121P   1882
100,0.,0.541421356,0.,4.482842712,0.,4.393209221,0.8357826;         1123P   1883
102,4,1105,1109,1115,1119;                                          1125P   1884
102,4,1107,1113,1117,1123;                                          1127P   1885
142,1,1103,1125,1127,1;                                             1129P   1886
144,1103,1,0,1129;                                                  1131P   1887
128,3,1,3,1,0,0,0,0,0,0.,0.,0.,0.,1.,1.,1.,1.,0.,0.,1.,1.,1.,       1133P   1888
0.995496686683055,0.995496686683055,1.,1.,0.995496686683055,        1133P   1889
0.995496686683055,1.,4.111715729,2.481122338,3.137520031,           1133P   1890
4.111715729,2.724930076,2.944719086,4.111715729,2.944719086,        1133P   1891
2.724930076,4.111715729,3.137520031,2.481122338,0.371126984,        1133P   1892
2.481122338,3.137520031,0.371126984,2.724930076,2.944719086,        1133P   1893
0.371126984,2.944719086,2.724930076,0.371126984,3.137520031,        1133P   1894
2.481122338,0.,1.,0.,1.;                                            1133P   1895
126,1,1,1,0,1,0,0.,0.,1.,1.,1.,1.,0.926779778,0.916666667,0.,       1135P   1896
0.073220222,0.916666667,0.,0.,1.,0.,0.,1.;                          1135P   1897
124,-3.87922202261983E-017,-4.73768203510617E-017,1.,               1137P   1898
0.68284271247462,0.773722192946526,-0.633525033555911,0.,           1137P   1899
-0.528330560933417,0.633525033555911,0.773722192946526,             1137P   1900
6.12323399573677E-017,-0.432597952333893;                           1137P   1901
100,0.,0.682842712,0.,4.682842712,0.,4.604221738,0.789168255;       1139P   1902
126,1,1,1,0,1,0,0.,0.,1.,1.,1.,1.,0.073220222,0.916666667,0.,       1141P   1903
0.005942002,0.083333333,0.,0.,1.,0.,0.,1.;                          1141P   1904
126,3,3,1,0,0,0,0.,0.,0.,0.,1.,1.,1.,1.,1.,0.99997966465909,        1143P   1905
0.99997966465909,1.,0.682842712,2.534100134,3.094888772,            1143P   1906
1.726467077,2.517984565,3.108084227,2.765540636,2.501766422,        1143P   1907
3.121153409,3.8,2.485446697,3.134095518,0.,1.,0.,0.,0.;             1143P   1908
126,1,1,1,0,1,0,0.,0.,1.,1.,1.,1.,0.005942002,0.083333333,0.,       1145P   1909
0.994057998,0.083333333,0.,0.,1.,0.,0.,1.;                          1145P   1910
124,4.7977000555246E-017,-3.80474292742173E-017,-1.,3.8,            1147P   1911
0.621361674251016,0.783523879516109,0.,-2.36117436215386,           1147P   1912
0.783523879516109,-0.621361674251016,6.12323399573677E-017,         1147P   1913
-2.97739074216122;                                                  1147P   1914
100,0.,3.8,0.,7.8,0.,7.694813677,0.911277358;                       1149P   1915
126,1,1,1,0,1,0,0.,0.,1.,1.,1.,1.,0.994057998,0.083333333,0.,       1151P   1916
0.926779778,0.916666667,0.,0.,1.,0.,0.,1.;                          1151P   1917
126,3,3,1,0,0,0,0.,0.,0.,0.,1.,1.,1.,1.,1.,0.99997966465909,        1153P   1918
0.99997966465909,1.,3.8,3.134095518,2.485446697,2.765540636,        1153P   1919
3.121153409,2.501766422,1.726467077,3.108084227,2.517984565,        1153P   1920
0.682842712,3.094888772,2.534100134,0.,1.,0.,0.,0.;                 1153P   1921
102,4,1135,1141,1145,1151;                                          1155P   1922
102,4,1139,1143,1149,1153;                                          1157P   1923
142,1,1133,1155,1157,1;                                             1159P   1924
144,1133,1,0,1159;                                                  1161P   1925
128,1,3,1,3,0,0,0,0,0,0.,0.,1.,1.,0.,0.,0.,0.,1.,1.,1.,1.,1.,       1163P   1926
1.,0.992683245442914,0.992683245442914,0.992683245442914,           1163P   1927
0.992683245442914,1.,1.,3.78,2.391384507,3.231358869,4.,            1163P   1928
2.260512718,3.054518334,3.78,2.712017509,2.994072692,4.,            1163P   1929
2.56359864,2.830217967,3.78,2.994072692,2.712017509,4.,             1163P   1930
2.830217967,2.56359864,3.78,3.231358869,2.391384507,4.,             1163P   1931
3.054518334,2.260512718,0.,1.,0.,1.;                                1163P   1932
126,2,2,1,0,1,0,0.,0.,0.,1.,1.,1.,1.,1.,1.,0.090909091,             1165P   1933
0.112809642,0.,0.560730755,0.06088271,0.,1.,0.005950252,0.,0.,      1165P   1934
1.,0.,0.,1.;                                                        1165P   1935
126,3,3,1,0,1,0,3.06861375434182E-007,3.06861375434182E-007,        1167P   1936
3.06861375434182E-007,3.06861375434182E-007,                        1167P   1937
0.000308837479736732,0.000308837479736732,0.000308837479736732,     1167P   1938
0.000308837479736732,1.,1.,1.,1.,3.8,2.485446697,3.134095518,       1167P   1939
3.867028258,2.412543072,3.106363448,3.933718438,2.339369873,        1167P   1940
3.078517827,4.,2.265880297,3.050538719,3.06861375434182E-007,       1167P   1941
0.000308837479736732,0.,0.,0.;                                      1167P   1942
126,1,1,1,0,1,0,0.,0.,1.,1.,1.,1.,1.,0.005950252,0.,1.,             1169P   1943
0.994049748,0.,0.,1.,0.,0.,1.;                                      1169P   1944
124,4.9155690503591E-017,-3.65118822819342E-017,-1.,4.,             1171P   1945
0.59628428878196,0.802773347185737,0.,-2.38513715512784,            1171P   1946
0.802773347185737,-0.59628428878196,6.12323399573677E-017,          1171P   1947
-3.21109338874295;                                                  1171P   1948
100,0.,4.,0.,7.8,0.,7.637976621,1.097782357;                        1173P   1949
126,2,2,1,0,1,0,0.,0.,0.,1.,1.,1.,1.,1.,1.,1.,0.994049748,0.,       1175P   1950
0.560730755,0.93911729,0.,0.090909091,0.887190358,0.,0.,1.,0.,      1175P   1951
0.,1.;                                                              1175P   1952
126,3,3,1,0,1,0,3.10321405698679E-007,3.10321405698679E-007,        1177P   1953
3.10321405698679E-007,3.10321405698679E-007,                        1177P   1954
0.000308840939766989,0.000308840939766989,0.000308840939766989,     1177P   1955
0.000308840939766989,1.,1.,1.,1.,4.,3.050538719,2.265880297,        1177P   1956
3.933718438,3.078517827,2.339369873,3.867028258,3.106363448,        1177P   1957
2.412543072,3.8,3.134095518,2.485446697,3.10321405698679E-007,      1177P   1958
0.000308840939766989,0.,0.,0.;                                      1177P   1959
126,1,1,1,0,1,0,0.,0.,1.,1.,1.,1.,0.090909091,0.887190358,0.,       1179P   1960
0.090909091,0.112809642,0.,0.,1.,0.,0.,1.;                          1179P   1961
124,-3.80474292742224E-017,-4.7977000555242E-017,1.,3.8,            1181P   1962
0.783523879516044,-0.621361674251098,0.,-2.97739074216097,          1181P   1963
0.621361674251098,0.783523879516044,6.12323399573677E-017,          1181P   1964
-2.36117436215417;                                                  1181P   1965
100,0.,3.8,0.,7.8,0.,7.694813677,0.911277358;                       1183P   1966
102,4,1165,1169,1175,1179;                                          1185P   1967
102,4,1167,1173,1177,1183;                                          1187P   1968
142,1,1163,1185,1187,1;                                             1189P   1969
144,1163,1,0,1189;                                                  1191P   1970
128,3,3,3,3,0,0,0,0,0,0.,0.,0.,0.,1.,1.,1.,1.,0.,0.,0.,0.,1.,       1193P   1971
1.,1.,1.,1.,0.920706259011136,0.920706259011136,1.,                 1193P   1972
0.996107244693822,0.917122174835939,0.917122174835939,              1193P   1973
0.996107244693822,0.996107244693822,0.917122174835939,              1193P   1974
0.917122174835939,0.996107244693822,1.,0.920706259011136,           1193P   1975
0.920706259011136,1.,0.528009297,2.460700893,3.059919821,           1193P   1976
0.571367858,2.493933259,3.101244785,0.634652645,2.51036056,         1193P   1977
3.121672389,0.702809396,2.50607505,3.116343291,0.528009297,         1193P   1978
2.681688015,2.882208234,0.571367858,2.717904866,2.921133159,        1193P   1979
0.634652645,2.735807446,2.940374385,0.702809396,2.73113707,         1193P   1980
2.935354786,0.528009297,2.882208234,2.681688015,0.571367858,        1193P   1981
2.921133159,2.717904866,0.634652645,2.940374385,2.735807446,        1193P   1982
0.702809396,2.935354786,2.73113707,0.528009297,3.059919821,         1193P   1983
2.460700893,0.571367858,3.101244785,2.493933259,0.634652645,        1193P   1984
3.121672389,2.51036056,0.702809396,3.116343291,2.50607505,0.,       1193P   1985
1.,0.,1.;                                                           1193P   1986
126,4,2,1,0,1,0,0.,0.,0.,0.5,0.5,1.,1.,1.,1.,1.,1.,1.,1.,           1195P   1987
0.104480445,0.005940215,0.,0.312220566,0.024125988,0.,              1195P   1988
0.4931875,0.032512881,0.,0.692934845,0.041770151,0.,                1195P   1989
0.895519555,0.040864248,0.,0.,1.,0.,0.,1.;                          1195P   1990
126,9,3,1,0,1,0,3.01927834898982E-007,3.01927834898982E-007,        1197P   1991
3.01927834898982E-007,3.01927834898982E-007,                        1197P   1992
3.99198634684704E-005,3.99198634684704E-005,                        1197P   1993
3.99198634684704E-005,0.000100791733629814,                         1197P   1994
0.000100791733629814,0.000100791733629814,0.000161638366617348,     1197P   1995
0.000161638366617348,0.000161638366617348,0.000161638366617348,     1197P   1996
1.,1.,1.,1.,1.,1.,1.,1.,1.,1.,0.541421356,2.473927133,              1197P   1997
3.068303578,0.550136327,2.483089645,3.072110889,0.559825624,        1197P   1998
2.491531732,3.075650015,0.570285287,2.498953603,3.078797908,        1197P   1999
0.586231437,2.510268524,3.08359699,0.604333118,2.519393815,         1197P   2000
3.087565824,0.623352638,2.525398802,3.090311067,0.642340047,        1197P   2001
2.531393651,3.093051675,0.662747688,2.53441044,3.094634693,         1197P   2002
0.682842712,2.534100134,3.094888772,3.01927834898982E-007,          1197P   2003
0.000161638366617348,0.,0.,0.;                                      1197P   2004
126,1,1,1,0,1,0,0.,0.,1.,1.,1.,1.,0.895519555,0.040864248,0.,       1199P   2005
0.895519555,0.959135752,0.,0.,1.,0.,0.,1.;                          1199P   2006
124,4.73768203510657E-017,-3.87922202261934E-017,-1.,               1201P   2007
0.68284271247462,0.633525033555832,0.773722192946592,0.,            1201P   2008
-0.432597952333838,0.773722192946592,-0.633525033555832,            1201P   2009
6.12323399573677E-017,-0.528330560933462;                           1201P   2010
100,0.,0.682842712,0.,4.682842712,0.,4.604221738,0.789168255;       1203P   2011
126,4,2,1,0,1,0,0.,0.,0.,0.5,0.5,1.,1.,1.,1.,1.,1.,1.,1.,           1205P   2012
0.895519555,0.959135752,0.,0.692673944,0.958228683,0.,              1205P   2013
0.492653957,0.967511863,0.,0.311928965,0.975899539,0.,              1205P   2014
0.104480445,0.994059785,0.,0.,1.,0.,0.,1.;                          1205P   2015
126,9,3,1,0,1,0,1.99299454263285E-007,1.99299454263285E-007,        1207P   2016
1.99299454263285E-007,1.99299454263285E-007,                        1207P   2017
3.03081096279161E-005,3.03081096279161E-005,                        1207P   2018
3.03081096279161E-005,9.65025701073918E-005,                        1207P   2019
9.65025701073918E-005,9.65025701073918E-005,                        1207P   2020
0.000162035424546336,0.000162035424546336,0.000162035424546336,     1207P   2021
0.000162035424546336,1.,1.,1.,1.,1.,1.,1.,1.,1.,1.,0.682842712,     1207P   2022
3.094888772,2.534100134,0.672808439,3.0947619,2.534255083,          1207P   2023
0.662729074,3.094312512,2.533601137,0.652826423,3.093552138,        1207P   2024
2.532156811,0.631340162,3.091902318,2.529022987,0.610217766,        1207P   2025
3.088709561,2.521991977,0.591375741,3.084371754,2.511973809,        1207P   2026
0.572681406,3.080067949,2.502034167,0.555679384,3.074532485,        1207P   2027
2.488917355,0.541421356,3.068303578,2.473927133,                    1207P   2028
1.99299454263285E-007,0.000162035424546336,0.,0.,0.;                1207P   2029
126,1,1,1,0,1,0,0.,0.,1.,1.,1.,1.,0.104480445,0.994059785,0.,       1209P   2030
0.104480445,0.005940215,0.,0.,1.,0.,0.,1.;                          1209P   2031
124,-3.84339388108112E-017,-4.76679326606627E-017,1.,               1211P   2032
0.54142135623731,0.778476417753281,-0.627673854005422,0.,           1211P   2033
-0.421483757898744,0.627673854005422,0.778476417753281,             1211P   2034
6.12323399573677E-017,-0.339836029310315;                           1211P   2035
100,0.,0.541421356,0.,4.482842712,0.,4.393209221,0.8357826;         1213P   2036
102,4,1195,1199,1205,1209;                                          1215P   2037
102,4,1197,1203,1207,1213;                                          1217P   2038
142,1,1193,1215,1217,1;                                             1219P   2039
144,1193,1,0,1219;                                                  1221P   2040
128,1,1,1,1,0,0,1,0,0,0.,0.,1.,1.,0.,0.,1.,1.,1.,1.,1.,1.,4.,       1223P   2041
-3.820081585,3.820081585,4.,-3.820081585,-3.820081585,4.,           1223P   2042
3.820081585,3.820081585,4.,3.820081585,-3.820081585,0.,1.,0.,       1223P   2043
1.;                                                                 1223P   2044
126,1,1,1,0,1,0,0.,0.,1.,1.,1.,1.,0.701318399,0.93032498,0.,        1225P   2045
0.69749629,0.956479683,0.,0.,1.,0.,0.,1.;                           1225P   2046
110,4.,3.287753063,-1.538105418,4.,3.487579259,-1.508903877;        1227P   2047
126,4,2,1,0,1,0,0.,0.,0.,0.5,0.5,1.,1.,1.,1.,1.,1.,1.,1.,           1229P   2048
0.69749629,0.956479683,0.,0.6639915,0.970975556,0.,0.628729236,     1229P   2049
0.980424051,0.,0.593466973,0.989872546,0.,0.557203037,              1229P   2050
0.994071146,0.,0.,1.,0.,0.,-1.;                                     1229P   2051
124,2.43141355757041E-017,-5.61980628479392E-017,1.,4.,             1231P   2052
0.917784015555612,0.397079967752866,0.,-3.67113606222245,           1231P   2053
-0.397079967752866,0.917784015555612,6.12323399573677E-017,         1231P   2054
1.58831987101146;                                                   1231P   2055
100,0.,4.,0.,7.8,0.,7.637976621,1.097782357;                        1233P   2056
126,1,1,1,0,1,0,0.,0.,1.,1.,1.,1.,0.557203037,0.994071146,0.,       1235P   2057
0.540815642,0.973331564,0.,0.,1.,0.,0.,1.;                          1235P   2058
110,4.,3.774784175,-0.43704054,4.,3.616330382,-0.311838166;         1237P   2059
126,1,1,1,0,1,0,0.,0.,1.,1.,1.,1.,0.540815642,0.973331564,0.,       1239P   2060
0.459184358,0.973331564,0.,0.,1.,0.,0.,1.;                          1239P   2061
110,4.,3.616330382,-0.311838166,4.,3.616330382,0.311838166;         1241P   2062
126,1,1,1,0,1,0,0.,0.,1.,1.,1.,1.,0.459184358,0.973331564,0.,       1243P   2063
0.442796963,0.994071146,0.,0.,1.,0.,0.,1.;                          1243P   2064
110,4.,3.616330382,0.311838166,4.,3.774784175,0.43704054;           1245P   2065
126,4,2,1,0,1,0,0.,0.,0.,0.5,0.5,1.,1.,1.,1.,1.,1.,1.,1.,           1247P   2066
0.442796963,0.994071146,0.,0.406533027,0.989872546,0.,              1247P   2067
0.371270764,0.980424051,0.,0.3360085,0.970975556,0.,0.30250371,     1247P   2068
0.956479683,0.,0.,1.,0.,0.,-1.;                                     1247P   2069
124,-7.04237234435249E-018,-6.08260178576417E-017,1.,4.,            1249P   2070
0.993364256534882,-0.115010668369944,0.,-3.97345702613953,          1249P   2071
0.115010668369944,0.993364256534882,6.12323399573677E-017,          1249P   2072
-0.460042673479777;                                                 1249P   2073
100,0.,4.,0.,7.8,0.,7.637976621,1.097782357;                        1251P   2074
126,1,1,1,0,1,0,0.,0.,1.,1.,1.,1.,0.30250371,0.956479683,0.,        1253P   2075
0.298681601,0.93032498,0.,0.,1.,0.,0.,1.;                           1253P   2076
110,4.,3.487579259,1.508903877,4.,3.287753063,1.538105418;          1255P   2077
126,1,1,1,0,1,0,0.,0.,1.,1.,1.,1.,0.298681601,0.93032498,0.,        1257P   2078
0.227986835,0.889509338,0.,0.,1.,0.,0.,1.;                          1257P   2079
110,4.,3.287753063,1.538105418,4.,2.975914897,2.078224965;          1259P   2080
126,1,1,1,0,1,0,0.,0.,1.,1.,1.,1.,0.227986835,0.889509338,0.,       1261P   2081
0.203425143,0.899276645,0.,0.,1.,0.,0.,1.;                          1261P   2082
110,4.,2.975914897,2.078224965,4.,3.050538719,2.265880297;          1263P   2083
126,4,2,1,0,1,0,0.,0.,0.,0.5,0.5,1.,1.,1.,1.,1.,1.,1.,1.,           1265P   2084
0.203425143,0.899276645,0.,0.174118954,0.877508583,0.,              1265P   2085
0.148305186,0.851694814,0.,0.122491417,0.825881046,0.,              1265P   2086
0.100723355,0.796574857,0.,0.,1.,0.,0.,-1.;                         1265P   2087
124,-3.65118822819395E-017,-4.9155690503587E-017,1.,4.,             1267P   2088
0.802773347185672,-0.596284288782048,0.,-3.21109338874269,          1267P   2089
0.596284288782048,0.802773347185672,6.12323399573677E-017,          1267P   2090
-2.38513715512819;                                                  1267P   2091
100,0.,4.,0.,7.8,0.,7.637976621,1.097782357;                        1269P   2092
126,1,1,1,0,1,0,0.,0.,1.,1.,1.,1.,0.100723355,0.796574857,0.,       1271P   2093
0.110490662,0.772013165,0.,0.,1.,0.,0.,1.;                          1271P   2094
110,4.,2.265880297,3.050538719,4.,2.078224965,2.975914897;          1273P   2095
126,1,1,1,0,1,0,0.,0.,1.,1.,1.,1.,0.110490662,0.772013165,0.,       1275P   2096
0.06967502,0.701318399,0.,0.,1.,0.,0.,1.;                           1275P   2097
110,4.,2.078224965,2.975914897,4.,1.538105418,3.287753063;          1277P   2098
126,1,1,1,0,1,0,0.,0.,1.,1.,1.,1.,0.06967502,0.701318399,0.,        1279P   2099
0.043520317,0.69749629,0.,0.,1.,0.,0.,1.;                           1279P   2100
110,4.,1.538105418,3.287753063,4.,1.508903877,3.487579259;          1281P   2101
126,4,2,1,0,1,0,0.,0.,0.,0.5,0.5,1.,1.,1.,1.,1.,1.,1.,1.,           1283P   2102
0.043520317,0.69749629,0.,0.029024444,0.6639915,0.,0.019575949,     1283P   2103
0.628729236,0.,0.010127454,0.593466973,0.,0.005928854,              1283P   2104
0.557203037,0.,0.,1.,0.,0.,-1.;                                     1283P   2105
124,-5.61980628479394E-017,-2.43141355757037E-017,1.,4.,            1285P   2106
0.39707996775286,-0.917784015555614,0.,-1.58831987101144,           1285P   2107
0.917784015555614,0.39707996775286,6.12323399573677E-017,           1285P   2108
-3.67113606222246;                                                  1285P   2109
100,0.,4.,0.,7.8,0.,7.637976621,1.097782357;                        1287P   2110
126,1,1,1,0,1,0,0.,0.,1.,1.,1.,1.,0.005928854,0.557203037,0.,       1289P   2111
0.026668436,0.540815642,0.,0.,1.,0.,0.,1.;                          1289P   2112
110,4.,0.43704054,3.774784175,4.,0.311838166,3.616330382;           1291P   2113
126,1,1,1,0,1,0,0.,0.,1.,1.,1.,1.,0.026668436,0.540815642,0.,       1293P   2114
0.026668436,0.459184358,0.,0.,1.,0.,0.,1.;                          1293P   2115
110,4.,0.311838166,3.616330382,4.,-0.311838166,3.616330382;         1295P   2116
126,1,1,1,0,1,0,0.,0.,1.,1.,1.,1.,0.026668436,0.459184358,0.,       1297P   2117
0.005928854,0.442796963,0.,0.,1.,0.,0.,1.;                          1297P   2118
110,4.,-0.311838166,3.616330382,4.,-0.43704054,3.774784175;         1299P   2119
126,4,2,1,0,1,0,0.,0.,0.,0.5,0.5,1.,1.,1.,1.,1.,1.,1.,1.,           1301P   2120
0.005928854,0.442796963,0.,0.010127454,0.406533027,0.,              1301P   2121
0.019575949,0.371270764,0.,0.029024444,0.3360085,0.,                1301P   2122
0.043520317,0.30250371,0.,0.,1.,0.,0.,-1.;                          1301P   2123
124,-6.0826017857642E-017,7.04237234434942E-018,1.,4.,              1303P   2124
-0.115010668369894,-0.993364256534888,0.,0.460042673479576,         1303P   2125
0.993364256534888,-0.115010668369894,6.12323399573677E-017,         1303P   2126
-3.97345702613955;                                                  1303P   2127
100,0.,4.,0.,7.8,0.,7.637976621,1.097782357;                        1305P   2128
126,1,1,1,0,1,0,0.,0.,1.,1.,1.,1.,0.043520317,0.30250371,0.,        1307P   2129
0.06967502,0.298681601,0.,0.,1.,0.,0.,1.;                           1307P   2130
110,4.,-1.508903877,3.487579259,4.,-1.538105418,3.287753063;        1309P   2131
126,1,1,1,0,1,0,0.,0.,1.,1.,1.,1.,0.06967502,0.298681601,0.,        1311P   2132
0.110490662,0.227986835,0.,0.,1.,0.,0.,1.;                          1311P   2133
110,4.,-1.538105418,3.287753063,4.,-2.078224965,2.975914897;        1313P   2134
126,1,1,1,0,1,0,0.,0.,1.,1.,1.,1.,0.110490662,0.227986835,0.,       1315P   2135
0.100723355,0.203425143,0.,0.,1.,0.,0.,1.;                          1315P   2136
110,4.,-2.078224965,2.975914897,4.,-2.265880297,3.050538719;        1317P   2137
126,4,2,1,0,1,0,0.,0.,0.,0.5,0.5,1.,1.,1.,1.,1.,1.,1.,1.,           1319P   2138
0.100723355,0.203425143,0.,0.122491417,0.174118954,0.,              1319P   2139
0.148305186,0.148305186,0.,0.174118954,0.122491417,0.,              1319P   2140
0.203425143,0.100723355,0.,0.,1.,0.,0.,-1.;                         1319P   2141
124,-4.91556905035911E-017,3.65118822819341E-017,1.,4.,             1321P   2142
-0.596284288781959,-0.802773347185738,0.,2.38513715512783,          1321P   2143
0.802773347185738,-0.596284288781959,6.12323399573677E-017,         1321P   2144
-3.21109338874295;                                                  1321P   2145
100,0.,4.,0.,7.8,0.,7.637976621,1.097782357;                        1323P   2146
126,1,1,1,0,1,0,0.,0.,1.,1.,1.,1.,0.203425143,0.100723355,0.,       1325P   2147
0.227986835,0.110490662,0.,0.,1.,0.,0.,1.;                          1325P   2148
110,4.,-3.050538719,2.265880297,4.,-2.975914897,2.078224965;        1327P   2149
126,1,1,1,0,1,0,0.,0.,1.,1.,1.,1.,0.227986835,0.110490662,0.,       1329P   2150
0.298681601,0.06967502,0.,0.,1.,0.,0.,1.;                           1329P   2151
110,4.,-2.975914897,2.078224965,4.,-3.287753063,1.538105418;        1331P   2152
126,1,1,1,0,1,0,0.,0.,1.,1.,1.,1.,0.298681601,0.06967502,0.,        1333P   2153
0.30250371,0.043520317,0.,0.,1.,0.,0.,1.;                           1333P   2154
110,4.,-3.287753063,1.538105418,4.,-3.487579259,1.508903877;        1335P   2155
126,4,2,1,0,1,0,0.,0.,0.,0.5,0.5,1.,1.,1.,1.,1.,1.,1.,1.,           1337P   2156
0.30250371,0.043520317,0.,0.3360085,0.029024444,0.,0.371270764,     1337P   2157
0.019575949,0.,0.406533027,0.010127454,0.,0.442796963,              1337P   2158
0.005928854,0.,0.,1.,0.,0.,-1.;                                     1337P   2159
124,-2.43141355757108E-017,5.61980628479363E-017,1.,4.,             1339P   2160
-0.917784015555564,-0.397079967752975,0.,3.67113606222226,          1339P   2161
0.397079967752975,-0.917784015555564,6.12323399573677E-017,         1339P   2162
-1.5883198710119;                                                   1339P   2163
100,0.,4.,0.,7.8,0.,7.637976621,1.097782357;                        1341P   2164
126,1,1,1,0,1,0,0.,0.,1.,1.,1.,1.,0.442796963,0.005928854,0.,       1343P   2165
0.459184358,0.026668436,0.,0.,1.,0.,0.,1.;                          1343P   2166
110,4.,-3.774784175,0.43704054,4.,-3.616330382,0.311838166;         1345P   2167
126,1,1,1,0,1,0,0.,0.,1.,1.,1.,1.,0.459184358,0.026668436,0.,       1347P   2168
0.540815642,0.026668436,0.,0.,1.,0.,0.,1.;                          1347P   2169
110,4.,-3.616330382,0.311838166,4.,-3.616330382,-0.311838166;       1349P   2170
126,1,1,1,0,1,0,0.,0.,1.,1.,1.,1.,0.540815642,0.026668436,0.,       1351P   2171
0.557203037,0.005928854,0.,0.,1.,0.,0.,1.;                          1351P   2172
110,4.,-3.616330382,-0.311838166,4.,-3.774784175,-0.43704054;       1353P   2173
126,4,2,1,0,1,0,0.,0.,0.,0.5,0.5,1.,1.,1.,1.,1.,1.,1.,1.,           1355P   2174
0.557203037,0.005928854,0.,0.593466973,0.010127454,0.,              1355P   2175
0.628729236,0.019575949,0.,0.6639915,0.029024444,0.,0.69749629,     1355P   2176
0.043520317,0.,0.,1.,0.,0.,-1.;                                     1355P   2177
124,7.04237234434188E-018,6.08260178576429E-017,1.,4.,              1357P   2178
-0.993364256534902,0.115010668369771,0.,3.97345702613961,           1357P   2179
-0.115010668369771,-0.993364256534902,6.12323399573677E-017,        1357P   2180
0.460042673479084;                                                  1357P   2181
100,0.,4.,0.,7.8,0.,7.637976621,1.097782357;                        1359P   2182
126,1,1,1,0,1,0,0.,0.,1.,1.,1.,1.,0.69749629,0.043520317,0.,        1361P   2183
0.701318399,0.06967502,0.,0.,1.,0.,0.,1.;                           1361P   2184
110,4.,-3.487579259,-1.508903877,4.,-3.287753063,-1.538105418;      1363P   2185
126,1,1,1,0,1,0,0.,0.,1.,1.,1.,1.,0.701318399,0.06967502,0.,        1365P   2186
0.772013165,0.110490662,0.,0.,1.,0.,0.,1.;                          1365P   2187
110,4.,-3.287753063,-1.538105418,4.,-2.975914897,-2.078224965;      1367P   2188
126,1,1,1,0,1,0,0.,0.,1.,1.,1.,1.,0.772013165,0.110490662,0.,       1369P   2189
0.796574857,0.100723355,0.,0.,1.,0.,0.,1.;                          1369P   2190
110,4.,-2.975914897,-2.078224965,4.,-3.050538719,-2.265880297;      1371P   2191
126,4,2,1,0,1,0,0.,0.,0.,0.5,0.5,1.,1.,1.,1.,1.,1.,1.,1.,           1373P   2192
0.796574857,0.100723355,0.,0.825881046,0.122491417,0.,              1373P   2193
0.851694814,0.148305186,0.,0.877508583,0.174118954,0.,              1373P   2194
0.899276645,0.203425143,0.,0.,1.,0.,0.,-1.;                         1373P   2195
124,3.65118822819296E-017,4.91556905035944E-017,1.,4.,              1375P   2196
-0.802773347185793,0.596284288781885,0.,3.21109338874317,           1375P   2197
-0.596284288781885,-0.802773347185793,6.12323399573677E-017,        1375P   2198
2.38513715512754;                                                   1375P   2199
100,0.,4.,0.,7.8,0.,7.637976621,1.097782357;                        1377P   2200
126,1,1,1,0,1,0,0.,0.,1.,1.,1.,1.,0.899276645,0.203425143,0.,       1379P   2201
0.889509338,0.227986835,0.,0.,1.,0.,0.,1.;                          1379P   2202
110,4.,-2.265880297,-3.050538719,4.,-2.078224965,-2.975914897;      1381P   2203
126,1,1,1,0,1,0,0.,0.,1.,1.,1.,1.,0.889509338,0.227986835,0.,       1383P   2204
0.93032498,0.298681601,0.,0.,1.,0.,0.,1.;                           1383P   2205
110,4.,-2.078224965,-2.975914897,4.,-1.538105418,-3.287753063;      1385P   2206
126,1,1,1,0,1,0,0.,0.,1.,1.,1.,1.,0.93032498,0.298681601,0.,        1387P   2207
0.956479683,0.30250371,0.,0.,1.,0.,0.,1.;                           1387P   2208
110,4.,-1.538105418,-3.287753063,4.,-1.508903877,-3.487579259;      1389P   2209
126,4,2,1,0,1,0,0.,0.,0.,0.5,0.5,1.,1.,1.,1.,1.,1.,1.,1.,           1391P   2210
0.956479683,0.30250371,0.,0.970975556,0.3360085,0.,0.980424051,     1391P   2211
0.371270764,0.,0.989872546,0.406533027,0.,0.994071146,              1391P   2212
0.442796963,0.,0.,1.,0.,0.,-1.;                                     1391P   2213
124,5.61980628479356E-017,2.43141355757124E-017,1.,4.,              1393P   2214
-0.397079967753001,0.917784015555553,0.,1.58831987101201,           1393P   2215
-0.917784015555553,-0.397079967753001,6.12323399573677E-017,        1393P   2216
3.67113606222221;                                                   1393P   2217
100,0.,4.,0.,7.8,0.,7.637976621,1.097782357;                        1395P   2218
126,1,1,1,0,1,0,0.,0.,1.,1.,1.,1.,0.994071146,0.442796963,0.,       1397P   2219
0.973331564,0.459184358,0.,0.,1.,0.,0.,1.;                          1397P   2220
110,4.,-0.43704054,-3.774784175,4.,-0.311838166,-3.616330382;       1399P   2221
126,1,1,1,0,1,0,0.,0.,1.,1.,1.,1.,0.973331564,0.459184358,0.,       1401P   2222
0.973331564,0.540815642,0.,0.,1.,0.,0.,1.;                          1401P   2223
110,4.,-0.311838166,-3.616330382,4.,0.311838166,-3.616330382;       1403P   2224
126,1,1,1,0,1,0,0.,0.,1.,1.,1.,1.,0.973331564,0.540815642,0.,       1405P   2225
0.994071146,0.557203037,0.,0.,1.,0.,0.,1.;                          1405P   2226
110,4.,0.311838166,-3.616330382,4.,0.43704054,-3.774784175;         1407P   2227
126,4,2,1,0,1,0,0.,0.,0.,0.5,0.5,1.,1.,1.,1.,1.,1.,1.,1.,           1409P   2228
0.994071146,0.557203037,0.,0.989872546,0.593466973,0.,              1409P   2229
0.980424051,0.628729236,0.,0.970975556,0.6639915,0.,                1409P   2230
0.956479683,0.69749629,0.,0.,1.,0.,0.,-1.;                          1409P   2231
124,6.08260178576427E-017,-7.04237234434352E-018,1.,4.,             1411P   2232
0.115010668369798,0.993364256534899,0.,-0.46004267347919,           1411P   2233
-0.993364256534899,0.115010668369798,6.12323399573677E-017,         1411P   2234
3.9734570261396;                                                    1411P   2235
100,0.,4.,0.,7.8,0.,7.637976621,1.097782357;                        1413P   2236
126,1,1,1,0,1,0,0.,0.,1.,1.,1.,1.,0.956479683,0.69749629,0.,        1415P   2237
0.93032498,0.701318399,0.,0.,1.,0.,0.,1.;                           1415P   2238
110,4.,1.508903877,-3.487579259,4.,1.538105418,-3.287753063;        1417P   2239
126,1,1,1,0,1,0,0.,0.,1.,1.,1.,1.,0.93032498,0.701318399,0.,        1419P   2240
0.889509338,0.772013165,0.,0.,1.,0.,0.,1.;                          1419P   2241
110,4.,1.538105418,-3.287753063,4.,2.078224965,-2.975914897;        1421P   2242
126,1,1,1,0,1,0,0.,0.,1.,1.,1.,1.,0.889509338,0.772013165,0.,       1423P   2243
0.899276645,0.796574857,0.,0.,1.,0.,0.,1.;                          1423P   2244
110,4.,2.078224965,-2.975914897,4.,2.265880297,-3.050538719;        1425P   2245
126,4,2,1,0,1,0,0.,0.,0.,0.5,0.5,1.,1.,1.,1.,1.,1.,1.,1.,           1427P   2246
0.899276645,0.796574857,0.,0.877508583,0.825881046,0.,              1427P   2247
0.851694814,0.851694814,0.,0.825881046,0.877508583,0.,              1427P   2248
0.796574857,0.899276645,0.,0.,1.,0.,0.,-1.;                         1427P   2249
124,4.91556905035904E-017,-3.6511882281935E-017,1.,4.,              1429P   2250
0.596284288781974,0.802773347185727,0.,-2.38513715512789,           1429P   2251
-0.802773347185727,0.596284288781974,6.12323399573677E-017,         1429P   2252
3.21109338874291;                                                   1429P   2253
100,0.,4.,0.,7.8,0.,7.637976621,1.097782357;                        1431P   2254
126,1,1,1,0,1,0,0.,0.,1.,1.,1.,1.,0.796574857,0.899276645,0.,       1433P   2255
0.772013165,0.889509338,0.,0.,1.,0.,0.,1.;                          1433P   2256
110,4.,3.050538719,-2.265880297,4.,2.975914897,-2.078224965;        1435P   2257
126,1,1,1,0,1,0,0.,0.,1.,1.,1.,1.,0.772013165,0.889509338,0.,       1437P   2258
0.701318399,0.93032498,0.,0.,1.,0.,0.,1.;                           1437P   2259
110,4.,2.975914897,-2.078224965,4.,3.287753063,-1.538105418;        1439P   2260
102,48,1225,1229,1235,1239,1243,1247,1253,1257,1261,1265,1271,      1441P   2261
1275,1279,1283,1289,1293,1297,1301,1307,1311,1315,1319,1325,        1441P   2262
1329,1333,1337,1343,1347,1351,1355,1361,1365,1369,1373,1379,        1441P   2263
1383,1387,1391,1397,1401,1405,1409,1415,1419,1423,1427,1433,        1441P   2264
1437;                                                               1441P   2265
102,48,1227,1233,1237,1241,1245,1251,1255,1259,1263,1269,1273,      1443P   2266
1277,1281,1287,1291,1295,1299,1305,1309,1313,1317,1323,1327,        1443P   2267
1331,1335,1341,1345,1349,1353,1359,1363,1367,1371,1377,1381,        1443P   2268
1385,1389,1395,1399,1403,1407,1413,1417,1421,1425,1431,1435,        1443P   2269
1439;                                                               1443P   2270
142,1,1223,1441,1443,1;                                             1445P   2271
126,32,2,1,0,1,0,0.,0.,0.,0.0625,0.0625,0.125,0.125,0.1875,         1447P   2272
0.1875,0.25,0.25,0.3125,0.3125,0.375,0.375,0.4375,0.4375,0.5,       1447P   2273
0.5,0.5625,0.5625,0.625,0.625,0.6875,0.6875,0.75,0.75,0.8125,       1447P   2274
0.8125,0.875,0.875,0.9375,0.9375,1.,1.,1.,1.,1.,1.,1.,1.,1.,1.,     1447P   2275
1.,1.,1.,1.,1.,1.,1.,1.,1.,1.,1.,1.,1.,1.,1.,1.,1.,1.,1.,1.,1.,     1447P   2276
1.,1.,1.,1.,1.,0.239544908,0.5,0.,0.239544908,0.525652588,0.,       1447P   2277
0.244549479,0.550812268,0.,0.249554051,0.575971948,0.,              1447P   2278
0.259370871,0.599671849,0.,0.269187691,0.623371749,0.,              1447P   2279
0.283439505,0.644701096,0.,0.29769132,0.666030443,0.,               1447P   2280
0.315830438,0.684169562,0.,0.333969557,0.70230868,0.,               1447P   2281
0.355298904,0.716560495,0.,0.376628251,0.730812309,0.,              1447P   2282
0.400328151,0.740629129,0.,0.424028052,0.750445949,0.,              1447P   2283
0.449187732,0.755450521,0.,0.474347412,0.760455092,0.,0.5,          1447P   2284
0.760455092,0.,0.525652588,0.760455092,0.,0.550812268,              1447P   2285
0.755450521,0.,0.575971948,0.750445949,0.,0.599671849,              1447P   2286
0.740629129,0.,0.623371749,0.730812309,0.,0.644701096,              1447P   2287
0.716560495,0.,0.666030443,0.70230868,0.,0.684169562,               1447P   2288
0.684169562,0.,0.70230868,0.666030443,0.,0.716560495,               1447P   2289
0.644701096,0.,0.730812309,0.623371749,0.,0.740629129,              1447P   2290
0.599671849,0.,0.750445949,0.575971948,0.,0.755450521,              1447P   2291
0.550812268,0.,0.760455092,0.525652588,0.,0.760455092,0.5,0.,       1447P   2292
0.,1.,0.,0.,1.;                                                     1447P   2293
124,6.12323399573677E-017,0.,-1.,4.,0.,1.,0.,0.,1.,0.,              1449P   2294
6.12323399573677E-017,-4.;                                          1449P   2295
100,0.,4.,0.,5.989919403,0.,2.010080597,0.;                         1451P   2296
126,32,2,1,0,1,0,0.,0.,0.,0.0625,0.0625,0.125,0.125,0.1875,         1453P   2297
0.1875,0.25,0.25,0.3125,0.3125,0.375,0.375,0.4375,0.4375,0.5,       1453P   2298
0.5,0.5625,0.5625,0.625,0.625,0.6875,0.6875,0.75,0.75,0.8125,       1453P   2299
0.8125,0.875,0.875,0.9375,0.9375,1.,1.,1.,1.,1.,1.,1.,1.,1.,1.,     1453P   2300
1.,1.,1.,1.,1.,1.,1.,1.,1.,1.,1.,1.,1.,1.,1.,1.,1.,1.,1.,1.,1.,     1453P   2301
1.,1.,1.,1.,1.,0.760455092,0.5,0.,0.760455092,0.474347412,0.,       1453P   2302
0.755450521,0.449187732,0.,0.750445949,0.424028052,0.,              1453P   2303
0.740629129,0.400328151,0.,0.730812309,0.376628251,0.,              1453P   2304
0.716560495,0.355298904,0.,0.70230868,0.333969557,0.,               1453P   2305
0.684169562,0.315830438,0.,0.666030443,0.29769132,0.,               1453P   2306
0.644701096,0.283439505,0.,0.623371749,0.269187691,0.,              1453P   2307
0.599671849,0.259370871,0.,0.575971948,0.249554051,0.,              1453P   2308
0.550812268,0.244549479,0.,0.525652588,0.239544908,0.,0.5,          1453P   2309
0.239544908,0.,0.474347412,0.239544908,0.,0.449187732,              1453P   2310
0.244549479,0.,0.424028052,0.249554051,0.,0.400328151,              1453P   2311
0.259370871,0.,0.376628251,0.269187691,0.,0.355298904,              1453P   2312
0.283439505,0.,0.333969557,0.29769132,0.,0.315830438,               1453P   2313
0.315830438,0.,0.29769132,0.333969557,0.,0.283439505,               1453P   2314
0.355298904,0.,0.269187691,0.376628251,0.,0.259370871,              1453P   2315
0.400328151,0.,0.249554051,0.424028052,0.,0.244549479,              1453P   2316
0.449187732,0.,0.239544908,0.474347412,0.,0.239544908,0.5,0.,       1453P   2317
0.,1.,0.,0.,1.;                                                     1453P   2318
124,-6.12323399573677E-017,-7.49879891330929E-033,-1.,4.,           1455P   2319
1.22464679914735E-016,-1.,0.,-4.89858719658941E-016,-1.,            1455P   2320
-1.22464679914735E-016,6.12323399573677E-017,4.;                    1455P   2321
100,0.,4.,0.,5.989919403,0.,2.010080597,0.;                         1457P   2322
102,2,1447,1453;                                                    1459P   2323
102,2,1451,1457;                                                    1461P   2324
142,1,1223,1459,1461,1;                                             1463P   2325
144,1223,1,1,1445,1463;                                             1465P   2326
128,3,1,3,1,0,0,0,0,0,0.,0.,0.,0.,1.,1.,1.,1.,0.,0.,1.,1.,1.,       1467P   2327
0.995496686683056,0.995496686683056,1.,1.,0.995496686683056,        1467P   2328
0.995496686683056,1.,4.111715729,3.71747499,1.476610882,            1467P   2329
4.111715729,3.832218213,1.187736497,4.111715729,3.912666574,        1467P   2330
0.887499127,4.111715729,3.957733221,0.579954959,0.371126984,        1467P   2331
3.71747499,1.476610882,0.371126984,3.832218213,1.187736497,         1467P   2332
0.371126984,3.912666574,0.887499127,0.371126984,3.957733221,        1467P   2333
0.579954959,0.,1.,0.,1.;                                            1467P   2334
126,1,1,1,0,1,0,0.,0.,1.,1.,1.,1.,0.926779778,0.916666667,0.,       1469P   2335
0.073220222,0.916666667,0.,0.,1.,0.,0.,1.;                          1469P   2336
124,-9.90663800955682E-018,-6.04256400876503E-017,1.,               1471P   2337
0.68284271247462,0.986825591341454,-0.161787676519535,0.,           1471P   2338
-0.673846663530969,0.161787676519535,0.986825591341454,             1471P   2339
6.12323399573677E-017,-0.110475535879566;                           1471P   2340
100,0.,0.682842712,0.,4.682842712,0.,4.604221738,0.789168255;       1473P   2341
126,1,1,1,0,1,0,0.,0.,1.,1.,1.,1.,0.073220222,0.916666667,0.,       1475P   2342
0.005942002,0.083333333,0.,0.,1.,0.,0.,1.;                          1475P   2343
126,3,3,1,0,0,0,0.,0.,0.,0.,1.,1.,1.,1.,1.,0.99997966465909,        1477P   2344
0.99997966465909,1.,0.682842712,3.742039478,1.413202231,            1477P   2345
1.726467077,3.734680713,1.432687616,2.765540636,3.72716998,         1477P   2346
1.45211493,3.8,3.719507738,1.471482988,0.,1.,0.,0.,0.;              1477P   2347
126,1,1,1,0,1,0,0.,0.,1.,1.,1.,1.,0.005942002,0.083333333,0.,       1479P   2348
0.994057998,0.083333333,0.,0.,1.,0.,0.,1.;                          1479P   2349
124,2.25255866411126E-017,-5.69385405777877E-017,-1.,3.8,           1481P   2350
0.929876934597478,0.367870747007149,0.,-3.53353235147042,           1481P   2351
0.367870747007149,-0.929876934597478,6.12323399573677E-017,         1481P   2352
-1.39790883862717;                                                  1481P   2353
100,0.,3.8,0.,7.8,0.,7.694813677,0.911277358;                       1483P   2354
126,1,1,1,0,1,0,0.,0.,1.,1.,1.,1.,0.994057998,0.083333333,0.,       1485P   2355
0.926779778,0.916666667,0.,0.,1.,0.,0.,1.;                          1485P   2356
126,3,3,1,0,0,0,0.,0.,0.,0.,1.,1.,1.,1.,1.,0.99997966465909,        1487P   2357
0.99997966465909,1.,3.8,3.956929685,0.58541222,2.765540636,         1487P   2358
3.953881352,0.606016572,1.726467077,3.95067218,0.626596486,         1487P   2359
0.682842712,3.947302365,0.647150706,0.,1.,0.,0.,0.;                 1487P   2360
102,4,1469,1475,1479,1485;                                          1489P   2361
102,4,1473,1477,1483,1487;                                          1491P   2362
142,1,1467,1489,1491,1;                                             1493P   2363
144,1467,1,0,1493;                                                  1495P   2364
128,3,1,3,1,0,0,0,0,0,0.,0.,0.,0.,1.,1.,1.,1.,0.,0.,1.,1.,1.,       1497P   2365
0.333333333333333,0.333333333333333,1.,1.,0.333333333333333,        1497P   2366
0.333333333333333,1.,4.55,0.,-1.989919403,4.55,-3.979838806,        1497P   2367
-1.989919403,4.55,-3.979838806,1.989919403,4.55,0.,1.989919403,     1497P   2368
3.95,0.,-1.989919403,3.95,-3.979838806,-1.989919403,3.95,           1497P   2369
-3.979838806,1.989919403,3.95,0.,1.989919403,0.,1.,0.,1.;           1497P   2370
126,1,1,1,0,1,0,0.,0.,1.,1.,1.,1.,0.,0.916666667,0.,0.,             1499P   2371
0.083333333,0.,0.,1.,0.,0.,1.;                                      1499P   2372
110,4.,0.,-1.989919403,4.5,0.,-1.989919403;                         1501P   2373
126,1,1,1,0,1,0,0.,0.,1.,1.,1.,1.,0.,0.083333333,0.,1.,             1503P   2374
0.083333333,0.,0.,1.,0.,0.,1.;                                      1503P   2375
124,-6.12323399573677E-017,-7.49879891330929E-033,-1.,4.5,          1505P   2376
1.22464679914735E-016,-1.,0.,-5.51091059616309E-016,-1.,            1505P   2377
-1.22464679914735E-016,6.12323399573677E-017,4.5;                   1505P   2378
100,0.,4.5,0.,6.489919403,0.,2.510080597,0.;                        1507P   2379
126,1,1,1,0,1,0,0.,0.,1.,1.,1.,1.,1.,0.083333333,0.,1.,             1509P   2380
0.916666667,0.,0.,1.,0.,0.,1.;                                      1509P   2381
110,4.5,0.,1.989919403,4.,0.,1.989919403;                           1511P   2382
126,1,1,1,0,1,0,0.,0.,1.,1.,1.,1.,1.,0.916666667,0.,0.,             1513P   2383
0.916666667,0.,0.,1.,0.,0.,1.;                                      1513P   2384
124,-6.12323399573677E-017,4.27583144589696E-031,1.,4.,             1515P   2385
-6.98296267768627E-015,-1.,0.,2.79318507107451E-014,1.,             1515P   2386
-6.98296267768627E-015,6.12323399573677E-017,-4.;                   1515P   2387
100,0.,4.,0.,5.989919403,0.,2.010080597,0.;                         1517P   2388
102,4,1499,1503,1509,1513;                                          1519P   2389
102,4,1501,1507,1511,1517;                                          1521P   2390
142,1,1497,1519,1521,1;                                             1523P   2391
144,1497,1,0,1523;                                                  1525P   2392
128,1,1,1,1,0,0,1,0,0,0.,0.,1.,1.,0.,0.,1.,1.,1.,1.,1.,1.,4.5,      1527P   2393
-2.013798436,2.013798436,4.5,-2.013798436,-2.013798436,4.5,         1527P   2394
2.013798436,2.013798436,4.5,2.013798436,-2.013798436,0.,1.,0.,      1527P   2395
1.;                                                                 1527P   2396
126,32,2,1,0,1,0,0.,0.,0.,0.0625,0.0625,0.125,0.125,0.1875,         1529P   2397
0.1875,0.25,0.25,0.3125,0.3125,0.375,0.375,0.4375,0.4375,0.5,       1529P   2398
0.5,0.5625,0.5625,0.625,0.625,0.6875,0.6875,0.75,0.75,0.8125,       1529P   2399
0.8125,0.875,0.875,0.9375,0.9375,1.,1.,1.,1.,1.,1.,1.,1.,1.,1.,     1529P   2400
1.,1.,1.,1.,1.,1.,1.,1.,1.,1.,1.,1.,1.,1.,1.,1.,1.,1.,1.,1.,1.,     1529P   2401
1.,1.,1.,1.,1.,0.005928854,0.5,0.,0.005928854,0.451338239,0.,       1529P   2402
0.015422292,0.403611501,0.,0.024915731,0.355884763,0.,              1529P   2403
0.04353778,0.310927158,0.,0.06215983,0.265969553,0.,                1529P   2404
0.089194856,0.225508778,0.,0.116229881,0.185048003,0.,              1529P   2405
0.150638942,0.150638942,0.,0.185048003,0.116229881,0.,              1529P   2406
0.225508778,0.089194856,0.,0.265969553,0.06215983,0.,               1529P   2407
0.310927158,0.04353778,0.,0.355884763,0.024915731,0.,               1529P   2408
0.403611501,0.015422292,0.,0.451338239,0.005928854,0.,0.5,          1529P   2409
0.005928854,0.,0.548661761,0.005928854,0.,0.596388499,              1529P   2410
0.015422292,0.,0.644115237,0.024915731,0.,0.689072842,              1529P   2411
0.04353778,0.,0.734030447,0.06215983,0.,0.774491222,                1529P   2412
0.089194856,0.,0.814951997,0.116229881,0.,0.849361058,              1529P   2413
0.150638942,0.,0.883770119,0.185048003,0.,0.910805144,              1529P   2414
0.225508778,0.,0.93784017,0.265969553,0.,0.95646222,                1529P   2415
0.310927158,0.,0.975084269,0.355884763,0.,0.984577708,              1529P   2416
0.403611501,0.,0.994071146,0.451338239,0.,0.994071146,0.5,0.,       1529P   2417
0.,1.,0.,0.,-1.;                                                    1529P   2418
124,-6.12323399573677E-017,4.27583144589696E-031,1.,4.5,            1531P   2419
-6.98296267768627E-015,-1.,0.,3.14233320495882E-014,1.,             1531P   2420
-6.98296267768627E-015,6.12323399573677E-017,-4.5;                  1531P   2421
100,0.,4.5,0.,6.489919403,0.,2.510080597,0.;                        1533P   2422
126,32,2,1,0,1,0,0.,0.,0.,0.0625,0.0625,0.125,0.125,0.1875,         1535P   2423
0.1875,0.25,0.25,0.3125,0.3125,0.375,0.375,0.4375,0.4375,0.5,       1535P   2424
0.5,0.5625,0.5625,0.625,0.625,0.6875,0.6875,0.75,0.75,0.8125,       1535P   2425
0.8125,0.875,0.875,0.9375,0.9375,1.,1.,1.,1.,1.,1.,1.,1.,1.,1.,     1535P   2426
1.,1.,1.,1.,1.,1.,1.,1.,1.,1.,1.,1.,1.,1.,1.,1.,1.,1.,1.,1.,1.,     1535P   2427
1.,1.,1.,1.,1.,0.994071146,0.5,0.,0.994071146,0.548661761,0.,       1535P   2428
0.984577708,0.596388499,0.,0.975084269,0.644115237,0.,              1535P   2429
0.95646222,0.689072842,0.,0.93784017,0.734030447,0.,                1535P   2430
0.910805144,0.774491222,0.,0.883770119,0.814951997,0.,              1535P   2431
0.849361058,0.849361058,0.,0.814951997,0.883770119,0.,              1535P   2432
0.774491222,0.910805144,0.,0.734030447,0.93784017,0.,               1535P   2433
0.689072842,0.95646222,0.,0.644115237,0.975084269,0.,               1535P   2434
0.596388499,0.984577708,0.,0.548661761,0.994071146,0.,0.5,          1535P   2435
0.994071146,0.,0.451338239,0.994071146,0.,0.403611501,              1535P   2436
0.984577708,0.,0.355884763,0.975084269,0.,0.310927158,              1535P   2437
0.95646222,0.,0.265969553,0.93784017,0.,0.225508778,                1535P   2438
0.910805144,0.,0.185048003,0.883770119,0.,0.150638942,              1535P   2439
0.849361058,0.,0.116229881,0.814951997,0.,0.089194856,              1535P   2440
0.774491222,0.,0.06215983,0.734030447,0.,0.04353778,                1535P   2441
0.689072842,0.,0.024915731,0.644115237,0.,0.015422292,              1535P   2442
0.596388499,0.,0.005928854,0.548661761,0.,0.005928854,0.5,0.,       1535P   2443
0.,1.,0.,0.,-1.;                                                    1535P   2444
124,6.12323399573677E-017,0.,1.,4.5,0.,1.,0.,0.,-1.,0.,             1537P   2445
6.12323399573677E-017,4.5;                                          1537P   2446
100,0.,4.5,0.,6.489919403,0.,2.510080597,0.;                        1539P   2447
102,2,1529,1535;                                                    1541P   2448
102,2,1533,1539;                                                    1543P   2449
142,1,1527,1541,1543,1;                                             1545P   2450
144,1527,1,0,1545;                                                  1547P   2451
128,1,3,1,3,0,0,0,0,0,0.,0.,1.,1.,0.,0.,0.,0.,1.,1.,1.,1.,1.,       1549P   2452
1.,0.992683245442916,0.992683245442916,0.992683245442916,           1549P   2453
0.992683245442916,1.,1.,3.78,3.686679168,1.602746615,4.,            1549P   2454
3.484920606,1.515034114,3.78,3.845712404,1.236934257,4.,            1549P   2455
3.635250531,1.169241338,3.78,3.948951766,0.851639713,4.,            1549P   2456
3.732839978,0.805032564,3.78,3.994131123,0.455320299,4.,            1549P   2457
3.775546832,0.430402273,0.,1.,0.,1.;                                1549P   2458
126,2,2,1,0,1,0,0.,0.,0.,1.,1.,1.,1.,1.,1.,0.090909091,             1551P   2459
0.112809642,0.,0.560730755,0.06088271,0.,1.,0.005950252,0.,0.,      1551P   2460
1.,0.,0.,1.;                                                        1551P   2461
126,3,3,1,0,1,0,3.06861375435094E-007,3.06861375435094E-007,        1553P   2462
3.06861375435094E-007,3.06861375435094E-007,                        1553P   2463
0.00030883747973673,0.00030883747973673,0.00030883747973673,        1553P   2464
0.00030883747973673,1.,1.,1.,1.,3.8,3.719507738,1.471482988,        1553P   2465
3.867028258,3.642505312,1.483918123,3.933718438,3.565212653,        1553P   2466
1.496389708,4.,3.487579259,1.508903877,3.06861375435094E-007,       1553P   2467
0.00030883747973673,0.,0.,0.;                                       1553P   2468
126,1,1,1,0,1,0,0.,0.,1.,1.,1.,1.,1.,0.005950252,0.,1.,             1555P   2469
0.994049748,0.,0.,1.,0.,0.,1.;                                      1555P   2470
124,2.43141355757062E-017,-5.61980628479383E-017,-1.,4.,            1557P   2471
0.917784015555597,0.397079967752901,0.,-3.67113606222239,           1557P   2472
0.397079967752901,-0.917784015555597,6.12323399573677E-017,         1557P   2473
-1.5883198710116;                                                   1557P   2474
100,0.,4.,0.,7.8,0.,7.637976621,1.097782357;                        1559P   2475
126,2,2,1,0,1,0,0.,0.,0.,1.,1.,1.,1.,1.,1.,1.,0.994049748,0.,       1561P   2476
0.560730755,0.93911729,0.,0.090909091,0.887190358,0.,0.,1.,0.,      1561P   2477
0.,1.;                                                              1561P   2478
126,3,3,1,0,1,0,3.10321405702146E-007,3.10321405702146E-007,        1563P   2479
3.10321405702146E-007,3.10321405702146E-007,                        1563P   2480
0.000308840939766987,0.000308840939766987,0.000308840939766987,     1563P   2481
0.000308840939766987,1.,1.,1.,1.,4.,3.774784175,0.43704054,         1563P   2482
3.933718438,3.835759581,0.486694825,3.867028258,3.896461195,        1563P   2483
0.536141864,3.8,3.956929685,0.58541222,3.10321405702146E-007,       1563P   2484
0.000308840939766987,0.,0.,0.;                                      1563P   2485
126,1,1,1,0,1,0,0.,0.,1.,1.,1.,1.,0.090909091,0.887190358,0.,       1565P   2486
0.090909091,0.112809642,0.,0.,1.,0.,0.,1.;                          1565P   2487
124,-8.96154002254668E-018,-6.0573015915331E-017,1.,3.8,            1567P   2488
0.989232421258183,-0.14635305508145,0.,-3.7590832007811,            1567P   2489
0.14635305508145,0.989232421258183,6.12323399573677E-017,           1567P   2490
-0.556141609309509;                                                 1567P   2491
100,0.,3.8,0.,7.8,0.,7.694813677,0.911277358;                       1569P   2492
102,4,1551,1555,1561,1565;                                          1571P   2493
102,4,1553,1559,1563,1569;                                          1573P   2494
142,1,1549,1571,1573,1;                                             1575P   2495
144,1549,1,0,1575;                                                  1577P   2496
128,1,3,1,3,0,0,0,0,0,0.,0.,1.,1.,0.,0.,0.,0.,1.,1.,1.,1.,1.,       1579P   2497
1.,0.333333333333333,0.333333333333333,0.333333333333333,           1579P   2498
0.333333333333333,1.,1.,0.595563492,0.,3.995563492,0.,0.,3.4,       1579P   2499
0.595563492,-7.991126984,3.995563492,0.,-6.8,3.4,0.595563492,       1579P   2500
-7.991126984,-3.995563492,0.,-6.8,-3.4,0.595563492,0.,              1579P   2501
-3.995563492,0.,0.,-3.4,0.,1.,0.,1.;                                1579P   2502
126,1,1,1,0,1,0,0.,0.,1.,1.,1.,1.,0.749627202,0.,0.,1.,0.,0.,       1581P   2503
0.,1.,0.,0.,1.;                                                     1581P   2504
110,0.149112898,0.,3.549112898,0.,0.,3.4;                           1583P   2505
126,1,1,1,0,1,0,0.,0.,1.,1.,1.,1.,1.,0.,0.,1.,1.,0.,0.,1.,0.,       1585P   2506
0.,1.;                                                              1585P   2507
124,-6.12323399573677E-017,-7.49879891330929E-033,1.,0.,            1587P   2508
1.22464679914735E-016,-1.,0.,0.,1.,1.22464679914735E-016,           1587P   2509
6.12323399573677E-017,0.;                                           1587P   2510
100,0.,0.,0.,3.4,0.,-3.4,0.;                                        1589P   2511
126,1,1,1,0,1,0,0.,0.,1.,1.,1.,1.,1.,1.,0.,0.749627202,1.,0.,       1591P   2512
0.,1.,0.,0.,1.;                                                     1591P   2513
110,0.,0.,-3.4,0.149112898,0.,-3.549112898;                         1593P   2514
126,2,2,1,0,1,0,0.,0.,0.,1.,1.,1.,1.,1.,1.,0.749627202,1.,0.,       1595P   2515
0.749627202,0.975807838,0.,0.721165105,0.953852008,0.,0.,1.,0.,     1595P   2516
0.,1.;                                                              1595P   2517
126,3,3,1,0,1,0,0.000350082360745955,0.000350082360745955,          1597P   2518
0.000350082360745955,0.000350082360745955,0.000694333640567672,     1597P   2519
0.000694333640567672,0.000694333640567672,0.000694333640567672,     1597P   2520
1.,1.,1.,1.,0.149112898,0.,-3.549112898,0.149112898,                1597P   2521
-0.114889496,-3.549112898,0.154830982,-0.229912398,                 1597P   2522
-3.549212707,0.166063883,-0.34425128,-3.549408779,                  1597P   2523
0.000350082360745955,0.000694333640567672,0.,0.,0.;                 1597P   2524
126,2,2,1,0,1,0,0.,0.,0.,1.,1.,1.,1.,1.,1.,0.721165105,             1599P   2525
0.953852008,0.,0.4298546,0.940029898,0.,0.090909091,                1599P   2526
0.927956435,0.,0.,1.,0.,0.,1.;                                      1599P   2527
126,3,3,1,0,1,0,1.95363622532232E-005,1.95363622532232E-005,        1601P   2528
1.95363622532232E-005,1.95363622532232E-005,                        1601P   2529
0.000593563852078478,0.000593563852078478,0.000593563852078478,     1601P   2530
0.000593563852078478,1.,1.,1.,1.,0.166063883,-0.34425128,           1601P   2531
-3.549408779,0.289879504,-0.432988483,-3.665198913,0.415149461,     1601P   2532
-0.520943793,-3.780040443,0.541421356,-0.608331955,                 1601P   2533
-3.894192412,1.95363622532232E-005,0.000593563852078478,0.,0.,      1601P   2534
0.;                                                                 1601P   2535
126,1,1,1,0,1,0,0.,0.,1.,1.,1.,1.,0.090909091,0.927956435,0.,       1603P   2536
0.090909091,0.842861844,0.,0.,1.,0.,0.,1.;                          1603P   2537
124,-6.04986100354244E-017,9.45080104733392E-018,-1.,               1605P   2538
0.54142135623731,-0.15434329398344,-0.988017281024144,0.,           1605P   2539
0.0835647555546477,-0.988017281024144,0.15434329398344,             1605P   2540
6.12323399573677E-017,0.534933656277991;                            1605P   2541
100,0.,0.541421356,0.,4.482842712,0.,4.393209221,0.8357826;         1607P   2542
126,2,2,1,0,1,0,0.,0.,0.,1.,1.,1.,1.,1.,1.,0.090909091,             1609P   2543
0.842861844,0.,0.423366792,0.832812798,0.,0.721165105,              1609P   2544
0.821855729,0.,0.,1.,0.,0.,1.;                                      1609P   2545
126,3,3,1,0,1,0,3.0305292875648E-007,3.0305292875648E-007,          1611P   2546
3.0305292875648E-007,3.0305292875648E-007,0.000574330562528587,     1611P   2547
0.000574330562528587,0.000574330562528587,0.000574330562528587,     1611P   2548
1.,1.,1.,1.,0.541421356,-1.420265279,-3.676635533,0.415149461,      1611P   2549
-1.438869663,-3.534082947,0.289879504,-1.45762043,-3.39064961,      1611P   2550
0.166063883,-1.476574036,-3.246003811,3.0305292875648E-007,         1611P   2551
0.000574330562528587,0.,0.,0.;                                      1611P   2552
126,2,2,1,0,1,0,0.,0.,0.,1.,1.,1.,1.,1.,1.,0.721165105,             1613P   2553
0.821855729,0.,0.778138635,0.787774906,0.,0.721165105,              1613P   2554
0.75729781,0.,0.,1.,0.,0.,1.;                                       1613P   2555
126,3,3,1,0,1,0,1.25864445744751E-005,1.25864445744751E-005,        1615P   2556
1.25864445744751E-005,1.25864445744751E-005,                        1615P   2557
0.000701088913825656,0.000701088913825656,0.000701088913825656,     1615P   2558
0.000701088913825656,1.,1.,1.,1.,0.166063883,-1.476574036,          1615P   2559
-3.246003811,0.143625276,-1.674179233,-3.131464138,0.143625276,     1615P   2560
-1.874837878,-3.015613815,0.166063883,-2.072834743,                 1615P   2561
-2.901752531,1.25864445744751E-005,0.000701088913825656,            1615P   2562
-0.017452406,-0.499923848,-0.865893504;                             1615P   2563
126,2,2,1,0,1,0,0.,0.,0.,1.,1.,1.,1.,1.,1.,0.721165105,             1617P   2564
0.75729781,0.,0.428202756,0.747658466,0.,0.090909091,               1617P   2565
0.739137717,0.,0.,1.,0.,0.,1.;                                      1617P   2566
126,3,3,1,0,1,0,1.61368728333653E-006,1.61368728333653E-006,        1619P   2567
1.61368728333653E-006,1.61368728333653E-006,                        1619P   2568
0.000575641203228839,0.000575641203228839,0.000575641203228839,     1619P   2569
0.000575641203228839,1.,1.,1.,1.,0.166063883,-2.072834743,          1619P   2570
-2.901752531,0.289879504,-2.207578482,-2.957661127,0.415149461,     1619P   2571
-2.34117078,-3.013139155,0.541421356,-2.473927133,-3.068303578,     1619P   2572
1.61368728333653E-006,0.000575641203228839,0.,0.,0.;                1619P   2573
126,1,1,1,0,1,0,0.,0.,1.,1.,1.,1.,0.090909091,0.739137717,0.,       1621P   2574
0.090909091,0.676463924,0.,0.,1.,0.,0.,1.;                          1621P   2575
124,-4.76679326606596E-017,3.84339388108149E-017,-1.,               1623P   2576
0.54142135623731,-0.627673854005484,-0.778476417753231,0.,          1623P   2577
0.339836029310348,-0.778476417753231,0.627673854005484,             1623P   2578
6.12323399573677E-017,0.421483757898717;                            1623P   2579
100,0.,0.541421356,0.,4.482842712,0.,4.393209221,0.8357826;         1625P   2580
126,2,2,1,0,1,0,0.,0.,0.,1.,1.,1.,1.,1.,1.,0.090909091,             1627P   2581
0.676463924,0.,0.424703626,0.668746576,0.,0.721165105,              1627P   2582
0.660242237,0.,0.,1.,0.,0.,1.;                                      1627P   2583
126,3,3,1,0,1,0,3.0305324511179E-007,3.0305324511179E-007,          1629P   2584
3.0305324511179E-007,3.0305324511179E-007,0.000574330569190597,     1629P   2585
0.000574330569190597,0.000574330569190597,0.000574330569190597,     1629P   2586
1.,1.,1.,1.,0.541421356,-3.068303578,-2.473927133,0.415149461,      1629P   2587
-3.013139155,-2.34117078,0.289879504,-2.957661127,-2.207578482,     1629P   2588
0.166063883,-2.901752531,-2.072834743,3.0305324511179E-007,         1629P   2589
0.000574330569190597,0.,0.,0.;                                      1629P   2590
126,2,2,1,0,1,0,0.,0.,0.,1.,1.,1.,1.,1.,1.,0.721165105,             1631P   2591
0.660242237,0.,0.778208433,0.633638545,0.,0.721165105,              1631P   2592
0.608379284,0.,0.,1.,0.,0.,1.;                                      1631P   2593
126,3,3,1,0,1,0,1.6179998222173E-005,1.6179998222173E-005,          1633P   2594
1.6179998222173E-005,1.6179998222173E-005,0.000704682467473351,     1633P   2595
0.000704682467473351,0.000704682467473351,0.000704682467473351,     1633P   2596
1.,1.,1.,1.,0.166063883,-2.901752531,-2.072834743,0.143625276,      1633P   2597
-3.015613815,-1.874837878,0.143625276,-3.131464138,                 1633P   2598
-1.674179233,0.166063883,-3.246003811,-1.476574036,                 1633P   2599
1.6179998222173E-005,0.000704682467473351,-0.017452406,             1633P   2600
-0.865893504,-0.499923848;                                          1633P   2601
126,2,2,1,0,1,0,0.,0.,0.,1.,1.,1.,1.,1.,1.,0.721165105,             1635P   2602
0.608379284,0.,0.426951166,0.600365931,0.,0.090909091,              1635P   2603
0.59321703,0.,0.,1.,0.,0.,1.;                                       1635P   2604
126,3,3,1,0,1,0,9.85729167828806E-006,9.85729167828806E-006,        1637P   2605
9.85729167828806E-006,9.85729167828806E-006,                        1637P   2606
0.000583884801277644,0.000583884801277644,0.000583884801277644,     1637P   2607
0.000583884801277644,1.,1.,1.,1.,0.166063883,-3.246003811,          1637P   2608
-1.476574036,0.289879504,-3.39064961,-1.45762043,0.415149461,       1637P   2609
-3.534082947,-1.438869663,0.541421356,-3.676635533,                 1637P   2610
-1.420265279,9.85729167828806E-006,0.000583884801277644,0.,0.,      1637P   2611
0.;                                                                 1637P   2612
126,1,1,1,0,1,0,0.,0.,1.,1.,1.,1.,0.090909091,0.59321703,0.,        1639P   2613
0.090909091,0.538818398,0.,0.,1.,0.,0.,1.;                          1639P   2614
124,-2.2064671224612E-017,5.71187337079913E-017,-1.,                1641P   2615
0.54142135623731,-0.932819711736635,-0.3603434270187,0.,            1641P   2616
0.505048513453345,-0.3603434270187,0.932819711736635,               1641P   2617
6.12323399573677E-017,0.195097626967665;                            1641P   2618
100,0.,0.541421356,0.,4.482842712,0.,4.393209221,0.8357826;         1643P   2619
126,2,2,1,0,1,0,0.,0.,0.,1.,1.,1.,1.,1.,1.,0.090909091,             1645P   2620
0.538818398,0.,0.42583938,0.531890983,0.,0.721165105,               1645P   2621
0.524190331,0.,0.,1.,0.,0.,1.;                                      1645P   2622
126,3,3,1,0,1,0,3.03052549613966E-007,3.03052549613966E-007,        1647P   2623
3.03052549613966E-007,3.03052549613966E-007,                        1647P   2624
0.000574330542374388,0.000574330542374388,0.000574330542374388,     1647P   2625
0.000574330542374388,1.,1.,1.,1.,0.541421356,-3.894192412,          1647P   2626
-0.608331955,0.415149461,-3.780040443,-0.520943793,0.289879504,     1647P   2627
-3.665198913,-0.432988483,0.166063883,-3.549408779,-0.34425128,     1647P   2628
3.03052549613966E-007,0.000574330542374388,0.,0.,0.;                1647P   2629
126,2,2,1,0,1,0,0.,0.,0.,1.,1.,1.,1.,1.,1.,0.721165105,             1649P   2630
0.524190331,0.,0.778227609,0.5,0.,0.721165105,0.475809669,0.,       1649P   2631
0.,1.,0.,0.,1.;                                                     1649P   2632
126,3,3,1,0,1,0,5.83108092530629E-006,5.83108092530629E-006,        1651P   2633
5.83108092530629E-006,5.83108092530629E-006,                        1651P   2634
0.000694333640567669,0.000694333640567669,0.000694333640567669,     1651P   2635
0.000694333640567669,1.,1.,1.,1.,0.166063883,-3.549408779,          1651P   2636
-0.34425128,0.143625276,-3.549017111,-0.115850323,0.143625276,      1651P   2637
-3.549017111,0.115850323,0.166063883,-3.549408779,0.34425128,       1651P   2638
5.83108092530629E-006,0.000694333640567669,-0.017452406,            1651P   2639
-0.999847695,0.;                                                    1651P   2640
126,2,2,1,0,1,0,0.,0.,0.,1.,1.,1.,1.,1.,1.,0.721165105,             1653P   2641
0.475809669,0.,0.42583938,0.468109017,0.,0.090909091,               1653P   2642
0.461181602,0.,0.,1.,0.,0.,1.;                                      1653P   2643
126,3,3,1,0,1,0,1.95363622532357E-005,1.95363622532357E-005,        1655P   2644
1.95363622532357E-005,1.95363622532357E-005,                        1655P   2645
0.00059356385207784,0.00059356385207784,0.00059356385207784,        1655P   2646
0.00059356385207784,1.,1.,1.,1.,0.166063883,-3.549408779,           1655P   2647
0.34425128,0.289879504,-3.665198913,0.432988483,0.415149461,        1655P   2648
-3.780040443,0.520943793,0.541421356,-3.894192412,0.608331955,      1655P   2649
1.95363622532357E-005,0.00059356385207784,0.,0.,0.;                 1655P   2650
126,1,1,1,0,1,0,0.,0.,1.,1.,1.,1.,0.090909091,0.461181602,0.,       1657P   2651
0.090909091,0.40678297,0.,0.,1.,0.,0.,1.;                           1657P   2652
124,9.45080104732652E-018,6.04986100354256E-017,-1.,                1659P   2653
0.54142135623731,-0.988017281024162,0.154343293983319,0.,           1659P   2654
0.534933656278001,0.154343293983319,0.988017281024162,              1659P   2655
6.12323399573677E-017,-0.0835647555545824;                          1659P   2656
100,0.,0.541421356,0.,4.482842712,0.,4.393209221,0.8357826;         1661P   2657
126,2,2,1,0,1,0,0.,0.,0.,1.,1.,1.,1.,1.,1.,0.090909091,             1663P   2658
0.40678297,0.,0.426951166,0.399634069,0.,0.721165105,               1663P   2659
0.391620716,0.,0.,1.,0.,0.,1.;                                      1663P   2660
126,3,3,1,0,1,0,3.03052928756835E-007,3.03052928756835E-007,        1665P   2661
3.03052928756835E-007,3.03052928756835E-007,                        1665P   2662
0.000574330562528019,0.000574330562528019,0.000574330562528019,     1665P   2663
0.000574330562528019,1.,1.,1.,1.,0.541421356,-3.676635533,          1665P   2664
1.420265279,0.415149461,-3.534082947,1.438869663,0.289879504,       1665P   2665
-3.39064961,1.45762043,0.166063883,-3.246003811,1.476574036,        1665P   2666
3.03052928756835E-007,0.000574330562528019,0.,0.,0.;                1665P   2667
126,2,2,1,0,1,0,0.,0.,0.,1.,1.,1.,1.,1.,1.,0.721165105,             1667P   2668
0.391620716,0.,0.778208433,0.366361455,0.,0.721165105,              1667P   2669
0.339757763,0.,0.,1.,0.,0.,1.;                                      1667P   2670
126,3,3,1,0,1,0,1.25864445744812E-005,1.25864445744812E-005,        1669P   2671
1.25864445744812E-005,1.25864445744812E-005,                        1669P   2672
0.000701088913825656,0.000701088913825656,0.000701088913825656,     1669P   2673
0.000701088913825656,1.,1.,1.,1.,0.166063883,-3.246003811,          1669P   2674
1.476574036,0.143625276,-3.131464138,1.674179233,0.143625276,       1669P   2675
-3.015613815,1.874837878,0.166063883,-2.901752531,2.072834743,      1669P   2676
1.25864445744812E-005,0.000701088913825656,-0.017452406,            1669P   2677
-0.865893504,0.499923848;                                           1669P   2678
126,2,2,1,0,1,0,0.,0.,0.,1.,1.,1.,1.,1.,1.,0.721165105,             1671P   2679
0.339757763,0.,0.424703626,0.331253424,0.,0.090909091,              1671P   2680
0.323536076,0.,0.,1.,0.,0.,1.;                                      1671P   2681
126,3,3,1,0,1,0,1.61368728333589E-006,1.61368728333589E-006,        1673P   2682
1.61368728333589E-006,1.61368728333589E-006,                        1673P   2683
0.000575641203228404,0.000575641203228404,0.000575641203228404,     1673P   2684
0.000575641203228404,1.,1.,1.,1.,0.166063883,-2.901752531,          1673P   2685
2.072834743,0.289879504,-2.957661127,2.207578482,0.415149461,       1673P   2686
-3.013139155,2.34117078,0.541421356,-3.068303578,2.473927133,       1673P   2687
1.61368728333589E-006,0.000575641203228404,0.,0.,0.;                1673P   2688
126,1,1,1,0,1,0,0.,0.,1.,1.,1.,1.,0.090909091,0.323536076,0.,       1675P   2689
0.090909091,0.260862283,0.,0.,1.,0.,0.,1.;                          1675P   2690
124,3.8433938810808E-017,4.76679326606652E-017,-1.,                 1677P   2691
0.54142135623731,-0.778476417753322,0.62767385400537,0.,            1677P   2692
0.421483757898766,0.62767385400537,0.778476417753322,               1677P   2693
6.12323399573677E-017,-0.339836029310287;                           1677P   2694
100,0.,0.541421356,0.,4.482842712,0.,4.393209221,0.8357826;         1679P   2695
126,2,2,1,0,1,0,0.,0.,0.,1.,1.,1.,1.,1.,1.,0.090909091,             1681P   2696
0.260862283,0.,0.428202756,0.252341534,0.,0.721165105,              1681P   2697
0.24270219,0.,0.,1.,0.,0.,1.;                                       1681P   2698
126,3,3,1,0,1,0,3.03053245112002E-007,3.03053245112002E-007,        1683P   2699
3.03053245112002E-007,3.03053245112002E-007,                        1683P   2700
0.000574330569190301,0.000574330569190301,0.000574330569190301,     1683P   2701
0.000574330569190301,1.,1.,1.,1.,0.541421356,-2.473927133,          1683P   2702
3.068303578,0.415149461,-2.34117078,3.013139155,0.289879504,        1683P   2703
-2.207578482,2.957661127,0.166063883,-2.072834743,2.901752531,      1683P   2704
3.03053245112002E-007,0.000574330569190301,0.,0.,0.;                1683P   2705
126,2,2,1,0,1,0,0.,0.,0.,1.,1.,1.,1.,1.,1.,0.721165105,             1685P   2706
0.24270219,0.,0.778138635,0.212225094,0.,0.721165105,               1685P   2707
0.178144271,0.,0.,1.,0.,0.,1.;                                      1685P   2708
126,3,3,1,0,1,0,1.61799982221738E-005,1.61799982221738E-005,        1687P   2709
1.61799982221738E-005,1.61799982221738E-005,                        1687P   2710
0.000704682467473351,0.000704682467473351,0.000704682467473351,     1687P   2711
0.000704682467473351,1.,1.,1.,1.,0.166063883,-2.072834743,          1687P   2712
2.901752531,0.143625276,-1.874837878,3.015613815,0.143625276,       1687P   2713
-1.674179233,3.131464138,0.166063883,-1.476574036,3.246003811,      1687P   2714
1.61799982221738E-005,0.000704682467473351,-0.017452406,            1687P   2715
-0.499923848,0.865893504;                                           1687P   2716
126,2,2,1,0,1,0,0.,0.,0.,1.,1.,1.,1.,1.,1.,0.721165105,             1689P   2717
0.178144271,0.,0.423366792,0.167187202,0.,0.090909091,              1689P   2718
0.157138156,0.,0.,1.,0.,0.,1.;                                      1689P   2719
126,3,3,1,0,1,0,9.85729167828851E-006,9.85729167828851E-006,        1691P   2720
9.85729167828851E-006,9.85729167828851E-006,                        1691P   2721
0.000583884801277526,0.000583884801277526,0.000583884801277526,     1691P   2722
0.000583884801277526,1.,1.,1.,1.,0.166063883,-1.476574036,          1691P   2723
3.246003811,0.289879504,-1.45762043,3.39064961,0.415149461,         1691P   2724
-1.438869663,3.534082947,0.541421356,-1.420265279,3.676635533,      1691P   2725
9.85729167828851E-006,0.000583884801277526,0.,0.,0.;                1691P   2726
126,1,1,1,0,1,0,0.,0.,1.,1.,1.,1.,0.090909091,0.157138156,0.,       1693P   2727
0.090909091,0.072043565,0.,0.,1.,0.,0.,1.;                          1693P   2728
124,5.71187337079883E-017,2.20646712246197E-017,-1.,                1695P   2729
0.54142135623731,-0.360343427018827,0.932819711736586,0.,           1695P   2730
0.195097626967733,0.932819711736586,0.360343427018827,              1695P   2731
6.12323399573677E-017,-0.505048513453319;                           1695P   2732
100,0.,0.541421356,0.,4.482842712,0.,4.393209221,0.8357826;         1697P   2733
126,2,2,1,0,1,0,0.,0.,0.,1.,1.,1.,1.,1.,1.,0.090909091,             1699P   2734
0.072043565,0.,0.4298546,0.059970102,0.,0.721165105,                1699P   2735
0.046147992,0.,0.,1.,0.,0.,1.;                                      1699P   2736
126,3,3,1,0,1,0,3.03052549613562E-007,3.03052549613562E-007,        1701P   2737
3.03052549613562E-007,3.03052549613562E-007,                        1701P   2738
0.000574330542374429,0.000574330542374429,0.000574330542374429,     1701P   2739
0.000574330542374429,1.,1.,1.,1.,0.541421356,-0.608331955,          1701P   2740
3.894192412,0.415149461,-0.520943793,3.780040443,0.289879504,       1701P   2741
-0.432988483,3.665198913,0.166063883,-0.34425128,3.549408779,       1701P   2742
3.03052549613562E-007,0.000574330542374429,0.,0.,0.;                1701P   2743
126,2,2,1,0,1,0,0.,0.,0.,1.,1.,1.,1.,1.,1.,0.721165105,             1703P   2744
0.046147992,0.,0.749627202,0.024192162,0.,0.749627202,0.,0.,0.,     1703P   2745
1.,0.,0.,1.;                                                        1703P   2746
126,3,3,1,0,1,0,5.83108092530539E-006,5.83108092530539E-006,        1705P   2747
5.83108092530539E-006,5.83108092530539E-006,                        1705P   2748
0.000350082360746582,0.000350082360746582,0.000350082360746582,     1705P   2749
0.000350082360746582,1.,1.,1.,1.,0.166063883,-0.34425128,           1705P   2750
3.549408779,0.154830982,-0.229912398,3.549212707,0.149112898,       1705P   2751
-0.114889496,3.549112898,0.149112898,0.,3.549112898,                1705P   2752
5.83108092530539E-006,0.000350082360746582,0.,0.,0.;                1705P   2753
102,28,1581,1585,1591,1595,1599,1603,1609,1613,1617,1621,1627,      1707P   2754
1631,1635,1639,1645,1649,1653,1657,1663,1667,1671,1675,1681,        1707P   2755
1685,1689,1693,1699,1703;                                           1707P   2756
102,28,1583,1589,1593,1597,1601,1607,1611,1615,1619,1625,1629,      1709P   2757
1633,1637,1643,1647,1651,1655,1661,1665,1669,1673,1679,1683,        1709P   2758
1687,1691,1697,1701,1705;                                           1709P   2759
142,1,1579,1707,1709,1;                                             1711P   2760
144,1579,1,0,1711;                                                  1713P   2761
128,3,3,3,3,0,0,0,0,0,0.,0.,0.,0.,1.,1.,1.,1.,0.,0.,0.,0.,1.,       1715P   2762
1.,1.,1.,1.,0.920706259011136,0.920706259011136,1.,                 1715P   2763
0.996107244693823,0.91712217483594,0.91712217483594,                1715P   2764
0.996107244693823,0.996107244693823,0.91712217483594,               1715P   2765
0.91712217483594,0.996107244693823,1.,0.920706259011136,            1715P   2766
0.920706259011136,1.,0.528009297,3.660989395,1.419617852,           1715P   2767
0.571367858,3.71043195,1.438790138,0.634652645,3.734872212,         1715P   2768
1.448267311,0.702809396,3.728496302,1.445794932,0.528009297,        1715P   2769
3.763514063,1.155221542,0.571367858,3.814341238,1.170823091,        1715P   2770
0.634652645,3.839465941,1.178535191,0.702809396,3.832911477,        1715P   2771
1.176523279,0.528009297,3.836909557,0.881305829,0.571367858,        1715P   2772
3.888727956,0.893208079,0.634652645,3.914342637,0.899091556,        1715P   2773
0.702809396,3.907660349,0.89755669,0.528009297,3.880318746,         1715P   2774
0.601069574,0.571367858,3.932723396,0.609187165,0.634652645,        1715P   2775
3.958627871,0.613199823,0.702809396,3.951869982,0.612153012,0.,     1715P   2776
1.,0.,1.;                                                           1715P   2777
126,4,2,1,0,1,0,0.,0.,0.,0.5,0.5,1.,1.,1.,1.,1.,1.,1.,1.,           1717P   2778
0.104480445,0.005940215,0.,0.312220566,0.024125988,0.,              1717P   2779
0.4931875,0.032512881,0.,0.692934845,0.041770151,0.,                1717P   2780
0.895519555,0.040864248,0.,0.,1.,0.,0.,1.;                          1717P   2781
126,9,3,1,0,1,0,0.000489481511104177,0.000489481511104177,          1719P   2782
0.000489481511104177,0.000489481511104177,0.000528637796767613,     1719P   2783
0.000528637796767613,0.000528637796767613,0.00058880035442698,      1719P   2784
0.00058880035442698,0.00058880035442698,0.000648937968989862,       1719P   2785
0.000648937968989862,0.000648937968989862,0.000648937968989862,     1719P   2786
1.,1.,1.,1.,1.,1.,1.,1.,1.,1.,0.541421356,3.676635533,              1719P   2787
1.420265279,0.550136327,3.686474157,1.418981251,0.559825624,        1719P   2788
3.695554781,1.41782518,0.570285287,3.703556257,1.4168404,           1719P   2789
0.586231437,3.715754807,1.415339066,0.604333118,3.725641958,        1719P   2790
1.414213532,0.623352638,3.73221505,1.413588489,0.642340047,         1719P   2791
3.738777046,1.4129645,0.662747688,3.742181171,1.412827039,          1719P   2792
0.682842712,3.742039478,1.413202231,0.000489481511104177,           1719P   2793
0.000648937968989862,0.,0.,0.;                                      1719P   2794
126,1,1,1,0,1,0,0.,0.,1.,1.,1.,1.,0.895519555,0.040864248,0.,       1721P   2795
0.895519555,0.959135752,0.,0.,1.,0.,0.,1.;                          1721P   2796
124,2.16334198614559E-017,-5.72834583606176E-017,-1.,               1723P   2797
0.68284271247462,0.935509869466046,0.353300557785607,0.,            1723P   2798
-0.638806096812972,0.353300557785607,-0.935509869466046,            1723P   2799
6.12323399573677E-017,-0.24124871119712;                            1723P   2800
100,0.,0.682842712,0.,4.682842712,0.,4.604221738,0.789168255;       1725P   2801
126,4,2,1,0,1,0,0.,0.,0.,0.5,0.5,1.,1.,1.,1.,1.,1.,1.,1.,           1727P   2802
0.895519555,0.959135752,0.,0.692673944,0.958228683,0.,              1727P   2803
0.492653957,0.967511863,0.,0.311928965,0.975899539,0.,              1727P   2804
0.104480445,0.994059785,0.,0.,1.,0.,0.,1.;                          1727P   2805
126,9,3,1,0,1,0,1.99299454299773E-007,1.99299454299773E-007,        1729P   2806
1.99299454299773E-007,1.99299454299773E-007,                        1729P   2807
3.03081096279533E-005,3.03081096279533E-005,                        1729P   2808
3.03081096279533E-005,9.65025701074278E-005,                        1729P   2809
9.65025701074278E-005,9.65025701074278E-005,                        1729P   2810
0.000162035424546371,0.000162035424546371,0.000162035424546371,     1729P   2811
0.000162035424546371,1.,1.,1.,1.,1.,1.,1.,1.,1.,1.,0.682842712,     1729P   2812
3.947302365,0.647150706,0.672808439,3.947269965,0.647348331,        1729P   2813
0.662729074,3.946553811,0.647006692,0.652826423,3.945173145,        1729P   2814
0.646136056,0.631340162,3.942177447,0.644246995,0.610217766,        1729P   2815
3.935896933,0.639754339,0.591375741,3.927131199,0.633247255,        1729P   2816
0.572681406,3.918434173,0.626791176,0.555679384,3.907081914,        1729P   2817
0.618199415,0.541421356,3.894192412,0.608331955,                    1729P   2818
1.99299454299773E-007,0.000162035424546371,0.,0.,0.;                1729P   2819
126,1,1,1,0,1,0,0.,0.,1.,1.,1.,1.,0.104480445,0.994059785,0.,       1731P   2820
0.104480445,0.005940215,0.,0.,1.,0.,0.,1.;                          1731P   2821
124,-9.45080104732723E-018,-6.04986100354255E-017,1.,               1733P   2822
0.54142135623731,0.988017281024161,-0.15434329398333,0.,            1733P   2823
-0.534933656278,0.15434329398333,0.988017281024161,                 1733P   2824
6.12323399573677E-017,-0.0835647555545886;                          1733P   2825
100,0.,0.541421356,0.,4.482842712,0.,4.393209221,0.8357826;         1735P   2826
102,4,1717,1721,1727,1731;                                          1737P   2827
102,4,1719,1725,1729,1735;                                          1739P   2828
142,1,1715,1737,1739,1;                                             1741P   2829
144,1715,1,0,1741;                                                  1743P   2830
128,1,3,1,3,0,0,0,0,0,0.,0.,1.,1.,0.,0.,0.,0.,1.,1.,1.,1.,1.,       1745P   2831
1.,0.333333333333333,0.333333333333333,0.333333333333333,           1745P   2832
0.333333333333333,1.,1.,0.035512747,0.,-3.410183116,                1745P   2833
-0.355127471,0.,-3.298168836,0.035512747,6.820366233,               1745P   2834
-3.410183116,-0.355127471,6.596337673,-3.298168836,0.035512747,     1745P   2835
6.820366233,3.410183116,-0.355127471,6.596337673,3.298168836,       1745P   2836
0.035512747,0.,3.410183116,-0.355127471,0.,3.298168836,0.,1.,       1745P   2837
0.,1.;                                                              1745P   2838
126,1,1,1,0,1,0,0.,0.,1.,1.,1.,1.,0.090909091,0.,0.,1.,0.,0.,       1747P   2839
0.,1.,0.,0.,1.;                                                     1747P   2840
110,0.,0.,-3.4,-0.355127471,0.,-3.298168836;                        1749P   2841
126,1,1,1,0,1,0,0.,0.,1.,1.,1.,1.,1.,0.,0.,1.,1.,0.,0.,1.,0.,       1751P   2842
0.,1.;                                                              1751P   2843
124,6.12323399573677E-017,-8.55166289179392E-031,1.,                1753P   2844
-0.3551274711634,1.39659253553725E-014,1.,0.,                       1753P   2845
4.95968375391025E-015,-1.,1.39659253553725E-014,                    1753P   2846
6.12323399573677E-017,-0.3551274711634;                             1753P   2847
100,0.,-0.355127471,0.,2.943041365,0.,-3.653296307,0.;              1755P   2848
126,1,1,1,0,1,0,0.,0.,1.,1.,1.,1.,1.,1.,0.,0.090909091,1.,0.,       1757P   2849
0.,1.,0.,0.,1.;                                                     1757P   2850
110,-0.355127471,0.,3.298168836,0.,0.,3.4;                          1759P   2851
126,1,1,1,0,1,0,0.,0.,1.,1.,1.,1.,0.090909091,1.,0.,                1761P   2852
0.090909091,0.,0.,0.,1.,0.,0.,1.;                                   1761P   2853
124,6.12323399573677E-017,0.,-1.,0.,0.,1.,0.,0.,1.,0.,              1763P   2854
6.12323399573677E-017,0.;                                           1763P   2855
100,0.,0.,0.,3.4,0.,-3.4,0.;                                        1765P   2856
102,4,1747,1751,1757,1761;                                          1767P   2857
102,4,1749,1755,1759,1765;                                          1769P   2858
142,1,1745,1767,1769,1;                                             1771P   2859
144,1745,1,0,1771;                                                  1773P   2860
128,1,1,1,1,0,0,1,0,0,0.,0.,1.,1.,0.,0.,1.,1.,1.,1.,1.,1.,-0.5,     1775P   2861
-3.143187495,-3.143187495,-0.5,-3.143187495,3.143187495,-0.5,       1775P   2862
3.143187495,-3.143187495,-0.5,3.143187495,3.143187495,0.,1.,0.,     1775P   2863
1.;                                                                 1775P   2864
126,32,2,1,0,1,0,0.,0.,0.,0.0625,0.0625,0.125,0.125,0.1875,         1777P   2865
0.1875,0.25,0.25,0.3125,0.3125,0.375,0.375,0.4375,0.4375,0.5,       1777P   2866
0.5,0.5625,0.5625,0.625,0.625,0.6875,0.6875,0.75,0.75,0.8125,       1777P   2867
0.8125,0.875,0.875,0.9375,0.9375,1.,1.,1.,1.,1.,1.,1.,1.,1.,1.,     1777P   2868
1.,1.,1.,1.,1.,1.,1.,1.,1.,1.,1.,1.,1.,1.,1.,1.,1.,1.,1.,1.,1.,     1777P   2869
1.,1.,1.,1.,1.,0.994071146,0.5,0.,0.994071146,0.548661761,0.,       1777P   2870
0.984577708,0.596388499,0.,0.975084269,0.644115237,0.,              1777P   2871
0.95646222,0.689072842,0.,0.93784017,0.734030447,0.,                1777P   2872
0.910805144,0.774491222,0.,0.883770119,0.814951997,0.,              1777P   2873
0.849361058,0.849361058,0.,0.814951997,0.883770119,0.,              1777P   2874
0.774491222,0.910805144,0.,0.734030447,0.93784017,0.,               1777P   2875
0.689072842,0.95646222,0.,0.644115237,0.975084269,0.,               1777P   2876
0.596388499,0.984577708,0.,0.548661761,0.994071146,0.,0.5,          1777P   2877
0.994071146,0.,0.451338239,0.994071146,0.,0.403611501,              1777P   2878
0.984577708,0.,0.355884763,0.975084269,0.,0.310927158,              1777P   2879
0.95646222,0.,0.265969553,0.93784017,0.,0.225508778,                1777P   2880
0.910805144,0.,0.185048003,0.883770119,0.,0.150638942,              1777P   2881
0.849361058,0.,0.116229881,0.814951997,0.,0.089194856,              1777P   2882
0.774491222,0.,0.06215983,0.734030447,0.,0.04353778,                1777P   2883
0.689072842,0.,0.024915731,0.644115237,0.,0.015422292,              1777P   2884
0.596388499,0.,0.005928854,0.548661761,0.,0.005928854,0.5,0.,       1777P   2885
0.,1.,0.,0.,-1.;                                                    1777P   2886
124,6.12323399573677E-017,0.,-1.,-0.5,0.,1.,0.,0.,1.,0.,            1779P   2887
6.12323399573677E-017,0.5;                                          1779P   2888
100,0.,-0.5,0.,2.605916497,0.,-3.605916497,0.;                      1781P   2889
126,32,2,1,0,1,0,0.,0.,0.,0.0625,0.0625,0.125,0.125,0.1875,         1783P   2890
0.1875,0.25,0.25,0.3125,0.3125,0.375,0.375,0.4375,0.4375,0.5,       1783P   2891
0.5,0.5625,0.5625,0.625,0.625,0.6875,0.6875,0.75,0.75,0.8125,       1783P   2892
0.8125,0.875,0.875,0.9375,0.9375,1.,1.,1.,1.,1.,1.,1.,1.,1.,1.,     1783P   2893
1.,1.,1.,1.,1.,1.,1.,1.,1.,1.,1.,1.,1.,1.,1.,1.,1.,1.,1.,1.,1.,     1783P   2894
1.,1.,1.,1.,1.,0.005928854,0.5,0.,0.005928854,0.451338239,0.,       1783P   2895
0.015422292,0.403611501,0.,0.024915731,0.355884763,0.,              1783P   2896
0.04353778,0.310927158,0.,0.06215983,0.265969553,0.,                1783P   2897
0.089194856,0.225508778,0.,0.116229881,0.185048003,0.,              1783P   2898
0.150638942,0.150638942,0.,0.185048003,0.116229881,0.,              1783P   2899
0.225508778,0.089194856,0.,0.265969553,0.06215983,0.,               1783P   2900
0.310927158,0.04353778,0.,0.355884763,0.024915731,0.,               1783P   2901
0.403611501,0.015422292,0.,0.451338239,0.005928854,0.,0.5,          1783P   2902
0.005928854,0.,0.548661761,0.005928854,0.,0.596388499,              1783P   2903
0.015422292,0.,0.644115237,0.024915731,0.,0.689072842,              1783P   2904
0.04353778,0.,0.734030447,0.06215983,0.,0.774491222,                1783P   2905
0.089194856,0.,0.814951997,0.116229881,0.,0.849361058,              1783P   2906
0.150638942,0.,0.883770119,0.185048003,0.,0.910805144,              1783P   2907
0.225508778,0.,0.93784017,0.265969553,0.,0.95646222,                1783P   2908
0.310927158,0.,0.975084269,0.355884763,0.,0.984577708,              1783P   2909
0.403611501,0.,0.994071146,0.451338239,0.,0.994071146,0.5,0.,       1783P   2910
0.,1.,0.,0.,-1.;                                                    1783P   2911
124,-6.12323399573677E-017,-7.49879891330929E-033,-1.,-0.5,         1785P   2912
1.22464679914735E-016,-1.,0.,6.12323399573677E-017,-1.,             1785P   2913
-1.22464679914735E-016,6.12323399573677E-017,-0.5;                  1785P   2914
100,0.,-0.5,0.,2.605916497,0.,-3.605916497,0.;                      1787P   2915
102,2,1777,1783;                                                    1789P   2916
102,2,1781,1787;                                                    1791P   2917
142,1,1775,1789,1791,1;                                             1793P   2918
126,32,2,1,0,1,0,0.,0.,0.,0.0625,0.0625,0.125,0.125,0.1875,         1795P   2919
0.1875,0.25,0.25,0.3125,0.3125,0.375,0.375,0.4375,0.4375,0.5,       1795P   2920
0.5,0.5625,0.5625,0.625,0.625,0.6875,0.6875,0.75,0.75,0.8125,       1795P   2921
0.8125,0.875,0.875,0.9375,0.9375,1.,1.,1.,1.,1.,1.,1.,1.,1.,1.,     1795P   2922
1.,1.,1.,1.,1.,1.,1.,1.,1.,1.,1.,1.,1.,1.,1.,1.,1.,1.,1.,1.,1.,     1795P   2923
1.,1.,1.,1.,1.,0.50004066,0.046691512,0.,0.453689399,               1795P   2924
0.046691512,0.,0.40868496,0.055899099,0.,0.364823801,               1795P   2925
0.064872779,0.,0.323598379,0.08230735,0.,0.283120972,               1795P   2926
0.09942558,0.,0.246602998,0.1240945,0.,0.210431727,0.148529213,     1795P   2927
0.,0.179520899,0.179438782,0.,0.148609968,0.210348454,0.,           1795P   2928
0.124174163,0.246518431,0.,0.099503981,0.283035333,0.,              1795P   2929
0.08238487,0.323511683,0.,0.064949301,0.364736262,0.,               1795P   2930
0.055975101,0.40859677,0.,0.046766938,0.453600748,0.,               1795P   2931
0.046766938,0.499951927,0.,0.046766938,0.54630185,0.,               1795P   2932
0.055975101,0.591305714,0.,0.064949316,0.635166183,0.,              1795P   2933
0.08238487,0.676391526,0.,0.099504026,0.716868766,0.,               1795P   2934
0.124174163,0.753387007,0.,0.148610053,0.789558503,0.,              1795P   2935
0.179520899,0.820469804,0.,0.210431852,0.851381211,0.,              1795P   2936
0.246602998,0.87581756,0.,0.283121128,0.900488323,0.,               1795P   2937
0.323598379,0.91760792,0.,0.364823972,0.935044025,0.,               1795P   2938
0.40868496,0.94401853,0.,0.453689568,0.953227035,0.,0.50004066,     1795P   2939
0.953227035,0.,0.,1.,0.,0.,1.;                                      1795P   2940
126,6,3,1,0,1,0,0.,0.,0.,0.,1.,1.,1.,2.,2.,2.,2.,1.,1.,1.,1.,       1797P   2941
1.,1.,1.,-0.5,-2.849667141,0.000255605,-0.5,-2.849667141,           1797P   2942
-1.573566028,-0.5,-1.574124474,-2.849192987,-0.5,-0.000302202,      1797P   2943
-2.849192987,-0.5,1.573476229,-2.849192987,-0.5,2.849155097,        1797P   2944
-1.573566028,-0.5,2.849155097,0.000255605,0.,2.,-1.,0.,0.;          1797P   2945
126,32,2,1,0,1,0,0.,0.,0.,0.0625,0.0625,0.125,0.125,0.1875,         1799P   2946
0.1875,0.25,0.25,0.3125,0.3125,0.375,0.375,0.4375,0.4375,0.5,       1799P   2947
0.5,0.5625,0.5625,0.625,0.625,0.6875,0.6875,0.75,0.75,0.8125,       1799P   2948
0.8125,0.875,0.875,0.9375,0.9375,1.,1.,1.,1.,1.,1.,1.,1.,1.,1.,     1799P   2949
1.,1.,1.,1.,1.,1.,1.,1.,1.,1.,1.,1.,1.,1.,1.,1.,1.,1.,1.,1.,1.,     1799P   2950
1.,1.,1.,1.,1.,0.50004066,0.953227035,0.,0.546391753,               1799P   2951
0.953227035,0.,0.591396366,0.94401853,0.,0.63525736,                1799P   2952
0.935044025,0.,0.676482962,0.91760792,0.,0.716960222,               1799P   2953
0.900488322,0.,0.753478364,0.87581756,0.,0.789649523,               1799P   2954
0.85138121,0.,0.820560487,0.820469804,0.,0.851471347,               1799P   2955
0.789558503,0.,0.875907248,0.753387007,0.,0.900577398,              1799P   2956
0.716868765,0.,0.917696563,0.676391526,0.,0.935132126,              1799P   2957
0.635166182,0.,0.944106346,0.591305714,0.,0.953314515,              1799P   2958
0.546301849,0.,0.953314515,0.499951927,0.,0.953314515,              1799P   2959
0.453600749,0.,0.944106346,0.40859677,0.,0.935132141,               1799P   2960
0.364736263,0.,0.917696563,0.323511683,0.,0.900577442,              1799P   2961
0.283035333,0.,0.875907248,0.246518431,0.,0.851471431,              1799P   2962
0.210348455,0.,0.820560487,0.179438782,0.,0.789649648,              1799P   2963
0.148529214,0.,0.753478364,0.1240945,0.,0.716960379,0.09942558,     1799P   2964
0.,0.676482962,0.08230735,0.,0.635257531,0.064872779,0.,            1799P   2965
0.591396366,0.055899099,0.,0.546391922,0.046691512,0.,              1799P   2966
0.50004066,0.046691512,0.,0.,1.,0.,0.,1.;                           1799P   2967
126,6,3,1,0,1,0,2.,2.,2.,2.,3.,3.,3.,4.,4.,4.,4.,1.,1.,1.,1.,       1801P   2968
1.,1.,1.,-0.5,2.849155097,0.000255605,-0.5,2.849155097,             1801P   2969
1.574077238,-0.5,1.573476229,2.849705031,-0.5,-0.000302202,         1801P   2970
2.849705031,-0.5,-1.574124474,2.849705031,-0.5,-2.849667141,        1801P   2971
1.574077238,-0.5,-2.849667141,0.000255605,2.,4.,-1.,0.,0.;          1801P   2972
102,2,1795,1799;                                                    1803P   2973
102,2,1797,1801;                                                    1805P   2974
142,1,1775,1803,1805,1;                                             1807P   2975
144,1775,1,1,1793,1807;                                             1809P   2976
128,1,1,1,1,0,0,1,0,0,0.,0.,1.,1.,0.,0.,1.,1.,1.,1.,1.,1.,          1811P   2977
0.143060267,3.943891484,0.656463811,0.143060267,3.546805577,        1811P   2978
0.342706106,4.,3.985629906,0.603640441,4.,3.588544,0.289882736,     1811P   2979
0.,1.,0.,1.;                                                        1811P   2980
126,2,2,1,0,1,0,0.,0.,0.,1.,1.,1.,1.,1.,1.,0.530982661,1.,0.,       1813P   2981
0.304800863,0.974981668,0.,0.06682658,0.948145417,0.,0.,1.,0.,      1813P   2982
0.,-1.;                                                             1813P   2983
126,3,3,1,0,1,0,3.10321405702146E-007,3.10321405702146E-007,        1815P   2984
3.10321405702146E-007,3.10321405702146E-007,                        1815P   2985
0.000308840939766987,0.000308840939766987,0.000308840939766987,     1815P   2986
0.000308840939766987,1.,1.,1.,1.,4.,3.774784175,0.43704054,         1815P   2987
3.933718438,3.835759581,0.486694825,3.867028258,3.896461195,        1815P   2988
0.536141864,3.8,3.956929685,0.58541222,3.10321405702146E-007,       1815P   2989
0.000308840939766987,0.,0.,0.;                                      1815P   2990
126,1,1,1,0,1,0,0.,0.,1.,1.,1.,1.,0.06682658,0.948145417,0.,        1817P   2991
0.006120719,0.139950967,0.,0.,1.,0.,0.,1.;                          1817P   2992
126,3,3,1,0,0,0,0.,0.,0.,0.,1.,1.,1.,1.,1.,0.99997966465909,        1819P   2993
0.99997966465909,1.,3.8,3.956929685,0.58541222,2.765540636,         1819P   2994
3.953881352,0.606016572,1.726467077,3.95067218,0.626596486,         1819P   2995
0.682842712,3.947302365,0.647150706,0.,1.,0.,0.,0.;                 1819P   2996
126,4,2,1,0,1,0,0.,0.,0.,0.5,0.5,1.,1.,1.,1.,1.,1.,1.,1.,           1821P   2997
0.006120719,0.139950967,0.,0.005344978,0.129432242,0.,              1821P   2998
0.040330626,0.119753643,0.,0.074041656,0.110427661,0.,              1821P   2999
0.136015892,0.10328424,0.,0.,1.,0.,0.,-1.;                          1821P   3000
126,9,3,1,0,1,0,1.99299454299773E-007,1.99299454299773E-007,        1823P   3001
1.99299454299773E-007,1.99299454299773E-007,                        1823P   3002
3.03081096279533E-005,3.03081096279533E-005,                        1823P   3003
3.03081096279533E-005,9.65025701074278E-005,                        1823P   3004
9.65025701074278E-005,9.65025701074278E-005,                        1823P   3005
0.000162035424546371,0.000162035424546371,0.000162035424546371,     1823P   3006
0.000162035424546371,1.,1.,1.,1.,1.,1.,1.,1.,1.,1.,0.682842712,     1823P   3007
3.947302365,0.647150706,0.672808439,3.947269965,0.647348331,        1823P   3008
0.662729074,3.946553811,0.647006692,0.652826423,3.945173145,        1823P   3009
0.646136056,0.631340162,3.942177447,0.644246995,0.610217766,        1823P   3010
3.935896933,0.639754339,0.591375741,3.927131199,0.633247255,        1823P   3011
0.572681406,3.918434173,0.626791176,0.555679384,3.907081914,        1823P   3012
0.618199415,0.541421356,3.894192412,0.608331955,                    1823P   3013
1.99299454299773E-007,0.000162035424546371,0.,0.,0.;                1823P   3014
126,2,2,1,0,1,0,0.,0.,0.,1.,1.,1.,1.,1.,1.,0.136015892,             1825P   3015
0.10328424,0.,0.586681974,0.051338502,0.,0.994071146,               1825P   3016
0.005964215,0.,0.,1.,0.,0.,-1.;                                     1825P   3017
126,3,3,1,0,1,0,3.03052549370106E-007,3.03052549370106E-007,        1827P   3018
3.03052549370106E-007,3.03052549370106E-007,                        1827P   3019
0.00057433054237493,0.00057433054237493,0.00057433054237493,        1827P   3020
0.00057433054237493,1.,1.,1.,1.,0.541421356,3.894192412,            1827P   3021
0.608331955,0.415149461,3.780040443,0.520943793,0.289879504,        1827P   3022
3.665198913,0.432988483,0.166063883,3.549408779,0.34425128,         1827P   3023
3.03052549370106E-007,0.00057433054237493,0.,0.,0.;                 1827P   3024
126,1,1,1,0,1,0,0.,0.,1.,1.,1.,1.,0.994071146,0.005964215,0.,       1829P   3025
0.930024254,1.,0.,0.,1.,0.,0.,1.;                                   1829P   3026
110,0.166063883,3.549408779,0.34425128,4.,3.616330382,              1831P   3027
0.311838166;                                                        1831P   3028
126,1,1,1,0,1,0,0.,0.,1.,1.,1.,1.,0.930024254,1.,0.,                1833P   3029
0.530982661,1.,0.,0.,1.,0.,0.,1.;                                   1833P   3030
110,4.,3.616330382,0.311838166,4.,3.774784175,0.43704054;           1835P   3031
102,6,1813,1817,1821,1825,1829,1833;                                1837P   3032
102,6,1815,1819,1823,1827,1831,1835;                                1839P   3033
142,1,1811,1837,1839,1;                                             1841P   3034
144,1811,1,0,1841;                                                  1843P   3035
128,1,1,1,1,0,0,1,0,0,0.,0.,1.,1.,0.,0.,1.,1.,1.,1.,1.,1.,          1845P   3036
0.120487027,3.548613232,-0.348382295,4.,3.616330382,                1845P   3037
-0.348382295,0.120487027,3.548613232,0.348382295,4.,                1845P   3038
3.616330382,0.348382295,0.,1.,0.,1.;                                1845P   3039
126,1,1,1,0,1,0,0.,0.,1.,1.,1.,1.,1.,0.947551684,0.,                1847P   3040
0.011748087,0.994071146,0.,0.,1.,0.,0.,1.;                          1847P   3041
110,4.,3.616330382,0.311838166,0.166063883,3.549408779,             1849P   3042
0.34425128;                                                         1849P   3043
126,2,2,1,0,1,0,0.,0.,0.,1.,1.,1.,1.,1.,1.,0.011748087,             1851P   3044
0.994071146,0.,0.003030499,0.5,0.,0.011748087,0.005928854,0.,       1851P   3045
0.,1.,0.,0.,-1.;                                                    1851P   3046
126,3,3,1,0,1,0,5.83108092530203E-006,5.83108092530203E-006,        1853P   3047
5.83108092530203E-006,5.83108092530203E-006,                        1853P   3048
0.000694333640567675,0.000694333640567675,0.000694333640567675,     1853P   3049
0.000694333640567675,1.,1.,1.,1.,0.166063883,3.549408779,           1853P   3050
0.34425128,0.143625276,3.549017111,0.115850323,0.143625276,         1853P   3051
3.549017111,-0.115850323,0.166063883,3.549408779,-0.34425128,       1853P   3052
5.83108092530203E-006,0.000694333640567675,-0.017452406,            1853P   3053
0.999847695,0.;                                                     1853P   3054
126,1,1,1,0,1,0,0.,0.,1.,1.,1.,1.,0.011748087,0.005928854,0.,       1855P   3055
1.,0.052448316,0.,0.,1.,0.,0.,1.;                                   1855P   3056
110,0.166063883,3.549408779,-0.34425128,4.,3.616330382,             1857P   3057
-0.311838166;                                                       1857P   3058
126,1,1,1,0,1,0,0.,0.,1.,1.,1.,1.,1.,0.052448316,0.,1.,             1859P   3059
0.947551684,0.,0.,1.,0.,0.,1.;                                      1859P   3060
110,4.,3.616330382,-0.311838166,4.,3.616330382,0.311838166;         1861P   3061
102,4,1847,1851,1855,1859;                                          1863P   3062
102,4,1849,1853,1857,1861;                                          1865P   3063
142,1,1845,1863,1865,1;                                             1867P   3064
144,1845,1,0,1867;                                                  1869P   3065
128,1,1,1,1,0,0,1,0,0,0.,0.,1.,1.,0.,0.,1.,1.,1.,1.,1.,1.,          1871P   3066
0.143060267,3.546805119,-0.342705744,0.143060267,3.943968331,       1871P   3067
-0.656524531,4.,3.588543541,-0.289882374,4.,3.985706753,            1871P   3068
-0.603701161,0.,1.,0.,1.;                                           1871P   3069
126,1,1,1,0,1,0,0.,0.,1.,1.,1.,1.,0.06996328,1.,0.,0.005928854,     1873P   3070
0.005964215,0.,0.,1.,0.,0.,1.;                                      1873P   3071
110,4.,3.616330382,-0.311838166,0.166063883,3.549408779,            1875P   3072
-0.34425128;                                                        1875P   3073
126,2,2,1,0,1,0,0.,0.,0.,1.,1.,1.,1.,1.,1.,0.005928854,             1877P   3074
0.005964215,0.,0.413238731,0.051338502,0.,0.863817094,              1877P   3075
0.10328424,0.,0.,1.,0.,0.,-1.;                                      1877P   3076
126,3,3,1,0,1,0,1.95363622532178E-005,1.95363622532178E-005,        1879P   3077
1.95363622532178E-005,1.95363622532178E-005,                        1879P   3078
0.000593563852078777,0.000593563852078777,0.000593563852078777,     1879P   3079
0.000593563852078777,1.,1.,1.,1.,0.166063883,3.549408779,           1879P   3080
-0.34425128,0.289879504,3.665198913,-0.432988483,0.415149461,       1879P   3081
3.780040443,-0.520943793,0.541421356,3.894192412,-0.608331955,      1879P   3082
1.95363622532178E-005,0.000593563852078777,0.,0.,0.;                1879P   3083
126,4,2,1,0,1,0,0.,0.,0.,0.5,0.5,1.,1.,1.,1.,1.,1.,1.,1.,           1881P   3084
0.863817095,0.10328424,0.,0.925867634,0.110437848,0.,               1881P   3085
0.959576303,0.119779276,0.,0.994461505,0.129446747,0.,              1881P   3086
0.993686984,0.139950967,0.,0.,1.,0.,0.,-1.;                         1881P   3087
126,9,3,1,0,1,0,3.01927832294955E-007,3.01927832294955E-007,        1883P   3088
3.01927832294955E-007,3.01927832294955E-007,                        1883P   3089
3.99198634656979E-005,3.99198634656979E-005,                        1883P   3090
3.99198634656979E-005,0.000100791733627089,                         1883P   3091
0.000100791733627089,0.000100791733627089,0.000161638366614797,     1883P   3092
0.000161638366614797,0.000161638366614797,0.000161638366614797,     1883P   3093
1.,1.,1.,1.,1.,1.,1.,1.,1.,1.,0.541421356,3.894192412,              1883P   3094
-0.608331955,0.550136327,3.902070896,-0.614363268,0.559825624,      1883P   3095
3.909356912,-0.619904767,0.570285287,3.915794003,-0.624758349,      1883P   3096
0.586231437,3.92560759,-0.632157817,0.604333118,3.933607347,        1883P   3097
-0.638076133,0.623352638,3.93898729,-0.641903984,0.642340047,       1883P   3098
3.944358151,-0.645725371,0.662747688,3.947237479,-0.647546478,      1883P   3099
0.682842712,3.947302365,-0.647150706,3.01927832294955E-007,         1883P   3100
0.000161638366614797,0.,0.,0.;                                      1883P   3101
126,1,1,1,0,1,0,0.,0.,1.,1.,1.,1.,0.993686984,0.139950967,0.,       1885P   3102
0.932992939,0.948145417,0.,0.,1.,0.,0.,1.;                          1885P   3103
126,3,3,1,0,0,0,0.,0.,0.,0.,1.,1.,1.,1.,1.,0.99997966465909,        1887P   3104
0.99997966465909,1.,0.682842712,3.947302365,-0.647150706,           1887P   3105
1.726467077,3.95067218,-0.626596486,2.765540636,3.953881352,        1887P   3106
-0.606016572,3.8,3.956929685,-0.58541222,0.,1.,0.,0.,0.;            1887P   3107
126,2,2,1,0,1,0,0.,0.,0.,1.,1.,1.,1.,1.,1.,0.932992939,             1889P   3108
0.948145417,0.,0.695064975,0.974981668,0.,0.468927202,1.,0.,0.,     1889P   3109
1.,0.,0.,-1.;                                                       1889P   3110
126,3,3,1,0,1,0,3.06861375454486E-007,3.06861375454486E-007,        1891P   3111
3.06861375454486E-007,3.06861375454486E-007,                        1891P   3112
0.000308837479736739,0.000308837479736739,0.000308837479736739,     1891P   3113
0.000308837479736739,1.,1.,1.,1.,3.8,3.956929685,-0.58541222,       1891P   3114
3.867028258,3.896461195,-0.536141864,3.933718438,3.835759581,       1891P   3115
-0.486694825,4.,3.774784175,-0.43704054,3.06861375454486E-007,      1891P   3116
0.000308837479736739,0.,0.,0.;                                      1891P   3117
126,1,1,1,0,1,0,0.,0.,1.,1.,1.,1.,0.468927202,1.,0.,0.06996328,     1893P   3118
1.,0.,0.,1.,0.,0.,1.;                                               1893P   3119
110,4.,3.774784175,-0.43704054,4.,3.616330382,-0.311838166;         1895P   3120
102,6,1873,1877,1881,1885,1889,1893;                                1897P   3121
102,6,1875,1879,1883,1887,1891,1895;                                1899P   3122
142,1,1871,1897,1899,1;                                             1901P   3123
144,1871,1,0,1901;                                                  1903P   3124
128,1,1,1,1,0,0,1,0,0,0.,0.,1.,1.,0.,0.,1.,1.,1.,1.,1.,1.,          1905P   3125
0.143060267,3.08727831,2.540460079,0.143060267,2.900270679,         1905P   3126
2.070194983,4.,3.149836529,2.51558291,4.,2.962828898,               1905P   3127
2.045317814,0.,1.,0.,1.;                                            1905P   3128
126,2,2,1,0,1,0,0.,0.,0.,1.,1.,1.,1.,1.,1.,0.530982661,1.,0.,       1907P   3129
0.304800863,0.974981668,0.,0.06682658,0.948145417,0.,0.,1.,0.,      1907P   3130
0.,-1.;                                                             1907P   3131
126,3,3,1,0,1,0,3.10321405698679E-007,3.10321405698679E-007,        1909P   3132
3.10321405698679E-007,3.10321405698679E-007,                        1909P   3133
0.000308840939766989,0.000308840939766989,0.000308840939766989,     1909P   3134
0.000308840939766989,1.,1.,1.,1.,4.,3.050538719,2.265880297,        1909P   3135
3.933718438,3.078517827,2.339369873,3.867028258,3.106363448,        1909P   3136
2.412543072,3.8,3.134095518,2.485446697,3.10321405698679E-007,      1909P   3137
0.000308840939766989,0.,0.,0.;                                      1909P   3138
126,1,1,1,0,1,0,0.,0.,1.,1.,1.,1.,0.06682658,0.948145417,0.,        1911P   3139
0.006120719,0.139950967,0.,0.,1.,0.,0.,1.;                          1911P   3140
126,3,3,1,0,0,0,0.,0.,0.,0.,1.,1.,1.,1.,1.,0.99997966465909,        1913P   3141
0.99997966465909,1.,3.8,3.134095518,2.485446697,2.765540636,        1913P   3142
3.121153409,2.501766422,1.726467077,3.108084227,2.517984565,        1913P   3143
0.682842712,3.094888772,2.534100134,0.,1.,0.,0.,0.;                 1913P   3144
126,4,2,1,0,1,0,0.,0.,0.,0.5,0.5,1.,1.,1.,1.,1.,1.,1.,1.,           1915P   3145
0.006120719,0.139950967,0.,0.005344978,0.129432242,0.,              1915P   3146
0.040330626,0.119753643,0.,0.074041656,0.110427661,0.,              1915P   3147
0.136015892,0.10328424,0.,0.,1.,0.,0.,-1.;                          1915P   3148
126,9,3,1,0,1,0,1.99299454263285E-007,1.99299454263285E-007,        1917P   3149
1.99299454263285E-007,1.99299454263285E-007,                        1917P   3150
3.03081096279161E-005,3.03081096279161E-005,                        1917P   3151
3.03081096279161E-005,9.65025701073918E-005,                        1917P   3152
9.65025701073918E-005,9.65025701073918E-005,                        1917P   3153
0.000162035424546336,0.000162035424546336,0.000162035424546336,     1917P   3154
0.000162035424546336,1.,1.,1.,1.,1.,1.,1.,1.,1.,1.,0.682842712,     1917P   3155
3.094888772,2.534100134,0.672808439,3.0947619,2.534255083,          1917P   3156
0.662729074,3.094312512,2.533601137,0.652826423,3.093552138,        1917P   3157
2.532156811,0.631340162,3.091902318,2.529022987,0.610217766,        1917P   3158
3.088709561,2.521991977,0.591375741,3.084371754,2.511973809,        1917P   3159
0.572681406,3.080067949,2.502034167,0.555679384,3.074532485,        1917P   3160
2.488917355,0.541421356,3.068303578,2.473927133,                    1917P   3161
1.99299454263285E-007,0.000162035424546336,0.,0.,0.;                1917P   3162
126,2,2,1,0,1,0,0.,0.,0.,1.,1.,1.,1.,1.,1.,0.136015892,             1919P   3163
0.10328424,0.,0.586681974,0.051338502,0.,0.994071146,               1919P   3164
0.005964215,0.,0.,1.,0.,0.,-1.;                                     1919P   3165
126,3,3,1,0,1,0,3.03053245085809E-007,3.03053245085809E-007,        1921P   3166
3.03053245085809E-007,3.03053245085809E-007,                        1921P   3167
0.000574330569190916,0.000574330569190916,0.000574330569190916,     1921P   3168
0.000574330569190916,1.,1.,1.,1.,0.541421356,3.068303578,           1921P   3169
2.473927133,0.415149461,3.013139155,2.34117078,0.289879504,         1921P   3170
2.957661127,2.207578482,0.166063883,2.901752531,2.072834743,        1921P   3171
3.03053245085809E-007,0.000574330569190916,0.,0.,0.;                1921P   3172
126,1,1,1,0,1,0,0.,0.,1.,1.,1.,1.,0.994071146,0.005964215,0.,       1923P   3173
0.930024254,1.,0.,0.,1.,0.,0.,1.;                                   1923P   3174
110,0.166063883,2.901752531,2.072834743,4.,2.975914897,             1925P   3175
2.078224965;                                                        1925P   3176
126,1,1,1,0,1,0,0.,0.,1.,1.,1.,1.,0.930024254,1.,0.,                1927P   3177
0.530982661,1.,0.,0.,1.,0.,0.,1.;                                   1927P   3178
110,4.,2.975914897,2.078224965,4.,3.050538719,2.265880297;          1929P   3179
102,6,1907,1911,1915,1919,1923,1927;                                1931P   3180
102,6,1909,1913,1917,1921,1925,1929;                                1933P   3181
142,1,1905,1931,1933,1;                                             1935P   3182
144,1905,1,0,1935;                                                  1937P   3183
128,1,1,1,1,0,0,1,0,0,0.,0.,1.,1.,0.,0.,1.,1.,1.,1.,1.,1.,          1939P   3184
0.120487027,2.898998059,2.076014534,0.120487027,3.247380354,        1939P   3185
1.472598698,4.,2.957642832,2.109873109,4.,3.306025127,              1939P   3186
1.506457273,0.,1.,0.,1.;                                            1939P   3187
126,1,1,1,0,1,0,0.,0.,1.,1.,1.,1.,0.052448316,1.,0.,                1941P   3188
0.005928854,0.011748087,0.,0.,1.,0.,0.,1.;                          1941P   3189
110,4.,2.975914897,2.078224965,0.166063883,2.901752531,             1943P   3190
2.072834743;                                                        1943P   3191
126,2,2,1,0,1,0,0.,0.,0.,1.,1.,1.,1.,1.,1.,0.005928854,             1945P   3192
0.011748087,0.,0.5,0.003030499,0.,0.994071146,0.011748087,0.,       1945P   3193
0.,1.,0.,0.,-1.;                                                    1945P   3194
126,3,3,1,0,1,0,1.61799982221745E-005,1.61799982221745E-005,        1947P   3195
1.61799982221745E-005,1.61799982221745E-005,                        1947P   3196
0.000704682467473358,0.000704682467473358,0.000704682467473358,     1947P   3197
0.000704682467473358,1.,1.,1.,1.,0.166063883,2.901752531,           1947P   3198
2.072834743,0.143625276,3.015613815,1.874837878,0.143625276,        1947P   3199
3.131464138,1.674179233,0.166063883,3.246003811,1.476574036,        1947P   3200
1.61799982221745E-005,0.000704682467473358,-0.017452406,            1947P   3201
0.865893504,0.499923848;                                            1947P   3202
126,1,1,1,0,1,0,0.,0.,1.,1.,1.,1.,0.994071146,0.011748087,0.,       1949P   3203
0.947551684,1.,0.,0.,1.,0.,0.,1.;                                   1949P   3204
110,0.166063883,3.246003811,1.476574036,4.,3.287753063,             1951P   3205
1.538105418;                                                        1951P   3206
126,1,1,1,0,1,0,0.,0.,1.,1.,1.,1.,0.947551684,1.,0.,                1953P   3207
0.052448316,1.,0.,0.,1.,0.,0.,1.;                                   1953P   3208
110,4.,3.287753063,1.538105418,4.,2.975914897,2.078224965;          1955P   3209
102,4,1941,1945,1949,1953;                                          1957P   3210
102,4,1943,1947,1951,1955;                                          1959P   3211
142,1,1939,1957,1959,1;                                             1961P   3212
144,1939,1,0,1961;                                                  1963P   3213
128,1,1,1,1,0,0,1,0,0,0.,0.,1.,1.,0.,0.,1.,1.,1.,1.,1.,1.,          1965P   3214
0.143060267,3.242976207,1.476610679,0.143060267,3.743839032,        1965P   3215
1.403417243,4.,3.252711056,1.54322627,4.,3.753573881,               1965P   3216
1.470032835,0.,1.,0.,1.;                                            1965P   3217
126,1,1,1,0,1,0,0.,0.,1.,1.,1.,1.,0.06996328,1.,0.,0.005928854,     1967P   3218
0.005964215,0.,0.,1.,0.,0.,1.;                                      1967P   3219
110,4.,3.287753063,1.538105418,0.166063883,3.246003811,             1969P   3220
1.476574036;                                                        1969P   3221
126,2,2,1,0,1,0,0.,0.,0.,1.,1.,1.,1.,1.,1.,0.005928854,             1971P   3222
0.005964215,0.,0.413238731,0.051338502,0.,0.863817094,              1971P   3223
0.10328424,0.,0.,1.,0.,0.,-1.;                                      1971P   3224
126,3,3,1,0,1,0,9.85729167828134E-006,9.85729167828134E-006,        1973P   3225
9.85729167828134E-006,9.85729167828134E-006,                        1973P   3226
0.000583884801278236,0.000583884801278236,0.000583884801278236,     1973P   3227
0.000583884801278236,1.,1.,1.,1.,0.166063883,3.246003811,           1973P   3228
1.476574036,0.289879504,3.39064961,1.45762043,0.415149461,          1973P   3229
3.534082947,1.438869663,0.541421356,3.676635533,1.420265279,        1973P   3230
9.85729167828134E-006,0.000583884801278236,0.,0.,0.;                1973P   3231
126,4,2,1,0,1,0,0.,0.,0.,0.5,0.5,1.,1.,1.,1.,1.,1.,1.,1.,           1975P   3232
0.863817095,0.10328424,0.,0.925867634,0.110437848,0.,               1975P   3233
0.959576303,0.119779276,0.,0.994461505,0.129446747,0.,              1975P   3234
0.993686984,0.139950967,0.,0.,1.,0.,0.,-1.;                         1975P   3235
126,9,3,1,0,1,0,0.000489481511104177,0.000489481511104177,          1977P   3236
0.000489481511104177,0.000489481511104177,0.000528637796767613,     1977P   3237
0.000528637796767613,0.000528637796767613,0.00058880035442698,      1977P   3238
0.00058880035442698,0.00058880035442698,0.000648937968989862,       1977P   3239
0.000648937968989862,0.000648937968989862,0.000648937968989862,     1977P   3240
1.,1.,1.,1.,1.,1.,1.,1.,1.,1.,0.541421356,3.676635533,              1977P   3241
1.420265279,0.550136327,3.686474157,1.418981251,0.559825624,        1977P   3242
3.695554781,1.41782518,0.570285287,3.703556257,1.4168404,           1977P   3243
0.586231437,3.715754807,1.415339066,0.604333118,3.725641958,        1977P   3244
1.414213532,0.623352638,3.73221505,1.413588489,0.642340047,         1977P   3245
3.738777046,1.4129645,0.662747688,3.742181171,1.412827039,          1977P   3246
0.682842712,3.742039478,1.413202231,0.000489481511104177,           1977P   3247
0.000648937968989862,0.,0.,0.;                                      1977P   3248
126,1,1,1,0,1,0,0.,0.,1.,1.,1.,1.,0.993686984,0.139950967,0.,       1979P   3249
0.932992939,0.948145417,0.,0.,1.,0.,0.,1.;                          1979P   3250
126,3,3,1,0,0,0,0.,0.,0.,0.,1.,1.,1.,1.,1.,0.99997966465909,        1981P   3251
0.99997966465909,1.,0.682842712,3.742039478,1.413202231,            1981P   3252
1.726467077,3.734680713,1.432687616,2.765540636,3.72716998,         1981P   3253
1.45211493,3.8,3.719507738,1.471482988,0.,1.,0.,0.,0.;              1981P   3254
126,2,2,1,0,1,0,0.,0.,0.,1.,1.,1.,1.,1.,1.,0.932992939,             1983P   3255
0.948145417,0.,0.695064975,0.974981668,0.,0.468927202,1.,0.,0.,     1983P   3256
1.,0.,0.,-1.;                                                       1983P   3257
126,3,3,1,0,1,0,3.06861375435094E-007,3.06861375435094E-007,        1985P   3258
3.06861375435094E-007,3.06861375435094E-007,                        1985P   3259
0.00030883747973673,0.00030883747973673,0.00030883747973673,        1985P   3260
0.00030883747973673,1.,1.,1.,1.,3.8,3.719507738,1.471482988,        1985P   3261
3.867028258,3.642505312,1.483918123,3.933718438,3.565212653,        1985P   3262
1.496389708,4.,3.487579259,1.508903877,3.06861375435094E-007,       1985P   3263
0.00030883747973673,0.,0.,0.;                                       1985P   3264
126,1,1,1,0,1,0,0.,0.,1.,1.,1.,1.,0.468927202,1.,0.,0.06996328,     1987P   3265
1.,0.,0.,1.,0.,0.,1.;                                               1987P   3266
110,4.,3.487579259,1.508903877,4.,3.287753063,1.538105418;          1989P   3267
102,6,1967,1971,1975,1979,1983,1987;                                1991P   3268
102,6,1969,1973,1977,1981,1985,1989;                                1993P   3269
142,1,1965,1991,1993,1;                                             1995P   3270
144,1965,1,0,1995;                                                  1997P   3271
128,1,1,1,1,0,0,1,0,0,0.,0.,1.,1.,0.,0.,1.,1.,1.,1.,1.,1.,          1999P   3272
0.143060267,1.403433097,3.743730544,0.143060267,1.476610585,        1999P   3273
3.242976854,4.,1.470048689,3.753465393,4.,1.543226176,              1999P   3274
3.252711703,0.,1.,0.,1.;                                            1999P   3275
126,2,2,1,0,1,0,0.,0.,0.,1.,1.,1.,1.,1.,1.,0.530971892,1.,0.,       2001P   3276
0.304784833,0.974981668,0.,0.066805015,0.948145417,0.,0.,1.,0.,     2001P   3277
0.,-1.;                                                             2001P   3278
126,3,3,1,0,1,0,3.10321405701598E-007,3.10321405701598E-007,        2003P   3279
3.10321405701598E-007,3.10321405701598E-007,                        2003P   3280
0.000308840939766994,0.000308840939766994,0.000308840939766994,     2003P   3281
0.000308840939766994,1.,1.,1.,1.,4.,1.508903877,3.487579259,        2003P   3282
3.933718438,1.496389708,3.565212653,3.867028258,1.483918123,        2003P   3283
3.642505312,3.8,1.471482988,3.719507738,3.10321405701598E-007,      2003P   3284
0.000308840939766994,0.,0.,0.;                                      2003P   3285
126,1,1,1,0,1,0,0.,0.,1.,1.,1.,1.,0.066805015,0.948145417,0.,       2005P   3286
0.006097743,0.139950967,0.,0.,1.,0.,0.,1.;                          2005P   3287
126,3,3,1,0,0,0,0.,0.,0.,0.,1.,1.,1.,1.,1.,0.99997966465909,        2007P   3288
0.99997966465909,1.,3.8,1.471482988,3.719507738,2.765540636,        2007P   3289
1.45211493,3.72716998,1.726467077,1.432687616,3.734680713,          2007P   3290
0.682842712,1.413202231,3.742039478,0.,1.,0.,0.,0.;                 2007P   3291
126,4,2,1,0,1,0,0.,0.,0.,0.5,0.5,1.,1.,1.,1.,1.,1.,1.,1.,           2009P   3292
0.006097743,0.139950967,0.,0.005321352,0.129423677,0.,              2009P   3293
0.040363166,0.119738512,0.,0.074072438,0.110421647,0.,              2009P   3294
0.135995936,0.10328424,0.,0.,1.,0.,0.,-1.;                          2009P   3295
126,9,3,1,0,1,0,2.71172577272672E-005,2.71172577272672E-005,        2011P   3296
2.71172577272672E-005,2.71172577272672E-005,                        2011P   3297
5.30848615525875E-005,5.30848615525875E-005,                        2011P   3298
5.30848615525875E-005,0.000120737724382437,                         2011P   3299
0.000120737724382437,0.000120737724382437,0.000185333027351577,     2011P   3300
0.000185333027351577,0.000185333027351577,0.000185333027351577,     2011P   3301
1.,1.,1.,1.,1.,1.,1.,1.,1.,1.,0.682842712,1.413202231,              2011P   3302
3.742039478,0.674010277,1.413037322,3.742101757,0.665146224,        2011P   3303
1.412969237,3.741497648,0.656402089,1.412998803,3.740239792,        2011P   3304
0.633809244,1.413075194,3.73698978,0.611508351,1.413827581,         2011P   3305
3.729149176,0.591733423,1.41513369,3.717824364,0.572897824,         2011P   3306
1.416377757,3.707037492,0.555769005,1.418151355,3.692833077,        2011P   3307
0.541421356,1.420265279,3.676635533,2.71172577272672E-005,          2011P   3308
0.000185333027351577,0.,0.,0.;                                      2011P   3309
126,2,2,1,0,1,0,0.,0.,0.,1.,1.,1.,1.,1.,1.,0.135995936,             2013P   3310
0.10328424,0.,0.586672499,0.051338502,0.,0.994071146,               2013P   3311
0.005964215,0.,0.,1.,0.,0.,-1.;                                     2013P   3312
126,3,3,1,0,1,0,3.03052928759142E-007,3.03052928759142E-007,        2015P   3313
3.03052928759142E-007,3.03052928759142E-007,                        2015P   3314
0.00057433056252839,0.00057433056252839,0.00057433056252839,        2015P   3315
0.00057433056252839,1.,1.,1.,1.,0.541421356,1.420265279,            2015P   3316
3.676635533,0.415149461,1.438869663,3.534082947,0.289879504,        2015P   3317
1.45762043,3.39064961,0.166063883,1.476574036,3.246003811,          2015P   3318
3.03052928759142E-007,0.00057433056252839,0.,0.,0.;                 2015P   3319
126,1,1,1,0,1,0,0.,0.,1.,1.,1.,1.,0.994071146,0.005964215,0.,       2017P   3320
0.930022764,1.,0.,0.,1.,0.,0.,1.;                                   2017P   3321
110,0.166063883,1.476574036,3.246003811,4.,1.538105418,             2019P   3322
3.287753063;                                                        2019P   3323
126,1,1,1,0,1,0,0.,0.,1.,1.,1.,1.,0.930022764,1.,0.,                2021P   3324
0.530971892,1.,0.,0.,1.,0.,0.,1.;                                   2021P   3325
110,4.,1.538105418,3.287753063,4.,1.508903877,3.487579259;          2023P   3326
102,6,2001,2005,2009,2013,2017,2021;                                2025P   3327
102,6,2003,2007,2011,2015,2019,2023;                                2027P   3328
142,1,1999,2025,2027,1;                                             2029P   3329
144,1999,1,0,2029;                                                  2031P   3330
128,1,1,1,1,0,0,1,0,0,0.,0.,1.,1.,0.,0.,1.,1.,1.,1.,1.,1.,          2033P   3331
0.120487027,1.472598698,3.247380354,0.120487027,2.076014534,        2033P   3332
2.898998059,4.,1.506457273,3.306025127,4.,2.109873109,              2033P   3333
2.957642832,0.,1.,0.,1.;                                            2033P   3334
126,1,1,1,0,1,0,0.,0.,1.,1.,1.,1.,0.052448316,1.,0.,                2035P   3335
0.005928854,0.011748087,0.,0.,1.,0.,0.,1.;                          2035P   3336
110,4.,1.538105418,3.287753063,0.166063883,1.476574036,             2037P   3337
3.246003811;                                                        2037P   3338
126,2,2,1,0,1,0,0.,0.,0.,1.,1.,1.,1.,1.,1.,0.005928854,             2039P   3339
0.011748087,0.,0.5,0.003030499,0.,0.994071146,0.011748087,0.,       2039P   3340
0.,1.,0.,0.,-1.;                                                    2039P   3341
126,3,3,1,0,1,0,1.25864445744769E-005,1.25864445744769E-005,        2041P   3342
1.25864445744769E-005,1.25864445744769E-005,                        2041P   3343
0.000701088913825658,0.000701088913825658,0.000701088913825658,     2041P   3344
0.000701088913825658,1.,1.,1.,1.,0.166063883,1.476574036,           2041P   3345
3.246003811,0.143625276,1.674179233,3.131464138,0.143625276,        2041P   3346
1.874837878,3.015613815,0.166063883,2.072834743,2.901752531,        2041P   3347
1.25864445744769E-005,0.000701088913825658,-0.017452406,            2041P   3348
0.499923848,0.865893504;                                            2041P   3349
126,1,1,1,0,1,0,0.,0.,1.,1.,1.,1.,0.994071146,0.011748087,0.,       2043P   3350
0.947551684,1.,0.,0.,1.,0.,0.,1.;                                   2043P   3351
110,0.166063883,2.072834743,2.901752531,4.,2.078224965,             2045P   3352
2.975914897;                                                        2045P   3353
126,1,1,1,0,1,0,0.,0.,1.,1.,1.,1.,0.947551684,1.,0.,                2047P   3354
0.052448316,1.,0.,0.,1.,0.,0.,1.;                                   2047P   3355
110,4.,2.078224965,2.975914897,4.,1.538105418,3.287753063;          2049P   3356
102,4,2035,2039,2043,2047;                                          2051P   3357
102,4,2037,2041,2045,2049;                                          2053P   3358
142,1,2033,2051,2053,1;                                             2055P   3359
144,2033,1,0,2055;                                                  2057P   3360
128,1,1,1,1,0,0,1,0,0,0.,0.,1.,1.,0.,0.,1.,1.,1.,1.,1.,1.,          2059P   3361
0.143060267,2.07019444,2.900270463,0.143060267,2.540551087,         2059P   3362
3.087314501,4.,2.045317271,2.962828682,4.,2.515673918,              2059P   3363
3.14987272,0.,1.,0.,1.;                                             2059P   3364
126,1,1,1,0,1,0,0.,0.,1.,1.,1.,1.,0.06996328,1.,0.,0.005928854,     2061P   3365
0.005964215,0.,0.,1.,0.,0.,1.;                                      2061P   3366
110,4.,2.078224965,2.975914897,0.166063883,2.072834743,             2063P   3367
2.901752531;                                                        2063P   3368
126,2,2,1,0,1,0,0.,0.,0.,1.,1.,1.,1.,1.,1.,0.005928854,             2065P   3369
0.005964215,0.,0.413238731,0.051338502,0.,0.863817094,              2065P   3370
0.10328424,0.,0.,1.,0.,0.,-1.;                                      2065P   3371
126,3,3,1,0,1,0,1.61368728333617E-006,1.61368728333617E-006,        2067P   3372
1.61368728333617E-006,1.61368728333617E-006,                        2067P   3373
0.000575641203228919,0.000575641203228919,0.000575641203228919,     2067P   3374
0.000575641203228919,1.,1.,1.,1.,0.166063883,2.072834743,           2067P   3375
2.901752531,0.289879504,2.207578482,2.957661127,0.415149461,        2067P   3376
2.34117078,3.013139155,0.541421356,2.473927133,3.068303578,         2067P   3377
1.61368728333617E-006,0.000575641203228919,0.,0.,0.;                2067P   3378
126,4,2,1,0,1,0,0.,0.,0.,0.5,0.5,1.,1.,1.,1.,1.,1.,1.,1.,           2069P   3379
0.863817095,0.10328424,0.,0.925867634,0.110437848,0.,               2069P   3380
0.959576303,0.119779276,0.,0.994461505,0.129446747,0.,              2069P   3381
0.993686984,0.139950967,0.,0.,1.,0.,0.,-1.;                         2069P   3382
126,9,3,1,0,1,0,3.01927834898982E-007,3.01927834898982E-007,        2071P   3383
3.01927834898982E-007,3.01927834898982E-007,                        2071P   3384
3.99198634684704E-005,3.99198634684704E-005,                        2071P   3385
3.99198634684704E-005,0.000100791733629814,                         2071P   3386
0.000100791733629814,0.000100791733629814,0.000161638366617348,     2071P   3387
0.000161638366617348,0.000161638366617348,0.000161638366617348,     2071P   3388
1.,1.,1.,1.,1.,1.,1.,1.,1.,1.,0.541421356,2.473927133,              2071P   3389
3.068303578,0.550136327,2.483089645,3.072110889,0.559825624,        2071P   3390
2.491531732,3.075650015,0.570285287,2.498953603,3.078797908,        2071P   3391
0.586231437,2.510268524,3.08359699,0.604333118,2.519393815,         2071P   3392
3.087565824,0.623352638,2.525398802,3.090311067,0.642340047,        2071P   3393
2.531393651,3.093051675,0.662747688,2.53441044,3.094634693,         2071P   3394
0.682842712,2.534100134,3.094888772,3.01927834898982E-007,          2071P   3395
0.000161638366617348,0.,0.,0.;                                      2071P   3396
126,1,1,1,0,1,0,0.,0.,1.,1.,1.,1.,0.993686984,0.139950967,0.,       2073P   3397
0.932992939,0.948145417,0.,0.,1.,0.,0.,1.;                          2073P   3398
126,3,3,1,0,0,0,0.,0.,0.,0.,1.,1.,1.,1.,1.,0.99997966465909,        2075P   3399
0.99997966465909,1.,0.682842712,2.534100134,3.094888772,            2075P   3400
1.726467077,2.517984565,3.108084227,2.765540636,2.501766422,        2075P   3401
3.121153409,3.8,2.485446697,3.134095518,0.,1.,0.,0.,0.;             2075P   3402
126,2,2,1,0,1,0,0.,0.,0.,1.,1.,1.,1.,1.,1.,0.932992939,             2077P   3403
0.948145417,0.,0.695064975,0.974981668,0.,0.468927202,1.,0.,0.,     2077P   3404
1.,0.,0.,-1.;                                                       2077P   3405
126,3,3,1,0,1,0,3.06861375434182E-007,3.06861375434182E-007,        2079P   3406
3.06861375434182E-007,3.06861375434182E-007,                        2079P   3407
0.000308837479736732,0.000308837479736732,0.000308837479736732,     2079P   3408
0.000308837479736732,1.,1.,1.,1.,3.8,2.485446697,3.134095518,       2079P   3409
3.867028258,2.412543072,3.106363448,3.933718438,2.339369873,        2079P   3410
3.078517827,4.,2.265880297,3.050538719,3.06861375434182E-007,       2079P   3411
0.000308837479736732,0.,0.,0.;                                      2079P   3412
126,1,1,1,0,1,0,0.,0.,1.,1.,1.,1.,0.468927202,1.,0.,0.06996328,     2081P   3413
1.,0.,0.,1.,0.,0.,1.;                                               2081P   3414
110,4.,2.265880297,3.050538719,4.,2.078224965,2.975914897;          2083P   3415
102,6,2061,2065,2069,2073,2077,2081;                                2085P   3416
102,6,2063,2067,2071,2075,2079,2083;                                2087P   3417
142,1,2059,2085,2087,1;                                             2089P   3418
144,2059,1,0,2089;                                                  2091P   3419
128,1,1,1,1,0,0,1,0,0,0.,0.,1.,1.,0.,0.,1.,1.,1.,1.,1.,1.,          2093P   3420
0.143060267,-0.656463811,3.943891484,0.143060267,-0.342706106,      2093P   3421
3.546805577,4.,-0.603640441,3.985629906,4.,-0.289882736,            2093P   3422
3.588544,0.,1.,0.,1.;                                               2093P   3423
126,2,2,1,0,1,0,0.,0.,0.,1.,1.,1.,1.,1.,1.,0.530982661,1.,0.,       2095P   3424
0.304800863,0.974981668,0.,0.06682658,0.948145417,0.,0.,1.,0.,      2095P   3425
0.,-1.;                                                             2095P   3426
126,3,3,1,0,1,0,3.1032140570212E-007,3.1032140570212E-007,          2097P   3427
3.1032140570212E-007,3.1032140570212E-007,0.000308840939767,        2097P   3428
0.000308840939767,0.000308840939767,0.000308840939767,1.,1.,1.,     2097P   3429
1.,4.,-0.43704054,3.774784175,3.933718438,-0.486694825,             2097P   3430
3.835759581,3.867028258,-0.536141864,3.896461195,3.8,               2097P   3431
-0.58541222,3.956929685,3.1032140570212E-007,0.000308840939767,     2097P   3432
0.,0.,0.;                                                           2097P   3433
126,1,1,1,0,1,0,0.,0.,1.,1.,1.,1.,0.06682658,0.948145417,0.,        2099P   3434
0.006120719,0.139950967,0.,0.,1.,0.,0.,1.;                          2099P   3435
126,3,3,1,0,0,0,0.,0.,0.,0.,1.,1.,1.,1.,1.,0.99997966465909,        2101P   3436
0.99997966465909,1.,3.8,-0.58541222,3.956929685,2.765540636,        2101P   3437
-0.606016572,3.953881352,1.726467077,-0.626596486,3.95067218,       2101P   3438
0.682842712,-0.647150706,3.947302365,0.,1.,0.,0.,0.;                2101P   3439
126,4,2,1,0,1,0,0.,0.,0.,0.5,0.5,1.,1.,1.,1.,1.,1.,1.,1.,           2103P   3440
0.006120719,0.139950967,0.,0.005344978,0.129432242,0.,              2103P   3441
0.040330626,0.119753643,0.,0.074041656,0.110427661,0.,              2103P   3442
0.136015892,0.10328424,0.,0.,1.,0.,0.,-1.;                          2103P   3443
126,9,3,1,0,1,0,1.99299454139678E-007,1.99299454139678E-007,        2105P   3444
1.99299454139678E-007,1.99299454139678E-007,                        2105P   3445
3.03081096257322E-005,3.03081096257322E-005,                        2105P   3446
3.03081096257322E-005,9.6502570104946E-005,                         2105P   3447
9.6502570104946E-005,9.6502570104946E-005,0.000162035424546305,     2105P   3448
0.000162035424546305,0.000162035424546305,0.000162035424546305,     2105P   3449
1.,1.,1.,1.,1.,1.,1.,1.,1.,1.,0.682842712,-0.647150706,             2105P   3450
3.947302365,0.672808439,-0.647348331,3.947269965,0.662729074,       2105P   3451
-0.647006692,3.946553811,0.652826423,-0.646136056,3.945173145,      2105P   3452
0.631340162,-0.644246995,3.942177447,0.610217766,-0.639754339,      2105P   3453
3.935896933,0.591375741,-0.633247255,3.927131199,0.572681406,       2105P   3454
-0.626791176,3.918434173,0.555679384,-0.618199415,3.907081914,      2105P   3455
0.541421356,-0.608331955,3.894192412,1.99299454139678E-007,         2105P   3456
0.000162035424546305,0.,0.,0.;                                      2105P   3457
126,2,2,1,0,1,0,0.,0.,0.,1.,1.,1.,1.,1.,1.,0.136015892,             2107P   3458
0.10328424,0.,0.586681974,0.051338502,0.,0.994071146,               2107P   3459
0.005964215,0.,0.,1.,0.,0.,-1.;                                     2107P   3460
126,3,3,1,0,1,0,3.03052549613562E-007,3.03052549613562E-007,        2109P   3461
3.03052549613562E-007,3.03052549613562E-007,                        2109P   3462
0.000574330542374429,0.000574330542374429,0.000574330542374429,     2109P   3463
0.000574330542374429,1.,1.,1.,1.,0.541421356,-0.608331955,          2109P   3464
3.894192412,0.415149461,-0.520943793,3.780040443,0.289879504,       2109P   3465
-0.432988483,3.665198913,0.166063883,-0.34425128,3.549408779,       2109P   3466
3.03052549613562E-007,0.000574330542374429,0.,0.,0.;                2109P   3467
126,1,1,1,0,1,0,0.,0.,1.,1.,1.,1.,0.994071146,0.005964215,0.,       2111P   3468
0.930024254,1.,0.,0.,1.,0.,0.,1.;                                   2111P   3469
110,0.166063883,-0.34425128,3.549408779,4.,-0.311838166,            2113P   3470
3.616330382;                                                        2113P   3471
126,1,1,1,0,1,0,0.,0.,1.,1.,1.,1.,0.930024254,1.,0.,                2115P   3472
0.530982661,1.,0.,0.,1.,0.,0.,1.;                                   2115P   3473
110,4.,-0.311838166,3.616330382,4.,-0.43704054,3.774784175;         2117P   3474
102,6,2095,2099,2103,2107,2111,2115;                                2119P   3475
102,6,2097,2101,2105,2109,2113,2117;                                2121P   3476
142,1,2093,2119,2121,1;                                             2123P   3477
144,2093,1,0,2123;                                                  2125P   3478
128,1,1,1,1,0,0,1,0,0,0.,0.,1.,1.,0.,0.,1.,1.,1.,1.,1.,1.,4.,       2127P   3479
-0.348382295,3.616330382,0.120487027,-0.348382295,3.548613232,      2127P   3480
4.,0.348382295,3.616330382,0.120487027,0.348382295,3.548613232,     2127P   3481
0.,1.,0.,1.;                                                        2127P   3482
126,1,1,1,0,1,0,0.,0.,1.,1.,1.,1.,0.,0.052448316,0.,                2129P   3483
0.988251913,0.005928854,0.,0.,1.,0.,0.,1.;                          2129P   3484
110,4.,-0.311838166,3.616330382,0.166063883,-0.34425128,            2131P   3485
3.549408779;                                                        2131P   3486
126,2,2,1,0,1,0,0.,0.,0.,1.,1.,1.,1.,1.,1.,0.988251913,             2133P   3487
0.005928854,0.,0.992621272,0.253563205,0.,0.992621272,0.5,0.,       2133P   3488
0.,1.,0.,0.,-1.;                                                    2133P   3489
126,3,3,1,0,1,0,5.83108092530539E-006,5.83108092530539E-006,        2135P   3490
5.83108092530539E-006,5.83108092530539E-006,                        2135P   3491
0.000350082360746582,0.000350082360746582,0.000350082360746582,     2135P   3492
0.000350082360746582,1.,1.,1.,1.,0.166063883,-0.34425128,           2135P   3493
3.549408779,0.154830982,-0.229912398,3.549212707,0.149112898,       2135P   3494
-0.114889496,3.549112898,0.149112898,0.,3.549112898,                2135P   3495
5.83108092530539E-006,0.000350082360746582,0.,0.,0.;                2135P   3496
126,2,2,1,0,1,0,0.,0.,0.,1.,1.,1.,1.,1.,1.,0.992621272,0.5,0.,      2137P   3497
0.992621272,0.746436795,0.,0.988251913,0.994071146,0.,0.,1.,0.,     2137P   3498
0.,-1.;                                                             2137P   3499
126,3,3,1,0,1,0,0.000350082360746582,0.000350082360746582,          2139P   3500
0.000350082360746582,0.000350082360746582,0.00069433364056767,      2139P   3501
0.00069433364056767,0.00069433364056767,0.00069433364056767,1.,     2139P   3502
1.,1.,1.,0.149112898,0.,3.549112898,0.149112898,0.114889496,        2139P   3503
3.549112898,0.154830982,0.229912398,3.549212707,0.166063883,        2139P   3504
0.34425128,3.549408779,0.000350082360746582,                        2139P   3505
0.00069433364056767,0.,0.,0.;                                       2139P   3506
126,1,1,1,0,1,0,0.,0.,1.,1.,1.,1.,0.988251913,0.994071146,0.,       2141P   3507
0.,0.947551684,0.,0.,1.,0.,0.,1.;                                   2141P   3508
110,0.166063883,0.34425128,3.549408779,4.,0.311838166,              2143P   3509
3.616330382;                                                        2143P   3510
126,1,1,1,0,1,0,0.,0.,1.,1.,1.,1.,0.,0.947551684,0.,0.,             2145P   3511
0.052448316,0.,0.,1.,0.,0.,1.;                                      2145P   3512
110,4.,0.311838166,3.616330382,4.,-0.311838166,3.616330382;         2147P   3513
102,5,2129,2133,2137,2141,2145;                                     2149P   3514
102,5,2131,2135,2139,2143,2147;                                     2151P   3515
142,1,2127,2149,2151,1;                                             2153P   3516
144,2127,1,0,2153;                                                  2155P   3517
128,1,1,1,1,0,0,1,0,0,0.,0.,1.,1.,0.,0.,1.,1.,1.,1.,1.,1.,          2157P   3518
0.143060267,0.342705744,3.546805119,0.143060267,0.656524531,        2157P   3519
3.943968331,4.,0.289882374,3.588543541,4.,0.603701161,              2157P   3520
3.985706753,0.,1.,0.,1.;                                            2157P   3521
126,1,1,1,0,1,0,0.,0.,1.,1.,1.,1.,0.06996328,1.,0.,0.005928854,     2159P   3522
0.005964215,0.,0.,1.,0.,0.,1.;                                      2159P   3523
110,4.,0.311838166,3.616330382,0.166063883,0.34425128,              2161P   3524
3.549408779;                                                        2161P   3525
126,2,2,1,0,1,0,0.,0.,0.,1.,1.,1.,1.,1.,1.,0.005928854,             2163P   3526
0.005964215,0.,0.413238731,0.051338502,0.,0.863817094,              2163P   3527
0.10328424,0.,0.,1.,0.,0.,-1.;                                      2163P   3528
126,3,3,1,0,1,0,1.95363622532308E-005,1.95363622532308E-005,        2165P   3529
1.95363622532308E-005,1.95363622532308E-005,                        2165P   3530
0.000593563852078059,0.000593563852078059,0.000593563852078059,     2165P   3531
0.000593563852078059,1.,1.,1.,1.,0.166063883,0.34425128,            2165P   3532
3.549408779,0.289879504,0.432988483,3.665198913,0.415149461,        2165P   3533
0.520943793,3.780040443,0.541421356,0.608331955,3.894192412,        2165P   3534
1.95363622532308E-005,0.000593563852078059,0.,0.,0.;                2165P   3535
126,4,2,1,0,1,0,0.,0.,0.,0.5,0.5,1.,1.,1.,1.,1.,1.,1.,1.,           2167P   3536
0.863817095,0.10328424,0.,0.925867634,0.110437848,0.,               2167P   3537
0.959576303,0.119779276,0.,0.994461505,0.129446747,0.,              2167P   3538
0.993686984,0.139950967,0.,0.,1.,0.,0.,-1.;                         2167P   3539
126,9,3,1,0,1,0,3.01927834899E-007,3.01927834899E-007,              2169P   3540
3.01927834899E-007,3.01927834899E-007,3.99198634685115E-005,        2169P   3541
3.99198634685115E-005,3.99198634685115E-005,                        2169P   3542
0.000100791733629852,0.000100791733629852,0.000100791733629852,     2169P   3543
0.000161638366617348,0.000161638366617348,0.000161638366617348,     2169P   3544
0.000161638366617348,1.,1.,1.,1.,1.,1.,1.,1.,1.,1.,0.541421356,     2169P   3545
0.608331955,3.894192412,0.550136327,0.614363268,3.902070896,        2169P   3546
0.559825624,0.619904767,3.909356912,0.570285287,0.624758349,        2169P   3547
3.915794003,0.586231437,0.632157817,3.92560759,0.604333118,         2169P   3548
0.638076133,3.933607347,0.623352638,0.641903984,3.93898729,         2169P   3549
0.642340047,0.645725371,3.944358151,0.662747688,0.647546478,        2169P   3550
3.947237479,0.682842712,0.647150706,3.947302365,                    2169P   3551
3.01927834899E-007,0.000161638366617348,0.,0.,0.;                   2169P   3552
126,1,1,1,0,1,0,0.,0.,1.,1.,1.,1.,0.993686984,0.139950967,0.,       2171P   3553
0.932992939,0.948145417,0.,0.,1.,0.,0.,1.;                          2171P   3554
126,3,3,1,0,0,0,0.,0.,0.,0.,1.,1.,1.,1.,1.,0.99997966465909,        2173P   3555
0.99997966465909,1.,0.682842712,0.647150706,3.947302365,            2173P   3556
1.726467077,0.626596486,3.95067218,2.765540636,0.606016572,         2173P   3557
3.953881352,3.8,0.58541222,3.956929685,0.,1.,0.,0.,0.;              2173P   3558
126,2,2,1,0,1,0,0.,0.,0.,1.,1.,1.,1.,1.,1.,0.932992939,             2175P   3559
0.948145417,0.,0.695064975,0.974981668,0.,0.468927202,1.,0.,0.,     2175P   3560
1.,0.,0.,-1.;                                                       2175P   3561
126,3,3,1,0,1,0,3.0686137542952E-007,3.0686137542952E-007,          2177P   3562
3.0686137542952E-007,3.0686137542952E-007,0.000308837479736733,     2177P   3563
0.000308837479736733,0.000308837479736733,0.000308837479736733,     2177P   3564
1.,1.,1.,1.,3.8,0.58541222,3.956929685,3.867028258,0.536141864,     2177P   3565
3.896461195,3.933718438,0.486694825,3.835759581,4.,0.43704054,      2177P   3566
3.774784175,3.0686137542952E-007,0.000308837479736733,0.,0.,0.;     2177P   3567
126,1,1,1,0,1,0,0.,0.,1.,1.,1.,1.,0.468927202,1.,0.,0.06996328,     2179P   3568
1.,0.,0.,1.,0.,0.,1.;                                               2179P   3569
110,4.,0.43704054,3.774784175,4.,0.311838166,3.616330382;           2181P   3570
102,6,2159,2163,2167,2171,2175,2179;                                2183P   3571
102,6,2161,2165,2169,2173,2177,2181;                                2185P   3572
142,1,2157,2183,2185,1;                                             2187P   3573
144,2157,1,0,2187;                                                  2189P   3574
128,1,1,1,1,0,0,1,0,0,0.,0.,1.,1.,0.,0.,1.,1.,1.,1.,1.,1.,          2191P   3575
0.143060267,-2.540460079,3.08727831,0.143060267,-2.070194983,       2191P   3576
2.900270679,4.,-2.51558291,3.149836529,4.,-2.045317814,             2191P   3577
2.962828898,0.,1.,0.,1.;                                            2191P   3578
126,2,2,1,0,1,0,0.,0.,0.,1.,1.,1.,1.,1.,1.,0.530982661,1.,0.,       2193P   3579
0.304800863,0.974981668,0.,0.06682658,0.948145417,0.,0.,1.,0.,      2193P   3580
0.,-1.;                                                             2193P   3581
126,3,3,1,0,1,0,3.10321405701273E-007,3.10321405701273E-007,        2195P   3582
3.10321405701273E-007,3.10321405701273E-007,0.000308840939767,      2195P   3583
0.000308840939767,0.000308840939767,0.000308840939767,1.,1.,1.,     2195P   3584
1.,4.,-2.265880297,3.050538719,3.933718438,-2.339369873,            2195P   3585
3.078517827,3.867028258,-2.412543072,3.106363448,3.8,               2195P   3586
-2.485446697,3.134095518,3.10321405701273E-007,                     2195P   3587
0.000308840939767,0.,0.,0.;                                         2195P   3588
126,1,1,1,0,1,0,0.,0.,1.,1.,1.,1.,0.06682658,0.948145417,0.,        2197P   3589
0.006120719,0.139950967,0.,0.,1.,0.,0.,1.;                          2197P   3590
126,3,3,1,0,0,0,0.,0.,0.,0.,1.,1.,1.,1.,1.,0.99997966465909,        2199P   3591
0.99997966465909,1.,3.8,-2.485446697,3.134095518,2.765540636,       2199P   3592
-2.501766422,3.121153409,1.726467077,-2.517984565,3.108084227,      2199P   3593
0.682842712,-2.534100134,3.094888772,0.,1.,0.,0.,0.;                2199P   3594
126,4,2,1,0,1,0,0.,0.,0.,0.5,0.5,1.,1.,1.,1.,1.,1.,1.,1.,           2201P   3595
0.006120719,0.139950967,0.,0.005344978,0.129432242,0.,              2201P   3596
0.040330626,0.119753643,0.,0.074041656,0.110427661,0.,              2201P   3597
0.136015892,0.10328424,0.,0.,1.,0.,0.,-1.;                          2201P   3598
126,9,3,1,0,1,0,1.99299454350528E-007,1.99299454350528E-007,        2203P   3599
1.99299454350528E-007,1.99299454350528E-007,                        2203P   3600
3.03081096280041E-005,3.03081096280041E-005,                        2203P   3601
3.03081096280041E-005,9.65025701074778E-005,                        2203P   3602
9.65025701074778E-005,9.65025701074778E-005,                        2203P   3603
0.000162035424546451,0.000162035424546451,0.000162035424546451,     2203P   3604
0.000162035424546451,1.,1.,1.,1.,1.,1.,1.,1.,1.,1.,0.682842712,     2203P   3605
-2.534100134,3.094888772,0.672808439,-2.534255083,3.0947619,        2203P   3606
0.662729074,-2.533601137,3.094312512,0.652826423,-2.532156811,      2203P   3607
3.093552138,0.631340162,-2.529022987,3.091902318,0.610217766,       2203P   3608
-2.521991977,3.088709561,0.591375741,-2.511973809,3.084371754,      2203P   3609
0.572681406,-2.502034167,3.080067949,0.555679384,-2.488917355,      2203P   3610
3.074532485,0.541421356,-2.473927133,3.068303578,                   2203P   3611
1.99299454350528E-007,0.000162035424546451,0.,0.,0.;                2203P   3612
126,2,2,1,0,1,0,0.,0.,0.,1.,1.,1.,1.,1.,1.,0.136015892,             2205P   3613
0.10328424,0.,0.586681974,0.051338502,0.,0.994071146,               2205P   3614
0.005964215,0.,0.,1.,0.,0.,-1.;                                     2205P   3615
126,3,3,1,0,1,0,3.03053245112002E-007,3.03053245112002E-007,        2207P   3616
3.03053245112002E-007,3.03053245112002E-007,                        2207P   3617
0.000574330569190301,0.000574330569190301,0.000574330569190301,     2207P   3618
0.000574330569190301,1.,1.,1.,1.,0.541421356,-2.473927133,          2207P   3619
3.068303578,0.415149461,-2.34117078,3.013139155,0.289879504,        2207P   3620
-2.207578482,2.957661127,0.166063883,-2.072834743,2.901752531,      2207P   3621
3.03053245112002E-007,0.000574330569190301,0.,0.,0.;                2207P   3622
126,1,1,1,0,1,0,0.,0.,1.,1.,1.,1.,0.994071146,0.005964215,0.,       2209P   3623
0.930024254,1.,0.,0.,1.,0.,0.,1.;                                   2209P   3624
110,0.166063883,-2.072834743,2.901752531,4.,-2.078224965,           2211P   3625
2.975914897;                                                        2211P   3626
126,1,1,1,0,1,0,0.,0.,1.,1.,1.,1.,0.930024254,1.,0.,                2213P   3627
0.530982661,1.,0.,0.,1.,0.,0.,1.;                                   2213P   3628
110,4.,-2.078224965,2.975914897,4.,-2.265880297,3.050538719;        2215P   3629
102,6,2193,2197,2201,2205,2209,2213;                                2217P   3630
102,6,2195,2199,2203,2207,2211,2215;                                2219P   3631
142,1,2191,2217,2219,1;                                             2221P   3632
144,2191,1,0,2221;                                                  2223P   3633
128,1,1,1,1,0,0,1,0,0,0.,0.,1.,1.,0.,0.,1.,1.,1.,1.,1.,1.,          2225P   3634
0.120487027,-2.076014534,2.898998059,0.120487027,-1.472598698,      2225P   3635
3.247380354,4.,-2.109873109,2.957642832,4.,-1.506457273,            2225P   3636
3.306025127,0.,1.,0.,1.;                                            2225P   3637
126,1,1,1,0,1,0,0.,0.,1.,1.,1.,1.,0.052448316,1.,0.,                2227P   3638
0.005928854,0.011748087,0.,0.,1.,0.,0.,1.;                          2227P   3639
110,4.,-2.078224965,2.975914897,0.166063883,-2.072834743,           2229P   3640
2.901752531;                                                        2229P   3641
126,2,2,1,0,1,0,0.,0.,0.,1.,1.,1.,1.,1.,1.,0.005928854,             2231P   3642
0.011748087,0.,0.5,0.003030499,0.,0.994071146,0.011748087,0.,       2231P   3643
0.,1.,0.,0.,-1.;                                                    2231P   3644
126,3,3,1,0,1,0,1.61799982221738E-005,1.61799982221738E-005,        2233P   3645
1.61799982221738E-005,1.61799982221738E-005,                        2233P   3646
0.000704682467473351,0.000704682467473351,0.000704682467473351,     2233P   3647
0.000704682467473351,1.,1.,1.,1.,0.166063883,-2.072834743,          2233P   3648
2.901752531,0.143625276,-1.874837878,3.015613815,0.143625276,       2233P   3649
-1.674179233,3.131464138,0.166063883,-1.476574036,3.246003811,      2233P   3650
1.61799982221738E-005,0.000704682467473351,-0.017452406,            2233P   3651
-0.499923848,0.865893504;                                           2233P   3652
126,1,1,1,0,1,0,0.,0.,1.,1.,1.,1.,0.994071146,0.011748087,0.,       2235P   3653
0.947551684,1.,0.,0.,1.,0.,0.,1.;                                   2235P   3654
110,0.166063883,-1.476574036,3.246003811,4.,-1.538105418,           2237P   3655
3.287753063;                                                        2237P   3656
126,1,1,1,0,1,0,0.,0.,1.,1.,1.,1.,0.947551684,1.,0.,                2239P   3657
0.052448316,1.,0.,0.,1.,0.,0.,1.;                                   2239P   3658
110,4.,-1.538105418,3.287753063,4.,-2.078224965,2.975914897;        2241P   3659
102,4,2227,2231,2235,2239;                                          2243P   3660
102,4,2229,2233,2237,2241;                                          2245P   3661
142,1,2225,2243,2245,1;                                             2247P   3662
144,2225,1,0,2247;                                                  2249P   3663
128,1,1,1,1,0,0,1,0,0,0.,0.,1.,1.,0.,0.,1.,1.,1.,1.,1.,1.,          2251P   3664
0.143060267,-1.476610679,3.242976207,0.143060267,-1.403417243,      2251P   3665
3.743839032,4.,-1.54322627,3.252711056,4.,-1.470032835,             2251P   3666
3.753573881,0.,1.,0.,1.;                                            2251P   3667
126,1,1,1,0,1,0,0.,0.,1.,1.,1.,1.,0.06996328,1.,0.,0.005928854,     2253P   3668
0.005964215,0.,0.,1.,0.,0.,1.;                                      2253P   3669
110,4.,-1.538105418,3.287753063,0.166063883,-1.476574036,           2255P   3670
3.246003811;                                                        2255P   3671
126,2,2,1,0,1,0,0.,0.,0.,1.,1.,1.,1.,1.,1.,0.005928854,             2257P   3672
0.005964215,0.,0.413238731,0.051338502,0.,0.863817094,              2257P   3673
0.10328424,0.,0.,1.,0.,0.,-1.;                                      2257P   3674
126,3,3,1,0,1,0,9.85729167828851E-006,9.85729167828851E-006,        2259P   3675
9.85729167828851E-006,9.85729167828851E-006,                        2259P   3676
0.000583884801277526,0.000583884801277526,0.000583884801277526,     2259P   3677
0.000583884801277526,1.,1.,1.,1.,0.166063883,-1.476574036,          2259P   3678
3.246003811,0.289879504,-1.45762043,3.39064961,0.415149461,         2259P   3679
-1.438869663,3.534082947,0.541421356,-1.420265279,3.676635533,      2259P   3680
9.85729167828851E-006,0.000583884801277526,0.,0.,0.;                2259P   3681
126,4,2,1,0,1,0,0.,0.,0.,0.5,0.5,1.,1.,1.,1.,1.,1.,1.,1.,           2261P   3682
0.863817095,0.10328424,0.,0.925867634,0.110437848,0.,               2261P   3683
0.959576303,0.119779276,0.,0.994461505,0.129446747,0.,              2261P   3684
0.993686984,0.139950967,0.,0.,1.,0.,0.,-1.;                         2261P   3685
126,9,3,1,0,1,0,0.000489481511102788,0.000489481511102788,          2263P   3686
0.000489481511102788,0.000489481511102788,0.000528637796766276,     2263P   3687
0.000528637796766276,0.000528637796766276,0.000588800354425677,     2263P   3688
0.000588800354425677,0.000588800354425677,0.000648937968988591,     2263P   3689
0.000648937968988591,0.000648937968988591,0.000648937968988591,     2263P   3690
1.,1.,1.,1.,1.,1.,1.,1.,1.,1.,0.541421356,-1.420265279,             2263P   3691
3.676635533,0.550136327,-1.418981251,3.686474157,0.559825624,       2263P   3692
-1.41782518,3.695554781,0.570285287,-1.4168404,3.703556257,         2263P   3693
0.586231437,-1.415339066,3.715754807,0.604333118,-1.414213532,      2263P   3694
3.725641958,0.623352638,-1.413588489,3.73221505,0.642340047,        2263P   3695
-1.4129645,3.738777046,0.662747688,-1.412827039,3.742181171,        2263P   3696
0.682842712,-1.413202231,3.742039478,0.000489481511102788,          2263P   3697
0.000648937968988591,0.,0.,0.;                                      2263P   3698
126,1,1,1,0,1,0,0.,0.,1.,1.,1.,1.,0.993686984,0.139950967,0.,       2265P   3699
0.932992939,0.948145417,0.,0.,1.,0.,0.,1.;                          2265P   3700
126,3,3,1,0,0,0,0.,0.,0.,0.,1.,1.,1.,1.,1.,0.99997966465909,        2267P   3701
0.99997966465909,1.,0.682842712,-1.413202231,3.742039478,           2267P   3702
1.726467077,-1.432687616,3.734680713,2.765540636,-1.45211493,       2267P   3703
3.72716998,3.8,-1.471482988,3.719507738,0.,1.,0.,0.,0.;             2267P   3704
126,2,2,1,0,1,0,0.,0.,0.,1.,1.,1.,1.,1.,1.,0.932992939,             2269P   3705
0.948145417,0.,0.695064975,0.974981668,0.,0.468927202,1.,0.,0.,     2269P   3706
1.,0.,0.,-1.;                                                       2269P   3707
126,3,3,1,0,1,0,3.06861375439397E-007,3.06861375439397E-007,        2271P   3708
3.06861375439397E-007,3.06861375439397E-007,                        2271P   3709
0.000308837479736733,0.000308837479736733,0.000308837479736733,     2271P   3710
0.000308837479736733,1.,1.,1.,1.,3.8,-1.471482988,3.719507738,      2271P   3711
3.867028258,-1.483918123,3.642505312,3.933718438,-1.496389708,      2271P   3712
3.565212653,4.,-1.508903877,3.487579259,3.06861375439397E-007,      2271P   3713
0.000308837479736733,0.,0.,0.;                                      2271P   3714
126,1,1,1,0,1,0,0.,0.,1.,1.,1.,1.,0.468927202,1.,0.,0.06996328,     2273P   3715
1.,0.,0.,1.,0.,0.,1.;                                               2273P   3716
110,4.,-1.508903877,3.487579259,4.,-1.538105418,3.287753063;        2275P   3717
102,6,2253,2257,2261,2265,2269,2273;                                2277P   3718
102,6,2255,2259,2263,2267,2271,2275;                                2279P   3719
142,1,2251,2277,2279,1;                                             2281P   3720
144,2251,1,0,2281;                                                  2283P   3721
128,1,1,1,1,0,0,1,0,0,0.,0.,1.,1.,0.,0.,1.,1.,1.,1.,1.,1.,          2285P   3722
0.143060267,-3.743730544,1.403433097,0.143060267,-3.242976854,      2285P   3723
1.476610585,4.,-3.753465393,1.470048689,4.,-3.252711703,            2285P   3724
1.543226176,0.,1.,0.,1.;                                            2285P   3725
126,2,2,1,0,1,0,0.,0.,0.,1.,1.,1.,1.,1.,1.,0.530971892,1.,0.,       2287P   3726
0.304784833,0.974981668,0.,0.066805015,0.948145417,0.,0.,1.,0.,     2287P   3727
0.,-1.;                                                             2287P   3728
126,3,3,1,0,1,0,3.10321405701272E-007,3.10321405701272E-007,        2289P   3729
3.10321405701272E-007,3.10321405701272E-007,                        2289P   3730
0.000308840939767014,0.000308840939767014,0.000308840939767014,     2289P   3731
0.000308840939767014,1.,1.,1.,1.,4.,-3.487579259,1.508903877,       2289P   3732
3.933718438,-3.565212653,1.496389708,3.867028258,-3.642505312,      2289P   3733
1.483918123,3.8,-3.719507738,1.471482988,3.10321405701272E-007,     2289P   3734
0.000308840939767014,0.,0.,0.;                                      2289P   3735
126,1,1,1,0,1,0,0.,0.,1.,1.,1.,1.,0.066805015,0.948145417,0.,       2291P   3736
0.006097743,0.139950967,0.,0.,1.,0.,0.,1.;                          2291P   3737
126,3,3,1,0,0,0,0.,0.,0.,0.,1.,1.,1.,1.,1.,0.99997966465909,        2293P   3738
0.99997966465909,1.,3.8,-3.719507738,1.471482988,2.765540636,       2293P   3739
-3.72716998,1.45211493,1.726467077,-3.734680713,1.432687616,        2293P   3740
0.682842712,-3.742039478,1.413202231,0.,1.,0.,0.,0.;                2293P   3741
126,4,2,1,0,1,0,0.,0.,0.,0.5,0.5,1.,1.,1.,1.,1.,1.,1.,1.,           2295P   3742
0.006097743,0.139950967,0.,0.005321352,0.129423677,0.,              2295P   3743
0.040363166,0.119738512,0.,0.074072438,0.110421647,0.,              2295P   3744
0.135995936,0.10328424,0.,0.,1.,0.,0.,-1.;                          2295P   3745
126,9,3,1,0,1,0,2.71172577281451E-005,2.71172577281451E-005,        2297P   3746
2.71172577281451E-005,2.71172577281451E-005,                        2297P   3747
5.30848615530046E-005,5.30848615530046E-005,                        2297P   3748
5.30848615530046E-005,0.00012073772438278,0.00012073772438278,      2297P   3749
0.00012073772438278,0.000185333027352453,0.000185333027352453,      2297P   3750
0.000185333027352453,0.000185333027352453,1.,1.,1.,1.,1.,1.,1.,     2297P   3751
1.,1.,1.,0.682842712,-3.742039478,1.413202231,0.674010277,          2297P   3752
-3.742101757,1.413037322,0.665146224,-3.741497648,1.412969237,      2297P   3753
0.656402089,-3.740239792,1.412998803,0.633809244,-3.73698978,       2297P   3754
1.413075194,0.611508351,-3.729149176,1.413827581,0.591733423,       2297P   3755
-3.717824364,1.41513369,0.572897824,-3.707037492,1.416377757,       2297P   3756
0.555769005,-3.692833077,1.418151355,0.541421356,-3.676635533,      2297P   3757
1.420265279,2.71172577281451E-005,0.000185333027352453,0.,0.,       2297P   3758
0.;                                                                 2297P   3759
126,2,2,1,0,1,0,0.,0.,0.,1.,1.,1.,1.,1.,1.,0.135995936,             2299P   3760
0.10328424,0.,0.586672499,0.051338502,0.,0.994071146,               2299P   3761
0.005964215,0.,0.,1.,0.,0.,-1.;                                     2299P   3762
126,3,3,1,0,1,0,3.03052928756835E-007,3.03052928756835E-007,        2301P   3763
3.03052928756835E-007,3.03052928756835E-007,                        2301P   3764
0.000574330562528019,0.000574330562528019,0.000574330562528019,     2301P   3765
0.000574330562528019,1.,1.,1.,1.,0.541421356,-3.676635533,          2301P   3766
1.420265279,0.415149461,-3.534082947,1.438869663,0.289879504,       2301P   3767
-3.39064961,1.45762043,0.166063883,-3.246003811,1.476574036,        2301P   3768
3.03052928756835E-007,0.000574330562528019,0.,0.,0.;                2301P   3769
126,1,1,1,0,1,0,0.,0.,1.,1.,1.,1.,0.994071146,0.005964215,0.,       2303P   3770
0.930022764,1.,0.,0.,1.,0.,0.,1.;                                   2303P   3771
110,0.166063883,-3.246003811,1.476574036,4.,-3.287753063,           2305P   3772
1.538105418;                                                        2305P   3773
126,1,1,1,0,1,0,0.,0.,1.,1.,1.,1.,0.930022764,1.,0.,                2307P   3774
0.530971892,1.,0.,0.,1.,0.,0.,1.;                                   2307P   3775
110,4.,-3.287753063,1.538105418,4.,-3.487579259,1.508903877;        2309P   3776
102,6,2287,2291,2295,2299,2303,2307;                                2311P   3777
102,6,2289,2293,2297,2301,2305,2309;                                2313P   3778
142,1,2285,2311,2313,1;                                             2315P   3779
144,2285,1,0,2315;                                                  2317P   3780
128,1,1,1,1,0,0,1,0,0,0.,0.,1.,1.,0.,0.,1.,1.,1.,1.,1.,1.,          2319P   3781
0.120487027,-3.247380354,1.472598698,0.120487027,-2.898998059,      2319P   3782
2.076014534,4.,-3.306025127,1.506457273,4.,-2.957642832,            2319P   3783
2.109873109,0.,1.,0.,1.;                                            2319P   3784
126,1,1,1,0,1,0,0.,0.,1.,1.,1.,1.,0.052448316,1.,0.,                2321P   3785
0.005928854,0.011748087,0.,0.,1.,0.,0.,1.;                          2321P   3786
110,4.,-3.287753063,1.538105418,0.166063883,-3.246003811,           2323P   3787
1.476574036;                                                        2323P   3788
126,2,2,1,0,1,0,0.,0.,0.,1.,1.,1.,1.,1.,1.,0.005928854,             2325P   3789
0.011748087,0.,0.5,0.003030499,0.,0.994071146,0.011748087,0.,       2325P   3790
0.,1.,0.,0.,-1.;                                                    2325P   3791
126,3,3,1,0,1,0,1.25864445744812E-005,1.25864445744812E-005,        2327P   3792
1.25864445744812E-005,1.25864445744812E-005,                        2327P   3793
0.000701088913825656,0.000701088913825656,0.000701088913825656,     2327P   3794
0.000701088913825656,1.,1.,1.,1.,0.166063883,-3.246003811,          2327P   3795
1.476574036,0.143625276,-3.131464138,1.674179233,0.143625276,       2327P   3796
-3.015613815,1.874837878,0.166063883,-2.901752531,2.072834743,      2327P   3797
1.25864445744812E-005,0.000701088913825656,-0.017452406,            2327P   3798
-0.865893504,0.499923848;                                           2327P   3799
126,1,1,1,0,1,0,0.,0.,1.,1.,1.,1.,0.994071146,0.011748087,0.,       2329P   3800
0.947551684,1.,0.,0.,1.,0.,0.,1.;                                   2329P   3801
110,0.166063883,-2.901752531,2.072834743,4.,-2.975914897,           2331P   3802
2.078224965;                                                        2331P   3803
126,1,1,1,0,1,0,0.,0.,1.,1.,1.,1.,0.947551684,1.,0.,                2333P   3804
0.052448316,1.,0.,0.,1.,0.,0.,1.;                                   2333P   3805
110,4.,-2.975914897,2.078224965,4.,-3.287753063,1.538105418;        2335P   3806
102,4,2321,2325,2329,2333;                                          2337P   3807
102,4,2323,2327,2331,2335;                                          2339P   3808
142,1,2319,2337,2339,1;                                             2341P   3809
144,2319,1,0,2341;                                                  2343P   3810
128,1,1,1,1,0,0,1,0,0,0.,0.,1.,1.,0.,0.,1.,1.,1.,1.,1.,1.,          2345P   3811
0.143060267,-2.900270463,2.07019444,0.143060267,-3.087314501,       2345P   3812
2.540551087,4.,-2.962828682,2.045317271,4.,-3.14987272,             2345P   3813
2.515673918,0.,1.,0.,1.;                                            2345P   3814
126,1,1,1,0,1,0,0.,0.,1.,1.,1.,1.,0.06996328,1.,0.,0.005928854,     2347P   3815
0.005964215,0.,0.,1.,0.,0.,1.;                                      2347P   3816
110,4.,-2.975914897,2.078224965,0.166063883,-2.901752531,           2349P   3817
2.072834743;                                                        2349P   3818
126,2,2,1,0,1,0,0.,0.,0.,1.,1.,1.,1.,1.,1.,0.005928854,             2351P   3819
0.005964215,0.,0.413238731,0.051338502,0.,0.863817094,              2351P   3820
0.10328424,0.,0.,1.,0.,0.,-1.;                                      2351P   3821
126,3,3,1,0,1,0,1.61368728333589E-006,1.61368728333589E-006,        2353P   3822
1.61368728333589E-006,1.61368728333589E-006,                        2353P   3823
0.000575641203228404,0.000575641203228404,0.000575641203228404,     2353P   3824
0.000575641203228404,1.,1.,1.,1.,0.166063883,-2.901752531,          2353P   3825
2.072834743,0.289879504,-2.957661127,2.207578482,0.415149461,       2353P   3826
-3.013139155,2.34117078,0.541421356,-3.068303578,2.473927133,       2353P   3827
1.61368728333589E-006,0.000575641203228404,0.,0.,0.;                2353P   3828
126,4,2,1,0,1,0,0.,0.,0.,0.5,0.5,1.,1.,1.,1.,1.,1.,1.,1.,           2355P   3829
0.863817095,0.10328424,0.,0.925867634,0.110437848,0.,               2355P   3830
0.959576303,0.119779276,0.,0.994461505,0.129446747,0.,              2355P   3831
0.993686984,0.139950967,0.,0.,1.,0.,0.,-1.;                         2355P   3832
126,9,3,1,0,1,0,3.01927834898509E-007,3.01927834898509E-007,        2357P   3833
3.01927834898509E-007,3.01927834898509E-007,                        2357P   3834
3.99198634684688E-005,3.99198634684688E-005,                        2357P   3835
3.99198634684688E-005,0.000100791733629813,                         2357P   3836
0.000100791733629813,0.000100791733629813,0.000161638366617348,     2357P   3837
0.000161638366617348,0.000161638366617348,0.000161638366617348,     2357P   3838
1.,1.,1.,1.,1.,1.,1.,1.,1.,1.,0.541421356,-3.068303578,             2357P   3839
2.473927133,0.550136327,-3.072110889,2.483089645,0.559825624,       2357P   3840
-3.075650015,2.491531732,0.570285287,-3.078797908,2.498953603,      2357P   3841
0.586231437,-3.08359699,2.510268524,0.604333118,-3.087565824,       2357P   3842
2.519393815,0.623352638,-3.090311067,2.525398802,0.642340047,       2357P   3843
-3.093051675,2.531393651,0.662747688,-3.094634693,2.53441044,       2357P   3844
0.682842712,-3.094888772,2.534100134,3.01927834898509E-007,         2357P   3845
0.000161638366617348,0.,0.,0.;                                      2357P   3846
126,1,1,1,0,1,0,0.,0.,1.,1.,1.,1.,0.993686984,0.139950967,0.,       2359P   3847
0.932992939,0.948145417,0.,0.,1.,0.,0.,1.;                          2359P   3848
126,3,3,1,0,0,0,0.,0.,0.,0.,1.,1.,1.,1.,1.,0.99997966465909,        2361P   3849
0.99997966465909,1.,0.682842712,-3.094888772,2.534100134,           2361P   3850
1.726467077,-3.108084227,2.517984565,2.765540636,-3.121153409,      2361P   3851
2.501766422,3.8,-3.134095518,2.485446697,0.,1.,0.,0.,0.;            2361P   3852
126,2,2,1,0,1,0,0.,0.,0.,1.,1.,1.,1.,1.,1.,0.932992939,             2363P   3853
0.948145417,0.,0.695064975,0.974981668,0.,0.468927202,1.,0.,0.,     2363P   3854
1.,0.,0.,-1.;                                                       2363P   3855
126,3,3,1,0,1,0,3.06861375431162E-007,3.06861375431162E-007,        2365P   3856
3.06861375431162E-007,3.06861375431162E-007,                        2365P   3857
0.00030883747973673,0.00030883747973673,0.00030883747973673,        2365P   3858
0.00030883747973673,1.,1.,1.,1.,3.8,-3.134095518,2.485446697,       2365P   3859
3.867028258,-3.106363448,2.412543072,3.933718438,-3.078517827,      2365P   3860
2.339369873,4.,-3.050538719,2.265880297,3.06861375431162E-007,      2365P   3861
0.00030883747973673,0.,0.,0.;                                       2365P   3862
126,1,1,1,0,1,0,0.,0.,1.,1.,1.,1.,0.468927202,1.,0.,0.06996328,     2367P   3863
1.,0.,0.,1.,0.,0.,1.;                                               2367P   3864
110,4.,-3.050538719,2.265880297,4.,-2.975914897,2.078224965;        2369P   3865
102,6,2347,2351,2355,2359,2363,2367;                                2371P   3866
102,6,2349,2353,2357,2361,2365,2369;                                2373P   3867
142,1,2345,2371,2373,1;                                             2375P   3868
144,2345,1,0,2375;                                                  2377P   3869
128,1,1,1,1,0,0,1,0,0,0.,0.,1.,1.,0.,0.,1.,1.,1.,1.,1.,1.,          2379P   3870
0.143060267,-3.943891484,-0.656463811,0.143060267,-3.546805577,     2379P   3871
-0.342706106,4.,-3.985629906,-0.603640441,4.,-3.588544,             2379P   3872
-0.289882736,0.,1.,0.,1.;                                           2379P   3873
126,2,2,1,0,1,0,0.,0.,0.,1.,1.,1.,1.,1.,1.,0.530982661,1.,0.,       2381P   3874
0.304800863,0.974981668,0.,0.06682658,0.948145417,0.,0.,1.,0.,      2381P   3875
0.,-1.;                                                             2381P   3876
126,3,3,1,0,1,0,3.10321405702578E-007,3.10321405702578E-007,        2383P   3877
3.10321405702578E-007,3.10321405702578E-007,                        2383P   3878
0.000308840939767013,0.000308840939767013,0.000308840939767013,     2383P   3879
0.000308840939767013,1.,1.,1.,1.,4.,-3.774784175,-0.43704054,       2383P   3880
3.933718438,-3.835759581,-0.486694825,3.867028258,-3.896461195,     2383P   3881
-0.536141864,3.8,-3.956929685,-0.58541222,                          2383P   3882
3.10321405702578E-007,0.000308840939767013,0.,0.,0.;                2383P   3883
126,1,1,1,0,1,0,0.,0.,1.,1.,1.,1.,0.06682658,0.948145417,0.,        2385P   3884
0.006120719,0.139950967,0.,0.,1.,0.,0.,1.;                          2385P   3885
126,3,3,1,0,0,0,0.,0.,0.,0.,1.,1.,1.,1.,1.,0.99997966465909,        2387P   3886
0.99997966465909,1.,3.8,-3.956929685,-0.58541222,2.765540636,       2387P   3887
-3.953881352,-0.606016572,1.726467077,-3.95067218,-0.626596486,     2387P   3888
0.682842712,-3.947302365,-0.647150706,0.,1.,0.,0.,0.;               2387P   3889
126,4,2,1,0,1,0,0.,0.,0.,0.5,0.5,1.,1.,1.,1.,1.,1.,1.,1.,           2389P   3890
0.006120719,0.139950967,0.,0.005344978,0.129432242,0.,              2389P   3891
0.040330626,0.119753643,0.,0.074041656,0.110427661,0.,              2389P   3892
0.136015892,0.10328424,0.,0.,1.,0.,0.,-1.;                          2389P   3893
126,9,3,1,0,1,0,1.99299454139884E-007,1.99299454139884E-007,        2391P   3894
1.99299454139884E-007,1.99299454139884E-007,                        2391P   3895
3.0308109625735E-005,3.0308109625735E-005,3.0308109625735E-005,     2391P   3896
9.65025701049484E-005,9.65025701049484E-005,                        2391P   3897
9.65025701049484E-005,0.000162035424546308,                         2391P   3898
0.000162035424546308,0.000162035424546308,0.000162035424546308,     2391P   3899
1.,1.,1.,1.,1.,1.,1.,1.,1.,1.,0.682842712,-3.947302365,             2391P   3900
-0.647150706,0.672808439,-3.947269965,-0.647348331,0.662729074,     2391P   3901
-3.946553811,-0.647006692,0.652826423,-3.945173145,                 2391P   3902
-0.646136056,0.631340162,-3.942177447,-0.644246995,0.610217766,     2391P   3903
-3.935896933,-0.639754339,0.591375741,-3.927131199,                 2391P   3904
-0.633247255,0.572681406,-3.918434173,-0.626791176,0.555679384,     2391P   3905
-3.907081914,-0.618199415,0.541421356,-3.894192412,                 2391P   3906
-0.608331955,1.99299454139884E-007,0.000162035424546308,0.,0.,      2391P   3907
0.;                                                                 2391P   3908
126,2,2,1,0,1,0,0.,0.,0.,1.,1.,1.,1.,1.,1.,0.136015892,             2393P   3909
0.10328424,0.,0.586681974,0.051338502,0.,0.994071146,               2393P   3910
0.005964215,0.,0.,1.,0.,0.,-1.;                                     2393P   3911
126,3,3,1,0,1,0,3.03052549613966E-007,3.03052549613966E-007,        2395P   3912
3.03052549613966E-007,3.03052549613966E-007,                        2395P   3913
0.000574330542374388,0.000574330542374388,0.000574330542374388,     2395P   3914
0.000574330542374388,1.,1.,1.,1.,0.541421356,-3.894192412,          2395P   3915
-0.608331955,0.415149461,-3.780040443,-0.520943793,0.289879504,     2395P   3916
-3.665198913,-0.432988483,0.166063883,-3.549408779,-0.34425128,     2395P   3917
3.03052549613966E-007,0.000574330542374388,0.,0.,0.;                2395P   3918
126,1,1,1,0,1,0,0.,0.,1.,1.,1.,1.,0.994071146,0.005964215,0.,       2397P   3919
0.930024254,1.,0.,0.,1.,0.,0.,1.;                                   2397P   3920
110,0.166063883,-3.549408779,-0.34425128,4.,-3.616330382,           2399P   3921
-0.311838166;                                                       2399P   3922
126,1,1,1,0,1,0,0.,0.,1.,1.,1.,1.,0.930024254,1.,0.,                2401P   3923
0.530982661,1.,0.,0.,1.,0.,0.,1.;                                   2401P   3924
110,4.,-3.616330382,-0.311838166,4.,-3.774784175,-0.43704054;       2403P   3925
102,6,2381,2385,2389,2393,2397,2401;                                2405P   3926
102,6,2383,2387,2391,2395,2399,2403;                                2407P   3927
142,1,2379,2405,2407,1;                                             2409P   3928
144,2379,1,0,2409;                                                  2411P   3929
128,1,1,1,1,0,0,1,0,0,0.,0.,1.,1.,0.,0.,1.,1.,1.,1.,1.,1.,4.,       2413P   3930
-3.616330382,-0.348382295,0.120487027,-3.548613232,                 2413P   3931
-0.348382295,4.,-3.616330382,0.348382295,0.120487027,               2413P   3932
-3.548613232,0.348382295,0.,1.,0.,1.;                               2413P   3933
126,1,1,1,0,1,0,0.,0.,1.,1.,1.,1.,0.,0.052448316,0.,                2415P   3934
0.988251913,0.005928854,0.,0.,1.,0.,0.,1.;                          2415P   3935
110,4.,-3.616330382,-0.311838166,0.166063883,-3.549408779,          2417P   3936
-0.34425128;                                                        2417P   3937
126,2,2,1,0,1,0,0.,0.,0.,1.,1.,1.,1.,1.,1.,0.988251913,             2419P   3938
0.005928854,0.,0.996969501,0.5,0.,0.988251913,0.994071146,0.,       2419P   3939
0.,1.,0.,0.,-1.;                                                    2419P   3940
126,3,3,1,0,1,0,5.83108092530629E-006,5.83108092530629E-006,        2421P   3941
5.83108092530629E-006,5.83108092530629E-006,                        2421P   3942
0.000694333640567669,0.000694333640567669,0.000694333640567669,     2421P   3943
0.000694333640567669,1.,1.,1.,1.,0.166063883,-3.549408779,          2421P   3944
-0.34425128,0.143625276,-3.549017111,-0.115850323,0.143625276,      2421P   3945
-3.549017111,0.115850323,0.166063883,-3.549408779,0.34425128,       2421P   3946
5.83108092530629E-006,0.000694333640567669,-0.017452406,            2421P   3947
-0.999847695,0.;                                                    2421P   3948
126,1,1,1,0,1,0,0.,0.,1.,1.,1.,1.,0.988251913,0.994071146,0.,       2423P   3949
0.,0.947551684,0.,0.,1.,0.,0.,1.;                                   2423P   3950
110,0.166063883,-3.549408779,0.34425128,4.,-3.616330382,            2425P   3951
0.311838166;                                                        2425P   3952
126,1,1,1,0,1,0,0.,0.,1.,1.,1.,1.,0.,0.947551684,0.,0.,             2427P   3953
0.052448316,0.,0.,1.,0.,0.,1.;                                      2427P   3954
110,4.,-3.616330382,0.311838166,4.,-3.616330382,-0.311838166;       2429P   3955
102,4,2415,2419,2423,2427;                                          2431P   3956
102,4,2417,2421,2425,2429;                                          2433P   3957
142,1,2413,2431,2433,1;                                             2435P   3958
144,2413,1,0,2435;                                                  2437P   3959
128,1,1,1,1,0,0,1,0,0,0.,0.,1.,1.,0.,0.,1.,1.,1.,1.,1.,1.,          2439P   3960
0.143060267,-3.546805119,0.342705744,0.143060267,-3.943968331,      2439P   3961
0.656524531,4.,-3.588543541,0.289882374,4.,-3.985706753,            2439P   3962
0.603701161,0.,1.,0.,1.;                                            2439P   3963
126,1,1,1,0,1,0,0.,0.,1.,1.,1.,1.,0.06996328,1.,0.,0.005928854,     2441P   3964
0.005964215,0.,0.,1.,0.,0.,1.;                                      2441P   3965
110,4.,-3.616330382,0.311838166,0.166063883,-3.549408779,           2443P   3966
0.34425128;                                                         2443P   3967
126,2,2,1,0,1,0,0.,0.,0.,1.,1.,1.,1.,1.,1.,0.005928854,             2445P   3968
0.005964215,0.,0.413238731,0.051338502,0.,0.863817094,              2445P   3969
0.10328424,0.,0.,1.,0.,0.,-1.;                                      2445P   3970
126,3,3,1,0,1,0,1.95363622532357E-005,1.95363622532357E-005,        2447P   3971
1.95363622532357E-005,1.95363622532357E-005,                        2447P   3972
0.00059356385207784,0.00059356385207784,0.00059356385207784,        2447P   3973
0.00059356385207784,1.,1.,1.,1.,0.166063883,-3.549408779,           2447P   3974
0.34425128,0.289879504,-3.665198913,0.432988483,0.415149461,        2447P   3975
-3.780040443,0.520943793,0.541421356,-3.894192412,0.608331955,      2447P   3976
1.95363622532357E-005,0.00059356385207784,0.,0.,0.;                 2447P   3977
126,4,2,1,0,1,0,0.,0.,0.,0.5,0.5,1.,1.,1.,1.,1.,1.,1.,1.,           2449P   3978
0.863817095,0.10328424,0.,0.925867634,0.110437848,0.,               2449P   3979
0.959576303,0.119779276,0.,0.994461505,0.129446747,0.,              2449P   3980
0.993686984,0.139950967,0.,0.,1.,0.,0.,-1.;                         2449P   3981
126,9,3,1,0,1,0,3.01927834892858E-007,3.01927834892858E-007,        2451P   3982
3.01927834892858E-007,3.01927834892858E-007,                        2451P   3983
3.99198634684995E-005,3.99198634684995E-005,                        2451P   3984
3.99198634684995E-005,0.000100791733629842,                         2451P   3985
0.000100791733629842,0.000100791733629842,0.00016163836661734,      2451P   3986
0.00016163836661734,0.00016163836661734,0.00016163836661734,1.,     2451P   3987
1.,1.,1.,1.,1.,1.,1.,1.,1.,0.541421356,-3.894192412,                2451P   3988
0.608331955,0.550136327,-3.902070896,0.614363268,0.559825624,       2451P   3989
-3.909356912,0.619904767,0.570285287,-3.915794003,0.624758349,      2451P   3990
0.586231437,-3.92560759,0.632157817,0.604333118,-3.933607347,       2451P   3991
0.638076133,0.623352638,-3.93898729,0.641903984,0.642340047,        2451P   3992
-3.944358151,0.645725371,0.662747688,-3.947237479,0.647546478,      2451P   3993
0.682842712,-3.947302365,0.647150706,3.01927834892858E-007,         2451P   3994
0.00016163836661734,0.,0.,0.;                                       2451P   3995
126,1,1,1,0,1,0,0.,0.,1.,1.,1.,1.,0.993686984,0.139950967,0.,       2453P   3996
0.932992939,0.948145417,0.,0.,1.,0.,0.,1.;                          2453P   3997
126,3,3,1,0,0,0,0.,0.,0.,0.,1.,1.,1.,1.,1.,0.99997966465909,        2455P   3998
0.99997966465909,1.,0.682842712,-3.947302365,0.647150706,           2455P   3999
1.726467077,-3.95067218,0.626596486,2.765540636,-3.953881352,       2455P   4000
0.606016572,3.8,-3.956929685,0.58541222,0.,1.,0.,0.,0.;             2455P   4001
126,2,2,1,0,1,0,0.,0.,0.,1.,1.,1.,1.,1.,1.,0.932992939,             2457P   4002
0.948145417,0.,0.695064975,0.974981668,0.,0.468927202,1.,0.,0.,     2457P   4003
1.,0.,0.,-1.;                                                       2457P   4004
126,3,3,1,0,1,0,3.06861375434808E-007,3.06861375434808E-007,        2459P   4005
3.06861375434808E-007,3.06861375434808E-007,                        2459P   4006
0.000308837479736724,0.000308837479736724,0.000308837479736724,     2459P   4007
0.000308837479736724,1.,1.,1.,1.,3.8,-3.956929685,0.58541222,       2459P   4008
3.867028258,-3.896461195,0.536141864,3.933718438,-3.835759581,      2459P   4009
0.486694825,4.,-3.774784175,0.43704054,3.06861375434808E-007,       2459P   4010
0.000308837479736724,0.,0.,0.;                                      2459P   4011
126,1,1,1,0,1,0,0.,0.,1.,1.,1.,1.,0.468927202,1.,0.,0.06996328,     2461P   4012
1.,0.,0.,1.,0.,0.,1.;                                               2461P   4013
110,4.,-3.774784175,0.43704054,4.,-3.616330382,0.311838166;         2463P   4014
102,6,2441,2445,2449,2453,2457,2461;                                2465P   4015
102,6,2443,2447,2451,2455,2459,2463;                                2467P   4016
142,1,2439,2465,2467,1;                                             2469P   4017
144,2439,1,0,2469;                                                  2471P   4018
128,1,1,1,1,0,0,1,0,0,0.,0.,1.,1.,0.,0.,1.,1.,1.,1.,1.,1.,          2473P   4019
0.143060267,-3.08727831,-2.540460079,0.143060267,-2.900270679,      2473P   4020
-2.070194983,4.,-3.149836529,-2.51558291,4.,-2.962828898,           2473P   4021
-2.045317814,0.,1.,0.,1.;                                           2473P   4022
126,2,2,1,0,1,0,0.,0.,0.,1.,1.,1.,1.,1.,1.,0.530982661,1.,0.,       2475P   4023
0.304800863,0.974981668,0.,0.06682658,0.948145417,0.,0.,1.,0.,      2475P   4024
0.,-1.;                                                             2475P   4025
126,3,3,1,0,1,0,3.10321405701582E-007,3.10321405701582E-007,        2477P   4026
3.10321405701582E-007,3.10321405701582E-007,                        2477P   4027
0.000308840939767009,0.000308840939767009,0.000308840939767009,     2477P   4028
0.000308840939767009,1.,1.,1.,1.,4.,-3.050538719,-2.265880297,      2477P   4029
3.933718438,-3.078517827,-2.339369873,3.867028258,-3.106363448,     2477P   4030
-2.412543072,3.8,-3.134095518,-2.485446697,                         2477P   4031
3.10321405701582E-007,0.000308840939767009,0.,0.,0.;                2477P   4032
126,1,1,1,0,1,0,0.,0.,1.,1.,1.,1.,0.06682658,0.948145417,0.,        2479P   4033
0.006120719,0.139950967,0.,0.,1.,0.,0.,1.;                          2479P   4034
126,3,3,1,0,0,0,0.,0.,0.,0.,1.,1.,1.,1.,1.,0.99997966465909,        2481P   4035
0.99997966465909,1.,3.8,-3.134095518,-2.485446697,2.765540636,      2481P   4036
-3.121153409,-2.501766422,1.726467077,-3.108084227,                 2481P   4037
-2.517984565,0.682842712,-3.094888772,-2.534100134,0.,1.,0.,0.,     2481P   4038
0.;                                                                 2481P   4039
126,4,2,1,0,1,0,0.,0.,0.,0.5,0.5,1.,1.,1.,1.,1.,1.,1.,1.,           2483P   4040
0.006120719,0.139950967,0.,0.005344978,0.129432242,0.,              2483P   4041
0.040330626,0.119753643,0.,0.074041656,0.110427661,0.,              2483P   4042
0.136015892,0.10328424,0.,0.,1.,0.,0.,-1.;                          2483P   4043
126,9,3,1,0,1,0,1.99299454350583E-007,1.99299454350583E-007,        2485P   4044
1.99299454350583E-007,1.99299454350583E-007,                        2485P   4045
3.03081096280058E-005,3.03081096280058E-005,                        2485P   4046
3.03081096280058E-005,9.65025701074792E-005,                        2485P   4047
9.65025701074792E-005,9.65025701074792E-005,                        2485P   4048
0.000162035424546452,0.000162035424546452,0.000162035424546452,     2485P   4049
0.000162035424546452,1.,1.,1.,1.,1.,1.,1.,1.,1.,1.,0.682842712,     2485P   4050
-3.094888772,-2.534100134,0.672808439,-3.0947619,-2.534255083,      2485P   4051
0.662729074,-3.094312512,-2.533601137,0.652826423,-3.093552138,     2485P   4052
-2.532156811,0.631340162,-3.091902318,-2.529022987,0.610217766,     2485P   4053
-3.088709561,-2.521991977,0.591375741,-3.084371754,                 2485P   4054
-2.511973809,0.572681406,-3.080067949,-2.502034167,0.555679384,     2485P   4055
-3.074532485,-2.488917355,0.541421356,-3.068303578,                 2485P   4056
-2.473927133,1.99299454350583E-007,0.000162035424546452,0.,0.,      2485P   4057
0.;                                                                 2485P   4058
126,2,2,1,0,1,0,0.,0.,0.,1.,1.,1.,1.,1.,1.,0.136015892,             2487P   4059
0.10328424,0.,0.586681974,0.051338502,0.,0.994071146,               2487P   4060
0.005964215,0.,0.,1.,0.,0.,-1.;                                     2487P   4061
126,3,3,1,0,1,0,3.0305324511179E-007,3.0305324511179E-007,          2489P   4062
3.0305324511179E-007,3.0305324511179E-007,0.000574330569190597,     2489P   4063
0.000574330569190597,0.000574330569190597,0.000574330569190597,     2489P   4064
1.,1.,1.,1.,0.541421356,-3.068303578,-2.473927133,0.415149461,      2489P   4065
-3.013139155,-2.34117078,0.289879504,-2.957661127,-2.207578482,     2489P   4066
0.166063883,-2.901752531,-2.072834743,3.0305324511179E-007,         2489P   4067
0.000574330569190597,0.,0.,0.;                                      2489P   4068
126,1,1,1,0,1,0,0.,0.,1.,1.,1.,1.,0.994071146,0.005964215,0.,       2491P   4069
0.930024254,1.,0.,0.,1.,0.,0.,1.;                                   2491P   4070
110,0.166063883,-2.901752531,-2.072834743,4.,-2.975914897,          2493P   4071
-2.078224965;                                                       2493P   4072
126,1,1,1,0,1,0,0.,0.,1.,1.,1.,1.,0.930024254,1.,0.,                2495P   4073
0.530982661,1.,0.,0.,1.,0.,0.,1.;                                   2495P   4074
110,4.,-2.975914897,-2.078224965,4.,-3.050538719,-2.265880297;      2497P   4075
102,6,2475,2479,2483,2487,2491,2495;                                2499P   4076
102,6,2477,2481,2485,2489,2493,2497;                                2501P   4077
142,1,2473,2499,2501,1;                                             2503P   4078
144,2473,1,0,2503;                                                  2505P   4079
128,1,1,1,1,0,0,1,0,0,0.,0.,1.,1.,0.,0.,1.,1.,1.,1.,1.,1.,          2507P   4080
0.120487027,-2.898998059,-2.076014534,0.120487027,-3.247380354,     2507P   4081
-1.472598698,4.,-2.957642832,-2.109873109,4.,-3.306025127,          2507P   4082
-1.506457273,0.,1.,0.,1.;                                           2507P   4083
126,1,1,1,0,1,0,0.,0.,1.,1.,1.,1.,0.052448316,1.,0.,                2509P   4084
0.005928854,0.011748087,0.,0.,1.,0.,0.,1.;                          2509P   4085
110,4.,-2.975914897,-2.078224965,0.166063883,-2.901752531,          2511P   4086
-2.072834743;                                                       2511P   4087
126,2,2,1,0,1,0,0.,0.,0.,1.,1.,1.,1.,1.,1.,0.005928854,             2513P   4088
0.011748087,0.,0.5,0.003030499,0.,0.994071146,0.011748087,0.,       2513P   4089
0.,1.,0.,0.,-1.;                                                    2513P   4090
126,3,3,1,0,1,0,1.6179998222173E-005,1.6179998222173E-005,          2515P   4091
1.6179998222173E-005,1.6179998222173E-005,0.000704682467473351,     2515P   4092
0.000704682467473351,0.000704682467473351,0.000704682467473351,     2515P   4093
1.,1.,1.,1.,0.166063883,-2.901752531,-2.072834743,0.143625276,      2515P   4094
-3.015613815,-1.874837878,0.143625276,-3.131464138,                 2515P   4095
-1.674179233,0.166063883,-3.246003811,-1.476574036,                 2515P   4096
1.6179998222173E-005,0.000704682467473351,-0.017452406,             2515P   4097
-0.865893504,-0.499923848;                                          2515P   4098
126,1,1,1,0,1,0,0.,0.,1.,1.,1.,1.,0.994071146,0.011748087,0.,       2517P   4099
0.947551684,1.,0.,0.,1.,0.,0.,1.;                                   2517P   4100
110,0.166063883,-3.246003811,-1.476574036,4.,-3.287753063,          2519P   4101
-1.538105418;                                                       2519P   4102
126,1,1,1,0,1,0,0.,0.,1.,1.,1.,1.,0.947551684,1.,0.,                2521P   4103
0.052448316,1.,0.,0.,1.,0.,0.,1.;                                   2521P   4104
110,4.,-3.287753063,-1.538105418,4.,-2.975914897,-2.078224965;      2523P   4105
102,4,2509,2513,2517,2521;                                          2525P   4106
102,4,2511,2515,2519,2523;                                          2527P   4107
142,1,2507,2525,2527,1;                                             2529P   4108
144,2507,1,0,2529;                                                  2531P   4109
128,1,1,1,1,0,0,1,0,0,0.,0.,1.,1.,0.,0.,1.,1.,1.,1.,1.,1.,          2533P   4110
0.143060267,-3.242976207,-1.476610679,0.143060267,-3.743839032,     2533P   4111
-1.403417243,4.,-3.252711056,-1.54322627,4.,-3.753573881,           2533P   4112
-1.470032835,0.,1.,0.,1.;                                           2533P   4113
126,1,1,1,0,1,0,0.,0.,1.,1.,1.,1.,0.06996328,1.,0.,0.005928854,     2535P   4114
0.005964215,0.,0.,1.,0.,0.,1.;                                      2535P   4115
110,4.,-3.287753063,-1.538105418,0.166063883,-3.246003811,          2537P   4116
-1.476574036;                                                       2537P   4117
126,2,2,1,0,1,0,0.,0.,0.,1.,1.,1.,1.,1.,1.,0.005928854,             2539P   4118
0.005964215,0.,0.413238731,0.051338502,0.,0.863817094,              2539P   4119
0.10328424,0.,0.,1.,0.,0.,-1.;                                      2539P   4120
126,3,3,1,0,1,0,9.85729167828806E-006,9.85729167828806E-006,        2541P   4121
9.85729167828806E-006,9.85729167828806E-006,                        2541P   4122
0.000583884801277644,0.000583884801277644,0.000583884801277644,     2541P   4123
0.000583884801277644,1.,1.,1.,1.,0.166063883,-3.246003811,          2541P   4124
-1.476574036,0.289879504,-3.39064961,-1.45762043,0.415149461,       2541P   4125
-3.534082947,-1.438869663,0.541421356,-3.676635533,                 2541P   4126
-1.420265279,9.85729167828806E-006,0.000583884801277644,0.,0.,      2541P   4127
0.;                                                                 2541P   4128
126,4,2,1,0,1,0,0.,0.,0.,0.5,0.5,1.,1.,1.,1.,1.,1.,1.,1.,           2543P   4129
0.863817095,0.10328424,0.,0.925867634,0.110437848,0.,               2543P   4130
0.959576303,0.119779276,0.,0.994461505,0.129446747,0.,              2543P   4131
0.993686984,0.139950967,0.,0.,1.,0.,0.,-1.;                         2543P   4132
126,9,3,1,0,1,0,0.000489481511102855,0.000489481511102855,          2545P   4133
0.000489481511102855,0.000489481511102855,0.000528637796766313,     2545P   4134
0.000528637796766313,0.000528637796766313,0.000588800354425692,     2545P   4135
0.000588800354425692,0.000588800354425692,0.000648937968988586,     2545P   4136
0.000648937968988586,0.000648937968988586,0.000648937968988586,     2545P   4137
1.,1.,1.,1.,1.,1.,1.,1.,1.,1.,0.541421356,-3.676635533,             2545P   4138
-1.420265279,0.550136327,-3.686474157,-1.418981251,0.559825624,     2545P   4139
-3.695554781,-1.41782518,0.570285287,-3.703556257,-1.4168404,       2545P   4140
0.586231437,-3.715754807,-1.415339066,0.604333118,-3.725641958,     2545P   4141
-1.414213532,0.623352638,-3.73221505,-1.413588489,0.642340047,      2545P   4142
-3.738777046,-1.4129645,0.662747688,-3.742181171,-1.412827039,      2545P   4143
0.682842712,-3.742039478,-1.413202231,0.000489481511102855,         2545P   4144
0.000648937968988586,0.,0.,0.;                                      2545P   4145
126,1,1,1,0,1,0,0.,0.,1.,1.,1.,1.,0.993686984,0.139950967,0.,       2547P   4146
0.932992939,0.948145417,0.,0.,1.,0.,0.,1.;                          2547P   4147
126,3,3,1,0,0,0,0.,0.,0.,0.,1.,1.,1.,1.,1.,0.99997966465909,        2549P   4148
0.99997966465909,1.,0.682842712,-3.742039478,-1.413202231,          2549P   4149
1.726467077,-3.734680713,-1.432687616,2.765540636,-3.72716998,      2549P   4150
-1.45211493,3.8,-3.719507738,-1.471482988,0.,1.,0.,0.,0.;           2549P   4151
126,2,2,1,0,1,0,0.,0.,0.,1.,1.,1.,1.,1.,1.,0.932992939,             2551P   4152
0.948145417,0.,0.695064975,0.974981668,0.,0.468927202,1.,0.,0.,     2551P   4153
1.,0.,0.,-1.;                                                       2551P   4154
126,3,3,1,0,1,0,3.06861375438861E-007,3.06861375438861E-007,        2553P   4155
3.06861375438861E-007,3.06861375438861E-007,                        2553P   4156
0.000308837479736719,0.000308837479736719,0.000308837479736719,     2553P   4157
0.000308837479736719,1.,1.,1.,1.,3.8,-3.719507738,-1.471482988,     2553P   4158
3.867028258,-3.642505312,-1.483918123,3.933718438,-3.565212653,     2553P   4159
-1.496389708,4.,-3.487579259,-1.508903877,                          2553P   4160
3.06861375438861E-007,0.000308837479736719,0.,0.,0.;                2553P   4161
126,1,1,1,0,1,0,0.,0.,1.,1.,1.,1.,0.468927202,1.,0.,0.06996328,     2555P   4162
1.,0.,0.,1.,0.,0.,1.;                                               2555P   4163
110,4.,-3.487579259,-1.508903877,4.,-3.287753063,-1.538105418;      2557P   4164
102,6,2535,2539,2543,2547,2551,2555;                                2559P   4165
102,6,2537,2541,2545,2549,2553,2557;                                2561P   4166
142,1,2533,2559,2561,1;                                             2563P   4167
144,2533,1,0,2563;                                                  2565P   4168
128,1,1,1,1,0,0,1,0,0,0.,0.,1.,1.,0.,0.,1.,1.,1.,1.,1.,1.,          2567P   4169
0.143060267,-1.403433097,-3.743730544,0.143060267,-1.476610585,     2567P   4170
-3.242976854,4.,-1.470048689,-3.753465393,4.,-1.543226176,          2567P   4171
-3.252711703,0.,1.,0.,1.;                                           2567P   4172
126,2,2,1,0,1,0,0.,0.,0.,1.,1.,1.,1.,1.,1.,0.530971892,1.,0.,       2569P   4173
0.304784833,0.974981668,0.,0.066805015,0.948145417,0.,0.,1.,0.,     2569P   4174
0.,-1.;                                                             2569P   4175
126,3,3,1,0,1,0,3.1032140570195E-007,3.1032140570195E-007,          2571P   4176
3.1032140570195E-007,3.1032140570195E-007,0.000308840939767012,     2571P   4177
0.000308840939767012,0.000308840939767012,0.000308840939767012,     2571P   4178
1.,1.,1.,1.,4.,-1.508903877,-3.487579259,3.933718438,               2571P   4179
-1.496389708,-3.565212653,3.867028258,-1.483918123,                 2571P   4180
-3.642505312,3.8,-1.471482988,-3.719507738,                         2571P   4181
3.1032140570195E-007,0.000308840939767012,0.,0.,0.;                 2571P   4182
126,1,1,1,0,1,0,0.,0.,1.,1.,1.,1.,0.066805015,0.948145417,0.,       2573P   4183
0.006097743,0.139950967,0.,0.,1.,0.,0.,1.;                          2573P   4184
126,3,3,1,0,0,0,0.,0.,0.,0.,1.,1.,1.,1.,1.,0.99997966465909,        2575P   4185
0.99997966465909,1.,3.8,-1.471482988,-3.719507738,2.765540636,      2575P   4186
-1.45211493,-3.72716998,1.726467077,-1.432687616,-3.734680713,      2575P   4187
0.682842712,-1.413202231,-3.742039478,0.,1.,0.,0.,0.;               2575P   4188
126,4,2,1,0,1,0,0.,0.,0.,0.5,0.5,1.,1.,1.,1.,1.,1.,1.,1.,           2577P   4189
0.006097743,0.139950967,0.,0.005321352,0.129423677,0.,              2577P   4190
0.040363166,0.119738512,0.,0.074072438,0.110421647,0.,              2577P   4191
0.135995936,0.10328424,0.,0.,1.,0.,0.,-1.;                          2577P   4192
126,9,3,1,0,1,0,2.71172577267952E-005,2.71172577267952E-005,        2579P   4193
2.71172577267952E-005,2.71172577267952E-005,                        2579P   4194
5.30848615523599E-005,5.30848615523599E-005,                        2579P   4195
5.30848615523599E-005,0.000120737724382254,                         2579P   4196
0.000120737724382254,0.000120737724382254,0.00018533302735111,      2579P   4197
0.00018533302735111,0.00018533302735111,0.00018533302735111,1.,     2579P   4198
1.,1.,1.,1.,1.,1.,1.,1.,1.,0.682842712,-1.413202231,                2579P   4199
-3.742039478,0.674010277,-1.413037322,-3.742101757,0.665146224,     2579P   4200
-1.412969237,-3.741497648,0.656402089,-1.412998803,                 2579P   4201
-3.740239792,0.633809244,-1.413075194,-3.73698978,0.611508351,      2579P   4202
-1.413827581,-3.729149176,0.591733423,-1.41513369,-3.717824364,     2579P   4203
0.572897824,-1.416377757,-3.707037492,0.555769005,-1.418151355,     2579P   4204
-3.692833077,0.541421356,-1.420265279,-3.676635533,                 2579P   4205
2.71172577267952E-005,0.00018533302735111,0.,0.,0.;                 2579P   4206
126,2,2,1,0,1,0,0.,0.,0.,1.,1.,1.,1.,1.,1.,0.135995936,             2581P   4207
0.10328424,0.,0.586672499,0.051338502,0.,0.994071146,               2581P   4208
0.005964215,0.,0.,1.,0.,0.,-1.;                                     2581P   4209
126,3,3,1,0,1,0,3.0305292875648E-007,3.0305292875648E-007,          2583P   4210
3.0305292875648E-007,3.0305292875648E-007,0.000574330562528587,     2583P   4211
0.000574330562528587,0.000574330562528587,0.000574330562528587,     2583P   4212
1.,1.,1.,1.,0.541421356,-1.420265279,-3.676635533,0.415149461,      2583P   4213
-1.438869663,-3.534082947,0.289879504,-1.45762043,-3.39064961,      2583P   4214
0.166063883,-1.476574036,-3.246003811,3.0305292875648E-007,         2583P   4215
0.000574330562528587,0.,0.,0.;                                      2583P   4216
126,1,1,1,0,1,0,0.,0.,1.,1.,1.,1.,0.994071146,0.005964215,0.,       2585P   4217
0.930022764,1.,0.,0.,1.,0.,0.,1.;                                   2585P   4218
110,0.166063883,-1.476574036,-3.246003811,4.,-1.538105418,          2587P   4219
-3.287753063;                                                       2587P   4220
126,1,1,1,0,1,0,0.,0.,1.,1.,1.,1.,0.930022764,1.,0.,                2589P   4221
0.530971892,1.,0.,0.,1.,0.,0.,1.;                                   2589P   4222
110,4.,-1.538105418,-3.287753063,4.,-1.508903877,-3.487579259;      2591P   4223
102,6,2569,2573,2577,2581,2585,2589;                                2593P   4224
102,6,2571,2575,2579,2583,2587,2591;                                2595P   4225
142,1,2567,2593,2595,1;                                             2597P   4226
144,2567,1,0,2597;                                                  2599P   4227
128,1,1,1,1,0,0,1,0,0,0.,0.,1.,1.,0.,0.,1.,1.,1.,1.,1.,1.,          2601P   4228
0.120487027,-1.472598698,-3.247380354,0.120487027,-2.076014534,     2601P   4229
-2.898998059,4.,-1.506457273,-3.306025127,4.,-2.109873109,          2601P   4230
-2.957642832,0.,1.,0.,1.;                                           2601P   4231
126,1,1,1,0,1,0,0.,0.,1.,1.,1.,1.,0.052448316,1.,0.,                2603P   4232
0.005928854,0.011748087,0.,0.,1.,0.,0.,1.;                          2603P   4233
110,4.,-1.538105418,-3.287753063,0.166063883,-1.476574036,          2605P   4234
-3.246003811;                                                       2605P   4235
126,2,2,1,0,1,0,0.,0.,0.,1.,1.,1.,1.,1.,1.,0.005928854,             2607P   4236
0.011748087,0.,0.5,0.003030499,0.,0.994071146,0.011748087,0.,       2607P   4237
0.,1.,0.,0.,-1.;                                                    2607P   4238
126,3,3,1,0,1,0,1.25864445744751E-005,1.25864445744751E-005,        2609P   4239
1.25864445744751E-005,1.25864445744751E-005,                        2609P   4240
0.000701088913825656,0.000701088913825656,0.000701088913825656,     2609P   4241
0.000701088913825656,1.,1.,1.,1.,0.166063883,-1.476574036,          2609P   4242
-3.246003811,0.143625276,-1.674179233,-3.131464138,0.143625276,     2609P   4243
-1.874837878,-3.015613815,0.166063883,-2.072834743,                 2609P   4244
-2.901752531,1.25864445744751E-005,0.000701088913825656,            2609P   4245
-0.017452406,-0.499923848,-0.865893504;                             2609P   4246
126,1,1,1,0,1,0,0.,0.,1.,1.,1.,1.,0.994071146,0.011748087,0.,       2611P   4247
0.947551684,1.,0.,0.,1.,0.,0.,1.;                                   2611P   4248
110,0.166063883,-2.072834743,-2.901752531,4.,-2.078224965,          2613P   4249
-2.975914897;                                                       2613P   4250
126,1,1,1,0,1,0,0.,0.,1.,1.,1.,1.,0.947551684,1.,0.,                2615P   4251
0.052448316,1.,0.,0.,1.,0.,0.,1.;                                   2615P   4252
110,4.,-2.078224965,-2.975914897,4.,-1.538105418,-3.287753063;      2617P   4253
102,4,2603,2607,2611,2615;                                          2619P   4254
102,4,2605,2609,2613,2617;                                          2621P   4255
142,1,2601,2619,2621,1;                                             2623P   4256
144,2601,1,0,2623;                                                  2625P   4257
128,1,1,1,1,0,0,1,0,0,0.,0.,1.,1.,0.,0.,1.,1.,1.,1.,1.,1.,          2627P   4258
0.143060267,-2.07019444,-2.900270463,0.143060267,-2.540551087,      2627P   4259
-3.087314501,4.,-2.045317271,-2.962828682,4.,-2.515673918,          2627P   4260
-3.14987272,0.,1.,0.,1.;                                            2627P   4261
126,1,1,1,0,1,0,0.,0.,1.,1.,1.,1.,0.06996328,1.,0.,0.005928854,     2629P   4262
0.005964215,0.,0.,1.,0.,0.,1.;                                      2629P   4263
110,4.,-2.078224965,-2.975914897,0.166063883,-2.072834743,          2631P   4264
-2.901752531;                                                       2631P   4265
126,2,2,1,0,1,0,0.,0.,0.,1.,1.,1.,1.,1.,1.,0.005928854,             2633P   4266
0.005964215,0.,0.413238731,0.051338502,0.,0.863817094,              2633P   4267
0.10328424,0.,0.,1.,0.,0.,-1.;                                      2633P   4268
126,3,3,1,0,1,0,1.61368728333653E-006,1.61368728333653E-006,        2635P   4269
1.61368728333653E-006,1.61368728333653E-006,                        2635P   4270
0.000575641203228839,0.000575641203228839,0.000575641203228839,     2635P   4271
0.000575641203228839,1.,1.,1.,1.,0.166063883,-2.072834743,          2635P   4272
-2.901752531,0.289879504,-2.207578482,-2.957661127,0.415149461,     2635P   4273
-2.34117078,-3.013139155,0.541421356,-2.473927133,-3.068303578,     2635P   4274
1.61368728333653E-006,0.000575641203228839,0.,0.,0.;                2635P   4275
126,4,2,1,0,1,0,0.,0.,0.,0.5,0.5,1.,1.,1.,1.,1.,1.,1.,1.,           2637P   4276
0.863817095,0.10328424,0.,0.925867634,0.110437848,0.,               2637P   4277
0.959576303,0.119779276,0.,0.994461505,0.129446747,0.,              2637P   4278
0.993686984,0.139950967,0.,0.,1.,0.,0.,-1.;                         2637P   4279
126,9,3,1,0,1,0,3.01927834895637E-007,3.01927834895637E-007,        2639P   4280
3.01927834895637E-007,3.01927834895637E-007,                        2639P   4281
3.99198634685528E-005,3.99198634685528E-005,                        2639P   4282
3.99198634685528E-005,0.000100791733629895,                         2639P   4283
0.000100791733629895,0.000100791733629895,0.00016163836661734,      2639P   4284
0.00016163836661734,0.00016163836661734,0.00016163836661734,1.,     2639P   4285
1.,1.,1.,1.,1.,1.,1.,1.,1.,0.541421356,-2.473927133,                2639P   4286
-3.068303578,0.550136327,-2.483089645,-3.072110889,0.559825624,     2639P   4287
-2.491531732,-3.075650015,0.570285287,-2.498953603,                 2639P   4288
-3.078797908,0.586231437,-2.510268524,-3.08359699,0.604333118,      2639P   4289
-2.519393815,-3.087565824,0.623352638,-2.525398802,                 2639P   4290
-3.090311067,0.642340047,-2.531393651,-3.093051675,0.662747688,     2639P   4291
-2.53441044,-3.094634693,0.682842712,-2.534100134,-3.094888772,     2639P   4292
3.01927834895637E-007,0.00016163836661734,0.,0.,0.;                 2639P   4293
126,1,1,1,0,1,0,0.,0.,1.,1.,1.,1.,0.993686984,0.139950967,0.,       2641P   4294
0.932992939,0.948145417,0.,0.,1.,0.,0.,1.;                          2641P   4295
126,3,3,1,0,0,0,0.,0.,0.,0.,1.,1.,1.,1.,1.,0.99997966465909,        2643P   4296
0.99997966465909,1.,0.682842712,-2.534100134,-3.094888772,          2643P   4297
1.726467077,-2.517984565,-3.108084227,2.765540636,-2.501766422,     2643P   4298
-3.121153409,3.8,-2.485446697,-3.134095518,0.,1.,0.,0.,0.;          2643P   4299
126,2,2,1,0,1,0,0.,0.,0.,1.,1.,1.,1.,1.,1.,0.932992939,             2645P   4300
0.948145417,0.,0.695064975,0.974981668,0.,0.468927202,1.,0.,0.,     2645P   4301
1.,0.,0.,-1.;                                                       2645P   4302
126,3,3,1,0,1,0,3.06861375432885E-007,3.06861375432885E-007,        2647P   4303
3.06861375432885E-007,3.06861375432885E-007,                        2647P   4304
0.000308837479736716,0.000308837479736716,0.000308837479736716,     2647P   4305
0.000308837479736716,1.,1.,1.,1.,3.8,-2.485446697,-3.134095518,     2647P   4306
3.867028258,-2.412543072,-3.106363448,3.933718438,-2.339369873,     2647P   4307
-3.078517827,4.,-2.265880297,-3.050538719,                          2647P   4308
3.06861375432885E-007,0.000308837479736716,0.,0.,0.;                2647P   4309
126,1,1,1,0,1,0,0.,0.,1.,1.,1.,1.,0.468927202,1.,0.,0.06996328,     2649P   4310
1.,0.,0.,1.,0.,0.,1.;                                               2649P   4311
110,4.,-2.265880297,-3.050538719,4.,-2.078224965,-2.975914897;      2651P   4312
102,6,2629,2633,2637,2641,2645,2649;                                2653P   4313
102,6,2631,2635,2639,2643,2647,2651;                                2655P   4314
142,1,2627,2653,2655,1;                                             2657P   4315
144,2627,1,0,2657;                                                  2659P   4316
128,1,1,1,1,0,0,1,0,0,0.,0.,1.,1.,0.,0.,1.,1.,1.,1.,1.,1.,          2661P   4317
0.143060267,0.656463811,-3.943891484,0.143060267,0.342706106,       2661P   4318
-3.546805577,4.,0.603640441,-3.985629906,4.,0.289882736,            2661P   4319
-3.588544,0.,1.,0.,1.;                                              2661P   4320
126,2,2,1,0,1,0,0.,0.,0.,1.,1.,1.,1.,1.,1.,0.530982661,1.,0.,       2663P   4321
0.304800863,0.974981668,0.,0.06682658,0.948145417,0.,0.,1.,0.,      2663P   4322
0.,-1.;                                                             2663P   4323
126,3,3,1,0,1,0,3.10321405701139E-007,3.10321405701139E-007,        2665P   4324
3.10321405701139E-007,3.10321405701139E-007,                        2665P   4325
0.000308840939767007,0.000308840939767007,0.000308840939767007,     2665P   4326
0.000308840939767007,1.,1.,1.,1.,4.,0.43704054,-3.774784175,        2665P   4327
3.933718438,0.486694825,-3.835759581,3.867028258,0.536141864,       2665P   4328
-3.896461195,3.8,0.58541222,-3.956929685,3.10321405701139E-007,     2665P   4329
0.000308840939767007,0.,0.,0.;                                      2665P   4330
126,1,1,1,0,1,0,0.,0.,1.,1.,1.,1.,0.06682658,0.948145417,0.,        2667P   4331
0.006120719,0.139950967,0.,0.,1.,0.,0.,1.;                          2667P   4332
126,3,3,1,0,0,0,0.,0.,0.,0.,1.,1.,1.,1.,1.,0.99997966465909,        2669P   4333
0.99997966465909,1.,3.8,0.58541222,-3.956929685,2.765540636,        2669P   4334
0.606016572,-3.953881352,1.726467077,0.626596486,-3.95067218,       2669P   4335
0.682842712,0.647150706,-3.947302365,0.,1.,0.,0.,0.;                2669P   4336
126,4,2,1,0,1,0,0.,0.,0.,0.5,0.5,1.,1.,1.,1.,1.,1.,1.,1.,           2671P   4337
0.006120719,0.139950967,0.,0.005344978,0.129432242,0.,              2671P   4338
0.040330626,0.119753643,0.,0.074041656,0.110427661,0.,              2671P   4339
0.136015892,0.10328424,0.,0.,1.,0.,0.,-1.;                          2671P   4340
126,9,3,1,0,1,0,1.99299454299747E-007,1.99299454299747E-007,        2673P   4341
1.99299454299747E-007,1.99299454299747E-007,                        2673P   4342
3.0308109627952E-005,3.0308109627952E-005,3.0308109627952E-005,     2673P   4343
9.65025701074265E-005,9.65025701074265E-005,                        2673P   4344
9.65025701074265E-005,0.000162035424546403,                         2673P   4345
0.000162035424546403,0.000162035424546403,0.000162035424546403,     2673P   4346
1.,1.,1.,1.,1.,1.,1.,1.,1.,1.,0.682842712,0.647150706,              2673P   4347
-3.947302365,0.672808439,0.647348331,-3.947269965,0.662729074,      2673P   4348
0.647006692,-3.946553811,0.652826423,0.646136056,-3.945173145,      2673P   4349
0.631340162,0.644246995,-3.942177447,0.610217766,0.639754339,       2673P   4350
-3.935896933,0.591375741,0.633247255,-3.927131199,0.572681406,      2673P   4351
0.626791176,-3.918434173,0.555679384,0.618199415,-3.907081914,      2673P   4352
0.541421356,0.608331955,-3.894192412,1.99299454299747E-007,         2673P   4353
0.000162035424546403,0.,0.,0.;                                      2673P   4354
126,2,2,1,0,1,0,0.,0.,0.,1.,1.,1.,1.,1.,1.,0.136015892,             2675P   4355
0.10328424,0.,0.586681974,0.051338502,0.,0.994071146,               2675P   4356
0.005964215,0.,0.,1.,0.,0.,-1.;                                     2675P   4357
126,3,3,1,0,1,0,3.03052549399784E-007,3.03052549399784E-007,        2677P   4358
3.03052549399784E-007,3.03052549399784E-007,                        2677P   4359
0.000574330542374878,0.000574330542374878,0.000574330542374878,     2677P   4360
0.000574330542374878,1.,1.,1.,1.,0.541421356,0.608331955,           2677P   4361
-3.894192412,0.415149461,0.520943793,-3.780040443,0.289879504,      2677P   4362
0.432988483,-3.665198913,0.166063883,0.34425128,-3.549408779,       2677P   4363
3.03052549399784E-007,0.000574330542374878,0.,0.,0.;                2677P   4364
126,1,1,1,0,1,0,0.,0.,1.,1.,1.,1.,0.994071146,0.005964215,0.,       2679P   4365
0.930024254,1.,0.,0.,1.,0.,0.,1.;                                   2679P   4366
110,0.166063883,0.34425128,-3.549408779,4.,0.311838166,             2681P   4367
-3.616330382;                                                       2681P   4368
126,1,1,1,0,1,0,0.,0.,1.,1.,1.,1.,0.930024254,1.,0.,                2683P   4369
0.530982661,1.,0.,0.,1.,0.,0.,1.;                                   2683P   4370
110,4.,0.311838166,-3.616330382,4.,0.43704054,-3.774784175;         2685P   4371
102,6,2663,2667,2671,2675,2679,2683;                                2687P   4372
102,6,2665,2669,2673,2677,2681,2685;                                2689P   4373
142,1,2661,2687,2689,1;                                             2691P   4374
144,2661,1,0,2691;                                                  2693P   4375
128,1,1,1,1,0,0,1,0,0,0.,0.,1.,1.,0.,0.,1.,1.,1.,1.,1.,1.,          2695P   4376
0.120487027,-0.348382295,-3.548613232,4.,-0.348382295,              2695P   4377
-3.616330382,0.120487027,0.348382295,-3.548613232,4.,               2695P   4378
0.348382295,-3.616330382,0.,1.,0.,1.;                               2695P   4379
126,1,1,1,0,1,0,0.,0.,1.,1.,1.,1.,1.,0.947551684,0.,                2697P   4380
0.011748087,0.994071146,0.,0.,1.,0.,0.,1.;                          2697P   4381
110,4.,0.311838166,-3.616330382,0.166063883,0.34425128,             2699P   4382
-3.549408779;                                                       2699P   4383
126,2,2,1,0,1,0,0.,0.,0.,1.,1.,1.,1.,1.,1.,0.011748087,             2701P   4384
0.994071146,0.,0.007378728,0.746436795,0.,0.007378728,0.5,0.,       2701P   4385
0.,1.,0.,0.,-1.;                                                    2701P   4386
126,3,3,1,0,1,0,5.83108092530204E-006,5.83108092530204E-006,        2703P   4387
5.83108092530204E-006,5.83108092530204E-006,                        2703P   4388
0.000350082360745955,0.000350082360745955,0.000350082360745955,     2703P   4389
0.000350082360745955,1.,1.,1.,1.,0.166063883,0.34425128,            2703P   4390
-3.549408779,0.154830982,0.229912398,-3.549212707,0.149112898,      2703P   4391
0.114889496,-3.549112898,0.149112898,0.,-3.549112898,               2703P   4392
5.83108092530204E-006,0.000350082360745955,0.,0.,0.;                2703P   4393
126,2,2,1,0,1,0,0.,0.,0.,1.,1.,1.,1.,1.,1.,0.007378728,0.5,0.,      2705P   4394
0.007378728,0.253563205,0.,0.011748087,0.005928854,0.,0.,1.,0.,     2705P   4395
0.,-1.;                                                             2705P   4396
126,3,3,1,0,1,0,0.000350082360745955,0.000350082360745955,          2707P   4397
0.000350082360745955,0.000350082360745955,0.000694333640567672,     2707P   4398
0.000694333640567672,0.000694333640567672,0.000694333640567672,     2707P   4399
1.,1.,1.,1.,0.149112898,0.,-3.549112898,0.149112898,                2707P   4400
-0.114889496,-3.549112898,0.154830982,-0.229912398,                 2707P   4401
-3.549212707,0.166063883,-0.34425128,-3.549408779,                  2707P   4402
0.000350082360745955,0.000694333640567672,0.,0.,0.;                 2707P   4403
126,1,1,1,0,1,0,0.,0.,1.,1.,1.,1.,0.011748087,0.005928854,0.,       2709P   4404
1.,0.052448316,0.,0.,1.,0.,0.,1.;                                   2709P   4405
110,0.166063883,-0.34425128,-3.549408779,4.,-0.311838166,           2711P   4406
-3.616330382;                                                       2711P   4407
126,1,1,1,0,1,0,0.,0.,1.,1.,1.,1.,1.,0.052448316,0.,1.,             2713P   4408
0.947551684,0.,0.,1.,0.,0.,1.;                                      2713P   4409
110,4.,-0.311838166,-3.616330382,4.,0.311838166,-3.616330382;       2715P   4410
102,5,2697,2701,2705,2709,2713;                                     2717P   4411
102,5,2699,2703,2707,2711,2715;                                     2719P   4412
142,1,2695,2717,2719,1;                                             2721P   4413
144,2695,1,0,2721;                                                  2723P   4414
128,1,1,1,1,0,0,1,0,0,0.,0.,1.,1.,0.,0.,1.,1.,1.,1.,1.,1.,          2725P   4415
0.143060267,-0.342705744,-3.546805119,0.143060267,-0.656524531,     2725P   4416
-3.943968331,4.,-0.289882374,-3.588543541,4.,-0.603701161,          2725P   4417
-3.985706753,0.,1.,0.,1.;                                           2725P   4418
126,1,1,1,0,1,0,0.,0.,1.,1.,1.,1.,0.06996328,1.,0.,0.005928854,     2727P   4419
0.005964215,0.,0.,1.,0.,0.,1.;                                      2727P   4420
110,4.,-0.311838166,-3.616330382,0.166063883,-0.34425128,           2729P   4421
-3.549408779;                                                       2729P   4422
126,2,2,1,0,1,0,0.,0.,0.,1.,1.,1.,1.,1.,1.,0.005928854,             2731P   4423
0.005964215,0.,0.413238731,0.051338502,0.,0.863817094,              2731P   4424
0.10328424,0.,0.,1.,0.,0.,-1.;                                      2731P   4425
126,3,3,1,0,1,0,1.95363622532232E-005,1.95363622532232E-005,        2733P   4426
1.95363622532232E-005,1.95363622532232E-005,                        2733P   4427
0.000593563852078478,0.000593563852078478,0.000593563852078478,     2733P   4428
0.000593563852078478,1.,1.,1.,1.,0.166063883,-0.34425128,           2733P   4429
-3.549408779,0.289879504,-0.432988483,-3.665198913,0.415149461,     2733P   4430
-0.520943793,-3.780040443,0.541421356,-0.608331955,                 2733P   4431
-3.894192412,1.95363622532232E-005,0.000593563852078478,0.,0.,      2733P   4432
0.;                                                                 2733P   4433
126,4,2,1,0,1,0,0.,0.,0.,0.5,0.5,1.,1.,1.,1.,1.,1.,1.,1.,           2735P   4434
0.863817095,0.10328424,0.,0.925867634,0.110437848,0.,               2735P   4435
0.959576303,0.119779276,0.,0.994461505,0.129446747,0.,              2735P   4436
0.993686984,0.139950967,0.,0.,1.,0.,0.,-1.;                         2735P   4437
126,9,3,1,0,1,0,3.01927832266355E-007,3.01927832266355E-007,        2737P   4438
3.01927832266355E-007,3.01927832266355E-007,                        2737P   4439
3.991986346569E-005,3.991986346569E-005,3.991986346569E-005,        2737P   4440
0.000100791733627085,0.000100791733627085,0.000100791733627085,     2737P   4441
0.000161638366614794,0.000161638366614794,0.000161638366614794,     2737P   4442
0.000161638366614794,1.,1.,1.,1.,1.,1.,1.,1.,1.,1.,0.541421356,     2737P   4443
-0.608331955,-3.894192412,0.550136327,-0.614363268,                 2737P   4444
-3.902070896,0.559825624,-0.619904767,-3.909356912,0.570285287,     2737P   4445
-0.624758349,-3.915794003,0.586231437,-0.632157817,-3.92560759,     2737P   4446
0.604333118,-0.638076133,-3.933607347,0.623352638,-0.641903984,     2737P   4447
-3.93898729,0.642340047,-0.645725371,-3.944358151,0.662747688,      2737P   4448
-0.647546478,-3.947237479,0.682842712,-0.647150706,                 2737P   4449
-3.947302365,3.01927832266355E-007,0.000161638366614794,0.,0.,      2737P   4450
0.;                                                                 2737P   4451
126,1,1,1,0,1,0,0.,0.,1.,1.,1.,1.,0.993686984,0.139950967,0.,       2739P   4452
0.932992939,0.948145417,0.,0.,1.,0.,0.,1.;                          2739P   4453
126,3,3,1,0,0,0,0.,0.,0.,0.,1.,1.,1.,1.,1.,0.99997966465909,        2741P   4454
0.99997966465909,1.,0.682842712,-0.647150706,-3.947302365,          2741P   4455
1.726467077,-0.626596486,-3.95067218,2.765540636,-0.606016572,      2741P   4456
-3.953881352,3.8,-0.58541222,-3.956929685,0.,1.,0.,0.,0.;           2741P   4457
126,2,2,1,0,1,0,0.,0.,0.,1.,1.,1.,1.,1.,1.,0.932992939,             2743P   4458
0.948145417,0.,0.695064975,0.974981668,0.,0.468927202,1.,0.,0.,     2743P   4459
1.,0.,0.,-1.;                                                       2743P   4460
126,3,3,1,0,1,0,3.06861375434474E-007,3.06861375434474E-007,        2745P   4461
3.06861375434474E-007,3.06861375434474E-007,                        2745P   4462
0.000308837479736711,0.000308837479736711,0.000308837479736711,     2745P   4463
0.000308837479736711,1.,1.,1.,1.,3.8,-0.58541222,-3.956929685,      2745P   4464
3.867028258,-0.536141864,-3.896461195,3.933718438,-0.486694825,     2745P   4465
-3.835759581,4.,-0.43704054,-3.774784175,3.06861375434474E-007,     2745P   4466
0.000308837479736711,0.,0.,0.;                                      2745P   4467
126,1,1,1,0,1,0,0.,0.,1.,1.,1.,1.,0.468927202,1.,0.,0.06996328,     2747P   4468
1.,0.,0.,1.,0.,0.,1.;                                               2747P   4469
110,4.,-0.43704054,-3.774784175,4.,-0.311838166,-3.616330382;       2749P   4470
102,6,2727,2731,2735,2739,2743,2747;                                2751P   4471
102,6,2729,2733,2737,2741,2745,2749;                                2753P   4472
142,1,2725,2751,2753,1;                                             2755P   4473
144,2725,1,0,2755;                                                  2757P   4474
128,1,1,1,1,0,0,1,0,0,0.,0.,1.,1.,0.,0.,1.,1.,1.,1.,1.,1.,          2759P   4475
0.143060267,2.540460079,-3.08727831,0.143060267,2.070194983,        2759P   4476
-2.900270679,4.,2.51558291,-3.149836529,4.,2.045317814,             2759P   4477
-2.962828898,0.,1.,0.,1.;                                           2759P   4478
126,2,2,1,0,1,0,0.,0.,0.,1.,1.,1.,1.,1.,1.,0.530982661,1.,0.,       2761P   4479
0.304800863,0.974981668,0.,0.06682658,0.948145417,0.,0.,1.,0.,      2761P   4480
0.,-1.;                                                             2761P   4481
126,3,3,1,0,1,0,3.10321405698679E-007,3.10321405698679E-007,        2763P   4482
3.10321405698679E-007,3.10321405698679E-007,                        2763P   4483
0.000308840939766989,0.000308840939766989,0.000308840939766989,     2763P   4484
0.000308840939766989,1.,1.,1.,1.,4.,2.265880297,-3.050538719,       2763P   4485
3.933718438,2.339369873,-3.078517827,3.867028258,2.412543072,       2763P   4486
-3.106363448,3.8,2.485446697,-3.134095518,                          2763P   4487
3.10321405698679E-007,0.000308840939766989,0.,0.,0.;                2763P   4488
126,1,1,1,0,1,0,0.,0.,1.,1.,1.,1.,0.06682658,0.948145417,0.,        2765P   4489
0.006120719,0.139950967,0.,0.,1.,0.,0.,1.;                          2765P   4490
126,3,3,1,0,0,0,0.,0.,0.,0.,1.,1.,1.,1.,1.,0.99997966465909,        2767P   4491
0.99997966465909,1.,3.8,2.485446697,-3.134095518,2.765540636,       2767P   4492
2.501766422,-3.121153409,1.726467077,2.517984565,-3.108084227,      2767P   4493
0.682842712,2.534100134,-3.094888772,0.,1.,0.,0.,0.;                2767P   4494
126,4,2,1,0,1,0,0.,0.,0.,0.5,0.5,1.,1.,1.,1.,1.,1.,1.,1.,           2769P   4495
0.006120719,0.139950967,0.,0.005344978,0.129432242,0.,              2769P   4496
0.040330626,0.119753643,0.,0.074041656,0.110427661,0.,              2769P   4497
0.136015892,0.10328424,0.,0.,1.,0.,0.,-1.;                          2769P   4498
126,9,3,1,0,1,0,1.99299454263393E-007,1.99299454263393E-007,        2771P   4499
1.99299454263393E-007,1.99299454263393E-007,                        2771P   4500
3.0308109627915E-005,3.0308109627915E-005,3.0308109627915E-005,     2771P   4501
9.6502570107391E-005,9.6502570107391E-005,9.6502570107391E-005,     2771P   4502
0.000162035424546365,0.000162035424546365,0.000162035424546365,     2771P   4503
0.000162035424546365,1.,1.,1.,1.,1.,1.,1.,1.,1.,1.,0.682842712,     2771P   4504
2.534100134,-3.094888772,0.672808439,2.534255083,-3.0947619,        2771P   4505
0.662729074,2.533601137,-3.094312512,0.652826423,2.532156811,       2771P   4506
-3.093552138,0.631340162,2.529022987,-3.091902318,0.610217766,      2771P   4507
2.521991977,-3.088709561,0.591375741,2.511973809,-3.084371754,      2771P   4508
0.572681406,2.502034167,-3.080067949,0.555679384,2.488917355,       2771P   4509
-3.074532485,0.541421356,2.473927133,-3.068303578,                  2771P   4510
1.99299454263393E-007,0.000162035424546365,0.,0.,0.;                2771P   4511
126,2,2,1,0,1,0,0.,0.,0.,1.,1.,1.,1.,1.,1.,0.136015892,             2773P   4512
0.10328424,0.,0.586681974,0.051338502,0.,0.994071146,               2773P   4513
0.005964215,0.,0.,1.,0.,0.,-1.;                                     2773P   4514
126,3,3,1,0,1,0,3.0305324511636E-007,3.0305324511636E-007,          2775P   4515
3.0305324511636E-007,3.0305324511636E-007,0.000574330569191228,     2775P   4516
0.000574330569191228,0.000574330569191228,0.000574330569191228,     2775P   4517
1.,1.,1.,1.,0.541421356,2.473927133,-3.068303578,0.415149461,       2775P   4518
2.34117078,-3.013139155,0.289879504,2.207578482,-2.957661127,       2775P   4519
0.166063883,2.072834743,-2.901752531,3.0305324511636E-007,          2775P   4520
0.000574330569191228,0.,0.,0.;                                      2775P   4521
126,1,1,1,0,1,0,0.,0.,1.,1.,1.,1.,0.994071146,0.005964215,0.,       2777P   4522
0.930024254,1.,0.,0.,1.,0.,0.,1.;                                   2777P   4523
110,0.166063883,2.072834743,-2.901752531,4.,2.078224965,            2779P   4524
-2.975914897;                                                       2779P   4525
126,1,1,1,0,1,0,0.,0.,1.,1.,1.,1.,0.930024254,1.,0.,                2781P   4526
0.530982661,1.,0.,0.,1.,0.,0.,1.;                                   2781P   4527
110,4.,2.078224965,-2.975914897,4.,2.265880297,-3.050538719;        2783P   4528
102,6,2761,2765,2769,2773,2777,2781;                                2785P   4529
102,6,2763,2767,2771,2775,2779,2783;                                2787P   4530
142,1,2759,2785,2787,1;                                             2789P   4531
144,2759,1,0,2789;                                                  2791P   4532
128,1,1,1,1,0,0,1,0,0,0.,0.,1.,1.,0.,0.,1.,1.,1.,1.,1.,1.,          2793P   4533
0.120487027,2.076014534,-2.898998059,0.120487027,1.472598698,       2793P   4534
-3.247380354,4.,2.109873109,-2.957642832,4.,1.506457273,            2793P   4535
-3.306025127,0.,1.,0.,1.;                                           2793P   4536
126,1,1,1,0,1,0,0.,0.,1.,1.,1.,1.,0.052448316,1.,0.,                2795P   4537
0.005928854,0.011748087,0.,0.,1.,0.,0.,1.;                          2795P   4538
110,4.,2.078224965,-2.975914897,0.166063883,2.072834743,            2797P   4539
-2.901752531;                                                       2797P   4540
126,2,2,1,0,1,0,0.,0.,0.,1.,1.,1.,1.,1.,1.,0.005928854,             2799P   4541
0.011748087,0.,0.5,0.003030499,0.,0.994071146,0.011748087,0.,       2799P   4542
0.,1.,0.,0.,-1.;                                                    2799P   4543
126,3,3,1,0,1,0,1.6179998222162E-005,1.6179998222162E-005,          2801P   4544
1.6179998222162E-005,1.6179998222162E-005,0.00070468246747344,      2801P   4545
0.00070468246747344,0.00070468246747344,0.00070468246747344,1.,     2801P   4546
1.,1.,1.,0.166063883,2.072834743,-2.901752531,0.143625276,          2801P   4547
1.874837878,-3.015613815,0.143625276,1.674179233,-3.131464138,      2801P   4548
0.166063883,1.476574036,-3.246003811,1.6179998222162E-005,          2801P   4549
0.00070468246747344,-0.017452406,0.499923848,-0.865893504;          2801P   4550
126,1,1,1,0,1,0,0.,0.,1.,1.,1.,1.,0.994071146,0.011748087,0.,       2803P   4551
0.947551684,1.,0.,0.,1.,0.,0.,1.;                                   2803P   4552
110,0.166063883,1.476574036,-3.246003811,4.,1.538105418,            2805P   4553
-3.287753063;                                                       2805P   4554
126,1,1,1,0,1,0,0.,0.,1.,1.,1.,1.,0.947551684,1.,0.,                2807P   4555
0.052448316,1.,0.,0.,1.,0.,0.,1.;                                   2807P   4556
110,4.,1.538105418,-3.287753063,4.,2.078224965,-2.975914897;        2809P   4557
102,4,2795,2799,2803,2807;                                          2811P   4558
102,4,2797,2801,2805,2809;                                          2813P   4559
142,1,2793,2811,2813,1;                                             2815P   4560
144,2793,1,0,2815;                                                  2817P   4561
128,1,1,1,1,0,0,1,0,0,0.,0.,1.,1.,0.,0.,1.,1.,1.,1.,1.,1.,          2819P   4562
0.143060267,1.476610679,-3.242976207,0.143060267,1.403417243,       2819P   4563
-3.743839032,4.,1.54322627,-3.252711056,4.,1.470032835,             2819P   4564
-3.753573881,0.,1.,0.,1.;                                           2819P   4565
126,1,1,1,0,1,0,0.,0.,1.,1.,1.,1.,0.06996328,1.,0.,0.005928854,     2821P   4566
0.005964215,0.,0.,1.,0.,0.,1.;                                      2821P   4567
110,4.,1.538105418,-3.287753063,0.166063883,1.476574036,            2823P   4568
-3.246003811;                                                       2823P   4569
126,2,2,1,0,1,0,0.,0.,0.,1.,1.,1.,1.,1.,1.,0.005928854,             2825P   4570
0.005964215,0.,0.413238731,0.051338502,0.,0.863817094,              2825P   4571
0.10328424,0.,0.,1.,0.,0.,-1.;                                      2825P   4572
126,3,3,1,0,1,0,9.85729167827999E-006,9.85729167827999E-006,        2827P   4573
9.85729167827999E-006,9.85729167827999E-006,                        2827P   4574
0.000583884801278354,0.000583884801278354,0.000583884801278354,     2827P   4575
0.000583884801278354,1.,1.,1.,1.,0.166063883,1.476574036,           2827P   4576
-3.246003811,0.289879504,1.45762043,-3.39064961,0.415149461,        2827P   4577
1.438869663,-3.534082947,0.541421356,1.420265279,-3.676635533,      2827P   4578
9.85729167827999E-006,0.000583884801278354,0.,0.,0.;                2827P   4579
126,4,2,1,0,1,0,0.,0.,0.,0.5,0.5,1.,1.,1.,1.,1.,1.,1.,1.,           2829P   4580
0.863817095,0.10328424,0.,0.925867634,0.110437848,0.,               2829P   4581
0.959576303,0.119779276,0.,0.994461505,0.129446747,0.,              2829P   4582
0.993686984,0.139950967,0.,0.,1.,0.,0.,-1.;                         2829P   4583
126,9,3,1,0,1,0,0.000489481511104266,0.000489481511104266,          2831P   4584
0.000489481511104266,0.000489481511104266,0.000528637796767696,     2831P   4585
0.000528637796767696,0.000528637796767696,0.000588800354427042,     2831P   4586
0.000588800354427042,0.000588800354427042,0.000648937968989902,     2831P   4587
0.000648937968989902,0.000648937968989902,0.000648937968989902,     2831P   4588
1.,1.,1.,1.,1.,1.,1.,1.,1.,1.,0.541421356,1.420265279,              2831P   4589
-3.676635533,0.550136327,1.418981251,-3.686474157,0.559825624,      2831P   4590
1.41782518,-3.695554781,0.570285287,1.4168404,-3.703556257,         2831P   4591
0.586231437,1.415339066,-3.715754807,0.604333118,1.414213532,       2831P   4592
-3.725641958,0.623352638,1.413588489,-3.73221505,0.642340047,       2831P   4593
1.4129645,-3.738777046,0.662747688,1.412827039,-3.742181171,        2831P   4594
0.682842712,1.413202231,-3.742039478,0.000489481511104266,          2831P   4595
0.000648937968989902,0.,0.,0.;                                      2831P   4596
126,1,1,1,0,1,0,0.,0.,1.,1.,1.,1.,0.993686984,0.139950967,0.,       2833P   4597
0.932992939,0.948145417,0.,0.,1.,0.,0.,1.;                          2833P   4598
126,3,3,1,0,0,0,0.,0.,0.,0.,1.,1.,1.,1.,1.,0.99997966465909,        2835P   4599
0.99997966465909,1.,0.682842712,1.413202231,-3.742039478,           2835P   4600
1.726467077,1.432687616,-3.734680713,2.765540636,1.45211493,        2835P   4601
-3.72716998,3.8,1.471482988,-3.719507738,0.,1.,0.,0.,0.;            2835P   4602
126,2,2,1,0,1,0,0.,0.,0.,1.,1.,1.,1.,1.,1.,0.932992939,             2837P   4603
0.948145417,0.,0.695064975,0.974981668,0.,0.468927202,1.,0.,0.,     2837P   4604
1.,0.,0.,-1.;                                                       2837P   4605
126,3,3,1,0,1,0,3.06861375434116E-007,3.06861375434116E-007,        2839P   4606
3.06861375434116E-007,3.06861375434116E-007,                        2839P   4607
0.000308837479736711,0.000308837479736711,0.000308837479736711,     2839P   4608
0.000308837479736711,1.,1.,1.,1.,3.8,1.471482988,-3.719507738,      2839P   4609
3.867028258,1.483918123,-3.642505312,3.933718438,1.496389708,       2839P   4610
-3.565212653,4.,1.508903877,-3.487579259,3.06861375434116E-007,     2839P   4611
0.000308837479736711,0.,0.,0.;                                      2839P   4612
126,1,1,1,0,1,0,0.,0.,1.,1.,1.,1.,0.468927202,1.,0.,0.06996328,     2841P   4613
1.,0.,0.,1.,0.,0.,1.;                                               2841P   4614
110,4.,1.508903877,-3.487579259,4.,1.538105418,-3.287753063;        2843P   4615
102,6,2821,2825,2829,2833,2837,2841;                                2845P   4616
102,6,2823,2827,2831,2835,2839,2843;                                2847P   4617
142,1,2819,2845,2847,1;                                             2849P   4618
144,2819,1,0,2849;                                                  2851P   4619
128,1,1,1,1,0,0,1,0,0,0.,0.,1.,1.,0.,0.,1.,1.,1.,1.,1.,1.,          2853P   4620
0.143060267,3.743730544,-1.403433097,0.143060267,3.242976854,       2853P   4621
-1.476610585,4.,3.753465393,-1.470048689,4.,3.252711703,            2853P   4622
-1.543226176,0.,1.,0.,1.;                                           2853P   4623
126,2,2,1,0,1,0,0.,0.,0.,1.,1.,1.,1.,1.,1.,0.530971892,1.,0.,       2855P   4624
0.304784833,0.974981668,0.,0.066805015,0.948145417,0.,0.,1.,0.,     2855P   4625
0.,-1.;                                                             2855P   4626
126,3,3,1,0,1,0,3.10321405702302E-007,3.10321405702302E-007,        2857P   4627
3.10321405702302E-007,3.10321405702302E-007,                        2857P   4628
0.000308840939766997,0.000308840939766997,0.000308840939766997,     2857P   4629
0.000308840939766997,1.,1.,1.,1.,4.,3.487579259,-1.508903877,       2857P   4630
3.933718438,3.565212653,-1.496389708,3.867028258,3.642505312,       2857P   4631
-1.483918123,3.8,3.719507738,-1.471482988,                          2857P   4632
3.10321405702302E-007,0.000308840939766997,0.,0.,0.;                2857P   4633
126,1,1,1,0,1,0,0.,0.,1.,1.,1.,1.,0.066805015,0.948145417,0.,       2859P   4634
0.006097743,0.139950967,0.,0.,1.,0.,0.,1.;                          2859P   4635
126,3,3,1,0,0,0,0.,0.,0.,0.,1.,1.,1.,1.,1.,0.99997966465909,        2861P   4636
0.99997966465909,1.,3.8,3.719507738,-1.471482988,2.765540636,       2861P   4637
3.72716998,-1.45211493,1.726467077,3.734680713,-1.432687616,        2861P   4638
0.682842712,3.742039478,-1.413202231,0.,1.,0.,0.,0.;                2861P   4639
126,4,2,1,0,1,0,0.,0.,0.,0.5,0.5,1.,1.,1.,1.,1.,1.,1.,1.,           2863P   4640
0.006097743,0.139950967,0.,0.005321352,0.129423677,0.,              2863P   4641
0.040363166,0.119738512,0.,0.074072438,0.110421647,0.,              2863P   4642
0.135995936,0.10328424,0.,0.,1.,0.,0.,-1.;                          2863P   4643
126,9,3,1,0,1,0,2.71172577258239E-005,2.71172577258239E-005,        2865P   4644
2.71172577258239E-005,2.71172577258239E-005,                        2865P   4645
5.30848615518984E-005,5.30848615518984E-005,                        2865P   4646
5.30848615518984E-005,0.000120737724381874,                         2865P   4647
0.000120737724381874,0.000120737724381874,0.00018533302735014,      2865P   4648
0.00018533302735014,0.00018533302735014,0.00018533302735014,1.,     2865P   4649
1.,1.,1.,1.,1.,1.,1.,1.,1.,0.682842712,3.742039478,                 2865P   4650
-1.413202231,0.674010277,3.742101757,-1.413037322,0.665146224,      2865P   4651
3.741497648,-1.412969237,0.656402089,3.740239792,-1.412998803,      2865P   4652
0.633809244,3.73698978,-1.413075194,0.611508351,3.729149176,        2865P   4653
-1.413827581,0.591733423,3.717824364,-1.41513369,0.572897824,       2865P   4654
3.707037492,-1.416377757,0.555769005,3.692833077,-1.418151355,      2865P   4655
0.541421356,3.676635533,-1.420265279,2.71172577258239E-005,         2865P   4656
0.00018533302735014,0.,0.,0.;                                       2865P   4657
126,2,2,1,0,1,0,0.,0.,0.,1.,1.,1.,1.,1.,1.,0.135995936,             2867P   4658
0.10328424,0.,0.586672499,0.051338502,0.,0.994071146,               2867P   4659
0.005964215,0.,0.,1.,0.,0.,-1.;                                     2867P   4660
126,3,3,1,0,1,0,3.03052928755646E-007,3.03052928755646E-007,        2869P   4661
3.03052928755646E-007,3.03052928755646E-007,                        2869P   4662
0.000574330562528994,0.000574330562528994,0.000574330562528994,     2869P   4663
0.000574330562528994,1.,1.,1.,1.,0.541421356,3.676635533,           2869P   4664
-1.420265279,0.415149461,3.534082947,-1.438869663,0.289879504,      2869P   4665
3.39064961,-1.45762043,0.166063883,3.246003811,-1.476574036,        2869P   4666
3.03052928755646E-007,0.000574330562528994,0.,0.,0.;                2869P   4667
126,1,1,1,0,1,0,0.,0.,1.,1.,1.,1.,0.994071146,0.005964215,0.,       2871P   4668
0.930022764,1.,0.,0.,1.,0.,0.,1.;                                   2871P   4669
110,0.166063883,3.246003811,-1.476574036,4.,3.287753063,            2873P   4670
-1.538105418;                                                       2873P   4671
126,1,1,1,0,1,0,0.,0.,1.,1.,1.,1.,0.930022764,1.,0.,                2875P   4672
0.530971892,1.,0.,0.,1.,0.,0.,1.;                                   2875P   4673
110,4.,3.287753063,-1.538105418,4.,3.487579259,-1.508903877;        2877P   4674
102,6,2855,2859,2863,2867,2871,2875;                                2879P   4675
102,6,2857,2861,2865,2869,2873,2877;                                2881P   4676
142,1,2853,2879,2881,1;                                             2883P   4677
144,2853,1,0,2883;                                                  2885P   4678
128,1,1,1,1,0,0,1,0,0,0.,0.,1.,1.,0.,0.,1.,1.,1.,1.,1.,1.,          2887P   4679
0.120487027,3.247380354,-1.472598698,0.120487027,2.898998059,       2887P   4680
-2.076014534,4.,3.306025127,-1.506457273,4.,2.957642832,            2887P   4681
-2.109873109,0.,1.,0.,1.;                                           2887P   4682
126,1,1,1,0,1,0,0.,0.,1.,1.,1.,1.,0.052448316,1.,0.,                2889P   4683
0.005928854,0.011748087,0.,0.,1.,0.,0.,1.;                          2889P   4684
110,4.,3.287753063,-1.538105418,0.166063883,3.246003811,            2891P   4685
-1.476574036;                                                       2891P   4686
126,2,2,1,0,1,0,0.,0.,0.,1.,1.,1.,1.,1.,1.,0.005928854,             2893P   4687
0.011748087,0.,0.5,0.003030499,0.,0.994071146,0.011748087,0.,       2893P   4688
0.,1.,0.,0.,-1.;                                                    2893P   4689
126,3,3,1,0,1,0,1.25864445744701E-005,1.25864445744701E-005,        2895P   4690
1.25864445744701E-005,1.25864445744701E-005,                        2895P   4691
0.000701088913825777,0.000701088913825777,0.000701088913825777,     2895P   4692
0.000701088913825777,1.,1.,1.,1.,0.166063883,3.246003811,           2895P   4693
-1.476574036,0.143625276,3.131464138,-1.674179233,0.143625276,      2895P   4694
3.015613815,-1.874837878,0.166063883,2.901752531,-2.072834743,      2895P   4695
1.25864445744701E-005,0.000701088913825777,-0.017452406,            2895P   4696
0.865893504,-0.499923848;                                           2895P   4697
126,1,1,1,0,1,0,0.,0.,1.,1.,1.,1.,0.994071146,0.011748087,0.,       2897P   4698
0.947551684,1.,0.,0.,1.,0.,0.,1.;                                   2897P   4699
110,0.166063883,2.901752531,-2.072834743,4.,2.975914897,            2899P   4700
-2.078224965;                                                       2899P   4701
126,1,1,1,0,1,0,0.,0.,1.,1.,1.,1.,0.947551684,1.,0.,                2901P   4702
0.052448316,1.,0.,0.,1.,0.,0.,1.;                                   2901P   4703
110,4.,2.975914897,-2.078224965,4.,3.287753063,-1.538105418;        2903P   4704
102,4,2889,2893,2897,2901;                                          2905P   4705
102,4,2891,2895,2899,2903;                                          2907P   4706
142,1,2887,2905,2907,1;                                             2909P   4707
144,2887,1,0,2909;                                                  2911P   4708
128,1,1,1,1,0,0,1,0,0,0.,0.,1.,1.,0.,0.,1.,1.,1.,1.,1.,1.,          2913P   4709
0.143060267,2.900270463,-2.07019444,0.143060267,3.087314501,        2913P   4710
-2.540551087,4.,2.962828682,-2.045317271,4.,3.14987272,             2913P   4711
-2.515673918,0.,1.,0.,1.;                                           2913P   4712
126,1,1,1,0,1,0,0.,0.,1.,1.,1.,1.,0.06996328,1.,0.,0.005928854,     2915P   4713
0.005964215,0.,0.,1.,0.,0.,1.;                                      2915P   4714
110,4.,2.975914897,-2.078224965,0.166063883,2.901752531,            2917P   4715
-2.072834743;                                                       2917P   4716
126,2,2,1,0,1,0,0.,0.,0.,1.,1.,1.,1.,1.,1.,0.005928854,             2919P   4717
0.005964215,0.,0.413238731,0.051338502,0.,0.863817094,              2919P   4718
0.10328424,0.,0.,1.,0.,0.,-1.;                                      2919P   4719
126,3,3,1,0,1,0,1.61368728333631E-006,1.61368728333631E-006,        2921P   4720
1.61368728333631E-006,1.61368728333631E-006,                        2921P   4721
0.000575641203229455,0.000575641203229455,0.000575641203229455,     2921P   4722
0.000575641203229455,1.,1.,1.,1.,0.166063883,2.901752531,           2921P   4723
-2.072834743,0.289879504,2.957661127,-2.207578482,0.415149461,      2921P   4724
3.013139155,-2.34117078,0.541421356,3.068303578,-2.473927133,       2921P   4725
1.61368728333631E-006,0.000575641203229455,0.,0.,0.;                2921P   4726
126,4,2,1,0,1,0,0.,0.,0.,0.5,0.5,1.,1.,1.,1.,1.,1.,1.,1.,           2923P   4727
0.863817095,0.10328424,0.,0.925867634,0.110437848,0.,               2923P   4728
0.959576303,0.119779276,0.,0.994461505,0.129446747,0.,              2923P   4729
0.993686984,0.139950967,0.,0.,1.,0.,0.,-1.;                         2923P   4730
126,9,3,1,0,1,0,3.01927834895248E-007,3.01927834895248E-007,        2925P   4731
3.01927834895248E-007,3.01927834895248E-007,                        2925P   4732
3.99198634685523E-005,3.99198634685523E-005,                        2925P   4733
3.99198634685523E-005,0.000100791733629894,                         2925P   4734
0.000100791733629894,0.000100791733629894,0.00016163836661734,      2925P   4735
0.00016163836661734,0.00016163836661734,0.00016163836661734,1.,     2925P   4736
1.,1.,1.,1.,1.,1.,1.,1.,1.,0.541421356,3.068303578,                 2925P   4737
-2.473927133,0.550136327,3.072110889,-2.483089645,0.559825624,      2925P   4738
3.075650015,-2.491531732,0.570285287,3.078797908,-2.498953603,      2925P   4739
0.586231437,3.08359699,-2.510268524,0.604333118,3.087565824,        2925P   4740
-2.519393815,0.623352638,3.090311067,-2.525398802,0.642340047,      2925P   4741
3.093051675,-2.531393651,0.662747688,3.094634693,-2.53441044,       2925P   4742
0.682842712,3.094888772,-2.534100134,3.01927834895248E-007,         2925P   4743
0.00016163836661734,0.,0.,0.;                                       2925P   4744
126,1,1,1,0,1,0,0.,0.,1.,1.,1.,1.,0.993686984,0.139950967,0.,       2927P   4745
0.932992939,0.948145417,0.,0.,1.,0.,0.,1.;                          2927P   4746
126,3,3,1,0,0,0,0.,0.,0.,0.,1.,1.,1.,1.,1.,0.99997966465909,        2929P   4747
0.99997966465909,1.,0.682842712,3.094888772,-2.534100134,           2929P   4748
1.726467077,3.108084227,-2.517984565,2.765540636,3.121153409,       2929P   4749
-2.501766422,3.8,3.134095518,-2.485446697,0.,1.,0.,0.,0.;           2929P   4750
126,2,2,1,0,1,0,0.,0.,0.,1.,1.,1.,1.,1.,1.,0.932992939,             2931P   4751
0.948145417,0.,0.695064975,0.974981668,0.,0.468927202,1.,0.,0.,     2931P   4752
1.,0.,0.,-1.;                                                       2931P   4753
126,3,3,1,0,1,0,3.06861375437702E-007,3.06861375437702E-007,        2933P   4754
3.06861375437702E-007,3.06861375437702E-007,                        2933P   4755
0.000308837479736717,0.000308837479736717,0.000308837479736717,     2933P   4756
0.000308837479736717,1.,1.,1.,1.,3.8,3.134095518,-2.485446697,      2933P   4757
3.867028258,3.106363448,-2.412543072,3.933718438,3.078517827,       2933P   4758
-2.339369873,4.,3.050538719,-2.265880297,3.06861375437702E-007,     2933P   4759
0.000308837479736717,0.,0.,0.;                                      2933P   4760
126,1,1,1,0,1,0,0.,0.,1.,1.,1.,1.,0.468927202,1.,0.,0.06996328,     2935P   4761
1.,0.,0.,1.,0.,0.,1.;                                               2935P   4762
110,4.,3.050538719,-2.265880297,4.,2.975914897,-2.078224965;        2937P   4763
102,6,2915,2919,2923,2927,2931,2935;                                2939P   4764
102,6,2917,2921,2925,2929,2933,2937;                                2941P   4765
142,1,2913,2939,2941,1;                                             2943P   4766
144,2913,1,0,2943;                                                  2945P   4767
128,3,3,3,3,0,0,0,0,0,0.,0.,0.,0.,1.,1.,1.,1.,0.,0.,0.,0.,1.,       2947P   4768
1.,1.,1.,1.,0.823042939390225,0.823042939390225,1.,                 2947P   4769
0.333333333333333,0.274347646463408,0.274347646463408,              2947P   4770
0.333333333333333,0.333333333333333,0.274347646463408,              2947P   4771
0.274347646463408,0.333333333333333,1.,0.823042939390225,           2947P   4772
0.823042939390225,1.,-0.499000833,0.,-3.085949814,-0.509974884,     2947P   4773
0.,-3.195324277,-0.443821196,0.,-3.283113186,-0.335658856,0.,       2947P   4774
-3.302711939,-0.499000833,-6.171899628,-3.085949814,                2947P   4775
-0.509974884,-6.390648554,-3.195324277,-0.443821196,                2947P   4776
-6.566226372,-3.283113186,-0.335658856,-6.605423878,                2947P   4777
-3.302711939,-0.499000833,-6.171899628,3.085949814,                 2947P   4778
-0.509974884,-6.390648554,3.195324277,-0.443821196,                 2947P   4779
-6.566226372,3.283113186,-0.335658856,-6.605423878,3.302711939,     2947P   4780
-0.499000833,0.,3.085949814,-0.509974884,0.,3.195324277,            2947P   4781
-0.443821196,0.,3.283113186,-0.335658856,0.,3.302711939,0.,1.,      2947P   4782
0.,1.;                                                              2947P   4783
126,1,1,1,0,1,0,0.,0.,1.,1.,1.,1.,0.072333233,0.,0.,                2949P   4784
0.927666767,0.,0.,0.,1.,0.,0.,1.;                                   2949P   4785
124,-1.,6.98296267768627E-015,0.,-0.6,4.91893509025491E-029,        2951P   4786
7.04419501764363E-015,-1.,-3.10591649710004,                        2951P   4787
-6.98296267768627E-015,-1.,-7.04419501764363E-015,                  2951P   4788
-3.10591649710006;                                                  2951P   4789
100,-3.105916497,-0.3,0.,-0.1,0.,-0.244872529,0.192252339;          2953P   4790
126,1,1,1,0,1,0,0.,0.,1.,1.,1.,1.,0.927666767,0.,0.,                2955P   4791
0.927666767,1.,0.,0.,1.,0.,0.,1.;                                   2955P   4792
124,-6.12323399573677E-017,8.62665088092701E-031,-1.,               2957P   4793
-0.3551274711634,-1.40883900352873E-014,-1.,0.,                     2957P   4794
-5.00317432599521E-015,-1.,1.40883900352873E-014,                   2957P   4795
6.12323399573677E-017,-0.3551274711634;                             2957P   4796
100,0.,-0.355127471,0.,2.943041365,0.,-3.653296307,0.;              2959P   4797
126,1,1,1,0,1,0,0.,0.,1.,1.,1.,1.,0.927666767,1.,0.,                2961P   4798
0.072333233,1.,0.,0.,1.,0.,0.,1.;                                   2961P   4799
124,-0.275637355816999,-0.961261695938319,0.,-0.3826912067451,      2963P   4800
5.88603029536909E-017,-1.68779202763364E-017,-1.,                   2963P   4801
3.10591649710004,0.961261695938319,-0.275637355816999,              2963P   4802
6.12323399573677E-017,3.39429500588153;                             2963P   4803
100,3.105916497,-0.3,0.,-0.1,0.,-0.244872529,0.192252339;           2965P   4804
126,1,1,1,0,1,0,0.,0.,1.,1.,1.,1.,0.072333233,1.,0.,                2967P   4805
0.072333233,0.,0.,0.,1.,0.,0.,1.;                                   2967P   4806
124,-6.12323399573677E-017,4.27583144589696E-031,1.,-0.5,           2969P   4807
-6.98296267768627E-015,-1.,0.,-3.49148133884313E-015,1.,            2969P   4808
-6.98296267768627E-015,6.12323399573677E-017,0.5;                   2969P   4809
100,0.,-0.5,0.,2.605916497,0.,-3.605916497,0.;                      2971P   4810
102,4,2949,2955,2961,2967;                                          2973P   4811
102,4,2953,2959,2965,2971;                                          2975P   4812
142,1,2947,2973,2975,1;                                             2977P   4813
144,2947,1,0,2977;                                                  2979P   4814
128,6,1,3,1,0,0,1,0,0,0.,0.,0.,0.,1.,1.,1.,2.,2.,2.,2.,0.,0.,       2981P   4815
1.,1.,1.,1.,1.,1.,1.,1.,1.,1.,1.,1.,1.,1.,1.,1.,-0.35,              2981P   4816
2.849155097,0.000255605,-0.35,2.849155097,-1.573566028,-0.35,       2981P   4817
1.573476229,-2.849192987,-0.35,-0.000302202,-2.849192987,-0.35,     2981P   4818
-1.574124474,-2.849192987,-0.35,-2.849667141,-1.573566028,          2981P   4819
-0.35,-2.849667141,0.000255605,-0.5,2.849155097,0.000255605,        2981P   4820
-0.5,2.849155097,-1.573566028,-0.5,1.573476229,-2.849192987,        2981P   4821
-0.5,-0.000302202,-2.849192987,-0.5,-1.574124474,-2.849192987,      2981P   4822
-0.5,-2.849667141,-1.573566028,-0.5,-2.849667141,0.000255605,       2981P   4823
0.,2.,0.,1.;                                                        2981P   4824
126,1,1,1,0,1,0,0.,0.,1.,1.,1.,1.,0.,1.,0.,0.,0.,0.,0.,1.,0.,       2983P   4825
0.,1.;                                                              2983P   4826
110,-0.5,2.849155097,0.000255605,-0.35,2.849155097,0.000255605;     2985P   4827
126,1,1,1,0,1,0,0.,0.,1.,1.,1.,1.,0.,0.,0.,2.,0.,0.,0.,1.,0.,       2987P   4828
0.,1.;                                                              2987P   4829
126,6,3,1,0,1,0,0.,0.,0.,0.,1.,1.,1.,2.,2.,2.,2.,1.,1.,1.,1.,       2989P   4830
1.,1.,1.,-0.35,2.849155097,0.000255605,-0.35,2.849155097,           2989P   4831
-1.573566028,-0.35,1.573476229,-2.849192987,-0.35,-0.000302202,     2989P   4832
-2.849192987,-0.35,-1.574124474,-2.849192987,-0.35,                 2989P   4833
-2.849667141,-1.573566028,-0.35,-2.849667141,0.000255605,0.,2.,     2989P   4834
1.,0.,0.;                                                           2989P   4835
126,1,1,1,0,1,0,0.,0.,1.,1.,1.,1.,2.,0.,0.,2.,1.,0.,0.,1.,0.,       2991P   4836
0.,1.;                                                              2991P   4837
110,-0.35,-2.849667141,0.000255605,-0.5,-2.849667141,               2993P   4838
0.000255605;                                                        2993P   4839
126,1,1,1,0,1,0,0.,0.,1.,1.,1.,1.,2.,1.,0.,0.,1.,0.,0.,1.,0.,       2995P   4840
0.,1.;                                                              2995P   4841
126,6,3,1,0,1,0,0.,0.,0.,0.,1.,1.,1.,2.,2.,2.,2.,1.,1.,1.,1.,       2997P   4842
1.,1.,1.,-0.5,-2.849667141,0.000255605,-0.5,-2.849667141,           2997P   4843
-1.573566028,-0.5,-1.574124474,-2.849192987,-0.5,-0.000302202,      2997P   4844
-2.849192987,-0.5,1.573476229,-2.849192987,-0.5,2.849155097,        2997P   4845
-1.573566028,-0.5,2.849155097,0.000255605,0.,2.,-1.,0.,0.;          2997P   4846
102,4,2983,2987,2991,2995;                                          2999P   4847
102,4,2985,2989,2993,2997;                                          3001P   4848
142,1,2981,2999,3001,1;                                             3003P   4849
144,2981,1,0,3003;                                                  3005P   4850
128,6,1,3,1,0,0,1,0,0,2.,2.,2.,2.,3.,3.,3.,4.,4.,4.,4.,0.,0.,       3007P   4851
1.,1.,1.,1.,1.,1.,1.,1.,1.,1.,1.,1.,1.,1.,1.,1.,-0.35,              3007P   4852
-2.849667141,0.000255605,-0.35,-2.849667141,1.574077238,-0.35,      3007P   4853
-1.574124474,2.849705031,-0.35,-0.000302202,2.849705031,-0.35,      3007P   4854
1.573476229,2.849705031,-0.35,2.849155097,1.574077238,-0.35,        3007P   4855
2.849155097,0.000255605,-0.5,-2.849667141,0.000255605,-0.5,         3007P   4856
-2.849667141,1.574077238,-0.5,-1.574124474,2.849705031,-0.5,        3007P   4857
-0.000302202,2.849705031,-0.5,1.573476229,2.849705031,-0.5,         3007P   4858
2.849155097,1.574077238,-0.5,2.849155097,0.000255605,2.,4.,0.,      3007P   4859
1.;                                                                 3007P   4860
126,1,1,1,0,1,0,0.,0.,1.,1.,1.,1.,2.,1.,0.,2.,0.,0.,0.,1.,0.,       3009P   4861
0.,1.;                                                              3009P   4862
110,-0.5,-2.849667141,0.000255605,-0.35,-2.849667141,               3011P   4863
0.000255605;                                                        3011P   4864
126,1,1,1,0,1,0,0.,0.,1.,1.,1.,1.,2.,0.,0.,4.,0.,0.,0.,1.,0.,       3013P   4865
0.,1.;                                                              3013P   4866
126,6,3,1,0,1,0,2.,2.,2.,2.,3.,3.,3.,4.,4.,4.,4.,1.,1.,1.,1.,       3015P   4867
1.,1.,1.,-0.35,-2.849667141,0.000255605,-0.35,-2.849667141,         3015P   4868
1.574077238,-0.35,-1.574124474,2.849705031,-0.35,-0.000302202,      3015P   4869
2.849705031,-0.35,1.573476229,2.849705031,-0.35,2.849155097,        3015P   4870
1.574077238,-0.35,2.849155097,0.000255605,2.,4.,1.,0.,0.;           3015P   4871
126,1,1,1,0,1,0,0.,0.,1.,1.,1.,1.,4.,0.,0.,4.,1.,0.,0.,1.,0.,       3017P   4872
0.,1.;                                                              3017P   4873
110,-0.35,2.849155097,0.000255605,-0.5,2.849155097,0.000255605;     3019P   4874
126,1,1,1,0,1,0,0.,0.,1.,1.,1.,1.,4.,1.,0.,2.,1.,0.,0.,1.,0.,       3021P   4875
0.,1.;                                                              3021P   4876
126,6,3,1,0,1,0,2.,2.,2.,2.,3.,3.,3.,4.,4.,4.,4.,1.,1.,1.,1.,       3023P   4877
1.,1.,1.,-0.5,2.849155097,0.000255605,-0.5,2.849155097,             3023P   4878
1.574077238,-0.5,1.573476229,2.849705031,-0.5,-0.000302202,         3023P   4879
2.849705031,-0.5,-1.574124474,2.849705031,-0.5,-2.849667141,        3023P   4880
1.574077238,-0.5,-2.849667141,0.000255605,2.,4.,-1.,0.,0.;          3023P   4881
102,4,3009,3013,3017,3021;                                          3025P   4882
102,4,3011,3015,3019,3023;                                          3027P   4883
142,1,3007,3025,3027,1;                                             3029P   4884
144,3007,1,0,3029;                                                  3031P   4885
128,1,1,1,1,0,0,1,0,0,0.,0.,1.,1.,0.,0.,1.,1.,1.,1.,1.,1.,          3033P   4886
-0.35,-2.883860075,2.902567322,-0.35,-2.883860075,-2.902087463,     3033P   4887
-0.35,2.88334803,2.902567322,-0.35,2.88334803,-2.902087463,0.,      3033P   4888
1.,0.,1.;                                                           3033P   4889
126,32,2,1,0,1,0,0.,0.,0.,0.0625,0.0625,0.125,0.125,0.1875,         3035P   4890
0.1875,0.25,0.25,0.3125,0.3125,0.375,0.375,0.4375,0.4375,0.5,       3035P   4891
0.5,0.5625,0.5625,0.625,0.625,0.6875,0.6875,0.75,0.75,0.8125,       3035P   4892
0.8125,0.875,0.875,0.9375,0.9375,1.,1.,1.,1.,1.,1.,1.,1.,1.,1.,     3035P   4893
1.,1.,1.,1.,1.,1.,1.,1.,1.,1.,1.,1.,1.,1.,1.,1.,1.,1.,1.,1.,1.,     3035P   4894
1.,1.,1.,1.,1.,0.499997299,0.994071146,0.,0.449799595,              3035P   4895
0.994071146,0.,0.401060111,0.984033688,0.,0.353559155,              3035P   4896
0.974251293,0.,0.308912297,0.955245582,0.,0.265075885,              3035P   4897
0.936584869,0.,0.225527154,0.909693232,0.,0.186354201,              3035P   4898
0.883057111,0.,0.152877979,0.849363044,0.,0.119401871,              3035P   4899
0.815669093,0.,0.092938067,0.776241422,0.,0.066220577,              3035P   4900
0.736435789,0.,0.047680716,0.69231477,0.,0.0287982,0.647378301,     3035P   4901
0.,0.019079221,0.599569492,0.,0.009106879,0.550514357,0.,           3035P   4902
0.009106879,0.499991993,0.,0.009106879,0.449468258,0.,              3035P   4903
0.019079221,0.400412999,0.,0.028798184,0.352604148,0.,              3035P   4904
0.047680716,0.307668511,0.,0.066220529,0.263548461,0.,              3035P   4905
0.092938067,0.22374429,0.,0.119401779,0.184318275,0.,               3035P   4906
0.152877979,0.150626098,0.,0.186354066,0.116934035,0.,              3035P   4907
0.225527154,0.090299696,0.,0.265075716,0.063410068,0.,              3035P   4908
0.308912297,0.044750847,0.,0.353558969,0.025746808,0.,              3035P   4909
0.401060111,0.015965312,0.,0.449799412,0.005928854,0.,              3035P   4910
0.499997299,0.005928854,0.,0.,1.,0.,0.,-1.;                         3035P   4911
126,6,3,1,0,1,0,2.,2.,2.,2.,3.,3.,3.,4.,4.,4.,4.,1.,1.,1.,1.,       3037P   4912
1.,1.,1.,-0.35,2.849155097,0.000255605,-0.35,2.849155097,           3037P   4913
1.574077238,-0.35,1.573476229,2.849705031,-0.35,-0.000302202,       3037P   4914
2.849705031,-0.35,-1.574124474,2.849705031,-0.35,-2.849667141,      3037P   4915
1.574077238,-0.35,-2.849667141,0.000255605,2.,4.,-1.,0.,0.;         3037P   4916
126,32,2,1,0,1,0,0.,0.,0.,0.0625,0.0625,0.125,0.125,0.1875,         3039P   4917
0.1875,0.25,0.25,0.3125,0.3125,0.375,0.375,0.4375,0.4375,0.5,       3039P   4918
0.5,0.5625,0.5625,0.625,0.625,0.6875,0.6875,0.75,0.75,0.8125,       3039P   4919
0.8125,0.875,0.875,0.9375,0.9375,1.,1.,1.,1.,1.,1.,1.,1.,1.,1.,     3039P   4920
1.,1.,1.,1.,1.,1.,1.,1.,1.,1.,1.,1.,1.,1.,1.,1.,1.,1.,1.,1.,1.,     3039P   4921
1.,1.,1.,1.,1.,0.499997299,0.005928854,0.,0.550195187,              3039P   4922
0.005928854,0.,0.598934482,0.015965312,0.,0.646435617,              3039P   4923
0.025746808,0.,0.691082279,0.044750847,0.,0.73491885,               3039P   4924
0.063410068,0.,0.774467399,0.090299696,0.,0.813640475,              3039P   4925
0.116934035,0.,0.847116548,0.150626098,0.,0.880592734,              3039P   4926
0.184318274,0.,0.907056433,0.22374429,0.,0.933773959,               3039P   4927
0.26354846,0.,0.952313762,0.307668511,0.,0.971196284,               3039P   4928
0.352604147,0.,0.98091524,0.400412999,0.,0.990887576,               3039P   4929
0.449468257,0.,0.990887576,0.499991993,0.,0.990887576,              3039P   4930
0.550514358,0.,0.98091524,0.599569492,0.,0.971196267,               3039P   4931
0.647378302,0.,0.952313762,0.69231477,0.,0.93377391,0.73643579,     3039P   4932
0.,0.907056433,0.776241422,0.,0.880592642,0.815669094,0.,           3039P   4933
0.847116548,0.849363044,0.,0.813640339,0.883057111,0.,              3039P   4934
0.774467399,0.909693232,0.,0.734918681,0.936584869,0.,              3039P   4935
0.691082279,0.955245582,0.,0.646435432,0.974251293,0.,              3039P   4936
0.598934482,0.984033688,0.,0.550195004,0.994071146,0.,              3039P   4937
0.499997299,0.994071146,0.,0.,1.,0.,0.,-1.;                         3039P   4938
126,6,3,1,0,1,0,0.,0.,0.,0.,1.,1.,1.,2.,2.,2.,2.,1.,1.,1.,1.,       3041P   4939
1.,1.,1.,-0.35,-2.849667141,0.000255605,-0.35,-2.849667141,         3041P   4940
-1.573566028,-0.35,-1.574124474,-2.849192987,-0.35,                 3041P   4941
-0.000302202,-2.849192987,-0.35,1.573476229,-2.849192987,-0.35,     3041P   4942
2.849155097,-1.573566028,-0.35,2.849155097,0.000255605,0.,2.,       3041P   4943
-1.,0.,0.;                                                          3041P   4944
102,2,3035,3039;                                                    3043P   4945
102,2,3037,3041;                                                    3045P   4946
142,1,3033,3043,3045,1;                                             3047P   4947
126,1,1,1,0,1,0,0.,0.,1.,1.,1.,1.,0.425211654,0.575804813,0.,       3049P   4948
0.424451849,0.575667656,0.,0.,1.,0.,0.,1.;                          3049P   4949
110,-0.35,0.436926112,0.434360461,-0.35,0.436135097,                3051P   4950
0.438770867;                                                        3051P   4951
126,1,1,1,0,1,0,0.,0.,1.,1.,1.,1.,0.424451849,0.575667656,0.,       3053P   4952
0.23657133,0.76506334,0.,0.,1.,0.,0.,1.;                            3053P   4953
110,-0.35,0.436135097,0.438770867,-0.35,1.528419421,                3055P   4954
1.529352419;                                                        3055P   4955
126,1,1,1,0,1,0,0.,0.,1.,1.,1.,1.,0.23657133,0.76506334,0.,         3057P   4956
0.434563526,0.627270758,0.,0.,1.,0.,0.,1.;                          3057P   4957
110,-0.35,1.528419421,1.529352419,-0.35,0.733740923,                3059P   4958
0.380076073;                                                        3059P   4959
126,1,1,1,0,1,0,0.,0.,1.,1.,1.,1.,0.434563526,0.627270758,0.,       3061P   4960
0.425211654,0.575804813,0.,0.,1.,0.,0.,1.;                          3061P   4961
110,-0.35,0.733740923,0.380076073,-0.35,0.436926112,                3063P   4962
0.434360461;                                                        3063P   4963
102,4,3049,3053,3057,3061;                                          3065P   4964
102,4,3051,3055,3059,3063;                                          3067P   4965
142,1,3033,3065,3067,1;                                             3069P   4966
126,1,1,1,0,1,0,0.,0.,1.,1.,1.,1.,0.500019297,0.042612435,0.,       3071P   4967
0.431282965,0.421880892,0.,0.,1.,0.,0.,1.;                          3071P   4968
110,-0.35,-2.638105294,0.000127918,-0.35,-0.450785172,              3073P   4969
0.399118597;                                                        3073P   4970
126,1,1,1,0,1,0,0.,0.,1.,1.,1.,1.,0.431282965,0.421880892,0.,       3075P   4971
0.500019297,0.491473757,0.,0.,1.,0.,0.,1.;                          3075P   4972
110,-0.35,-0.450785172,0.399118597,-0.35,-0.049428638,              3077P   4973
0.000127918;                                                        3077P   4974
126,1,1,1,0,1,0,0.,0.,1.,1.,1.,1.,0.500019297,0.491473757,0.,       3079P   4975
0.500019297,0.042612435,0.,0.,1.,0.,0.,1.;                          3079P   4976
110,-0.35,-0.049428638,0.000127918,-0.35,-2.638105294,              3081P   4977
0.000127918;                                                        3081P   4978
102,3,3071,3075,3079;                                               3083P   4979
102,3,3073,3077,3081;                                               3085P   4980
142,1,3033,3083,3085,1;                                             3087P   4981
126,1,1,1,0,1,0,0.,0.,1.,1.,1.,1.,0.499997299,0.508446537,0.,       3089P   4982
0.499997299,0.957321144,0.,0.,1.,0.,0.,1.;                          3089P   4983
110,-0.35,0.048456917,0.000255605,-0.35,2.637210186,                3091P   4984
0.000255605;                                                        3091P   4985
126,1,1,1,0,1,0,0.,0.,1.,1.,1.,1.,0.499997299,0.957321144,0.,       3093P   4986
0.56874683,0.578052795,0.,0.,1.,0.,0.,1.;                           3093P   4987
110,-0.35,2.637210186,0.000255605,-0.35,0.449890691,                3095P   4988
-0.398811687;                                                       3095P   4989
126,1,1,1,0,1,0,0.,0.,1.,1.,1.,1.,0.56874683,0.578052795,0.,        3097P   4990
0.499997299,0.508446537,0.,0.,1.,0.,0.,1.;                          3097P   4991
110,-0.35,0.449890691,-0.398811687,-0.35,0.048456917,               3099P   4992
0.000255605;                                                        3099P   4993
102,3,3089,3093,3097;                                               3101P   4994
102,3,3091,3095,3099;                                               3103P   4995
142,1,3033,3101,3103,1;                                             3105P   4996
126,1,1,1,0,1,0,0.,0.,1.,1.,1.,1.,0.574768126,0.575623375,0.,       3107P   4997
0.574626029,0.576409983,0.,0.,1.,0.,0.,1.;                          3107P   4998
110,-0.35,0.435879721,-0.43376323,-0.35,0.440416248,                3109P   4999
-0.43293841;                                                        3109P   5000
126,1,1,1,0,1,0,0.,0.,1.,1.,1.,1.,0.574626029,0.576409983,0.,       3111P   5001
0.762742813,0.76535264,0.,0.,1.,0.,0.,1.;                           3111P   5002
110,-0.35,0.440416248,-0.43293841,-0.35,1.530087876,                3113P   5003
-1.524891395;                                                       3113P   5004
126,1,1,1,0,1,0,0.,0.,1.,1.,1.,1.,0.762742813,0.76535264,0.,        3115P   5005
0.62590221,0.566167864,0.,0.,1.,0.,0.,1.;                           3115P   5006
110,-0.35,1.530087876,-1.524891395,-0.35,0.38134782,                3117P   5007
-0.730578936;                                                       3117P   5008
126,1,1,1,0,1,0,0.,0.,1.,1.,1.,1.,0.62590221,0.566167864,0.,        3119P   5009
0.574768126,0.575623375,0.,0.,1.,0.,0.,1.;                          3119P   5010
110,-0.35,0.38134782,-0.730578936,-0.35,0.435879721,                3121P   5011
-0.43376323;                                                        3121P   5012
102,4,3107,3111,3115,3119;                                          3123P   5013
102,4,3109,3113,3117,3121;                                          3125P   5014
142,1,3033,3123,3125,1;                                             3127P   5015
126,1,1,1,0,1,0,0.,0.,1.,1.,1.,1.,0.575291821,0.424677846,0.,       3129P   5016
0.575563123,0.424720651,0.,0.,1.,0.,0.,1.;                          3129P   5017
110,-0.35,-0.43465456,-0.436803097,-0.35,-0.434407697,              3131P   5018
-0.438377915;                                                       3131P   5019
126,1,1,1,0,1,0,0.,0.,1.,1.,1.,1.,0.575563123,0.424720651,0.,       3133P   5020
0.763930678,0.235014889,0.,0.,1.,0.,0.,1.;                          3133P   5021
110,-0.35,-0.434407697,-0.438377915,-0.35,-1.528480301,             3135P   5022
-1.531786542;                                                       3135P   5023
126,1,1,1,0,1,0,0.,0.,1.,1.,1.,1.,0.763930678,0.235014889,0.,       3137P   5024
0.565825562,0.372844372,0.,0.,1.,0.,0.,1.;                          3137P   5025
110,-0.35,-1.528480301,-1.531786542,-0.35,-0.73358899,              3139P   5026
-0.381854732;                                                       3139P   5027
126,1,1,1,0,1,0,0.,0.,1.,1.,1.,1.,0.565825562,0.372844372,0.,       3141P   5028
0.575291821,0.424677846,0.,0.,1.,0.,0.,1.;                          3141P   5029
110,-0.35,-0.73358899,-0.381854732,-0.35,-0.43465456,               3143P   5030
-0.436803097;                                                       3143P   5031
102,4,3129,3133,3137,3141;                                          3145P   5032
102,4,3131,3135,3139,3143;                                          3147P   5033
142,1,3033,3145,3147,1;                                             3149P   5034
126,1,1,1,0,1,0,0.,0.,1.,1.,1.,1.,0.508395946,0.499934317,0.,       3151P   5035
0.954361598,0.499934317,0.,0.,1.,0.,0.,1.;                          3151P   5036
110,-0.35,-0.00063483,-0.04849564,-0.35,-0.00063483,                3153P   5037
-2.637172296;                                                       3153P   5038
126,1,1,1,0,1,0,0.,0.,1.,1.,1.,1.,0.954361598,0.499934317,0.,       3155P   5039
0.577539811,0.430745773,0.,0.,1.,0.,0.,1.;                          3155P   5040
110,-0.35,-0.00063483,-2.637172296,-0.35,-0.399659559,              3157P   5041
-0.449851908;                                                       3157P   5042
126,1,1,1,0,1,0,0.,0.,1.,1.,1.,1.,0.577539811,0.430745773,0.,       3159P   5043
0.508395946,0.499934317,0.,0.,1.,0.,0.,1.;                          3159P   5044
110,-0.35,-0.399659559,-0.449851908,-0.35,-0.00063483,              3161P   5045
-0.04849564;                                                        3161P   5046
102,3,3151,3155,3159;                                               3163P   5047
102,3,3153,3157,3161;                                               3165P   5048
142,1,3033,3163,3165,1;                                             3167P   5049
126,1,1,1,0,1,0,0.,0.,1.,1.,1.,1.,0.424896356,0.424908105,0.,       3169P   5050
0.236857135,0.235648103,0.,0.,1.,0.,0.,1.;                          3169P   5051
110,-0.35,-0.433326606,0.436190654,-0.35,-1.524828427,              3171P   5052
1.52769342;                                                         3171P   5053
126,1,1,1,0,1,0,0.,0.,1.,1.,1.,1.,0.236857135,0.235648103,0.,       3173P   5054
0.373367938,0.434363504,0.,0.,1.,0.,0.,1.;                          3173P   5055
110,-0.35,-1.524828427,1.52769342,-0.35,-0.378795354,               3175P   5056
0.735295335;                                                        3175P   5057
126,1,1,1,0,1,0,0.,0.,1.,1.,1.,1.,0.373367938,0.434363504,0.,       3177P   5058
0.424896356,0.424908105,0.,0.,1.,0.,0.,1.;                          3177P   5059
110,-0.35,-0.378795354,0.735295335,-0.35,-0.433326606,              3179P   5060
0.436190654;                                                        3179P   5061
102,3,3169,3173,3177;                                               3181P   5062
102,3,3171,3175,3179;                                               3183P   5063
142,1,3033,3181,3183,1;                                             3185P   5064
126,1,1,1,0,1,0,0.,0.,1.,1.,1.,1.,0.045625501,0.499934317,0.,       3187P   5065
0.422447301,0.569122861,0.,0.,1.,0.,0.,1.;                          3187P   5066
110,-0.35,-0.00063483,2.637727042,-0.35,0.3983899,0.450406575;      3189P   5067
126,1,1,1,0,1,0,0.,0.,1.,1.,1.,1.,0.422447301,0.569122861,0.,       3191P   5068
0.491604519,0.499934317,0.,0.,1.,0.,0.,1.;                          3191P   5069
110,-0.35,0.3983899,0.450406575,-0.35,-0.00063483,0.048972801;      3193P   5070
126,1,1,1,0,1,0,0.,0.,1.,1.,1.,1.,0.491604519,0.499934317,0.,       3195P   5071
0.045625501,0.499934317,0.,0.,1.,0.,0.,1.;                          3195P   5072
110,-0.35,-0.00063483,0.048972801,-0.35,-0.00063483,                3197P   5073
2.637727042;                                                        3197P   5074
102,3,3187,3191,3195;                                               3199P   5075
102,3,3189,3193,3197;                                               3201P   5076
142,1,3033,3199,3201,1;                                             3203P   5077
126,1,1,1,0,1,0,0.,0.,1.,1.,1.,1.,0.028469082,0.497571316,0.,       3205P   5078
0.368141331,0.435315538,0.,0.,1.,0.,0.,1.;                          3205P   5079
110,-0.35,-0.014262748,2.73731413,-0.35,-0.373304774,               3207P   5080
0.765633983;                                                        3207P   5081
126,1,1,1,0,1,0,0.,0.,1.,1.,1.,1.,0.368141331,0.435315538,0.,       3209P   5082
0.224713209,0.225962445,0.,0.,1.,0.,0.,1.;                          3209P   5083
110,-0.35,-0.373304774,0.765633983,-0.35,-1.580687633,              3211P   5084
1.598184716;                                                        3211P   5085
126,1,1,1,0,1,0,0.,0.,1.,1.,1.,1.,0.224713209,0.225962445,0.,       3213P   5086
0.2271476,0.223482727,0.,0.,1.,0.,0.,1.;                            3213P   5087
110,-0.35,-1.580687633,1.598184716,-0.35,-1.594988679,              3215P   5088
1.584053921;                                                        3215P   5089
126,1,1,1,0,1,0,0.,0.,1.,1.,1.,1.,0.2271476,0.223482727,0.,         3217P   5090
0.435207319,0.368404605,0.,0.,1.,0.,0.,1.;                          3217P   5091
110,-0.35,-1.594988679,1.584053921,-0.35,-0.759194054,              3219P   5092
0.376339073;                                                        3219P   5093
126,1,1,1,0,1,0,0.,0.,1.,1.,1.,1.,0.435207319,0.368404605,0.,       3221P   5094
0.49758344,0.024969541,0.,0.,1.,0.,0.,1.;                           3221P   5095
110,-0.35,-0.759194054,0.376339073,-0.35,-2.739855536,              3223P   5096
0.014267226;                                                        3223P   5097
126,16,2,1,0,1,0,0.,0.,0.,0.125,0.125,0.25,0.25,0.375,0.375,        3225P   5098
0.5,0.5,0.625,0.625,0.75,0.75,0.875,0.875,1.,1.,1.,1.,1.,1.,1.,     3225P   5099
1.,1.,1.,1.,1.,1.,1.,1.,1.,1.,1.,1.,1.,0.49758344,0.024969541,      3225P   5100
0.,0.449705414,0.025257888,0.,0.403243718,0.035048778,0.,           3225P   5101
0.357948613,0.044593833,0.,0.315386162,0.062870658,0.,              3225P   5102
0.273586286,0.080820024,0.,0.23586975,0.106563285,0.,               3225P   5103
0.198506446,0.132065449,0.,0.16655346,0.164254765,0.,               3225P   5104
0.134600116,0.196444442,0.,0.10929627,0.234073202,0.,               3225P   5105
0.083752654,0.272058521,0.,0.065957159,0.314146703,0.,              3225P   5106
0.047836668,0.357003532,0.,0.038395103,0.402603373,0.,              3225P   5107
0.028710218,0.449378373,0.,0.028469082,0.497571316,0.,0.,1.,0.,     3225P   5108
0.,1.;                                                              3225P   5109
126,3,3,1,0,1,0,5.,5.,5.,5.,6.,6.,6.,6.,1.,1.,1.,1.,-0.35,          3227P   5110
-2.739855536,0.014267226,-0.35,-2.730874819,1.515136498,-0.35,      3227P   5111
-1.515268859,2.729755005,-0.35,-0.014262748,2.73731413,5.,6.,       3227P   5112
1.,0.,0.;                                                           3227P   5113
102,6,3205,3209,3213,3217,3221,3225;                                3229P   5114
102,6,3207,3211,3215,3219,3223,3227;                                3231P   5115
142,1,3033,3229,3231,1;                                             3233P   5116
126,1,1,1,0,1,0,0.,0.,1.,1.,1.,1.,0.502282107,0.024941497,0.,       3235P   5117
0.564872336,0.367626633,0.,0.,1.,0.,0.,1.;                          3235P   5118
110,-0.35,-2.740017274,-0.013006912,-0.35,-0.763680775,             3237P   5119
-0.376321589;                                                       3237P   5120
126,1,1,1,0,1,0,0.,0.,1.,1.,1.,1.,0.564872336,0.367626633,0.,       3239P   5121
0.773569984,0.222791949,0.,0.,1.,0.,0.,1.;                          3239P   5122
110,-0.35,-0.763680775,-0.376321589,-0.35,-1.598972542,             3241P   5123
-1.587739386;                                                       3241P   5124
126,1,1,1,0,1,0,0.,0.,1.,1.,1.,1.,0.773569984,0.222791949,0.,       3243P   5125
0.776019039,0.22525543,0.,0.,1.,0.,0.,1.;                           3243P   5126
110,-0.35,-1.598972542,-1.587739386,-0.35,-1.584765134,             3245P   5127
-1.601955307;                                                       3245P   5128
126,1,1,1,0,1,0,0.,0.,1.,1.,1.,1.,0.776019039,0.22525543,0.,        3247P   5129
0.631552635,0.434998194,0.,0.,1.,0.,0.,1.;                          3247P   5130
110,-0.35,-1.584765134,-1.601955307,-0.35,-0.375134967,             3249P   5131
-0.763377704;                                                       3249P   5132
126,1,1,1,0,1,0,0.,0.,1.,1.,1.,1.,0.631552635,0.434998194,0.,       3251P   5133
0.972414216,0.497577109,0.,0.,1.,0.,0.,1.;                          3251P   5134
110,-0.35,-0.375134967,-0.763377704,-0.35,-0.014229336,             3253P   5135
-2.74196151;                                                        3253P   5136
126,16,2,1,0,1,0,0.,0.,0.,0.125,0.125,0.25,0.25,0.375,0.375,        3255P   5137
0.5,0.5,0.625,0.625,0.75,0.75,0.875,0.875,1.,1.,1.,1.,1.,1.,1.,     3255P   5138
1.,1.,1.,1.,1.,1.,1.,1.,1.,1.,1.,1.,1.,0.972414216,0.497577109,     3255P   5139
0.,0.972172813,0.449317235,0.,0.962462268,0.40247952,0.,            3255P   5140
0.952996018,0.356820137,0.,0.934828984,0.313913537,0.,              3255P   5141
0.916988004,0.271777009,0.,0.891381523,0.233758806,0.,              3255P   5142
0.866015034,0.196096921,0.,0.833987043,0.16389497,0.,               3255P   5143
0.801958044,0.131692004,0.,0.764512704,0.106201677,0.,              3255P   5144
0.726710809,0.08046863,0.,0.684825662,0.06255857,0.,                3255P   5145
0.642172765,0.04432022,0.,0.596793077,0.034845295,0.,               3255P   5146
0.550240259,0.025125429,0.,0.502282107,0.024941497,0.,0.,1.,0.,     3255P   5147
0.,1.;                                                              3255P   5148
126,3,3,1,0,1,0,5.,5.,5.,5.,6.,6.,6.,6.,1.,1.,1.,1.,-0.35,          3257P   5149
-0.014229336,-2.74196151,-0.35,-1.517345915,-2.734393873,-0.35,     3257P   5150
-2.734288343,-1.51645548,-0.35,-2.740017274,-0.013006912,5.,6.,     3257P   5151
1.,0.,0.;                                                           3257P   5152
102,6,3235,3239,3243,3247,3251,3255;                                3259P   5153
102,6,3237,3241,3245,3249,3253,3257;                                3261P   5154
142,1,3033,3259,3261,1;                                             3263P   5155
126,1,1,1,0,1,0,0.,0.,1.,1.,1.,1.,0.972420082,0.50211883,0.,        3265P   5156
0.631130283,0.565202658,0.,0.,1.,0.,0.,1.;                          3265P   5157
110,-0.35,0.011963711,-2.741995561,-0.35,0.375781275,               3267P   5158
-0.760926096;                                                       3267P   5159
126,1,1,1,0,1,0,0.,0.,1.,1.,1.,1.,0.631130283,0.565202658,0.,       3269P   5160
0.774901417,0.775053059,0.,0.,1.,0.,0.,1.;                          3269P   5161
110,-0.35,0.375781275,-0.760926096,-0.35,1.586032207,               3271P   5162
-1.595467896;                                                       3271P   5163
126,1,1,1,0,1,0,0.,0.,1.,1.,1.,1.,0.774901417,0.775053059,0.,       3273P   5164
0.772445178,0.777518016,0.,0.,1.,0.,0.,1.;                          3273P   5165
110,-0.35,1.586032207,-1.595467896,-0.35,1.600248128,               3275P   5166
-1.581210277;                                                       3275P   5167
126,1,1,1,0,1,0,0.,0.,1.,1.,1.,1.,0.772445178,0.777518016,0.,       3277P   5168
0.564414634,0.632791081,0.,0.,1.,0.,0.,1.;                          3277P   5169
110,-0.35,1.600248128,-1.581210277,-0.35,0.765577776,               3279P   5170
-0.373664784;                                                       3279P   5171
126,1,1,1,0,1,0,0.,0.,1.,1.,1.,1.,0.564414634,0.632791081,0.,       3281P   5172
0.502417025,0.975051123,0.,0.,1.,0.,0.,1.;                          3281P   5173
110,-0.35,0.765577776,-0.373664784,-0.35,2.739462667,               3283P   5174
-0.013790065;                                                       3283P   5175
126,16,2,1,0,1,0,0.,0.,0.,0.125,0.125,0.25,0.25,0.375,0.375,        3285P   5176
0.5,0.5,0.625,0.625,0.75,0.75,0.875,0.875,1.,1.,1.,1.,1.,1.,1.,     3285P   5177
1.,1.,1.,1.,1.,1.,1.,1.,1.,1.,1.,1.,1.,0.502417025,0.975051123,     3285P   5178
0.,0.550383691,0.974853524,0.,0.596941835,0.96511811,0.,            3285P   5179
0.642327513,0.955627862,0.,0.684982217,0.937372749,0.,              3285P   5180
0.726870142,0.919445797,0.,0.764669751,0.893694996,0.,              3285P   5181
0.802113929,0.86818633,0.,0.834136021,0.835964807,0.,               3285P   5182
0.866158154,0.803743242,0.,0.891512606,0.76606214,0.,               3285P   5183
0.917107795,0.728023262,0.,0.934931091,0.68586695,0.,               3285P   5184
0.953080691,0.642938852,0.,0.962523055,0.597259195,0.,              3285P   5185
0.972209366,0.550399391,0.,0.972420082,0.50211883,0.,0.,1.,0.,      3285P   5186
0.,1.;                                                              3285P   5187
126,3,3,1,0,1,0,5.,5.,5.,5.,6.,6.,6.,6.,1.,1.,1.,1.,-0.35,          3287P   5188
2.739462667,-0.013790065,-0.35,2.733308109,-1.517493141,-0.35,      3287P   5189
1.515744267,-2.735389839,-0.35,0.011963711,-2.741995561,5.,6.,      3287P   5190
1.,0.,0.;                                                           3287P   5191
102,6,3265,3269,3273,3277,3281,3285;                                3289P   5192
102,6,3267,3271,3275,3279,3283,3287;                                3291P   5193
142,1,3033,3289,3291,1;                                             3293P   5194
126,1,1,1,0,1,0,0.,0.,1.,1.,1.,1.,0.497749155,0.975028983,0.,       3295P   5195
0.435522617,0.632538795,0.,0.,1.,0.,0.,1.;                          3295P   5196
110,-0.35,2.739334979,0.01330531,-0.35,0.764122792,0.37450888;      3297P   5197
126,1,1,1,0,1,0,0.,0.,1.,1.,1.,1.,0.435522617,0.632538795,0.,       3299P   5198
0.226933491,0.777301041,0.,0.,1.,0.,0.,1.;                          3299P   5199
110,-0.35,0.764122792,0.37450888,-0.35,1.598996787,1.58529675;      3301P   5200
126,1,1,1,0,1,0,0.,0.,1.,1.,1.,1.,0.226933491,0.777301041,0.,       3303P   5201
0.224484435,0.774828703,0.,0.,1.,0.,0.,1.;                          3303P   5202
110,-0.35,1.598996787,1.58529675,-0.35,1.584738303,1.599512671;     3305P   5203
126,1,1,1,0,1,0,0.,0.,1.,1.,1.,1.,0.224484435,0.774828703,0.,       3307P   5204
0.368469827,0.565310295,0.,0.,1.,0.,0.,1.;                          3307P   5205
110,-0.35,1.584738303,1.599512671,-0.35,0.376402041,                3309P   5206
0.763727177;                                                        3309P   5207
126,1,1,1,0,1,0,0.,0.,1.,1.,1.,1.,0.368469827,0.565310295,0.,       3311P   5208
0.028469082,0.50244219,0.,0.,1.,0.,0.,1.;                           3311P   5209
110,-0.35,0.376402041,0.763727177,-0.35,0.013828594,2.73731413;     3313P   5210
126,16,2,1,0,1,0,0.,0.,0.,0.125,0.125,0.25,0.25,0.375,0.375,        3315P   5211
0.5,0.5,0.625,0.625,0.75,0.75,0.875,0.875,1.,1.,1.,1.,1.,1.,1.,     3315P   5212
1.,1.,1.,1.,1.,1.,1.,1.,1.,1.,1.,1.,1.,0.028469082,0.50244219,      3315P   5213
0.,0.028712933,0.550649603,0.,0.038403186,0.597435463,0.,           3315P   5214
0.047849994,0.643045941,0.,0.065978102,0.685909635,0.,              3315P   5215
0.0837811,0.728004611,0.,0.109334267,0.765992838,0.,                3315P   5216
0.134647608,0.80362453,0.,0.16661212,0.835813206,0.,                3315P   5217
0.198576316,0.868001563,0.,0.235952098,0.893498872,0.,              3315P   5218
0.273681273,0.91923726,0.,0.315494637,0.937177968,0.,               3315P   5219
0.358070862,0.955445992,0.,0.403380177,0.964978627,0.,              3315P   5220
0.44985648,0.974756785,0.,0.497749155,0.975028983,0.,0.,1.,0.,      3315P   5221
0.,1.;                                                              3315P   5222
126,3,3,1,0,1,0,5.,5.,5.,5.,6.,6.,6.,6.,1.,1.,1.,1.,-0.35,          3317P   5223
0.013828594,2.73731413,-0.35,1.515284591,2.72966988,-0.35,          3317P   5224
2.730857209,1.514634258,-0.35,2.739334979,0.01330531,5.,6.,1.,      3317P   5225
0.,0.;                                                              3317P   5226
102,6,3295,3299,3303,3307,3311,3315;                                3319P   5227
102,6,3297,3301,3305,3309,3313,3317;                                3321P   5228
142,1,3033,3319,3321,1;                                             3323P   5229
144,3033,1,12,3047,3069,3087,3105,3127,3149,3167,3185,3203,         3325P   5230
3233,3263,3293,3323;                                                3325P   5231
128,3,1,3,1,0,0,1,0,0,5.,5.,5.,5.,6.,6.,6.,6.,0.,0.,1.,1.,1.,       3327P   5232
1.,1.,1.,1.,1.,1.,1.,-0.35,0.013828594,2.73731413,-0.35,            3327P   5233
1.515284591,2.72966988,-0.35,2.730857209,1.514634258,-0.35,         3327P   5234
2.739334979,0.01330531,-0.5,0.013828594,2.73731413,-0.5,            3327P   5235
1.515284591,2.72966988,-0.5,2.730857209,1.514634258,-0.5,           3327P   5236
2.739334979,0.01330531,5.,6.,0.,1.;                                 3327P   5237
126,1,1,1,0,1,0,0.,0.,1.,1.,1.,1.,6.,1.,0.,5.,1.,0.,0.,1.,0.,       3329P   5238
0.,1.;                                                              3329P   5239
126,3,3,1,0,1,0,5.,5.,5.,5.,6.,6.,6.,6.,1.,1.,1.,1.,-0.5,           3331P   5240
2.739334979,0.01330531,-0.5,2.730857209,1.514634258,-0.5,           3331P   5241
1.515284591,2.72966988,-0.5,0.013828594,2.73731413,5.,6.,-1.,       3331P   5242
0.,0.;                                                              3331P   5243
126,1,1,1,0,1,0,0.,0.,1.,1.,1.,1.,5.,1.,0.,5.,0.,0.,0.,1.,0.,       3333P   5244
0.,1.;                                                              3333P   5245
110,-0.5,0.013828594,2.73731413,-0.35,0.013828594,2.73731413;       3335P   5246
126,1,1,1,0,1,0,0.,0.,1.,1.,1.,1.,5.,0.,0.,6.,0.,0.,0.,1.,0.,       3337P   5247
0.,1.;                                                              3337P   5248
126,3,3,1,0,1,0,5.,5.,5.,5.,6.,6.,6.,6.,1.,1.,1.,1.,-0.35,          3339P   5249
0.013828594,2.73731413,-0.35,1.515284591,2.72966988,-0.35,          3339P   5250
2.730857209,1.514634258,-0.35,2.739334979,0.01330531,5.,6.,1.,      3339P   5251
0.,0.;                                                              3339P   5252
126,1,1,1,0,1,0,0.,0.,1.,1.,1.,1.,6.,0.,0.,6.,1.,0.,0.,1.,0.,       3341P   5253
0.,1.;                                                              3341P   5254
110,-0.35,2.739334979,0.01330531,-0.5,2.739334979,0.01330531;       3343P   5255
102,4,3329,3333,3337,3341;                                          3345P   5256
102,4,3331,3335,3339,3343;                                          3347P   5257
142,1,3327,3345,3347,1;                                             3349P   5258
144,3327,1,0,3349;                                                  3351P   5259
128,1,1,1,1,0,0,1,0,0,0.,0.,1.,1.,0.,0.,1.,1.,1.,1.,1.,1.,-0.5,     3353P   5260
0.013828594,2.73731413,-0.5,0.376402041,0.763727177,-0.35,          3353P   5261
0.013828594,2.73731413,-0.35,0.376402041,0.763727177,0.,1.,0.,      3353P   5262
1.;                                                                 3353P   5263
126,1,1,1,0,1,0,0.,0.,1.,1.,1.,1.,0.,0.,0.,1.,0.,0.,0.,1.,0.,       3355P   5264
0.,1.;                                                              3355P   5265
110,-0.5,0.013828594,2.73731413,-0.5,0.376402041,0.763727177;       3357P   5266
126,1,1,1,0,1,0,0.,0.,1.,1.,1.,1.,1.,0.,0.,1.,1.,0.,0.,1.,0.,       3359P   5267
0.,1.;                                                              3359P   5268
110,-0.5,0.376402041,0.763727177,-0.35,0.376402041,0.763727177;     3361P   5269
126,1,1,1,0,1,0,0.,0.,1.,1.,1.,1.,1.,1.,0.,0.,1.,0.,0.,1.,0.,       3363P   5270
0.,1.;                                                              3363P   5271
110,-0.35,0.376402041,0.763727177,-0.35,0.013828594,2.73731413;     3365P   5272
126,1,1,1,0,1,0,0.,0.,1.,1.,1.,1.,0.,1.,0.,0.,0.,0.,0.,1.,0.,       3367P   5273
0.,1.;                                                              3367P   5274
110,-0.35,0.013828594,2.73731413,-0.5,0.013828594,2.73731413;       3369P   5275
102,4,3355,3359,3363,3367;                                          3371P   5276
102,4,3357,3361,3365,3369;                                          3373P   5277
142,1,3353,3371,3373,1;                                             3375P   5278
144,3353,1,0,3375;                                                  3377P   5279
128,1,1,1,1,0,0,1,0,0,0.,0.,1.,1.,0.,0.,1.,1.,1.,1.,1.,1.,-0.5,     3379P   5280
0.376402041,0.763727177,-0.5,1.584738303,1.599512671,-0.35,         3379P   5281
0.376402041,0.763727177,-0.35,1.584738303,1.599512671,0.,1.,0.,     3379P   5282
1.;                                                                 3379P   5283
126,1,1,1,0,1,0,0.,0.,1.,1.,1.,1.,0.,0.,0.,1.,0.,0.,0.,1.,0.,       3381P   5284
0.,1.;                                                              3381P   5285
110,-0.5,0.376402041,0.763727177,-0.5,1.584738303,1.599512671;      3383P   5286
126,1,1,1,0,1,0,0.,0.,1.,1.,1.,1.,1.,0.,0.,1.,1.,0.,0.,1.,0.,       3385P   5287
0.,1.;                                                              3385P   5288
110,-0.5,1.584738303,1.599512671,-0.35,1.584738303,1.599512671;     3387P   5289
126,1,1,1,0,1,0,0.,0.,1.,1.,1.,1.,1.,1.,0.,0.,1.,0.,0.,1.,0.,       3389P   5290
0.,1.;                                                              3389P   5291
110,-0.35,1.584738303,1.599512671,-0.35,0.376402041,                3391P   5292
0.763727177;                                                        3391P   5293
126,1,1,1,0,1,0,0.,0.,1.,1.,1.,1.,0.,1.,0.,0.,0.,0.,0.,1.,0.,       3393P   5294
0.,1.;                                                              3393P   5295
110,-0.35,0.376402041,0.763727177,-0.5,0.376402041,0.763727177;     3395P   5296
102,4,3381,3385,3389,3393;                                          3397P   5297
102,4,3383,3387,3391,3395;                                          3399P   5298
142,1,3379,3397,3399,1;                                             3401P   5299
144,3379,1,0,3401;                                                  3403P   5300
128,1,1,1,1,0,0,1,0,0,0.,0.,1.,1.,0.,0.,1.,1.,1.,1.,1.,1.,-0.5,     3405P   5301
1.584738303,1.599512671,-0.5,1.598996787,1.58529675,-0.35,          3405P   5302
1.584738303,1.599512671,-0.35,1.598996787,1.58529675,0.,1.,0.,      3405P   5303
1.;                                                                 3405P   5304
126,1,1,1,0,1,0,0.,0.,1.,1.,1.,1.,0.,0.,0.,1.,0.,0.,0.,1.,0.,       3407P   5305
0.,1.;                                                              3407P   5306
110,-0.5,1.584738303,1.599512671,-0.5,1.598996787,1.58529675;       3409P   5307
126,1,1,1,0,1,0,0.,0.,1.,1.,1.,1.,1.,0.,0.,1.,1.,0.,0.,1.,0.,       3411P   5308
0.,1.;                                                              3411P   5309
110,-0.5,1.598996787,1.58529675,-0.35,1.598996787,1.58529675;       3413P   5310
126,1,1,1,0,1,0,0.,0.,1.,1.,1.,1.,1.,1.,0.,0.,1.,0.,0.,1.,0.,       3415P   5311
0.,1.;                                                              3415P   5312
110,-0.35,1.598996787,1.58529675,-0.35,1.584738303,1.599512671;     3417P   5313
126,1,1,1,0,1,0,0.,0.,1.,1.,1.,1.,0.,1.,0.,0.,0.,0.,0.,1.,0.,       3419P   5314
0.,1.;                                                              3419P   5315
110,-0.35,1.584738303,1.599512671,-0.5,1.584738303,1.599512671;     3421P   5316
102,4,3407,3411,3415,3419;                                          3423P   5317
102,4,3409,3413,3417,3421;                                          3425P   5318
142,1,3405,3423,3425,1;                                             3427P   5319
144,3405,1,0,3427;                                                  3429P   5320
128,1,1,1,1,0,0,1,0,0,0.,0.,1.,1.,0.,0.,1.,1.,1.,1.,1.,1.,-0.5,     3431P   5321
1.598996787,1.58529675,-0.5,0.764122792,0.37450888,-0.35,           3431P   5322
1.598996787,1.58529675,-0.35,0.764122792,0.37450888,0.,1.,0.,       3431P   5323
1.;                                                                 3431P   5324
126,1,1,1,0,1,0,0.,0.,1.,1.,1.,1.,0.,0.,0.,1.,0.,0.,0.,1.,0.,       3433P   5325
0.,1.;                                                              3433P   5326
110,-0.5,1.598996787,1.58529675,-0.5,0.764122792,0.37450888;        3435P   5327
126,1,1,1,0,1,0,0.,0.,1.,1.,1.,1.,1.,0.,0.,1.,1.,0.,0.,1.,0.,       3437P   5328
0.,1.;                                                              3437P   5329
110,-0.5,0.764122792,0.37450888,-0.35,0.764122792,0.37450888;       3439P   5330
126,1,1,1,0,1,0,0.,0.,1.,1.,1.,1.,1.,1.,0.,0.,1.,0.,0.,1.,0.,       3441P   5331
0.,1.;                                                              3441P   5332
110,-0.35,0.764122792,0.37450888,-0.35,1.598996787,1.58529675;      3443P   5333
126,1,1,1,0,1,0,0.,0.,1.,1.,1.,1.,0.,1.,0.,0.,0.,0.,0.,1.,0.,       3445P   5334
0.,1.;                                                              3445P   5335
110,-0.35,1.598996787,1.58529675,-0.5,1.598996787,1.58529675;       3447P   5336
102,4,3433,3437,3441,3445;                                          3449P   5337
102,4,3435,3439,3443,3447;                                          3451P   5338
142,1,3431,3449,3451,1;                                             3453P   5339
144,3431,1,0,3453;                                                  3455P   5340
128,1,1,1,1,0,0,1,0,0,0.,0.,1.,1.,0.,0.,1.,1.,1.,1.,1.,1.,-0.5,     3457P   5341
0.764122792,0.37450888,-0.5,2.739334979,0.01330531,-0.35,           3457P   5342
0.764122792,0.37450888,-0.35,2.739334979,0.01330531,0.,1.,0.,       3457P   5343
1.;                                                                 3457P   5344
126,1,1,1,0,1,0,0.,0.,1.,1.,1.,1.,0.,0.,0.,1.,0.,0.,0.,1.,0.,       3459P   5345
0.,1.;                                                              3459P   5346
110,-0.5,0.764122792,0.37450888,-0.5,2.739334979,0.01330531;        3461P   5347
126,1,1,1,0,1,0,0.,0.,1.,1.,1.,1.,1.,0.,0.,1.,1.,0.,0.,1.,0.,       3463P   5348
0.,1.;                                                              3463P   5349
110,-0.5,2.739334979,0.01330531,-0.35,2.739334979,0.01330531;       3465P   5350
126,1,1,1,0,1,0,0.,0.,1.,1.,1.,1.,1.,1.,0.,0.,1.,0.,0.,1.,0.,       3467P   5351
0.,1.;                                                              3467P   5352
110,-0.35,2.739334979,0.01330531,-0.35,0.764122792,0.37450888;      3469P   5353
126,1,1,1,0,1,0,0.,0.,1.,1.,1.,1.,0.,1.,0.,0.,0.,0.,0.,1.,0.,       3471P   5354
0.,1.;                                                              3471P   5355
110,-0.35,0.764122792,0.37450888,-0.5,0.764122792,0.37450888;       3473P   5356
102,4,3459,3463,3467,3471;                                          3475P   5357
102,4,3461,3465,3469,3473;                                          3477P   5358
142,1,3457,3475,3477,1;                                             3479P   5359
144,3457,1,0,3479;                                                  3481P   5360
128,3,1,3,1,0,0,1,0,0,5.,5.,5.,5.,6.,6.,6.,6.,0.,0.,1.,1.,1.,       3483P   5361
1.,1.,1.,1.,1.,1.,1.,-0.35,2.739462667,-0.013790065,-0.35,          3483P   5362
2.733308109,-1.517493141,-0.35,1.515744267,-2.735389839,-0.35,      3483P   5363
0.011963711,-2.741995561,-0.5,2.739462667,-0.013790065,-0.5,        3483P   5364
2.733308109,-1.517493141,-0.5,1.515744267,-2.735389839,-0.5,        3483P   5365
0.011963711,-2.741995561,5.,6.,0.,1.;                               3483P   5366
126,1,1,1,0,1,0,0.,0.,1.,1.,1.,1.,6.,1.,0.,5.,1.,0.,0.,1.,0.,       3485P   5367
0.,1.;                                                              3485P   5368
126,3,3,1,0,1,0,5.,5.,5.,5.,6.,6.,6.,6.,1.,1.,1.,1.,-0.5,           3487P   5369
0.011963711,-2.741995561,-0.5,1.515744267,-2.735389839,-0.5,        3487P   5370
2.733308109,-1.517493141,-0.5,2.739462667,-0.013790065,5.,6.,       3487P   5371
-1.,0.,0.;                                                          3487P   5372
126,1,1,1,0,1,0,0.,0.,1.,1.,1.,1.,5.,1.,0.,5.,0.,0.,0.,1.,0.,       3489P   5373
0.,1.;                                                              3489P   5374
110,-0.5,2.739462667,-0.013790065,-0.35,2.739462667,                3491P   5375
-0.013790065;                                                       3491P   5376
126,1,1,1,0,1,0,0.,0.,1.,1.,1.,1.,5.,0.,0.,6.,0.,0.,0.,1.,0.,       3493P   5377
0.,1.;                                                              3493P   5378
126,3,3,1,0,1,0,5.,5.,5.,5.,6.,6.,6.,6.,1.,1.,1.,1.,-0.35,          3495P   5379
2.739462667,-0.013790065,-0.35,2.733308109,-1.517493141,-0.35,      3495P   5380
1.515744267,-2.735389839,-0.35,0.011963711,-2.741995561,5.,6.,      3495P   5381
1.,0.,0.;                                                           3495P   5382
126,1,1,1,0,1,0,0.,0.,1.,1.,1.,1.,6.,0.,0.,6.,1.,0.,0.,1.,0.,       3497P   5383
0.,1.;                                                              3497P   5384
110,-0.35,0.011963711,-2.741995561,-0.5,0.011963711,                3499P   5385
-2.741995561;                                                       3499P   5386
102,4,3485,3489,3493,3497;                                          3501P   5387
102,4,3487,3491,3495,3499;                                          3503P   5388
142,1,3483,3501,3503,1;                                             3505P   5389
144,3483,1,0,3505;                                                  3507P   5390
128,1,1,1,1,0,0,1,0,0,0.,0.,1.,1.,0.,0.,1.,1.,1.,1.,1.,1.,-0.5,     3509P   5391
2.739462667,-0.013790065,-0.5,0.765577776,-0.373664784,-0.35,       3509P   5392
2.739462667,-0.013790065,-0.35,0.765577776,-0.373664784,0.,1.,      3509P   5393
0.,1.;                                                              3509P   5394
126,1,1,1,0,1,0,0.,0.,1.,1.,1.,1.,0.,0.,0.,1.,0.,0.,0.,1.,0.,       3511P   5395
0.,1.;                                                              3511P   5396
110,-0.5,2.739462667,-0.013790065,-0.5,0.765577776,                 3513P   5397
-0.373664784;                                                       3513P   5398
126,1,1,1,0,1,0,0.,0.,1.,1.,1.,1.,1.,0.,0.,1.,1.,0.,0.,1.,0.,       3515P   5399
0.,1.;                                                              3515P   5400
110,-0.5,0.765577776,-0.373664784,-0.35,0.765577776,                3517P   5401
-0.373664784;                                                       3517P   5402
126,1,1,1,0,1,0,0.,0.,1.,1.,1.,1.,1.,1.,0.,0.,1.,0.,0.,1.,0.,       3519P   5403
0.,1.;                                                              3519P   5404
110,-0.35,0.765577776,-0.373664784,-0.35,2.739462667,               3521P   5405
-0.013790065;                                                       3521P   5406
126,1,1,1,0,1,0,0.,0.,1.,1.,1.,1.,0.,1.,0.,0.,0.,0.,0.,1.,0.,       3523P   5407
0.,1.;                                                              3523P   5408
110,-0.35,2.739462667,-0.013790065,-0.5,2.739462667,                3525P   5409
-0.013790065;                                                       3525P   5410
102,4,3511,3515,3519,3523;                                          3527P   5411
102,4,3513,3517,3521,3525;                                          3529P   5412
142,1,3509,3527,3529,1;                                             3531P   5413
144,3509,1,0,3531;                                                  3533P   5414
128,1,1,1,1,0,0,1,0,0,0.,0.,1.,1.,0.,0.,1.,1.,1.,1.,1.,1.,-0.5,     3535P   5415
0.765577776,-0.373664784,-0.5,1.600248128,-1.581210277,-0.35,       3535P   5416
0.765577776,-0.373664784,-0.35,1.600248128,-1.581210277,0.,1.,      3535P   5417
0.,1.;                                                              3535P   5418
126,1,1,1,0,1,0,0.,0.,1.,1.,1.,1.,0.,0.,0.,1.,0.,0.,0.,1.,0.,       3537P   5419
0.,1.;                                                              3537P   5420
110,-0.5,0.765577776,-0.373664784,-0.5,1.600248128,                 3539P   5421
-1.581210277;                                                       3539P   5422
126,1,1,1,0,1,0,0.,0.,1.,1.,1.,1.,1.,0.,0.,1.,1.,0.,0.,1.,0.,       3541P   5423
0.,1.;                                                              3541P   5424
110,-0.5,1.600248128,-1.581210277,-0.35,1.600248128,                3543P   5425
-1.581210277;                                                       3543P   5426
126,1,1,1,0,1,0,0.,0.,1.,1.,1.,1.,1.,1.,0.,0.,1.,0.,0.,1.,0.,       3545P   5427
0.,1.;                                                              3545P   5428
110,-0.35,1.600248128,-1.581210277,-0.35,0.765577776,               3547P   5429
-0.373664784;                                                       3547P   5430
126,1,1,1,0,1,0,0.,0.,1.,1.,1.,1.,0.,1.,0.,0.,0.,0.,0.,1.,0.,       3549P   5431
0.,1.;                                                              3549P   5432
110,-0.35,0.765577776,-0.373664784,-0.5,0.765577776,                3551P   5433
-0.373664784;                                                       3551P   5434
102,4,3537,3541,3545,3549;                                          3553P   5435
102,4,3539,3543,3547,3551;                                          3555P   5436
142,1,3535,3553,3555,1;                                             3557P   5437
144,3535,1,0,3557;                                                  3559P   5438
128,1,1,1,1,0,0,1,0,0,0.,0.,1.,1.,0.,0.,1.,1.,1.,1.,1.,1.,-0.5,     3561P   5439
1.600248128,-1.581210277,-0.5,1.586032207,-1.595467896,-0.35,       3561P   5440
1.600248128,-1.581210277,-0.35,1.586032207,-1.595467896,0.,1.,      3561P   5441
0.,1.;                                                              3561P   5442
126,1,1,1,0,1,0,0.,0.,1.,1.,1.,1.,0.,0.,0.,1.,0.,0.,0.,1.,0.,       3563P   5443
0.,1.;                                                              3563P   5444
110,-0.5,1.600248128,-1.581210277,-0.5,1.586032207,                 3565P   5445
-1.595467896;                                                       3565P   5446
126,1,1,1,0,1,0,0.,0.,1.,1.,1.,1.,1.,0.,0.,1.,1.,0.,0.,1.,0.,       3567P   5447
0.,1.;                                                              3567P   5448
110,-0.5,1.586032207,-1.595467896,-0.35,1.586032207,                3569P   5449
-1.595467896;                                                       3569P   5450
126,1,1,1,0,1,0,0.,0.,1.,1.,1.,1.,1.,1.,0.,0.,1.,0.,0.,1.,0.,       3571P   5451
0.,1.;                                                              3571P   5452
110,-0.35,1.586032207,-1.595467896,-0.35,1.600248128,               3573P   5453
-1.581210277;                                                       3573P   5454
126,1,1,1,0,1,0,0.,0.,1.,1.,1.,1.,0.,1.,0.,0.,0.,0.,0.,1.,0.,       3575P   5455
0.,1.;                                                              3575P   5456
110,-0.35,1.600248128,-1.581210277,-0.5,1.600248128,                3577P   5457
-1.581210277;                                                       3577P   5458
102,4,3563,3567,3571,3575;                                          3579P   5459
102,4,3565,3569,3573,3577;                                          3581P   5460
142,1,3561,3579,3581,1;                                             3583P   5461
144,3561,1,0,3583;                                                  3585P   5462
128,1,1,1,1,0,0,1,0,0,0.,0.,1.,1.,0.,0.,1.,1.,1.,1.,1.,1.,-0.5,     3587P   5463
1.586032207,-1.595467896,-0.5,0.375781275,-0.760926096,-0.35,       3587P   5464
1.586032207,-1.595467896,-0.35,0.375781275,-0.760926096,0.,1.,      3587P   5465
0.,1.;                                                              3587P   5466
126,1,1,1,0,1,0,0.,0.,1.,1.,1.,1.,0.,0.,0.,1.,0.,0.,0.,1.,0.,       3589P   5467
0.,1.;                                                              3589P   5468
110,-0.5,1.586032207,-1.595467896,-0.5,0.375781275,                 3591P   5469
-0.760926096;                                                       3591P   5470
126,1,1,1,0,1,0,0.,0.,1.,1.,1.,1.,1.,0.,0.,1.,1.,0.,0.,1.,0.,       3593P   5471
0.,1.;                                                              3593P   5472
110,-0.5,0.375781275,-0.760926096,-0.35,0.375781275,                3595P   5473
-0.760926096;                                                       3595P   5474
126,1,1,1,0,1,0,0.,0.,1.,1.,1.,1.,1.,1.,0.,0.,1.,0.,0.,1.,0.,       3597P   5475
0.,1.;                                                              3597P   5476
110,-0.35,0.375781275,-0.760926096,-0.35,1.586032207,               3599P   5477
-1.595467896;                                                       3599P   5478
126,1,1,1,0,1,0,0.,0.,1.,1.,1.,1.,0.,1.,0.,0.,0.,0.,0.,1.,0.,       3601P   5479
0.,1.;                                                              3601P   5480
110,-0.35,1.586032207,-1.595467896,-0.5,1.586032207,                3603P   5481
-1.595467896;                                                       3603P   5482
102,4,3589,3593,3597,3601;                                          3605P   5483
102,4,3591,3595,3599,3603;                                          3607P   5484
142,1,3587,3605,3607,1;                                             3609P   5485
144,3587,1,0,3609;                                                  3611P   5486
128,1,1,1,1,0,0,1,0,0,0.,0.,1.,1.,0.,0.,1.,1.,1.,1.,1.,1.,-0.5,     3613P   5487
0.375781275,-0.760926096,-0.5,0.011963711,-2.741995561,-0.35,       3613P   5488
0.375781275,-0.760926096,-0.35,0.011963711,-2.741995561,0.,1.,      3613P   5489
0.,1.;                                                              3613P   5490
126,1,1,1,0,1,0,0.,0.,1.,1.,1.,1.,0.,0.,0.,1.,0.,0.,0.,1.,0.,       3615P   5491
0.,1.;                                                              3615P   5492
110,-0.5,0.375781275,-0.760926096,-0.5,0.011963711,                 3617P   5493
-2.741995561;                                                       3617P   5494
126,1,1,1,0,1,0,0.,0.,1.,1.,1.,1.,1.,0.,0.,1.,1.,0.,0.,1.,0.,       3619P   5495
0.,1.;                                                              3619P   5496
110,-0.5,0.011963711,-2.741995561,-0.35,0.011963711,                3621P   5497
-2.741995561;                                                       3621P   5498
126,1,1,1,0,1,0,0.,0.,1.,1.,1.,1.,1.,1.,0.,0.,1.,0.,0.,1.,0.,       3623P   5499
0.,1.;                                                              3623P   5500
110,-0.35,0.011963711,-2.741995561,-0.35,0.375781275,               3625P   5501
-0.760926096;                                                       3625P   5502
126,1,1,1,0,1,0,0.,0.,1.,1.,1.,1.,0.,1.,0.,0.,0.,0.,0.,1.,0.,       3627P   5503
0.,1.;                                                              3627P   5504
110,-0.35,0.375781275,-0.760926096,-0.5,0.375781275,                3629P   5505
-0.760926096;                                                       3629P   5506
102,4,3615,3619,3623,3627;                                          3631P   5507
102,4,3617,3621,3625,3629;                                          3633P   5508
142,1,3613,3631,3633,1;                                             3635P   5509
144,3613,1,0,3635;                                                  3637P   5510
128,3,1,3,1,0,0,1,0,0,5.,5.,5.,5.,6.,6.,6.,6.,0.,0.,1.,1.,1.,       3639P   5511
1.,1.,1.,1.,1.,1.,1.,-0.35,-0.014229336,-2.74196151,-0.35,          3639P   5512
-1.517345915,-2.734393873,-0.35,-2.734288343,-1.51645548,-0.35,     3639P   5513
-2.740017274,-0.013006912,-0.5,-0.014229336,-2.74196151,-0.5,       3639P   5514
-1.517345915,-2.734393873,-0.5,-2.734288343,-1.51645548,-0.5,       3639P   5515
-2.740017274,-0.013006912,5.,6.,0.,1.;                              3639P   5516
126,1,1,1,0,1,0,0.,0.,1.,1.,1.,1.,6.,1.,0.,5.,1.,0.,0.,1.,0.,       3641P   5517
0.,1.;                                                              3641P   5518
126,3,3,1,0,1,0,5.,5.,5.,5.,6.,6.,6.,6.,1.,1.,1.,1.,-0.5,           3643P   5519
-2.740017274,-0.013006912,-0.5,-2.734288343,-1.51645548,-0.5,       3643P   5520
-1.517345915,-2.734393873,-0.5,-0.014229336,-2.74196151,5.,6.,      3643P   5521
-1.,0.,0.;                                                          3643P   5522
126,1,1,1,0,1,0,0.,0.,1.,1.,1.,1.,5.,1.,0.,5.,0.,0.,0.,1.,0.,       3645P   5523
0.,1.;                                                              3645P   5524
110,-0.5,-0.014229336,-2.74196151,-0.35,-0.014229336,               3647P   5525
-2.74196151;                                                        3647P   5526
126,1,1,1,0,1,0,0.,0.,1.,1.,1.,1.,5.,0.,0.,6.,0.,0.,0.,1.,0.,       3649P   5527
0.,1.;                                                              3649P   5528
126,3,3,1,0,1,0,5.,5.,5.,5.,6.,6.,6.,6.,1.,1.,1.,1.,-0.35,          3651P   5529
-0.014229336,-2.74196151,-0.35,-1.517345915,-2.734393873,-0.35,     3651P   5530
-2.734288343,-1.51645548,-0.35,-2.740017274,-0.013006912,5.,6.,     3651P   5531
1.,0.,0.;                                                           3651P   5532
126,1,1,1,0,1,0,0.,0.,1.,1.,1.,1.,6.,0.,0.,6.,1.,0.,0.,1.,0.,       3653P   5533
0.,1.;                                                              3653P   5534
110,-0.35,-2.740017274,-0.013006912,-0.5,-2.740017274,              3655P   5535
-0.013006912;                                                       3655P   5536
102,4,3641,3645,3649,3653;                                          3657P   5537
102,4,3643,3647,3651,3655;                                          3659P   5538
142,1,3639,3657,3659,1;                                             3661P   5539
144,3639,1,0,3661;                                                  3663P   5540
128,1,1,1,1,0,0,1,0,0,0.,0.,1.,1.,0.,0.,1.,1.,1.,1.,1.,1.,-0.5,     3665P   5541
-0.014229336,-2.74196151,-0.5,-0.375134967,-0.763377704,-0.35,      3665P   5542
-0.014229336,-2.74196151,-0.35,-0.375134967,-0.763377704,0.,1.,     3665P   5543
0.,1.;                                                              3665P   5544
126,1,1,1,0,1,0,0.,0.,1.,1.,1.,1.,0.,0.,0.,1.,0.,0.,0.,1.,0.,       3667P   5545
0.,1.;                                                              3667P   5546
110,-0.5,-0.014229336,-2.74196151,-0.5,-0.375134967,                3669P   5547
-0.763377704;                                                       3669P   5548
126,1,1,1,0,1,0,0.,0.,1.,1.,1.,1.,1.,0.,0.,1.,1.,0.,0.,1.,0.,       3671P   5549
0.,1.;                                                              3671P   5550
110,-0.5,-0.375134967,-0.763377704,-0.35,-0.375134967,              3673P   5551
-0.763377704;                                                       3673P   5552
126,1,1,1,0,1,0,0.,0.,1.,1.,1.,1.,1.,1.,0.,0.,1.,0.,0.,1.,0.,       3675P   5553
0.,1.;                                                              3675P   5554
110,-0.35,-0.375134967,-0.763377704,-0.35,-0.014229336,             3677P   5555
-2.74196151;                                                        3677P   5556
126,1,1,1,0,1,0,0.,0.,1.,1.,1.,1.,0.,1.,0.,0.,0.,0.,0.,1.,0.,       3679P   5557
0.,1.;                                                              3679P   5558
110,-0.35,-0.014229336,-2.74196151,-0.5,-0.014229336,               3681P   5559
-2.74196151;                                                        3681P   5560
102,4,3667,3671,3675,3679;                                          3683P   5561
102,4,3669,3673,3677,3681;                                          3685P   5562
142,1,3665,3683,3685,1;                                             3687P   5563
144,3665,1,0,3687;                                                  3689P   5564
128,1,1,1,1,0,0,1,0,0,0.,0.,1.,1.,0.,0.,1.,1.,1.,1.,1.,1.,-0.5,     3691P   5565
-0.375134967,-0.763377704,-0.5,-1.584765134,-1.601955307,-0.35,     3691P   5566
-0.375134967,-0.763377704,-0.35,-1.584765134,-1.601955307,0.,       3691P   5567
1.,0.,1.;                                                           3691P   5568
126,1,1,1,0,1,0,0.,0.,1.,1.,1.,1.,0.,0.,0.,1.,0.,0.,0.,1.,0.,       3693P   5569
0.,1.;                                                              3693P   5570
110,-0.5,-0.375134967,-0.763377704,-0.5,-1.584765134,               3695P   5571
-1.601955307;                                                       3695P   5572
126,1,1,1,0,1,0,0.,0.,1.,1.,1.,1.,1.,0.,0.,1.,1.,0.,0.,1.,0.,       3697P   5573
0.,1.;                                                              3697P   5574
110,-0.5,-1.584765134,-1.601955307,-0.35,-1.584765134,              3699P   5575
-1.601955307;                                                       3699P   5576
126,1,1,1,0,1,0,0.,0.,1.,1.,1.,1.,1.,1.,0.,0.,1.,0.,0.,1.,0.,       3701P   5577
0.,1.;                                                              3701P   5578
110,-0.35,-1.584765134,-1.601955307,-0.35,-0.375134967,             3703P   5579
-0.763377704;                                                       3703P   5580
126,1,1,1,0,1,0,0.,0.,1.,1.,1.,1.,0.,1.,0.,0.,0.,0.,0.,1.,0.,       3705P   5581
0.,1.;                                                              3705P   5582
110,-0.35,-0.375134967,-0.763377704,-0.5,-0.375134967,              3707P   5583
-0.763377704;                                                       3707P   5584
102,4,3693,3697,3701,3705;                                          3709P   5585
102,4,3695,3699,3703,3707;                                          3711P   5586
142,1,3691,3709,3711,1;                                             3713P   5587
144,3691,1,0,3713;                                                  3715P   5588
128,1,1,1,1,0,0,1,0,0,0.,0.,1.,1.,0.,0.,1.,1.,1.,1.,1.,1.,-0.5,     3717P   5589
-1.584765134,-1.601955307,-0.5,-1.598972542,-1.587739386,-0.35,     3717P   5590
-1.584765134,-1.601955307,-0.35,-1.598972542,-1.587739386,0.,       3717P   5591
1.,0.,1.;                                                           3717P   5592
126,1,1,1,0,1,0,0.,0.,1.,1.,1.,1.,0.,0.,0.,1.,0.,0.,0.,1.,0.,       3719P   5593
0.,1.;                                                              3719P   5594
110,-0.5,-1.584765134,-1.601955307,-0.5,-1.598972542,               3721P   5595
-1.587739386;                                                       3721P   5596
126,1,1,1,0,1,0,0.,0.,1.,1.,1.,1.,1.,0.,0.,1.,1.,0.,0.,1.,0.,       3723P   5597
0.,1.;                                                              3723P   5598
110,-0.5,-1.598972542,-1.587739386,-0.35,-1.598972542,              3725P   5599
-1.587739386;                                                       3725P   5600
126,1,1,1,0,1,0,0.,0.,1.,1.,1.,1.,1.,1.,0.,0.,1.,0.,0.,1.,0.,       3727P   5601
0.,1.;                                                              3727P   5602
110,-0.35,-1.598972542,-1.587739386,-0.35,-1.584765134,             3729P   5603
-1.601955307;                                                       3729P   5604
126,1,1,1,0,1,0,0.,0.,1.,1.,1.,1.,0.,1.,0.,0.,0.,0.,0.,1.,0.,       3731P   5605
0.,1.;                                                              3731P   5606
110,-0.35,-1.584765134,-1.601955307,-0.5,-1.584765134,              3733P   5607
-1.601955307;                                                       3733P   5608
102,4,3719,3723,3727,3731;                                          3735P   5609
102,4,3721,3725,3729,3733;                                          3737P   5610
142,1,3717,3735,3737,1;                                             3739P   5611
144,3717,1,0,3739;                                                  3741P   5612
128,1,1,1,1,0,0,1,0,0,0.,0.,1.,1.,0.,0.,1.,1.,1.,1.,1.,1.,-0.5,     3743P   5613
-1.598972542,-1.587739386,-0.5,-0.763680775,-0.376321589,-0.35,     3743P   5614
-1.598972542,-1.587739386,-0.35,-0.763680775,-0.376321589,0.,       3743P   5615
1.,0.,1.;                                                           3743P   5616
126,1,1,1,0,1,0,0.,0.,1.,1.,1.,1.,0.,0.,0.,1.,0.,0.,0.,1.,0.,       3745P   5617
0.,1.;                                                              3745P   5618
110,-0.5,-1.598972542,-1.587739386,-0.5,-0.763680775,               3747P   5619
-0.376321589;                                                       3747P   5620
126,1,1,1,0,1,0,0.,0.,1.,1.,1.,1.,1.,0.,0.,1.,1.,0.,0.,1.,0.,       3749P   5621
0.,1.;                                                              3749P   5622
110,-0.5,-0.763680775,-0.376321589,-0.35,-0.763680775,              3751P   5623
-0.376321589;                                                       3751P   5624
126,1,1,1,0,1,0,0.,0.,1.,1.,1.,1.,1.,1.,0.,0.,1.,0.,0.,1.,0.,       3753P   5625
0.,1.;                                                              3753P   5626
110,-0.35,-0.763680775,-0.376321589,-0.35,-1.598972542,             3755P   5627
-1.587739386;                                                       3755P   5628
126,1,1,1,0,1,0,0.,0.,1.,1.,1.,1.,0.,1.,0.,0.,0.,0.,0.,1.,0.,       3757P   5629
0.,1.;                                                              3757P   5630
110,-0.35,-1.598972542,-1.587739386,-0.5,-1.598972542,              3759P   5631
-1.587739386;                                                       3759P   5632
102,4,3745,3749,3753,3757;                                          3761P   5633
102,4,3747,3751,3755,3759;                                          3763P   5634
142,1,3743,3761,3763,1;                                             3765P   5635
144,3743,1,0,3765;                                                  3767P   5636
128,1,1,1,1,0,0,1,0,0,0.,0.,1.,1.,0.,0.,1.,1.,1.,1.,1.,1.,-0.5,     3769P   5637
-0.763680775,-0.376321589,-0.5,-2.740017274,-0.013006912,-0.35,     3769P   5638
-0.763680775,-0.376321589,-0.35,-2.740017274,-0.013006912,0.,       3769P   5639
1.,0.,1.;                                                           3769P   5640
126,1,1,1,0,1,0,0.,0.,1.,1.,1.,1.,0.,0.,0.,1.,0.,0.,0.,1.,0.,       3771P   5641
0.,1.;                                                              3771P   5642
110,-0.5,-0.763680775,-0.376321589,-0.5,-2.740017274,               3773P   5643
-0.013006912;                                                       3773P   5644
126,1,1,1,0,1,0,0.,0.,1.,1.,1.,1.,1.,0.,0.,1.,1.,0.,0.,1.,0.,       3775P   5645
0.,1.;                                                              3775P   5646
110,-0.5,-2.740017274,-0.013006912,-0.35,-2.740017274,              3777P   5647
-0.013006912;                                                       3777P   5648
126,1,1,1,0,1,0,0.,0.,1.,1.,1.,1.,1.,1.,0.,0.,1.,0.,0.,1.,0.,       3779P   5649
0.,1.;                                                              3779P   5650
110,-0.35,-2.740017274,-0.013006912,-0.35,-0.763680775,             3781P   5651
-0.376321589;                                                       3781P   5652
126,1,1,1,0,1,0,0.,0.,1.,1.,1.,1.,0.,1.,0.,0.,0.,0.,0.,1.,0.,       3783P   5653
0.,1.;                                                              3783P   5654
110,-0.35,-0.763680775,-0.376321589,-0.5,-0.763680775,              3785P   5655
-0.376321589;                                                       3785P   5656
102,4,3771,3775,3779,3783;                                          3787P   5657
102,4,3773,3777,3781,3785;                                          3789P   5658
142,1,3769,3787,3789,1;                                             3791P   5659
144,3769,1,0,3791;                                                  3793P   5660
128,3,1,3,1,0,0,1,0,0,5.,5.,5.,5.,6.,6.,6.,6.,0.,0.,1.,1.,1.,       3795P   5661
1.,1.,1.,1.,1.,1.,1.,-0.35,-2.739855536,0.014267226,-0.35,          3795P   5662
-2.730874819,1.515136498,-0.35,-1.515268859,2.729755005,-0.35,      3795P   5663
-0.014262748,2.73731413,-0.5,-2.739855536,0.014267226,-0.5,         3795P   5664
-2.730874819,1.515136498,-0.5,-1.515268859,2.729755005,-0.5,        3795P   5665
-0.014262748,2.73731413,5.,6.,0.,1.;                                3795P   5666
126,1,1,1,0,1,0,0.,0.,1.,1.,1.,1.,6.,1.,0.,5.,1.,0.,0.,1.,0.,       3797P   5667
0.,1.;                                                              3797P   5668
126,3,3,1,0,1,0,5.,5.,5.,5.,6.,6.,6.,6.,1.,1.,1.,1.,-0.5,           3799P   5669
-0.014262748,2.73731413,-0.5,-1.515268859,2.729755005,-0.5,         3799P   5670
-2.730874819,1.515136498,-0.5,-2.739855536,0.014267226,5.,6.,       3799P   5671
-1.,0.,0.;                                                          3799P   5672
126,1,1,1,0,1,0,0.,0.,1.,1.,1.,1.,5.,1.,0.,5.,0.,0.,0.,1.,0.,       3801P   5673
0.,1.;                                                              3801P   5674
110,-0.5,-2.739855536,0.014267226,-0.35,-2.739855536,               3803P   5675
0.014267226;                                                        3803P   5676
126,1,1,1,0,1,0,0.,0.,1.,1.,1.,1.,5.,0.,0.,6.,0.,0.,0.,1.,0.,       3805P   5677
0.,1.;                                                              3805P   5678
126,3,3,1,0,1,0,5.,5.,5.,5.,6.,6.,6.,6.,1.,1.,1.,1.,-0.35,          3807P   5679
-2.739855536,0.014267226,-0.35,-2.730874819,1.515136498,-0.35,      3807P   5680
-1.515268859,2.729755005,-0.35,-0.014262748,2.73731413,5.,6.,       3807P   5681
1.,0.,0.;                                                           3807P   5682
126,1,1,1,0,1,0,0.,0.,1.,1.,1.,1.,6.,0.,0.,6.,1.,0.,0.,1.,0.,       3809P   5683
0.,1.;                                                              3809P   5684
110,-0.35,-0.014262748,2.73731413,-0.5,-0.014262748,2.73731413;     3811P   5685
102,4,3797,3801,3805,3809;                                          3813P   5686
102,4,3799,3803,3807,3811;                                          3815P   5687
142,1,3795,3813,3815,1;                                             3817P   5688
144,3795,1,0,3817;                                                  3819P   5689
128,1,1,1,1,0,0,1,0,0,0.,0.,1.,1.,0.,0.,1.,1.,1.,1.,1.,1.,-0.5,     3821P   5690
-2.739855536,0.014267226,-0.5,-0.759194054,0.376339073,-0.35,       3821P   5691
-2.739855536,0.014267226,-0.35,-0.759194054,0.376339073,0.,1.,      3821P   5692
0.,1.;                                                              3821P   5693
126,1,1,1,0,1,0,0.,0.,1.,1.,1.,1.,0.,0.,0.,1.,0.,0.,0.,1.,0.,       3823P   5694
0.,1.;                                                              3823P   5695
110,-0.5,-2.739855536,0.014267226,-0.5,-0.759194054,                3825P   5696
0.376339073;                                                        3825P   5697
126,1,1,1,0,1,0,0.,0.,1.,1.,1.,1.,1.,0.,0.,1.,1.,0.,0.,1.,0.,       3827P   5698
0.,1.;                                                              3827P   5699
110,-0.5,-0.759194054,0.376339073,-0.35,-0.759194054,               3829P   5700
0.376339073;                                                        3829P   5701
126,1,1,1,0,1,0,0.,0.,1.,1.,1.,1.,1.,1.,0.,0.,1.,0.,0.,1.,0.,       3831P   5702
0.,1.;                                                              3831P   5703
110,-0.35,-0.759194054,0.376339073,-0.35,-2.739855536,              3833P   5704
0.014267226;                                                        3833P   5705
126,1,1,1,0,1,0,0.,0.,1.,1.,1.,1.,0.,1.,0.,0.,0.,0.,0.,1.,0.,       3835P   5706
0.,1.;                                                              3835P   5707
110,-0.35,-2.739855536,0.014267226,-0.5,-2.739855536,               3837P   5708
0.014267226;                                                        3837P   5709
102,4,3823,3827,3831,3835;                                          3839P   5710
102,4,3825,3829,3833,3837;                                          3841P   5711
142,1,3821,3839,3841,1;                                             3843P   5712
144,3821,1,0,3843;                                                  3845P   5713
128,1,1,1,1,0,0,1,0,0,0.,0.,1.,1.,0.,0.,1.,1.,1.,1.,1.,1.,-0.5,     3847P   5714
-0.759194054,0.376339073,-0.5,-1.594988679,1.584053921,-0.35,       3847P   5715
-0.759194054,0.376339073,-0.35,-1.594988679,1.584053921,0.,1.,      3847P   5716
0.,1.;                                                              3847P   5717
126,1,1,1,0,1,0,0.,0.,1.,1.,1.,1.,0.,0.,0.,1.,0.,0.,0.,1.,0.,       3849P   5718
0.,1.;                                                              3849P   5719
110,-0.5,-0.759194054,0.376339073,-0.5,-1.594988679,                3851P   5720
1.584053921;                                                        3851P   5721
126,1,1,1,0,1,0,0.,0.,1.,1.,1.,1.,1.,0.,0.,1.,1.,0.,0.,1.,0.,       3853P   5722
0.,1.;                                                              3853P   5723
110,-0.5,-1.594988679,1.584053921,-0.35,-1.594988679,               3855P   5724
1.584053921;                                                        3855P   5725
126,1,1,1,0,1,0,0.,0.,1.,1.,1.,1.,1.,1.,0.,0.,1.,0.,0.,1.,0.,       3857P   5726
0.,1.;                                                              3857P   5727
110,-0.35,-1.594988679,1.584053921,-0.35,-0.759194054,              3859P   5728
0.376339073;                                                        3859P   5729
126,1,1,1,0,1,0,0.,0.,1.,1.,1.,1.,0.,1.,0.,0.,0.,0.,0.,1.,0.,       3861P   5730
0.,1.;                                                              3861P   5731
110,-0.35,-0.759194054,0.376339073,-0.5,-0.759194054,               3863P   5732
0.376339073;                                                        3863P   5733
102,4,3849,3853,3857,3861;                                          3865P   5734
102,4,3851,3855,3859,3863;                                          3867P   5735
142,1,3847,3865,3867,1;                                             3869P   5736
144,3847,1,0,3869;                                                  3871P   5737
128,1,1,1,1,0,0,1,0,0,0.,0.,1.,1.,0.,0.,1.,1.,1.,1.,1.,1.,-0.5,     3873P   5738
-1.594988679,1.584053921,-0.5,-1.580687633,1.598184716,-0.35,       3873P   5739
-1.594988679,1.584053921,-0.35,-1.580687633,1.598184716,0.,1.,      3873P   5740
0.,1.;                                                              3873P   5741
126,1,1,1,0,1,0,0.,0.,1.,1.,1.,1.,0.,0.,0.,1.,0.,0.,0.,1.,0.,       3875P   5742
0.,1.;                                                              3875P   5743
110,-0.5,-1.594988679,1.584053921,-0.5,-1.580687633,                3877P   5744
1.598184716;                                                        3877P   5745
126,1,1,1,0,1,0,0.,0.,1.,1.,1.,1.,1.,0.,0.,1.,1.,0.,0.,1.,0.,       3879P   5746
0.,1.;                                                              3879P   5747
110,-0.5,-1.580687633,1.598184716,-0.35,-1.580687633,               3881P   5748
1.598184716;                                                        3881P   5749
126,1,1,1,0,1,0,0.,0.,1.,1.,1.,1.,1.,1.,0.,0.,1.,0.,0.,1.,0.,       3883P   5750
0.,1.;                                                              3883P   5751
110,-0.35,-1.580687633,1.598184716,-0.35,-1.594988679,              3885P   5752
1.584053921;                                                        3885P   5753
126,1,1,1,0,1,0,0.,0.,1.,1.,1.,1.,0.,1.,0.,0.,0.,0.,0.,1.,0.,       3887P   5754
0.,1.;                                                              3887P   5755
110,-0.35,-1.594988679,1.584053921,-0.5,-1.594988679,               3889P   5756
1.584053921;                                                        3889P   5757
102,4,3875,3879,3883,3887;                                          3891P   5758
102,4,3877,3881,3885,3889;                                          3893P   5759
142,1,3873,3891,3893,1;                                             3895P   5760
144,3873,1,0,3895;                                                  3897P   5761
128,1,1,1,1,0,0,1,0,0,0.,0.,1.,1.,0.,0.,1.,1.,1.,1.,1.,1.,-0.5,     3899P   5762
-1.580687633,1.598184716,-0.5,-0.373304774,0.765633983,-0.35,       3899P   5763
-1.580687633,1.598184716,-0.35,-0.373304774,0.765633983,0.,1.,      3899P   5764
0.,1.;                                                              3899P   5765
126,1,1,1,0,1,0,0.,0.,1.,1.,1.,1.,0.,0.,0.,1.,0.,0.,0.,1.,0.,       3901P   5766
0.,1.;                                                              3901P   5767
110,-0.5,-1.580687633,1.598184716,-0.5,-0.373304774,                3903P   5768
0.765633983;                                                        3903P   5769
126,1,1,1,0,1,0,0.,0.,1.,1.,1.,1.,1.,0.,0.,1.,1.,0.,0.,1.,0.,       3905P   5770
0.,1.;                                                              3905P   5771
110,-0.5,-0.373304774,0.765633983,-0.35,-0.373304774,               3907P   5772
0.765633983;                                                        3907P   5773
126,1,1,1,0,1,0,0.,0.,1.,1.,1.,1.,1.,1.,0.,0.,1.,0.,0.,1.,0.,       3909P   5774
0.,1.;                                                              3909P   5775
110,-0.35,-0.373304774,0.765633983,-0.35,-1.580687633,              3911P   5776
1.598184716;                                                        3911P   5777
126,1,1,1,0,1,0,0.,0.,1.,1.,1.,1.,0.,1.,0.,0.,0.,0.,0.,1.,0.,       3913P   5778
0.,1.;                                                              3913P   5779
110,-0.35,-1.580687633,1.598184716,-0.5,-1.580687633,               3915P   5780
1.598184716;                                                        3915P   5781
102,4,3901,3905,3909,3913;                                          3917P   5782
102,4,3903,3907,3911,3915;                                          3919P   5783
142,1,3899,3917,3919,1;                                             3921P   5784
144,3899,1,0,3921;                                                  3923P   5785
128,1,1,1,1,0,0,1,0,0,0.,0.,1.,1.,0.,0.,1.,1.,1.,1.,1.,1.,-0.5,     3925P   5786
-0.373304774,0.765633983,-0.5,-0.014262748,2.73731413,-0.35,        3925P   5787
-0.373304774,0.765633983,-0.35,-0.014262748,2.73731413,0.,1.,       3925P   5788
0.,1.;                                                              3925P   5789
126,1,1,1,0,1,0,0.,0.,1.,1.,1.,1.,0.,0.,0.,1.,0.,0.,0.,1.,0.,       3927P   5790
0.,1.;                                                              3927P   5791
110,-0.5,-0.373304774,0.765633983,-0.5,-0.014262748,2.73731413;     3929P   5792
126,1,1,1,0,1,0,0.,0.,1.,1.,1.,1.,1.,0.,0.,1.,1.,0.,0.,1.,0.,       3931P   5793
0.,1.;                                                              3931P   5794
110,-0.5,-0.014262748,2.73731413,-0.35,-0.014262748,2.73731413;     3933P   5795
126,1,1,1,0,1,0,0.,0.,1.,1.,1.,1.,1.,1.,0.,0.,1.,0.,0.,1.,0.,       3935P   5796
0.,1.;                                                              3935P   5797
110,-0.35,-0.014262748,2.73731413,-0.35,-0.373304774,               3937P   5798
0.765633983;                                                        3937P   5799
126,1,1,1,0,1,0,0.,0.,1.,1.,1.,1.,0.,1.,0.,0.,0.,0.,0.,1.,0.,       3939P   5800
0.,1.;                                                              3939P   5801
110,-0.35,-0.373304774,0.765633983,-0.5,-0.373304774,               3941P   5802
0.765633983;                                                        3941P   5803
102,4,3927,3931,3935,3939;                                          3943P   5804
102,4,3929,3933,3937,3941;                                          3945P   5805
142,1,3925,3943,3945,1;                                             3947P   5806
144,3925,1,0,3947;                                                  3949P   5807
128,1,1,1,1,0,0,1,0,0,0.,0.,1.,1.,0.,0.,1.,1.,1.,1.,1.,1.,-0.5,     3951P   5808
-0.00063483,2.637727042,-0.5,-0.00063483,0.048972801,-0.35,         3951P   5809
-0.00063483,2.637727042,-0.35,-0.00063483,0.048972801,0.,1.,0.,     3951P   5810
1.;                                                                 3951P   5811
126,1,1,1,0,1,0,0.,0.,1.,1.,1.,1.,0.,0.,0.,1.,0.,0.,0.,1.,0.,       3953P   5812
0.,1.;                                                              3953P   5813
110,-0.5,-0.00063483,2.637727042,-0.5,-0.00063483,0.048972801;      3955P   5814
126,1,1,1,0,1,0,0.,0.,1.,1.,1.,1.,1.,0.,0.,1.,1.,0.,0.,1.,0.,       3957P   5815
0.,1.;                                                              3957P   5816
110,-0.5,-0.00063483,0.048972801,-0.35,-0.00063483,0.048972801;     3959P   5817
126,1,1,1,0,1,0,0.,0.,1.,1.,1.,1.,1.,1.,0.,0.,1.,0.,0.,1.,0.,       3961P   5818
0.,1.;                                                              3961P   5819
110,-0.35,-0.00063483,0.048972801,-0.35,-0.00063483,                3963P   5820
2.637727042;                                                        3963P   5821
126,1,1,1,0,1,0,0.,0.,1.,1.,1.,1.,0.,1.,0.,0.,0.,0.,0.,1.,0.,       3965P   5822
0.,1.;                                                              3965P   5823
110,-0.35,-0.00063483,2.637727042,-0.5,-0.00063483,2.637727042;     3967P   5824
102,4,3953,3957,3961,3965;                                          3969P   5825
102,4,3955,3959,3963,3967;                                          3971P   5826
142,1,3951,3969,3971,1;                                             3973P   5827
144,3951,1,0,3973;                                                  3975P   5828
128,1,1,1,1,0,0,1,0,0,0.,0.,1.,1.,0.,0.,1.,1.,1.,1.,1.,1.,-0.5,     3977P   5829
-0.00063483,0.048972801,-0.5,0.3983899,0.450406575,-0.35,           3977P   5830
-0.00063483,0.048972801,-0.35,0.3983899,0.450406575,0.,1.,0.,       3977P   5831
1.;                                                                 3977P   5832
126,1,1,1,0,1,0,0.,0.,1.,1.,1.,1.,0.,0.,0.,1.,0.,0.,0.,1.,0.,       3979P   5833
0.,1.;                                                              3979P   5834
110,-0.5,-0.00063483,0.048972801,-0.5,0.3983899,0.450406575;        3981P   5835
126,1,1,1,0,1,0,0.,0.,1.,1.,1.,1.,1.,0.,0.,1.,1.,0.,0.,1.,0.,       3983P   5836
0.,1.;                                                              3983P   5837
110,-0.5,0.3983899,0.450406575,-0.35,0.3983899,0.450406575;         3985P   5838
126,1,1,1,0,1,0,0.,0.,1.,1.,1.,1.,1.,1.,0.,0.,1.,0.,0.,1.,0.,       3987P   5839
0.,1.;                                                              3987P   5840
110,-0.35,0.3983899,0.450406575,-0.35,-0.00063483,0.048972801;      3989P   5841
126,1,1,1,0,1,0,0.,0.,1.,1.,1.,1.,0.,1.,0.,0.,0.,0.,0.,1.,0.,       3991P   5842
0.,1.;                                                              3991P   5843
110,-0.35,-0.00063483,0.048972801,-0.5,-0.00063483,0.048972801;     3993P   5844
102,4,3979,3983,3987,3991;                                          3995P   5845
102,4,3981,3985,3989,3993;                                          3997P   5846
142,1,3977,3995,3997,1;                                             3999P   5847
144,3977,1,0,3999;                                                  4001P   5848
128,1,1,1,1,0,0,1,0,0,0.,0.,1.,1.,0.,0.,1.,1.,1.,1.,1.,1.,-0.5,     4003P   5849
0.3983899,0.450406575,-0.5,-0.00063483,2.637727042,-0.35,           4003P   5850
0.3983899,0.450406575,-0.35,-0.00063483,2.637727042,0.,1.,0.,       4003P   5851
1.;                                                                 4003P   5852
126,1,1,1,0,1,0,0.,0.,1.,1.,1.,1.,0.,0.,0.,1.,0.,0.,0.,1.,0.,       4005P   5853
0.,1.;                                                              4005P   5854
110,-0.5,0.3983899,0.450406575,-0.5,-0.00063483,2.637727042;        4007P   5855
126,1,1,1,0,1,0,0.,0.,1.,1.,1.,1.,1.,0.,0.,1.,1.,0.,0.,1.,0.,       4009P   5856
0.,1.;                                                              4009P   5857
110,-0.5,-0.00063483,2.637727042,-0.35,-0.00063483,2.637727042;     4011P   5858
126,1,1,1,0,1,0,0.,0.,1.,1.,1.,1.,1.,1.,0.,0.,1.,0.,0.,1.,0.,       4013P   5859
0.,1.;                                                              4013P   5860
110,-0.35,-0.00063483,2.637727042,-0.35,0.3983899,0.450406575;      4015P   5861
126,1,1,1,0,1,0,0.,0.,1.,1.,1.,1.,0.,1.,0.,0.,0.,0.,0.,1.,0.,       4017P   5862
0.,1.;                                                              4017P   5863
110,-0.35,0.3983899,0.450406575,-0.5,0.3983899,0.450406575;         4019P   5864
102,4,4005,4009,4013,4017;                                          4021P   5865
102,4,4007,4011,4015,4019;                                          4023P   5866
142,1,4003,4021,4023,1;                                             4025P   5867
144,4003,1,0,4025;                                                  4027P   5868
128,1,1,1,1,0,0,1,0,0,0.,0.,1.,1.,0.,0.,1.,1.,1.,1.,1.,1.,-0.5,     4029P   5869
-0.433326606,0.436190654,-0.5,-0.378795354,0.735295335,-0.35,       4029P   5870
-0.433326606,0.436190654,-0.35,-0.378795354,0.735295335,0.,1.,      4029P   5871
0.,1.;                                                              4029P   5872
126,1,1,1,0,1,0,0.,0.,1.,1.,1.,1.,0.,0.,0.,1.,0.,0.,0.,1.,0.,       4031P   5873
0.,1.;                                                              4031P   5874
110,-0.5,-0.433326606,0.436190654,-0.5,-0.378795354,                4033P   5875
0.735295335;                                                        4033P   5876
126,1,1,1,0,1,0,0.,0.,1.,1.,1.,1.,1.,0.,0.,1.,1.,0.,0.,1.,0.,       4035P   5877
0.,1.;                                                              4035P   5878
110,-0.5,-0.378795354,0.735295335,-0.35,-0.378795354,               4037P   5879
0.735295335;                                                        4037P   5880
126,1,1,1,0,1,0,0.,0.,1.,1.,1.,1.,1.,1.,0.,0.,1.,0.,0.,1.,0.,       4039P   5881
0.,1.;                                                              4039P   5882
110,-0.35,-0.378795354,0.735295335,-0.35,-0.433326606,              4041P   5883
0.436190654;                                                        4041P   5884
126,1,1,1,0,1,0,0.,0.,1.,1.,1.,1.,0.,1.,0.,0.,0.,0.,0.,1.,0.,       4043P   5885
0.,1.;                                                              4043P   5886
110,-0.35,-0.433326606,0.436190654,-0.5,-0.433326606,               4045P   5887
0.436190654;                                                        4045P   5888
102,4,4031,4035,4039,4043;                                          4047P   5889
102,4,4033,4037,4041,4045;                                          4049P   5890
142,1,4029,4047,4049,1;                                             4051P   5891
144,4029,1,0,4051;                                                  4053P   5892
128,1,1,1,1,0,0,1,0,0,0.,0.,1.,1.,0.,0.,1.,1.,1.,1.,1.,1.,-0.5,     4055P   5893
-0.378795354,0.735295335,-0.5,-1.524828427,1.52769342,-0.35,        4055P   5894
-0.378795354,0.735295335,-0.35,-1.524828427,1.52769342,0.,1.,       4055P   5895
0.,1.;                                                              4055P   5896
126,1,1,1,0,1,0,0.,0.,1.,1.,1.,1.,0.,0.,0.,1.,0.,0.,0.,1.,0.,       4057P   5897
0.,1.;                                                              4057P   5898
110,-0.5,-0.378795354,0.735295335,-0.5,-1.524828427,1.52769342;     4059P   5899
126,1,1,1,0,1,0,0.,0.,1.,1.,1.,1.,1.,0.,0.,1.,1.,0.,0.,1.,0.,       4061P   5900
0.,1.;                                                              4061P   5901
110,-0.5,-1.524828427,1.52769342,-0.35,-1.524828427,1.52769342;     4063P   5902
126,1,1,1,0,1,0,0.,0.,1.,1.,1.,1.,1.,1.,0.,0.,1.,0.,0.,1.,0.,       4065P   5903
0.,1.;                                                              4065P   5904
110,-0.35,-1.524828427,1.52769342,-0.35,-0.378795354,               4067P   5905
0.735295335;                                                        4067P   5906
126,1,1,1,0,1,0,0.,0.,1.,1.,1.,1.,0.,1.,0.,0.,0.,0.,0.,1.,0.,       4069P   5907
0.,1.;                                                              4069P   5908
110,-0.35,-0.378795354,0.735295335,-0.5,-0.378795354,               4071P   5909
0.735295335;                                                        4071P   5910
102,4,4057,4061,4065,4069;                                          4073P   5911
102,4,4059,4063,4067,4071;                                          4075P   5912
142,1,4055,4073,4075,1;                                             4077P   5913
144,4055,1,0,4077;                                                  4079P   5914
128,1,1,1,1,0,0,1,0,0,0.,0.,1.,1.,0.,0.,1.,1.,1.,1.,1.,1.,-0.5,     4081P   5915
-1.524828427,1.52769342,-0.5,-0.433326606,0.436190654,-0.35,        4081P   5916
-1.524828427,1.52769342,-0.35,-0.433326606,0.436190654,0.,1.,       4081P   5917
0.,1.;                                                              4081P   5918
126,1,1,1,0,1,0,0.,0.,1.,1.,1.,1.,0.,0.,0.,1.,0.,0.,0.,1.,0.,       4083P   5919
0.,1.;                                                              4083P   5920
110,-0.5,-1.524828427,1.52769342,-0.5,-0.433326606,0.436190654;     4085P   5921
126,1,1,1,0,1,0,0.,0.,1.,1.,1.,1.,1.,0.,0.,1.,1.,0.,0.,1.,0.,       4087P   5922
0.,1.;                                                              4087P   5923
110,-0.5,-0.433326606,0.436190654,-0.35,-0.433326606,               4089P   5924
0.436190654;                                                        4089P   5925
126,1,1,1,0,1,0,0.,0.,1.,1.,1.,1.,1.,1.,0.,0.,1.,0.,0.,1.,0.,       4091P   5926
0.,1.;                                                              4091P   5927
110,-0.35,-0.433326606,0.436190654,-0.35,-1.524828427,              4093P   5928
1.52769342;                                                         4093P   5929
126,1,1,1,0,1,0,0.,0.,1.,1.,1.,1.,0.,1.,0.,0.,0.,0.,0.,1.,0.,       4095P   5930
0.,1.;                                                              4095P   5931
110,-0.35,-1.524828427,1.52769342,-0.5,-1.524828427,1.52769342;     4097P   5932
102,4,4083,4087,4091,4095;                                          4099P   5933
102,4,4085,4089,4093,4097;                                          4101P   5934
142,1,4081,4099,4101,1;                                             4103P   5935
144,4081,1,0,4103;                                                  4105P   5936
128,1,1,1,1,0,0,1,0,0,0.,0.,1.,1.,0.,0.,1.,1.,1.,1.,1.,1.,-0.5,     4107P   5937
-0.00063483,-0.04849564,-0.5,-0.399659559,-0.449851908,-0.35,       4107P   5938
-0.00063483,-0.04849564,-0.35,-0.399659559,-0.449851908,0.,1.,      4107P   5939
0.,1.;                                                              4107P   5940
126,1,1,1,0,1,0,0.,0.,1.,1.,1.,1.,0.,0.,0.,1.,0.,0.,0.,1.,0.,       4109P   5941
0.,1.;                                                              4109P   5942
110,-0.5,-0.00063483,-0.04849564,-0.5,-0.399659559,                 4111P   5943
-0.449851908;                                                       4111P   5944
126,1,1,1,0,1,0,0.,0.,1.,1.,1.,1.,1.,0.,0.,1.,1.,0.,0.,1.,0.,       4113P   5945
0.,1.;                                                              4113P   5946
110,-0.5,-0.399659559,-0.449851908,-0.35,-0.399659559,              4115P   5947
-0.449851908;                                                       4115P   5948
126,1,1,1,0,1,0,0.,0.,1.,1.,1.,1.,1.,1.,0.,0.,1.,0.,0.,1.,0.,       4117P   5949
0.,1.;                                                              4117P   5950
110,-0.35,-0.399659559,-0.449851908,-0.35,-0.00063483,              4119P   5951
-0.04849564;                                                        4119P   5952
126,1,1,1,0,1,0,0.,0.,1.,1.,1.,1.,0.,1.,0.,0.,0.,0.,0.,1.,0.,       4121P   5953
0.,1.;                                                              4121P   5954
110,-0.35,-0.00063483,-0.04849564,-0.5,-0.00063483,-0.04849564;     4123P   5955
102,4,4109,4113,4117,4121;                                          4125P   5956
102,4,4111,4115,4119,4123;                                          4127P   5957
142,1,4107,4125,4127,1;                                             4129P   5958
144,4107,1,0,4129;                                                  4131P   5959
128,1,1,1,1,0,0,1,0,0,0.,0.,1.,1.,0.,0.,1.,1.,1.,1.,1.,1.,-0.5,     4133P   5960
-0.399659559,-0.449851908,-0.5,-0.00063483,-2.637172296,-0.35,      4133P   5961
-0.399659559,-0.449851908,-0.35,-0.00063483,-2.637172296,0.,1.,     4133P   5962
0.,1.;                                                              4133P   5963
126,1,1,1,0,1,0,0.,0.,1.,1.,1.,1.,0.,0.,0.,1.,0.,0.,0.,1.,0.,       4135P   5964
0.,1.;                                                              4135P   5965
110,-0.5,-0.399659559,-0.449851908,-0.5,-0.00063483,                4137P   5966
-2.637172296;                                                       4137P   5967
126,1,1,1,0,1,0,0.,0.,1.,1.,1.,1.,1.,0.,0.,1.,1.,0.,0.,1.,0.,       4139P   5968
0.,1.;                                                              4139P   5969
110,-0.5,-0.00063483,-2.637172296,-0.35,-0.00063483,                4141P   5970
-2.637172296;                                                       4141P   5971
126,1,1,1,0,1,0,0.,0.,1.,1.,1.,1.,1.,1.,0.,0.,1.,0.,0.,1.,0.,       4143P   5972
0.,1.;                                                              4143P   5973
110,-0.35,-0.00063483,-2.637172296,-0.35,-0.399659559,              4145P   5974
-0.449851908;                                                       4145P   5975
126,1,1,1,0,1,0,0.,0.,1.,1.,1.,1.,0.,1.,0.,0.,0.,0.,0.,1.,0.,       4147P   5976
0.,1.;                                                              4147P   5977
110,-0.35,-0.399659559,-0.449851908,-0.5,-0.399659559,              4149P   5978
-0.449851908;                                                       4149P   5979
102,4,4135,4139,4143,4147;                                          4151P   5980
102,4,4137,4141,4145,4149;                                          4153P   5981
142,1,4133,4151,4153,1;                                             4155P   5982
144,4133,1,0,4155;                                                  4157P   5983
128,1,1,1,1,0,0,1,0,0,0.,0.,1.,1.,0.,0.,1.,1.,1.,1.,1.,1.,-0.5,     4159P   5984
-0.00063483,-2.637172296,-0.5,-0.00063483,-0.04849564,-0.35,        4159P   5985
-0.00063483,-2.637172296,-0.35,-0.00063483,-0.04849564,0.,1.,       4159P   5986
0.,1.;                                                              4159P   5987
126,1,1,1,0,1,0,0.,0.,1.,1.,1.,1.,0.,0.,0.,1.,0.,0.,0.,1.,0.,       4161P   5988
0.,1.;                                                              4161P   5989
110,-0.5,-0.00063483,-2.637172296,-0.5,-0.00063483,-0.04849564;     4163P   5990
126,1,1,1,0,1,0,0.,0.,1.,1.,1.,1.,1.,0.,0.,1.,1.,0.,0.,1.,0.,       4165P   5991
0.,1.;                                                              4165P   5992
110,-0.5,-0.00063483,-0.04849564,-0.35,-0.00063483,-0.04849564;     4167P   5993
126,1,1,1,0,1,0,0.,0.,1.,1.,1.,1.,1.,1.,0.,0.,1.,0.,0.,1.,0.,       4169P   5994
0.,1.;                                                              4169P   5995
110,-0.35,-0.00063483,-0.04849564,-0.35,-0.00063483,                4171P   5996
-2.637172296;                                                       4171P   5997
126,1,1,1,0,1,0,0.,0.,1.,1.,1.,1.,0.,1.,0.,0.,0.,0.,0.,1.,0.,       4173P   5998
0.,1.;                                                              4173P   5999
110,-0.35,-0.00063483,-2.637172296,-0.5,-0.00063483,                4175P   6000
-2.637172296;                                                       4175P   6001
102,4,4161,4165,4169,4173;                                          4177P   6002
102,4,4163,4167,4171,4175;                                          4179P   6003
142,1,4159,4177,4179,1;                                             4181P   6004
144,4159,1,0,4181;                                                  4183P   6005
128,1,1,1,1,0,0,1,0,0,0.,0.,1.,1.,0.,0.,1.,1.,1.,1.,1.,1.,-0.5,     4185P   6006
-0.43465456,-0.436803097,-0.5,-0.73358899,-0.381854732,-0.35,       4185P   6007
-0.43465456,-0.436803097,-0.35,-0.73358899,-0.381854732,0.,1.,      4185P   6008
0.,1.;                                                              4185P   6009
126,1,1,1,0,1,0,0.,0.,1.,1.,1.,1.,0.,0.,0.,1.,0.,0.,0.,1.,0.,       4187P   6010
0.,1.;                                                              4187P   6011
110,-0.5,-0.43465456,-0.436803097,-0.5,-0.73358899,                 4189P   6012
-0.381854732;                                                       4189P   6013
126,1,1,1,0,1,0,0.,0.,1.,1.,1.,1.,1.,0.,0.,1.,1.,0.,0.,1.,0.,       4191P   6014
0.,1.;                                                              4191P   6015
110,-0.5,-0.73358899,-0.381854732,-0.35,-0.73358899,                4193P   6016
-0.381854732;                                                       4193P   6017
126,1,1,1,0,1,0,0.,0.,1.,1.,1.,1.,1.,1.,0.,0.,1.,0.,0.,1.,0.,       4195P   6018
0.,1.;                                                              4195P   6019
110,-0.35,-0.73358899,-0.381854732,-0.35,-0.43465456,               4197P   6020
-0.436803097;                                                       4197P   6021
126,1,1,1,0,1,0,0.,0.,1.,1.,1.,1.,0.,1.,0.,0.,0.,0.,0.,1.,0.,       4199P   6022
0.,1.;                                                              4199P   6023
110,-0.35,-0.43465456,-0.436803097,-0.5,-0.43465456,                4201P   6024
-0.436803097;                                                       4201P   6025
102,4,4187,4191,4195,4199;                                          4203P   6026
102,4,4189,4193,4197,4201;                                          4205P   6027
142,1,4185,4203,4205,1;                                             4207P   6028
144,4185,1,0,4207;                                                  4209P   6029
128,1,1,1,1,0,0,1,0,0,0.,0.,1.,1.,0.,0.,1.,1.,1.,1.,1.,1.,-0.5,     4211P   6030
-0.73358899,-0.381854732,-0.5,-1.528480301,-1.531786542,-0.35,      4211P   6031
-0.73358899,-0.381854732,-0.35,-1.528480301,-1.531786542,0.,1.,     4211P   6032
0.,1.;                                                              4211P   6033
126,1,1,1,0,1,0,0.,0.,1.,1.,1.,1.,0.,0.,0.,1.,0.,0.,0.,1.,0.,       4213P   6034
0.,1.;                                                              4213P   6035
110,-0.5,-0.73358899,-0.381854732,-0.5,-1.528480301,                4215P   6036
-1.531786542;                                                       4215P   6037
126,1,1,1,0,1,0,0.,0.,1.,1.,1.,1.,1.,0.,0.,1.,1.,0.,0.,1.,0.,       4217P   6038
0.,1.;                                                              4217P   6039
110,-0.5,-1.528480301,-1.531786542,-0.35,-1.528480301,              4219P   6040
-1.531786542;                                                       4219P   6041
126,1,1,1,0,1,0,0.,0.,1.,1.,1.,1.,1.,1.,0.,0.,1.,0.,0.,1.,0.,       4221P   6042
0.,1.;                                                              4221P   6043
110,-0.35,-1.528480301,-1.531786542,-0.35,-0.73358899,              4223P   6044
-0.381854732;                                                       4223P   6045
126,1,1,1,0,1,0,0.,0.,1.,1.,1.,1.,0.,1.,0.,0.,0.,0.,0.,1.,0.,       4225P   6046
0.,1.;                                                              4225P   6047
110,-0.35,-0.73358899,-0.381854732,-0.5,-0.73358899,                4227P   6048
-0.381854732;                                                       4227P   6049
102,4,4213,4217,4221,4225;                                          4229P   6050
102,4,4215,4219,4223,4227;                                          4231P   6051
142,1,4211,4229,4231,1;                                             4233P   6052
144,4211,1,0,4233;                                                  4235P   6053
128,1,1,1,1,0,0,1,0,0,0.,0.,1.,1.,0.,0.,1.,1.,1.,1.,1.,1.,-0.5,     4237P   6054
-1.528480301,-1.531786542,-0.5,-0.434407697,-0.438377915,-0.35,     4237P   6055
-1.528480301,-1.531786542,-0.35,-0.434407697,-0.438377915,0.,       4237P   6056
1.,0.,1.;                                                           4237P   6057
126,1,1,1,0,1,0,0.,0.,1.,1.,1.,1.,0.,0.,0.,1.,0.,0.,0.,1.,0.,       4239P   6058
0.,1.;                                                              4239P   6059
110,-0.5,-1.528480301,-1.531786542,-0.5,-0.434407697,               4241P   6060
-0.438377915;                                                       4241P   6061
126,1,1,1,0,1,0,0.,0.,1.,1.,1.,1.,1.,0.,0.,1.,1.,0.,0.,1.,0.,       4243P   6062
0.,1.;                                                              4243P   6063
110,-0.5,-0.434407697,-0.438377915,-0.35,-0.434407697,              4245P   6064
-0.438377915;                                                       4245P   6065
126,1,1,1,0,1,0,0.,0.,1.,1.,1.,1.,1.,1.,0.,0.,1.,0.,0.,1.,0.,       4247P   6066
0.,1.;                                                              4247P   6067
110,-0.35,-0.434407697,-0.438377915,-0.35,-1.528480301,             4249P   6068
-1.531786542;                                                       4249P   6069
126,1,1,1,0,1,0,0.,0.,1.,1.,1.,1.,0.,1.,0.,0.,0.,0.,0.,1.,0.,       4251P   6070
0.,1.;                                                              4251P   6071
110,-0.35,-1.528480301,-1.531786542,-0.5,-1.528480301,              4253P   6072
-1.531786542;                                                       4253P   6073
102,4,4239,4243,4247,4251;                                          4255P   6074
102,4,4241,4245,4249,4253;                                          4257P   6075
142,1,4237,4255,4257,1;                                             4259P   6076
144,4237,1,0,4259;                                                  4261P   6077
128,1,1,1,1,0,0,1,0,0,0.,0.,1.,1.,0.,0.,1.,1.,1.,1.,1.,1.,-0.5,     4263P   6078
-0.434407697,-0.438377915,-0.5,-0.43465456,-0.436803097,-0.35,      4263P   6079
-0.434407697,-0.438377915,-0.35,-0.43465456,-0.436803097,0.,1.,     4263P   6080
0.,1.;                                                              4263P   6081
126,1,1,1,0,1,0,0.,0.,1.,1.,1.,1.,0.,0.,0.,1.,0.,0.,0.,1.,0.,       4265P   6082
0.,1.;                                                              4265P   6083
110,-0.5,-0.434407697,-0.438377915,-0.5,-0.43465456,                4267P   6084
-0.436803097;                                                       4267P   6085
126,1,1,1,0,1,0,0.,0.,1.,1.,1.,1.,1.,0.,0.,1.,1.,0.,0.,1.,0.,       4269P   6086
0.,1.;                                                              4269P   6087
110,-0.5,-0.43465456,-0.436803097,-0.35,-0.43465456,                4271P   6088
-0.436803097;                                                       4271P   6089
126,1,1,1,0,1,0,0.,0.,1.,1.,1.,1.,1.,1.,0.,0.,1.,0.,0.,1.,0.,       4273P   6090
0.,1.;                                                              4273P   6091
110,-0.35,-0.43465456,-0.436803097,-0.35,-0.434407697,              4275P   6092
-0.438377915;                                                       4275P   6093
126,1,1,1,0,1,0,0.,0.,1.,1.,1.,1.,0.,1.,0.,0.,0.,0.,0.,1.,0.,       4277P   6094
0.,1.;                                                              4277P   6095
110,-0.35,-0.434407697,-0.438377915,-0.5,-0.434407697,              4279P   6096
-0.438377915;                                                       4279P   6097
102,4,4265,4269,4273,4277;                                          4281P   6098
102,4,4267,4271,4275,4279;                                          4283P   6099
142,1,4263,4281,4283,1;                                             4285P   6100
144,4263,1,0,4285;                                                  4287P   6101
128,1,1,1,1,0,0,1,0,0,0.,0.,1.,1.,0.,0.,1.,1.,1.,1.,1.,1.,-0.5,     4289P   6102
0.435879721,-0.43376323,-0.5,0.38134782,-0.730578936,-0.35,         4289P   6103
0.435879721,-0.43376323,-0.35,0.38134782,-0.730578936,0.,1.,0.,     4289P   6104
1.;                                                                 4289P   6105
126,1,1,1,0,1,0,0.,0.,1.,1.,1.,1.,0.,0.,0.,1.,0.,0.,0.,1.,0.,       4291P   6106
0.,1.;                                                              4291P   6107
110,-0.5,0.435879721,-0.43376323,-0.5,0.38134782,-0.730578936;      4293P   6108
126,1,1,1,0,1,0,0.,0.,1.,1.,1.,1.,1.,0.,0.,1.,1.,0.,0.,1.,0.,       4295P   6109
0.,1.;                                                              4295P   6110
110,-0.5,0.38134782,-0.730578936,-0.35,0.38134782,-0.730578936;     4297P   6111
126,1,1,1,0,1,0,0.,0.,1.,1.,1.,1.,1.,1.,0.,0.,1.,0.,0.,1.,0.,       4299P   6112
0.,1.;                                                              4299P   6113
110,-0.35,0.38134782,-0.730578936,-0.35,0.435879721,                4301P   6114
-0.43376323;                                                        4301P   6115
126,1,1,1,0,1,0,0.,0.,1.,1.,1.,1.,0.,1.,0.,0.,0.,0.,0.,1.,0.,       4303P   6116
0.,1.;                                                              4303P   6117
110,-0.35,0.435879721,-0.43376323,-0.5,0.435879721,-0.43376323;     4305P   6118
102,4,4291,4295,4299,4303;                                          4307P   6119
102,4,4293,4297,4301,4305;                                          4309P   6120
142,1,4289,4307,4309,1;                                             4311P   6121
144,4289,1,0,4311;                                                  4313P   6122
128,1,1,1,1,0,0,1,0,0,0.,0.,1.,1.,0.,0.,1.,1.,1.,1.,1.,1.,-0.5,     4315P   6123
0.38134782,-0.730578936,-0.5,1.530087876,-1.524891395,-0.35,        4315P   6124
0.38134782,-0.730578936,-0.35,1.530087876,-1.524891395,0.,1.,       4315P   6125
0.,1.;                                                              4315P   6126
126,1,1,1,0,1,0,0.,0.,1.,1.,1.,1.,0.,0.,0.,1.,0.,0.,0.,1.,0.,       4317P   6127
0.,1.;                                                              4317P   6128
110,-0.5,0.38134782,-0.730578936,-0.5,1.530087876,-1.524891395;     4319P   6129
126,1,1,1,0,1,0,0.,0.,1.,1.,1.,1.,1.,0.,0.,1.,1.,0.,0.,1.,0.,       4321P   6130
0.,1.;                                                              4321P   6131
110,-0.5,1.530087876,-1.524891395,-0.35,1.530087876,                4323P   6132
-1.524891395;                                                       4323P   6133
126,1,1,1,0,1,0,0.,0.,1.,1.,1.,1.,1.,1.,0.,0.,1.,0.,0.,1.,0.,       4325P   6134
0.,1.;                                                              4325P   6135
110,-0.35,1.530087876,-1.524891395,-0.35,0.38134782,                4327P   6136
-0.730578936;                                                       4327P   6137
126,1,1,1,0,1,0,0.,0.,1.,1.,1.,1.,0.,1.,0.,0.,0.,0.,0.,1.,0.,       4329P   6138
0.,1.;                                                              4329P   6139
110,-0.35,0.38134782,-0.730578936,-0.5,0.38134782,-0.730578936;     4331P   6140
102,4,4317,4321,4325,4329;                                          4333P   6141
102,4,4319,4323,4327,4331;                                          4335P   6142
142,1,4315,4333,4335,1;                                             4337P   6143
144,4315,1,0,4337;                                                  4339P   6144
128,1,1,1,1,0,0,1,0,0,0.,0.,1.,1.,0.,0.,1.,1.,1.,1.,1.,1.,-0.5,     4341P   6145
1.530087876,-1.524891395,-0.5,0.440416248,-0.43293841,-0.35,        4341P   6146
1.530087876,-1.524891395,-0.35,0.440416248,-0.43293841,0.,1.,       4341P   6147
0.,1.;                                                              4341P   6148
126,1,1,1,0,1,0,0.,0.,1.,1.,1.,1.,0.,0.,0.,1.,0.,0.,0.,1.,0.,       4343P   6149
0.,1.;                                                              4343P   6150
110,-0.5,1.530087876,-1.524891395,-0.5,0.440416248,-0.43293841;     4345P   6151
126,1,1,1,0,1,0,0.,0.,1.,1.,1.,1.,1.,0.,0.,1.,1.,0.,0.,1.,0.,       4347P   6152
0.,1.;                                                              4347P   6153
110,-0.5,0.440416248,-0.43293841,-0.35,0.440416248,-0.43293841;     4349P   6154
126,1,1,1,0,1,0,0.,0.,1.,1.,1.,1.,1.,1.,0.,0.,1.,0.,0.,1.,0.,       4351P   6155
0.,1.;                                                              4351P   6156
110,-0.35,0.440416248,-0.43293841,-0.35,1.530087876,                4353P   6157
-1.524891395;                                                       4353P   6158
126,1,1,1,0,1,0,0.,0.,1.,1.,1.,1.,0.,1.,0.,0.,0.,0.,0.,1.,0.,       4355P   6159
0.,1.;                                                              4355P   6160
110,-0.35,1.530087876,-1.524891395,-0.5,1.530087876,                4357P   6161
-1.524891395;                                                       4357P   6162
102,4,4343,4347,4351,4355;                                          4359P   6163
102,4,4345,4349,4353,4357;                                          4361P   6164
142,1,4341,4359,4361,1;                                             4363P   6165
144,4341,1,0,4363;                                                  4365P   6166
128,1,1,1,1,0,0,1,0,0,0.,0.,1.,1.,0.,0.,1.,1.,1.,1.,1.,1.,-0.5,     4367P   6167
0.440416248,-0.43293841,-0.5,0.435879721,-0.43376323,-0.35,         4367P   6168
0.440416248,-0.43293841,-0.35,0.435879721,-0.43376323,0.,1.,0.,     4367P   6169
1.;                                                                 4367P   6170
126,1,1,1,0,1,0,0.,0.,1.,1.,1.,1.,0.,0.,0.,1.,0.,0.,0.,1.,0.,       4369P   6171
0.,1.;                                                              4369P   6172
110,-0.5,0.440416248,-0.43293841,-0.5,0.435879721,-0.43376323;      4371P   6173
126,1,1,1,0,1,0,0.,0.,1.,1.,1.,1.,1.,0.,0.,1.,1.,0.,0.,1.,0.,       4373P   6174
0.,1.;                                                              4373P   6175
110,-0.5,0.435879721,-0.43376323,-0.35,0.435879721,-0.43376323;     4375P   6176
126,1,1,1,0,1,0,0.,0.,1.,1.,1.,1.,1.,1.,0.,0.,1.,0.,0.,1.,0.,       4377P   6177
0.,1.;                                                              4377P   6178
110,-0.35,0.435879721,-0.43376323,-0.35,0.440416248,                4379P   6179
-0.43293841;                                                        4379P   6180
126,1,1,1,0,1,0,0.,0.,1.,1.,1.,1.,0.,1.,0.,0.,0.,0.,0.,1.,0.,       4381P   6181
0.,1.;                                                              4381P   6182
110,-0.35,0.440416248,-0.43293841,-0.5,0.440416248,-0.43293841;     4383P   6183
102,4,4369,4373,4377,4381;                                          4385P   6184
102,4,4371,4375,4379,4383;                                          4387P   6185
142,1,4367,4385,4387,1;                                             4389P   6186
144,4367,1,0,4389;                                                  4391P   6187
128,1,1,1,1,0,0,1,0,0,0.,0.,1.,1.,0.,0.,1.,1.,1.,1.,1.,1.,-0.5,     4393P   6188
0.048456917,0.000255605,-0.5,0.449890691,-0.398811687,-0.35,        4393P   6189
0.048456917,0.000255605,-0.35,0.449890691,-0.398811687,0.,1.,       4393P   6190
0.,1.;                                                              4393P   6191
126,1,1,1,0,1,0,0.,0.,1.,1.,1.,1.,0.,0.,0.,1.,0.,0.,0.,1.,0.,       4395P   6192
0.,1.;                                                              4395P   6193
110,-0.5,0.048456917,0.000255605,-0.5,0.449890691,-0.398811687;     4397P   6194
126,1,1,1,0,1,0,0.,0.,1.,1.,1.,1.,1.,0.,0.,1.,1.,0.,0.,1.,0.,       4399P   6195
0.,1.;                                                              4399P   6196
110,-0.5,0.449890691,-0.398811687,-0.35,0.449890691,                4401P   6197
-0.398811687;                                                       4401P   6198
126,1,1,1,0,1,0,0.,0.,1.,1.,1.,1.,1.,1.,0.,0.,1.,0.,0.,1.,0.,       4403P   6199
0.,1.;                                                              4403P   6200
110,-0.35,0.449890691,-0.398811687,-0.35,0.048456917,               4405P   6201
0.000255605;                                                        4405P   6202
126,1,1,1,0,1,0,0.,0.,1.,1.,1.,1.,0.,1.,0.,0.,0.,0.,0.,1.,0.,       4407P   6203
0.,1.;                                                              4407P   6204
110,-0.35,0.048456917,0.000255605,-0.5,0.048456917,0.000255605;     4409P   6205
102,4,4395,4399,4403,4407;                                          4411P   6206
102,4,4397,4401,4405,4409;                                          4413P   6207
142,1,4393,4411,4413,1;                                             4415P   6208
144,4393,1,0,4415;                                                  4417P   6209
128,1,1,1,1,0,0,1,0,0,0.,0.,1.,1.,0.,0.,1.,1.,1.,1.,1.,1.,-0.5,     4419P   6210
0.449890691,-0.398811687,-0.5,2.637210186,0.000255605,-0.35,        4419P   6211
0.449890691,-0.398811687,-0.35,2.637210186,0.000255605,0.,1.,       4419P   6212
0.,1.;                                                              4419P   6213
126,1,1,1,0,1,0,0.,0.,1.,1.,1.,1.,0.,0.,0.,1.,0.,0.,0.,1.,0.,       4421P   6214
0.,1.;                                                              4421P   6215
110,-0.5,0.449890691,-0.398811687,-0.5,2.637210186,0.000255605;     4423P   6216
126,1,1,1,0,1,0,0.,0.,1.,1.,1.,1.,1.,0.,0.,1.,1.,0.,0.,1.,0.,       4425P   6217
0.,1.;                                                              4425P   6218
110,-0.5,2.637210186,0.000255605,-0.35,2.637210186,0.000255605;     4427P   6219
126,1,1,1,0,1,0,0.,0.,1.,1.,1.,1.,1.,1.,0.,0.,1.,0.,0.,1.,0.,       4429P   6220
0.,1.;                                                              4429P   6221
110,-0.35,2.637210186,0.000255605,-0.35,0.449890691,                4431P   6222
-0.398811687;                                                       4431P   6223
126,1,1,1,0,1,0,0.,0.,1.,1.,1.,1.,0.,1.,0.,0.,0.,0.,0.,1.,0.,       4433P   6224
0.,1.;                                                              4433P   6225
110,-0.35,0.449890691,-0.398811687,-0.5,0.449890691,                4435P   6226
-0.398811687;                                                       4435P   6227
102,4,4421,4425,4429,4433;                                          4437P   6228
102,4,4423,4427,4431,4435;                                          4439P   6229
142,1,4419,4437,4439,1;                                             4441P   6230
144,4419,1,0,4441;                                                  4443P   6231
128,1,1,1,1,0,0,1,0,0,0.,0.,1.,1.,0.,0.,1.,1.,1.,1.,1.,1.,-0.5,     4445P   6232
0.048456917,0.000255605,-0.35,0.048456917,0.000255605,-0.5,         4445P   6233
2.637210186,0.000255605,-0.35,2.637210186,0.000255605,0.,1.,0.,     4445P   6234
1.;                                                                 4445P   6235
126,1,1,1,0,1,0,0.,0.,1.,1.,1.,1.,0.,1.,0.,0.,0.,0.,0.,1.,0.,       4447P   6236
0.,1.;                                                              4447P   6237
110,-0.5,2.637210186,0.000255605,-0.5,0.048456917,0.000255605;      4449P   6238
126,1,1,1,0,1,0,0.,0.,1.,1.,1.,1.,0.,0.,0.,1.,0.,0.,0.,1.,0.,       4451P   6239
0.,1.;                                                              4451P   6240
110,-0.5,0.048456917,0.000255605,-0.35,0.048456917,0.000255605;     4453P   6241
126,1,1,1,0,1,0,0.,0.,1.,1.,1.,1.,1.,0.,0.,1.,1.,0.,0.,1.,0.,       4455P   6242
0.,1.;                                                              4455P   6243
110,-0.35,0.048456917,0.000255605,-0.35,2.637210186,                4457P   6244
0.000255605;                                                        4457P   6245
126,1,1,1,0,1,0,0.,0.,1.,1.,1.,1.,1.,1.,0.,0.,1.,0.,0.,1.,0.,       4459P   6246
0.,1.;                                                              4459P   6247
110,-0.35,2.637210186,0.000255605,-0.5,2.637210186,0.000255605;     4461P   6248
102,4,4447,4451,4455,4459;                                          4463P   6249
102,4,4449,4453,4457,4461;                                          4465P   6250
142,1,4445,4463,4465,1;                                             4467P   6251
144,4445,1,0,4467;                                                  4469P   6252
128,1,1,1,1,0,0,1,0,0,0.,0.,1.,1.,0.,0.,1.,1.,1.,1.,1.,1.,          4471P   6253
-0.35,-2.638105294,0.000127918,-0.5,-2.638105294,0.000127918,       4471P   6254
-0.35,-0.049428638,0.000127918,-0.5,-0.049428638,0.000127918,       4471P   6255
0.,1.,0.,1.;                                                        4471P   6256
126,1,1,1,0,1,0,0.,0.,1.,1.,1.,1.,1.,0.,0.,1.,1.,0.,0.,1.,0.,       4473P   6257
0.,1.;                                                              4473P   6258
110,-0.5,-2.638105294,0.000127918,-0.5,-0.049428638,                4475P   6259
0.000127918;                                                        4475P   6260
126,1,1,1,0,1,0,0.,0.,1.,1.,1.,1.,1.,1.,0.,0.,1.,0.,0.,1.,0.,       4477P   6261
0.,1.;                                                              4477P   6262
110,-0.5,-0.049428638,0.000127918,-0.35,-0.049428638,               4479P   6263
0.000127918;                                                        4479P   6264
126,1,1,1,0,1,0,0.,0.,1.,1.,1.,1.,0.,1.,0.,0.,0.,0.,0.,1.,0.,       4481P   6265
0.,1.;                                                              4481P   6266
110,-0.35,-0.049428638,0.000127918,-0.35,-2.638105294,              4483P   6267
0.000127918;                                                        4483P   6268
126,1,1,1,0,1,0,0.,0.,1.,1.,1.,1.,0.,0.,0.,1.,0.,0.,0.,1.,0.,       4485P   6269
0.,1.;                                                              4485P   6270
110,-0.35,-2.638105294,0.000127918,-0.5,-2.638105294,               4487P   6271
0.000127918;                                                        4487P   6272
102,4,4473,4477,4481,4485;                                          4489P   6273
102,4,4475,4479,4483,4487;                                          4491P   6274
142,1,4471,4489,4491,1;                                             4493P   6275
144,4471,1,0,4493;                                                  4495P   6276
128,1,1,1,1,0,0,1,0,0,0.,0.,1.,1.,0.,0.,1.,1.,1.,1.,1.,1.,-0.5,     4497P   6277
-0.049428638,0.000127918,-0.5,-0.450785172,0.399118597,-0.35,       4497P   6278
-0.049428638,0.000127918,-0.35,-0.450785172,0.399118597,0.,1.,      4497P   6279
0.,1.;                                                              4497P   6280
126,1,1,1,0,1,0,0.,0.,1.,1.,1.,1.,0.,0.,0.,1.,0.,0.,0.,1.,0.,       4499P   6281
0.,1.;                                                              4499P   6282
110,-0.5,-0.049428638,0.000127918,-0.5,-0.450785172,                4501P   6283
0.399118597;                                                        4501P   6284
126,1,1,1,0,1,0,0.,0.,1.,1.,1.,1.,1.,0.,0.,1.,1.,0.,0.,1.,0.,       4503P   6285
0.,1.;                                                              4503P   6286
110,-0.5,-0.450785172,0.399118597,-0.35,-0.450785172,               4505P   6287
0.399118597;                                                        4505P   6288
126,1,1,1,0,1,0,0.,0.,1.,1.,1.,1.,1.,1.,0.,0.,1.,0.,0.,1.,0.,       4507P   6289
0.,1.;                                                              4507P   6290
110,-0.35,-0.450785172,0.399118597,-0.35,-0.049428638,              4509P   6291
0.000127918;                                                        4509P   6292
126,1,1,1,0,1,0,0.,0.,1.,1.,1.,1.,0.,1.,0.,0.,0.,0.,0.,1.,0.,       4511P   6293
0.,1.;                                                              4511P   6294
110,-0.35,-0.049428638,0.000127918,-0.5,-0.049428638,               4513P   6295
0.000127918;                                                        4513P   6296
102,4,4499,4503,4507,4511;                                          4515P   6297
102,4,4501,4505,4509,4513;                                          4517P   6298
142,1,4497,4515,4517,1;                                             4519P   6299
144,4497,1,0,4519;                                                  4521P   6300
128,1,1,1,1,0,0,1,0,0,0.,0.,1.,1.,0.,0.,1.,1.,1.,1.,1.,1.,-0.5,     4523P   6301
-0.450785172,0.399118597,-0.5,-2.638105294,0.000127918,-0.35,       4523P   6302
-0.450785172,0.399118597,-0.35,-2.638105294,0.000127918,0.,1.,      4523P   6303
0.,1.;                                                              4523P   6304
126,1,1,1,0,1,0,0.,0.,1.,1.,1.,1.,0.,0.,0.,1.,0.,0.,0.,1.,0.,       4525P   6305
0.,1.;                                                              4525P   6306
110,-0.5,-0.450785172,0.399118597,-0.5,-2.638105294,                4527P   6307
0.000127918;                                                        4527P   6308
126,1,1,1,0,1,0,0.,0.,1.,1.,1.,1.,1.,0.,0.,1.,1.,0.,0.,1.,0.,       4529P   6309
0.,1.;                                                              4529P   6310
110,-0.5,-2.638105294,0.000127918,-0.35,-2.638105294,               4531P   6311
0.000127918;                                                        4531P   6312
126,1,1,1,0,1,0,0.,0.,1.,1.,1.,1.,1.,1.,0.,0.,1.,0.,0.,1.,0.,       4533P   6313
0.,1.;                                                              4533P   6314
110,-0.35,-2.638105294,0.000127918,-0.35,-0.450785172,              4535P   6315
0.399118597;                                                        4535P   6316
126,1,1,1,0,1,0,0.,0.,1.,1.,1.,1.,0.,1.,0.,0.,0.,0.,0.,1.,0.,       4537P   6317
0.,1.;                                                              4537P   6318
110,-0.35,-0.450785172,0.399118597,-0.5,-0.450785172,               4539P   6319
0.399118597;                                                        4539P   6320
102,4,4525,4529,4533,4537;                                          4541P   6321
102,4,4527,4531,4535,4539;                                          4543P   6322
142,1,4523,4541,4543,1;                                             4545P   6323
144,4523,1,0,4545;                                                  4547P   6324
128,1,1,1,1,0,0,1,0,0,0.,0.,1.,1.,0.,0.,1.,1.,1.,1.,1.,1.,-0.5,     4549P   6325
0.436926112,0.434360461,-0.5,0.733740923,0.380076073,-0.35,         4549P   6326
0.436926112,0.434360461,-0.35,0.733740923,0.380076073,0.,1.,0.,     4549P   6327
1.;                                                                 4549P   6328
126,1,1,1,0,1,0,0.,0.,1.,1.,1.,1.,0.,0.,0.,1.,0.,0.,0.,1.,0.,       4551P   6329
0.,1.;                                                              4551P   6330
110,-0.5,0.436926112,0.434360461,-0.5,0.733740923,0.380076073;      4553P   6331
126,1,1,1,0,1,0,0.,0.,1.,1.,1.,1.,1.,0.,0.,1.,1.,0.,0.,1.,0.,       4555P   6332
0.,1.;                                                              4555P   6333
110,-0.5,0.733740923,0.380076073,-0.35,0.733740923,0.380076073;     4557P   6334
126,1,1,1,0,1,0,0.,0.,1.,1.,1.,1.,1.,1.,0.,0.,1.,0.,0.,1.,0.,       4559P   6335
0.,1.;                                                              4559P   6336
110,-0.35,0.733740923,0.380076073,-0.35,0.436926112,                4561P   6337
0.434360461;                                                        4561P   6338
126,1,1,1,0,1,0,0.,0.,1.,1.,1.,1.,0.,1.,0.,0.,0.,0.,0.,1.,0.,       4563P   6339
0.,1.;                                                              4563P   6340
110,-0.35,0.436926112,0.434360461,-0.5,0.436926112,0.434360461;     4565P   6341
102,4,4551,4555,4559,4563;                                          4567P   6342
102,4,4553,4557,4561,4565;                                          4569P   6343
142,1,4549,4567,4569,1;                                             4571P   6344
144,4549,1,0,4571;                                                  4573P   6345
128,1,1,1,1,0,0,1,0,0,0.,0.,1.,1.,0.,0.,1.,1.,1.,1.,1.,1.,-0.5,     4575P   6346
0.733740923,0.380076073,-0.5,1.528419421,1.529352419,-0.35,         4575P   6347
0.733740923,0.380076073,-0.35,1.528419421,1.529352419,0.,1.,0.,     4575P   6348
1.;                                                                 4575P   6349
126,1,1,1,0,1,0,0.,0.,1.,1.,1.,1.,0.,0.,0.,1.,0.,0.,0.,1.,0.,       4577P   6350
0.,1.;                                                              4577P   6351
110,-0.5,0.733740923,0.380076073,-0.5,1.528419421,1.529352419;      4579P   6352
126,1,1,1,0,1,0,0.,0.,1.,1.,1.,1.,1.,0.,0.,1.,1.,0.,0.,1.,0.,       4581P   6353
0.,1.;                                                              4581P   6354
110,-0.5,1.528419421,1.529352419,-0.35,1.528419421,1.529352419;     4583P   6355
126,1,1,1,0,1,0,0.,0.,1.,1.,1.,1.,1.,1.,0.,0.,1.,0.,0.,1.,0.,       4585P   6356
0.,1.;                                                              4585P   6357
110,-0.35,1.528419421,1.529352419,-0.35,0.733740923,                4587P   6358
0.380076073;                                                        4587P   6359
126,1,1,1,0,1,0,0.,0.,1.,1.,1.,1.,0.,1.,0.,0.,0.,0.,0.,1.,0.,       4589P   6360
0.,1.;                                                              4589P   6361
110,-0.35,0.733740923,0.380076073,-0.5,0.733740923,0.380076073;     4591P   6362
102,4,4577,4581,4585,4589;                                          4593P   6363
102,4,4579,4583,4587,4591;                                          4595P   6364
142,1,4575,4593,4595,1;                                             4597P   6365
144,4575,1,0,4597;                                                  4599P   6366
128,1,1,1,1,0,0,1,0,0,0.,0.,1.,1.,0.,0.,1.,1.,1.,1.,1.,1.,-0.5,     4601P   6367
1.528419421,1.529352419,-0.5,0.436135097,0.438770867,-0.35,         4601P   6368
1.528419421,1.529352419,-0.35,0.436135097,0.438770867,0.,1.,0.,     4601P   6369
1.;                                                                 4601P   6370
126,1,1,1,0,1,0,0.,0.,1.,1.,1.,1.,0.,0.,0.,1.,0.,0.,0.,1.,0.,       4603P   6371
0.,1.;                                                              4603P   6372
110,-0.5,1.528419421,1.529352419,-0.5,0.436135097,0.438770867;      4605P   6373
126,1,1,1,0,1,0,0.,0.,1.,1.,1.,1.,1.,0.,0.,1.,1.,0.,0.,1.,0.,       4607P   6374
0.,1.;                                                              4607P   6375
110,-0.5,0.436135097,0.438770867,-0.35,0.436135097,0.438770867;     4609P   6376
126,1,1,1,0,1,0,0.,0.,1.,1.,1.,1.,1.,1.,0.,0.,1.,0.,0.,1.,0.,       4611P   6377
0.,1.;                                                              4611P   6378
110,-0.35,0.436135097,0.438770867,-0.35,1.528419421,                4613P   6379
1.529352419;                                                        4613P   6380
126,1,1,1,0,1,0,0.,0.,1.,1.,1.,1.,0.,1.,0.,0.,0.,0.,0.,1.,0.,       4615P   6381
0.,1.;                                                              4615P   6382
110,-0.35,1.528419421,1.529352419,-0.5,1.528419421,1.529352419;     4617P   6383
102,4,4603,4607,4611,4615;                                          4619P   6384
102,4,4605,4609,4613,4617;                                          4621P   6385
142,1,4601,4619,4621,1;                                             4623P   6386
144,4601,1,0,4623;                                                  4625P   6387
128,1,1,1,1,0,0,1,0,0,0.,0.,1.,1.,0.,0.,1.,1.,1.,1.,1.,1.,-0.5,     4627P   6388
0.436135097,0.438770867,-0.5,0.436926112,0.434360461,-0.35,         4627P   6389
0.436135097,0.438770867,-0.35,0.436926112,0.434360461,0.,1.,0.,     4627P   6390
1.;                                                                 4627P   6391
126,1,1,1,0,1,0,0.,0.,1.,1.,1.,1.,0.,0.,0.,1.,0.,0.,0.,1.,0.,       4629P   6392
0.,1.;                                                              4629P   6393
110,-0.5,0.436135097,0.438770867,-0.5,0.436926112,0.434360461;      4631P   6394
126,1,1,1,0,1,0,0.,0.,1.,1.,1.,1.,1.,0.,0.,1.,1.,0.,0.,1.,0.,       4633P   6395
0.,1.;                                                              4633P   6396
110,-0.5,0.436926112,0.434360461,-0.35,0.436926112,0.434360461;     4635P   6397
126,1,1,1,0,1,0,0.,0.,1.,1.,1.,1.,1.,1.,0.,0.,1.,0.,0.,1.,0.,       4637P   6398
0.,1.;                                                              4637P   6399
110,-0.35,0.436926112,0.434360461,-0.35,0.436135097,                4639P   6400
0.438770867;                                                        4639P   6401
126,1,1,1,0,1,0,0.,0.,1.,1.,1.,1.,0.,1.,0.,0.,0.,0.,0.,1.,0.,       4641P   6402
0.,1.;                                                              4641P   6403
110,-0.35,0.436135097,0.438770867,-0.5,0.436135097,0.438770867;     4643P   6404
102,4,4629,4633,4637,4641;                                          4645P   6405
102,4,4631,4635,4639,4643;                                          4647P   6406
142,1,4627,4645,4647,1;                                             4649P   6407
144,4627,1,0,4649;                                                  4651P   6408
128,1,1,1,1,0,0,1,0,0,0.,0.,1.,1.,0.,0.,1.,1.,1.,1.,1.,1.,-0.5,     4653P   6409
-2.653637354,0.000127918,-0.5,-2.653637354,0.401512541,-0.5,        4653P   6410
-0.033896578,0.000127918,-0.5,-0.033896578,0.401512541,0.,1.,       4653P   6411
0.,1.;                                                              4653P   6412
126,1,1,1,0,1,0,0.,0.,1.,1.,1.,1.,0.994035785,0.840866471,0.,       4655P   6413
0.,0.994071146,0.,0.,1.,0.,0.,1.;                                   4655P   6414
110,-0.5,-0.450785172,0.399118597,-0.5,-0.049428638,                4657P   6415
0.000127918;                                                        4657P   6416
126,1,1,1,0,1,0,0.,0.,1.,1.,1.,1.,0.,0.994071146,0.,0.,             4659P   6417
0.005928854,0.,0.,1.,0.,0.,1.;                                      4659P   6418
110,-0.5,-0.049428638,0.000127918,-0.5,-2.638105294,                4661P   6419
0.000127918;                                                        4661P   6420
126,1,1,1,0,1,0,0.,0.,1.,1.,1.,1.,0.,0.005928854,0.,                4663P   6421
0.994035785,0.840866471,0.,0.,1.,0.,0.,1.;                          4663P   6422
110,-0.5,-2.638105294,0.000127918,-0.5,-0.450785172,                4665P   6423
0.399118597;                                                        4665P   6424
102,3,4655,4659,4663;                                               4667P   6425
102,3,4657,4661,4665;                                               4669P   6426
142,1,4653,4667,4669,1;                                             4671P   6427
144,4653,1,0,4671;                                                  4673P   6428
128,1,1,1,1,0,0,1,0,0,0.,0.,1.,1.,0.,0.,1.,1.,1.,1.,1.,1.,-0.5,     4675P   6429
0.032924397,-0.40120609,-0.5,0.032924397,0.000255605,-0.5,          4675P   6430
2.652742705,-0.40120609,-0.5,2.652742705,0.000255605,0.,1.,0.,      4675P   6431
1.;                                                                 4675P   6432
126,1,1,1,0,1,0,0.,0.,1.,1.,1.,1.,1.,0.994071146,0.,                4677P   6433
0.005964215,0.159158478,0.,0.,1.,0.,0.,1.;                          4677P   6434
110,-0.5,2.637210186,0.000255605,-0.5,0.449890691,-0.398811687;     4679P   6435
126,1,1,1,0,1,0,0.,0.,1.,1.,1.,1.,0.005964215,0.159158478,0.,       4681P   6436
1.,0.005928854,0.,0.,1.,0.,0.,1.;                                   4681P   6437
110,-0.5,0.449890691,-0.398811687,-0.5,0.048456917,0.000255605;     4683P   6438
126,1,1,1,0,1,0,0.,0.,1.,1.,1.,1.,1.,0.005928854,0.,1.,             4685P   6439
0.994071146,0.,0.,1.,0.,0.,1.;                                      4685P   6440
110,-0.5,0.048456917,0.000255605,-0.5,2.637210186,0.000255605;      4687P   6441
102,3,4677,4681,4685;                                               4689P   6442
102,3,4679,4683,4687;                                               4691P   6443
142,1,4675,4689,4691,1;                                             4693P   6444
144,4675,1,0,4693;                                                  4695P   6445
128,1,1,1,1,0,0,1,0,0,0.,0.,1.,1.,0.,0.,1.,1.,1.,1.,1.,1.,-0.5,     4697P   6446
0.374455379,-1.531443113,-0.5,0.374455379,-0.426386692,-0.5,        4697P   6447
1.536980317,-1.531443113,-0.5,1.536980317,-0.426386692,0.,1.,       4697P   6448
0.,1.;                                                              4697P   6449
126,1,1,1,0,1,0,0.,0.,1.,1.,1.,1.,0.005928854,0.994071146,0.,       4699P   6450
0.724726957,0.005928854,0.,0.,1.,0.,0.,1.;                          4699P   6451
110,-0.5,1.530087876,-1.524891395,-0.5,0.38134782,-0.730578936;     4701P   6452
126,1,1,1,0,1,0,0.,0.,1.,1.,1.,1.,0.724726957,0.005928854,0.,       4703P   6453
0.99332474,0.05283701,0.,0.,1.,0.,0.,1.;                            4703P   6454
110,-0.5,0.38134782,-0.730578936,-0.5,0.435879721,-0.43376323;      4705P   6455
126,1,1,1,0,1,0,0.,0.,1.,1.,1.,1.,0.99332474,0.05283701,0.,         4707P   6456
0.994071146,0.056739315,0.,0.,1.,0.,0.,1.;                          4707P   6457
110,-0.5,0.435879721,-0.43376323,-0.5,0.440416248,-0.43293841;      4709P   6458
126,1,1,1,0,1,0,0.,0.,1.,1.,1.,1.,0.994071146,0.056739315,0.,       4711P   6459
0.005928854,0.994071146,0.,0.,1.,0.,0.,1.;                          4711P   6460
110,-0.5,0.440416248,-0.43293841,-0.5,1.530087876,-1.524891395;     4713P   6461
102,4,4699,4703,4707,4711;                                          4715P   6462
102,4,4701,4705,4709,4713;                                          4717P   6463
142,1,4697,4715,4717,1;                                             4719P   6464
144,4697,1,0,4719;                                                  4721P   6465
128,1,1,1,1,0,0,1,0,0,0.,0.,1.,1.,0.,0.,1.,1.,1.,1.,1.,1.,-0.5,     4723P   6466
-1.535044737,-1.538686133,-0.5,-1.535044737,-0.374955141,-0.5,      4723P   6467
-0.427843261,-1.538686133,-0.5,-0.427843261,-0.374955141,0.,1.,     4723P   6468
0.,1.;                                                              4723P   6469
126,1,1,1,0,1,0,0.,0.,1.,1.,1.,1.,0.005928854,0.005928854,0.,       4725P   6470
0.994071146,0.723857188,0.,0.,1.,0.,0.,1.;                          4725P   6471
110,-0.5,-1.528480301,-1.531786542,-0.5,-0.73358899,                4727P   6472
-0.381854732;                                                       4727P   6473
126,1,1,1,0,1,0,0.,0.,1.,1.,1.,1.,0.994071146,0.723857188,0.,       4729P   6474
0.946853735,0.993848185,0.,0.,1.,0.,0.,1.;                          4729P   6475
110,-0.5,-0.73358899,-0.381854732,-0.5,-0.43465456,                 4731P   6476
-0.436803097;                                                       4731P   6477
126,1,1,1,0,1,0,0.,0.,1.,1.,1.,1.,0.946853735,0.993848185,0.,       4733P   6478
0.945500486,0.994071146,0.,0.,1.,0.,0.,1.;                          4733P   6479
110,-0.5,-0.43465456,-0.436803097,-0.5,-0.434407697,                4735P   6480
-0.438377915;                                                       4735P   6481
126,1,1,1,0,1,0,0.,0.,1.,1.,1.,1.,0.945500486,0.994071146,0.,       4737P   6482
0.005928854,0.005928854,0.,0.,1.,0.,0.,1.;                          4737P   6483
110,-0.5,-0.434407697,-0.438377915,-0.5,-1.528480301,               4739P   6484
-1.531786542;                                                       4739P   6485
102,4,4725,4729,4733,4737;                                          4741P   6486
102,4,4727,4731,4735,4739;                                          4743P   6487
142,1,4723,4741,4743,1;                                             4745P   6488
144,4723,1,0,4745;                                                  4747P   6489
128,1,1,1,1,0,0,1,0,0,0.,0.,1.,1.,0.,0.,1.,1.,1.,1.,1.,1.,-0.5,     4749P   6490
-0.402053707,-2.652704356,-0.5,-0.402053707,-0.03296358,-0.5,       4749P   6491
-0.00063483,-2.652704356,-0.5,-0.00063483,-0.03296358,0.,1.,0.,     4749P   6492
1.;                                                                 4749P   6493
126,1,1,1,0,1,0,0.,0.,1.,1.,1.,1.,0.005928854,1.,0.,                4751P   6494
0.840866573,0.005964215,0.,0.,1.,0.,0.,1.;                          4751P   6495
110,-0.5,-0.00063483,-2.637172296,-0.5,-0.399659559,                4753P   6496
-0.449851908;                                                       4753P   6497
126,1,1,1,0,1,0,0.,0.,1.,1.,1.,1.,0.840866573,0.005964215,0.,       4755P   6498
0.994071146,1.,0.,0.,1.,0.,0.,1.;                                   4755P   6499
110,-0.5,-0.399659559,-0.449851908,-0.5,-0.00063483,                4757P   6500
-0.04849564;                                                        4757P   6501
126,1,1,1,0,1,0,0.,0.,1.,1.,1.,1.,0.994071146,1.,0.,                4759P   6502
0.005928854,1.,0.,0.,1.,0.,0.,1.;                                   4759P   6503
110,-0.5,-0.00063483,-0.04849564,-0.5,-0.00063483,-2.637172296;     4761P   6504
102,3,4751,4755,4759;                                               4763P   6505
102,3,4753,4757,4761;                                               4765P   6506
142,1,4749,4763,4765,1;                                             4767P   6507
144,4749,1,0,4767;                                                  4769P   6508
128,1,1,1,1,0,0,1,0,0,0.,0.,1.,1.,0.,0.,1.,1.,1.,1.,1.,1.,-0.5,     4771P   6509
-1.531704625,0.429641638,-0.5,-1.531704625,1.534242436,-0.5,        4771P   6510
-0.371919156,0.429641638,-0.5,-0.371919156,1.534242436,0.,1.,       4771P   6511
0.,1.;                                                              4771P   6512
126,1,1,1,0,1,0,0.,0.,1.,1.,1.,1.,0.994071146,0.005928854,0.,       4773P   6513
0.276709647,0.994071146,0.,0.,1.,0.,0.,1.;                          4773P   6514
110,-0.5,-1.524828427,1.52769342,-0.5,-0.378795354,0.735295335;     4775P   6515
126,1,1,1,0,1,0,0.,0.,1.,1.,1.,1.,0.276709647,0.994071146,0.,       4777P   6516
0.005928854,0.947052751,0.,0.,1.,0.,0.,1.;                          4777P   6517
110,-0.5,-0.378795354,0.735295335,-0.5,-0.433326606,                4779P   6518
0.436190654;                                                        4779P   6519
126,1,1,1,0,1,0,0.,0.,1.,1.,1.,1.,0.005928854,0.947052751,0.,       4781P   6520
0.994071146,0.005928854,0.,0.,1.,0.,0.,1.;                          4781P   6521
110,-0.5,-0.433326606,0.436190654,-0.5,-1.524828427,1.52769342;     4783P   6522
102,3,4773,4777,4781;                                               4785P   6523
102,3,4775,4779,4783;                                               4787P   6524
142,1,4771,4785,4787,1;                                             4789P   6525
144,4771,1,0,4789;                                                  4791P   6526
128,1,1,1,1,0,0,1,0,0,0.,0.,1.,1.,0.,0.,1.,1.,1.,1.,1.,1.,-0.5,     4793P   6527
-0.00063483,0.033440275,-0.5,-0.00063483,2.653259567,-0.5,          4793P   6528
0.400784048,0.033440275,-0.5,0.400784048,2.653259567,0.,1.,0.,      4793P   6529
1.;                                                                 4793P   6530
126,1,1,1,0,1,0,0.,0.,1.,1.,1.,1.,0.15915842,0.994035785,0.,        4795P   6531
0.005928854,0.,0.,0.,1.,0.,0.,1.;                                   4795P   6532
110,-0.5,0.3983899,0.450406575,-0.5,-0.00063483,0.048972801;        4797P   6533
126,1,1,1,0,1,0,0.,0.,1.,1.,1.,1.,0.005928854,0.,0.,                4799P   6534
0.994071146,0.,0.,0.,1.,0.,0.,1.;                                   4799P   6535
110,-0.5,-0.00063483,0.048972801,-0.5,-0.00063483,2.637727042;      4801P   6536
126,1,1,1,0,1,0,0.,0.,1.,1.,1.,1.,0.994071146,0.,0.,0.15915842,     4803P   6537
0.994035785,0.,0.,1.,0.,0.,1.;                                      4803P   6538
110,-0.5,-0.00063483,2.637727042,-0.5,0.3983899,0.450406575;        4805P   6539
102,3,4795,4799,4803;                                               4807P   6540
102,3,4797,4801,4805;                                               4809P   6541
142,1,4793,4807,4809,1;                                             4811P   6542
144,4793,1,0,4811;                                                  4813P   6543
128,1,1,1,1,0,0,1,0,0,0.,0.,1.,1.,0.,0.,1.,1.,1.,1.,1.,1.,-0.5,     4815P   6544
-2.756209093,-0.002071056,-0.5,-2.756209093,2.753652411,-0.5,       4815P   6545
0.002090809,-0.002071056,-0.5,0.002090809,2.753652411,0.,1.,0.,     4815P   6546
1.;                                                                 4815P   6547
126,1,1,1,0,1,0,0.,0.,1.,1.,1.,1.,0.137317889,0.724002143,0.,       4817P   6548
0.005928854,0.005928854,0.,0.,1.,0.,0.,1.;                          4817P   6549
110,-0.5,-0.759194054,0.376339073,-0.5,-2.739855536,                4819P   6550
0.014267226;                                                        4819P   6551
126,16,2,1,0,1,0,0.,0.,0.,0.125,0.125,0.25,0.25,0.375,0.375,        4821P   6552
0.5,0.5,0.625,0.625,0.75,0.75,0.875,0.875,1.,1.,1.,1.,1.,1.,1.,     4821P   6553
1.,1.,1.,1.,1.,1.,1.,1.,1.,1.,1.,1.,1.,0.005928854,0.005928854,     4821P   6554
0.,0.106779109,0.006531745,0.,0.204646005,0.027003088,0.,           4821P   6555
0.300055597,0.046960424,0.,0.389709125,0.085174634,0.,              4821P   6556
0.477756368,0.122704176,0.,0.557202463,0.176529629,0.,              4821P   6557
0.635904512,0.229850983,0.,0.703210268,0.29715421,0.,               4821P   6558
0.77051678,0.364458192,0.,0.82381679,0.443134515,0.,                4821P   6559
0.877621854,0.522556349,0.,0.915106277,0.610556681,0.,              4821P   6560
0.95327527,0.700164142,0.,0.973162979,0.795506845,0.,               4821P   6561
0.993563218,0.893306639,0.,0.994071146,0.994071146,0.,0.,1.,0.,     4821P   6562
0.,-1.;                                                             4821P   6563
126,3,3,1,0,1,0,5.,5.,5.,5.,6.,6.,6.,6.,1.,1.,1.,1.,-0.5,           4823P   6564
-2.739855536,0.014267226,-0.5,-2.730874819,1.515136498,-0.5,        4823P   6565
-1.515268859,2.729755005,-0.5,-0.014262748,2.73731413,5.,6.,1.,     4823P   6566
0.,0.;                                                              4823P   6567
126,1,1,1,0,1,0,0.,0.,1.,1.,1.,1.,0.994071146,0.994071146,0.,       4825P   6568
0.278585659,0.863903275,0.,0.,1.,0.,0.,1.;                          4825P   6569
110,-0.5,-0.014262748,2.73731413,-0.5,-0.373304774,0.765633983;     4827P   6570
126,1,1,1,0,1,0,0.,0.,1.,1.,1.,1.,0.278585659,0.863903275,0.,       4829P   6571
0.580702596,0.426176087,0.,0.,1.,0.,0.,1.;                          4829P   6572
110,-0.5,-0.373304774,0.765633983,-0.5,-1.580687633,                4831P   6573
1.598184716;                                                        4831P   6574
126,1,1,1,0,1,0,0.,0.,1.,1.,1.,1.,0.580702596,0.426176087,0.,       4833P   6575
0.575574798,0.420991355,0.,0.,1.,0.,0.,1.;                          4833P   6576
110,-0.5,-1.580687633,1.598184716,-0.5,-1.594988679,                4835P   6577
1.584053921;                                                        4835P   6578
126,1,1,1,0,1,0,0.,0.,1.,1.,1.,1.,0.575574798,0.420991355,0.,       4837P   6579
0.137317889,0.724002143,0.,0.,1.,0.,0.,1.;                          4837P   6580
110,-0.5,-1.594988679,1.584053921,-0.5,-0.759194054,                4839P   6581
0.376339073;                                                        4839P   6582
102,6,4817,4821,4825,4829,4833,4837;                                4841P   6583
102,6,4819,4823,4827,4831,4835,4839;                                4843P   6584
142,1,4815,4841,4843,1;                                             4845P   6585
144,4815,1,0,4845;                                                  4847P   6586
128,1,1,1,1,0,0,1,0,0,0.,0.,1.,1.,0.,0.,1.,1.,1.,1.,1.,1.,-0.5,     4849P   6587
-2.756372002,-2.758335238,-0.5,-2.756372002,0.003366815,-0.5,       4849P   6588
0.002125391,-2.758335238,-0.5,0.002125391,0.003366815,0.,1.,0.,     4849P   6589
1.;                                                                 4849P   6590
126,1,1,1,0,1,0,0.,0.,1.,1.,1.,1.,0.722365228,0.863237007,0.,       4851P   6591
0.005928854,0.994071146,0.,0.,1.,0.,0.,1.;                          4851P   6592
110,-0.5,-0.375134967,-0.763377704,-0.5,-0.014229336,               4853P   6593
-2.74196151;                                                        4853P   6594
126,16,2,1,0,1,0,0.,0.,0.,0.125,0.125,0.25,0.25,0.375,0.375,        4855P   6595
0.5,0.5,0.625,0.625,0.75,0.75,0.875,0.875,1.,1.,1.,1.,1.,1.,1.,     4855P   6596
1.,1.,1.,1.,1.,1.,1.,1.,1.,1.,1.,1.,1.,0.005928854,0.994071146,     4855P   6597
0.,0.006436245,0.89317392,0.,0.026846253,0.79525001,0.,             4855P   6598
0.046742792,0.699789645,0.,0.084926984,0.610084544,0.,              4855P   6599
0.122425861,0.521989434,0.,0.176246578,0.442504535,0.,              4855P   6600
0.229562871,0.363764593,0.,0.296880569,0.296439768,0.,              4855P   6601
0.36420039,0.229112822,0.,0.442904489,0.175820031,0.,               4855P   6602
0.522358009,0.122019786,0.,0.61039387,0.084575109,0.,               4855P   6603
0.700043418,0.046444074,0.,0.795424245,0.026634788,0.,              4855P   6604
0.893270801,0.006313402,0.,0.994071146,0.005928854,0.,0.,1.,0.,     4855P   6605
0.,-1.;                                                             4855P   6606
126,3,3,1,0,1,0,5.,5.,5.,5.,6.,6.,6.,6.,1.,1.,1.,1.,-0.5,           4857P   6607
-0.014229336,-2.74196151,-0.5,-1.517345915,-2.734393873,-0.5,       4857P   6608
-2.734288343,-1.51645548,-0.5,-2.740017274,-0.013006912,5.,6.,      4857P   6609
1.,0.,0.;                                                           4857P   6610
126,1,1,1,0,1,0,0.,0.,1.,1.,1.,1.,0.994071146,0.005928854,0.,       4859P   6611
0.862516522,0.722382856,0.,0.,1.,0.,0.,1.;                          4859P   6612
110,-0.5,-2.740017274,-0.013006912,-0.5,-0.763680775,               4861P   6613
-0.376321589;                                                       4861P   6614
126,1,1,1,0,1,0,0.,0.,1.,1.,1.,1.,0.862516522,0.722382856,0.,       4863P   6615
0.423867539,0.419576057,0.,0.,1.,0.,0.,1.;                          4863P   6616
110,-0.5,-0.763680775,-0.376321589,-0.5,-1.598972542,               4865P   6617
-1.587739386;                                                       4865P   6618
126,1,1,1,0,1,0,0.,0.,1.,1.,1.,1.,0.423867539,0.419576057,0.,       4867P   6619
0.418720017,0.424726473,0.,0.,1.,0.,0.,1.;                          4867P   6620
110,-0.5,-1.598972542,-1.587739386,-0.5,-1.584765134,               4869P   6621
-1.601955307;                                                       4869P   6622
126,1,1,1,0,1,0,0.,0.,1.,1.,1.,1.,0.418720017,0.424726473,0.,       4871P   6623
0.722365228,0.863237007,0.,0.,1.,0.,0.,1.;                          4871P   6624
110,-0.5,-1.584765134,-1.601955307,-0.5,-0.375134967,               4873P   6625
-0.763377704;                                                       4873P   6626
102,6,4851,4855,4859,4863,4867,4871;                                4875P   6627
102,6,4853,4857,4861,4865,4869,4873;                                4877P   6628
142,1,4849,4875,4877,1;                                             4879P   6629
144,4849,1,0,4879;                                                  4881P   6630
128,1,1,1,1,0,0,1,0,0,0.,0.,1.,1.,0.,0.,1.,1.,1.,1.,1.,1.,-0.5,     4883P   6631
-0.004401283,-2.758364793,-0.5,-0.004401283,0.002579168,-0.5,       4883P   6632
2.755827661,-2.758364793,-0.5,2.755827661,0.002579168,0.,1.,0.,     4883P   6633
1.;                                                                 4883P   6634
126,1,1,1,0,1,0,0.,0.,1.,1.,1.,1.,0.863726335,0.27895478,0.,        4885P   6635
0.994071146,0.994071146,0.,0.,1.,0.,0.,1.;                          4885P   6636
110,-0.5,0.765577776,-0.373664784,-0.5,2.739462667,                 4887P   6637
-0.013790065;                                                       4887P   6638
126,16,2,1,0,1,0,0.,0.,0.,0.125,0.125,0.25,0.25,0.375,0.375,        4889P   6639
0.5,0.5,0.625,0.625,0.75,0.75,0.875,0.875,1.,1.,1.,1.,1.,1.,1.,     4889P   6640
1.,1.,1.,1.,1.,1.,1.,1.,1.,1.,1.,1.,1.,0.994071146,0.994071146,     4889P   6641
0.,0.893225226,0.993658284,0.,0.795340603,0.97331716,0.,            4889P   6642
0.699920995,0.953488285,0.,0.610243032,0.915346146,0.,              4889P   6643
0.522177156,0.877889665,0.,0.442706626,0.824086074,0.,              4889P   6644
0.36398336,0.7707884,0.,0.296659579,0.703464916,0.,0.229335709,     4889P   6645
0.636141343,0.,0.176030084,0.557410643,0.,0.122218331,              4889P   6646
0.477932407,0.,0.084746336,0.389851228,0.,0.046588314,              4889P   6647
0.300157481,0.,0.026736528,0.204714641,0.,0.006371866,              4889P   6648
0.106806009,0.,0.005928854,0.005928854,0.,0.,1.,0.,0.,-1.;          4889P   6649
126,3,3,1,0,1,0,5.,5.,5.,5.,6.,6.,6.,6.,1.,1.,1.,1.,-0.5,           4891P   6650
2.739462667,-0.013790065,-0.5,2.733308109,-1.517493141,-0.5,        4891P   6651
1.515744267,-2.735389839,-0.5,0.011963711,-2.741995561,5.,6.,       4891P   6652
1.,0.,0.;                                                           4891P   6653
126,1,1,1,0,1,0,0.,0.,1.,1.,1.,1.,0.005928854,0.005928854,0.,       4893P   6654
0.723462238,0.137735878,0.,0.,1.,0.,0.,1.;                          4893P   6655
110,-0.5,0.011963711,-2.741995561,-0.5,0.375781275,                 4895P   6656
-0.760926096;                                                       4895P   6657
126,1,1,1,0,1,0,0.,0.,1.,1.,1.,1.,0.723462238,0.137735878,0.,       4897P   6658
0.421195401,0.576196222,0.,0.,1.,0.,0.,1.;                          4897P   6659
110,-0.5,0.375781275,-0.760926096,-0.5,1.586032207,                 4899P   6660
-1.595467896;                                                       4899P   6661
126,1,1,1,0,1,0,0.,0.,1.,1.,1.,1.,0.421195401,0.576196222,0.,       4901P   6662
0.426359438,0.581346491,0.,0.,1.,0.,0.,1.;                          4901P   6663
110,-0.5,1.586032207,-1.595467896,-0.5,1.600248128,                 4903P   6664
-1.581210277;                                                       4903P   6665
126,1,1,1,0,1,0,0.,0.,1.,1.,1.,1.,0.426359438,0.581346491,0.,       4905P   6666
0.863726335,0.27895478,0.,0.,1.,0.,0.,1.;                           4905P   6667
110,-0.5,1.600248128,-1.581210277,-0.5,0.765577776,                 4907P   6668
-0.373664784;                                                       4907P   6669
102,6,4885,4889,4893,4897,4901,4905;                                4909P   6670
102,6,4887,4891,4895,4899,4903,4907;                                4911P   6671
142,1,4883,4909,4911,1;                                             4913P   6672
144,4883,1,0,4913;                                                  4915P   6673
128,1,1,1,1,0,0,1,0,0,0.,0.,1.,1.,0.,0.,1.,1.,1.,1.,1.,1.,-0.5,     4917P   6674
-0.002524445,-0.003038743,-0.5,-0.002524445,2.753658183,-0.5,       4917P   6675
2.755688017,-0.003038743,-0.5,2.755688017,2.753658183,0.,1.,0.,     4917P   6676
1.;                                                                 4917P   6677
126,1,1,1,0,1,0,0.,0.,1.,1.,1.,1.,0.278146616,0.137381181,0.,       4919P   6678
0.994071146,0.005928854,0.,0.,1.,0.,0.,1.;                          4919P   6679
110,-0.5,0.376402041,0.763727177,-0.5,0.013828594,2.73731413;       4921P   6680
126,16,2,1,0,1,0,0.,0.,0.,0.125,0.125,0.25,0.25,0.375,0.375,        4923P   6681
0.5,0.5,0.625,0.625,0.75,0.75,0.875,0.875,1.,1.,1.,1.,1.,1.,1.,     4923P   6682
1.,1.,1.,1.,1.,1.,1.,1.,1.,1.,1.,1.,1.,0.994071146,0.005928854,     4923P   6683
0.,0.993557679,0.106726811,0.,0.973153343,0.204552412,0.,           4923P   6684
0.953261616,0.299920381,0.,0.915090062,0.389545036,0.,              4923P   6685
0.877603075,0.477562365,0.,0.823796902,0.556992797,0.,              4923P   6686
0.770495721,0.635677742,0.,0.703189461,0.702981766,0.,              4923P   6687
0.635883868,0.770285122,0.,0.557183337,0.823598014,0.,              4923P   6688
0.477738682,0.877414986,0.,0.389694129,0.914927612,0.,              4923P   6689
0.300043256,0.953124633,0.,0.204637435,0.973056633,0.,              4923P   6690
0.106774341,0.993502,0.,0.005928854,0.994071146,0.,0.,1.,0.,0.,     4923P   6691
-1.;                                                                4923P   6692
126,3,3,1,0,1,0,5.,5.,5.,5.,6.,6.,6.,6.,1.,1.,1.,1.,-0.5,           4925P   6693
0.013828594,2.73731413,-0.5,1.515284591,2.72966988,-0.5,            4925P   6694
2.730857209,1.514634258,-0.5,2.739334979,0.01330531,5.,6.,1.,       4925P   6695
0.,0.;                                                              4925P   6696
126,1,1,1,0,1,0,0.,0.,1.,1.,1.,1.,0.005928854,0.994071146,0.,       4927P   6697
0.136956522,0.277950755,0.,0.,1.,0.,0.,1.;                          4927P   6698
110,-0.5,2.739334979,0.01330531,-0.5,0.764122792,0.37450888;        4929P   6699
126,1,1,1,0,1,0,0.,0.,1.,1.,1.,1.,0.136956522,0.277950755,0.,       4931P   6700
0.576173419,0.580637371,0.,0.,1.,0.,0.,1.;                          4931P   6701
110,-0.5,0.764122792,0.37450888,-0.5,1.598996787,1.58529675;        4933P   6702
126,1,1,1,0,1,0,0.,0.,1.,1.,1.,1.,0.576173419,0.580637371,0.,       4935P   6703
0.581330287,0.575467905,0.,0.,1.,0.,0.,1.;                          4935P   6704
110,-0.5,1.598996787,1.58529675,-0.5,1.584738303,1.599512671;       4937P   6705
126,1,1,1,0,1,0,0.,0.,1.,1.,1.,1.,0.581330287,0.575467905,0.,       4939P   6706
0.278146616,0.137381181,0.,0.,1.,0.,0.,1.;                          4939P   6707
110,-0.5,1.584738303,1.599512671,-0.5,0.376402041,0.763727177;      4941P   6708
102,6,4919,4923,4927,4931,4935,4939;                                4943P   6709
102,6,4921,4925,4929,4933,4937,4941;                                4945P   6710
142,1,4917,4943,4945,1;                                             4947P   6711
144,4917,1,0,4947;                                                  4949P   6712
128,1,1,1,1,0,0,1,0,0,0.,0.,1.,1.,0.,0.,1.,1.,1.,1.,1.,1.,-0.5,     4951P   6713
0.429581391,0.373180415,-0.5,0.429581391,1.536248077,-0.5,          4951P   6714
1.534973127,0.373180415,-0.5,1.534973127,1.536248077,0.,1.,0.,      4951P   6715
1.;                                                                 4951P   6716
126,1,1,1,0,1,0,0.,0.,1.,1.,1.,1.,0.994071146,0.994071146,0.,       4953P   6717
0.005928854,0.275159948,0.,0.,1.,0.,0.,1.;                          4953P   6718
110,-0.5,1.528419421,1.529352419,-0.5,0.733740923,0.380076073;      4955P   6719
126,1,1,1,0,1,0,0.,0.,1.,1.,1.,1.,0.005928854,0.275159948,0.,       4957P   6720
0.052602311,0.006644451,0.,0.,1.,0.,0.,1.;                          4957P   6721
110,-0.5,0.733740923,0.380076073,-0.5,0.436926112,0.434360461;      4959P   6722
126,1,1,1,0,1,0,0.,0.,1.,1.,1.,1.,0.052602311,0.006644451,0.,       4961P   6723
0.056394356,0.005928854,0.,0.,1.,0.,0.,1.;                          4961P   6724
110,-0.5,0.436926112,0.434360461,-0.5,0.436135097,0.438770867;      4963P   6725
126,1,1,1,0,1,0,0.,0.,1.,1.,1.,1.,0.056394356,0.005928854,0.,       4965P   6726
0.994071146,0.994071146,0.,0.,1.,0.,0.,1.;                          4965P   6727
110,-0.5,0.436135097,0.438770867,-0.5,1.528419421,1.529352419;      4967P   6728
102,4,4953,4957,4961,4965;                                          4969P   6729
102,4,4955,4959,4963,4967;                                          4971P   6730
142,1,4951,4969,4971,1;                                             4973P   6731
144,4951,1,0,4973;                                                  4975P   6732
S      1G      3D   4976P   6732                                        T      1
