ISO-10303-21;
HEADER;
FILE_DESCRIPTION (( 'STEP AP214' ),
    '1' );
FILE_NAME ('putnik_3.STEP',
    '2024-06-24T16:18:47',
    ( '' ),
    ( '' ),
    'SwSTEP 2.0',
    'SolidWorks 2013',
    '' );
FILE_SCHEMA (( 'AUTOMOTIVE_DESIGN' ));
ENDSEC;

DATA;
#1 = CARTESIAN_POINT ( 'NONE',  ( -0.5000000000000000000, -0.7335889902580797800, -0.3818547316938720700 ) ) ;
#2 = ORIENTED_EDGE ( 'NONE', *, *, #4472, .F. ) ;
#3 = ORIENTED_EDGE ( 'NONE', *, *, #2137, .F. ) ;
#4 = CARTESIAN_POINT ( 'NONE',  ( -0.3500000000000000300, 0.4369261119629236400, 0.4343604609271907200 ) ) ;
#5 = ORIENTED_EDGE ( 'NONE', *, *, #4038, .F. ) ;
#6 = FACE_OUTER_BOUND ( 'NONE', #1154, .T. ) ;
#7 = VERTEX_POINT ( 'NONE', #1096 ) ;
#8 = ORIENTED_EDGE ( 'NONE', *, *, #3933, .F. ) ;
#9 = DIRECTION ( 'NONE',  ( 0.0000000000000000000, 0.6199714741215497400, 0.7846243504222594200 ) ) ;
#10 = FACE_OUTER_BOUND ( 'NONE', #246, .T. ) ;
#11 = DIRECTION ( 'NONE',  ( -1.000000000000000000, -0.0000000000000000000, -0.0000000000000000000 ) ) ;
#12 = DIRECTION ( 'NONE',  ( 0.0000000000000000000, -0.6199714741215550700, -0.7846243504222552000 ) ) ;
#13 = CARTESIAN_POINT ( 'NONE',  ( 0.1435172192940412600, -3.549015225027078600, -0.1147504266067058000 ) ) ;
#14 = CIRCLE ( 'NONE', #3194, 4.000000000000000000 ) ;
#15 = DIRECTION ( 'NONE',  ( 0.0000000000000000000, 0.0000000000000000000, 1.000000000000000000 ) ) ;
#16 = ORIENTED_EDGE ( 'NONE', *, *, #1116, .T. ) ;
#17 = EDGE_CURVE ( 'NONE', #2600, #1643, #3694, .T. ) ;
#18 = CONICAL_SURFACE ( 'NONE', #1686, 3.800000000000004700, 0.7853981633974482800 ) ;
#19 = FACE_OUTER_BOUND ( 'NONE', #2963, .T. ) ;
#20 = DIRECTION ( 'NONE',  ( -1.000000000000000000, 0.0000000000000000000, 0.0000000000000000000 ) ) ;
#21 = ADVANCED_FACE ( 'NONE', ( #3529 ), #3293, .T. ) ;
#22 = DIRECTION ( 'NONE',  ( -0.9998119760941959200, -0.008452675918340594300, -0.01745178295873390400 ) ) ;
#23 = VERTEX_POINT ( 'NONE', #2233 ) ;
#24 = ORIENTED_EDGE ( 'NONE', *, *, #3968, .F. ) ;
#25 = LINE ( 'NONE', #595, #1180 ) ;
#26 = DIRECTION ( 'NONE',  ( -0.0000000000000000000, -0.9837610585915934600, -0.1794830900077979100 ) ) ;
#27 = CARTESIAN_POINT ( 'NONE',  ( 0.1547905513578959600, 0.2295008532140590800, 3.549212001770131000 ) ) ;
#28 = EDGE_CURVE ( 'NONE', #339, #1583, #3866, .T. ) ;
#29 = LINE ( 'NONE', #1567, #4414 ) ;
#30 = CARTESIAN_POINT ( 'NONE',  ( 0.5414213562373099100, 0.6083319550974780600, 3.894192411760214700 ) ) ;
#31 = TOROIDAL_SURFACE ( 'NONE', #1566, 3.799999999999999800, 0.2000000000000000100 ) ;
#32 = DIRECTION ( 'NONE',  ( 0.0000000000000000000, 0.7846243504222358800, 0.6199714741215794900 ) ) ;
#33 = B_SPLINE_SURFACE_WITH_KNOTS ( 'NONE', 3, 1, ( 
 ( #626, #1336 ),
 ( #2068, #4670 ),
 ( #4307, #1725 ),
 ( #3538, #2477 ) ),
 .UNSPECIFIED., .F., .F., .F.,
 ( 4, 4 ),
 ( 2, 2 ),
 ( 5.000000000000000000, 6.000000000000000000 ),
 ( 0.0000000000000000000, 1.000000000000000000 ),
 .UNSPECIFIED. ) ;
#34 = PLANE ( 'NONE',  #2529 ) ;
#35 = CARTESIAN_POINT ( 'NONE',  ( 3.800000000000001200, -3.719507738389783200, 1.471482988028920200 ) ) ;
#36 = EDGE_CURVE ( 'NONE', #1403, #627, #3805, .T. ) ;
#37 = ORIENTED_EDGE ( 'NONE', *, *, #798, .T. ) ;
#38 = DIRECTION ( 'NONE',  ( 0.0000000000000000000, 0.3695188828327606900, -0.9292232214220803600 ) ) ;
#39 = DIRECTION ( 'NONE',  ( -0.0000000000000000000, -1.000000000000000000, -0.0000000000000000000 ) ) ;
#40 = CARTESIAN_POINT ( 'NONE',  ( -0.5000000000000000000, 2.637210185717893100, 0.0002556054465696622700 ) ) ;
#41 = CARTESIAN_POINT ( 'NONE',  ( 3.800000000000015400, 3.956929685032730700, -0.5854122203257979800 ) ) ;
#42 = CARTESIAN_POINT ( 'NONE',  ( -0.5000000000000000000, 2.739334978862470100, 0.01330531019698044700 ) ) ;
#43 = DIRECTION ( 'NONE',  ( 0.0000000000000000000, -0.7065549785324012300, 0.7076581535678637700 ) ) ;
#44 = B_SPLINE_CURVE_WITH_KNOTS ( 'NONE', 3,
 ( #2846, #2109, #3204, #2472 ),
 .UNSPECIFIED., .F., .F.,
 ( 4, 4 ),
 ( 3.030525493992081000E-007, 0.0005743305423740038500 ),
 .UNSPECIFIED. ) ;
#45 = CARTESIAN_POINT ( 'NONE',  ( -0.3500000000000000300, -0.4507851723396528200, 0.3991185968262809200 ) ) ;
#46 = ORIENTED_EDGE ( 'NONE', *, *, #3552, .T. ) ;
#47 = ADVANCED_FACE ( 'NONE', ( #3578 ), #2599, .T. ) ;
#48 = CARTESIAN_POINT ( 'NONE',  ( 3.867028257739602500, 1.483918123383242400, 3.642505311931576000 ) ) ;
#49 = ORIENTED_EDGE ( 'NONE', *, *, #2715, .T. ) ;
#50 = CARTESIAN_POINT ( 'NONE',  ( -0.3500000000000000300, -1.584765133570547900, -1.601955306955402400 ) ) ;
#51 = CARTESIAN_POINT ( 'NONE',  ( 0.6828427124746195800, 0.0000000000000000000, 0.0000000000000000000 ) ) ;
#52 = ORIENTED_EDGE ( 'NONE', *, *, #2568, .F. ) ;
#53 = CARTESIAN_POINT ( 'NONE',  ( -0.4939148480512971000, -0.3498309152566995200, -3.537888806903799900 ) ) ;
#54 = CARTESIAN_POINT ( 'NONE',  ( -0.5000000000000000000, -0.7591940536514058000, 0.3763390730740987500 ) ) ;
#55 = DIRECTION ( 'NONE',  ( -1.000000000000000000, -0.0000000000000000000, -0.0000000000000000000 ) ) ;
#56 = EDGE_CURVE ( 'NONE', #1123, #3190, #1571, .T. ) ;
#57 = CARTESIAN_POINT ( 'NONE',  ( -0.5000000000000000000, 0.4404162482627732000, -0.4329384095850645200 ) ) ;
#58 = DIRECTION ( 'NONE',  ( 0.0000000000000000000, -0.9842943258976495400, -0.1765352089688959300 ) ) ;
#59 = VERTEX_POINT ( 'NONE', #1493 ) ;
#60 = ORIENTED_EDGE ( 'NONE', *, *, #371, .T. ) ;
#61 = EDGE_LOOP ( 'NONE', ( #1082, #3739, #848, #3861 ) ) ;
#62 = CARTESIAN_POINT ( 'NONE',  ( -0.3500000000000000300, -1.524828427016325700, 1.527693419894153400 ) ) ;
#63 = EDGE_CURVE ( 'NONE', #2858, #3180, #4744, .T. ) ;
#64 = ORIENTED_EDGE ( 'NONE', *, *, #1606, .T. ) ;
#65 = ORIENTED_EDGE ( 'NONE', *, *, #2674, .F. ) ;
#66 = FACE_OUTER_BOUND ( 'NONE', #326, .T. ) ;
#67 = CARTESIAN_POINT ( 'NONE',  ( 0.0000000000000000000, 0.0000000000000000000, 0.0000000000000000000 ) ) ;
#68 = CARTESIAN_POINT ( 'NONE',  ( -0.5000000000000000000, 2.849155096921835600, 0.0002556054465696622700 ) ) ;
#69 = ADVANCED_FACE ( 'NONE', ( #2907 ), #2857, .T. ) ;
#70 = AXIS2_PLACEMENT_3D ( 'NONE', #51, #2274, #3034 ) ;
#71 = CARTESIAN_POINT ( 'NONE',  ( 3.800000000000015400, -1.471482988028732800, 3.719507738389857800 ) ) ;
#72 = CARTESIAN_POINT ( 'NONE',  ( 4.000000000000000000, 0.0000000000000000000, 0.0000000000000000000 ) ) ;
#73 = VECTOR ( 'NONE', #3876, 1000.000000000000000 ) ;
#74 = ORIENTED_EDGE ( 'NONE', *, *, #4521, .F. ) ;
#75 = LINE ( 'NONE', #423, #294 ) ;
#76 = LINE ( 'NONE', #4194, #764 ) ;
#77 = ORIENTED_EDGE ( 'NONE', *, *, #3169, .F. ) ;
#78 = AXIS2_PLACEMENT_3D ( 'NONE', #4204, #4590, #1719 ) ;
#79 = VERTEX_POINT ( 'NONE', #969 ) ;
#80 = CARTESIAN_POINT ( 'NONE',  ( 3.933718438465839500, -3.835759580973784600, -0.4866948251578655500 ) ) ;
#81 = CARTESIAN_POINT ( 'NONE',  ( 4.000000000000000000, 0.0000000000000000000, 0.0000000000000000000 ) ) ;
#82 = FACE_OUTER_BOUND ( 'NONE', #4303, .T. ) ;
#83 = CARTESIAN_POINT ( 'NONE',  ( -0.3500000000000000300, 1.573476229217115400, 2.849705030973278300 ) ) ;
#84 = CARTESIAN_POINT ( 'NONE',  ( -0.5000000000000000000, 1.573476229217115400, -2.849192986511581700 ) ) ;
#85 = EDGE_CURVE ( 'NONE', #1236, #2037, #164, .T. ) ;
#86 = ORIENTED_EDGE ( 'NONE', *, *, #3894, .F. ) ;
#87 = CARTESIAN_POINT ( 'NONE',  ( 0.5414213562373099100, 2.473927132928420500, 3.068303578260164400 ) ) ;
#88 = VECTOR ( 'NONE', #4058, 999.9999999999998900 ) ;
#89 = CARTESIAN_POINT ( 'NONE',  ( -0.5000000000000000000, 0.7337409229461024900, 0.3800760726732069800 ) ) ;
#90 = CARTESIAN_POINT ( 'NONE',  ( -0.5000000000000000000, -0.4333266056128592900, 0.4361906543527140900 ) ) ;
#91 = FACE_OUTER_BOUND ( 'NONE', #636, .T. ) ;
#92 = DIRECTION ( 'NONE',  ( 0.0000000000000000000, -0.7091939159362379300, 0.7050134676720895000 ) ) ;
#93 = CARTESIAN_POINT ( 'NONE',  ( 0.5770714368074275600, 3.716882107600285100, 1.415012741816515500 ) ) ;
#94 = FACE_OUTER_BOUND ( 'NONE', #1427, .T. ) ;
#95 = EDGE_CURVE ( 'NONE', #3467, #2270, #3189, .T. ) ;
#96 = ORIENTED_EDGE ( 'NONE', *, *, #2211, .T. ) ;
#97 = FACE_OUTER_BOUND ( 'NONE', #4057, .T. ) ;
#98 = ADVANCED_FACE ( 'NONE', ( #814 ), #934, .T. ) ;
#99 = ORIENTED_EDGE ( 'NONE', *, *, #1291, .F. ) ;
#100 = CARTESIAN_POINT ( 'NONE',  ( -0.5000000000000000000, -0.4344076966130563400, -0.4383779146962940000 ) ) ;
#101 = VERTEX_POINT ( 'NONE', #217 ) ;
#102 = B_SPLINE_CURVE_WITH_KNOTS ( 'NONE', 3,
 ( #897, #2758, #852, #4519 ),
 .UNSPECIFIED., .F., .F.,
 ( 4, 4 ),
 ( 2.994722214598295500E-007, 0.0001603664431302767000 ),
 .UNSPECIFIED. ) ;
#103 = AXIS2_PLACEMENT_3D ( 'NONE', #4720, #2523, #2881 ) ;
#104 = PLANE ( 'NONE',  #2069 ) ;
#105 = ORIENTED_EDGE ( 'NONE', *, *, #2613, .F. ) ;
#106 = EDGE_CURVE ( 'NONE', #4786, #1302, #1160, .T. ) ;
#107 = CARTESIAN_POINT ( 'NONE',  ( 0.6828427124689098200, 1.413202231138007900, 3.742039477892679300 ) ) ;
#108 = B_SPLINE_CURVE_WITH_KNOTS ( 'NONE', 3,
 ( #4675, #4342, #1399, #1787 ),
 .UNSPECIFIED., .F., .F.,
 ( 4, 4 ),
 ( 3.068613754357198300E-007, 0.0003088374797367413900 ),
 .UNSPECIFIED. ) ;
#109 = CARTESIAN_POINT ( 'NONE',  ( 4.000000000000000000, 1.238297456974009100, -1.567166197742258600 ) ) ;
#110 = VERTEX_POINT ( 'NONE', #4687 ) ;
#111 = B_SPLINE_SURFACE_WITH_KNOTS ( 'NONE', 3, 1, ( 
 ( #3393, #68 ),
 ( #2280, #4112 ),
 ( #2300, #84 ),
 ( #1185, #2652 ),
 ( #2688, #1557 ),
 ( #400, #419 ),
 ( #3005, #776 ) ),
 .UNSPECIFIED., .F., .F., .F.,
 ( 4, 3, 4 ),
 ( 2, 2 ),
 ( 0.0000000000000000000, 1.000000000000000000, 2.000000000000000000 ),
 ( 0.0000000000000000000, 1.000000000000000000 ),
 .UNSPECIFIED. ) ;
#112 = ORIENTED_EDGE ( 'NONE', *, *, #531, .F. ) ;
#113 = CARTESIAN_POINT ( 'NONE',  ( 0.6828427124746188100, 2.534100134223327100, 3.094888771786366500 ) ) ;
#114 = CARTESIAN_POINT ( 'NONE',  ( -0.5000000000000000000, 0.01196371108239513400, -2.741995560509439900 ) ) ;
#115 = EDGE_CURVE ( 'NONE', #851, #2048, #2797, .T. ) ;
#116 = CARTESIAN_POINT ( 'NONE',  ( 0.5770714368074106900, -2.511407957145850700, -3.083878034891566900 ) ) ;
#117 = CARTESIAN_POINT ( 'NONE',  ( 3.800000000000001200, 3.719507738389963500, -1.471482988028463700 ) ) ;
#118 = CARTESIAN_POINT ( 'NONE',  ( 0.5414213562373102500, 1.420265278831502000, 3.676635533357804700 ) ) ;
#119 = ADVANCED_FACE ( 'NONE', ( #2560 ), #33, .T. ) ;
#120 = ORIENTED_EDGE ( 'NONE', *, *, #762, .T. ) ;
#121 = ORIENTED_EDGE ( 'NONE', *, *, #4627, .F. ) ;
#122 = EDGE_CURVE ( 'NONE', #4375, #3526, #4093, .T. ) ;
#123 = ORIENTED_EDGE ( 'NONE', *, *, #106, .F. ) ;
#124 = ORIENTED_EDGE ( 'NONE', *, *, #2446, .F. ) ;
#125 = DIRECTION ( 'NONE',  ( 0.0000000000000000000, -0.8660254037844430400, -0.4999999999999925100 ) ) ;
#126 = VECTOR ( 'NONE', #2548, 1000.000000000000000 ) ;
#127 = VERTEX_POINT ( 'NONE', #199 ) ;
#128 = ORIENTED_EDGE ( 'NONE', *, *, #1377, .F. ) ;
#129 = AXIS2_PLACEMENT_3D ( 'NONE', #358, #2253, #9 ) ;
#130 = DIRECTION ( 'NONE',  ( 1.000000000000000000, 0.0000000000000000000, 0.0000000000000000000 ) ) ;
#131 = VECTOR ( 'NONE', #4262, 1000.000000000000000 ) ;
#132 = EDGE_CURVE ( 'NONE', #2392, #4316, #816, .T. ) ;
#133 = B_SPLINE_CURVE_WITH_KNOTS ( 'NONE', 3,
 ( #2596, #1439, #3689, #1475 ),
 .UNSPECIFIED., .F., .F.,
 ( 4, 4 ),
 ( 1.258644457448239800E-005, 0.0007010889138256593400 ),
 .UNSPECIFIED. ) ;
#134 = CARTESIAN_POINT ( 'NONE',  ( 0.5770714368074486600, -0.6330040727090161500, -3.926420698961877100 ) ) ;
#135 = LINE ( 'NONE', #758, #2627 ) ;
#136 = PLANE ( 'NONE',  #3174 ) ;
#137 = AXIS2_PLACEMENT_3D ( 'NONE', #3942, #1028, #2526 ) ;
#138 = ORIENTED_EDGE ( 'NONE', *, *, #2180, .F. ) ;
#139 = LINE ( 'NONE', #2890, #1042 ) ;
#140 = LINE ( 'NONE', #3036, #4178 ) ;
#141 = ORIENTED_EDGE ( 'NONE', *, *, #2547, .T. ) ;
#142 = ORIENTED_EDGE ( 'NONE', *, *, #3328, .F. ) ;
#143 = FACE_OUTER_BOUND ( 'NONE', #4302, .T. ) ;
#144 = PLANE ( 'NONE',  #4396 ) ;
#145 = FACE_OUTER_BOUND ( 'NONE', #297, .T. ) ;
#146 = DIRECTION ( 'NONE',  ( 0.0000000000000000000, 0.0000000000000000000, 1.000000000000000000 ) ) ;
#147 = EDGE_CURVE ( 'NONE', #4514, #3747, #1861, .T. ) ;
#148 = VECTOR ( 'NONE', #4616, 1000.000000000000100 ) ;
#149 = DIRECTION ( 'NONE',  ( 0.0000000000000000000, 0.0000000000000000000, 1.000000000000000000 ) ) ;
#150 = CARTESIAN_POINT ( 'NONE',  ( 0.4151494614774827700, -0.5209437925357648400, -3.780040442901950700 ) ) ;
#151 = CARTESIAN_POINT ( 'NONE',  ( -0.3500000000000000300, -0.4333266056128595200, 0.4361906543527140900 ) ) ;
#152 = ORIENTED_EDGE ( 'NONE', *, *, #3696, .F. ) ;
#153 = AXIS2_PLACEMENT_3D ( 'NONE', #4098, #4049, #3346 ) ;
#154 = CARTESIAN_POINT ( 'NONE',  ( 0.6828427124746188100, 2.534100134223360000, -3.094888771786338900 ) ) ;
#155 = EDGE_CURVE ( 'NONE', #828, #3480, #2094, .T. ) ;
#156 = EDGE_LOOP ( 'NONE', ( #2661, #1471, #2209, #4612 ) ) ;
#157 = CARTESIAN_POINT ( 'NONE',  ( -0.3500000000000000300, 0.3983898996960659700, 0.4504065753789245900 ) ) ;
#158 = DIRECTION ( 'NONE',  ( 0.0000000000000000000, 0.0000000000000000000, -1.000000000000000000 ) ) ;
#159 = DIRECTION ( 'NONE',  ( -1.000000000000000000, -0.0000000000000000000, -0.0000000000000000000 ) ) ;
#160 = AXIS2_PLACEMENT_3D ( 'NONE', #2946, #4067, #4012 ) ;
#161 = ORIENTED_EDGE ( 'NONE', *, *, #274, .T. ) ;
#162 = PLANE ( 'NONE',  #1980 ) ;
#163 = CARTESIAN_POINT ( 'NONE',  ( 4.000000000000000000, 1.508903877460869000, 3.487579259111338400 ) ) ;
#164 = B_SPLINE_CURVE_WITH_KNOTS ( 'NONE', 3,
 ( #3161, #2799, #3555, #1349 ),
 .UNSPECIFIED., .F., .F.,
 ( 4, 4 ),
 ( 5.000000000000000000, 6.000000000000000000 ),
 .UNSPECIFIED. ) ;
#165 = DIRECTION ( 'NONE',  ( -1.000000000000000000, -0.0000000000000000000, -0.0000000000000000000 ) ) ;
#166 = ORIENTED_EDGE ( 'NONE', *, *, #3552, .F. ) ;
#167 = CARTESIAN_POINT ( 'NONE',  ( 4.000000000000000000, 0.0000000000000000000, 0.0000000000000000000 ) ) ;
#168 = EDGE_CURVE ( 'NONE', #3076, #3994, #4391, .T. ) ;
#169 = CARTESIAN_POINT ( 'NONE',  ( 3.867028257739600700, 0.5361418639794125500, 3.896461195244178600 ) ) ;
#170 = ORIENTED_EDGE ( 'NONE', *, *, #2916, .F. ) ;
#171 = ORIENTED_EDGE ( 'NONE', *, *, #439, .F. ) ;
#172 = ORIENTED_EDGE ( 'NONE', *, *, #1969, .T. ) ;
#173 = CARTESIAN_POINT ( 'NONE',  ( 0.6828427124746195800, 0.0000000000000000000, 0.0000000000000000000 ) ) ;
#174 = ORIENTED_EDGE ( 'NONE', *, *, #4693, .F. ) ;
#175 = VECTOR ( 'NONE', #665, 1000.000000000000200 ) ;
#176 = CARTESIAN_POINT ( 'NONE',  ( -0.3500000000000000300, 1.586032207369008700, -1.595467895713894400 ) ) ;
#177 = EDGE_CURVE ( 'NONE', #2373, #3239, #2217, .T. ) ;
#178 = LINE ( 'NONE', #4689, #4452 ) ;
#179 = FACE_OUTER_BOUND ( 'NONE', #3705, .T. ) ;
#180 = CARTESIAN_POINT ( 'NONE',  ( 2.765540635663478900, -3.953881352080535800, 0.6060165718060082100 ) ) ;
#181 =( BOUNDED_CURVE ( )  B_SPLINE_CURVE ( 3, ( #113, #1596, #4560, #1964 ),
 .UNSPECIFIED., .F., .F. ) 
 B_SPLINE_CURVE_WITH_KNOTS ( ( 4, 4 ),
 ( 2.077000745848166300, 2.092622056020756900 ),
 .UNSPECIFIED. ) 
 CURVE ( )  GEOMETRIC_REPRESENTATION_ITEM ( )  RATIONAL_B_SPLINE_CURVE ( ( 1.000000000000000000, 0.9999796646590899400, 0.9999796646590899400, 1.000000000000000000 ) ) 
 REPRESENTATION_ITEM ( '' )  );
#182 = ORIENTED_EDGE ( 'NONE', *, *, #2137, .T. ) ;
#183 = CARTESIAN_POINT ( 'NONE',  ( 0.6828427124746195800, 0.0000000000000000000, 0.0000000000000000000 ) ) ;
#184 = EDGE_CURVE ( 'NONE', #4143, #3887, #3416, .T. ) ;
#185 = DIRECTION ( 'NONE',  ( 0.0000000000000000000, -0.1806987397324693900, -0.9835384921085179600 ) ) ;
#186 = CARTESIAN_POINT ( 'NONE',  ( 0.6828427124746195800, 0.0000000000000000000, 0.0000000000000000000 ) ) ;
#187 = CIRCLE ( 'NONE', #4245, 4.000000000000000000 ) ;
#188 = LINE ( 'NONE', #3649, #2111 ) ;
#189 = ORIENTED_EDGE ( 'NONE', *, *, #832, .T. ) ;
#190 = DIRECTION ( 'NONE',  ( 1.000000000000000000, 0.0000000000000000000, 0.0000000000000000000 ) ) ;
#191 = DIRECTION ( 'NONE',  ( 1.000000000000000000, 0.0000000000000000000, 0.0000000000000000000 ) ) ;
#192 = ORIENTED_EDGE ( 'NONE', *, *, #858, .F. ) ;
#193 = CARTESIAN_POINT ( 'NONE',  ( -0.5000000000000000000, -2.734288342827098100, -1.516455480136687900 ) ) ;
#194 = VECTOR ( 'NONE', #3948, 1000.000000000000000 ) ;
#195 = VECTOR ( 'NONE', #4732, 1000.000000000000000 ) ;
#196 = DIRECTION ( 'NONE',  ( -1.000000000000000000, -0.0000000000000000000, -0.0000000000000000000 ) ) ;
#197 = EDGE_LOOP ( 'NONE', ( #1599, #3288, #2172, #2494 ) ) ;
#198 = LINE ( 'NONE', #1, #3317 ) ;
#199 = CARTESIAN_POINT ( 'NONE',  ( -0.3500000000000000300, -0.4346545599123110600, -0.4368030970975792500 ) ) ;
#200 = CARTESIAN_POINT ( 'NONE',  ( 4.000000000000000000, 1.808165191179261600, 3.131833979600081800 ) ) ;
#201 = CARTESIAN_POINT ( 'NONE',  ( -0.5000000000000000000, 0.01382859365527111500, 2.737314129590612900 ) ) ;
#202 = EDGE_CURVE ( 'NONE', #3994, #4719, #2708, .T. ) ;
#203 = ADVANCED_FACE ( 'NONE', ( #870 ), #1380, .T. ) ;
#204 = DIRECTION ( 'NONE',  ( 0.0000000000000000000, 0.0000000000000000000, 1.000000000000000000 ) ) ;
#205 = VERTEX_POINT ( 'NONE', #286 ) ;
#206 = LINE ( 'NONE', #3171, #2066 ) ;
#207 = CARTESIAN_POINT ( 'NONE',  ( 3.933718438465838600, 0.4866948251581400000, 3.835759580973751700 ) ) ;
#208 = CARTESIAN_POINT ( 'NONE',  ( 4.000000000000000000, 3.487579259111329000, -1.508903877460890900 ) ) ;
#209 = APPLICATION_CONTEXT ( 'automotive_design' ) ;
#210 = EDGE_CURVE ( 'NONE', #79, #2575, #4517, .T. ) ;
#211 = CARTESIAN_POINT ( 'NONE',  ( 3.800000000000008300, 3.134095518064016900, -2.485446697004593200 ) ) ;
#212 = VERTEX_POINT ( 'NONE', #2142 ) ;
#213 = CLOSED_SHELL ( 'NONE', ( #4633, #3202, #1872, #2579, #507, #2139, #1602, #1920, #3222, #4368, #3692, #4054, #2462, #69, #21, #4394, #4743, #2601, #4103, #1134, #4277, #4079, #2293, #3976, #4770, #2993, #3518, #4527, #2893, #3386, #3769, #4319, #3574, #2549, #1363, #3999, #4348, #254, #4502, #737, #2528, #402, #791, #3408, #4793, #4292, #1737, #3818, #600, #2215, #1750, #3166, #3042, #2725, #4424, #2243, #1153, #861, #2318, #3436, #1844, #1331, #3215, #1818, #2968, #379, #645, #1461, #2158, #2944, #622, #1309, #2262, #4153, #262, #1188, #280, #432, #1234, #815, #1409, #1949, #2706, #716, #3312, #2504, #675, #354, #1484, #2863, #1518, #2815, #1726, #1790, #4135, #3620, #4264, #1684, #4182, #2626, #98, #2482, #4025, #2676, #119, #3668, #2876, #3017, #3283, #1434, #2341, #3937, #203, #1019, #2091, #1109, #1897, #3720, #3913, #3566, #2364, #238, #4552, #3358, #3068, #1548, #971, #47, #459, #951, #3339, #982, #2852, #4661, #2654, #4474, #4441, #1052, #844, #766, #4695, #304, #1774, #3744, #1083, #329, #2842, #1344, #2055 ) ) ;
#214 = ORIENTED_EDGE ( 'NONE', *, *, #2927, .F. ) ;
#215 = ORIENTED_EDGE ( 'NONE', *, *, #4282, .F. ) ;
#216 = CARTESIAN_POINT ( 'NONE',  ( 3.800000000000015400, -1.471482988028732800, 3.719507738389857800 ) ) ;
#217 = CARTESIAN_POINT ( 'NONE',  ( -0.5000000000000000000, 2.849155096921835600, 0.0002556054465696622700 ) ) ;
#218 = AXIS2_PLACEMENT_3D ( 'NONE', #1717, #4286, #3898 ) ;
#219 = ORIENTED_EDGE ( 'NONE', *, *, #1452, .T. ) ;
#220 = EDGE_CURVE ( 'NONE', #3239, #3480, #1927, .T. ) ;
#221 = DIRECTION ( 'NONE',  ( 1.000000000000000000, 0.0000000000000000000, 0.0000000000000000000 ) ) ;
#222 = VERTEX_POINT ( 'NONE', #2943 ) ;
#223 = DIRECTION ( 'NONE',  ( 0.0000000000000000000, 0.0000000000000000000, -1.000000000000000000 ) ) ;
#224 = CARTESIAN_POINT ( 'NONE',  ( -0.5000000000000000000, -1.524828427016325700, 1.527693419894153400 ) ) ;
#225 = ORIENTED_EDGE ( 'NONE', *, *, #184, .T. ) ;
#226 = DIRECTION ( 'NONE',  ( 0.0000000000000000000, 0.9292232214220915700, -0.3695188828327321000 ) ) ;
#227 = VERTEX_POINT ( 'NONE', #1773 ) ;
#228 = ORIENTED_EDGE ( 'NONE', *, *, #3185, .T. ) ;
#229 = AXIS2_PLACEMENT_3D ( 'NONE', #1115, #1888, #351 ) ;
#230 = DIRECTION ( 'NONE',  ( 0.0000000000000000000, -0.5676628588212342400, -0.8232611242582170700 ) ) ;
#231 = ORIENTED_EDGE ( 'NONE', *, *, #220, .F. ) ;
#232 = VERTEX_POINT ( 'NONE', #2891 ) ;
#233 = FACE_OUTER_BOUND ( 'NONE', #1076, .T. ) ;
#234 = EDGE_LOOP ( 'NONE', ( #4499, #4155, #2449, #283, #2752, #2920 ) ) ;
#235 = EDGE_CURVE ( 'NONE', #4268, #4786, #346, .T. ) ;
#236 = ORIENTED_EDGE ( 'NONE', *, *, #1552, .F. ) ;
#237 = PLANE ( 'NONE',  #1738 ) ;
#238 = ADVANCED_FACE ( 'NONE', ( #66 ), #1007, .T. ) ;
#239 = CIRCLE ( 'NONE', #437, 4.000000000000000000 ) ;
#240 = CARTESIAN_POINT ( 'NONE',  ( 4.000000000000000000, 0.0000000000000000000, 0.0000000000000000000 ) ) ;
#241 = B_SPLINE_CURVE_WITH_KNOTS ( 'NONE', 3,
 ( #3939, #628, #3584, #666 ),
 .UNSPECIFIED., .F., .F.,
 ( 4, 4 ),
 ( 5.000000000000000000, 6.000000000000000000 ),
 .UNSPECIFIED. ) ;
#242 = DIRECTION ( 'NONE',  ( 1.000000000000000000, -0.0000000000000000000, -0.0000000000000000000 ) ) ;
#243 = AXIS2_PLACEMENT_3D ( 'NONE', #3676, #1849, #736 ) ;
#244 = TOROIDAL_SURFACE ( 'NONE', #375, 3.799999999999999800, 0.2000000000000000100 ) ;
#245 = VECTOR ( 'NONE', #2184, 1000.000000000000000 ) ;
#246 = EDGE_LOOP ( 'NONE', ( #4608, #2501, #3953, #1584 ) ) ;
#247 = PLANE ( 'NONE',  #4330 ) ;
#248 = CARTESIAN_POINT ( 'NONE',  ( 0.6292760809697599500, -1.412202095029744000, -3.742417184883974500 ) ) ;
#249 = B_SPLINE_CURVE_WITH_KNOTS ( 'NONE', 3,
 ( #2912, #4357, #2883, #3256 ),
 .UNSPECIFIED., .F., .F.,
 ( 4, 4 ),
 ( 1.970706030751881700E-007, 0.0001600763227398628200 ),
 .UNSPECIFIED. ) ;
#250 = ORIENTED_EDGE ( 'NONE', *, *, #265, .T. ) ;
#251 = DIRECTION ( 'NONE',  ( -1.000000000000000000, 0.0000000000000000000, 0.0000000000000000000 ) ) ;
#252 = VECTOR ( 'NONE', #624, 1000.000000000000000 ) ;
#253 = FACE_OUTER_BOUND ( 'NONE', #3392, .T. ) ;
#254 = ADVANCED_FACE ( 'NONE', ( #233, #576 ), #4769, .T. ) ;
#255 = CARTESIAN_POINT ( 'NONE',  ( 0.6287100716745650500, -0.6482168504481645700, 3.947127573572262600 ) ) ;
#256 = VERTEX_POINT ( 'NONE', #3974 ) ;
#257 = ORIENTED_EDGE ( 'NONE', *, *, #3501, .T. ) ;
#258 = LINE ( 'NONE', #4538, #3653 ) ;
#259 = LINE ( 'NONE', #1429, #1347 ) ;
#260 = CARTESIAN_POINT ( 'NONE',  ( -0.3500000000000000300, -0.3996595591106602000, -0.4498519076669932900 ) ) ;
#261 = CARTESIAN_POINT ( 'NONE',  ( 0.1435183544349621100, -1.873894413464975100, -3.016156369886859900 ) ) ;
#262 = ADVANCED_FACE ( 'NONE', ( #3086 ), #2198, .F. ) ;
#263 = CARTESIAN_POINT ( 'NONE',  ( 2.765540635663601400, -0.6060165718058665400, 3.953881352080557600 ) ) ;
#264 = ORIENTED_EDGE ( 'NONE', *, *, #3006, .F. ) ;
#265 = EDGE_CURVE ( 'NONE', #1659, #1324, #3926, .T. ) ;
#266 = CARTESIAN_POINT ( 'NONE',  ( -0.5000000000000000000, 0.0000000000000000000, 0.0000000000000000000 ) ) ;
#267 = CARTESIAN_POINT ( 'NONE',  ( -0.5000000000000000000, 3.921371302499900400E-016, -3.105916497100035900 ) ) ;
#268 = EDGE_CURVE ( 'NONE', #887, #441, #4682, .T. ) ;
#269 = VERTEX_POINT ( 'NONE', #4010 ) ;
#270 = CARTESIAN_POINT ( 'NONE',  ( 0.6828427124746188100, 1.413202231141837700, -3.742039477864408200 ) ) ;
#271 = DIRECTION ( 'NONE',  ( 0.0000000000000000000, -0.9837644514002081800, -0.1794644927590070300 ) ) ;
#272 = AXIS2_PLACEMENT_3D ( 'NONE', #3032, #4202, #1156 ) ;
#273 = CARTESIAN_POINT ( 'NONE',  ( -0.5000000000000000000, -0.0006348297072971131900, -2.637172296128151800 ) ) ;
#274 = EDGE_CURVE ( 'NONE', #317, #1678, #2737, .T. ) ;
#275 = CARTESIAN_POINT ( 'NONE',  ( -0.3500000000000000300, -2.638105293919822200, 0.0001279175331589943200 ) ) ;
#276 = FILL_AREA_STYLE ('',( #4324 ) ) ;
#277 = CARTESIAN_POINT ( 'NONE',  ( 4.000000000000000000, 3.810090067211289800E-014, -3.616330382358413000 ) ) ;
#278 = ORIENTED_EDGE ( 'NONE', *, *, #1230, .F. ) ;
#279 = ORIENTED_EDGE ( 'NONE', *, *, #4063, .T. ) ;
#280 = ADVANCED_FACE ( 'NONE', ( #1222 ), #3278, .F. ) ;
#281 = ORIENTED_EDGE ( 'NONE', *, *, #1136, .T. ) ;
#282 = ORIENTED_EDGE ( 'NONE', *, *, #2674, .T. ) ;
#283 = ORIENTED_EDGE ( 'NONE', *, *, #4790, .F. ) ;
#284 = EDGE_LOOP ( 'NONE', ( #784, #4548, #3710, #2425, #2678, #3765 ) ) ;
#285 = DIRECTION ( 'NONE',  ( -0.0000000000000000000, 0.8225311054394263100, -0.5687201250040263600 ) ) ;
#286 = CARTESIAN_POINT ( 'NONE',  ( 4.000000000000000000, 3.487579259111270900, 1.508903877461024800 ) ) ;
#287 = ORIENTED_EDGE ( 'NONE', *, *, #2884, .F. ) ;
#288 = DIRECTION ( 'NONE',  ( 0.0000000000000000000, 7.105427357601001900E-015, -1.000000000000000000 ) ) ;
#289 = FACE_OUTER_BOUND ( 'NONE', #1205, .T. ) ;
#290 = PLANE ( 'NONE',  #2155 ) ;
#291 = EDGE_CURVE ( 'NONE', #3489, #205, #4625, .T. ) ;
#292 = CYLINDRICAL_SURFACE ( 'NONE', #1709, 4.000000000000000000 ) ;
#293 = ORIENTED_EDGE ( 'NONE', *, *, #3836, .F. ) ;
#294 = VECTOR ( 'NONE', #4064, 1000.000000000000000 ) ;
#295 = LINE ( 'NONE', #3509, #1174 ) ;
#296 = ORIENTED_EDGE ( 'NONE', *, *, #1633, .T. ) ;
#297 = EDGE_LOOP ( 'NONE', ( #871, #1208, #889, #1698 ) ) ;
#298 = ORIENTED_EDGE ( 'NONE', *, *, #4078, .F. ) ;
#299 = B_SPLINE_SURFACE_WITH_KNOTS ( 'NONE', 3, 1, ( 
 ( #4650, #4604 ),
 ( #1634, #1297 ),
 ( #1651, #193 ),
 ( #1313, #4631 ) ),
 .UNSPECIFIED., .F., .F., .F.,
 ( 4, 4 ),
 ( 2, 2 ),
 ( 5.000000000000000000, 6.000000000000000000 ),
 ( 0.0000000000000000000, 1.000000000000000000 ),
 .UNSPECIFIED. ) ;
#300 = EDGE_CURVE ( 'NONE', #1496, #3749, #2450, .T. ) ;
#301 = VECTOR ( 'NONE', #1752, 1000.000000000000000 ) ;
#302 = LINE ( 'NONE', #1670, #4122 ) ;
#303 = CARTESIAN_POINT ( 'NONE',  ( -0.3500000000000000300, -0.4333266056128595200, 0.4361906543527140900 ) ) ;
#304 = ADVANCED_FACE ( 'NONE', ( #1800 ), #3912, .T. ) ;
#305 = PLANE ( 'NONE',  #2086 ) ;
#306 = DIRECTION ( 'NONE',  ( -1.000000000000000000, 0.0000000000000000000, 0.0000000000000000000 ) ) ;
#307 = LINE ( 'NONE', #2355, #2584 ) ;
#308 = DIRECTION ( 'NONE',  ( 0.0000000000000000000, 0.0000000000000000000, 1.000000000000000000 ) ) ;
#309 = DIRECTION ( 'NONE',  ( 0.0000000000000000000, 0.0000000000000000000, -1.000000000000000000 ) ) ;
#310 = CARTESIAN_POINT ( 'NONE',  ( 4.000000000000000000, -3.774784174832565700, 0.4370405398057015700 ) ) ;
#311 = VECTOR ( 'NONE', #3424, 1000.000000000000000 ) ;
#312 = DIRECTION ( 'NONE',  ( -1.000000000000000000, -0.0000000000000000000, -0.0000000000000000000 ) ) ;
#313 = ORIENTED_EDGE ( 'NONE', *, *, #1858, .F. ) ;
#314 = CARTESIAN_POINT ( 'NONE',  ( -0.5000000000000000000, 1.361766771557215900, 3.951227106437330300 ) ) ;
#315 = AXIS2_PLACEMENT_3D ( 'NONE', #3915, #2847, #1415 ) ;
#316 = ORIENTED_EDGE ( 'NONE', *, *, #63, .T. ) ;
#317 = VERTEX_POINT ( 'NONE', #208 ) ;
#318 = DIRECTION ( 'NONE',  ( 1.000000000000000000, 0.0000000000000000000, 0.0000000000000000000 ) ) ;
#319 = CARTESIAN_POINT ( 'NONE',  ( -0.5000000000000000000, -0.3498823607470179000, -3.537782590181437500 ) ) ;
#320 = ORIENTED_EDGE ( 'NONE', *, *, #1819, .F. ) ;
#321 = DIRECTION ( 'NONE',  ( 0.0000000000000000000, 0.3695188828327606900, -0.9292232214220803600 ) ) ;
#322 = EDGE_CURVE ( 'NONE', #1223, #4448, #4161, .T. ) ;
#323 = CARTESIAN_POINT ( 'NONE',  ( -0.5000000000000000000, -0.01422933622158328900, -2.741961510399197900 ) ) ;
#324 = CARTESIAN_POINT ( 'NONE',  ( 3.800000000000001200, -3.134095518064369000, 2.485446697004149100 ) ) ;
#325 = DIRECTION ( 'NONE',  ( -1.000000000000000000, 0.0000000000000000000, 0.0000000000000000000 ) ) ;
#326 = EDGE_LOOP ( 'NONE', ( #1854, #847, #3347, #4138 ) ) ;
#327 = CARTESIAN_POINT ( 'NONE',  ( -0.3500000000000000300, 1.586032207369008700, -1.595467895713894400 ) ) ;
#328 = ORIENTED_EDGE ( 'NONE', *, *, #2279, .T. ) ;
#329 = ADVANCED_FACE ( 'NONE', ( #6 ), #3549, .T. ) ;
#330 = B_SPLINE_CURVE_WITH_KNOTS ( 'NONE', 3,
 ( #4785, #1144, #1078, #4062 ),
 .UNSPECIFIED., .F., .F.,
 ( 4, 4 ),
 ( 9.857291678278591800E-006, 0.0005838848012785171800 ),
 .UNSPECIFIED. ) ;
#331 = EDGE_CURVE ( 'NONE', #851, #517, #2038, .T. ) ;
#332 = DIRECTION ( 'NONE',  ( 0.0000000000000000000, 0.1445988709998526900, -0.9894903569543100900 ) ) ;
#333 = CARTESIAN_POINT ( 'NONE',  ( 0.6828427124746195800, 0.0000000000000000000, 0.0000000000000000000 ) ) ;
#334 = DIRECTION ( 'NONE',  ( 1.000000000000000000, 0.0000000000000000000, 0.0000000000000000000 ) ) ;
#335 = EDGE_CURVE ( 'NONE', #2866, #625, #1598, .T. ) ;
#336 = CARTESIAN_POINT ( 'NONE',  ( 0.4151494614774334800, 1.438869663171202400, -3.534082947153497100 ) ) ;
#337 = ORIENTED_EDGE ( 'NONE', *, *, #1928, .T. ) ;
#338 = CARTESIAN_POINT ( 'NONE',  ( -0.5000000000000000000, -1.361766771557825000, -3.951227106436939100 ) ) ;
#339 = VERTEX_POINT ( 'NONE', #2437 ) ;
#340 = ORIENTED_EDGE ( 'NONE', *, *, #1847, .F. ) ;
#341 = DIRECTION ( 'NONE',  ( 0.0000000000000000000, 0.0000000000000000000, 1.000000000000000000 ) ) ;
#342 = CARTESIAN_POINT ( 'NONE',  ( -0.4940862277298009900, -1.465979193314807600, -3.238815173949911100 ) ) ;
#343 = VERTEX_POINT ( 'NONE', #1312 ) ;
#344 = CARTESIAN_POINT ( 'NONE',  ( -0.3500000000000000300, -0.3996595591106602000, -0.4498519076669932900 ) ) ;
#345 = VERTEX_POINT ( 'NONE', #963 ) ;
#346 = LINE ( 'NONE', #4335, #126 ) ;
#347 = ORIENTED_EDGE ( 'NONE', *, *, #3178, .F. ) ;
#348 = CARTESIAN_POINT ( 'NONE',  ( -0.5000000000000000000, -0.7962889350209538800, -4.102746436074832900 ) ) ;
#349 = ORIENTED_EDGE ( 'NONE', *, *, #1718, .T. ) ;
#350 = CARTESIAN_POINT ( 'NONE',  ( 0.2898795043560418700, 2.207578482094469900, -2.957661126708377900 ) ) ;
#351 = DIRECTION ( 'NONE',  ( 0.0000000000000000000, 0.0000000000000000000, 1.000000000000000000 ) ) ;
#352 = FACE_OUTER_BOUND ( 'NONE', #2484, .T. ) ;
#353 = EDGE_CURVE ( 'NONE', #3651, #4035, #696, .T. ) ;
#354 = ADVANCED_FACE ( 'NONE', ( #748 ), #237, .T. ) ;
#355 = CARTESIAN_POINT ( 'NONE',  ( 0.1660638834219855500, -2.901752530697415000, 2.072834742867319500 ) ) ;
#356 = CONICAL_SURFACE ( 'NONE', #2546, 4.000000000000000000, 0.7853981633974497200 ) ;
#357 = ORIENTED_EDGE ( 'NONE', *, *, #2648, .T. ) ;
#358 = CARTESIAN_POINT ( 'NONE',  ( -0.5000000000000000000, 0.7962889350203270500, 4.102746436075196200 ) ) ;
#359 = DIRECTION ( 'NONE',  ( 0.0000000000000000000, -0.7846243504222615300, 0.6199714741215471800 ) ) ;
#360 = DIRECTION ( 'NONE',  ( -1.000000000000000000, -0.0000000000000000000, -0.0000000000000000000 ) ) ;
#361 = CARTESIAN_POINT ( 'NONE',  ( 3.800000000000008300, 2.485446697004100700, -3.134095518064408100 ) ) ;
#362 = VERTEX_POINT ( 'NONE', #1697 ) ;
#363 = EDGE_CURVE ( 'NONE', #3985, #3553, #1984, .T. ) ;
#364 = FACE_OUTER_BOUND ( 'NONE', #2749, .T. ) ;
#365 = LINE ( 'NONE', #3618, #3310 ) ;
#366 = DIRECTION ( 'NONE',  ( -1.000000000000000000, -0.0000000000000000000, -0.0000000000000000000 ) ) ;
#367 = CARTESIAN_POINT ( 'NONE',  ( 4.000000000000000000, -0.4370405398061911200, -3.774784174832509300 ) ) ;
#368 = ORIENTED_EDGE ( 'NONE', *, *, #4253, .F. ) ;
#369 = CARTESIAN_POINT ( 'NONE',  ( 0.1660638834212876100, 2.901752530696762200, -2.072834742867032200 ) ) ;
#370 = LINE ( 'NONE', #3634, #597 ) ;
#371 = EDGE_CURVE ( 'NONE', #2000, #1855, #1625, .T. ) ;
#372 = DIRECTION ( 'NONE',  ( -1.000000000000000000, 0.0000000000000000000, 0.0000000000000000000 ) ) ;
#373 = VECTOR ( 'NONE', #1088, 1000.000000000000000 ) ;
#374 = CONICAL_SURFACE ( 'NONE', #2500, 3.800000000000004700, 0.7853981633974482800 ) ;
#375 = AXIS2_PLACEMENT_3D ( 'NONE', #3107, #1251, #4581 ) ;
#376 = DIRECTION ( 'NONE',  ( -1.000000000000000000, 0.0000000000000000000, 0.0000000000000000000 ) ) ;
#377 = DIRECTION ( 'NONE',  ( 0.0000000000000000000, 0.1445988709998526900, -0.9894903569543100900 ) ) ;
#378 = VERTEX_POINT ( 'NONE', #1733 ) ;
#379 = ADVANCED_FACE ( 'NONE', ( #2685 ), #2106, .F. ) ;
#380 = CARTESIAN_POINT ( 'NONE',  ( -0.3551274711633997700, 0.0000000000000000000, 0.0000000000000000000 ) ) ;
#381 = DIRECTION ( 'NONE',  ( 0.01745240643728354600, 0.1445768478913950800, 0.9893396527802452700 ) ) ;
#382 = CARTESIAN_POINT ( 'NONE',  ( 0.4151494614775840800, 0.5209437925350147700, 3.780040442902156800 ) ) ;
#383 = VERTEX_POINT ( 'NONE', #4267 ) ;
#384 = CARTESIAN_POINT ( 'NONE',  ( 0.5770793052462341900, 2.511416229626959800, -3.083881472367695500 ) ) ;
#385 = CARTESIAN_POINT ( 'NONE',  ( -0.3500000000000000300, 1.528419420838835800, 1.529352418630502100 ) ) ;
#386 = CARTESIAN_POINT ( 'NONE',  ( 0.1660638834219181900, -2.072834742867097500, 2.901752530697490500 ) ) ;
#387 = EDGE_CURVE ( 'NONE', #3651, #232, #1033, .T. ) ;
#388 = CARTESIAN_POINT ( 'NONE',  ( 3.867028257739600700, 3.642505311931567100, -1.483918123383268600 ) ) ;
#389 = DIRECTION ( 'NONE',  ( 0.01745240643728355700, 0.9893396527802428300, 0.1445768478914127300 ) ) ;
#390 = CARTESIAN_POINT ( 'NONE',  ( 4.000000000000000000, 0.0000000000000000000, 0.0000000000000000000 ) ) ;
#391 = DIRECTION ( 'NONE',  ( 1.000000000000000000, -0.0000000000000000000, -0.0000000000000000000 ) ) ;
#392 = AXIS2_PLACEMENT_3D ( 'NONE', #3637, #725, #2454 ) ;
#393 = CARTESIAN_POINT ( 'NONE',  ( -0.5000000000000000000, -3.951227106437402300, 1.361766771557662200 ) ) ;
#394 = CARTESIAN_POINT ( 'NONE',  ( 4.000000000000000000, 0.0000000000000000000, 0.0000000000000000000 ) ) ;
#395 = EDGE_CURVE ( 'NONE', #3385, #3596, #4226, .T. ) ;
#396 = DIRECTION ( 'NONE',  ( 0.0000000000000000000, 0.0000000000000000000, -1.000000000000000000 ) ) ;
#397 = VERTEX_POINT ( 'NONE', #267 ) ;
#398 = VERTEX_POINT ( 'NONE', #3260 ) ;
#399 = CARTESIAN_POINT ( 'NONE',  ( 0.5414213562373099100, 0.6083319550974780600, 3.894192411760214700 ) ) ;
#400 = CARTESIAN_POINT ( 'NONE',  ( -0.3500000000000000300, -2.849667141383537100, -1.573566027540784800 ) ) ;
#401 = EDGE_LOOP ( 'NONE', ( #231, #3035, #2195, #1139 ) ) ;
#402 = ADVANCED_FACE ( 'NONE', ( #19 ), #3594, .T. ) ;
#403 = AXIS2_PLACEMENT_3D ( 'NONE', #614, #2417, #936 ) ;
#404 = VERTEX_POINT ( 'NONE', #686 ) ;
#405 = ORIENTED_EDGE ( 'NONE', *, *, #4627, .T. ) ;
#406 = CARTESIAN_POINT ( 'NONE',  ( 0.1660638834217368900, -2.901752530697613100, -2.072834742866614300 ) ) ;
#407 = ORIENTED_EDGE ( 'NONE', *, *, #1430, .F. ) ;
#408 = CARTESIAN_POINT ( 'NONE',  ( -0.3500000000000000300, 2.739334978862470100, 0.01330531019698044700 ) ) ;
#409 = CARTESIAN_POINT ( 'NONE',  ( 3.800000000000008300, -1.471482988029018600, -3.719507738389744600 ) ) ;
#410 = DIRECTION ( 'NONE',  ( -0.0000000000000000000, -0.9836988739639051000, -0.1798235951207325400 ) ) ;
#411 = LINE ( 'NONE', #4534, #2625 ) ;
#412 = CARTESIAN_POINT ( 'NONE',  ( 4.000000000000000000, 0.0000000000000000000, 0.0000000000000000000 ) ) ;
#413 = AXIS2_PLACEMENT_3D ( 'NONE', #1831, #4433, #2686 ) ;
#414 = PLANE ( 'NONE',  #4014 ) ;
#415 = FACE_OUTER_BOUND ( 'NONE', #4209, .T. ) ;
#416 = DIRECTION ( 'NONE',  ( -1.000000000000000000, -0.0000000000000000000, -0.0000000000000000000 ) ) ;
#417 = EDGE_LOOP ( 'NONE', ( #610, #3987, #850, #4407 ) ) ;
#418 = CARTESIAN_POINT ( 'NONE',  ( 3.800000000000008300, 1.471482988028434600, 3.719507738389975500 ) ) ;
#419 = CARTESIAN_POINT ( 'NONE',  ( -0.5000000000000000000, -2.849667141383537100, -1.573566027540784800 ) ) ;
#420 = EDGE_CURVE ( 'NONE', #2741, #1097, #726, .T. ) ;
#421 = VECTOR ( 'NONE', #3007, 1000.000000000000000 ) ;
#422 = FACE_OUTER_BOUND ( 'NONE', #2981, .T. ) ;
#423 = CARTESIAN_POINT ( 'NONE',  ( -0.3500000000000000300, -0.3733047737830299000, 0.7656339834756988900 ) ) ;
#424 = ORIENTED_EDGE ( 'NONE', *, *, #4133, .T. ) ;
#425 = CARTESIAN_POINT ( 'NONE',  ( 0.5414213562373106900, -3.676635533357617300, 1.420265278831987200 ) ) ;
#426 = VERTEX_POINT ( 'NONE', #1768 ) ;
#427 = CARTESIAN_POINT ( 'NONE',  ( -0.3500000000000000300, -0.3787953540596211100, 0.7352953352497012500 ) ) ;
#428 = LINE ( 'NONE', #2796, #1587 ) ;
#429 = FACE_OUTER_BOUND ( 'NONE', #1269, .T. ) ;
#430 = CARTESIAN_POINT ( 'NONE',  ( 0.1660638834214048000, 0.3442512798206560600, -3.549408778512891600 ) ) ;
#431 = EDGE_CURVE ( 'NONE', #3487, #23, #2102, .T. ) ;
#432 = ADVANCED_FACE ( 'NONE', ( #1238 ), #1051, .F. ) ;
#433 = FACE_OUTER_BOUND ( 'NONE', #2962, .T. ) ;
#434 = CARTESIAN_POINT ( 'NONE',  ( -0.3500000000000000300, 2.637210185717893100, 0.0002556054465696622700 ) ) ;
#435 = FACE_OUTER_BOUND ( 'NONE', #3285, .T. ) ;
#436 = DIRECTION ( 'NONE',  ( -1.000000000000000000, 0.0000000000000000000, 0.0000000000000000000 ) ) ;
#437 = AXIS2_PLACEMENT_3D ( 'NONE', #186, #569, #3504 ) ;
#438 = DIRECTION ( 'NONE',  ( 1.000000000000000000, -0.0000000000000000000, -0.0000000000000000000 ) ) ;
#439 = EDGE_CURVE ( 'NONE', #502, #1884, #1043, .T. ) ;
#440 = CARTESIAN_POINT ( 'NONE',  ( 4.000000000000000000, 1.508903877460431300, -3.487579259111527600 ) ) ;
#441 = VERTEX_POINT ( 'NONE', #659 ) ;
#442 = DIRECTION ( 'NONE',  ( -1.000000000000000000, -0.0000000000000000000, -0.0000000000000000000 ) ) ;
#443 = DIRECTION ( 'NONE',  ( 1.000000000000000000, 0.0000000000000000000, 0.0000000000000000000 ) ) ;
#444 = ORIENTED_EDGE ( 'NONE', *, *, #4217, .F. ) ;
#445 = VERTEX_POINT ( 'NONE', #1002 ) ;
#446 = CARTESIAN_POINT ( 'NONE',  ( 0.6828427124746188100, -3.742039477864324700, -1.413202231142060400 ) ) ;
#447 = CARTESIAN_POINT ( 'NONE',  ( 3.800000000000008300, -3.956929685032743600, 0.5854122203257072800 ) ) ;
#448 = VERTEX_POINT ( 'NONE', #3603 ) ;
#449 = AXIS2_PLACEMENT_3D ( 'NONE', #4115, #3709, #4089 ) ;
#450 = EDGE_LOOP ( 'NONE', ( #3469, #3563, #1999 ) ) ;
#451 = ORIENTED_EDGE ( 'NONE', *, *, #3820, .T. ) ;
#452 = CARTESIAN_POINT ( 'NONE',  ( 4.000000000000000000, -1.567166197742524900, 1.238297456974174300 ) ) ;
#453 = DIRECTION ( 'NONE',  ( 0.01745240643728355000, -0.1445768478913879700, -0.9893396527802463800 ) ) ;
#454 = EDGE_CURVE ( 'NONE', #4367, #1623, #1367, .T. ) ;
#455 = B_SPLINE_CURVE_WITH_KNOTS ( 'NONE', 3,
 ( #3702, #750, #818, #1864 ),
 .UNSPECIFIED., .F., .F.,
 ( 4, 4 ),
 ( 3.068613754421949700E-007, 0.0003088374797367498500 ),
 .UNSPECIFIED. ) ;
#456 = VERTEX_POINT ( 'NONE', #3966 ) ;
#457 = CARTESIAN_POINT ( 'NONE',  ( 0.6828427124746195800, 0.0000000000000000000, 0.0000000000000000000 ) ) ;
#458 = DIRECTION ( 'NONE',  ( 0.0000000000000000000, -0.9894903569543140900, -0.1445988709998251300 ) ) ;
#459 = ADVANCED_FACE ( 'NONE', ( #4463 ), #2542, .T. ) ;
#460 =( BOUNDED_CURVE ( )  B_SPLINE_CURVE ( 3, ( #2297, #4449, #819, #1553 ),
 .UNSPECIFIED., .F., .F. ) 
 B_SPLINE_CURVE_WITH_KNOTS ( ( 4, 4 ),
 ( 4.190563251158872400, 4.206184561331491900 ),
 .UNSPECIFIED. ) 
 CURVE ( )  GEOMETRIC_REPRESENTATION_ITEM ( )  RATIONAL_B_SPLINE_CURVE ( ( 1.000000000000000000, 0.9999796646590898300, 0.9999796646590898300, 1.000000000000000000 ) ) 
 REPRESENTATION_ITEM ( '' )  );
#461 = CARTESIAN_POINT ( 'NONE',  ( -0.3500000000000000300, -0.3787953540596211100, 0.7352953352497012500 ) ) ;
#462 = EDGE_CURVE ( 'NONE', #59, #846, #365, .T. ) ;
#463 = CARTESIAN_POINT ( 'NONE',  ( 0.6828427124746188100, 3.947302365365815500, 0.6471507060781416200 ) ) ;
#464 = ORIENTED_EDGE ( 'NONE', *, *, #1847, .T. ) ;
#465 = VERTEX_POINT ( 'NONE', #1789 ) ;
#466 = ORIENTED_EDGE ( 'NONE', *, *, #4512, .T. ) ;
#467 = DIRECTION ( 'NONE',  ( -1.000000000000000000, -0.0000000000000000000, -0.0000000000000000000 ) ) ;
#468 = EDGE_CURVE ( 'NONE', #4358, #3842, #525, .T. ) ;
#469 = ORIENTED_EDGE ( 'NONE', *, *, #1465, .F. ) ;
#470 = ORIENTED_EDGE ( 'NONE', *, *, #4575, .T. ) ;
#471 = VECTOR ( 'NONE', #2131, 1000.000000000000000 ) ;
#472 = ORIENTED_EDGE ( 'NONE', *, *, #4027, .F. ) ;
#473 = CARTESIAN_POINT ( 'NONE',  ( -0.3500000000000000300, -2.849667141383537100, 1.574077238433924100 ) ) ;
#474 = DIRECTION ( 'NONE',  ( 0.0000000000000000000, 0.0000000000000000000, 1.000000000000000000 ) ) ;
#475 = AXIS2_PLACEMENT_3D ( 'NONE', #4776, #391, #4071 ) ;
#476 = EDGE_CURVE ( 'NONE', #2575, #4120, #4114, .T. ) ;
#477 = LINE ( 'NONE', #3018, #1690 ) ;
#478 = DIRECTION ( 'NONE',  ( -1.000000000000000000, 0.0000000000000000000, 0.0000000000000000000 ) ) ;
#479 = CARTESIAN_POINT ( 'NONE',  ( -0.3500000000000000300, 1.515744267301090400, -2.735389839122410300 ) ) ;
#480 = LINE ( 'NONE', #3420, #3303 ) ;
#481 = FACE_OUTER_BOUND ( 'NONE', #1961, .T. ) ;
#482 = ORIENTED_EDGE ( 'NONE', *, *, #4790, .T. ) ;
#483 = PRODUCT_DEFINITION ( 'UNKNOWN', '', #721, #3810 ) ;
#484 = VERTEX_POINT ( 'NONE', #2966 ) ;
#485 = CARTESIAN_POINT ( 'NONE',  ( -0.3500000000000000300, -2.849667141383537100, 0.0002556054465696622700 ) ) ;
#486 = CARTESIAN_POINT ( 'NONE',  ( -0.5000000000000000000, 2.849155096921835600, 0.0002556054465696622700 ) ) ;
#487 = LINE ( 'NONE', #1798, #3205 ) ;
#488 = LINE ( 'NONE', #3357, #650 ) ;
#489 = B_SPLINE_CURVE_WITH_KNOTS ( 'NONE', 3,
 ( #4423, #384, #2634, #2669 ),
 .UNSPECIFIED., .F., .F.,
 ( 4, 4 ),
 ( 2.994722214304385600E-007, 0.0001603664431302765300 ),
 .UNSPECIFIED. ) ;
#490 = DIRECTION ( 'NONE',  ( 0.7071067811865465700, 8.659560562354946400E-017, 0.7071067811865485700 ) ) ;
#491 = EDGE_CURVE ( 'NONE', #2532, #2373, #3097, .T. ) ;
#492 = ORIENTED_EDGE ( 'NONE', *, *, #1093, .F. ) ;
#493 = DIRECTION ( 'NONE',  ( -1.000000000000000000, 0.0000000000000000000, 0.0000000000000000000 ) ) ;
#494 = LINE ( 'NONE', #3401, #2239 ) ;
#495 = CARTESIAN_POINT ( 'NONE',  ( 0.5414213562373106900, -3.068303578260410900, -2.473927132928113200 ) ) ;
#496 = CARTESIAN_POINT ( 'NONE',  ( -0.3500000000000000300, -0.4344076966130562800, -0.4383779146962940600 ) ) ;
#497 = VECTOR ( 'NONE', #3149, 1000.000000000000000 ) ;
#498 = EDGE_CURVE ( 'NONE', #2420, #1233, #2353, .T. ) ;
#499 = ORIENTED_EDGE ( 'NONE', *, *, #1136, .F. ) ;
#500 = FACE_OUTER_BOUND ( 'NONE', #2541, .T. ) ;
#501 = DIRECTION ( 'NONE',  ( -1.000000000000000000, -0.0000000000000000000, -0.0000000000000000000 ) ) ;
#502 = VERTEX_POINT ( 'NONE', #4053 ) ;
#503 = PLANE ( 'NONE',  #1015 ) ;
#504 = ORIENTED_EDGE ( 'NONE', *, *, #1796, .F. ) ;
#505 = AXIS2_PLACEMENT_3D ( 'NONE', #728, #3331, #697 ) ;
#506 = CARTESIAN_POINT ( 'NONE',  ( 3.800000000000015400, 3.956929685032730700, 0.5854122203257979800 ) ) ;
#507 = ADVANCED_FACE ( 'NONE', ( #884 ), #2046, .T. ) ;
#508 = DIRECTION ( 'NONE',  ( -0.0000000000000000000, -0.1793584804138707000, -0.9837837849363176800 ) ) ;
#509 = VERTEX_POINT ( 'NONE', #3300 ) ;
#510 = VERTEX_POINT ( 'NONE', #4393 ) ;
#511 = AXIS2_PLACEMENT_3D ( 'NONE', #1724, #1006, #4669 ) ;
#512 = CARTESIAN_POINT ( 'NONE',  ( 2.765540635663435300, 0.6060165718055605700, -3.953881352080603800 ) ) ;
#513 = CARTESIAN_POINT ( 'NONE',  ( 0.5414213562373099100, 2.473927132928420500, 3.068303578260164400 ) ) ;
#514 = CARTESIAN_POINT ( 'NONE',  ( -0.5000000000000000000, -1.574124474119790000, 2.849705030973278300 ) ) ;
#515 = EDGE_CURVE ( 'NONE', #1820, #3164, #1899, .T. ) ;
#516 = ORIENTED_EDGE ( 'NONE', *, *, #1038, .T. ) ;
#517 = VERTEX_POINT ( 'NONE', #1472 ) ;
#518 = CARTESIAN_POINT ( 'NONE',  ( 1.726467076573296300, -0.6265964855568299000, -3.950672180265220000 ) ) ;
#519 = DIRECTION ( 'NONE',  ( -0.0000000000000000000, 0.8660254037844291600, 0.5000000000000164300 ) ) ;
#520 = EDGE_CURVE ( 'NONE', #2384, #3731, #3878, .T. ) ;
#521 = EDGE_LOOP ( 'NONE', ( #2072, #1500, #571, #1374 ) ) ;
#522 = ORIENTED_EDGE ( 'NONE', *, *, #3430, .T. ) ;
#523 = ORIENTED_EDGE ( 'NONE', *, *, #918, .T. ) ;
#524 = ORIENTED_EDGE ( 'NONE', *, *, #132, .F. ) ;
#525 = B_SPLINE_CURVE_WITH_KNOTS ( 'NONE', 3,
 ( #4725, #3984, #1807, #4678 ),
 .UNSPECIFIED., .F., .F.,
 ( 4, 4 ),
 ( 3.068613754348117600E-007, 0.0003088374797367246900 ),
 .UNSPECIFIED. ) ;
#526 = CARTESIAN_POINT ( 'NONE',  ( -0.3500000000000000300, -0.0006348297072971131900, -0.04849563989301497500 ) ) ;
#527 = VERTEX_POINT ( 'NONE', #2934 ) ;
#528 = AXIS2_PLACEMENT_3D ( 'NONE', #380, #1127, #734 ) ;
#529 = CARTESIAN_POINT ( 'NONE',  ( -0.3500000000000000300, -0.0003022024523184896300, -2.849192986511581700 ) ) ;
#530 = FACE_OUTER_BOUND ( 'NONE', #3062, .T. ) ;
#531 = EDGE_CURVE ( 'NONE', #828, #4154, #188, .T. ) ;
#532 = DIRECTION ( 'NONE',  ( -0.0000000000000000000, -0.1793584804138707000, -0.9837837849363176800 ) ) ;
#533 = CARTESIAN_POINT ( 'NONE',  ( 0.5770714368074101300, -3.926420698961918800, 0.6330040727085124400 ) ) ;
#534 = DIRECTION ( 'NONE',  ( -1.000000000000000000, -0.0000000000000000000, -0.0000000000000000000 ) ) ;
#535 = ORIENTED_EDGE ( 'NONE', *, *, #1788, .F. ) ;
#536 = AXIS2_PLACEMENT_3D ( 'NONE', #333, #3656, #2213 ) ;
#537 = LINE ( 'NONE', #1165, #421 ) ;
#538 = FACE_OUTER_BOUND ( 'NONE', #3561, .T. ) ;
#539 = ORIENTED_EDGE ( 'NONE', *, *, #2466, .F. ) ;
#540 = EDGE_LOOP ( 'NONE', ( #1783, #2683, #3943, #3792 ) ) ;
#541 = CARTESIAN_POINT ( 'NONE',  ( -0.5000000000000000000, 2.733308109349561900, -1.517493141288927600 ) ) ;
#542 = PLANE ( 'NONE',  #1084 ) ;
#543 = FACE_OUTER_BOUND ( 'NONE', #4254, .T. ) ;
#544 = CIRCLE ( 'NONE', #2490, 3.800000000000004700 ) ;
#545 = B_SPLINE_CURVE_WITH_KNOTS ( 'NONE', 3,
 ( #1288, #1652, #533, #3902 ),
 .UNSPECIFIED., .F., .F.,
 ( 4, 4 ),
 ( 1.970706030752951600E-007, 0.0001600763227398603500 ),
 .UNSPECIFIED. ) ;
#546 = CARTESIAN_POINT ( 'NONE',  ( -0.3500000000000000300, 2.637210185717893100, 0.0002556054465698356900 ) ) ;
#547 = VECTOR ( 'NONE', #1885, 1000.000000000000000 ) ;
#548 = CARTESIAN_POINT ( 'NONE',  ( -0.3500000000000000300, 0.01382859365527111500, 2.737314129590612900 ) ) ;
#549 = EDGE_CURVE ( 'NONE', #558, #898, #2869, .T. ) ;
#550 = FACE_OUTER_BOUND ( 'NONE', #3124, .T. ) ;
#551 = DIRECTION ( 'NONE',  ( 0.0000000000000000000, -8.881784197001252300E-015, -1.000000000000000000 ) ) ;
#552 = CARTESIAN_POINT ( 'NONE',  ( 0.0000000000000000000, 0.0000000000000000000, 3.399999999999998100 ) ) ;
#553 = VERTEX_POINT ( 'NONE', #715 ) ;
#554 = AXIS2_PLACEMENT_3D ( 'NONE', #3591, #3956, #2898 ) ;
#555 = EDGE_CURVE ( 'NONE', #2478, #2970, #2408, .T. ) ;
#556 = DIRECTION ( 'NONE',  ( 0.0000000000000000000, -0.3695188828327350400, -0.9292232214220904600 ) ) ;
#557 = ORIENTED_EDGE ( 'NONE', *, *, #3524, .T. ) ;
#558 = VERTEX_POINT ( 'NONE', #2285 ) ;
#559 = CARTESIAN_POINT ( 'NONE',  ( -0.5000000000000000000, -0.0006348297072971131900, 0.04897280067591314200 ) ) ;
#560 = CARTESIAN_POINT ( 'NONE',  ( -0.3500000000000000300, 1.528419420838835800, 1.529352418630502100 ) ) ;
#561 = CARTESIAN_POINT ( 'NONE',  ( 0.6828427124746195800, 3.947302365365815500, -0.6471507060781417400 ) ) ;
#562 = VERTEX_POINT ( 'NONE', #447 ) ;
#563 = ORIENTED_EDGE ( 'NONE', *, *, #2366, .F. ) ;
#564 = CARTESIAN_POINT ( 'NONE',  ( 0.6828427124746195800, 0.0000000000000000000, 0.0000000000000000000 ) ) ;
#565 = PLANE ( 'NONE',  #3165 ) ;
#566 = CARTESIAN_POINT ( 'NONE',  ( 0.1660638834216864900, -2.072834742867472300, -2.901752530696938100 ) ) ;
#567 = AXIS2_PLACEMENT_3D ( 'NONE', #3982, #732, #671 ) ;
#568 = EDGE_CURVE ( 'NONE', #3044, #806, #1531, .T. ) ;
#569 = DIRECTION ( 'NONE',  ( 1.000000000000000000, -0.0000000000000000000, -0.0000000000000000000 ) ) ;
#570 = ORIENTED_EDGE ( 'NONE', *, *, #268, .T. ) ;
#571 = ORIENTED_EDGE ( 'NONE', *, *, #4673, .T. ) ;
#572 = ORIENTED_EDGE ( 'NONE', *, *, #177, .T. ) ;
#573 = CARTESIAN_POINT ( 'NONE',  ( 0.6828427124746188100, -1.413202231142562000, 3.742039477864135000 ) ) ;
#574 = ORIENTED_EDGE ( 'NONE', *, *, #2305, .F. ) ;
#575 = ORIENTED_EDGE ( 'NONE', *, *, #4636, .T. ) ;
#576 = FACE_BOUND ( 'NONE', #4205, .T. ) ;
#577 = ORIENTED_EDGE ( 'NONE', *, *, #4420, .T. ) ;
#578 = EDGE_CURVE ( 'NONE', #908, #4375, #4339, .T. ) ;
#579 = CARTESIAN_POINT ( 'NONE',  ( -0.3500000000000000300, -1.594988679170833400, 1.584053920734950400 ) ) ;
#580 = CARTESIAN_POINT ( 'NONE',  ( 0.6828427124689098200, -1.413202231138590600, -3.742039477892459900 ) ) ;
#581 = DIRECTION ( 'NONE',  ( 0.0000000000000000000, 0.1791533693458481900, 0.9838211576562225800 ) ) ;
#582 = VECTOR ( 'NONE', #1900, 1000.000000000000000 ) ;
#583 = DIRECTION ( 'NONE',  ( -1.000000000000000000, -0.0000000000000000000, -0.0000000000000000000 ) ) ;
#584 = AXIS2_PLACEMENT_3D ( 'NONE', #1021, #251, #4691 ) ;
#585 = EDGE_CURVE ( 'NONE', #212, #3929, #1947, .T. ) ;
#586 = VECTOR ( 'NONE', #3439, 1000.000000000000200 ) ;
#587 = LINE ( 'NONE', #427, #245 ) ;
#588 = ORIENTED_EDGE ( 'NONE', *, *, #3118, .F. ) ;
#589 = DIRECTION ( 'NONE',  ( 1.000000000000000000, 0.0000000000000000000, 0.0000000000000000000 ) ) ;
#590 = ORIENTED_EDGE ( 'NONE', *, *, #4673, .F. ) ;
#591 = DIRECTION ( 'NONE',  ( -1.000000000000000000, -0.0000000000000000000, -0.0000000000000000000 ) ) ;
#593 = B_SPLINE_CURVE_WITH_KNOTS ( 'NONE', 3,
 ( #2311, #4106, #80, #1534 ),
 .UNSPECIFIED., .F., .F.,
 ( 4, 4 ),
 ( 3.068613754342805600E-007, 0.0003088374797367452400 ),
 .UNSPECIFIED. ) ;
#592 = LINE ( 'NONE', #2748, #4232 ) ;
#594 = LINE ( 'NONE', #275, #1181 ) ;
#595 = CARTESIAN_POINT ( 'NONE',  ( -0.3500000000000000300, -1.594988679170833400, 1.584053920734950400 ) ) ;
#596 = ORIENTED_EDGE ( 'NONE', *, *, #3586, .T. ) ;
#597 = VECTOR ( 'NONE', #1112, 1000.000000000000100 ) ;
#598 = CARTESIAN_POINT ( 'NONE',  ( 2.765540635663494800, -1.452114929742184900, 3.727169980354206200 ) ) ;
#599 = DIRECTION ( 'NONE',  ( 0.0000000000000000000, 0.0000000000000000000, -1.000000000000000000 ) ) ;
#600 = ADVANCED_FACE ( 'NONE', ( #253 ), #3384, .F. ) ;
#601 = B_SPLINE_CURVE_WITH_KNOTS ( 'NONE', 3,
 ( #767, #4105, #3371, #2294 ),
 .UNSPECIFIED., .F., .F.,
 ( 4, 4 ),
 ( 2.994722188196948200E-007, 0.0001603664431276508400 ),
 .UNSPECIFIED. ) ;
#602 = CARTESIAN_POINT ( 'NONE',  ( -0.5000000000000000000, -3.154938171417183600, -2.740979664517277500 ) ) ;
#603 = DIRECTION ( 'NONE',  ( 0.0000000000000000000, -0.0000000000000000000, -1.000000000000000000 ) ) ;
#604 = EDGE_CURVE ( 'NONE', #3790, #3238, #1340, .T. ) ;
#605 = DIRECTION ( 'NONE',  ( 1.000000000000000000, -0.0000000000000000000, -0.0000000000000000000 ) ) ;
#606 = ORIENTED_EDGE ( 'NONE', *, *, #4200, .T. ) ;
#607 = LINE ( 'NONE', #3931, #2183 ) ;
#608 = EDGE_CURVE ( 'NONE', #2543, #4497, #4698, .T. ) ;
#609 = DIRECTION ( 'NONE',  ( -0.0000000000000000000, 0.1794452163547132200, -0.9837679677278632400 ) ) ;
#610 = ORIENTED_EDGE ( 'NONE', *, *, #1541, .T. ) ;
#611 = ORIENTED_EDGE ( 'NONE', *, *, #1616, .T. ) ;
#612 = DIRECTION ( 'NONE',  ( -0.0000000000000000000, 0.5690646853558800600, -0.8222927604453375000 ) ) ;
#613 = AXIS2_PLACEMENT_3D ( 'NONE', #684, #4734, #2508 ) ;
#615 = ORIENTED_EDGE ( 'NONE', *, *, #1673, .F. ) ;
#614 = CARTESIAN_POINT ( 'NONE',  ( -0.3500000000000000300, 1.530087876240711500, -1.524891394949245100 ) ) ;
#616 = EDGE_CURVE ( 'NONE', #2188, #3125, #2983, .T. ) ;
#617 = CARTESIAN_POINT ( 'NONE',  ( 3.800000000000008300, -0.5854122203255668300, 3.956929685032764400 ) ) ;
#618 = EDGE_LOOP ( 'NONE', ( #4246, #347, #4125, #4139 ) ) ;
#619 = DIRECTION ( 'NONE',  ( -0.0000000000000000000, 0.9837679677278632400, 0.1794452163547132200 ) ) ;
#620 = AXIS2_PLACEMENT_3D ( 'NONE', #4299, #2509, #3965 ) ;
#621 = DIRECTION ( 'NONE',  ( 0.0000000000000000000, 0.0000000000000000000, 1.000000000000000000 ) ) ;
#622 = ADVANCED_FACE ( 'NONE', ( #538 ), #2998, .F. ) ;
#623 = DIRECTION ( 'NONE',  ( -1.000000000000000000, -0.0000000000000000000, -0.0000000000000000000 ) ) ;
#624 = DIRECTION ( 'NONE',  ( -1.000000000000000000, -0.0000000000000000000, -0.0000000000000000000 ) ) ;
#625 = VERTEX_POINT ( 'NONE', #1449 ) ;
#626 = CARTESIAN_POINT ( 'NONE',  ( -0.3500000000000000300, -2.739855535851734000, 0.01426722581132477800 ) ) ;
#627 = VERTEX_POINT ( 'NONE', #2265 ) ;
#628 = CARTESIAN_POINT ( 'NONE',  ( -0.5000000000000000000, 2.733308109349561900, -1.517493141288927600 ) ) ;
#629 = CARTESIAN_POINT ( 'NONE',  ( 1.726467076573366100, -0.6265964855562120600, 3.950672180265318200 ) ) ;
#630 = ORIENTED_EDGE ( 'NONE', *, *, #4344, .F. ) ;
#631 = DIRECTION ( 'NONE',  ( 0.0000000000000000000, 0.0000000000000000000, 1.000000000000000000 ) ) ;
#632 = ORIENTED_EDGE ( 'NONE', *, *, #676, .T. ) ;
#633 = ORIENTED_EDGE ( 'NONE', *, *, #1579, .F. ) ;
#634 = ORIENTED_EDGE ( 'NONE', *, *, #1338, .F. ) ;
#635 = EDGE_CURVE ( 'NONE', #1097, #527, #2633, .T. ) ;
#636 = EDGE_LOOP ( 'NONE', ( #2718, #2267, #4087, #1152 ) ) ;
#637 = ORIENTED_EDGE ( 'NONE', *, *, #3400, .F. ) ;
#638 = CARTESIAN_POINT ( 'NONE',  ( 3.800000000000008300, 2.485446697004100700, -3.134095518064408100 ) ) ;
#639 = CIRCLE ( 'NONE', #901, 4.000000000000000000 ) ;
#640 = CARTESIAN_POINT ( 'NONE',  ( 4.000000000000000000, -3.616330382358850400, -0.3118381658954941200 ) ) ;
#641 = AXIS2_PLACEMENT_3D ( 'NONE', #4655, #3936, #1740 ) ;
#642 = EDGE_CURVE ( 'NONE', #4736, #397, #1455, .T. ) ;
#643 = DIRECTION ( 'NONE',  ( -1.000000000000000000, -0.0000000000000000000, -0.0000000000000000000 ) ) ;
#644 = DIRECTION ( 'NONE',  ( 0.0000000000000000000, 0.7068921169545430100, -0.7073213802703299800 ) ) ;
#645 = ADVANCED_FACE ( 'NONE', ( #3368 ), #731, .F. ) ;
#646 = ORIENTED_EDGE ( 'NONE', *, *, #4165, .F. ) ;
#647 = CARTESIAN_POINT ( 'NONE',  ( -0.3500000000000000300, -0.3787953540596211100, 0.7352953352497012500 ) ) ;
#648 = PLANE ( 'NONE',  #3136 ) ;
#649 = CYLINDRICAL_SURFACE ( 'NONE', #511, 4.000000000000000000 ) ;
#650 = VECTOR ( 'NONE', #1513, 1000.000000000000000 ) ;
#651 = ORIENTED_EDGE ( 'NONE', *, *, #2648, .F. ) ;
#652 = AXIS2_PLACEMENT_3D ( 'NONE', #1381, #3213, #1742 ) ;
#653 = CARTESIAN_POINT ( 'NONE',  ( -0.3500000000000000300, 0.3764020410070223500, 0.7637271773021223600 ) ) ;
#654 = CARTESIAN_POINT ( 'NONE',  ( -0.3500000000000000300, 1.530087876240711500, -1.524891394949245100 ) ) ;
#655 = ORIENTED_EDGE ( 'NONE', *, *, #3336, .F. ) ;
#656 = ORIENTED_EDGE ( 'NONE', *, *, #122, .T. ) ;
#657 = LINE ( 'NONE', #4207, #3258 ) ;
#658 = CIRCLE ( 'NONE', #160, 4.000000000000000000 ) ;
#659 = CARTESIAN_POINT ( 'NONE',  ( -0.5000000000000000000, 0.4498906914377232000, -0.3988116865945969800 ) ) ;
#660 = CARTESIAN_POINT ( 'NONE',  ( 0.6828427124689098200, -1.413202231138590600, -3.742039477892459900 ) ) ;
#661 = FACE_OUTER_BOUND ( 'NONE', #3353, .T. ) ;
#662 = AXIS2_PLACEMENT_3D ( 'NONE', #1840, #4410, #2222 ) ;
#663 = LINE ( 'NONE', #2651, #3155 ) ;
#664 = CARTESIAN_POINT ( 'NONE',  ( 3.867028257739602900, 3.642505311931510300, 1.483918123383402900 ) ) ;
#665 = DIRECTION ( 'NONE',  ( -0.0000000000000000000, 0.7060705183832675100, 0.7081415275705724700 ) ) ;
#666 = CARTESIAN_POINT ( 'NONE',  ( -0.5000000000000000000, 0.01196371108239514800, -2.741995560509439900 ) ) ;
#667 = CARTESIAN_POINT ( 'NONE',  ( -0.4939148480512971000, -1.465981943811097000, 3.238817040171814800 ) ) ;
#668 = EDGE_LOOP ( 'NONE', ( #3063, #880, #1337, #3558 ) ) ;
#669 = EDGE_CURVE ( 'NONE', #441, #2609, #1515, .T. ) ;
#670 = CARTESIAN_POINT ( 'NONE',  ( 0.5414213562373281200, 3.676635533357766500, 1.420265278831660500 ) ) ;
#671 = DIRECTION ( 'NONE',  ( 0.0000000000000000000, 0.0000000000000000000, -1.000000000000000000 ) ) ;
#672 = ORIENTED_EDGE ( 'NONE', *, *, #2017, .T. ) ;
#673 = VERTEX_POINT ( 'NONE', #3681 ) ;
#674 = DIRECTION ( 'NONE',  ( 0.0000000000000000000, 0.9837610585915934600, 0.1794830900077978900 ) ) ;
#675 = ADVANCED_FACE ( 'NONE', ( #1881 ), #3263, .T. ) ;
#676 = EDGE_CURVE ( 'NONE', #3443, #2373, #2751, .T. ) ;
#677 = ORIENTED_EDGE ( 'NONE', *, *, #2909, .T. ) ;
#678 = ORIENTED_EDGE ( 'NONE', *, *, #322, .T. ) ;
#679 = CARTESIAN_POINT ( 'NONE',  ( 4.000000000000000000, 3.487579259111270900, 1.508903877461024800 ) ) ;
#680 = ORIENTED_EDGE ( 'NONE', *, *, #1325, .F. ) ;
#681 = AXIS2_PLACEMENT_3D ( 'NONE', #1148, #1523, #2572 ) ;
#682 = EDGE_CURVE ( 'NONE', #2866, #1403, #3846, .T. ) ;
#683 = DIRECTION ( 'NONE',  ( 0.0000000000000000000, 0.0000000000000000000, 1.000000000000000000 ) ) ;
#684 = CARTESIAN_POINT ( 'NONE',  ( -0.5000000000000000000, 0.0000000000000000000, 0.0000000000000000000 ) ) ;
#685 = DIRECTION ( 'NONE',  ( -1.000000000000000000, 0.0000000000000000000, 0.0000000000000000000 ) ) ;
#686 = CARTESIAN_POINT ( 'NONE',  ( -0.5000000000000000000, -1.528480301339826900, -1.531786542273332300 ) ) ;
#687 = B_SPLINE_CURVE_WITH_KNOTS ( 'NONE', 3,
 ( #3778, #3445, #1988, #87 ),
 .UNSPECIFIED., .F., .F.,
 ( 4, 4 ),
 ( 1.970706030393158500E-007, 0.0001600763227398259600 ),
 .UNSPECIFIED. ) ;
#688 = AXIS2_PLACEMENT_3D ( 'NONE', #4434, #2976, #1119 ) ;
#689 = EDGE_LOOP ( 'NONE', ( #2915, #4421, #3579, #3573 ) ) ;
#690 = ORIENTED_EDGE ( 'NONE', *, *, #177, .F. ) ;
#691 = ORIENTED_EDGE ( 'NONE', *, *, #3103, .F. ) ;
#692 = EDGE_CURVE ( 'NONE', #110, #426, #2453, .T. ) ;
#693 = EDGE_LOOP ( 'NONE', ( #1101, #727, #1985, #3000 ) ) ;
#694 = CARTESIAN_POINT ( 'NONE',  ( -0.5000000000000000000, 0.4498906914377232000, -0.3988116865945969800 ) ) ;
#695 = VERTEX_POINT ( 'NONE', #1935 ) ;
#696 = LINE ( 'NONE', #2829, #4384 ) ;
#697 = DIRECTION ( 'NONE',  ( 0.0000000000000000000, 0.0000000000000000000, -1.000000000000000000 ) ) ;
#698 = PLANE ( 'NONE',  #1261 ) ;
#699 = EDGE_CURVE ( 'NONE', #2766, #2464, #488, .T. ) ;
#700 = LINE ( 'NONE', #3897, #3870 ) ;
#701 = CARTESIAN_POINT ( 'NONE',  ( -0.4940862277298009900, -2.071906622146338700, 2.888982809804987900 ) ) ;
#702 = FACE_OUTER_BOUND ( 'NONE', #4255, .T. ) ;
#703 = ORIENTED_EDGE ( 'NONE', *, *, #4647, .F. ) ;
#704 = VERTEX_POINT ( 'NONE', #802 ) ;
#705 = EDGE_CURVE ( 'NONE', #4266, #3925, #140, .T. ) ;
#706 = VECTOR ( 'NONE', #1702, 1000.000000000000000 ) ;
#707 = VECTOR ( 'NONE', #22, 999.9999999999998900 ) ;
#708 = CARTESIAN_POINT ( 'NONE',  ( 0.4151494614775869100, -0.5209437925352054000, 3.780040442902132800 ) ) ;
#709 = ORIENTED_EDGE ( 'NONE', *, *, #2390, .T. ) ;
#710 = VECTOR ( 'NONE', #1903, 1000.000000000000000 ) ;
#711 = DIRECTION ( 'NONE',  ( 0.0000000000000000000, -0.9894903569543140900, -0.1445988709998251300 ) ) ;
#712 = DIRECTION ( 'NONE',  ( -0.0000000000000000000, 0.7091939159362379300, -0.7050134676720895000 ) ) ;
#713 = CARTESIAN_POINT ( 'NONE',  ( -0.3500000000000000300, 0.7337409229461024900, 0.3800760726732069800 ) ) ;
#714 = EDGE_CURVE ( 'NONE', #2851, #4367, #1997, .T. ) ;
#715 = CARTESIAN_POINT ( 'NONE',  ( 3.999999999999998200, -1.538105417644062300, 3.287753062548223400 ) ) ;
#716 = ADVANCED_FACE ( 'NONE', ( #422 ), #111, .F. ) ;
#717 = VECTOR ( 'NONE', #745, 1000.000000000000000 ) ;
#718 = CARTESIAN_POINT ( 'NONE',  ( -0.3500000000000000300, 1.528419420838835800, 1.529352418630502100 ) ) ;
#719 = ORIENTED_EDGE ( 'NONE', *, *, #4141, .F. ) ;
#720 = LINE ( 'NONE', #3066, #4543 ) ;
#721 = PRODUCT_DEFINITION_FORMATION_WITH_SPECIFIED_SOURCE ( 'ANY', '', #2903, .NOT_KNOWN. ) ;
#722 = CARTESIAN_POINT ( 'NONE',  ( -0.5000000000000000000, 0.4369261119629237500, 0.4343604609271908800 ) ) ;
#723 = ORIENTED_EDGE ( 'NONE', *, *, #56, .F. ) ;
#724 = ORIENTED_EDGE ( 'NONE', *, *, #3015, .F. ) ;
#725 = DIRECTION ( 'NONE',  ( 0.01745240643728355000, 0.3694626033171611900, 0.9290816962246398700 ) ) ;
#726 = B_SPLINE_CURVE_WITH_KNOTS ( 'NONE', 3,
 ( #638, #2914, #4360, #2169 ),
 .UNSPECIFIED., .F., .F.,
 ( 4, 4 ),
 ( 3.068613754342220100E-007, 0.0003088374797367248000 ),
 .UNSPECIFIED. ) ;
#727 = ORIENTED_EDGE ( 'NONE', *, *, #4447, .T. ) ;
#728 = CARTESIAN_POINT ( 'NONE',  ( 0.6000000000000007500, 0.0000000000000000000, 0.0000000000000000000 ) ) ;
#729 = EDGE_CURVE ( 'NONE', #4497, #441, #990, .T. ) ;
#730 = CARTESIAN_POINT ( 'NONE',  ( -0.3500000000000000300, -0.04942863768468952500, 0.0001279175331589943200 ) ) ;
#731 = PLANE ( 'NONE',  #1795 ) ;
#732 = DIRECTION ( 'NONE',  ( -1.000000000000000000, 0.0000000000000000000, 0.0000000000000000000 ) ) ;
#733 = ORIENTED_EDGE ( 'NONE', *, *, #1987, .F. ) ;
#734 = DIRECTION ( 'NONE',  ( 0.0000000000000000000, 0.0000000000000000000, -1.000000000000000000 ) ) ;
#735 = CARTESIAN_POINT ( 'NONE',  ( 0.6828427124689098200, 3.742039477892668200, -1.413202231138037700 ) ) ;
#736 = DIRECTION ( 'NONE',  ( 0.0000000000000000000, 0.0000000000000000000, 1.000000000000000000 ) ) ;
#737 = ADVANCED_FACE ( 'NONE', ( #1760 ), #3252, .T. ) ;
#738 = CARTESIAN_POINT ( 'NONE',  ( 0.1660638834214048000, 0.3442512798206560600, -3.549408778512891600 ) ) ;
#739 = CARTESIAN_POINT ( 'NONE',  ( -0.5000000000000000000, -1.517345915290555100, -2.734393873397825000 ) ) ;
#740 = CARTESIAN_POINT ( 'NONE',  ( 4.000000000000000000, 0.0000000000000000000, 0.0000000000000000000 ) ) ;
#741 = VERTEX_POINT ( 'NONE', #89 ) ;
#742 = ORIENTED_EDGE ( 'NONE', *, *, #822, .T. ) ;
#743 = DIRECTION ( 'NONE',  ( 0.0000000000000000000, 0.1765352089688959300, -0.9842943258976495400 ) ) ;
#744 = B_SPLINE_CURVE_WITH_KNOTS ( 'NONE', 3,
 ( #4082, #3680, #4048, #41 ),
 .UNSPECIFIED., .F., .F.,
 ( 4, 4 ),
 ( 3.103214057020579700E-007, 0.0003088409397669866700 ),
 .UNSPECIFIED. ) ;
#745 = DIRECTION ( 'NONE',  ( -0.9998119760941958100, 0.01934002534276621800, 0.001405659404126864200 ) ) ;
#746 = ORIENTED_EDGE ( 'NONE', *, *, #3056, .T. ) ;
#747 = ORIENTED_EDGE ( 'NONE', *, *, #608, .F. ) ;
#748 = FACE_OUTER_BOUND ( 'NONE', #3814, .T. ) ;
#749 = VERTEX_POINT ( 'NONE', #71 ) ;
#750 = CARTESIAN_POINT ( 'NONE',  ( 3.867028257739605100, -3.106363447952238800, -2.412543071860324700 ) ) ;
#751 = ORIENTED_EDGE ( 'NONE', *, *, #1699, .F. ) ;
#752 = ORIENTED_EDGE ( 'NONE', *, *, #3827, .F. ) ;
#753 = DIRECTION ( 'NONE',  ( -1.000000000000000000, -0.0000000000000000000, -0.0000000000000000000 ) ) ;
#754 = FACE_OUTER_BOUND ( 'NONE', #3029, .T. ) ;
#755 = EDGE_CURVE ( 'NONE', #2597, #3929, #777, .T. ) ;
#756 = CARTESIAN_POINT ( 'NONE',  ( 4.000000000000000000, 0.0000000000000000000, 0.0000000000000000000 ) ) ;
#757 = FACE_OUTER_BOUND ( 'NONE', #618, .T. ) ;
#758 = CARTESIAN_POINT ( 'NONE',  ( -0.3500000000000000300, -0.3751349672085616500, -0.7633777044326348600 ) ) ;
#759 = DIRECTION ( 'NONE',  ( 0.0000000000000000000, -0.1445988709998463600, 0.9894903569543110900 ) ) ;
#760 = CARTESIAN_POINT ( 'NONE',  ( 4.000000000000000000, -0.3118381658963737000, -3.616330382358415600 ) ) ;
#761 = EDGE_LOOP ( 'NONE', ( #4173, #4030, #2809, #655 ) ) ;
#762 = EDGE_CURVE ( 'NONE', #4316, #4375, #3016, .T. ) ;
#763 = FACE_OUTER_BOUND ( 'NONE', #2036, .T. ) ;
#764 = VECTOR ( 'NONE', #490, 1000.000000000000000 ) ;
#765 = VERTEX_POINT ( 'NONE', #886 ) ;
#766 = ADVANCED_FACE ( 'NONE', ( #2514 ), #3822, .T. ) ;
#767 = CARTESIAN_POINT ( 'NONE',  ( 0.5414213562373105800, -3.894192411760255500, -0.6083319550972150500 ) ) ;
#768 = EDGE_LOOP ( 'NONE', ( #1510, #1704, #3009, #49, #320, #1375 ) ) ;
#769 = DIRECTION ( 'NONE',  ( -0.0000000000000000000, 0.7068949774621959800, -0.7073185214871171600 ) ) ;
#770 = ORIENTED_EDGE ( 'NONE', *, *, #4582, .F. ) ;
#771 = CARTESIAN_POINT ( 'NONE',  ( 0.1491128979614537400, 4.346408736609300500E-016, 3.549112897961451900 ) ) ;
#772 = FACE_OUTER_BOUND ( 'NONE', #2518, .T. ) ;
#773 = LINE ( 'NONE', #40, #3492 ) ;
#774 = CARTESIAN_POINT ( 'NONE',  ( -0.3500000000000000300, -2.734288342827098100, -1.516455480136687900 ) ) ;
#775 = EDGE_CURVE ( 'NONE', #2551, #343, #2404, .T. ) ;
#776 = CARTESIAN_POINT ( 'NONE',  ( -0.5000000000000000000, -2.849667141383537100, 0.0002556054465696622700 ) ) ;
#777 = B_SPLINE_CURVE_WITH_KNOTS ( 'NONE', 3,
 ( #1560, #4118, #4136, #3359 ),
 .UNSPECIFIED., .F., .F.,
 ( 4, 4 ),
 ( 0.0005172839673736106900, 0.0006775162349113470700 ),
 .UNSPECIFIED. ) ;
#778 = DIRECTION ( 'NONE',  ( -1.000000000000000000, -0.0000000000000000000, -0.0000000000000000000 ) ) ;
#779 = FACE_OUTER_BOUND ( 'NONE', #4751, .T. ) ;
#780 = CARTESIAN_POINT ( 'NONE',  ( 4.000000000000000000, -1.855980154052427000, -0.7380570107101552800 ) ) ;
#781 = FACE_OUTER_BOUND ( 'NONE', #3181, .T. ) ;
#782 = ORIENTED_EDGE ( 'NONE', *, *, #85, .F. ) ;
#783 = CARTESIAN_POINT ( 'NONE',  ( -0.5000000000000000000, -0.04942863768468952500, 0.0001279175331589943200 ) ) ;
#784 = ORIENTED_EDGE ( 'NONE', *, *, #1465, .T. ) ;
#785 = DIRECTION ( 'NONE',  ( -0.0000000000000000000, 0.8222927604453375000, 0.5690646853558800600 ) ) ;
#786 = ORIENTED_EDGE ( 'NONE', *, *, #3216, .F. ) ;
#787 = CARTESIAN_POINT ( 'NONE',  ( 0.6828427124746188100, -2.534100134223290700, 3.094888771786395800 ) ) ;
#788 = EDGE_LOOP ( 'NONE', ( #807, #932, #1843, #820 ) ) ;
#789 = CARTESIAN_POINT ( 'NONE',  ( 3.800000000000008300, 1.471482988028006700, -3.719507738390144700 ) ) ;
#790 = DIRECTION ( 'NONE',  ( -0.0000000000000000000, 0.9835225804609072400, -0.1807853249672611600 ) ) ;
#791 = ADVANCED_FACE ( 'NONE', ( #3206 ), #356, .T. ) ;
#792 = EDGE_CURVE ( 'NONE', #2804, #4211, #2290, .T. ) ;
#793 = EDGE_LOOP ( 'NONE', ( #4466, #3691, #4658, #906 ) ) ;
#794 = VERTEX_POINT ( 'NONE', #1779 ) ;
#795 = CARTESIAN_POINT ( 'NONE',  ( 4.000000000000000000, 2.975914896651652900, -2.078224964714688200 ) ) ;
#796 = EDGE_CURVE ( 'NONE', #2616, #3219, #76, .T. ) ;
#797 = DIRECTION ( 'NONE',  ( -1.000000000000000000, -0.0000000000000000000, -0.0000000000000000000 ) ) ;
#798 = EDGE_CURVE ( 'NONE', #3887, #1358, #986, .T. ) ;
#799 = CARTESIAN_POINT ( 'NONE',  ( -0.3500000000000000300, -2.739855535851734000, 0.01426722581132477800 ) ) ;
#800 =( BOUNDED_CURVE ( )  B_SPLINE_CURVE ( 3, ( #2997, #3332, #1481, #3732 ),
 .UNSPECIFIED., .F., .F. ) 
 B_SPLINE_CURVE_WITH_KNOTS ( ( 4, 4 ),
 ( 2.077000745848004600, 2.092622056020593000 ),
 .UNSPECIFIED. ) 
 CURVE ( )  GEOMETRIC_REPRESENTATION_ITEM ( )  RATIONAL_B_SPLINE_CURVE ( ( 1.000000000000000000, 0.9999796646590899400, 0.9999796646590899400, 1.000000000000000000 ) ) 
 REPRESENTATION_ITEM ( '' )  );
#801 = DIRECTION ( 'NONE',  ( -1.000000000000000000, 0.0000000000000000000, 0.0000000000000000000 ) ) ;
#802 = CARTESIAN_POINT ( 'NONE',  ( 4.000000000000000000, -1.508903877461160100, 3.487579259111212700 ) ) ;
#803 = CARTESIAN_POINT ( 'NONE',  ( -0.3500000000000000300, -0.7591940536514058000, 0.3763390730740987500 ) ) ;
#804 = ORIENTED_EDGE ( 'NONE', *, *, #2051, .F. ) ;
#805 = AXIS2_PLACEMENT_3D ( 'NONE', #3996, #2186, #2932 ) ;
#806 = VERTEX_POINT ( 'NONE', #1705 ) ;
#807 = ORIENTED_EDGE ( 'NONE', *, *, #2800, .F. ) ;
#808 = B_SPLINE_CURVE_WITH_KNOTS ( 'NONE', 3,
 ( #1244, #1981, #1603, #2374, #2742, #3771, #485 ),
 .UNSPECIFIED., .F., .F.,
 ( 4, 3, 4 ),
 ( 0.0000000000000000000, 1.000000000000000000, 2.000000000000000000 ),
 .UNSPECIFIED. ) ;
#809 = CARTESIAN_POINT ( 'NONE',  ( -0.3500000000000000300, -0.01426274800436533100, 2.737314129590612900 ) ) ;
#811 = VERTEX_POINT ( 'NONE', #3396 ) ;
#810 = CARTESIAN_POINT ( 'NONE',  ( 0.6287625125013252000, -3.742420806140898600, -1.412192506253772400 ) ) ;
#812 = ORIENTED_EDGE ( 'NONE', *, *, #2161, .F. ) ;
#813 = CARTESIAN_POINT ( 'NONE',  ( 0.2898795043561087600, 0.4329884829873063000, -3.665198912562487100 ) ) ;
#814 = FACE_OUTER_BOUND ( 'NONE', #1498, .T. ) ;
#815 = ADVANCED_FACE ( 'NONE', ( #4694 ), #1163, .F. ) ;
#816 = B_SPLINE_CURVE_WITH_KNOTS ( 'NONE', 3,
 ( #566, #261, #954, #4640 ),
 .UNSPECIFIED., .F., .F.,
 ( 4, 4 ),
 ( 1.617999822216901300E-005, 0.0007046824674733503800 ),
 .UNSPECIFIED. ) ;
#817 = AXIS2_PLACEMENT_3D ( 'NONE', #240, #318, #4505 ) ;
#818 = CARTESIAN_POINT ( 'NONE',  ( 3.933718438465840800, -3.078517827353962000, -2.339369872963969600 ) ) ;
#819 = CARTESIAN_POINT ( 'NONE',  ( 1.726467076569463000, 1.432687615718703400, 3.734680712912412200 ) ) ;
#820 = ORIENTED_EDGE ( 'NONE', *, *, #3178, .T. ) ;
#821 = CARTESIAN_POINT ( 'NONE',  ( 0.6287625125013220900, -2.534935236642689400, -3.094204988520132800 ) ) ;
#822 = EDGE_CURVE ( 'NONE', #627, #3688, #3672, .T. ) ;
#823 = FACE_BOUND ( 'NONE', #2614, .T. ) ;
#824 = LINE ( 'NONE', #653, #3641 ) ;
#825 = CARTESIAN_POINT ( 'NONE',  ( 0.4151494614775362900, 1.438869663171621300, 3.534082947153435400 ) ) ;
#826 = ORIENTED_EDGE ( 'NONE', *, *, #3276, .F. ) ;
#827 = DIRECTION ( 'NONE',  ( -0.0000000000000000000, 0.5687201250040263600, 0.8225311054394263100 ) ) ;
#828 = VERTEX_POINT ( 'NONE', #2728 ) ;
#829 = VECTOR ( 'NONE', #2098, 1000.000000000000100 ) ;
#830 = CIRCLE ( 'NONE', #584, 3.941421356237309900 ) ;
#831 = CARTESIAN_POINT ( 'NONE',  ( 0.6828427124746195800, 3.742039477864185200, 1.413202231142427300 ) ) ;
#832 = EDGE_CURVE ( 'NONE', #212, #317, #4233, .T. ) ;
#833 = ORIENTED_EDGE ( 'NONE', *, *, #2715, .F. ) ;
#834 = LINE ( 'NONE', #1077, #1530 ) ;
#835 = DIRECTION ( 'NONE',  ( 0.0000000000000000000, -1.000000000000000000, 0.0000000000000000000 ) ) ;
#836 = CARTESIAN_POINT ( 'NONE',  ( -0.4939148480512971000, -2.071906863093474700, -2.888986124915085900 ) ) ;
#837 = AXIS2_PLACEMENT_3D ( 'NONE', #2016, #4594, #4574 ) ;
#838 = B_SPLINE_CURVE_WITH_KNOTS ( 'NONE', 3,
 ( #430, #813, #2645, #1190 ),
 .UNSPECIFIED., .F., .F.,
 ( 4, 4 ),
 ( 1.953636225321972500E-005, 0.0005935638520786983700 ),
 .UNSPECIFIED. ) ;
#839 = TOROIDAL_SURFACE ( 'NONE', #620, 3.105916497100035900, 0.2000000000000000100 ) ;
#840 = CARTESIAN_POINT ( 'NONE',  ( 0.5414213562373099100, -2.473927132928949800, -3.068303578259737200 ) ) ;
#841 = EDGE_CURVE ( 'NONE', #3753, #362, #1508, .T. ) ;
#842 = ORIENTED_EDGE ( 'NONE', *, *, #1491, .T. ) ;
#843 = DIRECTION ( 'NONE',  ( 0.0000000000000000000, 0.0000000000000000000, 1.000000000000000000 ) ) ;
#844 = ADVANCED_FACE ( 'NONE', ( #3589 ), #3296, .T. ) ;
#845 = CARTESIAN_POINT ( 'NONE',  ( 3.800000000000015400, -3.719507738390056800, -1.471482988028230300 ) ) ;
#846 = VERTEX_POINT ( 'NONE', #2221 ) ;
#847 = ORIENTED_EDGE ( 'NONE', *, *, #938, .F. ) ;
#848 = ORIENTED_EDGE ( 'NONE', *, *, #468, .F. ) ;
#849 = CARTESIAN_POINT ( 'NONE',  ( 4.000000000000000000, -2.975914896652494000, -2.078224964714269000 ) ) ;
#850 = ORIENTED_EDGE ( 'NONE', *, *, #998, .T. ) ;
#851 = VERTEX_POINT ( 'NONE', #1875 ) ;
#852 = CARTESIAN_POINT ( 'NONE',  ( 0.6287100716745707100, 3.094204325467357500, 2.534936046435589700 ) ) ;
#853 = CARTESIAN_POINT ( 'NONE',  ( 4.000000000000000000, 0.7380570107099656600, -1.855980154052001100 ) ) ;
#854 = EDGE_CURVE ( 'NONE', #2020, #4589, #4457, .T. ) ;
#855 = ORIENTED_EDGE ( 'NONE', *, *, #3405, .F. ) ;
#856 = CARTESIAN_POINT ( 'NONE',  ( -0.3500000000000000300, 1.584738303179798400, 1.599512670785013800 ) ) ;
#857 = CARTESIAN_POINT ( 'NONE',  ( 0.4151494614774852700, 3.534082947153315100, 1.438869663171786100 ) ) ;
#858 = EDGE_CURVE ( 'NONE', #2789, #3924, #4170, .T. ) ;
#859 = CARTESIAN_POINT ( 'NONE',  ( 0.6287625125013323000, 3.742420806140760900, 1.412192506254139200 ) ) ;
#860 = CARTESIAN_POINT ( 'NONE',  ( -0.5000000000000000000, -0.01422933622158328900, -2.741961510399197900 ) ) ;
#861 = ADVANCED_FACE ( 'NONE', ( #2105 ), #4388, .F. ) ;
#862 = ORIENTED_EDGE ( 'NONE', *, *, #4492, .F. ) ;
#863 = ORIENTED_EDGE ( 'NONE', *, *, #3675, .T. ) ;
#864 = AXIS2_PLACEMENT_3D ( 'NONE', #1809, #2581, #3670 ) ;
#865 = DIRECTION ( 'NONE',  ( 1.000000000000000000, -0.0000000000000000000, -0.0000000000000000000 ) ) ;
#866 = EDGE_CURVE ( 'NONE', #1022, #1748, #3703, .T. ) ;
#867 = CARTESIAN_POINT ( 'NONE',  ( -0.3500000000000000300, -2.638105293919822200, 0.0001279175331589943200 ) ) ;
#868 = ORIENTED_EDGE ( 'NONE', *, *, #235, .T. ) ;
#869 = ORIENTED_EDGE ( 'NONE', *, *, #122, .F. ) ;
#870 = FACE_OUTER_BOUND ( 'NONE', #2045, .T. ) ;
#871 = ORIENTED_EDGE ( 'NONE', *, *, #3675, .F. ) ;
#872 = SURFACE_SIDE_STYLE ('',( #1400 ) ) ;
#873 = DIRECTION ( 'NONE',  ( 0.0000000000000000000, 0.5676552214183281400, 0.8232663904208096200 ) ) ;
#874 = ORIENTED_EDGE ( 'NONE', *, *, #335, .T. ) ;
#875 = AXIS2_PLACEMENT_3D ( 'NONE', #1069, #1416, #3662 ) ;
#876 = CARTESIAN_POINT ( 'NONE',  ( 0.4151494614776223800, -3.534082947153335900, 1.438869663172095900 ) ) ;
#877 = LINE ( 'NONE', #2724, #1751 ) ;
#878 = CARTESIAN_POINT ( 'NONE',  ( -0.3500000000000000300, 0.01196371108239513400, -2.741995560509439900 ) ) ;
#879 = PRESENTATION_STYLE_ASSIGNMENT (( #1023 ) ) ;
#880 = ORIENTED_EDGE ( 'NONE', *, *, #2540, .F. ) ;
#881 = DIRECTION ( 'NONE',  ( 0.9612616959383188900, -3.375584055267281600E-017, -0.2756373558169992200 ) ) ;
#882 = CARTESIAN_POINT ( 'NONE',  ( 3.800000000000008300, 1.471482988028434600, 3.719507738389975500 ) ) ;
#883 = VECTOR ( 'NONE', #2177, 1000.000000000000100 ) ;
#884 = FACE_OUTER_BOUND ( 'NONE', #3463, .T. ) ;
#885 = EDGE_LOOP ( 'NONE', ( #3390, #557, #2892, #1079 ) ) ;
#886 = CARTESIAN_POINT ( 'NONE',  ( -0.3551274711633997700, 0.0000000000000000000, 3.298168836287699500 ) ) ;
#887 = VERTEX_POINT ( 'NONE', #3316 ) ;
#888 = EDGE_CURVE ( 'NONE', #339, #2008, #4578, .T. ) ;
#889 = ORIENTED_EDGE ( 'NONE', *, *, #4767, .F. ) ;
#890 = LINE ( 'NONE', #2833, #301 ) ;
#891 = LINE ( 'NONE', #3459, #2299 ) ;
#892 = FACE_OUTER_BOUND ( 'NONE', #1764, .T. ) ;
#893 = AXIS2_PLACEMENT_3D ( 'NONE', #319, #2905, #4405 ) ;
#894 = FACE_OUTER_BOUND ( 'NONE', #1563, .T. ) ;
#895 = EDGE_CURVE ( 'NONE', #1678, #625, #744, .T. ) ;
#896 = B_SPLINE_CURVE_WITH_KNOTS ( 'NONE', 3,
 ( #3858, #912, #2786, #2773, #1660, #4238, #3134 ),
 .UNSPECIFIED., .F., .F.,
 ( 4, 3, 4 ),
 ( 2.000000000000000000, 3.000000000000000000, 4.000000000000000000 ),
 .UNSPECIFIED. ) ;
#897 = CARTESIAN_POINT ( 'NONE',  ( 0.5414213562373277900, 3.068303578259914400, 2.473927132928762400 ) ) ;
#898 = VERTEX_POINT ( 'NONE', #1467 ) ;
#899 = CARTESIAN_POINT ( 'NONE',  ( 3.800000000000004700, 0.0000000000000000000, 0.0000000000000000000 ) ) ;
#900 = DIRECTION ( 'NONE',  ( 0.01745240643728355000, 0.1445768478914224400, -0.9893396527802412700 ) ) ;
#901 = AXIS2_PLACEMENT_3D ( 'NONE', #3599, #4337, #288 ) ;
#902 = VERTEX_POINT ( 'NONE', #1852 ) ;
#903 = CARTESIAN_POINT ( 'NONE',  ( 3.800000000000004700, 0.0000000000000000000, 0.0000000000000000000 ) ) ;
#904 = ORIENTED_EDGE ( 'NONE', *, *, #568, .T. ) ;
#905 = DIRECTION ( 'NONE',  ( -1.000000000000000000, 0.0000000000000000000, 0.0000000000000000000 ) ) ;
#906 = ORIENTED_EDGE ( 'NONE', *, *, #1315, .T. ) ;
#907 = AXIS2_PLACEMENT_3D ( 'NONE', #3433, #478, #3783 ) ;
#908 = VERTEX_POINT ( 'NONE', #3698 ) ;
#909 = CARTESIAN_POINT ( 'NONE',  ( -0.5000000000000000000, 0.3813478195197339500, -0.7305789357416188100 ) ) ;
#910 = EDGE_LOOP ( 'NONE', ( #2149, #3186, #96, #2187 ) ) ;
#911 = CARTESIAN_POINT ( 'NONE',  ( -0.5000000000000000000, 0.04845691673471174500, 0.0002556054465698356900 ) ) ;
#912 = CARTESIAN_POINT ( 'NONE',  ( -0.5000000000000000000, -2.849667141383537100, 1.574077238433924100 ) ) ;
#913 = EDGE_CURVE ( 'NONE', #794, #4047, #800, .T. ) ;
#914 = DIRECTION ( 'NONE',  ( 0.0000000000000000000, 0.0000000000000000000, -1.000000000000000000 ) ) ;
#915 = DIRECTION ( 'NONE',  ( 0.0000000000000000000, 0.1806890674644569300, -0.9835402690784068600 ) ) ;
#916 = CARTESIAN_POINT ( 'NONE',  ( -0.5000000000000000000, -1.515268858565764300, 2.729755005116797100 ) ) ;
#917 = PLANE ( 'NONE',  #4455 ) ;
#918 = EDGE_CURVE ( 'NONE', #3904, #1865, #135, .T. ) ;
#919 = ORIENTED_EDGE ( 'NONE', *, *, #335, .F. ) ;
#920 = ORIENTED_EDGE ( 'NONE', *, *, #2951, .F. ) ;
#921 = ORIENTED_EDGE ( 'NONE', *, *, #4370, .T. ) ;
#922 = ORIENTED_EDGE ( 'NONE', *, *, #1732, .F. ) ;
#923 = ORIENTED_EDGE ( 'NONE', *, *, #1325, .T. ) ;
#924 = AXIS2_PLACEMENT_3D ( 'NONE', #266, #1786, #631 ) ;
#925 = VECTOR ( 'NONE', #4353, 1000.000000000000100 ) ;
#926 = CARTESIAN_POINT ( 'NONE',  ( 3.933718438465840800, -1.496389708009461900, 3.565212652511906100 ) ) ;
#927 = EDGE_CURVE ( 'NONE', #1240, #4719, #3200, .T. ) ;
#928 = DIRECTION ( 'NONE',  ( -0.0000000000000000000, 0.7076581535678636600, 0.7065549785324011200 ) ) ;
#929 = VECTOR ( 'NONE', #3633, 1000.000000000000100 ) ;
#930 = CARTESIAN_POINT ( 'NONE',  ( -0.5000000000000000000, 0.7962889350199061600, -4.102746436074815200 ) ) ;
#931 = CARTESIAN_POINT ( 'NONE',  ( -0.5000000000000000000, -0.7962889350205337700, 4.102746436075167800 ) ) ;
#932 = ORIENTED_EDGE ( 'NONE', *, *, #4602, .F. ) ;
#933 = ORIENTED_EDGE ( 'NONE', *, *, #3856, .T. ) ;
#934 = PLANE ( 'NONE',  #641 ) ;
#935 = ORIENTED_EDGE ( 'NONE', *, *, #2639, .T. ) ;
#936 = DIRECTION ( 'NONE',  ( 0.0000000000000000000, -0.7063669628695037300, 0.7078458262690492400 ) ) ;
#937 = CARTESIAN_POINT ( 'NONE',  ( 3.800000000000008300, -3.956929685032743600, 0.5854122203257072800 ) ) ;
#938 = EDGE_CURVE ( 'NONE', #3938, #3238, #2746, .T. ) ;
#939 = VECTOR ( 'NONE', #623, 1000.000000000000000 ) ;
#940 = LINE ( 'NONE', #997, #3377 ) ;
#941 = CARTESIAN_POINT ( 'NONE',  ( -0.3500000000000000300, 0.7641227918010564700, 0.3745088796485746600 ) ) ;
#942 = DIRECTION ( 'NONE',  ( -1.000000000000000000, 0.0000000000000000000, 0.0000000000000000000 ) ) ;
#943 = ORIENTED_EDGE ( 'NONE', *, *, #1421, .T. ) ;
#944 = DIRECTION ( 'NONE',  ( 0.0000000000000000000, -0.9835402690784068600, -0.1806890674644569300 ) ) ;
#945 = EDGE_CURVE ( 'NONE', #2616, #2835, #2228, .T. ) ;
#946 = LINE ( 'NONE', #2315, #311 ) ;
#947 = DIRECTION ( 'NONE',  ( -0.0000000000000000000, -0.9836876070876796600, 0.1798852180200326600 ) ) ;
#948 =( BOUNDED_CURVE ( )  B_SPLINE_CURVE ( 3, ( #3071, #1585, #1968, #2343 ),
 .UNSPECIFIED., .F., .F. ) 
 B_SPLINE_CURVE_WITH_KNOTS ( ( 4, 4 ),
 ( 4.190563251158906200, 4.206184561331495400 ),
 .UNSPECIFIED. ) 
 CURVE ( )  GEOMETRIC_REPRESENTATION_ITEM ( )  RATIONAL_B_SPLINE_CURVE ( ( 1.000000000000000000, 0.9999796646590899400, 0.9999796646590899400, 1.000000000000000000 ) ) 
 REPRESENTATION_ITEM ( '' )  );
#949 = DIRECTION ( 'NONE',  ( -1.000000000000000000, 0.0000000000000000000, 0.0000000000000000000 ) ) ;
#950 = CIRCLE ( 'NONE', #1057, 4.000000000000000000 ) ;
#951 = ADVANCED_FACE ( 'NONE', ( #3479 ), #4498, .T. ) ;
#952 = VERTEX_POINT ( 'NONE', #4140 ) ;
#953 = FACE_OUTER_BOUND ( 'NONE', #2405, .T. ) ;
#954 = CARTESIAN_POINT ( 'NONE',  ( 0.1435160840382703500, -1.675140825584062300, -3.130906761591614600 ) ) ;
#955 = AXIS2_PLACEMENT_3D ( 'NONE', #3226, #3614, #2929 ) ;
#956 = B_SPLINE_CURVE_WITH_KNOTS ( 'NONE', 3,
 ( #4607, #857, #2798, #4244 ),
 .UNSPECIFIED., .F., .F.,
 ( 4, 4 ),
 ( 3.030529287262533400E-007, 0.0005743305625286810400 ),
 .UNSPECIFIED. ) ;
#957 = CARTESIAN_POINT ( 'NONE',  ( -0.5000000000000000000, -2.849667141383537100, 0.0002556054465696622700 ) ) ;
#958 = EDGE_CURVE ( 'NONE', #2037, #1746, #2808, .T. ) ;
#959 = CARTESIAN_POINT ( 'NONE',  ( -0.3500000000000000300, -0.0006348297072971131900, 2.637727041838946000 ) ) ;
#960 = VERTEX_POINT ( 'NONE', #2671 ) ;
#961 = VERTEX_POINT ( 'NONE', #2307 ) ;
#962 = EDGE_LOOP ( 'NONE', ( #3257, #1225, #2697, #2107, #4059, #4680 ) ) ;
#963 = CARTESIAN_POINT ( 'NONE',  ( -0.5000000000000000000, -0.7335889902580797800, -0.3818547316938720700 ) ) ;
#964 = EDGE_CURVE ( 'NONE', #4211, #4514, #2335, .T. ) ;
#965 = ORIENTED_EDGE ( 'NONE', *, *, #1928, .F. ) ;
#966 = PLANE ( 'NONE',  #315 ) ;
#967 = ORIENTED_EDGE ( 'NONE', *, *, #1609, .F. ) ;
#968 = CARTESIAN_POINT ( 'NONE',  ( 3.800000000000008300, 1.471482988028006700, -3.719507738390144700 ) ) ;
#969 = CARTESIAN_POINT ( 'NONE',  ( -0.3500000000000000300, 0.3764020410070223500, 0.7637271773021223600 ) ) ;
#970 = CARTESIAN_POINT ( 'NONE',  ( 4.000000000000000000, 1.567166197741974200, -1.238297456973756400 ) ) ;
#971 = ADVANCED_FACE ( 'NONE', ( #757 ), #1561, .T. ) ;
#972 = EDGE_CURVE ( 'NONE', #1922, #3520, #4740, .T. ) ;
#973 = ORIENTED_EDGE ( 'NONE', *, *, #1142, .T. ) ;
#974 = CARTESIAN_POINT ( 'NONE',  ( -0.4940862277298009900, -3.238815173950375700, 1.465979193314652000 ) ) ;
#975 = VERTEX_POINT ( 'NONE', #463 ) ;
#976 = EDGE_LOOP ( 'NONE', ( #3468, #988, #4116, #3337 ) ) ;
#977 = VECTOR ( 'NONE', #599, 1000.000000000000000 ) ;
#978 = ORIENTED_EDGE ( 'NONE', *, *, #520, .T. ) ;
#979 = ORIENTED_EDGE ( 'NONE', *, *, #822, .F. ) ;
#980 = CARTESIAN_POINT ( 'NONE',  ( -0.5000000000000000000, -0.7636807751848184700, -0.3763215887794814600 ) ) ;
#981 = DIRECTION ( 'NONE',  ( 0.0000000000000000000, 0.0000000000000000000, 1.000000000000000000 ) ) ;
#982 = ADVANCED_FACE ( 'NONE', ( #2864 ), #4478, .T. ) ;
#983 = DIRECTION ( 'NONE',  ( -1.000000000000000000, 0.0000000000000000000, 0.0000000000000000000 ) ) ;
#984 = LINE ( 'NONE', #3284, #2690 ) ;
#985 = CARTESIAN_POINT ( 'NONE',  ( -0.3500000000000000300, -0.3787953540596211100, 0.7352953352497012500 ) ) ;
#986 = LINE ( 'NONE', #1366, #1582 ) ;
#987 = CARTESIAN_POINT ( 'NONE',  ( 0.5770714368074221200, 1.415012741815925100, -3.716882107600514700 ) ) ;
#988 = ORIENTED_EDGE ( 'NONE', *, *, #1064, .T. ) ;
#989 = LINE ( 'NONE', #2281, #2162 ) ;
#990 = LINE ( 'NONE', #4495, #2163 ) ;
#991 = ORIENTED_EDGE ( 'NONE', *, *, #642, .F. ) ;
#992 = ORIENTED_EDGE ( 'NONE', *, *, #866, .F. ) ;
#993 = LINE ( 'NONE', #1361, #3543 ) ;
#994 = FACE_OUTER_BOUND ( 'NONE', #4077, .T. ) ;
#995 = CARTESIAN_POINT ( 'NONE',  ( 0.6828427124746188100, 0.6471507060777201800, 3.947302365365885600 ) ) ;
#996 = CARTESIAN_POINT ( 'NONE',  ( 0.1660638834213719600, 1.476574035645564100, -3.246003810518353700 ) ) ;
#997 = CARTESIAN_POINT ( 'NONE',  ( 4.000000000000000000, -1.567166197742647000, -1.238297456974343500 ) ) ;
#998 = EDGE_CURVE ( 'NONE', #4097, #4266, #2349, .T. ) ;
#999 = CARTESIAN_POINT ( 'NONE',  ( 0.5414213562373099100, -3.068303578260096000, 2.473927132928504400 ) ) ;
#1000 = FACE_OUTER_BOUND ( 'NONE', #4677, .T. ) ;
#1001 = FACE_OUTER_BOUND ( 'NONE', #2377, .T. ) ;
#1002 = CARTESIAN_POINT ( 'NONE',  ( 0.6828427124746188100, -0.6471507060785274300, -3.947302365365752900 ) ) ;
#1003 = EDGE_CURVE ( 'NONE', #4035, #1419, #1811, .T. ) ;
#1004 = ORIENTED_EDGE ( 'NONE', *, *, #468, .T. ) ;
#1005 = DIRECTION ( 'NONE',  ( -0.0000000000000000000, -0.7113282007980353800, -0.7028600079314727400 ) ) ;
#1006 = DIRECTION ( 'NONE',  ( -1.000000000000000000, -0.0000000000000000000, -0.0000000000000000000 ) ) ;
#1007 = PLANE ( 'NONE',  #3854 ) ;
#1009 = EDGE_LOOP ( 'NONE', ( #4008, #3409, #3754, #4343 ) ) ;
#1008 = CARTESIAN_POINT ( 'NONE',  ( -0.5000000000000000000, 2.739462666775876800, -0.01379006502842661200 ) ) ;
#1010 = EDGE_CURVE ( 'NONE', #1808, #4622, #587, .T. ) ;
#1011 = CARTESIAN_POINT ( 'NONE',  ( 0.1660638834218678700, -3.549408778513339700, -0.3442512798208295900 ) ) ;
#1012 = MANIFOLD_SOLID_BREP ( 'Вырез-Вытянуть2', #213 ) ;
#1013 = ORIENTED_EDGE ( 'NONE', *, *, #3394, .F. ) ;
#1014 = ORIENTED_EDGE ( 'NONE', *, *, #3963, .T. ) ;
#1015 = AXIS2_PLACEMENT_3D ( 'NONE', #867, #3454, #1617 ) ;
#1016 = CARTESIAN_POINT ( 'NONE',  ( -0.3500000000000000300, 0.4358797207719509700, -0.4337632301709910000 ) ) ;
#1017 = CARTESIAN_POINT ( 'NONE',  ( -0.5000000000000000000, -0.3787953540596211100, 0.7352953352497012500 ) ) ;
#1018 = DIRECTION ( 'NONE',  ( 0.0000000000000000000, 0.0000000000000000000, -1.000000000000000000 ) ) ;
#1019 = ADVANCED_FACE ( 'NONE', ( #481 ), #4722, .T. ) ;
#1020 = DIRECTION ( 'NONE',  ( -0.0000000000000000000, -0.7073213802703299800, -0.7068921169545430100 ) ) ;
#1021 = CARTESIAN_POINT ( 'NONE',  ( 0.5414213562373099100, 0.0000000000000000000, 0.0000000000000000000 ) ) ;
#1022 = VERTEX_POINT ( 'NONE', #670 ) ;
#1023 = SURFACE_STYLE_USAGE ( .BOTH. , #1365 ) ;
#1024 = EDGE_LOOP ( 'NONE', ( #1626, #3713, #3248, #812 ) ) ;
#1025 = ORIENTED_EDGE ( 'NONE', *, *, #895, .F. ) ;
#1026 = CARTESIAN_POINT ( 'NONE',  ( 4.500000000000000900, 0.0000000000000000000, 0.0000000000000000000 ) ) ;
#1027 = CARTESIAN_POINT ( 'NONE',  ( 0.6000000000000007500, 0.0000000000000000000, 0.0000000000000000000 ) ) ;
#1028 = DIRECTION ( 'NONE',  ( 0.0000000000000000000, 0.8225184076385296800, -0.5687384891984870200 ) ) ;
#1029 = EDGE_CURVE ( 'NONE', #3125, #484, #3362, .T. ) ;
#1030 = ORIENTED_EDGE ( 'NONE', *, *, #4322, .F. ) ;
#1031 = EDGE_LOOP ( 'NONE', ( #1186, #1457, #3927, #4437, #973, #3027 ) ) ;
#1032 = B_SPLINE_CURVE_WITH_KNOTS ( 'NONE', 3,
 ( #3365, #1910, #2286, #1502 ),
 .UNSPECIFIED., .F., .F.,
 ( 4, 4 ),
 ( 5.000000000000000000, 6.000000000000000000 ),
 .UNSPECIFIED. ) ;
#1033 = LINE ( 'NONE', #974, #3909 ) ;
#1034 = VECTOR ( 'NONE', #2021, 1000.000000000000000 ) ;
#1035 = CARTESIAN_POINT ( 'NONE',  ( 0.1660638834213047400, 2.072834742866552600, -2.901752530697125500 ) ) ;
#1036 = AXIS2_PLACEMENT_3D ( 'NONE', #2083, #3569, #981 ) ;
#1037 = CIRCLE ( 'NONE', #3247, 1.989919402821355400 ) ;
#1038 = EDGE_CURVE ( 'NONE', #426, #3329, #14, .T. ) ;
#1039 = CARTESIAN_POINT ( 'NONE',  ( 3.800000000000008300, 3.719507738389911100, 1.471482988028597300 ) ) ;
#1040 = ORIENTED_EDGE ( 'NONE', *, *, #796, .F. ) ;
#1041 = CARTESIAN_POINT ( 'NONE',  ( -0.5000000000000000000, -1.361766771557479500, 3.951227106437507100 ) ) ;
#1042 = VECTOR ( 'NONE', #3610, 1000.000000000000000 ) ;
#1043 = LINE ( 'NONE', #3947, #3829 ) ;
#1044 = EDGE_LOOP ( 'NONE', ( #2557, #3628, #563, #4361, #2479, #1932 ) ) ;
#1045 = ORIENTED_EDGE ( 'NONE', *, *, #1954, .T. ) ;
#1046 = AXIS2_PLACEMENT_3D ( 'NONE', #2665, #453, #1535 ) ;
#1047 = CARTESIAN_POINT ( 'NONE',  ( 0.1491128979614537400, 4.346408736609300500E-016, 3.549112897961451900 ) ) ;
#1048 = ORIENTED_EDGE ( 'NONE', *, *, #1230, .T. ) ;
#1049 = CIRCLE ( 'NONE', #2595, 3.941421356237309900 ) ;
#1050 = LINE ( 'NONE', #780, #1646 ) ;
#1051 = PLANE ( 'NONE',  #554 ) ;
#1052 = ADVANCED_FACE ( 'NONE', ( #3823 ), #3981, .T. ) ;
#1053 = CARTESIAN_POINT ( 'NONE',  ( -0.5000000000000000000, -0.4507851723396528200, 0.3991185968262809200 ) ) ;
#1054 = ORIENTED_EDGE ( 'NONE', *, *, #2957, .F. ) ;
#1055 = CARTESIAN_POINT ( 'NONE',  ( 0.1660638834219515800, -3.549408778513355700, 0.3442512798215332500 ) ) ;
#1056 = LINE ( 'NONE', #799, #1243 ) ;
#1057 = AXIS2_PLACEMENT_3D ( 'NONE', #903, #3490, #551 ) ;
#1058 = CIRCLE ( 'NONE', #3230, 3.800000000000004700 ) ;
#1059 = CARTESIAN_POINT ( 'NONE',  ( 4.000000000000000000, -1.976354467684695400, -0.2888139563101421200 ) ) ;
#1060 = DIRECTION ( 'NONE',  ( 0.0000000000000000000, 0.7073213802703299800, 0.7068921169545430100 ) ) ;
#1061 = LINE ( 'NONE', #654, #2824 ) ;
#1062 = DIRECTION ( 'NONE',  ( -1.000000000000000000, -0.0000000000000000000, -0.0000000000000000000 ) ) ;
#1063 = ORIENTED_EDGE ( 'NONE', *, *, #1263, .T. ) ;
#1064 = EDGE_CURVE ( 'NONE', #741, #4703, #3767, .T. ) ;
#1065 = VECTOR ( 'NONE', #591, 1000.000000000000000 ) ;
#1066 = ORIENTED_EDGE ( 'NONE', *, *, #3601, .T. ) ;
#1067 =( LENGTH_UNIT ( ) NAMED_UNIT ( * ) SI_UNIT ( .MILLI., .METRE. ) );
#1068 = CARTESIAN_POINT ( 'NONE',  ( -0.4940862277298002100, 3.238815173949838800, -1.465979193314284700 ) ) ;
#1069 = CARTESIAN_POINT ( 'NONE',  ( -0.5000000000000000000, 2.071898307833216700, 2.888868415790448300 ) ) ;
#1070 = ORIENTED_EDGE ( 'NONE', *, *, #578, .F. ) ;
#1071 = EDGE_LOOP ( 'NONE', ( #2113, #4365, #1755, #3687 ) ) ;
#1072 = ORIENTED_EDGE ( 'NONE', *, *, #792, .T. ) ;
#1073 = EDGE_CURVE ( 'NONE', #1564, #4667, #4545, .T. ) ;
#1074 = ORIENTED_EDGE ( 'NONE', *, *, #1819, .T. ) ;
#1075 = DIRECTION ( 'NONE',  ( 0.01745240643728355000, -0.7845048483332726100, 0.6198770494631471500 ) ) ;
#1076 = EDGE_LOOP ( 'NONE', ( #2212, #161, #166, #1629, #1639, #3595, #3895, #407, #4007, #4271, #2057, #4685, #2653, #3967, #1464, #2638, #171, #1676, #3728, #1293, #3592, #2594, #733, #2443, #4619, #1433, #634, #1054, #472, #1506, #4623, #1784, #588, #4223, #142, #1219, #4011, #1014, #469, #651, #340, #2229, #1741, #74, #3272, #4605, #3292, #4132 ) ) ;
#1077 = CARTESIAN_POINT ( 'NONE',  ( -0.5000000000000000000, -1.528480301339826900, -1.531786542273332300 ) ) ;
#1078 = CARTESIAN_POINT ( 'NONE',  ( 0.4151494614774019500, 3.534082947153275500, -1.438869663171664600 ) ) ;
#1079 = ORIENTED_EDGE ( 'NONE', *, *, #4108, .F. ) ;
#1080 = CARTESIAN_POINT ( 'NONE',  ( 4.000000000000000000, 0.4370405398052314400, -3.774784174832620300 ) ) ;
#1081 = CARTESIAN_POINT ( 'NONE',  ( 0.4151494614774909900, 3.013139154618015100, 2.341170779730481000 ) ) ;
#1082 = ORIENTED_EDGE ( 'NONE', *, *, #4310, .F. ) ;
#1083 = ADVANCED_FACE ( 'NONE', ( #4398 ), #3964, .T. ) ;
#1084 = AXIS2_PLACEMENT_3D ( 'NONE', #2418, #3557, #1691 ) ;
#1085 = EDGE_CURVE ( 'NONE', #558, #2271, #2397, .T. ) ;
#1086 = CARTESIAN_POINT ( 'NONE',  ( 4.000000000000000000, 2.436948427226385200E-016, -1.989919402821355400 ) ) ;
#1087 = CARTESIAN_POINT ( 'NONE',  ( -0.5000000000000000000, 0.04845691673471174500, 0.0002556054465696622700 ) ) ;
#1088 = DIRECTION ( 'NONE',  ( -0.9998119760941958100, 0.01604612355460694600, 0.01088734942442549100 ) ) ;
#1089 = CARTESIAN_POINT ( 'NONE',  ( 0.5414213562373099100, -3.676635533357885100, -1.420265278831297100 ) ) ;
#1090 = DIRECTION ( 'NONE',  ( 0.0000000000000000000, 0.0000000000000000000, -1.000000000000000000 ) ) ;
#1091 = ORIENTED_EDGE ( 'NONE', *, *, #2978, .F. ) ;
#1092 = ORIENTED_EDGE ( 'NONE', *, *, #1718, .F. ) ;
#1093 = EDGE_CURVE ( 'NONE', #79, #2986, #824, .T. ) ;
#1094 = ORIENTED_EDGE ( 'NONE', *, *, #1311, .F. ) ;
#1095 = UNCERTAINTY_MEASURE_WITH_UNIT (LENGTH_MEASURE( 1.000000000000000100E-005 ), #1067, 'distance_accuracy_value', 'NONE');
#1096 = CARTESIAN_POINT ( 'NONE',  ( 0.6828427124746188100, 0.6471507060776069400, -3.947302365365903800 ) ) ;
#1097 = VERTEX_POINT ( 'NONE', #2895 ) ;
#1098 = VECTOR ( 'NONE', #612, 1000.000000000000000 ) ;
#1099 = ORIENTED_EDGE ( 'NONE', *, *, #4436, .T. ) ;
#1100 = CARTESIAN_POINT ( 'NONE',  ( 0.2898795043563929800, -0.4329884829878203900, 3.665198912562710500 ) ) ;
#1101 = ORIENTED_EDGE ( 'NONE', *, *, #2957, .T. ) ;
#1102 = DIRECTION ( 'NONE',  ( -1.000000000000000000, -0.0000000000000000000, -0.0000000000000000000 ) ) ;
#1103 = DIRECTION ( 'NONE',  ( 0.0000000000000000000, 0.0000000000000000000, -1.000000000000000000 ) ) ;
#1104 = CARTESIAN_POINT ( 'NONE',  ( 0.5414213562373106900, -1.420265278832085100, -3.676635533357580000 ) ) ;
#1105 = B_SPLINE_CURVE_WITH_KNOTS ( 'NONE', 3,
 ( #3090, #1622, #876, #2003 ),
 .UNSPECIFIED., .F., .F.,
 ( 4, 4 ),
 ( 9.857291678288756200E-006, 0.0005838848012775512600 ),
 .UNSPECIFIED. ) ;
#1106 = CARTESIAN_POINT ( 'NONE',  ( 0.6828427124746188100, -3.947302365365927400, -0.6471507060774613900 ) ) ;
#1107 = EDGE_CURVE ( 'NONE', #2159, #3747, #2845, .T. ) ;
#1108 = FACE_OUTER_BOUND ( 'NONE', #4091, .T. ) ;
#1109 = ADVANCED_FACE ( 'NONE', ( #4284 ), #698, .T. ) ;
#1110 = CARTESIAN_POINT ( 'NONE',  ( 0.6828427124746195800, 0.0000000000000000000, 0.0000000000000000000 ) ) ;
#1111 = VECTOR ( 'NONE', #3363, 1000.000000000000000 ) ;
#1112 = DIRECTION ( 'NONE',  ( -0.9998119760941958100, -0.01088734942442508300, -0.01604612355460721300 ) ) ;
#1113 = AXIS2_PLACEMENT_3D ( 'NONE', #2620, #1499, #1839 ) ;
#1114 = ORIENTED_EDGE ( 'NONE', *, *, #1184, .F. ) ;
#1115 = CARTESIAN_POINT ( 'NONE',  ( -0.3000000000000000400, 0.0000000000000000000, 0.0000000000000000000 ) ) ;
#1116 = EDGE_CURVE ( 'NONE', #811, #4005, #3872, .T. ) ;
#1117 = FACE_OUTER_BOUND ( 'NONE', #2451, .T. ) ;
#1118 = VECTOR ( 'NONE', #2604, 1000.000000000000100 ) ;
#1119 = DIRECTION ( 'NONE',  ( 0.0000000000000000000, 0.0000000000000000000, -1.000000000000000000 ) ) ;
#1120 = CARTESIAN_POINT ( 'NONE',  ( -0.3500000000000000300, 0.04845691673471174500, 0.0002556054465696622700 ) ) ;
#1121 = DIRECTION ( 'NONE',  ( 0.0000000000000000000, -0.6199714741215722700, 0.7846243504222416600 ) ) ;
#1122 = ORIENTED_EDGE ( 'NONE', *, *, #3169, .T. ) ;
#1123 = VERTEX_POINT ( 'NONE', #718 ) ;
#1124 = VECTOR ( 'NONE', #416, 1000.000000000000000 ) ;
#1125 = CARTESIAN_POINT ( 'NONE',  ( 4.000000000000000000, 3.287753062547764700, 1.538105417644003700 ) ) ;
#1126 = VECTOR ( 'NONE', #4723, 1000.000000000000000 ) ;
#1127 = DIRECTION ( 'NONE',  ( 1.000000000000000000, -0.0000000000000000000, -0.0000000000000000000 ) ) ;
#1128 = VECTOR ( 'NONE', #2268, 1000.000000000000100 ) ;
#1129 = CARTESIAN_POINT ( 'NONE',  ( 0.1660638834219515800, -3.549408778513355700, 0.3442512798215332500 ) ) ;
#1130 = CARTESIAN_POINT ( 'NONE',  ( 3.800000000000001200, 0.5854122203253723200, 3.956929685032793300 ) ) ;
#1131 = ORIENTED_EDGE ( 'NONE', *, *, #2119, .T. ) ;
#1132 = CARTESIAN_POINT ( 'NONE',  ( 3.933718438465840800, -2.339369872964247600, 3.078517827353751500 ) ) ;
#1133 = DIRECTION ( 'NONE',  ( -1.000000000000000000, -0.0000000000000000000, -0.0000000000000000000 ) ) ;
#1134 = ADVANCED_FACE ( 'NONE', ( #2979 ), #2344, .T. ) ;
#1135 = CARTESIAN_POINT ( 'NONE',  ( 0.6828427124746188100, -3.742039477864324700, -1.413202231142060400 ) ) ;
#1136 = EDGE_CURVE ( 'NONE', #960, #3731, #4754, .T. ) ;
#1137 = CARTESIAN_POINT ( 'NONE',  ( -0.3500000000000000300, 0.01382859365527111500, 2.737314129590612900 ) ) ;
#1138 = CARTESIAN_POINT ( 'NONE',  ( 4.000000000000000000, 3.616330382358306000, 0.3118381658958450700 ) ) ;
#1139 = ORIENTED_EDGE ( 'NONE', *, *, #155, .T. ) ;
#1140 = AXIS2_PLACEMENT_3D ( 'NONE', #1357, #1371, #621 ) ;
#1141 = DIRECTION ( 'NONE',  ( 0.0000000000000000000, 0.0000000000000000000, 1.000000000000000000 ) ) ;
#1142 = EDGE_CURVE ( 'NONE', #4514, #2464, #2696, .T. ) ;
#1143 = CARTESIAN_POINT ( 'NONE',  ( 4.000000000000000000, 0.0000000000000000000, 0.0000000000000000000 ) ) ;
#1144 = CARTESIAN_POINT ( 'NONE',  ( 0.2898795043560199500, 3.390649609695961100, -1.457620430467734900 ) ) ;
#1145 = DIRECTION ( 'NONE',  ( -0.0000000000000000000, 0.5676628588212341300, 0.8232611242582170700 ) ) ;
#1146 = AXIS2_PLACEMENT_3D ( 'NONE', #2160, #3235, #683 ) ;
#1147 = DIRECTION ( 'NONE',  ( 0.0000000000000000000, -0.8225311054394263100, 0.5687201250040263600 ) ) ;
#1148 = CARTESIAN_POINT ( 'NONE',  ( 0.5414213562373099100, 0.0000000000000000000, 0.0000000000000000000 ) ) ;
#1149 = ORIENTED_EDGE ( 'NONE', *, *, #1402, .T. ) ;
#1150 = CARTESIAN_POINT ( 'NONE',  ( 1.726467076569495600, -1.432687615719286900, -3.734680712912188400 ) ) ;
#1151 = DIRECTION ( 'NONE',  ( 0.0000000000000000000, -0.9837671511830293800, -0.1794496928200959300 ) ) ;
#1152 = ORIENTED_EDGE ( 'NONE', *, *, #3546, .T. ) ;
#1153 = ADVANCED_FACE ( 'NONE', ( #1385 ), #2544, .F. ) ;
#1154 = EDGE_LOOP ( 'NONE', ( #1494, #16, #4013, #4400, #1799, #1198 ) ) ;
#1155 = ORIENTED_EDGE ( 'NONE', *, *, #95, .T. ) ;
#1156 = DIRECTION ( 'NONE',  ( 0.0000000000000000000, -0.8660254037844434800, 0.4999999999999916200 ) ) ;
#1157 = DIRECTION ( 'NONE',  ( 0.0000000000000000000, 0.0000000000000000000, -1.000000000000000000 ) ) ;
#1158 = VERTEX_POINT ( 'NONE', #367 ) ;
#1159 = ORIENTED_EDGE ( 'NONE', *, *, #796, .T. ) ;
#1160 = LINE ( 'NONE', #3212, #3813 ) ;
#1161 = DIRECTION ( 'NONE',  ( -1.000000000000000000, -0.0000000000000000000, -0.0000000000000000000 ) ) ;
#1162 = FACE_OUTER_BOUND ( 'NONE', #2031, .T. ) ;
#1163 = PLANE ( 'NONE',  #4172 ) ;
#1164 = EDGE_CURVE ( 'NONE', #4461, #1922, #4748, .T. ) ;
#1165 = CARTESIAN_POINT ( 'NONE',  ( 4.500000000000000900, 0.0000000000000000000, 1.989919402821355400 ) ) ;
#1166 = CARTESIAN_POINT ( 'NONE',  ( 0.6828427124689098200, -3.742039477892496400, 1.413202231138492400 ) ) ;
#1167 = VECTOR ( 'NONE', #2561, 1000.000000000000100 ) ;
#1168 = DIRECTION ( 'NONE',  ( -0.0000000000000000000, 0.9838700091223168100, 0.1788848935758755000 ) ) ;
#1169 = CARTESIAN_POINT ( 'NONE',  ( 2.765540635661515100, 3.727169980354323900, -1.452114929741878500 ) ) ;
#1170 = CARTESIAN_POINT ( 'NONE',  ( 4.000000000000000000, -2.078224964714753000, 2.975914896652367400 ) ) ;
#1171 = ORIENTED_EDGE ( 'NONE', *, *, #4038, .T. ) ;
#1172 = EDGE_CURVE ( 'NONE', #1884, #4660, #1806, .T. ) ;
#1173 = VECTOR ( 'NONE', #1937, 1000.000000000000000 ) ;
#1174 = VECTOR ( 'NONE', #4197, 1000.000000000000000 ) ;
#1175 = ORIENTED_EDGE ( 'NONE', *, *, #3571, .F. ) ;
#1176 = CARTESIAN_POINT ( 'NONE',  ( 0.6828427124689098200, -3.742039477892496400, 1.413202231138492400 ) ) ;
#1177 = ORIENTED_EDGE ( 'NONE', *, *, #2507, .F. ) ;
#1178 = DIRECTION ( 'NONE',  ( 0.0000000000000000000, -0.9894903569543136400, 0.1445988709998287100 ) ) ;
#1179 = CARTESIAN_POINT ( 'NONE',  ( 0.5414213562373099100, 0.0000000000000000000, 0.0000000000000000000 ) ) ;
#1180 = VECTOR ( 'NONE', #1005, 1000.000000000000000 ) ;
#1181 = VECTOR ( 'NONE', #2120, 1000.000000000000000 ) ;
#1182 = AXIS2_PLACEMENT_3D ( 'NONE', #1110, #4055, #1863 ) ;
#1183 = CARTESIAN_POINT ( 'NONE',  ( 0.6287625125013200900, -0.6482158176209053000, -3.947127742896302700 ) ) ;
#1184 = EDGE_CURVE ( 'NONE', #1680, #1938, #2913, .T. ) ;
#1185 = CARTESIAN_POINT ( 'NONE',  ( -0.3500000000000000300, -0.0003022024523184896300, -2.849192986511581700 ) ) ;
#1186 = ORIENTED_EDGE ( 'NONE', *, *, #3045, .T. ) ;
#1187 = CARTESIAN_POINT ( 'NONE',  ( 0.1660638834215061300, 2.901752530697025500, 2.072834742867039700 ) ) ;
#1188 = ADVANCED_FACE ( 'NONE', ( #2156 ), #4782, .F. ) ;
#1189 = CIRCLE ( 'NONE', #3679, 4.000000000000000000 ) ;
#1190 = CARTESIAN_POINT ( 'NONE',  ( 0.5414213562373103600, 0.6083319550973614900, -3.894192411760232000 ) ) ;
#1191 = AXIS2_PLACEMENT_3D ( 'NONE', #4768, #2564, #1379 ) ;
#1192 = ORIENTED_EDGE ( 'NONE', *, *, #2687, .F. ) ;
#1193 = CIRCLE ( 'NONE', #4465, 4.000000000000000000 ) ;
#1194 = EDGE_LOOP ( 'NONE', ( #2816, #3083, #2849, #1543 ) ) ;
#1195 = ORIENTED_EDGE ( 'NONE', *, *, #3914, .F. ) ;
#1196 = DIRECTION ( 'NONE',  ( 0.01745240643728355000, 0.8658935039207640300, -0.4999238475781783700 ) ) ;
#1197 = EDGE_CURVE ( 'NONE', #3315, #765, #1273, .T. ) ;
#1198 = ORIENTED_EDGE ( 'NONE', *, *, #17, .T. ) ;
#1199 =( BOUNDED_CURVE ( )  B_SPLINE_CURVE ( 3, ( #4617, #518, #1270, #3508 ),
 .UNSPECIFIED., .F., .F. ) 
 B_SPLINE_CURVE_WITH_KNOTS ( ( 4, 4 ),
 ( 2.077000745847982000, 2.092622056020570800 ),
 .UNSPECIFIED. ) 
 CURVE ( )  GEOMETRIC_REPRESENTATION_ITEM ( )  RATIONAL_B_SPLINE_CURVE ( ( 1.000000000000000000, 0.9999796646590899400, 0.9999796646590899400, 1.000000000000000000 ) ) 
 REPRESENTATION_ITEM ( '' )  );
#1200 = EDGE_LOOP ( 'NONE', ( #99, #4227, #4509, #1793 ) ) ;
#1201 = CARTESIAN_POINT ( 'NONE',  ( 0.5414213562373103600, 0.6083319550973614900, -3.894192411760232000 ) ) ;
#1202 = EDGE_CURVE ( 'NONE', #3849, #4510, #2224, .T. ) ;
#1203 = ORIENTED_EDGE ( 'NONE', *, *, #1284, .F. ) ;
#1204 = DIRECTION ( 'NONE',  ( 0.0000000000000000000, 0.0000000000000000000, -1.000000000000000000 ) ) ;
#1205 = EDGE_LOOP ( 'NONE', ( #2591, #4359, #282, #219 ) ) ;
#1206 = CARTESIAN_POINT ( 'NONE',  ( 4.000000000000000000, 1.808165191179116300, -3.131833979599784700 ) ) ;
#1207 = DIRECTION ( 'NONE',  ( -1.000000000000000000, -0.0000000000000000000, -0.0000000000000000000 ) ) ;
#1208 = ORIENTED_EDGE ( 'NONE', *, *, #2466, .T. ) ;
#1209 = CARTESIAN_POINT ( 'NONE',  ( 0.6828427124746195800, 0.0000000000000000000, 0.0000000000000000000 ) ) ;
#1210 = EDGE_CURVE ( 'NONE', #1097, #3041, #984, .T. ) ;
#1211 = CARTESIAN_POINT ( 'NONE',  ( -0.5000000000000000000, -2.849667141383537100, 0.0002556054465696622700 ) ) ;
#1212 = CARTESIAN_POINT ( 'NONE',  ( -0.5000000000000000000, 0.4358797207719510300, -0.4337632301709907200 ) ) ;
#1213 = ORIENTED_EDGE ( 'NONE', *, *, #2764, .T. ) ;
#1214 = AXIS2_PLACEMENT_3D ( 'NONE', #1368, #619, #1355 ) ;
#1215 = ORIENTED_EDGE ( 'NONE', *, *, #1396, .T. ) ;
#1216 = VERTEX_POINT ( 'NONE', #1437 ) ;
#1217 = EDGE_CURVE ( 'NONE', #3526, #445, #4630, .T. ) ;
#1218 = DIRECTION ( 'NONE',  ( -1.000000000000000000, 0.0000000000000000000, 0.0000000000000000000 ) ) ;
#1219 = ORIENTED_EDGE ( 'NONE', *, *, #363, .F. ) ;
#1220 = ORIENTED_EDGE ( 'NONE', *, *, #3886, .F. ) ;
#1221 = CARTESIAN_POINT ( 'NONE',  ( 0.5414213562373281200, 3.676635533357766500, 1.420265278831660500 ) ) ;
#1222 = FACE_OUTER_BOUND ( 'NONE', #1963, .T. ) ;
#1223 = VERTEX_POINT ( 'NONE', #2226 ) ;
#1224 = CARTESIAN_POINT ( 'NONE',  ( -0.3500000000000000300, 0.7337409229461024900, 0.3800760726732069800 ) ) ;
#1225 = ORIENTED_EDGE ( 'NONE', *, *, #2522, .T. ) ;
#1226 = AXIS2_PLACEMENT_3D ( 'NONE', #1229, #1161, #3073 ) ;
#1227 = FACE_OUTER_BOUND ( 'NONE', #1837, .T. ) ;
#1228 = DIRECTION ( 'NONE',  ( 0.0000000000000000000, 0.8232532873721725200, -0.5676742242086660900 ) ) ;
#1229 = CARTESIAN_POINT ( 'NONE',  ( 4.000000000000000000, 0.0000000000000000000, 0.0000000000000000000 ) ) ;
#1230 = EDGE_CURVE ( 'NONE', #3428, #3443, #1868, .T. ) ;
#1231 = FACE_BOUND ( 'NONE', #1242, .T. ) ;
#1232 = VECTOR ( 'NONE', #4341, 1000.000000000000000 ) ;
#1233 = VERTEX_POINT ( 'NONE', #3321 ) ;
#1234 = ADVANCED_FACE ( 'NONE', ( #352 ), #4415, .F. ) ;
#1235 = CARTESIAN_POINT ( 'NONE',  ( 0.1435160840384734300, -3.130906761592302100, -1.675140825583204800 ) ) ;
#1236 = VERTEX_POINT ( 'NONE', #4445 ) ;
#1237 = FACE_OUTER_BOUND ( 'NONE', #3957, .T. ) ;
#1238 = FACE_OUTER_BOUND ( 'NONE', #885, .T. ) ;
#1239 = PLANE ( 'NONE',  #2662 ) ;
#1240 = VERTEX_POINT ( 'NONE', #4745 ) ;
#1241 = DIRECTION ( 'NONE',  ( -0.0000000000000000000, -0.1794644927590070000, 0.9837644514002080700 ) ) ;
#1242 = EDGE_LOOP ( 'NONE', ( #121, #4380, #1777, #1091, #3581, #2873 ) ) ;
#1243 = VECTOR ( 'NONE', #4488, 1000.000000000000000 ) ;
#1244 = CARTESIAN_POINT ( 'NONE',  ( -0.3500000000000000300, 2.849155096921835600, 0.0002556054465696622700 ) ) ;
#1245 = CARTESIAN_POINT ( 'NONE',  ( 0.2898795043560312700, 2.957661126708005300, -2.207578482094951300 ) ) ;
#1246 = FACE_OUTER_BOUND ( 'NONE', #3617, .T. ) ;
#1247 = LINE ( 'NONE', #2165, #2828 ) ;
#1248 = ORIENTED_EDGE ( 'NONE', *, *, #4704, .F. ) ;
#1249 = B_SPLINE_CURVE_WITH_KNOTS ( 'NONE', 3,
 ( #4632, #150, #1314, #2028 ),
 .UNSPECIFIED., .F., .F.,
 ( 4, 4 ),
 ( 3.030525496135098100E-007, 0.0005743305423748679600 ),
 .UNSPECIFIED. ) ;
#1250 = VERTEX_POINT ( 'NONE', #30 ) ;
#1251 = DIRECTION ( 'NONE',  ( -1.000000000000000000, 0.0000000000000000000, 0.0000000000000000000 ) ) ;
#1252 = CARTESIAN_POINT ( 'NONE',  ( -0.3500000000000000300, -0.0006348297072971131900, -2.637172296128151800 ) ) ;
#1253 = EDGE_CURVE ( 'NONE', #1721, #4047, #3666, .T. ) ;
#1254 = CARTESIAN_POINT ( 'NONE',  ( 3.933718438465839500, 1.496389708009168600, 3.565212652512030500 ) ) ;
#1255 = CARTESIAN_POINT ( 'NONE',  ( 0.5770714368074096900, -1.415012741816651400, 3.716882107600224300 ) ) ;
#1256 = CARTESIAN_POINT ( 'NONE',  ( 3.800000000000015400, 3.956929685032730700, 0.5854122203257979800 ) ) ;
#1257 = EDGE_CURVE ( 'NONE', #3747, #2804, #601, .T. ) ;
#1258 = CARTESIAN_POINT ( 'NONE',  ( -0.3500000000000000300, 1.600248128395219200, -1.581210277290207500 ) ) ;
#1259 = ORIENTED_EDGE ( 'NONE', *, *, #2312, .F. ) ;
#1260 = ORIENTED_EDGE ( 'NONE', *, *, #3405, .T. ) ;
#1261 = AXIS2_PLACEMENT_3D ( 'NONE', #3626, #3281, #1425 ) ;
#1262 = PLANE ( 'NONE',  #4183 ) ;
#1263 = EDGE_CURVE ( 'NONE', #1921, #1994, #1037, .T. ) ;
#1264 = CARTESIAN_POINT ( 'NONE',  ( 4.000000000000000000, -1.238297456973980200, -1.567166197742289700 ) ) ;
#1265 = ORIENTED_EDGE ( 'NONE', *, *, #4411, .T. ) ;
#1266 = ORIENTED_EDGE ( 'NONE', *, *, #4027, .T. ) ;
#1267 = ORIENTED_EDGE ( 'NONE', *, *, #3663, .T. ) ;
#1268 = DIRECTION ( 'NONE',  ( 0.01745240643728355300, 0.7845048483332589500, 0.6198770494631643500 ) ) ;
#1269 = EDGE_LOOP ( 'NONE', ( #2719, #1971, #3039, #504 ) ) ;
#1270 = CARTESIAN_POINT ( 'NONE',  ( 2.765540635663499300, -0.6060165718064882700, -3.953881352080462100 ) ) ;
#1271 = LINE ( 'NONE', #647, #1505 ) ;
#1272 = CARTESIAN_POINT ( 'NONE',  ( -0.3500000000000000300, 0.3764020410070223500, 0.7637271773021223600 ) ) ;
#1273 = CIRCLE ( 'NONE', #528, 3.298168836287699500 ) ;
#1274 = CARTESIAN_POINT ( 'NONE',  ( -0.3500000000000000300, -0.4507851723396528200, 0.3991185968262809200 ) ) ;
#1275 = ORIENTED_EDGE ( 'NONE', *, *, #775, .T. ) ;
#1276 = CARTESIAN_POINT ( 'NONE',  ( 0.4151494614775407300, -2.341170779730749700, -3.013139154617866700 ) ) ;
#1277 = CARTESIAN_POINT ( 'NONE',  ( 1.726467076573269900, 3.108084227355780700, -2.517984564546799300 ) ) ;
#1278 = TOROIDAL_SURFACE ( 'NONE', #536, 3.799999999999999800, 0.2000000000000000100 ) ;
#1279 = FACE_OUTER_BOUND ( 'NONE', #2939, .T. ) ;
#1280 = ORIENTED_EDGE ( 'NONE', *, *, #2568, .T. ) ;
#1281 = ORIENTED_EDGE ( 'NONE', *, *, #2108, .T. ) ;
#1282 = CARTESIAN_POINT ( 'NONE',  ( 4.000000000000000000, -0.7380570107101889200, 1.855980154052522700 ) ) ;
#1283 = ORIENTED_EDGE ( 'NONE', *, *, #115, .T. ) ;
#1284 = EDGE_CURVE ( 'NONE', #4589, #2188, #4241, .T. ) ;
#1285 = CARTESIAN_POINT ( 'NONE',  ( 0.6828427124746188100, -3.742039477864324700, -1.413202231142060400 ) ) ;
#1286 = VECTOR ( 'NONE', #3884, 1000.000000000000100 ) ;
#1287 = VECTOR ( 'NONE', #2394, 1000.000000000000000 ) ;
#1288 = CARTESIAN_POINT ( 'NONE',  ( 0.6828427124746188100, -3.947302365365831000, 0.6471507060780514700 ) ) ;
#1289 = FACE_OUTER_BOUND ( 'NONE', #3237, .T. ) ;
#1290 = DIRECTION ( 'NONE',  ( 0.0000000000000000000, -0.6199714741215550700, -0.7846243504222552000 ) ) ;
#1291 = EDGE_CURVE ( 'NONE', #4510, #2008, #2284, .T. ) ;
#1292 = CARTESIAN_POINT ( 'NONE',  ( 3.800000000000015400, -1.471482988028732800, 3.719507738389857800 ) ) ;
#1293 = ORIENTED_EDGE ( 'NONE', *, *, #2101, .F. ) ;
#1294 = CARTESIAN_POINT ( 'NONE',  ( 0.5414213562373277900, 3.894192411760167200, -0.6083319550979152700 ) ) ;
#1295 = DIRECTION ( 'NONE',  ( 0.0000000000000000000, 0.0000000000000000000, -1.000000000000000000 ) ) ;
#1296 = ORIENTED_EDGE ( 'NONE', *, *, #268, .F. ) ;
#1297 = CARTESIAN_POINT ( 'NONE',  ( -0.5000000000000000000, -1.517345915290555100, -2.734393873397825000 ) ) ;
#1298 = EDGE_LOOP ( 'NONE', ( #1655, #1879, #1478, #2888 ) ) ;
#1299 = B_SPLINE_CURVE_WITH_KNOTS ( 'NONE', 3,
 ( #1129, #1487, #13, #2649 ),
 .UNSPECIFIED., .F., .F.,
 ( 4, 4 ),
 ( 5.831080925307340100E-006, 0.0006943336405676700800 ),
 .UNSPECIFIED. ) ;
#1300 = CARTESIAN_POINT ( 'NONE',  ( -0.5000000000000000000, -1.465884282348390200, 3.238750776537100900 ) ) ;
#1301 = CARTESIAN_POINT ( 'NONE',  ( -0.5000000000000000000, 1.515284590812818100, 2.729669879841181600 ) ) ;
#1302 = VERTEX_POINT ( 'NONE', #3837 ) ;
#1303 = B_SPLINE_CURVE_WITH_KNOTS ( 'NONE', 3,
 ( #4016, #27, #1805, #1047 ),
 .UNSPECIFIED., .F., .F.,
 ( 4, 4 ),
 ( 5.831080925306040700E-006, 0.0003500823607463940100 ),
 .UNSPECIFIED. ) ;
#1304 = AXIS2_PLACEMENT_3D ( 'NONE', #4756, #360, #4032 ) ;
#1306 = ORIENTED_EDGE ( 'NONE', *, *, #3242, .F. ) ;
#1305 = CARTESIAN_POINT ( 'NONE',  ( -0.3500000000000000300, 1.530087876240711500, -1.524891394949245100 ) ) ;
#1307 = CARTESIAN_POINT ( 'NONE',  ( 0.6828427124746188100, 2.534100134223327100, 3.094888771786366500 ) ) ;
#1308 = ORIENTED_EDGE ( 'NONE', *, *, #184, .F. ) ;
#1309 = ADVANCED_FACE ( 'NONE', ( #179 ), #4127, .F. ) ;
#1310 = CARTESIAN_POINT ( 'NONE',  ( 4.000000000000000000, -1.508903877461160100, 3.487579259111212700 ) ) ;
#1311 = EDGE_CURVE ( 'NONE', #2543, #887, #4042, .T. ) ;
#1312 = CARTESIAN_POINT ( 'NONE',  ( -0.5000000000000000000, 0.7641227918010564700, 0.3745088796485753200 ) ) ;
#1313 = CARTESIAN_POINT ( 'NONE',  ( -0.3500000000000000300, -2.740017273875385400, -0.01300691249285468500 ) ) ;
#1314 = CARTESIAN_POINT ( 'NONE',  ( 0.2898795043561854200, -0.4329884829883198800, -3.665198912562443100 ) ) ;
#1315 = EDGE_CURVE ( 'NONE', #2275, #378, #3880, .T. ) ;
#1316 = ORIENTED_EDGE ( 'NONE', *, *, #1253, .F. ) ;
#1317 = ORIENTED_EDGE ( 'NONE', *, *, #2580, .F. ) ;
#1318 = CARTESIAN_POINT ( 'NONE',  ( 0.5414213562373099100, 0.0000000000000000000, 0.0000000000000000000 ) ) ;
#1319 = ORIENTED_EDGE ( 'NONE', *, *, #1003, .T. ) ;
#1320 = DIRECTION ( 'NONE',  ( 0.0000000000000000000, 0.8224326114880964300, 0.5688625489174602400 ) ) ;
#1321 = ORIENTED_EDGE ( 'NONE', *, *, #2481, .F. ) ;
#1322 = ORIENTED_EDGE ( 'NONE', *, *, #3096, .F. ) ;
#1323 = VECTOR ( 'NONE', #1362, 1000.000000000000000 ) ;
#1324 = VERTEX_POINT ( 'NONE', #4503 ) ;
#1325 = EDGE_CURVE ( 'NONE', #1865, #1643, #3196, .T. ) ;
#1326 = ORIENTED_EDGE ( 'NONE', *, *, #3129, .F. ) ;
#1327 = DIRECTION ( 'NONE',  ( -0.0000000000000000000, 0.4999999999999827400, 0.8660254037844485900 ) ) ;
#1328 = CIRCLE ( 'NONE', #2117, 4.000000000000000000 ) ;
#1329 = CARTESIAN_POINT ( 'NONE',  ( -0.3500000000000000300, -0.4507851723396528200, 0.3991185968262808100 ) ) ;
#1330 = CARTESIAN_POINT ( 'NONE',  ( 4.000000000000000000, -2.078224964715126500, -2.975914896651820300 ) ) ;
#1331 = ADVANCED_FACE ( 'NONE', ( #3635 ), #2760, .F. ) ;
#1332 = LINE ( 'NONE', #2784, #2458 ) ;
#1333 = VECTOR ( 'NONE', #1473, 1000.000000000000000 ) ;
#1334 = ORIENTED_EDGE ( 'NONE', *, *, #3118, .T. ) ;
#1335 = DIRECTION ( 'NONE',  ( 0.0000000000000000000, 0.1798235951207325700, -0.9836988739639052100 ) ) ;
#1336 = CARTESIAN_POINT ( 'NONE',  ( -0.5000000000000000000, -2.739855535851734000, 0.01426722581132477800 ) ) ;
#1337 = ORIENTED_EDGE ( 'NONE', *, *, #2429, .T. ) ;
#1338 = EDGE_CURVE ( 'NONE', #3795, #2663, #3244, .T. ) ;
#1339 = LINE ( 'NONE', #3060, #4051 ) ;
#1340 = LINE ( 'NONE', #4029, #1118 ) ;
#1341 = DIRECTION ( 'NONE',  ( 0.0000000000000000000, -0.9835193818054731600, 0.1808027256790672200 ) ) ;
#1342 = EDGE_LOOP ( 'NONE', ( #2972, #3844, #4569, #4648 ) ) ;
#1343 = FACE_OUTER_BOUND ( 'NONE', #1031, .T. ) ;
#1344 = ADVANCED_FACE ( 'NONE', ( #1227 ), #1485, .T. ) ;
#1345 = EDGE_CURVE ( 'NONE', #1391, #4266, #477, .T. ) ;
#1346 = CARTESIAN_POINT ( 'NONE',  ( -0.3500000000000000300, 1.600248128395219200, -1.581210277290207500 ) ) ;
#1347 = VECTOR ( 'NONE', #2223, 1000.000000000000000 ) ;
#1348 = FACE_BOUND ( 'NONE', #1359, .T. ) ;
#1349 = CARTESIAN_POINT ( 'NONE',  ( -0.3500000000000000300, -0.01426274800436533100, 2.737314129590612900 ) ) ;
#1350 = AXIS2_PLACEMENT_3D ( 'NONE', #4069, #2641, #1821 ) ;
#1351 = CARTESIAN_POINT ( 'NONE',  ( 0.1435183544346320900, 1.873894413464022300, -3.016156369887067700 ) ) ;
#1352 = EDGE_CURVE ( 'NONE', #3770, #383, #239, .T. ) ;
#1353 = DIRECTION ( 'NONE',  ( 0.0000000000000000000, 0.0000000000000000000, -1.000000000000000000 ) ) ;
#1354 = ORIENTED_EDGE ( 'NONE', *, *, #2236, .T. ) ;
#1355 = DIRECTION ( 'NONE',  ( 0.0000000000000000000, -0.1794452163547132200, 0.9837679677278632400 ) ) ;
#1356 = AXIS2_PLACEMENT_3D ( 'NONE', #3857, #605, #2825 ) ;
#1357 = CARTESIAN_POINT ( 'NONE',  ( 4.000000000000000000, 0.0000000000000000000, 0.0000000000000000000 ) ) ;
#1358 = VERTEX_POINT ( 'NONE', #3722 ) ;
#1359 = EDGE_LOOP ( 'NONE', ( #3975, #2928 ) ) ;
#1360 = DIRECTION ( 'NONE',  ( 0.0000000000000000000, 0.7846243504222484300, -0.6199714741215637300 ) ) ;
#1361 = CARTESIAN_POINT ( 'NONE',  ( -0.5000000000000000000, -0.3733047737830299000, 0.7656339834756988900 ) ) ;
#1362 = DIRECTION ( 'NONE',  ( -0.9998119760941958100, -0.001405659404126389100, -0.01934002534276626400 ) ) ;
#1363 = ADVANCED_FACE ( 'NONE', ( #3091 ), #292, .T. ) ;
#1364 = CARTESIAN_POINT ( 'NONE',  ( 3.800000000000015400, -2.485446697004026100, 3.134095518064466300 ) ) ;
#1365 = SURFACE_SIDE_STYLE ('',( #4046 ) ) ;
#1366 = CARTESIAN_POINT ( 'NONE',  ( -0.5000000000000000000, -2.739855535851734000, 0.01426722581132477800 ) ) ;
#1367 = B_SPLINE_CURVE_WITH_KNOTS ( 'NONE', 3,
 ( #3241, #1386, #1781, #3630 ),
 .UNSPECIFIED., .F., .F.,
 ( 4, 4 ),
 ( 5.831080925303492000E-006, 0.0003500823607470207300 ),
 .UNSPECIFIED. ) ;
#1368 = CARTESIAN_POINT ( 'NONE',  ( -0.3500000000000000300, -0.01422933622158328900, -2.741961510399197900 ) ) ;
#1369 = EDGE_CURVE ( 'NONE', #1233, #4268, #4279, .T. ) ;
#1370 = ORIENTED_EDGE ( 'NONE', *, *, #2329, .T. ) ;
#1371 = DIRECTION ( 'NONE',  ( -1.000000000000000000, 0.0000000000000000000, 0.0000000000000000000 ) ) ;
#1372 = ORIENTED_EDGE ( 'NONE', *, *, #913, .T. ) ;
#1373 = VERTEX_POINT ( 'NONE', #4218 ) ;
#1374 = ORIENTED_EDGE ( 'NONE', *, *, #1164, .F. ) ;
#1375 = ORIENTED_EDGE ( 'NONE', *, *, #2759, .T. ) ;
#1376 = AXIS2_PLACEMENT_3D ( 'NONE', #740, #3297, #1103 ) ;
#1377 = EDGE_CURVE ( 'NONE', #1948, #3452, #700, .T. ) ;
#1378 = ORIENTED_EDGE ( 'NONE', *, *, #4731, .F. ) ;
#1379 = DIRECTION ( 'NONE',  ( 0.0000000000000000000, 0.0000000000000000000, 1.000000000000000000 ) ) ;
#1380 = PLANE ( 'NONE',  #4701 ) ;
#1381 = CARTESIAN_POINT ( 'NONE',  ( 0.6828427124746195800, 0.0000000000000000000, 0.0000000000000000000 ) ) ;
#1382 = LINE ( 'NONE', #860, #4690 ) ;
#1383 = CARTESIAN_POINT ( 'NONE',  ( 0.5414213562373105800, -3.894192411760255500, -0.6083319550972150500 ) ) ;
#1384 = PLANE ( 'NONE',  #1559 ) ;
#1385 = FACE_OUTER_BOUND ( 'NONE', #2231, .T. ) ;
#1386 = CARTESIAN_POINT ( 'NONE',  ( 0.1547905513575517900, -0.2295008532144772500, -3.549212001769765500 ) ) ;
#1387 = B_SPLINE_CURVE_WITH_KNOTS ( 'NONE', 3,
 ( #2720, #4181, #2731, #4134 ),
 .UNSPECIFIED., .F., .F.,
 ( 4, 4 ),
 ( 1.617999822216685800E-005, 0.0007046824674733482100 ),
 .UNSPECIFIED. ) ;
#1388 = EDGE_LOOP ( 'NONE', ( #1155, #2582, #64, #1280 ) ) ;
#1389 = LINE ( 'NONE', #1059, #3485 ) ;
#1390 = VECTOR ( 'NONE', #4493, 999.9999999999998900 ) ;
#1391 = VERTEX_POINT ( 'NONE', #1674 ) ;
#1392 = AXIS2_PLACEMENT_3D ( 'NONE', #457, #1933, #1536 ) ;
#1393 = ORIENTED_EDGE ( 'NONE', *, *, #2375, .T. ) ;
#1394 = TOROIDAL_SURFACE ( 'NONE', #2848, 3.799999999999999800, 0.2000000000000000100 ) ;
#1395 = LINE ( 'NONE', #3853, #3049 ) ;
#1396 = EDGE_CURVE ( 'NONE', #510, #1123, #1577, .T. ) ;
#1397 = VECTOR ( 'NONE', #4176, 1000.000000000000000 ) ;
#1398 = DIRECTION ( 'NONE',  ( 0.0000000000000000000, 0.0000000000000000000, -1.000000000000000000 ) ) ;
#1399 = CARTESIAN_POINT ( 'NONE',  ( 3.933718438465840400, 0.4866948251580163200, -3.835759580973765500 ) ) ;
#1400 = SURFACE_STYLE_FILL_AREA ( #3516 ) ;
#1401 = DIRECTION ( 'NONE',  ( 0.0000000000000000000, 0.1794830900077979100, -0.9837610585915935700 ) ) ;
#1402 = EDGE_CURVE ( 'NONE', #3731, #2986, #1930, .T. ) ;
#1403 = VERTEX_POINT ( 'NONE', #1294 ) ;
#1404 = DIRECTION ( 'NONE',  ( 0.0000000000000000000, 0.7028600079314726300, -0.7113282007980353800 ) ) ;
#1405 = EDGE_LOOP ( 'NONE', ( #1296, #1094, #3115, #2533 ) ) ;
#1406 = EDGE_LOOP ( 'NONE', ( #3191, #2214, #405, #2309 ) ) ;
#1407 = CARTESIAN_POINT ( 'NONE',  ( 2.765540635663467300, -3.121153408548727400, -2.501766422338099500 ) ) ;
#1408 = DIRECTION ( 'NONE',  ( 1.000000000000000000, -0.0000000000000000000, -0.0000000000000000000 ) ) ;
#1409 = ADVANCED_FACE ( 'NONE', ( #1108 ), #2806, .F. ) ;
#1410 = STYLED_ITEM ( 'NONE', ( #879 ), #1012 ) ;
#1411 = ORIENTED_EDGE ( 'NONE', *, *, #1644, .T. ) ;
#1412 = EDGE_CURVE ( 'NONE', #749, #1517, #1328, .T. ) ;
#1413 = CARTESIAN_POINT ( 'NONE',  ( -0.3500000000000000300, -0.3751349672085616500, -0.7633777044326348600 ) ) ;
#1414 = CARTESIAN_POINT ( 'NONE',  ( -0.4940862277298009900, 1.465979193314203000, 3.238815173950302800 ) ) ;
#1415 = DIRECTION ( 'NONE',  ( 0.0000000000000000000, -0.8232490318544014600, 0.5676803956019537100 ) ) ;
#1416 = DIRECTION ( 'NONE',  ( 0.01745240643728355000, -0.4999238475781827000, -0.8658935039207615900 ) ) ;
#1417 = EDGE_LOOP ( 'NONE', ( #24, #2018, #4152, #105 ) ) ;
#1418 = DIRECTION ( 'NONE',  ( 0.0000000000000000000, 0.6199714741215771600, -0.7846243504222377700 ) ) ;
#1419 = VERTEX_POINT ( 'NONE', #3531 ) ;
#1420 = AXIS2_PLACEMENT_3D ( 'NONE', #4713, #4304, #3916 ) ;
#1421 = EDGE_CURVE ( 'NONE', #456, #2020, #3527, .T. ) ;
#1422 = DIRECTION ( 'NONE',  ( -1.000000000000000000, -0.0000000000000000000, -0.0000000000000000000 ) ) ;
#1423 = DIRECTION ( 'NONE',  ( 0.7071067811865465700, 0.0000000000000000000, -0.7071067811865485700 ) ) ;
#1424 = ORIENTED_EDGE ( 'NONE', *, *, #604, .T. ) ;
#1425 = DIRECTION ( 'NONE',  ( 0.0000000000000000000, 0.7071064753665270400, -0.7071070870064358700 ) ) ;
#1426 = VERTEX_POINT ( 'NONE', #3268 ) ;
#1427 = EDGE_LOOP ( 'NONE', ( #2945, #3094, #4430, #1925 ) ) ;
#1428 = CARTESIAN_POINT ( 'NONE',  ( 0.6828427124746195800, 0.0000000000000000000, 0.0000000000000000000 ) ) ;
#1429 = CARTESIAN_POINT ( 'NONE',  ( -0.5000000000000000000, 0.4358797207719509700, -0.4337632301709910000 ) ) ;
#1430 = EDGE_CURVE ( 'NONE', #3808, #4450, #2563, .T. ) ;
#1431 = ORIENTED_EDGE ( 'NONE', *, *, #4659, .F. ) ;
#1432 = CARTESIAN_POINT ( 'NONE',  ( 1.726467076573338300, -2.517984564546241100, 3.108084227356232800 ) ) ;
#1433 = ORIENTED_EDGE ( 'NONE', *, *, #3608, .T. ) ;
#1434 = ADVANCED_FACE ( 'NONE', ( #3930 ), #3890, .T. ) ;
#1435 = VECTOR ( 'NONE', #1133, 1000.000000000000000 ) ;
#1436 = ORIENTED_EDGE ( 'NONE', *, *, #3632, .F. ) ;
#1437 = CARTESIAN_POINT ( 'NONE',  ( 0.5414213562373108000, -0.6083319550976703500, 3.894192411760184500 ) ) ;
#1438 = PLANE ( 'NONE',  #3345 ) ;
#1439 = CARTESIAN_POINT ( 'NONE',  ( 0.1435160840385961400, -1.675140825583693700, 3.130906761592180000 ) ) ;
#1440 = VECTOR ( 'NONE', #1669, 1000.000000000000100 ) ;
#1441 = EDGE_CURVE ( 'NONE', #2741, #1659, #3184, .T. ) ;
#1442 = B_SPLINE_CURVE_WITH_KNOTS ( 'NONE', 3,
 ( #1256, #4222, #1595, #2029 ),
 .UNSPECIFIED., .F., .F.,
 ( 4, 4 ),
 ( 3.068613754563482600E-007, 0.0003088374797367406300 ),
 .UNSPECIFIED. ) ;
#1443 = CARTESIAN_POINT ( 'NONE',  ( 3.933718438465839500, 3.565212652511963800, 1.496389708009326700 ) ) ;
#1444 = CARTESIAN_POINT ( 'NONE',  ( 0.1660638834215061300, 2.901752530697025500, 2.072834742867039700 ) ) ;
#1445 = DIRECTION ( 'NONE',  ( 0.0000000000000000000, -0.7050439625149885800, -0.7091635995460874300 ) ) ;
#1446 = CIRCLE ( 'NONE', #3085, 0.2000000000000000900 ) ;
#1447 = ORIENTED_EDGE ( 'NONE', *, *, #3450, .F. ) ;
#1448 = CARTESIAN_POINT ( 'NONE',  ( -0.3500000000000000300, -0.7591940536514058000, 0.3763390730740987500 ) ) ;
#1449 = CARTESIAN_POINT ( 'NONE',  ( 3.800000000000015400, 3.956929685032730700, -0.5854122203257979800 ) ) ;
#1450 = B_SPLINE_CURVE_WITH_KNOTS ( 'NONE', 3,
 ( #495, #2365, #1635, #2413 ),
 .UNSPECIFIED., .F., .F.,
 ( 4, 4 ),
 ( 2.994722214286522800E-007, 0.0001603664431302782400 ),
 .UNSPECIFIED. ) ;
#1451 = CARTESIAN_POINT ( 'NONE',  ( 3.933718438465839500, -0.4866948251583306200, 3.835759580973725500 ) ) ;
#1452 = EDGE_CURVE ( 'NONE', #2350, #3925, #4520, .T. ) ;
#1453 = EDGE_LOOP ( 'NONE', ( #3677, #1572, #2511, #2199 ) ) ;
#1454 = LINE ( 'NONE', #4009, #883 ) ;
#1455 = CIRCLE ( 'NONE', #2140, 3.105916497100035900 ) ;
#1456 = CARTESIAN_POINT ( 'NONE',  ( 4.000000000000000000, -6.275442463642741600E-014, 3.616330382358770500 ) ) ;
#1457 = ORIENTED_EDGE ( 'NONE', *, *, #4472, .T. ) ;
#1458 = FACE_OUTER_BOUND ( 'NONE', #1024, .T. ) ;
#1459 = CARTESIAN_POINT ( 'NONE',  ( 0.5414213562373275700, 3.894192411760167600, 0.6083319550979153800 ) ) ;
#1460 = CARTESIAN_POINT ( 'NONE',  ( 0.4151494614774390300, 3.780040442901966700, -0.5209437925353397300 ) ) ;
#1461 = ADVANCED_FACE ( 'NONE', ( #3534 ), #2822, .F. ) ;
#1462 = TOROIDAL_SURFACE ( 'NONE', #3113, 3.799999999999999800, 0.2000000000000000100 ) ;
#1463 = CARTESIAN_POINT ( 'NONE',  ( 0.5414213562373104700, 2.473927132928456900, -3.068303578260133300 ) ) ;
#1464 = ORIENTED_EDGE ( 'NONE', *, *, #2889, .F. ) ;
#1465 = EDGE_CURVE ( 'NONE', #2851, #1158, #3819, .T. ) ;
#1466 = LINE ( 'NONE', #3535, #1065 ) ;
#1467 = CARTESIAN_POINT ( 'NONE',  ( -0.5000000000000000000, -0.3996595591106602000, -0.4498519076669932900 ) ) ;
#1468 = CARTESIAN_POINT ( 'NONE',  ( -0.5000000000000000000, 0.01382859365527111500, 2.737314129590612900 ) ) ;
#1469 = CARTESIAN_POINT ( 'NONE',  ( 4.000000000000000000, 2.265880297371451100, 3.050538719305804700 ) ) ;
#1470 = ORIENTED_EDGE ( 'NONE', *, *, #106, .T. ) ;
#1471 = ORIENTED_EDGE ( 'NONE', *, *, #2279, .F. ) ;
#1472 = CARTESIAN_POINT ( 'NONE',  ( 4.000000000000000000, 2.265880297371451100, 3.050538719305804700 ) ) ;
#1473 = DIRECTION ( 'NONE',  ( -0.0000000000000000000, -0.7081629508601702300, 0.7060490316040495300 ) ) ;
#1474 = DIRECTION ( 'NONE',  ( 0.0000000000000000000, 0.8225168052926367100, -0.5687408065289447600 ) ) ;
#1475 = CARTESIAN_POINT ( 'NONE',  ( 0.1660638834219181900, -2.072834742867097500, 2.901752530697490500 ) ) ;
#1476 = ORIENTED_EDGE ( 'NONE', *, *, #1796, .T. ) ;
#1477 = CARTESIAN_POINT ( 'NONE',  ( 0.5414213562373277900, 3.894192411760167200, -0.6083319550979152700 ) ) ;
#1478 = ORIENTED_EDGE ( 'NONE', *, *, #1969, .F. ) ;
#1479 = AXIS2_PLACEMENT_3D ( 'NONE', #2617, #1062, #3711 ) ;
#1480 = CARTESIAN_POINT ( 'NONE',  ( 0.1491128979610898400, -1.013686263209000200E-022, -3.549112897961087800 ) ) ;
#1481 = CARTESIAN_POINT ( 'NONE',  ( 2.765540635663430900, -2.501766422338939300, -3.121153408548054600 ) ) ;
#1482 = CARTESIAN_POINT ( 'NONE',  ( -0.5000000000000000000, -4.102746436075284100, 0.7962889350207705800 ) ) ;
#1483 = CARTESIAN_POINT ( 'NONE',  ( 0.1660638834217368900, -2.901752530697613100, -2.072834742866614300 ) ) ;
#1484 = ADVANCED_FACE ( 'NONE', ( #10 ), #3541, .T. ) ;
#1485 = PLANE ( 'NONE',  #3499 ) ;
#1486 =( GEOMETRIC_REPRESENTATION_CONTEXT ( 3 ) GLOBAL_UNCERTAINTY_ASSIGNED_CONTEXT ( ( #3078 ) ) GLOBAL_UNIT_ASSIGNED_CONTEXT ( ( #1608, #4179, #1986 ) ) REPRESENTATION_CONTEXT ( 'NONE', 'WORKASPACE' ) );
#1487 = CARTESIAN_POINT ( 'NONE',  ( 0.1435172192940704900, -3.549015225027084300, 0.1147504266074151100 ) ) ;
#1488 = ORIENTED_EDGE ( 'NONE', *, *, #2916, .T. ) ;
#1489 = VERTEX_POINT ( 'NONE', #2801 ) ;
#1490 = CARTESIAN_POINT ( 'NONE',  ( -0.3500000000000000300, 0.01196371108239513400, -2.741995560509439900 ) ) ;
#1491 = EDGE_CURVE ( 'NONE', #1419, #232, #4688, .T. ) ;
#1492 = CARTESIAN_POINT ( 'NONE',  ( -0.3500000000000000300, -0.0006348297072971131900, 0.04897280067591314200 ) ) ;
#1493 = CARTESIAN_POINT ( 'NONE',  ( -0.3500000000000000300, -0.7636807751848183600, -0.3763215887794814100 ) ) ;
#1494 = ORIENTED_EDGE ( 'NONE', *, *, #1673, .T. ) ;
#1495 = EDGE_LOOP ( 'NONE', ( #630, #4618, #1195, #4252 ) ) ;
#1496 = VERTEX_POINT ( 'NONE', #1656 ) ;
#1497 = CARTESIAN_POINT ( 'NONE',  ( 3.800000000000001200, -3.134095518064369000, 2.485446697004149100 ) ) ;
#1498 = EDGE_LOOP ( 'NONE', ( #3826, #1797, #523, #923 ) ) ;
#1500 = ORIENTED_EDGE ( 'NONE', *, *, #1776, .T. ) ;
#1499 = DIRECTION ( 'NONE',  ( -1.000000000000000000, 0.0000000000000000000, 0.0000000000000000000 ) ) ;
#1501 = CARTESIAN_POINT ( 'NONE',  ( -0.3500000000000000300, 2.730857209087098200, 1.514634258478215800 ) ) ;
#1502 = CARTESIAN_POINT ( 'NONE',  ( -0.3500000000000000300, 2.739334978862470100, 0.01330531019698044700 ) ) ;
#1503 = DIRECTION ( 'NONE',  ( 0.0000000000000000000, 0.7081629508601702300, -0.7060490316040495300 ) ) ;
#1504 = EDGE_CURVE ( 'NONE', #3125, #851, #3299, .T. ) ;
#1505 = VECTOR ( 'NONE', #3952, 1000.000000000000100 ) ;
#1506 = ORIENTED_EDGE ( 'NONE', *, *, #300, .T. ) ;
#1507 = DIRECTION ( 'NONE',  ( -0.0000000000000000000, -0.7071064753665270400, 0.7071070870064357600 ) ) ;
#1508 = LINE ( 'NONE', #4408, #3934 ) ;
#1509 = AXIS2_PLACEMENT_3D ( 'NONE', #3685, #4001, #2245 ) ;
#1510 = ORIENTED_EDGE ( 'NONE', *, *, #439, .T. ) ;
#1511 = DIRECTION ( 'NONE',  ( -0.0000000000000000000, -0.9836876070876796600, 0.1798852180200326600 ) ) ;
#1512 = EDGE_CURVE ( 'NONE', #101, #1938, #1979, .T. ) ;
#1513 = DIRECTION ( 'NONE',  ( -0.9998119760941958100, 0.01088734942442520300, 0.01604612355460713700 ) ) ;
#1514 = FACE_OUTER_BOUND ( 'NONE', #401, .T. ) ;
#1515 = LINE ( 'NONE', #1087, #3708 ) ;
#1516 = CARTESIAN_POINT ( 'NONE',  ( 3.867028257739605100, -2.412543071860599100, 3.106363447952025700 ) ) ;
#1517 = VERTEX_POINT ( 'NONE', #1710 ) ;
#1518 = ADVANCED_FACE ( 'NONE', ( #415 ), #4297, .T. ) ;
#1519 = CARTESIAN_POINT ( 'NONE',  ( 0.5414213562373106900, -1.420265278832085100, -3.676635533357580000 ) ) ;
#1520 = CARTESIAN_POINT ( 'NONE',  ( 0.6292760809697550700, -3.742417184884010900, 1.412202095029645900 ) ) ;
#1521 = EDGE_LOOP ( 'NONE', ( #2832, #4467, #677, #1620 ) ) ;
#1522 = ORIENTED_EDGE ( 'NONE', *, *, #3968, .T. ) ;
#1523 = DIRECTION ( 'NONE',  ( -1.000000000000000000, 0.0000000000000000000, 0.0000000000000000000 ) ) ;
#1524 = FACE_OUTER_BOUND ( 'NONE', #3918, .T. ) ;
#1525 = DIRECTION ( 'NONE',  ( -1.000000000000000000, 0.0000000000000000000, 0.0000000000000000000 ) ) ;
#1526 = FACE_OUTER_BOUND ( 'NONE', #976, .T. ) ;
#1527 = CARTESIAN_POINT ( 'NONE',  ( -0.3500000000000000300, 1.528419420838835800, 1.529352418630502100 ) ) ;
#1528 = DIRECTION ( 'NONE',  ( 0.0000000000000000000, -0.7060490316040495300, -0.7081629508601702300 ) ) ;
#1529 = AXIS2_PLACEMENT_3D ( 'NONE', #2585, #2535, #3245 ) ;
#1530 = VECTOR ( 'NONE', #4746, 1000.000000000000000 ) ;
#1531 = B_SPLINE_CURVE_WITH_KNOTS ( 'NONE', 3,
 ( #2659, #3745, #4479, #1545 ),
 .UNSPECIFIED., .F., .F.,
 ( 4, 4 ),
 ( 1.617999822217606300E-005, 0.0007046824674734829800 ),
 .UNSPECIFIED. ) ;
#1532 = DIRECTION ( 'NONE',  ( 0.0000000000000000000, 0.0000000000000000000, -1.000000000000000000 ) ) ;
#1533 = VECTOR ( 'NONE', #4419, 1000.000000000000000 ) ;
#1534 = CARTESIAN_POINT ( 'NONE',  ( 4.000000000000000000, -3.774784174832638500, -0.4370405398050785100 ) ) ;
#1535 = DIRECTION ( 'NONE',  ( 0.0000000000000000000, 0.9894903569543146400, -0.1445988709998215800 ) ) ;
#1536 = DIRECTION ( 'NONE',  ( 0.0000000000000000000, 0.0000000000000000000, 1.000000000000000000 ) ) ;
#1537 = VERTEX_POINT ( 'NONE', #4642 ) ;
#1538 = DIRECTION ( 'NONE',  ( 0.0000000000000000000, 0.7092316648904566400, -0.7049754928483053000 ) ) ;
#1539 = DIRECTION ( 'NONE',  ( -1.000000000000000000, -0.0000000000000000000, -0.0000000000000000000 ) ) ;
#1540 = CARTESIAN_POINT ( 'NONE',  ( 4.000000000000000000, 0.0000000000000000000, 1.989919402821355400 ) ) ;
#1541 = EDGE_CURVE ( 'NONE', #3925, #2331, #2456, .T. ) ;
#1542 = ORIENTED_EDGE ( 'NONE', *, *, #3006, .T. ) ;
#1543 = ORIENTED_EDGE ( 'NONE', *, *, #1699, .T. ) ;
#1544 = CARTESIAN_POINT ( 'NONE',  ( 0.5770714368074212300, -3.716882107600429000, -1.415012741816148200 ) ) ;
#1545 = CARTESIAN_POINT ( 'NONE',  ( 0.1660638834212815900, 3.246003810518038400, -1.476574035646039300 ) ) ;
#1546 = CARTESIAN_POINT ( 'NONE',  ( 2.765540635661692700, -1.452114929742435600, -3.727169980354107200 ) ) ;
#1547 = ORIENTED_EDGE ( 'NONE', *, *, #4704, .T. ) ;
#1548 = ADVANCED_FACE ( 'NONE', ( #289 ), #4259, .T. ) ;
#1549 = CARTESIAN_POINT ( 'NONE',  ( 3.800000000000001200, -3.719507738389783200, 1.471482988028920200 ) ) ;
#1550 = ORIENTED_EDGE ( 'NONE', *, *, #2861, .F. ) ;
#1551 = CARTESIAN_POINT ( 'NONE',  ( -0.3500000000000000300, 0.3813478195197339500, -0.7305789357416188100 ) ) ;
#1552 = EDGE_CURVE ( 'NONE', #3480, #695, #3243, .T. ) ;
#1553 = CARTESIAN_POINT ( 'NONE',  ( 0.6828427124689098200, 1.413202231138007900, 3.742039477892679300 ) ) ;
#1554 = VERTEX_POINT ( 'NONE', #2431 ) ;
#1555 = B_SPLINE_CURVE_WITH_KNOTS ( 'NONE', 3,
 ( #4506, #1183, #134, #2347 ),
 .UNSPECIFIED., .F., .F.,
 ( 4, 4 ),
 ( 1.970706029168759700E-007, 0.0001600763227396741100 ),
 .UNSPECIFIED. ) ;
#1556 = CARTESIAN_POINT ( 'NONE',  ( -0.3500000000000000300, 2.849155096921835600, 1.574077238433924100 ) ) ;
#1557 = CARTESIAN_POINT ( 'NONE',  ( -0.5000000000000000000, -1.574124474119790000, -2.849192986511581700 ) ) ;
#1558 = DIRECTION ( 'NONE',  ( -1.000000000000000000, 0.0000000000000000000, 0.0000000000000000000 ) ) ;
#1559 = AXIS2_PLACEMENT_3D ( 'NONE', #4710, #2150, #1341 ) ;
#1560 = CARTESIAN_POINT ( 'NONE',  ( 0.5414213562373105800, 3.676635533357794900, -1.420265278831529800 ) ) ;
#1561 = PLANE ( 'NONE',  #2463 ) ;
#1562 = CARTESIAN_POINT ( 'NONE',  ( 4.000000000000000000, -3.487579259111429900, -1.508903877460657400 ) ) ;
#1563 = EDGE_LOOP ( 'NONE', ( #2033, #3253, #2074, #2826 ) ) ;
#1564 = VERTEX_POINT ( 'NONE', #3162 ) ;
#1565 = EDGE_LOOP ( 'NONE', ( #3410, #4251, #228, #4171 ) ) ;
#1566 = AXIS2_PLACEMENT_3D ( 'NONE', #1945, #2605, #4516 ) ;
#1567 = CARTESIAN_POINT ( 'NONE',  ( -0.3500000000000000300, 0.4361350966052692200, 0.4387708668330989000 ) ) ;
#1568 = DIRECTION ( 'NONE',  ( -1.000000000000000000, 0.0000000000000000000, 0.0000000000000000000 ) ) ;
#1569 = ORIENTED_EDGE ( 'NONE', *, *, #2951, .T. ) ;
#1570 = ORIENTED_EDGE ( 'NONE', *, *, #2710, .F. ) ;
#1571 = LINE ( 'NONE', #385, #1435 ) ;
#1572 = ORIENTED_EDGE ( 'NONE', *, *, #555, .T. ) ;
#1573 = DIRECTION ( 'NONE',  ( 1.000000000000000000, 0.0000000000000000000, 0.0000000000000000000 ) ) ;
#1574 = EDGE_CURVE ( 'NONE', #3938, #222, #3477, .T. ) ;
#1575 = CARTESIAN_POINT ( 'NONE',  ( -0.3500000000000000300, -1.598972542069196300, -1.587739385929191900 ) ) ;
#1576 = CARTESIAN_POINT ( 'NONE',  ( 0.6828427124746188100, 0.6471507060776069400, -3.947302365365903800 ) ) ;
#1577 = LINE ( 'NONE', #560, #4107 ) ;
#1578 = DIRECTION ( 'NONE',  ( -0.0000000000000000000, -0.5686007145592888400, 0.8226136562218415700 ) ) ;
#1579 = EDGE_CURVE ( 'NONE', #1832, #1808, #1271, .T. ) ;
#1580 = DIRECTION ( 'NONE',  ( 0.0000000000000000000, -0.1806263837754532300, -0.9835517828178659300 ) ) ;
#1581 = LINE ( 'NONE', #201, #1810 ) ;
#1582 = VECTOR ( 'NONE', #3227, 1000.000000000000100 ) ;
#1583 = VERTEX_POINT ( 'NONE', #1775 ) ;
#1584 = ORIENTED_EDGE ( 'NONE', *, *, #1093, .T. ) ;
#1585 = CARTESIAN_POINT ( 'NONE',  ( 2.765540635663493100, 3.953881352080522900, 0.6060165718060992500 ) ) ;
#1586 = DIRECTION ( 'NONE',  ( 0.0000000000000000000, -0.5676742242086662000, -0.8232532873721726300 ) ) ;
#1587 = VECTOR ( 'NONE', #2380, 1000.000000000000100 ) ;
#1588 = FACE_OUTER_BOUND ( 'NONE', #2716, .T. ) ;
#1589 = AXIS2_PLACEMENT_3D ( 'NONE', #1209, #865, #4537 ) ;
#1590 = DIRECTION ( 'NONE',  ( 0.0000000000000000000, 0.0000000000000000000, 1.000000000000000000 ) ) ;
#1591 = EDGE_CURVE ( 'NONE', #3164, #1564, #3133, .T. ) ;
#1592 = ORIENTED_EDGE ( 'NONE', *, *, #866, .T. ) ;
#1593 = CARTESIAN_POINT ( 'NONE',  ( 0.2898795043562861800, 1.457620430467675600, 3.390649609696274600 ) ) ;
#1594 = LINE ( 'NONE', #2194, #2357 ) ;
#1595 = CARTESIAN_POINT ( 'NONE',  ( 3.933718438465840400, 3.835759580973694800, 0.4866948251585681000 ) ) ;
#1596 = CARTESIAN_POINT ( 'NONE',  ( 1.726467076573267000, 2.517984564546278400, 3.108084227356203500 ) ) ;
#1597 = VECTOR ( 'NONE', #1507, 1000.000000000000100 ) ;
#1598 =( BOUNDED_CURVE ( )  B_SPLINE_CURVE ( 3, ( #561, #4664, #3862, #1677 ),
 .UNSPECIFIED., .F., .F. ) 
 B_SPLINE_CURVE_WITH_KNOTS ( ( 4, 4 ),
 ( 2.077000745848090800, 2.092622056020680500 ),
 .UNSPECIFIED. ) 
 CURVE ( )  GEOMETRIC_REPRESENTATION_ITEM ( )  RATIONAL_B_SPLINE_CURVE ( ( 1.000000000000000000, 0.9999796646590899400, 0.9999796646590899400, 1.000000000000000000 ) ) 
 REPRESENTATION_ITEM ( '' )  );
#1599 = ORIENTED_EDGE ( 'NONE', *, *, #3430, .F. ) ;
#1600 = VECTOR ( 'NONE', #3706, 1000.000000000000000 ) ;
#1601 = CARTESIAN_POINT ( 'NONE',  ( -0.5000000000000000000, -0.01426274800436539000, 2.737314129590613400 ) ) ;
#1602 = ADVANCED_FACE ( 'NONE', ( #530 ), #2505, .T. ) ;
#1603 = CARTESIAN_POINT ( 'NONE',  ( -0.3500000000000000300, 1.573476229217115400, -2.849192986511581700 ) ) ;
#1604 = VERTEX_POINT ( 'NONE', #273 ) ;
#1605 = CARTESIAN_POINT ( 'NONE',  ( -0.5000000000000000000, 1.600248128395219200, -1.581210277290207500 ) ) ;
#1606 = EDGE_CURVE ( 'NONE', #2164, #4358, #639, .T. ) ;
#1607 = EDGE_LOOP ( 'NONE', ( #2656, #2295, #4265, #1628 ) ) ;
#1608 =( LENGTH_UNIT ( ) NAMED_UNIT ( * ) SI_UNIT ( .MILLI., .METRE. ) );
#1609 = EDGE_CURVE ( 'NONE', #227, #1489, #2342, .T. ) ;
#1610 = ORIENTED_EDGE ( 'NONE', *, *, #832, .F. ) ;
#1611 = ORIENTED_EDGE ( 'NONE', *, *, #363, .T. ) ;
#1612 = CARTESIAN_POINT ( 'NONE',  ( 3.800000000000008300, -0.5854122203261884500, -3.956929685032672500 ) ) ;
#1613 = DIRECTION ( 'NONE',  ( 0.01745240643728355000, -0.6198770494631558000, 0.7845048483332658400 ) ) ;
#1614 = PRESENTATION_LAYER_ASSIGNMENT (  '', '', ( #1410 ) ) ;
#1615 = B_SPLINE_CURVE_WITH_KNOTS ( 'NONE', 3,
 ( #4406, #1100, #708, #1851 ),
 .UNSPECIFIED., .F., .F.,
 ( 4, 4 ),
 ( 1.953636225323228400E-005, 0.0005935638520780473000 ),
 .UNSPECIFIED. ) ;
#1616 = EDGE_CURVE ( 'NONE', #695, #3428, #241, .T. ) ;
#1617 = DIRECTION ( 'NONE',  ( -1.000000000000000000, 0.0000000000000000000, -0.0000000000000000000 ) ) ;
#1618 =( NAMED_UNIT ( * ) SI_UNIT ( $, .STERADIAN. ) SOLID_ANGLE_UNIT ( ) );
#1619 = CARTESIAN_POINT ( 'NONE',  ( 0.5414213562373102500, 1.420265278831502000, 3.676635533357804700 ) ) ;
#1620 = ORIENTED_EDGE ( 'NONE', *, *, #3922, .T. ) ;
#1621 = ORIENTED_EDGE ( 'NONE', *, *, #964, .F. ) ;
#1622 = CARTESIAN_POINT ( 'NONE',  ( 0.2898795043564583700, -3.390649609696262200, 1.457620430468139700 ) ) ;
#1623 = VERTEX_POINT ( 'NONE', #4321 ) ;
#1624 = VERTEX_POINT ( 'NONE', #2132 ) ;
#1625 = LINE ( 'NONE', #224, #3977 ) ;
#1626 = ORIENTED_EDGE ( 'NONE', *, *, #2540, .T. ) ;
#1627 = CARTESIAN_POINT ( 'NONE',  ( 1.726467076573255500, 0.6265964855559057500, -3.950672180265365700 ) ) ;
#1628 = ORIENTED_EDGE ( 'NONE', *, *, #3483, .T. ) ;
#1629 = ORIENTED_EDGE ( 'NONE', *, *, #63, .F. ) ;
#1630 = VECTOR ( 'NONE', #1020, 1000.000000000000000 ) ;
#1631 = CARTESIAN_POINT ( 'NONE',  ( 0.0000000000000000000, -4.163799117100998100E-016, -3.399999999999998100 ) ) ;
#1632 = DIRECTION ( 'NONE',  ( -1.000000000000000000, -0.0000000000000000000, -0.0000000000000000000 ) ) ;
#1633 = EDGE_CURVE ( 'NONE', #2532, #2389, #4102, .T. ) ;
#1634 = CARTESIAN_POINT ( 'NONE',  ( -0.3500000000000000300, -1.517345915290555100, -2.734393873397825000 ) ) ;
#1635 = CARTESIAN_POINT ( 'NONE',  ( 0.6287100716745620500, -3.094204325467865500, -2.534936046434967900 ) ) ;
#1636 = ORIENTED_EDGE ( 'NONE', *, *, #854, .T. ) ;
#1637 = CIRCLE ( 'NONE', #2193, 4.000000000000000000 ) ;
#1638 = VECTOR ( 'NONE', #377, 1000.000000000000000 ) ;
#1639 = ORIENTED_EDGE ( 'NONE', *, *, #2076, .F. ) ;
#1640 = AXIS2_PLACEMENT_3D ( 'NONE', #4741, #4711, #1749 ) ;
#1641 = EDGE_LOOP ( 'NONE', ( #3270, #922, #2321, #4641 ) ) ;
#1642 = CARTESIAN_POINT ( 'NONE',  ( 4.000000000000000000, -2.265880297372009400, -3.050538719305390800 ) ) ;
#1643 = VERTEX_POINT ( 'NONE', #3116 ) ;
#1644 = EDGE_CURVE ( 'NONE', #1604, #898, #4215, .T. ) ;
#1645 = CONICAL_SURFACE ( 'NONE', #2442, 3.800000000000004700, 0.7853981633974482800 ) ;
#1646 = VECTOR ( 'NONE', #1940, 1000.000000000000000 ) ;
#1647 = CARTESIAN_POINT ( 'NONE',  ( 0.6828427124746188100, 3.094888771785941900, -2.534100134223844100 ) ) ;
#1648 = AXIS2_PLACEMENT_3D ( 'NONE', #3525, #221, #3130 ) ;
#1649 = LINE ( 'NONE', #342, #373 ) ;
#1650 = LINE ( 'NONE', #3326, #3262 ) ;
#1651 = CARTESIAN_POINT ( 'NONE',  ( -0.3500000000000000300, -2.734288342827098100, -1.516455480136687900 ) ) ;
#1652 = CARTESIAN_POINT ( 'NONE',  ( 0.6287625125013192000, -3.947127742896381400, 0.6482158176204293500 ) ) ;
#1653 = DIRECTION ( 'NONE',  ( 0.0000000000000000000, -0.7081415275705724700, 0.7060705183832675100 ) ) ;
#1654 = ORIENTED_EDGE ( 'NONE', *, *, #1003, .F. ) ;
#1655 = ORIENTED_EDGE ( 'NONE', *, *, #3440, .F. ) ;
#1656 = CARTESIAN_POINT ( 'NONE',  ( 4.000000000000000000, -3.774784174832638500, -0.4370405398050785100 ) ) ;
#1657 = CARTESIAN_POINT ( 'NONE',  ( -0.3500000000000000300, 1.584738303179798400, 1.599512670785013800 ) ) ;
#1658 = EDGE_LOOP ( 'NONE', ( #279, #3693, #1909, #2049, #2536, #189 ) ) ;
#1659 = VERTEX_POINT ( 'NONE', #154 ) ;
#1660 = CARTESIAN_POINT ( 'NONE',  ( -0.5000000000000000000, 1.573476229217115400, 2.849705030973278300 ) ) ;
#1661 = EDGE_CURVE ( 'NONE', #4660, #1537, #178, .T. ) ;
#1662 = ORIENTED_EDGE ( 'NONE', *, *, #682, .T. ) ;
#1663 = B_SPLINE_CURVE_WITH_KNOTS ( 'NONE', 3,
 ( #3132, #1276, #4599, #2434 ),
 .UNSPECIFIED., .F., .F.,
 ( 4, 4 ),
 ( 3.030532451120193400E-007, 0.0005743305691906147400 ),
 .UNSPECIFIED. ) ;
#1664 = EDGE_LOOP ( 'NONE', ( #4587, #3413, #1424, #3796 ) ) ;
#1665 = CARTESIAN_POINT ( 'NONE',  ( 0.6828427124746188100, 3.094888771786105300, 2.534100134223645600 ) ) ;
#1666 = CARTESIAN_POINT ( 'NONE',  ( -0.5000000000000000000, 2.739334978862470100, 0.01330531019697966900 ) ) ;
#1667 = EDGE_CURVE ( 'NONE', #2271, #3674, #3356, .T. ) ;
#1668 = B_SPLINE_CURVE_WITH_KNOTS ( 'NONE', 3,
 ( #4044, #4026, #2234, #2219 ),
 .UNSPECIFIED., .F., .F.,
 ( 4, 4 ),
 ( 3.103214057014175000E-007, 0.0003088409397669913400 ),
 .UNSPECIFIED. ) ;
#1669 = DIRECTION ( 'NONE',  ( -0.0000000000000000000, -0.8225168052926367100, 0.5687408065289447600 ) ) ;
#1670 = CARTESIAN_POINT ( 'NONE',  ( -0.3500000000000000300, -0.0006348297072971131900, 2.637727041838946000 ) ) ;
#1671 =( GEOMETRIC_REPRESENTATION_CONTEXT ( 3 ) GLOBAL_UNCERTAINTY_ASSIGNED_CONTEXT ( ( #1095 ) ) GLOBAL_UNIT_ASSIGNED_CONTEXT ( ( #1067, #2870, #2121 ) ) REPRESENTATION_CONTEXT ( 'NONE', 'WORKASPACE' ) );
#1672 = CARTESIAN_POINT ( 'NONE',  ( 0.5414213562373105800, 3.676635533357794900, -1.420265278831529800 ) ) ;
#1673 = EDGE_CURVE ( 'NONE', #1643, #811, #1382, .T. ) ;
#1674 = CARTESIAN_POINT ( 'NONE',  ( -0.3500000000000000300, 0.4404162482627730900, -0.4329384095850643000 ) ) ;
#1675 = ORIENTED_EDGE ( 'NONE', *, *, #28, .F. ) ;
#1676 = ORIENTED_EDGE ( 'NONE', *, *, #2312, .T. ) ;
#1677 = CARTESIAN_POINT ( 'NONE',  ( 3.800000000000015400, 3.956929685032730700, -0.5854122203257979800 ) ) ;
#1678 = VERTEX_POINT ( 'NONE', #2340 ) ;
#1679 = DIRECTION ( 'NONE',  ( 0.0000000000000000000, -0.6199714741215722700, 0.7846243504222416600 ) ) ;
#1680 = VERTEX_POINT ( 'NONE', #3106 ) ;
#1681 = VERTEX_POINT ( 'NONE', #849 ) ;
#1682 = DIRECTION ( 'NONE',  ( -1.000000000000000000, -0.0000000000000000000, -0.0000000000000000000 ) ) ;
#1683 = VECTOR ( 'NONE', #39, 1000.000000000000000 ) ;
#1684 = ADVANCED_FACE ( 'NONE', ( #1162 ), #3831, .T. ) ;
#1685 = CARTESIAN_POINT ( 'NONE',  ( -0.5000000000000000000, 2.730857209087098200, 1.514634258478215800 ) ) ;
#1686 = AXIS2_PLACEMENT_3D ( 'NONE', #4196, #3794, #474 ) ;
#1687 = CARTESIAN_POINT ( 'NONE',  ( 0.6828427124689098200, 1.413202231138007900, 3.742039477892679300 ) ) ;
#1688 = CARTESIAN_POINT ( 'NONE',  ( 0.1435183544348133400, 3.016156369886955300, 1.873894413464541900 ) ) ;
#1689 = DIRECTION ( 'NONE',  ( 0.0000000000000000000, 0.8660254037844461500, -0.4999999999999870700 ) ) ;
#1690 = VECTOR ( 'NONE', #4615, 1000.000000000000000 ) ;
#1691 = DIRECTION ( 'NONE',  ( 0.0000000000000000000, -0.5686221331907660400, -0.8225988509872735900 ) ) ;
#1692 = EDGE_CURVE ( 'NONE', #2389, #3239, #4329, .T. ) ;
#1693 = DIRECTION ( 'NONE',  ( -0.0000000000000000000, 0.1806263837754532300, 0.9835517828178659300 ) ) ;
#1694 = LINE ( 'NONE', #3835, #586 ) ;
#1695 = VECTOR ( 'NONE', #1102, 1000.000000000000000 ) ;
#1696 = ORIENTED_EDGE ( 'NONE', *, *, #2507, .T. ) ;
#1697 = CARTESIAN_POINT ( 'NONE',  ( -0.3500000000000000300, 0.4369261119629236400, 0.4343604609271907200 ) ) ;
#1698 = ORIENTED_EDGE ( 'NONE', *, *, #3875, .F. ) ;
#1699 = EDGE_CURVE ( 'NONE', #1948, #3428, #2039, .T. ) ;
#1700 = LINE ( 'NONE', #3958, #2168 ) ;
#1701 = VECTOR ( 'NONE', #55, 1000.000000000000000 ) ;
#1702 = DIRECTION ( 'NONE',  ( -0.0000000000000000000, -0.8224326114880964300, -0.5688625489174602400 ) ) ;
#1703 =( BOUNDED_CURVE ( )  B_SPLINE_CURVE ( 3, ( #1647, #1277, #2401, #2025 ),
 .UNSPECIFIED., .F., .F. ) 
 B_SPLINE_CURVE_WITH_KNOTS ( ( 4, 4 ),
 ( 2.077000745848003800, 2.092622056020592600 ),
 .UNSPECIFIED. ) 
 CURVE ( )  GEOMETRIC_REPRESENTATION_ITEM ( )  RATIONAL_B_SPLINE_CURVE ( ( 1.000000000000000000, 0.9999796646590899400, 0.9999796646590899400, 1.000000000000000000 ) ) 
 REPRESENTATION_ITEM ( '' )  );
#1704 = ORIENTED_EDGE ( 'NONE', *, *, #1917, .T. ) ;
#1705 = CARTESIAN_POINT ( 'NONE',  ( 0.1660638834212815900, 3.246003810518038400, -1.476574035646039300 ) ) ;
#1706 = CIRCLE ( 'NONE', #70, 4.000000000000000000 ) ;
#1707 = CARTESIAN_POINT ( 'NONE',  ( 3.800000000000004700, 0.0000000000000000000, 0.0000000000000000000 ) ) ;
#1708 = DIRECTION ( 'NONE',  ( -1.000000000000000000, 0.0000000000000000000, 0.0000000000000000000 ) ) ;
#1709 = AXIS2_PLACEMENT_3D ( 'NONE', #412, #159, #3151 ) ;
#1710 = CARTESIAN_POINT ( 'NONE',  ( 3.800000000000008300, -0.5854122203255668300, 3.956929685032764400 ) ) ;
#1711 = EDGE_CURVE ( 'NONE', #3564, #2159, #411, .T. ) ;
#1712 = DIRECTION ( 'NONE',  ( 0.01745240643728354600, -0.3694626033170718100, -0.9290816962246752900 ) ) ;
#1713 = CIRCLE ( 'NONE', #4426, 3.399999999999997700 ) ;
#1714 = DIRECTION ( 'NONE',  ( -1.000000000000000000, 0.0000000000000000000, 0.0000000000000000000 ) ) ;
#1715 = ORIENTED_EDGE ( 'NONE', *, *, #4767, .T. ) ;
#1716 = FACE_OUTER_BOUND ( 'NONE', #156, .T. ) ;
#1717 = CARTESIAN_POINT ( 'NONE',  ( -0.5000000000000000000, 0.0000000000000000000, 0.0000000000000000000 ) ) ;
#1718 = EDGE_CURVE ( 'NONE', #2310, #1373, #877, .T. ) ;
#1719 = DIRECTION ( 'NONE',  ( 0.0000000000000000000, -1.421085471520200400E-014, -1.000000000000000000 ) ) ;
#1720 = ORIENTED_EDGE ( 'NONE', *, *, #1579, .T. ) ;
#1721 = VERTEX_POINT ( 'NONE', #1642 ) ;
#1722 = CARTESIAN_POINT ( 'NONE',  ( -0.5000000000000000000, -2.638105293919822200, 0.0001279175331589943200 ) ) ;
#1723 = ORIENTED_EDGE ( 'NONE', *, *, #2827, .T. ) ;
#1724 = CARTESIAN_POINT ( 'NONE',  ( 4.000000000000000000, 0.0000000000000000000, 0.0000000000000000000 ) ) ;
#1725 = CARTESIAN_POINT ( 'NONE',  ( -0.5000000000000000000, -1.515268858565764300, 2.729755005116797100 ) ) ;
#1726 = ADVANCED_FACE ( 'NONE', ( #3978 ), #1734, .T. ) ;
#1728 = EDGE_LOOP ( 'NONE', ( #2530, #3625, #1220, #2735 ) ) ;
#1727 = CARTESIAN_POINT ( 'NONE',  ( 3.800000000000008300, 2.485446697004100700, -3.134095518064408100 ) ) ;
#1729 = DIRECTION ( 'NONE',  ( -0.9998119760941958100, -0.01934002534276621500, -0.001405659404127000200 ) ) ;
#1730 = ORIENTED_EDGE ( 'NONE', *, *, #3236, .F. ) ;
#1731 = CARTESIAN_POINT ( 'NONE',  ( 2.765540635663475700, -3.121153408548414300, 2.501766422338490800 ) ) ;
#1732 = EDGE_CURVE ( 'NONE', #1123, #3753, #4403, .T. ) ;
#1733 = CARTESIAN_POINT ( 'NONE',  ( 0.6828427124689098200, -3.742039477892496400, 1.413202231138492400 ) ) ;
#1734 = B_SPLINE_SURFACE_WITH_KNOTS ( 'NONE', 3, 1, ( 
 ( #4212, #4598 ),
 ( #2767, #541 ),
 ( #479, #3434 ),
 ( #3128, #114 ) ),
 .UNSPECIFIED., .F., .F., .F.,
 ( 4, 4 ),
 ( 2, 2 ),
 ( 5.000000000000000000, 6.000000000000000000 ),
 ( 0.0000000000000000000, 1.000000000000000000 ),
 .UNSPECIFIED. ) ;
#1735 = PRODUCT_DEFINITION_SHAPE ( 'NONE', 'NONE',  #483 ) ;
#1736 = DIRECTION ( 'NONE',  ( 0.0000000000000000000, 0.0000000000000000000, 1.000000000000000000 ) ) ;
#1737 = ADVANCED_FACE ( 'NONE', ( #754 ), #2371, .F. ) ;
#1738 = AXIS2_PLACEMENT_3D ( 'NONE', #548, #944, #915 ) ;
#1739 = VERTEX_POINT ( 'NONE', #3800 ) ;
#1740 = DIRECTION ( 'NONE',  ( 0.0000000000000000000, -0.8218291242362331100, -0.5697340524815997000 ) ) ;
#1741 = ORIENTED_EDGE ( 'NONE', *, *, #2010, .F. ) ;
#1742 = DIRECTION ( 'NONE',  ( 0.0000000000000000000, 8.881784197001252300E-016, 1.000000000000000000 ) ) ;
#1743 = B_SPLINE_SURFACE_WITH_KNOTS ( 'NONE', 3, 1, ( 
 ( #3422, #1211 ),
 ( #2327, #2727 ),
 ( #3802, #514 ),
 ( #2376, #4157 ),
 ( #4583, #1982 ),
 ( #1970, #2345 ),
 ( #3110, #486 ) ),
 .UNSPECIFIED., .F., .F., .F.,
 ( 4, 3, 4 ),
 ( 2, 2 ),
 ( 2.000000000000000000, 3.000000000000000000, 4.000000000000000000 ),
 ( 0.0000000000000000000, 1.000000000000000000 ),
 .UNSPECIFIED. ) ;
#1744 = ORIENTED_EDGE ( 'NONE', *, *, #4401, .F. ) ;
#1745 = FACE_OUTER_BOUND ( 'NONE', #793, .T. ) ;
#1746 = VERTEX_POINT ( 'NONE', #1601 ) ;
#1747 = ORIENTED_EDGE ( 'NONE', *, *, #1085, .T. ) ;
#1748 = VERTEX_POINT ( 'NONE', #2714 ) ;
#1749 = DIRECTION ( 'NONE',  ( 0.0000000000000000000, 0.0000000000000000000, -1.000000000000000000 ) ) ;
#1750 = ADVANCED_FACE ( 'NONE', ( #429 ), #4168, .F. ) ;
#1751 = VECTOR ( 'NONE', #3451, 1000.000000000000200 ) ;
#1752 = DIRECTION ( 'NONE',  ( -0.9998119760941958100, -0.01604612355460714700, 0.01088734942442536700 ) ) ;
#1753 = VECTOR ( 'NONE', #1168, 1000.000000000000100 ) ;
#1754 = DIRECTION ( 'NONE',  ( 0.0000000000000000000, 0.9836988739639052100, 0.1798235951207325700 ) ) ;
#1755 = ORIENTED_EDGE ( 'NONE', *, *, #2607, .T. ) ;
#1756 = CARTESIAN_POINT ( 'NONE',  ( 0.1660638834213047400, 2.072834742866552600, -2.901752530697125500 ) ) ;
#1757 = DIRECTION ( 'NONE',  ( -1.000000000000000000, 0.0000000000000000000, 0.0000000000000000000 ) ) ;
#1758 = EDGE_CURVE ( 'NONE', #3329, #7, #1825, .T. ) ;
#1759 = FACE_OUTER_BOUND ( 'NONE', #2621, .T. ) ;
#1760 = FACE_OUTER_BOUND ( 'NONE', #2941, .T. ) ;
#1761 = EDGE_LOOP ( 'NONE', ( #1265, #3785, #1131, #3271 ) ) ;
#1762 = DIRECTION ( 'NONE',  ( -0.0000000000000000000, -0.9836838611794305200, 0.1799057010078526100 ) ) ;
#1763 = CARTESIAN_POINT ( 'NONE',  ( -0.3500000000000000300, 2.739334978862470100, 0.01330531019698044700 ) ) ;
#1764 = EDGE_LOOP ( 'NONE', ( #1316, #4247, #214, #2776 ) ) ;
#1765 = ORIENTED_EDGE ( 'NONE', *, *, #210, .T. ) ;
#1766 = FACE_OUTER_BOUND ( 'NONE', #1495, .T. ) ;
#1767 = CONICAL_SURFACE ( 'NONE', #505, 4.000000000000000000, 0.7853981633974497200 ) ;
#1768 = CARTESIAN_POINT ( 'NONE',  ( 3.800000000000008300, 1.471482988028006700, -3.719507738390144700 ) ) ;
#1769 = EDGE_CURVE ( 'NONE', #1583, #3849, #594, .T. ) ;
#1770 = CIRCLE ( 'NONE', #475, 4.000000000000000000 ) ;
#1771 = LINE ( 'NONE', #3899, #3105 ) ;
#1772 = CARTESIAN_POINT ( 'NONE',  ( 0.6828427124746188100, -0.6471507060779135800, 3.947302365365852800 ) ) ;
#1773 = CARTESIAN_POINT ( 'NONE',  ( 0.1660638834213719600, 1.476574035645564100, -3.246003810518353700 ) ) ;
#1774 = ADVANCED_FACE ( 'NONE', ( #2989 ), #2489, .T. ) ;
#1775 = CARTESIAN_POINT ( 'NONE',  ( -0.3500000000000000300, -2.638105293919822200, 0.0001279175331589943200 ) ) ;
#1776 = EDGE_CURVE ( 'NONE', #553, #256, #2412, .T. ) ;
#1777 = ORIENTED_EDGE ( 'NONE', *, *, #918, .F. ) ;
#1778 = CARTESIAN_POINT ( 'NONE',  ( -0.5000000000000000000, 0.4369261119629236400, 0.4343604609271907200 ) ) ;
#1779 = CARTESIAN_POINT ( 'NONE',  ( 0.6828427124746188100, -2.534100134223849800, -3.094888771785936600 ) ) ;
#1780 = EDGE_LOOP ( 'NONE', ( #1393, #1476, #4679, #1696, #52, #1004 ) ) ;
#1781 = CARTESIAN_POINT ( 'NONE',  ( 0.1491128979610911200, -0.1147504266072390900, -3.549112897961089100 ) ) ;
#1782 = VERTEX_POINT ( 'NONE', #3962 ) ;
#1783 = ORIENTED_EDGE ( 'NONE', *, *, #2170, .F. ) ;
#1784 = ORIENTED_EDGE ( 'NONE', *, *, #4411, .F. ) ;
#1785 = DIRECTION ( 'NONE',  ( 0.01745240643728355300, 0.9290816962246615200, 0.3694626033171066200 ) ) ;
#1786 = DIRECTION ( 'NONE',  ( -1.000000000000000000, 0.0000000000000000000, 0.0000000000000000000 ) ) ;
#1787 = CARTESIAN_POINT ( 'NONE',  ( 4.000000000000000000, 0.4370405398052314400, -3.774784174832620300 ) ) ;
#1788 = EDGE_CURVE ( 'NONE', #3126, #4005, #3775, .T. ) ;
#1789 = CARTESIAN_POINT ( 'NONE',  ( 0.5414213562373106900, -3.068303578260410900, -2.473927132928113200 ) ) ;
#1790 = ADVANCED_FACE ( 'NONE', ( #994 ), #2145, .T. ) ;
#1791 = EDGE_LOOP ( 'NONE', ( #3906, #3669, #833, #1326 ) ) ;
#1792 = DIRECTION ( 'NONE',  ( 0.0000000000000000000, -0.5687408065289448800, -0.8225168052926368200 ) ) ;
#1793 = ORIENTED_EDGE ( 'NONE', *, *, #888, .T. ) ;
#1794 = VERTEX_POINT ( 'NONE', #3266 ) ;
#1795 = AXIS2_PLACEMENT_3D ( 'NONE', #1482, #1853, #359 ) ;
#1796 = EDGE_CURVE ( 'NONE', #3808, #3994, #2924, .T. ) ;
#1797 = ORIENTED_EDGE ( 'NONE', *, *, #2940, .F. ) ;
#1798 = CARTESIAN_POINT ( 'NONE',  ( 4.000000000000000000, 1.855980154051997600, 0.7380570107099699900 ) ) ;
#1799 = ORIENTED_EDGE ( 'NONE', *, *, #3394, .T. ) ;
#1800 = FACE_OUTER_BOUND ( 'NONE', #2552, .T. ) ;
#1801 = DIRECTION ( 'NONE',  ( 0.01745240643728355000, -0.9290816962246639700, -0.3694626033171003500 ) ) ;
#1802 = AXIS2_PLACEMENT_3D ( 'NONE', #2965, #4757, #3700 ) ;
#1803 = CARTESIAN_POINT ( 'NONE',  ( 0.5770714368074092400, -3.083878034891927000, 2.511407957145407100 ) ) ;
#1804 = CARTESIAN_POINT ( 'NONE',  ( 3.933718438465839500, 2.339369872964292900, 3.078517827353718200 ) ) ;
#1805 = CARTESIAN_POINT ( 'NONE',  ( 0.1491128979614557700, 0.1147504266070297800, 3.549112897961454100 ) ) ;
#1806 = LINE ( 'NONE', #1456, #2975 ) ;
#1807 = CARTESIAN_POINT ( 'NONE',  ( 3.933718438465839500, 3.078517827353467700, 2.339369872964622800 ) ) ;
#1808 = VERTEX_POINT ( 'NONE', #985 ) ;
#1809 = CARTESIAN_POINT ( 'NONE',  ( -0.5000000000000000000, 0.3498823607463946200, 3.537782590181797200 ) ) ;
#1810 = VECTOR ( 'NONE', #2823, 999.9999999999998900 ) ;
#1811 = LINE ( 'NONE', #4312, #3426 ) ;
#1812 = ORIENTED_EDGE ( 'NONE', *, *, #3742, .T. ) ;
#1813 = CARTESIAN_POINT ( 'NONE',  ( -0.3500000000000000300, -1.594988679170833400, 1.584053920734950400 ) ) ;
#1814 = ORIENTED_EDGE ( 'NONE', *, *, #2010, .T. ) ;
#1816 = B_SPLINE_CURVE_WITH_KNOTS ( 'NONE', 3,
 ( #425, #3411, #1520, #1166 ),
 .UNSPECIFIED., .F., .F.,
 ( 4, 4 ),
 ( 0.0005172839673736115500, 0.0006775162349113362300 ),
 .UNSPECIFIED. ) ;
#1815 = LINE ( 'NONE', #3121, #706 ) ;
#1817 = VECTOR ( 'NONE', #3077, 1000.000000000000100 ) ;
#1818 = ADVANCED_FACE ( 'NONE', ( #2644 ), #648, .F. ) ;
#1819 = EDGE_CURVE ( 'NONE', #1517, #3770, #3048, .T. ) ;
#1820 = VERTEX_POINT ( 'NONE', #1364 ) ;
#1821 = DIRECTION ( 'NONE',  ( 0.0000000000000000000, 0.0000000000000000000, 1.000000000000000000 ) ) ;
#1822 = LINE ( 'NONE', #3055, #4061 ) ;
#1823 = CARTESIAN_POINT ( 'NONE',  ( -0.5000000000000000000, 1.586032207369008700, -1.595467895713894400 ) ) ;
#1824 = DIRECTION ( 'NONE',  ( -1.000000000000000000, 0.0000000000000000000, 0.0000000000000000000 ) ) ;
#1825 =( BOUNDED_CURVE ( )  B_SPLINE_CURVE ( 3, ( #1992, #512, #1627, #4015 ),
 .UNSPECIFIED., .F., .F. ) 
 B_SPLINE_CURVE_WITH_KNOTS ( ( 4, 4 ),
 ( 4.190563251158758700, 4.206184561331349800 ),
 .UNSPECIFIED. ) 
 CURVE ( )  GEOMETRIC_REPRESENTATION_ITEM ( )  RATIONAL_B_SPLINE_CURVE ( ( 1.000000000000000000, 0.9999796646590899400, 0.9999796646590899400, 1.000000000000000000 ) ) 
 REPRESENTATION_ITEM ( '' )  );
#1826 = CARTESIAN_POINT ( 'NONE',  ( 2.765540635663476600, 3.727169980354258200, 1.452114929742049300 ) ) ;
#1827 = FACE_OUTER_BOUND ( 'NONE', #4101, .T. ) ;
#1828 = EDGE_CURVE ( 'NONE', #625, #212, #4761, .T. ) ;
#1829 = ORIENTED_EDGE ( 'NONE', *, *, #2598, .T. ) ;
#1830 = LINE ( 'NONE', #1206, #2475 ) ;
#1831 = CARTESIAN_POINT ( 'NONE',  ( 0.5414213562373099100, 0.0000000000000000000, 0.0000000000000000000 ) ) ;
#1832 = VERTEX_POINT ( 'NONE', #3980 ) ;
#1833 = ORIENTED_EDGE ( 'NONE', *, *, #1257, .F. ) ;
#1834 = CARTESIAN_POINT ( 'NONE',  ( 3.999999999999999100, -3.616330382358863300, 0.3118381658961956700 ) ) ;
#1835 = CARTESIAN_POINT ( 'NONE',  ( 0.5414213562373277900, 3.068303578259914400, 2.473927132928762400 ) ) ;
#1836 = AXIS2_PLACEMENT_3D ( 'NONE', #4656, #3921, #230 ) ;
#1837 = EDGE_LOOP ( 'NONE', ( #1370, #2922, #2901, #3067, #281, #1149 ) ) ;
#1838 = EDGE_CURVE ( 'NONE', #4667, #3520, #830, .T. ) ;
#1839 = DIRECTION ( 'NONE',  ( 0.0000000000000000000, 0.0000000000000000000, -1.000000000000000000 ) ) ;
#1840 = CARTESIAN_POINT ( 'NONE',  ( 0.6828427124746195800, 0.0000000000000000000, 0.0000000000000000000 ) ) ;
#1841 = ORIENTED_EDGE ( 'NONE', *, *, #1504, .T. ) ;
#1842 = DIRECTION ( 'NONE',  ( -1.000000000000000000, -0.0000000000000000000, -0.0000000000000000000 ) ) ;
#1843 = ORIENTED_EDGE ( 'NONE', *, *, #3517, .T. ) ;
#1844 = ADVANCED_FACE ( 'NONE', ( #2520 ), #305, .F. ) ;
#1845 = CARTESIAN_POINT ( 'NONE',  ( -0.5000000000000000000, 1.584738303179798400, 1.599512670785013800 ) ) ;
#1846 = AXIS2_PLACEMENT_3D ( 'NONE', #1143, #3726, #158 ) ;
#1847 = EDGE_CURVE ( 'NONE', #3811, #1739, #940, .T. ) ;
#1848 = CARTESIAN_POINT ( 'NONE',  ( -0.5000000000000000000, 1.530087876240711500, -1.524891394949245100 ) ) ;
#1849 = DIRECTION ( 'NONE',  ( -1.000000000000000000, 0.0000000000000000000, 0.0000000000000000000 ) ) ;
#1850 = B_SPLINE_CURVE_WITH_KNOTS ( 'NONE', 3,
 ( #1562, #3334, #1877, #4439 ),
 .UNSPECIFIED., .F., .F.,
 ( 4, 4 ),
 ( 3.103214057015638300E-007, 0.0003088409397669816300 ),
 .UNSPECIFIED. ) ;
#1851 = CARTESIAN_POINT ( 'NONE',  ( 0.5414213562373108000, -0.6083319550976703500, 3.894192411760184500 ) ) ;
#1852 = CARTESIAN_POINT ( 'NONE',  ( 0.1660638834214048000, 0.3442512798206560600, -3.549408778512891600 ) ) ;
#1853 = DIRECTION ( 'NONE',  ( 0.01745240643728355000, 0.6198770494631391500, 0.7845048483332788300 ) ) ;
#1854 = ORIENTED_EDGE ( 'NONE', *, *, #3023, .F. ) ;
#1855 = VERTEX_POINT ( 'NONE', #2567 ) ;
#1856 = CARTESIAN_POINT ( 'NONE',  ( -0.5000000000000000000, 0.4404162482627732000, -0.4329384095850645200 ) ) ;
#1857 = CARTESIAN_POINT ( 'NONE',  ( 0.5414213562373099100, 0.0000000000000000000, 0.0000000000000000000 ) ) ;
#1858 = EDGE_CURVE ( 'NONE', #1623, #902, #4185, .T. ) ;
#1859 = CARTESIAN_POINT ( 'NONE',  ( 3.800000000000015400, -2.485446697004026100, 3.134095518064466300 ) ) ;
#1860 = ORIENTED_EDGE ( 'NONE', *, *, #4731, .T. ) ;
#1861 = CIRCLE ( 'NONE', #4199, 3.941421356237309900 ) ;
#1862 = EDGE_LOOP ( 'NONE', ( #2795, #424, #60 ) ) ;
#1863 = DIRECTION ( 'NONE',  ( 0.0000000000000000000, -6.217248937900876600E-015, 1.000000000000000000 ) ) ;
#1864 = CARTESIAN_POINT ( 'NONE',  ( 4.000000000000000000, -3.050538719306048500, -2.265880297371123000 ) ) ;
#1865 = VERTEX_POINT ( 'NONE', #1413 ) ;
#1866 = CARTESIAN_POINT ( 'NONE',  ( -0.5000000000000000000, 1.528419420838835800, 1.529352418630502100 ) ) ;
#1867 = AXIS2_PLACEMENT_3D ( 'NONE', #3135, #3859, #2040 ) ;
#1868 = LINE ( 'NONE', #3650, #929 ) ;
#1869 = EDGE_CURVE ( 'NONE', #673, #1216, #1615, .T. ) ;
#1870 = DIRECTION ( 'NONE',  ( 0.0000000000000000000, 0.0000000000000000000, 1.000000000000000000 ) ) ;
#1871 = CARTESIAN_POINT ( 'NONE',  ( 0.1660638834213520000, 3.549408778512786800, -0.3442512798211862500 ) ) ;
#1872 = ADVANCED_FACE ( 'NONE', ( #1944 ), #1767, .T. ) ;
#1873 = VECTOR ( 'NONE', #3714, 1000.000000000000000 ) ;
#1874 = AXIS2_PLACEMENT_3D ( 'NONE', #4100, #4084, #3014 ) ;
#1875 = CARTESIAN_POINT ( 'NONE',  ( 3.999999999999999100, 2.078224964714523400, 2.975914896652214600 ) ) ;
#1876 = DIRECTION ( 'NONE',  ( 0.0000000000000000000, 0.0000000000000000000, 1.000000000000000000 ) ) ;
#1877 = CARTESIAN_POINT ( 'NONE',  ( 3.867028257739604200, -3.642505311931658200, -1.483918123383035900 ) ) ;
#1878 = DIRECTION ( 'NONE',  ( 0.0000000000000000000, 1.000000000000000000, 1.224646799147353200E-016 ) ) ;
#1879 = ORIENTED_EDGE ( 'NONE', *, *, #1892, .F. ) ;
#1880 = LINE ( 'NONE', #579, #252 ) ;
#1881 = FACE_OUTER_BOUND ( 'NONE', #689, .T. ) ;
#1882 = ORIENTED_EDGE ( 'NONE', *, *, #1421, .F. ) ;
#1883 = CARTESIAN_POINT ( 'NONE',  ( -0.5000000000000000000, 0.0000000000000000000, 0.0000000000000000000 ) ) ;
#1884 = VERTEX_POINT ( 'NONE', #2550 ) ;
#1885 = DIRECTION ( 'NONE',  ( 0.0000000000000000000, -2.107158176585908900E-014, 1.000000000000000000 ) ) ;
#1886 = EDGE_LOOP ( 'NONE', ( #1675, #215, #3397 ) ) ;
#1887 = VECTOR ( 'NONE', #508, 1000.000000000000100 ) ;
#1888 = DIRECTION ( 'NONE',  ( -1.000000000000000000, 0.0000000000000000000, 0.0000000000000000000 ) ) ;
#1889 = CARTESIAN_POINT ( 'NONE',  ( 0.5770793052462516200, 3.926427812144017700, 0.6330095181499626500 ) ) ;
#1890 = DIRECTION ( 'NONE',  ( 0.0000000000000000000, 0.0000000000000000000, -1.000000000000000000 ) ) ;
#1891 = FACE_OUTER_BOUND ( 'NONE', #668, .T. ) ;
#1892 = EDGE_CURVE ( 'NONE', #378, #3788, #658, .T. ) ;
#1893 = VECTOR ( 'NONE', #3399, 999.9999999999998900 ) ;
#1894 = CARTESIAN_POINT ( 'NONE',  ( -0.3500000000000000300, 0.4498906914377232000, -0.3988116865945969800 ) ) ;
#1895 = CARTESIAN_POINT ( 'NONE',  ( -0.3500000000000000300, 1.584738303179798400, 1.599512670785013800 ) ) ;
#1896 = ORIENTED_EDGE ( 'NONE', *, *, #1010, .F. ) ;
#1897 = ADVANCED_FACE ( 'NONE', ( #2813 ), #2200, .T. ) ;
#1898 = AXIS2_PLACEMENT_3D ( 'NONE', #4389, #2240, #3733 ) ;
#1899 =( BOUNDED_CURVE ( )  B_SPLINE_CURVE ( 3, ( #1859, #4762, #1432, #4779 ),
 .UNSPECIFIED., .F., .F. ) 
 B_SPLINE_CURVE_WITH_KNOTS ( ( 4, 4 ),
 ( 4.190563251158781800, 4.206184561331372900 ),
 .UNSPECIFIED. ) 
 CURVE ( )  GEOMETRIC_REPRESENTATION_ITEM ( )  RATIONAL_B_SPLINE_CURVE ( ( 1.000000000000000000, 0.9999796646590899400, 0.9999796646590899400, 1.000000000000000000 ) ) 
 REPRESENTATION_ITEM ( '' )  );
#1900 = DIRECTION ( 'NONE',  ( -1.000000000000000000, -0.0000000000000000000, -0.0000000000000000000 ) ) ;
#1901 = EDGE_CURVE ( 'NONE', #4667, #1419, #3387, .T. ) ;
#1902 = ORIENTED_EDGE ( 'NONE', *, *, #792, .F. ) ;
#1903 = DIRECTION ( 'NONE',  ( -1.000000000000000000, -0.0000000000000000000, -0.0000000000000000000 ) ) ;
#1904 = CARTESIAN_POINT ( 'NONE',  ( -0.3500000000000000300, 2.733308109349561900, -1.517493141288927600 ) ) ;
#1905 = ORIENTED_EDGE ( 'NONE', *, *, #972, .F. ) ;
#1906 = CARTESIAN_POINT ( 'NONE',  ( 0.5770714368074654200, 3.926420698961946300, -0.6330040727086347900 ) ) ;
#1907 = CARTESIAN_POINT ( 'NONE',  ( 4.000000000000000000, -2.265880297371404100, 3.050538719305839800 ) ) ;
#1908 = CARTESIAN_POINT ( 'NONE',  ( 0.6287100716745608300, 0.6482168504478571500, -3.947127573572312800 ) ) ;
#1909 = ORIENTED_EDGE ( 'NONE', *, *, #4659, .T. ) ;
#1910 = CARTESIAN_POINT ( 'NONE',  ( -0.3500000000000000300, 1.515284590812818100, 2.729669879841181600 ) ) ;
#1911 = CARTESIAN_POINT ( 'NONE',  ( -0.5000000000000000000, -1.598972542069196300, -1.587739385929191900 ) ) ;
#1912 = CARTESIAN_POINT ( 'NONE',  ( 3.867028257739600200, -2.412543071861187500, -3.106363447951574500 ) ) ;
#1913 = CARTESIAN_POINT ( 'NONE',  ( 4.000000000000000000, 0.0000000000000000000, 0.0000000000000000000 ) ) ;
#1914 = DIRECTION ( 'NONE',  ( 1.000000000000000000, -0.0000000000000000000, -0.0000000000000000000 ) ) ;
#1915 = B_SPLINE_CURVE_WITH_KNOTS ( 'NONE', 3,
 ( #1926, #4500, #2308, #4099 ),
 .UNSPECIFIED., .F., .F.,
 ( 4, 4 ),
 ( 3.030529287562303100E-007, 0.0005743305625279942000 ),
 .UNSPECIFIED. ) ;
#1916 = CARTESIAN_POINT ( 'NONE',  ( -0.3500000000000000300, -2.849667141383537100, 0.0002556054465696622700 ) ) ;
#1917 = EDGE_CURVE ( 'NONE', #1884, #673, #2002, .T. ) ;
#1918 = DIRECTION ( 'NONE',  ( 0.0000000000000000000, 0.7049754928483053000, 0.7092316648904566400 ) ) ;
#1919 = VERTEX_POINT ( 'NONE', #4789 ) ;
#1920 = ADVANCED_FACE ( 'NONE', ( #2702 ), #3148, .T. ) ;
#1921 = VERTEX_POINT ( 'NONE', #1086 ) ;
#1922 = VERTEX_POINT ( 'NONE', #386 ) ;
#1924 = ORIENTED_EDGE ( 'NONE', *, *, #274, .F. ) ;
#1923 = DIRECTION ( 'NONE',  ( -1.000000000000000000, -0.0000000000000000000, -0.0000000000000000000 ) ) ;
#1925 = ORIENTED_EDGE ( 'NONE', *, *, #2359, .T. ) ;
#1926 = CARTESIAN_POINT ( 'NONE',  ( 0.5414213562373099100, -1.420265278831798000, 3.676635533357691400 ) ) ;
#1927 = LINE ( 'NONE', #4750, #3755 ) ;
#1928 = EDGE_CURVE ( 'NONE', #2835, #1623, #4706, .T. ) ;
#1929 = CARTESIAN_POINT ( 'NONE',  ( 4.000000000000000000, -3.616330382358857100, -7.620180134423511100E-014 ) ) ;
#1930 = LINE ( 'NONE', #3515, #2100 ) ;
#1931 = AXIS2_PLACEMENT_3D ( 'NONE', #3028, #1962, #3064 ) ;
#1932 = ORIENTED_EDGE ( 'NONE', *, *, #4447, .F. ) ;
#1933 = DIRECTION ( 'NONE',  ( -1.000000000000000000, 0.0000000000000000000, 0.0000000000000000000 ) ) ;
#1934 = EDGE_CURVE ( 'NONE', #2663, #562, #1668, .T. ) ;
#1935 = CARTESIAN_POINT ( 'NONE',  ( -0.5000000000000000000, 2.739462666775876800, -0.01379006502842661200 ) ) ;
#1936 = CIRCLE ( 'NONE', #1589, 4.000000000000000000 ) ;
#1937 = DIRECTION ( 'NONE',  ( 0.0000000000000000000, 0.9894903569543146400, -0.1445988709998215800 ) ) ;
#1938 = VERTEX_POINT ( 'NONE', #3678 ) ;
#1939 = CARTESIAN_POINT ( 'NONE',  ( 0.1660638834215690000, -1.476574035646566600, -3.246003810518114400 ) ) ;
#1940 = DIRECTION ( 'NONE',  ( 0.0000000000000000000, -0.3695188828327669600, 0.9292232214220778100 ) ) ;
#1941 = ORIENTED_EDGE ( 'NONE', *, *, #4260, .F. ) ;
#1942 = CARTESIAN_POINT ( 'NONE',  ( -0.3500000000000000300, 0.4404162482627732000, -0.4329384095850645200 ) ) ;
#1943 = CONICAL_SURFACE ( 'NONE', #3322, 3.800000000000004700, 0.7853981633974482800 ) ;
#1944 = FACE_OUTER_BOUND ( 'NONE', #3901, .T. ) ;
#1945 = CARTESIAN_POINT ( 'NONE',  ( 0.6828427124746195800, 0.0000000000000000000, 0.0000000000000000000 ) ) ;
#1946 = AXIS2_PLACEMENT_3D ( 'NONE', #2129, #4700, #1736 ) ;
#1947 =( BOUNDED_CURVE ( )  B_SPLINE_CURVE ( 3, ( #2672, #1169, #3333, #3364 ),
 .UNSPECIFIED., .F., .F. ) 
 B_SPLINE_CURVE_WITH_KNOTS ( ( 4, 4 ),
 ( 4.190563251158892800, 4.206184561331512300 ),
 .UNSPECIFIED. ) 
 CURVE ( )  GEOMETRIC_REPRESENTATION_ITEM ( )  RATIONAL_B_SPLINE_CURVE ( ( 1.000000000000000000, 0.9999796646590898300, 0.9999796646590898300, 1.000000000000000000 ) ) 
 REPRESENTATION_ITEM ( '' )  );
#1948 = VERTEX_POINT ( 'NONE', #3314 ) ;
#1949 = ADVANCED_FACE ( 'NONE', ( #4469 ), #3993, .F. ) ;
#1950 = VECTOR ( 'NONE', #2717, 1000.000000000000000 ) ;
#1951 = LINE ( 'NONE', #3308, #1533 ) ;
#1952 = DIRECTION ( 'NONE',  ( -0.0000000000000000000, -0.1765352089688959100, 0.9842943258976495400 ) ) ;
#1953 = CARTESIAN_POINT ( 'NONE',  ( -0.3500000000000000300, 0.04845691673471174500, 0.0002556054465696622700 ) ) ;
#1954 = EDGE_CURVE ( 'NONE', #23, #227, #3383, .T. ) ;
#1955 = FACE_OUTER_BOUND ( 'NONE', #2492, .T. ) ;
#1956 = EDGE_LOOP ( 'NONE', ( #570, #4438, #3466 ) ) ;
#1957 = CIRCLE ( 'NONE', #567, 3.941421356237309900 ) ;
#1958 = CARTESIAN_POINT ( 'NONE',  ( 0.5768099451881011400, 1.415051268925752200, 3.716586900894163700 ) ) ;
#1959 = DIRECTION ( 'NONE',  ( 0.0000000000000000000, 0.0000000000000000000, -1.000000000000000000 ) ) ;
#1960 = EDGE_CURVE ( 'NONE', #4211, #3830, #3053, .T. ) ;
#1961 = EDGE_LOOP ( 'NONE', ( #4535, #1896, #182, #4567 ) ) ;
#1962 = DIRECTION ( 'NONE',  ( -0.0000000000000000000, 0.0000000000000000000, 1.000000000000000000 ) ) ;
#1963 = EDGE_LOOP ( 'NONE', ( #2237, #3697, #746, #4142, #3183, #2367 ) ) ;
#1964 = CARTESIAN_POINT ( 'NONE',  ( 3.800000000000008300, 2.485446697004064300, 3.134095518064437000 ) ) ;
#1965 = VERTEX_POINT ( 'NONE', #1463 ) ;
#1966 = DIRECTION ( 'NONE',  ( -0.0000000000000000000, 0.1794452163547132200, -0.9837679677278632400 ) ) ;
#1967 = ORIENTED_EDGE ( 'NONE', *, *, #1412, .T. ) ;
#1968 = CARTESIAN_POINT ( 'NONE',  ( 1.726467076573332500, 3.950672180265281800, 0.6265964855564419800 ) ) ;
#1969 = EDGE_CURVE ( 'NONE', #3596, #378, #1816, .T. ) ;
#1970 = CARTESIAN_POINT ( 'NONE',  ( -0.3500000000000000300, 2.849155096921835600, 1.574077238433924100 ) ) ;
#1971 = ORIENTED_EDGE ( 'NONE', *, *, #3096, .T. ) ;
#1972 = CARTESIAN_POINT ( 'NONE',  ( 0.6828427124746188100, -2.534100134223849800, -3.094888771785936600 ) ) ;
#1973 = CARTESIAN_POINT ( 'NONE',  ( 3.800000000000004700, 0.0000000000000000000, 0.0000000000000000000 ) ) ;
#1974 = AXIS2_PLACEMENT_3D ( 'NONE', #2999, #1878, #3319 ) ;
#1975 = DIRECTION ( 'NONE',  ( 0.01745240643728355000, -0.9290816962246741800, 0.3694626033170747600 ) ) ;
#1976 = B_SPLINE_CURVE_WITH_KNOTS ( 'NONE', 3,
 ( #2699, #4522, #1245, #2358 ),
 .UNSPECIFIED., .F., .F.,
 ( 4, 4 ),
 ( 3.030532451124641900E-007, 0.0005743305691912313200 ),
 .UNSPECIFIED. ) ;
#1977 = EDGE_LOOP ( 'NONE', ( #499, #4198, #482, #978 ) ) ;
#1978 = ORIENTED_EDGE ( 'NONE', *, *, #1512, .T. ) ;
#1979 = B_SPLINE_CURVE_WITH_KNOTS ( 'NONE', 3,
 ( #3556, #2465, #2034, #3512, #2071, #3176, #957 ),
 .UNSPECIFIED., .F., .F.,
 ( 4, 3, 4 ),
 ( 0.0000000000000000000, 1.000000000000000000, 2.000000000000000000 ),
 .UNSPECIFIED. ) ;
#1980 = AXIS2_PLACEMENT_3D ( 'NONE', #4220, #2014, #3882 ) ;
#1981 = CARTESIAN_POINT ( 'NONE',  ( -0.3500000000000000300, 2.849155096921835600, -1.573566027540784800 ) ) ;
#1982 = CARTESIAN_POINT ( 'NONE',  ( -0.5000000000000000000, 1.573476229217115400, 2.849705030973278300 ) ) ;
#1983 = ORIENTED_EDGE ( 'NONE', *, *, #4310, .T. ) ;
#1984 = LINE ( 'NONE', #2844, #4568 ) ;
#1985 = ORIENTED_EDGE ( 'NONE', *, *, #2884, .T. ) ;
#1986 =( NAMED_UNIT ( * ) SI_UNIT ( $, .STERADIAN. ) SOLID_ANGLE_UNIT ( ) );
#1987 = EDGE_CURVE ( 'NONE', #4035, #269, #1050, .T. ) ;
#1988 = CARTESIAN_POINT ( 'NONE',  ( 0.5770714368074095800, 2.511407957145323200, 3.083878034891995000 ) ) ;
#1989 = ORIENTED_EDGE ( 'NONE', *, *, #2598, .F. ) ;
#1990 = VECTOR ( 'NONE', #4621, 1000.000000000000000 ) ;
#1991 = CARTESIAN_POINT ( 'NONE',  ( 0.5414213562373099100, -3.676635533357885100, -1.420265278831297100 ) ) ;
#1992 = CARTESIAN_POINT ( 'NONE',  ( 3.800000000000008300, 0.5854122203252565300, -3.956929685032809700 ) ) ;
#1993 = VECTOR ( 'NONE', #3412, 1000.000000000000000 ) ;
#1994 = VERTEX_POINT ( 'NONE', #1540 ) ;
#1995 = CARTESIAN_POINT ( 'NONE',  ( -0.5000000000000000000, -0.0006348297072971131900, -2.637172296128151800 ) ) ;
#1996 = LINE ( 'NONE', #2301, #3877 ) ;
#1997 = LINE ( 'NONE', #53, #1390 ) ;
#1998 = AXIS2_PLACEMENT_3D ( 'NONE', #2709, #1218, #3043 ) ;
#1999 = ORIENTED_EDGE ( 'NONE', *, *, #1202, .T. ) ;
#2000 = VERTEX_POINT ( 'NONE', #90 ) ;
#2001 = LINE ( 'NONE', #1722, #4121 ) ;
#2002 = LINE ( 'NONE', #4425, #707 ) ;
#2003 = CARTESIAN_POINT ( 'NONE',  ( 0.5414213562373106900, -3.676635533357617300, 1.420265278831987200 ) ) ;
#2004 = VECTOR ( 'NONE', #2556, 1000.000000000000000 ) ;
#2005 = LINE ( 'NONE', #2660, #4774 ) ;
#2006 = DIRECTION ( 'NONE',  ( -0.0000000000000000000, 0.7060705183832675100, 0.7081415275705724700 ) ) ;
#2007 = CARTESIAN_POINT ( 'NONE',  ( 0.6828427124746195800, 3.742039477864185200, 1.413202231142427300 ) ) ;
#2008 = VERTEX_POINT ( 'NONE', #2283 ) ;
#2009 = DIRECTION ( 'NONE',  ( -1.000000000000000000, 0.0000000000000000000, 0.0000000000000000000 ) ) ;
#2010 = EDGE_CURVE ( 'NONE', #1426, #110, #4645, .T. ) ;
#2011 = CARTESIAN_POINT ( 'NONE',  ( 2.765540635661450700, -3.727169980354146700, 1.452114929742333500 ) ) ;
#2012 = APPLICATION_CONTEXT ( 'automotive_design' ) ;
#2013 = CARTESIAN_POINT ( 'NONE',  ( -0.5000000000000000000, 0.0000000000000000000, 0.0000000000000000000 ) ) ;
#2014 = DIRECTION ( 'NONE',  ( 0.0000000000000000000, -0.8226136562218415700, -0.5686007145592888400 ) ) ;
#2015 = CARTESIAN_POINT ( 'NONE',  ( -0.5000000000000000000, -1.598972542069196300, -1.587739385929191900 ) ) ;
#2016 = CARTESIAN_POINT ( 'NONE',  ( -0.5000000000000000000, -3.238750776537220800, -1.465884282347904100 ) ) ;
#2017 = EDGE_CURVE ( 'NONE', #3209, #7, #3533, .T. ) ;
#2018 = ORIENTED_EDGE ( 'NONE', *, *, #4420, .F. ) ;
#2020 = VERTEX_POINT ( 'NONE', #2670 ) ;
#2019 = DIRECTION ( 'NONE',  ( 0.0000000000000000000, 0.5000000000000138800, -0.8660254037844306000 ) ) ;
#2021 = DIRECTION ( 'NONE',  ( -1.000000000000000000, -0.0000000000000000000, -0.0000000000000000000 ) ) ;
#2022 = ORIENTED_EDGE ( 'NONE', *, *, #1369, .F. ) ;
#2023 = PLANE ( 'NONE',  #1214 ) ;
#2024 = EDGE_CURVE ( 'NONE', #961, #811, #3834, .T. ) ;
#2025 = CARTESIAN_POINT ( 'NONE',  ( 3.800000000000008300, 3.134095518064016900, -2.485446697004593200 ) ) ;
#2026 = DIRECTION ( 'NONE',  ( 0.0000000000000000000, 0.0000000000000000000, -1.000000000000000000 ) ) ;
#2027 = CARTESIAN_POINT ( 'NONE',  ( 4.000000000000000000, 3.050538719305395200, -2.265880297372002700 ) ) ;
#2028 = CARTESIAN_POINT ( 'NONE',  ( 0.1660638834215157300, -0.3442512798217145500, -3.549408778512900500 ) ) ;
#2029 = CARTESIAN_POINT ( 'NONE',  ( 4.000000000000000000, 3.774784174832556300, 0.4370405398057888300 ) ) ;
#2030 = AXIS2_PLACEMENT_3D ( 'NONE', #1492, #1538, #1918 ) ;
#2031 = EDGE_LOOP ( 'NONE', ( #278, #751, #3507, #2218 ) ) ;
#2032 = VERTEX_POINT ( 'NONE', #1497 ) ;
#2033 = ORIENTED_EDGE ( 'NONE', *, *, #1073, .F. ) ;
#2034 = CARTESIAN_POINT ( 'NONE',  ( -0.5000000000000000000, 1.573476229217115400, -2.849192986511581700 ) ) ;
#2035 = CARTESIAN_POINT ( 'NONE',  ( -0.5000000000000000000, 1.586032207369008700, -1.595467895713894400 ) ) ;
#2036 = EDGE_LOOP ( 'NONE', ( #4553, #4564, #4573, #2292 ) ) ;
#2037 = VERTEX_POINT ( 'NONE', #809 ) ;
#2038 = LINE ( 'NONE', #1282, #4036 ) ;
#2039 = LINE ( 'NONE', #878, #2743 ) ;
#2040 = DIRECTION ( 'NONE',  ( 0.0000000000000000000, -0.5000000000000434100, -0.8660254037844137300 ) ) ;
#2041 = EDGE_CURVE ( 'NONE', #2609, #887, #773, .T. ) ;
#2042 = VECTOR ( 'NONE', #797, 1000.000000000000000 ) ;
#2043 = CARTESIAN_POINT ( 'NONE',  ( 0.5414213562373099100, -1.420265278831798000, 3.676635533357691400 ) ) ;
#2044 = CARTESIAN_POINT ( 'NONE',  ( -0.5000000000000000000, 0.01382859365527111500, 2.737314129590612900 ) ) ;
#2045 = EDGE_LOOP ( 'NONE', ( #123, #574, #3642, #575 ) ) ;
#2046 = CYLINDRICAL_SURFACE ( 'NONE', #3460, 4.000000000000000000 ) ;
#2047 = ORIENTED_EDGE ( 'NONE', *, *, #2236, .F. ) ;
#2048 = VERTEX_POINT ( 'NONE', #2304 ) ;
#2049 = ORIENTED_EDGE ( 'NONE', *, *, #755, .T. ) ;
#2050 = DIRECTION ( 'NONE',  ( 0.0000000000000000000, 0.9838211576562226900, -0.1791533693458482200 ) ) ;
#2051 = EDGE_CURVE ( 'NONE', #2220, #1604, #4234, .T. ) ;
#2052 = CARTESIAN_POINT ( 'NONE',  ( -0.3500000000000000300, -0.0006348297072971131900, -0.04849563989301497500 ) ) ;
#2053 = CIRCLE ( 'NONE', #3815, 4.000000000000000000 ) ;
#2054 = VECTOR ( 'NONE', #1423, 1000.000000000000000 ) ;
#2055 = ADVANCED_FACE ( 'NONE', ( #1526 ), #4496, .T. ) ;
#2056 = CARTESIAN_POINT ( 'NONE',  ( 4.500000000000000900, 0.0000000000000000000, 0.0000000000000000000 ) ) ;
#2057 = ORIENTED_EDGE ( 'NONE', *, *, #331, .F. ) ;
#2058 = AXIS2_PLACEMENT_3D ( 'NONE', #45, #3719, #1151 ) ;
#2059 = CONICAL_SURFACE ( 'NONE', #2096, 3.800000000000004700, 0.7853981633974482800 ) ;
#2060 = DIRECTION ( 'NONE',  ( 0.0000000000000000000, -0.5000000000000434100, -0.8660254037844137300 ) ) ;
#2061 = CARTESIAN_POINT ( 'NONE',  ( -0.4939148480512971000, 3.537888806903689300, -0.3498309152561697200 ) ) ;
#2062 = CARTESIAN_POINT ( 'NONE',  ( 4.000000000000000000, -3.487579259111126500, 1.508903877461358600 ) ) ;
#2063 = B_SPLINE_CURVE_WITH_KNOTS ( 'NONE', 3,
 ( #4593, #3474, #916, #2426 ),
 .UNSPECIFIED., .F., .F.,
 ( 4, 4 ),
 ( 5.000000000000000000, 6.000000000000000000 ),
 .UNSPECIFIED. ) ;
#2064 = LINE ( 'NONE', #4626, #4709 ) ;
#2065 = ORIENTED_EDGE ( 'NONE', *, *, #3772, .F. ) ;
#2066 = VECTOR ( 'NONE', #947, 1000.000000000000200 ) ;
#2067 = CARTESIAN_POINT ( 'NONE',  ( 4.000000000000000000, 0.7380570107101839300, 1.855980154052701400 ) ) ;
#2068 = CARTESIAN_POINT ( 'NONE',  ( -0.3500000000000000300, -2.730874819275297400, 1.515136497604291600 ) ) ;
#2069 = AXIS2_PLACEMENT_3D ( 'NONE', #3741, #801, #3776 ) ;
#2070 = ORIENTED_EDGE ( 'NONE', *, *, #3655, .T. ) ;
#2071 = CARTESIAN_POINT ( 'NONE',  ( -0.5000000000000000000, -1.574124474119790000, -2.849192986511581700 ) ) ;
#2072 = ORIENTED_EDGE ( 'NONE', *, *, #2101, .T. ) ;
#2073 = ORIENTED_EDGE ( 'NONE', *, *, #1253, .T. ) ;
#2074 = ORIENTED_EDGE ( 'NONE', *, *, #2772, .F. ) ;
#2075 = DIRECTION ( 'NONE',  ( 0.0000000000000000000, 0.0000000000000000000, 1.000000000000000000 ) ) ;
#2076 = EDGE_CURVE ( 'NONE', #3489, #2858, #3544, .T. ) ;
#2077 = ORIENTED_EDGE ( 'NONE', *, *, #3341, .T. ) ;
#2078 = DIRECTION ( 'NONE',  ( 0.0000000000000000000, -0.8660254037844434800, 0.4999999999999916200 ) ) ;
#2079 = VERTEX_POINT ( 'NONE', #2637 ) ;
#2080 = ORIENTED_EDGE ( 'NONE', *, *, #2772, .T. ) ;
#2081 = CARTESIAN_POINT ( 'NONE',  ( -0.3500000000000000300, -1.528480301339826900, -1.531786542273332300 ) ) ;
#2082 = EDGE_CURVE ( 'NONE', #1554, #1721, #544, .T. ) ;
#2083 = CARTESIAN_POINT ( 'NONE',  ( 4.000000000000000000, 0.0000000000000000000, 0.0000000000000000000 ) ) ;
#2084 = DIRECTION ( 'NONE',  ( 0.01745240643728355000, 0.9290816962246718500, -0.3694626033170808100 ) ) ;
#2085 = CARTESIAN_POINT ( 'NONE',  ( 4.000000000000000000, 0.0000000000000000000, 0.0000000000000000000 ) ) ;
#2086 = AXIS2_PLACEMENT_3D ( 'NONE', #1041, #4674, #3225 ) ;
#2087 = EDGE_CURVE ( 'NONE', #4385, #465, #2692, .T. ) ;
#2088 = ORIENTED_EDGE ( 'NONE', *, *, #4759, .T. ) ;
#2089 = CARTESIAN_POINT ( 'NONE',  ( 4.000000000000000000, 3.131833979599632400, -1.808165191179273300 ) ) ;
#2090 = EDGE_LOOP ( 'NONE', ( #2206, #3959, #1177, #4399 ) ) ;
#2091 = ADVANCED_FACE ( 'NONE', ( #1588 ), #3360, .T. ) ;
#2092 = ORIENTED_EDGE ( 'NONE', *, *, #2793, .T. ) ;
#2093 = ORIENTED_EDGE ( 'NONE', *, *, #1029, .F. ) ;
#2094 = LINE ( 'NONE', #4317, #471 ) ;
#2095 = ORIENTED_EDGE ( 'NONE', *, *, #3423, .T. ) ;
#2096 = AXIS2_PLACEMENT_3D ( 'NONE', #81, #1568, #15 ) ;
#2097 = ORIENTED_EDGE ( 'NONE', *, *, #2668, .F. ) ;
#2098 = DIRECTION ( 'NONE',  ( -0.0000000000000000000, 0.9837671511830292600, 0.1794496928200959000 ) ) ;
#2099 = CARTESIAN_POINT ( 'NONE',  ( 0.6828427124746188100, 2.534100134223360000, -3.094888771786338900 ) ) ;
#2100 = VECTOR ( 'NONE', #4628, 1000.000000000000000 ) ;
#2101 = EDGE_CURVE ( 'NONE', #4461, #553, #1395, .T. ) ;
#2102 = B_SPLINE_CURVE_WITH_KNOTS ( 'NONE', 3,
 ( #2126, #2493, #987, #3229 ),
 .UNSPECIFIED., .F., .F.,
 ( 4, 4 ),
 ( 1.970706031426308700E-007, 0.0001600763227399193600 ),
 .UNSPECIFIED. ) ;
#2103 = CARTESIAN_POINT ( 'NONE',  ( 0.5770793052463016900, -0.6330095181497741300, 3.926427812144107000 ) ) ;
#2104 = VECTOR ( 'NONE', #4192, 1000.000000000000000 ) ;
#2105 = FACE_OUTER_BOUND ( 'NONE', #4666, .T. ) ;
#2106 = PLANE ( 'NONE',  #3220 ) ;
#2107 = ORIENTED_EDGE ( 'NONE', *, *, #4158, .T. ) ;
#2108 = EDGE_CURVE ( 'NONE', #232, #3596, #1105, .T. ) ;
#2109 = CARTESIAN_POINT ( 'NONE',  ( 0.4151494614776300400, -3.780040442902151000, 0.5209437925353848100 ) ) ;
#2110 = LINE ( 'NONE', #3112, #1173 ) ;
#2111 = VECTOR ( 'NONE', #4792, 1000.000000000000100 ) ;
#2112 = DIRECTION ( 'NONE',  ( -1.000000000000000000, 0.0000000000000000000, 0.0000000000000000000 ) ) ;
#2113 = ORIENTED_EDGE ( 'NONE', *, *, #1541, .F. ) ;
#2114 = ORIENTED_EDGE ( 'NONE', *, *, #4482, .F. ) ;
#2115 = CIRCLE ( 'NONE', #4081, 4.000000000000000000 ) ;
#2116 = CARTESIAN_POINT ( 'NONE',  ( 0.5414213562373106900, -1.420265278832085100, -3.676635533357580000 ) ) ;
#2117 = AXIS2_PLACEMENT_3D ( 'NONE', #3847, #942, #2026 ) ;
#2118 = CARTESIAN_POINT ( 'NONE',  ( -0.3500000000000000300, 1.600248128395219200, -1.581210277290207500 ) ) ;
#2119 = EDGE_CURVE ( 'NONE', #2464, #4385, #2534, .T. ) ;
#2120 = DIRECTION ( 'NONE',  ( -1.000000000000000000, -0.0000000000000000000, -0.0000000000000000000 ) ) ;
#2121 =( NAMED_UNIT ( * ) SI_UNIT ( $, .STERADIAN. ) SOLID_ANGLE_UNIT ( ) );
#2122 = LINE ( 'NONE', #4086, #88 ) ;
#2123 = CARTESIAN_POINT ( 'NONE',  ( 1.726467076573295700, -3.108084227356135500, 2.517984564546361900 ) ) ;
#2124 = CIRCLE ( 'NONE', #78, 3.941421356237309900 ) ;
#2125 = AXIS2_PLACEMENT_3D ( 'NONE', #1813, #1404, #4363 ) ;
#2126 = CARTESIAN_POINT ( 'NONE',  ( 0.6828427124746188100, 1.413202231141837700, -3.742039477864408200 ) ) ;
#2127 =( BOUNDED_CURVE ( )  B_SPLINE_CURVE ( 3, ( #3221, #2818, #598, #216 ),
 .UNSPECIFIED., .F., .F. ) 
 B_SPLINE_CURVE_WITH_KNOTS ( ( 4, 4 ),
 ( 2.077000745848169000, 2.092622056020759100 ),
 .UNSPECIFIED. ) 
 CURVE ( )  GEOMETRIC_REPRESENTATION_ITEM ( )  RATIONAL_B_SPLINE_CURVE ( ( 1.000000000000000000, 0.9999796646590899400, 0.9999796646590899400, 1.000000000000000000 ) ) 
 REPRESENTATION_ITEM ( '' )  );
#2128 = EDGE_LOOP ( 'NONE', ( #2287, #1860 ) ) ;
#2129 = CARTESIAN_POINT ( 'NONE',  ( 4.000000000000000000, 0.0000000000000000000, 0.0000000000000000000 ) ) ;
#2130 = DIRECTION ( 'NONE',  ( 0.0000000000000000000, 0.0000000000000000000, -1.000000000000000000 ) ) ;
#2131 = DIRECTION ( 'NONE',  ( -1.000000000000000000, -0.0000000000000000000, -0.0000000000000000000 ) ) ;
#2133 = ORIENTED_EDGE ( 'NONE', *, *, #3328, .T. ) ;
#2132 = CARTESIAN_POINT ( 'NONE',  ( 4.500000000000000900, 0.0000000000000000000, 1.989919402821355400 ) ) ;
#2134 = CARTESIAN_POINT ( 'NONE',  ( -0.5000000000000000000, -3.154938171416999300, 2.740979664517975600 ) ) ;
#2135 = CARTESIAN_POINT ( 'NONE',  ( 0.6287625125013168700, -3.094204988520493900, 2.534935236642248000 ) ) ;
#2136 = CARTESIAN_POINT ( 'NONE',  ( 0.4151494614774393600, 3.780040442901966700, 0.5209437925353396200 ) ) ;
#2137 = EDGE_CURVE ( 'NONE', #1808, #1782, #4532, .T. ) ;
#2138 = DIRECTION ( 'NONE',  ( -0.9998476951563911600, 0.01745240643728354600, 0.0000000000000000000 ) ) ;
#2139 = ADVANCED_FACE ( 'NONE', ( #82 ), #2757, .T. ) ;
#2140 = AXIS2_PLACEMENT_3D ( 'NONE', #4070, #1525, #1876 ) ;
#2141 = EDGE_CURVE ( 'NONE', #3924, #3887, #891, .T. ) ;
#2142 = CARTESIAN_POINT ( 'NONE',  ( 3.800000000000001200, 3.719507738389963500, -1.471482988028463700 ) ) ;
#2143 = ORIENTED_EDGE ( 'NONE', *, *, #4189, .T. ) ;
#2144 = CARTESIAN_POINT ( 'NONE',  ( 0.1435160840380046200, 1.675140825583081700, -3.130906761591840200 ) ) ;
#2145 = PLANE ( 'NONE',  #103 ) ;
#2146 = ORIENTED_EDGE ( 'NONE', *, *, #220, .T. ) ;
#2147 = CARTESIAN_POINT ( 'NONE',  ( 0.6828427124746188100, -3.094888771786298100, 2.534100134223409300 ) ) ;
#2148 = ORIENTED_EDGE ( 'NONE', *, *, #36, .F. ) ;
#2149 = ORIENTED_EDGE ( 'NONE', *, *, #676, .F. ) ;
#2150 = DIRECTION ( 'NONE',  ( -0.0000000000000000000, 0.1808027256790672200, 0.9835193818054731600 ) ) ;
#2151 = ORIENTED_EDGE ( 'NONE', *, *, #2329, .F. ) ;
#2152 = ORIENTED_EDGE ( 'NONE', *, *, #2834, .F. ) ;
#2153 = VECTOR ( 'NONE', #2006, 1000.000000000000200 ) ;
#2154 = DIRECTION ( 'NONE',  ( -0.0000000000000000000, 0.3695188828327410900, 0.9292232214220880200 ) ) ;
#2155 = AXIS2_PLACEMENT_3D ( 'NONE', #4737, #2537, #308 ) ;
#2156 = FACE_OUTER_BOUND ( 'NONE', #284, .T. ) ;
#2157 = DIRECTION ( 'NONE',  ( 1.000000000000000000, 0.0000000000000000000, 0.0000000000000000000 ) ) ;
#2158 = ADVANCED_FACE ( 'NONE', ( #3717 ), #4208, .F. ) ;
#2159 = VERTEX_POINT ( 'NONE', #4186 ) ;
#2160 = CARTESIAN_POINT ( 'NONE',  ( -0.5000000000000000000, 0.0000000000000000000, 0.0000000000000000000 ) ) ;
#2161 = EDGE_CURVE ( 'NONE', #765, #2616, #3259, .T. ) ;
#2162 = VECTOR ( 'NONE', #778, 1000.000000000000000 ) ;
#2163 = VECTOR ( 'NONE', #442, 1000.000000000000000 ) ;
#2164 = VERTEX_POINT ( 'NONE', #3123 ) ;
#2165 = CARTESIAN_POINT ( 'NONE',  ( -0.3500000000000000300, -0.04942863768468952500, 0.0001279175331589943200 ) ) ;
#2166 = DIRECTION ( 'NONE',  ( 1.000000000000000000, 0.0000000000000000000, 0.0000000000000000000 ) ) ;
#2167 = EDGE_LOOP ( 'NONE', ( #316, #3972, #742, #4336 ) ) ;
#2168 = VECTOR ( 'NONE', #1360, 1000.000000000000000 ) ;
#2169 = CARTESIAN_POINT ( 'NONE',  ( 4.000000000000000000, 2.265880297371502600, -3.050538719305766500 ) ) ;
#2170 = EDGE_CURVE ( 'NONE', #4703, #1919, #3883, .T. ) ;
#2171 = DIRECTION ( 'NONE',  ( 0.01745240643728354600, -0.9893396527802458300, 0.1445768478913910200 ) ) ;
#2172 = ORIENTED_EDGE ( 'NONE', *, *, #85, .T. ) ;
#2173 = CARTESIAN_POINT ( 'NONE',  ( 0.5414213562373099100, 3.068303578259742100, -2.473927132928942700 ) ) ;
#2174 = VECTOR ( 'NONE', #2154, 1000.000000000000100 ) ;
#2175 = CIRCLE ( 'NONE', #1226, 1.989919402821355400 ) ;
#2176 =( BOUNDED_CURVE ( )  B_SPLINE_CURVE ( 3, ( #3923, #2399, #180, #937 ),
 .UNSPECIFIED., .F., .F. ) 
 B_SPLINE_CURVE_WITH_KNOTS ( ( 4, 4 ),
 ( 2.077000745848092600, 2.092622056020682300 ),
 .UNSPECIFIED. ) 
 CURVE ( )  GEOMETRIC_REPRESENTATION_ITEM ( )  RATIONAL_B_SPLINE_CURVE ( ( 1.000000000000000000, 0.9999796646590899400, 0.9999796646590899400, 1.000000000000000000 ) ) 
 REPRESENTATION_ITEM ( '' )  );
#2177 = DIRECTION ( 'NONE',  ( -0.0000000000000000000, 0.7076581535678636600, 0.7065549785324011200 ) ) ;
#2178 = CARTESIAN_POINT ( 'NONE',  ( -0.3500000000000000300, 0.3983898996960658600, 0.4504065753789245900 ) ) ;
#2179 = MECHANICAL_DESIGN_GEOMETRIC_PRESENTATION_REPRESENTATION (  '', ( #1410 ), #1671 ) ;
#2180 = EDGE_CURVE ( 'NONE', #4448, #3044, #295, .T. ) ;
#2181 = CARTESIAN_POINT ( 'NONE',  ( -0.5000000000000000000, 3.154938171416355400, -2.740979664517689200 ) ) ;
#2182 = ORIENTED_EDGE ( 'NONE', *, *, #927, .T. ) ;
#2183 = VECTOR ( 'NONE', #609, 1000.000000000000000 ) ;
#2184 = DIRECTION ( 'NONE',  ( -1.000000000000000000, -0.0000000000000000000, -0.0000000000000000000 ) ) ;
#2185 = B_SPLINE_CURVE_WITH_KNOTS ( 'NONE', 3,
 ( #3928, #2539, #2136, #3588 ),
 .UNSPECIFIED., .F., .F.,
 ( 4, 4 ),
 ( 1.953636225321826100E-005, 0.0005935638520787776200 ),
 .UNSPECIFIED. ) ;
#2186 = DIRECTION ( 'NONE',  ( -1.000000000000000000, 0.0000000000000000000, 0.0000000000000000000 ) ) ;
#2187 = ORIENTED_EDGE ( 'NONE', *, *, #491, .T. ) ;
#2188 = VERTEX_POINT ( 'NONE', #163 ) ;
#2189 = ORIENTED_EDGE ( 'NONE', *, *, #3820, .F. ) ;
#2190 = CARTESIAN_POINT ( 'NONE',  ( 4.000000000000000000, 0.0000000000000000000, 0.0000000000000000000 ) ) ;
#2191 = ORIENTED_EDGE ( 'NONE', *, *, #1644, .F. ) ;
#2192 = DIRECTION ( 'NONE',  ( -0.0000000000000000000, 1.000000000000000000, 1.735306733658983900E-014 ) ) ;
#2193 = AXIS2_PLACEMENT_3D ( 'NONE', #2705, #1558, #3806 ) ;
#2194 = CARTESIAN_POINT ( 'NONE',  ( 4.000000000000000000, -0.2888139563099917400, -1.976354467683912400 ) ) ;
#2195 = ORIENTED_EDGE ( 'NONE', *, *, #4566, .T. ) ;
#2196 = EDGE_CURVE ( 'NONE', #4002, #3489, #1442, .T. ) ;
#2197 = CARTESIAN_POINT ( 'NONE',  ( 3.800000000000008300, -1.471482988029018600, -3.719507738389744600 ) ) ;
#2198 = PLANE ( 'NONE',  #893 ) ;
#2199 = ORIENTED_EDGE ( 'NONE', *, *, #2435, .T. ) ;
#2200 = PLANE ( 'NONE',  #4203 ) ;
#2201 = CARTESIAN_POINT ( 'NONE',  ( -0.3500000000000000300, 1.515284590812818100, 2.729669879841181600 ) ) ;
#2202 = DIRECTION ( 'NONE',  ( 0.0000000000000000000, 0.0000000000000000000, 1.000000000000000000 ) ) ;
#2203 = PLANE ( 'NONE',  #805 ) ;
#2204 = EDGE_CURVE ( 'NONE', #465, #3659, #1450, .T. ) ;
#2205 = CARTESIAN_POINT ( 'NONE',  ( 0.1660638834218446700, -3.246003810518802700, -1.476574035645719500 ) ) ;
#2206 = ORIENTED_EDGE ( 'NONE', *, *, #4006, .F. ) ;
#2207 = DIRECTION ( 'NONE',  ( 0.0000000000000000000, -0.9894903569543136400, 0.1445988709998287100 ) ) ;
#2208 = ORIENTED_EDGE ( 'NONE', *, *, #3632, .T. ) ;
#2209 = ORIENTED_EDGE ( 'NONE', *, *, #2613, .T. ) ;
#2210 = CARTESIAN_POINT ( 'NONE',  ( -0.3500000000000000300, 1.515744267301090400, -2.735389839122410300 ) ) ;
#2211 = EDGE_CURVE ( 'NONE', #3452, #2532, #4392, .T. ) ;
#2212 = ORIENTED_EDGE ( 'NONE', *, *, #4063, .F. ) ;
#2213 = DIRECTION ( 'NONE',  ( 0.0000000000000000000, 0.0000000000000000000, 1.000000000000000000 ) ) ;
#2214 = ORIENTED_EDGE ( 'NONE', *, *, #2024, .F. ) ;
#2215 = ADVANCED_FACE ( 'NONE', ( #2694 ), #917, .F. ) ;
#2216 = ADVANCED_BREP_SHAPE_REPRESENTATION ( 'putnik_3', ( #1012, #4364 ), #1486 ) ;
#2217 = LINE ( 'NONE', #3657, #175 ) ;
#2218 = ORIENTED_EDGE ( 'NONE', *, *, #2339, .T. ) ;
#2219 = CARTESIAN_POINT ( 'NONE',  ( 3.800000000000008300, -3.956929685032743600, 0.5854122203257072800 ) ) ;
#2220 = VERTEX_POINT ( 'NONE', #3102 ) ;
#2221 = CARTESIAN_POINT ( 'NONE',  ( -0.3500000000000000300, -1.598972542069196300, -1.587739385929191900 ) ) ;
#2222 = DIRECTION ( 'NONE',  ( 0.0000000000000000000, 0.0000000000000000000, 1.000000000000000000 ) ) ;
#2223 = DIRECTION ( 'NONE',  ( -0.0000000000000000000, 0.1806987397324693900, 0.9835384921085179600 ) ) ;
#2224 = LINE ( 'NONE', #1053, #1167 ) ;
#2225 = CARTESIAN_POINT ( 'NONE',  ( 1.726467076573321900, 3.734680712912322500, 1.432687615718939000 ) ) ;
#2226 = CARTESIAN_POINT ( 'NONE',  ( 3.999999999999999100, 3.287753062547584400, -1.538105417643905500 ) ) ;
#2227 = FACE_BOUND ( 'NONE', #4318, .T. ) ;
#2228 = CIRCLE ( 'NONE', #4235, 3.399999999999997700 ) ;
#2229 = ORIENTED_EDGE ( 'NONE', *, *, #3216, .T. ) ;
#2230 = CARTESIAN_POINT ( 'NONE',  ( 3.800000000000004700, 0.0000000000000000000, 0.0000000000000000000 ) ) ;
#2231 = EDGE_LOOP ( 'NONE', ( #2882, #4050, #4383, #3695, #3961 ) ) ;
#2232 = VECTOR ( 'NONE', #458, 1000.000000000000100 ) ;
#2233 = CARTESIAN_POINT ( 'NONE',  ( 0.5414213562373099100, 1.420265278831073700, -3.676635533357971700 ) ) ;
#2234 = CARTESIAN_POINT ( 'NONE',  ( 3.867028257739602900, -3.896461195244129300, 0.5361418639797492800 ) ) ;
#2235 = ORIENTED_EDGE ( 'NONE', *, *, #854, .F. ) ;
#2236 = EDGE_CURVE ( 'NONE', #1022, #3076, #956, .T. ) ;
#2237 = ORIENTED_EDGE ( 'NONE', *, *, #1210, .T. ) ;
#2238 = CARTESIAN_POINT ( 'NONE',  ( 4.000000000000000000, 3.487579259111329000, -1.508903877460890900 ) ) ;
#2239 = VECTOR ( 'NONE', #3751, 1000.000000000000000 ) ;
#2240 = DIRECTION ( 'NONE',  ( 0.01745240643728355000, -0.6198770494631558000, -0.7845048483332658400 ) ) ;
#2241 = CARTESIAN_POINT ( 'NONE',  ( 3.800000000000008300, -0.5854122203255668300, 3.956929685032764400 ) ) ;
#2242 = DIRECTION ( 'NONE',  ( -0.0000000000000000000, -0.7049754928483054100, -0.7092316648904566400 ) ) ;
#2243 = ADVANCED_FACE ( 'NONE', ( #3033 ), #565, .F. ) ;
#2244 = LINE ( 'NONE', #3983, #3784 ) ;
#2245 = DIRECTION ( 'NONE',  ( 0.0000000000000000000, 0.0000000000000000000, 1.000000000000000000 ) ) ;
#2246 = CIRCLE ( 'NONE', #3539, 1.989919402821355400 ) ;
#2247 = CARTESIAN_POINT ( 'NONE',  ( -0.3500000000000000300, 0.4358797207719509700, -0.4337632301709910000 ) ) ;
#2248 = CARTESIAN_POINT ( 'NONE',  ( 3.867028257739600700, -3.642505311931379300, 1.483918123383729100 ) ) ;
#2249 = ORIENTED_EDGE ( 'NONE', *, *, #2650, .T. ) ;
#2250 = DIRECTION ( 'NONE',  ( 0.0000000000000000000, 0.7091940678631684100, -0.7050133148442601100 ) ) ;
#2251 = AXIS2_PLACEMENT_3D ( 'NONE', #3461, #4551, #2019 ) ;
#2252 = DIRECTION ( 'NONE',  ( 0.0000000000000000000, -0.7091635995460874300, 0.7050439625149885800 ) ) ;
#2253 = DIRECTION ( 'NONE',  ( 0.01745240643728355000, 0.7845048483332767200, -0.6198770494631417000 ) ) ;
#2254 = CARTESIAN_POINT ( 'NONE',  ( 0.0000000000000000000, 0.0000000000000000000, -3.399999999999997700 ) ) ;
#2255 = ORIENTED_EDGE ( 'NONE', *, *, #1217, .F. ) ;
#2256 = DIRECTION ( 'NONE',  ( 0.0000000000000000000, -0.7846243504222615300, 0.6199714741215471800 ) ) ;
#2257 = DIRECTION ( 'NONE',  ( -1.000000000000000000, -0.0000000000000000000, -0.0000000000000000000 ) ) ;
#2258 = CARTESIAN_POINT ( 'NONE',  ( -0.3500000000000000300, 2.637210185717893100, 0.0002556054465696622700 ) ) ;
#2259 = DIRECTION ( 'NONE',  ( -0.0000000000000000000, 0.9835193818054731600, -0.1808027256790672200 ) ) ;
#2260 = EDGE_CURVE ( 'NONE', #4120, #2079, #2990, .T. ) ;
#2261 = PLANE ( 'NONE',  #2030 ) ;
#2262 = ADVANCED_FACE ( 'NONE', ( #1279 ), #3885, .F. ) ;
#2263 = CARTESIAN_POINT ( 'NONE',  ( 4.000000000000000000, 1.976354467683693100, -0.2888139563099513300 ) ) ;
#2264 = CARTESIAN_POINT ( 'NONE',  ( -0.3500000000000000300, -0.4344076966130562800, -0.4383779146962940600 ) ) ;
#2265 = CARTESIAN_POINT ( 'NONE',  ( 0.1660638834213520000, 3.549408778512786800, -0.3442512798211862500 ) ) ;
#2266 = ORIENTED_EDGE ( 'NONE', *, *, #4072, .F. ) ;
#2267 = ORIENTED_EDGE ( 'NONE', *, *, #2739, .F. ) ;
#2268 = DIRECTION ( 'NONE',  ( 0.0000000000000000000, -0.5000000000000074400, 0.8660254037844342700 ) ) ;
#2269 = EDGE_CURVE ( 'NONE', #59, #4778, #4576, .T. ) ;
#2270 = VERTEX_POINT ( 'NONE', #1307 ) ;
#2271 = VERTEX_POINT ( 'NONE', #2052 ) ;
#2272 = ORIENTED_EDGE ( 'NONE', *, *, #1107, .F. ) ;
#2273 = CARTESIAN_POINT ( 'NONE',  ( 3.800000000000001200, -2.485446697004599900, -3.134095518064011500 ) ) ;
#2274 = DIRECTION ( 'NONE',  ( 1.000000000000000000, -0.0000000000000000000, -0.0000000000000000000 ) ) ;
#2275 = VERTEX_POINT ( 'NONE', #4213 ) ;
#2276 = B_SPLINE_CURVE_WITH_KNOTS ( 'NONE', 3,
 ( #2027, #2410, #4269, #211 ),
 .UNSPECIFIED., .F., .F.,
 ( 4, 4 ),
 ( 3.103214057013582100E-007, 0.0003088409397669807600 ),
 .UNSPECIFIED. ) ;
#2277 = CARTESIAN_POINT ( 'NONE',  ( 4.000000000000000000, -3.487579259111126500, 1.508903877461358600 ) ) ;
#2278 = VECTOR ( 'NONE', #2488, 1000.000000000000100 ) ;
#2279 = EDGE_CURVE ( 'NONE', #127, #3790, #3304, .T. ) ;
#2280 = CARTESIAN_POINT ( 'NONE',  ( -0.3500000000000000300, 2.849155096921835600, -1.573566027540784800 ) ) ;
#2281 = CARTESIAN_POINT ( 'NONE',  ( -0.3500000000000000300, -1.524828427016325700, 1.527693419894153400 ) ) ;
#2282 = CARTESIAN_POINT ( 'NONE',  ( 0.1435172192934945100, 3.549015225026520800, 0.1147504266070620100 ) ) ;
#2283 = CARTESIAN_POINT ( 'NONE',  ( -0.5000000000000000000, -0.04942863768468952500, 0.0001279175331589943200 ) ) ;
#2284 = LINE ( 'NONE', #783, #3137 ) ;
#2285 = CARTESIAN_POINT ( 'NONE',  ( -0.3500000000000000300, -0.3996595591106602000, -0.4498519076669932900 ) ) ;
#2286 = CARTESIAN_POINT ( 'NONE',  ( -0.3500000000000000300, 2.730857209087098200, 1.514634258478215800 ) ) ;
#2287 = ORIENTED_EDGE ( 'NONE', *, *, #2446, .T. ) ;
#2288 = AXIS2_PLACEMENT_3D ( 'NONE', #4494, #372, #1870 ) ;
#2289 = FACE_OUTER_BOUND ( 'NONE', #2167, .T. ) ;
#2290 = CIRCLE ( 'NONE', #4579, 4.000000000000000000 ) ;
#2291 = VERTEX_POINT ( 'NONE', #3871 ) ;
#2292 = ORIENTED_EDGE ( 'NONE', *, *, #4684, .F. ) ;
#2293 = ADVANCED_FACE ( 'NONE', ( #1745 ), #2615, .T. ) ;
#2294 = CARTESIAN_POINT ( 'NONE',  ( 0.6828427124746188100, -3.947302365365927400, -0.6471507060774613900 ) ) ;
#2295 = ORIENTED_EDGE ( 'NONE', *, *, #729, .F. ) ;
#2296 = DIRECTION ( 'NONE',  ( 0.0000000000000000000, -0.5690646853558800600, 0.8222927604453375000 ) ) ;
#2297 = CARTESIAN_POINT ( 'NONE',  ( 3.800000000000008300, 1.471482988028434600, 3.719507738389975500 ) ) ;
#2298 = CIRCLE ( 'NONE', #4150, 4.000000000000000000 ) ;
#2299 = VECTOR ( 'NONE', #534, 1000.000000000000000 ) ;
#2300 = CARTESIAN_POINT ( 'NONE',  ( -0.3500000000000000300, 1.573476229217115400, -2.849192986511581700 ) ) ;
#2301 = CARTESIAN_POINT ( 'NONE',  ( -0.5000000000000000000, 1.598996786843808400, 1.585296749758803300 ) ) ;
#2302 = CONICAL_SURFACE ( 'NONE', #3418, 3.399999999999998100, 0.2792526803190927800 ) ;
#2303 = DIRECTION ( 'NONE',  ( 0.0000000000000000000, 0.0000000000000000000, 1.000000000000000000 ) ) ;
#2304 = CARTESIAN_POINT ( 'NONE',  ( 0.1660638834216568400, 2.072834742866870100, 2.901752530697332000 ) ) ;
#2305 = EDGE_CURVE ( 'NONE', #3098, #4786, #302, .T. ) ;
#2306 = TOROIDAL_SURFACE ( 'NONE', #1392, 3.799999999999999800, 0.2000000000000000100 ) ;
#2307 = CARTESIAN_POINT ( 'NONE',  ( -0.3500000000000000300, -0.01422933622158328900, -2.741961510399197900 ) ) ;
#2308 = CARTESIAN_POINT ( 'NONE',  ( 0.2898795043564618700, -1.457620430467936800, 3.390649609696352800 ) ) ;
#2309 = ORIENTED_EDGE ( 'NONE', *, *, #1788, .T. ) ;
#2310 = VERTEX_POINT ( 'NONE', #4249 ) ;
#2311 = CARTESIAN_POINT ( 'NONE',  ( 3.800000000000008300, -3.956929685032832400, -0.5854122203251097600 ) ) ;
#2312 = EDGE_CURVE ( 'NONE', #502, #704, #4637, .T. ) ;
#2313 = EDGE_LOOP ( 'NONE', ( #4308, #2704, #2733, #2383 ) ) ;
#2314 = CARTESIAN_POINT ( 'NONE',  ( -0.5000000000000000000, -2.888868415790524700, 2.071898307833666600 ) ) ;
#2315 = CARTESIAN_POINT ( 'NONE',  ( -0.5000000000000000000, -0.0006348297072971131900, -0.04849563989301497500 ) ) ;
#2316 = ORIENTED_EDGE ( 'NONE', *, *, #3875, .T. ) ;
#2317 = DIRECTION ( 'NONE',  ( -1.000000000000000000, 0.0000000000000000000, 0.0000000000000000000 ) ) ;
#2318 = ADVANCED_FACE ( 'NONE', ( #3640 ), #3498, .F. ) ;
#2319 = AXIS2_PLACEMENT_3D ( 'NONE', #2056, #2805, #4613 ) ;
#2320 = CARTESIAN_POINT ( 'NONE',  ( 0.5414213562373106900, -3.068303578260410900, -2.473927132928113200 ) ) ;
#2321 = ORIENTED_EDGE ( 'NONE', *, *, #1396, .F. ) ;
#2322 = CARTESIAN_POINT ( 'NONE',  ( -0.3500000000000000300, -0.04942863768468952500, 0.0001279175331589943200 ) ) ;
#2323 = ORIENTED_EDGE ( 'NONE', *, *, #4078, .T. ) ;
#2324 = PLANE ( 'NONE',  #4023 ) ;
#2325 = AXIS2_PLACEMENT_3D ( 'NONE', #4523, #438, #2703 ) ;
#2326 = CARTESIAN_POINT ( 'NONE',  ( 0.2898795043562793500, 2.207578482094667100, 2.957661126708524900 ) ) ;
#2327 = CARTESIAN_POINT ( 'NONE',  ( -0.3500000000000000300, -2.849667141383537100, 1.574077238433924100 ) ) ;
#2328 = CARTESIAN_POINT ( 'NONE',  ( 0.5414213562373277900, 3.068303578259914400, 2.473927132928762400 ) ) ;
#2329 = EDGE_CURVE ( 'NONE', #2986, #4120, #1581, .T. ) ;
#2330 = DIRECTION ( 'NONE',  ( -1.000000000000000000, 0.0000000000000000000, 0.0000000000000000000 ) ) ;
#2331 = VERTEX_POINT ( 'NONE', #909 ) ;
#2332 = ORIENTED_EDGE ( 'NONE', *, *, #2867, .T. ) ;
#2333 = ORIENTED_EDGE ( 'NONE', *, *, #1029, .T. ) ;
#2334 = ORIENTED_EDGE ( 'NONE', *, *, #4647, .T. ) ;
#2335 = B_SPLINE_CURVE_WITH_KNOTS ( 'NONE', 3,
 ( #446, #810, #1544, #4149 ),
 .UNSPECIFIED., .F., .F.,
 ( 4, 4 ),
 ( 1.970706031426308700E-007, 0.0001600763227399209900 ),
 .UNSPECIFIED. ) ;
#2336 = ORIENTED_EDGE ( 'NONE', *, *, #1085, .F. ) ;
#2337 = VECTOR ( 'NONE', #2503, 999.9999999999998900 ) ;
#2338 = ORIENTED_EDGE ( 'NONE', *, *, #1987, .T. ) ;
#2339 = EDGE_CURVE ( 'NONE', #3452, #3443, #4045, .T. ) ;
#2340 = CARTESIAN_POINT ( 'NONE',  ( 4.000000000000000000, 3.774784174832556300, -0.4370405398057888300 ) ) ;
#2341 = ADVANCED_FACE ( 'NONE', ( #702 ), #3907, .T. ) ;
#2342 = B_SPLINE_CURVE_WITH_KNOTS ( 'NONE', 3,
 ( #996, #2144, #1351, #1756 ),
 .UNSPECIFIED., .F., .F.,
 ( 4, 4 ),
 ( 1.258644457447169100E-005, 0.0007010889138257503100 ),
 .UNSPECIFIED. ) ;
#2343 = CARTESIAN_POINT ( 'NONE',  ( 0.6828427124746188100, 3.947302365365815500, 0.6471507060781416200 ) ) ;
#2344 = CYLINDRICAL_SURFACE ( 'NONE', #1509, 4.000000000000000000 ) ;
#2345 = CARTESIAN_POINT ( 'NONE',  ( -0.5000000000000000000, 2.849155096921835600, 1.574077238433924100 ) ) ;
#2346 = AXIS2_PLACEMENT_3D ( 'NONE', #2085, #3891, #4231 ) ;
#2347 = CARTESIAN_POINT ( 'NONE',  ( 0.5414213562373099100, -0.6083319550982898600, -3.894192411760088100 ) ) ;
#2348 = FACE_BOUND ( 'NONE', #1641, .T. ) ;
#2349 = LINE ( 'NONE', #57, #1753 ) ;
#2350 = VERTEX_POINT ( 'NONE', #3542 ) ;
#2351 = ORIENTED_EDGE ( 'NONE', *, *, #945, .F. ) ;
#2352 = VECTOR ( 'NONE', #4473, 1000.000000000000100 ) ;
#2353 = LINE ( 'NONE', #3282, #4586 ) ;
#2354 = DIRECTION ( 'NONE',  ( -0.0000000000000000000, 0.1794644865654998500, -0.9837644525300665000 ) ) ;
#2355 = CARTESIAN_POINT ( 'NONE',  ( -0.3500000000000000300, 0.4404162482627732000, -0.4329384095850645200 ) ) ;
#2356 = ORIENTED_EDGE ( 'NONE', *, *, #578, .T. ) ;
#2357 = VECTOR ( 'NONE', #2207, 1000.000000000000100 ) ;
#2358 = CARTESIAN_POINT ( 'NONE',  ( 0.1660638834212876100, 2.901752530696762200, -2.072834742867032200 ) ) ;
#2359 = EDGE_CURVE ( 'NONE', #4228, #4510, #3199, .T. ) ;
#2360 = FACE_BOUND ( 'NONE', #234, .T. ) ;
#2361 = CARTESIAN_POINT ( 'NONE',  ( -0.5000000000000000000, 0.0000000000000000000, 3.105916497100035900 ) ) ;
#2362 = VECTOR ( 'NONE', #2424, 1000.000000000000000 ) ;
#2363 = CARTESIAN_POINT ( 'NONE',  ( 0.6828427124746195800, 0.0000000000000000000, 0.0000000000000000000 ) ) ;
#2364 = ADVANCED_FACE ( 'NONE', ( #2693 ), #542, .T. ) ;
#2365 = CARTESIAN_POINT ( 'NONE',  ( 0.5770793052462336300, -3.083881472367970400, -2.511416229626620000 ) ) ;
#2366 = EDGE_CURVE ( 'NONE', #3788, #562, #2176, .T. ) ;
#2367 = ORIENTED_EDGE ( 'NONE', *, *, #420, .T. ) ;
#2368 = ORIENTED_EDGE ( 'NONE', *, *, #3638, .T. ) ;
#2369 = DIRECTION ( 'NONE',  ( -0.0000000000000000000, 0.5676628588212341300, 0.8232611242582170700 ) ) ;
#2370 = B_SPLINE_CURVE_WITH_KNOTS ( 'NONE', 3,
 ( #573, #3850, #1255, #2043 ),
 .UNSPECIFIED., .F., .F.,
 ( 4, 4 ),
 ( 1.970706031426308700E-007, 0.0001600763227399301200 ),
 .UNSPECIFIED. ) ;
#2371 = PLANE ( 'NONE',  #3313 ) ;
#2372 = AXIS2_PLACEMENT_3D ( 'NONE', #3497, #2050, #581 ) ;
#2373 = VERTEX_POINT ( 'NONE', #2035 ) ;
#2374 = CARTESIAN_POINT ( 'NONE',  ( -0.3500000000000000300, -0.0003022024523184896300, -2.849192986511581700 ) ) ;
#2375 = EDGE_CURVE ( 'NONE', #3842, #3808, #1332, .T. ) ;
#2376 = CARTESIAN_POINT ( 'NONE',  ( -0.3500000000000000300, -0.0003022024523184896300, 2.849705030973278300 ) ) ;
#2377 = EDGE_LOOP ( 'NONE', ( #2, #3455, #3170, #2266 ) ) ;
#2378 = CARTESIAN_POINT ( 'NONE',  ( -0.3500000000000000300, 2.739462666775876800, -0.01379006502842661200 ) ) ;
#2379 = AXIS2_PLACEMENT_3D ( 'NONE', #4074, #785, #2296 ) ;
#2380 = DIRECTION ( 'NONE',  ( -0.0000000000000000000, 0.7068949774621959800, -0.7073185214871171600 ) ) ;
#2381 = CARTESIAN_POINT ( 'NONE',  ( -0.5000000000000000000, 0.4361350966052692200, 0.4387708668330989000 ) ) ;
#2382 = DIRECTION ( 'NONE',  ( 0.0000000000000000000, -0.9835517828178660400, 0.1806263837754532600 ) ) ;
#2383 = ORIENTED_EDGE ( 'NONE', *, *, #2827, .F. ) ;
#2384 = VERTEX_POINT ( 'NONE', #1657 ) ;
#2385 = CARTESIAN_POINT ( 'NONE',  ( -0.3500000000000000300, -1.584765133570547900, -1.601955306955402400 ) ) ;
#2386 = DIRECTION ( 'NONE',  ( 0.0000000000000000000, 0.0000000000000000000, -1.000000000000000000 ) ) ;
#2387 = ORIENTED_EDGE ( 'NONE', *, *, #3494, .F. ) ;
#2388 = ORIENTED_EDGE ( 'NONE', *, *, #3208, .T. ) ;
#2389 = VERTEX_POINT ( 'NONE', #4643 ) ;
#2390 = EDGE_CURVE ( 'NONE', #1324, #3025, #2538, .T. ) ;
#2391 = CARTESIAN_POINT ( 'NONE',  ( -0.5000000000000000000, 0.01382859365527111500, 2.737314129590612900 ) ) ;
#2392 = VERTEX_POINT ( 'NONE', #3008 ) ;
#2393 = DIRECTION ( 'NONE',  ( 0.0000000000000000000, 0.0000000000000000000, 1.000000000000000000 ) ) ;
#2394 = DIRECTION ( 'NONE',  ( 0.9612616959383188900, 0.0000000000000000000, 0.2756373558169992200 ) ) ;
#2395 = VECTOR ( 'NONE', #1207, 1000.000000000000000 ) ;
#2396 = ORIENTED_EDGE ( 'NONE', *, *, #3108, .F. ) ;
#2397 = LINE ( 'NONE', #2524, #1232 ) ;
#2398 = EDGE_CURVE ( 'NONE', #3665, #3629, #1936, .T. ) ;
#2399 = CARTESIAN_POINT ( 'NONE',  ( 1.726467076573305400, -3.950672180265295500, 0.6265964855563511700 ) ) ;
#2400 = ORIENTED_EDGE ( 'NONE', *, *, #1732, .T. ) ;
#2401 = CARTESIAN_POINT ( 'NONE',  ( 2.765540635663442900, 3.121153408548060300, -2.501766422338932200 ) ) ;
#2402 = CARTESIAN_POINT ( 'NONE',  ( -0.3500000000000000300, -0.0006348297072971131900, 0.04897280067591314200 ) ) ;
#2403 = FACE_OUTER_BOUND ( 'NONE', #2554, .T. ) ;
#2404 = LINE ( 'NONE', #3457, #3486 ) ;
#2405 = EDGE_LOOP ( 'NONE', ( #464, #1488, #1099, #672, #3737, #3522 ) ) ;
#2406 = VERTEX_POINT ( 'NONE', #4156 ) ;
#2407 = AXIS2_PLACEMENT_3D ( 'NONE', #4634, #2441, #3867 ) ;
#2408 =( BOUNDED_CURVE ( )  B_SPLINE_CURVE ( 3, ( #4412, #2225, #1826, #4347 ),
 .UNSPECIFIED., .F., .F. ) 
 B_SPLINE_CURVE_WITH_KNOTS ( ( 4, 4 ),
 ( 2.077000745848136100, 2.092622056020725800 ),
 .UNSPECIFIED. ) 
 CURVE ( )  GEOMETRIC_REPRESENTATION_ITEM ( )  RATIONAL_B_SPLINE_CURVE ( ( 1.000000000000000000, 0.9999796646590899400, 0.9999796646590899400, 1.000000000000000000 ) ) 
 REPRESENTATION_ITEM ( '' )  );
#2409 = EDGE_LOOP ( 'NONE', ( #933, #2143, #3142, #709, #2430, #138 ) ) ;
#2410 = CARTESIAN_POINT ( 'NONE',  ( 3.933718438465839500, 3.078517827353305600, -2.339369872964836400 ) ) ;
#2411 = FACE_OUTER_BOUND ( 'NONE', #788, .T. ) ;
#2412 = LINE ( 'NONE', #667, #2875 ) ;
#2413 = CARTESIAN_POINT ( 'NONE',  ( 0.6828427124746188100, -3.094888771786613400, -2.534100134223024300 ) ) ;
#2414 = LINE ( 'NONE', #1953, #1397 ) ;
#2415 = AXIS2_PLACEMENT_3D ( 'NONE', #1527, #43, #3746 ) ;
#2416 = COLOUR_RGB ( '',0.7921568627450980000, 0.8196078431372548800, 0.9333333333333333500 ) ;
#2417 = DIRECTION ( 'NONE',  ( -0.0000000000000000000, 0.7078458262690492400, 0.7063669628695037300 ) ) ;
#2418 = CARTESIAN_POINT ( 'NONE',  ( -0.3500000000000000300, -0.7335889902580797800, -0.3818547316938720700 ) ) ;
#2419 = CARTESIAN_POINT ( 'NONE',  ( 3.800000000000008300, 3.134095518064178500, 2.485446697004389800 ) ) ;
#2420 = VERTEX_POINT ( 'NONE', #157 ) ;
#2421 = EDGE_CURVE ( 'NONE', #1240, #2048, #4379, .T. ) ;
#2422 = DIRECTION ( 'NONE',  ( -1.000000000000000000, 0.0000000000000000000, 0.0000000000000000000 ) ) ;
#2423 = APPLICATION_PROTOCOL_DEFINITION ( 'draft international standard', 'automotive_design', 1998, #209 ) ;
#2424 = DIRECTION ( 'NONE',  ( -0.0000000000000000000, -0.7113282007980353800, -0.7028600079314727400 ) ) ;
#2425 = ORIENTED_EDGE ( 'NONE', *, *, #4721, .T. ) ;
#2426 = CARTESIAN_POINT ( 'NONE',  ( -0.5000000000000000000, -0.01426274800436539000, 2.737314129590613400 ) ) ;
#2427 = B_SPLINE_CURVE_WITH_KNOTS ( 'NONE', 3,
 ( #2631, #3003, #774, #2612 ),
 .UNSPECIFIED., .F., .F.,
 ( 4, 4 ),
 ( 5.000000000000000000, 6.000000000000000000 ),
 .UNSPECIFIED. ) ;
#2428 = CARTESIAN_POINT ( 'NONE',  ( -0.3500000000000000300, -0.7636807751848184700, -0.3763215887794814600 ) ) ;
#2429 = EDGE_CURVE ( 'NONE', #765, #4736, #1446, .T. ) ;
#2430 = ORIENTED_EDGE ( 'NONE', *, *, #3236, .T. ) ;
#2432 = ORIENTED_EDGE ( 'NONE', *, *, #36, .T. ) ;
#2431 = CARTESIAN_POINT ( 'NONE',  ( 4.000000000000000000, -3.050538719306048500, -2.265880297371123000 ) ) ;
#2433 = ORIENTED_EDGE ( 'NONE', *, *, #682, .F. ) ;
#2434 = CARTESIAN_POINT ( 'NONE',  ( 0.1660638834216864900, -2.072834742867472300, -2.901752530696938100 ) ) ;
#2435 = EDGE_CURVE ( 'NONE', #4002, #975, #948, .T. ) ;
#2436 = CARTESIAN_POINT ( 'NONE',  ( 4.000000000000000000, 0.4370405398053576200, 3.774784174832606100 ) ) ;
#2437 = CARTESIAN_POINT ( 'NONE',  ( -0.3500000000000000300, -0.04942863768468952500, 0.0001279175331589943200 ) ) ;
#2438 = FILL_AREA_STYLE_COLOUR ( '', #2416 ) ;
#2439 = CARTESIAN_POINT ( 'NONE',  ( -0.5000000000000000000, -0.4333266056128595200, 0.4361906543527140900 ) ) ;
#2440 = CARTESIAN_POINT ( 'NONE',  ( -0.3500000000000000300, 0.3757812746759285300, -0.7609260964951746200 ) ) ;
#2441 = DIRECTION ( 'NONE',  ( 0.01745240643728354600, -0.3694626033170979000, 0.9290816962246649700 ) ) ;
#2442 = AXIS2_PLACEMENT_3D ( 'NONE', #4221, #905, #2393 ) ;
#2443 = ORIENTED_EDGE ( 'NONE', *, *, #353, .F. ) ;
#2444 = ORIENTED_EDGE ( 'NONE', *, *, #1315, .F. ) ;
#2445 = ORIENTED_EDGE ( 'NONE', *, *, #462, .T. ) ;
#2446 = EDGE_CURVE ( 'NONE', #3576, #1680, #808, .T. ) ;
#2447 = ORIENTED_EDGE ( 'NONE', *, *, #2398, .T. ) ;
#2448 = CARTESIAN_POINT ( 'NONE',  ( 0.1660638834213520000, 3.549408778512786800, -0.3442512798211862500 ) ) ;
#2449 = ORIENTED_EDGE ( 'NONE', *, *, #3458, .F. ) ;
#2450 = CIRCLE ( 'NONE', #4104, 3.800000000000004700 ) ;
#2451 = EDGE_LOOP ( 'NONE', ( #2191, #804, #1267, #4378 ) ) ;
#2452 = CARTESIAN_POINT ( 'NONE',  ( -0.3500000000000000300, 0.04845691673471174500, 0.0002556054465696622700 ) ) ;
#2453 = B_SPLINE_CURVE_WITH_KNOTS ( 'NONE', 3,
 ( #440, #4471, #4507, #789 ),
 .UNSPECIFIED., .F., .F.,
 ( 4, 4 ),
 ( 3.103214057012115700E-007, 0.0003088409397669778400 ),
 .UNSPECIFIED. ) ;
#2454 = DIRECTION ( 'NONE',  ( 0.0000000000000000000, -0.9292232214220560400, 0.3695188828328214700 ) ) ;
#2455 = EDGE_CURVE ( 'NONE', #3190, #741, #4524, .T. ) ;
#2456 = LINE ( 'NONE', #2783, #1440 ) ;
#2457 = DIRECTION ( 'NONE',  ( -0.9998119760941958100, -0.001405659404125887800, 0.01934002534276661100 ) ) ;
#2458 = VECTOR ( 'NONE', #556, 1000.000000000000100 ) ;
#2459 = ORIENTED_EDGE ( 'NONE', *, *, #1107, .T. ) ;
#2460 = CARTESIAN_POINT ( 'NONE',  ( -0.3500000000000000300, 2.849155096921835600, 0.0002556054465696622700 ) ) ;
#2461 = DIRECTION ( 'NONE',  ( 0.0000000000000000000, 6.217248937900876600E-015, 1.000000000000000000 ) ) ;
#2462 = ADVANCED_FACE ( 'NONE', ( #4753 ), #244, .T. ) ;
#2463 = AXIS2_PLACEMENT_3D ( 'NONE', #1942, #2658, #3382 ) ;
#2464 = VERTEX_POINT ( 'NONE', #2698 ) ;
#2465 = CARTESIAN_POINT ( 'NONE',  ( -0.5000000000000000000, 2.849155096921835600, -1.573566027540784800 ) ) ;
#2466 = EDGE_CURVE ( 'NONE', #3187, #1921, #480, .T. ) ;
#2467 = FACE_OUTER_BOUND ( 'NONE', #1791, .T. ) ;
#2468 = VECTOR ( 'NONE', #4775, 1000.000000000000100 ) ;
#2469 = DIRECTION ( 'NONE',  ( -0.0000000000000000000, -0.8225168052926367100, 0.5687408065289447600 ) ) ;
#2470 = ORIENTED_EDGE ( 'NONE', *, *, #353, .T. ) ;
#2471 = CIRCLE ( 'NONE', #1846, 3.800000000000004700 ) ;
#2472 = CARTESIAN_POINT ( 'NONE',  ( 0.1660638834219515800, -3.549408778513355700, 0.3442512798215332500 ) ) ;
#2473 = CYLINDRICAL_SURFACE ( 'NONE', #4117, 4.000000000000000000 ) ;
#2474 = ORIENTED_EDGE ( 'NONE', *, *, #755, .F. ) ;
#2475 = VECTOR ( 'NONE', #125, 1000.000000000000000 ) ;
#2476 = DIRECTION ( 'NONE',  ( 1.000000000000000000, 0.0000000000000000000, 0.0000000000000000000 ) ) ;
#2477 = CARTESIAN_POINT ( 'NONE',  ( -0.5000000000000000000, -0.01426274800436533100, 2.737314129590612900 ) ) ;
#2478 = VERTEX_POINT ( 'NONE', #2007 ) ;
#2479 = ORIENTED_EDGE ( 'NONE', *, *, #4253, .T. ) ;
#2480 = DIRECTION ( 'NONE',  ( -0.0000000000000000000, 0.9894903569543096500, 0.1445988709998561100 ) ) ;
#2481 = EDGE_CURVE ( 'NONE', #3540, #2406, #1694, .T. ) ;
#2482 = ADVANCED_FACE ( 'NONE', ( #3093 ), #4565, .T. ) ;
#2483 = B_SPLINE_CURVE_WITH_KNOTS ( 'NONE', 3,
 ( #2241, #2606, #1451, #2574 ),
 .UNSPECIFIED., .F., .F.,
 ( 4, 4 ),
 ( 3.068613754343327100E-007, 0.0003088374797367319600 ),
 .UNSPECIFIED. ) ;
#2484 = EDGE_LOOP ( 'NONE', ( #1814, #2657, #3084, #3352, #1045, #2571 ) ) ;
#2485 = ORIENTED_EDGE ( 'NONE', *, *, #895, .T. ) ;
#2486 = DIRECTION ( 'NONE',  ( -1.000000000000000000, -0.0000000000000000000, -0.0000000000000000000 ) ) ;
#2487 = CARTESIAN_POINT ( 'NONE',  ( 0.6828427124746188100, -3.094888771786613400, -2.534100134223024300 ) ) ;
#2488 = DIRECTION ( 'NONE',  ( -0.0000000000000000000, 0.9837832558475314600, 0.1793613824490389300 ) ) ;
#2489 = PLANE ( 'NONE',  #1146 ) ;
#2490 = AXIS2_PLACEMENT_3D ( 'NONE', #72, #443, #1959 ) ;
#2491 = DIRECTION ( 'NONE',  ( 0.0000000000000000000, -5.329070518200751400E-015, -1.000000000000000000 ) ) ;
#2492 = EDGE_LOOP ( 'NONE', ( #921, #863 ) ) ;
#2493 = CARTESIAN_POINT ( 'NONE',  ( 0.6287625125013256400, 1.412192506253549900, -3.742420806140983400 ) ) ;
#2494 = ORIENTED_EDGE ( 'NONE', *, *, #958, .T. ) ;
#2495 = ORIENTED_EDGE ( 'NONE', *, *, #2051, .T. ) ;
#2496 = CARTESIAN_POINT ( 'NONE',  ( -0.3500000000000000300, 0.4369261119629236400, 0.4343604609271907200 ) ) ;
#2497 = ORIENTED_EDGE ( 'NONE', *, *, #2639, .F. ) ;
#2498 = ORIENTED_EDGE ( 'NONE', *, *, #3684, .T. ) ;
#2499 = ORIENTED_EDGE ( 'NONE', *, *, #2161, .T. ) ;
#2500 = AXIS2_PLACEMENT_3D ( 'NONE', #2590, #4356, #4390 ) ;
#2501 = ORIENTED_EDGE ( 'NONE', *, *, #520, .F. ) ;
#2502 = ORIENTED_EDGE ( 'NONE', *, *, #2481, .T. ) ;
#2503 = DIRECTION ( 'NONE',  ( -0.0000000000000000000, -0.1806890674644569500, 0.9835402690784069700 ) ) ;
#2504 = ADVANCED_FACE ( 'NONE', ( #2348, #2807, #2569, #4397, #3766, #823, #3425, #4169, #2227, #1231, #3214, #2360, #4596 ), #4144, .F. ) ;
#2505 = TOROIDAL_SURFACE ( 'NONE', #3803, 3.799999999999999800, 0.2000000000000000100 ) ;
#2506 = DIRECTION ( 'NONE',  ( -0.9998119760941959200, 0.01604612355460725100, -0.01088734942442503800 ) ) ;
#2507 = EDGE_CURVE ( 'NONE', #4719, #3467, #102, .T. ) ;
#2508 = DIRECTION ( 'NONE',  ( 0.0000000000000000000, 0.0000000000000000000, 1.000000000000000000 ) ) ;
#2509 = DIRECTION ( 'NONE',  ( -1.000000000000000000, 0.0000000000000000000, 0.0000000000000000000 ) ) ;
#2510 = DIRECTION ( 'NONE',  ( -0.9998119760941958100, 0.01088734942442565900, -0.01604612355460683200 ) ) ;
#2511 = ORIENTED_EDGE ( 'NONE', *, *, #4141, .T. ) ;
#2512 = EDGE_CURVE ( 'NONE', #362, #510, #29, .T. ) ;
#2513 = VECTOR ( 'NONE', #2457, 1000.000000000000000 ) ;
#2514 = FACE_OUTER_BOUND ( 'NONE', #417, .T. ) ;
#2515 = ORIENTED_EDGE ( 'NONE', *, *, #3150, .F. ) ;
#2516 = CARTESIAN_POINT ( 'NONE',  ( 4.000000000000000000, 0.0000000000000000000, 0.0000000000000000000 ) ) ;
#2517 = ORIENTED_EDGE ( 'NONE', *, *, #3575, .F. ) ;
#2518 = EDGE_LOOP ( 'NONE', ( #690, #4210, #296, #4662 ) ) ;
#2519 = CONICAL_SURFACE ( 'NONE', #1946, 3.800000000000004700, 0.7853981633974482800 ) ;
#2520 = FACE_OUTER_BOUND ( 'NONE', #962, .T. ) ;
#2521 = DIRECTION ( 'NONE',  ( 0.0000000000000000000, -0.1445988709998463600, 0.9894903569543109800 ) ) ;
#2522 = EDGE_CURVE ( 'NONE', #704, #749, #4747, .T. ) ;
#2523 = DIRECTION ( 'NONE',  ( 0.0000000000000000000, -0.1793613824490389300, 0.9837832558475314600 ) ) ;
#2524 = CARTESIAN_POINT ( 'NONE',  ( -0.3500000000000000300, -0.0006348297072971131900, -0.04849563989301497500 ) ) ;
#2525 = VECTOR ( 'NONE', #3117, 1000.000000000000000 ) ;
#2526 = DIRECTION ( 'NONE',  ( 0.0000000000000000000, 0.5687384891984870200, 0.8225184076385296800 ) ) ;
#2527 = VECTOR ( 'NONE', #3756, 1000.000000000000000 ) ;
#2528 = ADVANCED_FACE ( 'NONE', ( #1955 ), #1262, .T. ) ;
#2529 = AXIS2_PLACEMENT_3D ( 'NONE', #2314, #1196, #3773 ) ;
#2530 = ORIENTED_EDGE ( 'NONE', *, *, #2390, .F. ) ;
#2531 = DIRECTION ( 'NONE',  ( 0.01745240643728355300, -0.9893396527802418300, -0.1445768478914190600 ) ) ;
#2532 = VERTEX_POINT ( 'NONE', #3168 ) ;
#2533 = ORIENTED_EDGE ( 'NONE', *, *, #729, .T. ) ;
#2534 = B_SPLINE_CURVE_WITH_KNOTS ( 'NONE', 3,
 ( #3446, #1235, #3139, #4164 ),
 .UNSPECIFIED., .F., .F.,
 ( 4, 4 ),
 ( 1.258644457448046000E-005, 0.0007010889138256588000 ),
 .UNSPECIFIED. ) ;
#2535 = DIRECTION ( 'NONE',  ( 0.01745240643728355000, -0.9998476951563912700, 0.0000000000000000000 ) ) ;
#2536 = ORIENTED_EDGE ( 'NONE', *, *, #585, .F. ) ;
#2537 = DIRECTION ( 'NONE',  ( -1.000000000000000000, 0.0000000000000000000, 0.0000000000000000000 ) ) ;
#2538 = B_SPLINE_CURVE_WITH_KNOTS ( 'NONE', 3,
 ( #3146, #2854, #4476, #4137 ),
 .UNSPECIFIED., .F., .F.,
 ( 4, 4 ),
 ( 1.970706031258093200E-007, 0.0001600763227399103600 ),
 .UNSPECIFIED. ) ;
#2539 = CARTESIAN_POINT ( 'NONE',  ( 0.2898795043560807300, 3.665198912562395200, 0.4329884829878437600 ) ) ;
#2540 = EDGE_CURVE ( 'NONE', #765, #3315, #4540, .T. ) ;
#2541 = EDGE_LOOP ( 'NONE', ( #3072, #2255, #869, #1070 ) ) ;
#2542 = PLANE ( 'NONE',  #3274 ) ;
#2543 = VERTEX_POINT ( 'NONE', #546 ) ;
#2544 = PLANE ( 'NONE',  #864 ) ;
#2545 = CARTESIAN_POINT ( 'NONE',  ( 0.4151494614774096600, 2.341170779730117300, -3.013139154618195400 ) ) ;
#2546 = AXIS2_PLACEMENT_3D ( 'NONE', #1027, #4738, #309 ) ;
#2547 = EDGE_CURVE ( 'NONE', #448, #2392, #1663, .T. ) ;
#2548 = DIRECTION ( 'NONE',  ( -0.0000000000000000000, -0.0000000000000000000, 1.000000000000000000 ) ) ;
#2549 = ADVANCED_FACE ( 'NONE', ( #1827 ), #1462, .T. ) ;
#2550 = CARTESIAN_POINT ( 'NONE',  ( 4.000000000000000000, -0.3118381658959398800, 3.616330382358765600 ) ) ;
#2551 = VERTEX_POINT ( 'NONE', #941 ) ;
#2552 = EDGE_LOOP ( 'NONE', ( #1411, #1547, #3234 ) ) ;
#2553 = EDGE_LOOP ( 'NONE', ( #596, #257, #516, #3472 ) ) ;
#2554 = EDGE_LOOP ( 'NONE', ( #1317, #3619, #3294, #4092 ) ) ;
#2555 = CARTESIAN_POINT ( 'NONE',  ( -0.5000000000000000000, -0.0006348297072971131900, 0.04897280067591314200 ) ) ;
#2556 = DIRECTION ( 'NONE',  ( -1.000000000000000000, -0.0000000000000000000, -0.0000000000000000000 ) ) ;
#2557 = ORIENTED_EDGE ( 'NONE', *, *, #1338, .T. ) ;
#2558 = DIRECTION ( 'NONE',  ( -1.000000000000000000, -0.0000000000000000000, -0.0000000000000000000 ) ) ;
#2559 = ORIENTED_EDGE ( 'NONE', *, *, #454, .F. ) ;
#2560 = FACE_OUTER_BOUND ( 'NONE', #197, .T. ) ;
#2561 = DIRECTION ( 'NONE',  ( -0.0000000000000000000, 0.9837671511830292600, 0.1794496928200959000 ) ) ;
#2562 = CARTESIAN_POINT ( 'NONE',  ( 1.726467076573367200, -3.950672180265390100, -0.6265964855557585300 ) ) ;
#2563 = LINE ( 'NONE', #2774, #131 ) ;
#2564 = DIRECTION ( 'NONE',  ( -1.000000000000000000, 0.0000000000000000000, 0.0000000000000000000 ) ) ;
#2565 = CARTESIAN_POINT ( 'NONE',  ( 4.000000000000000000, 0.0000000000000000000, 0.0000000000000000000 ) ) ;
#2566 = B_SPLINE_CURVE_WITH_KNOTS ( 'NONE', 3,
 ( #831, #859, #93, #1221 ),
 .UNSPECIFIED., .F., .F.,
 ( 4, 4 ),
 ( 1.970706031418820100E-007, 0.0001600763227399006600 ),
 .UNSPECIFIED. ) ;
#2567 = CARTESIAN_POINT ( 'NONE',  ( -0.5000000000000000000, -1.524828427016325700, 1.527693419894153400 ) ) ;
#2568 = EDGE_CURVE ( 'NONE', #4358, #3467, #4018, .T. ) ;
#2569 = FACE_BOUND ( 'NONE', #2736, .T. ) ;
#2570 = COLOUR_RGB ( '',0.7921568627450980000, 0.8196078431372548800, 0.9333333333333333500 ) ;
#2571 = ORIENTED_EDGE ( 'NONE', *, *, #3524, .F. ) ;
#2572 = DIRECTION ( 'NONE',  ( 0.0000000000000000000, 7.993605777301128700E-015, -1.000000000000000000 ) ) ;
#2573 = CARTESIAN_POINT ( 'NONE',  ( 0.1660638834215157300, -0.3442512798217145500, -3.549408778512900500 ) ) ;
#2574 = CARTESIAN_POINT ( 'NONE',  ( 4.000000000000000000, -0.4370405398055474700, 3.774784174832583900 ) ) ;
#2575 = VERTEX_POINT ( 'NONE', #2771 ) ;
#2576 = FACE_OUTER_BOUND ( 'NONE', #4758, .T. ) ;
#2577 = VECTOR ( 'NONE', #4559, 1000.000000000000100 ) ;
#2578 = CARTESIAN_POINT ( 'NONE',  ( -0.3500000000000000300, 1.584738303179798400, 1.599512670785013800 ) ) ;
#2579 = ADVANCED_FACE ( 'NONE', ( #145 ), #2878, .T. ) ;
#2580 = EDGE_CURVE ( 'NONE', #1302, #4268, #3658, .T. ) ;
#2581 = DIRECTION ( 'NONE',  ( 0.01745240643728355000, 1.735042438038301000E-014, -0.9998476951563912700 ) ) ;
#2582 = ORIENTED_EDGE ( 'NONE', *, *, #4482, .T. ) ;
#2583 = CARTESIAN_POINT ( 'NONE',  ( 3.800000000000008300, -0.5854122203261884500, -3.956929685032672500 ) ) ;
#2584 = VECTOR ( 'NONE', #3735, 1000.000000000000100 ) ;
#2585 = CARTESIAN_POINT ( 'NONE',  ( -0.5000000000000000000, 3.537782590181326900, -0.3498823607464880400 ) ) ;
#2586 = VECTOR ( 'NONE', #410, 1000.000000000000100 ) ;
#2587 = CARTESIAN_POINT ( 'NONE',  ( 0.2898795043560818400, 1.457620430467266200, -3.390649609696229300 ) ) ;
#2588 = ORIENTED_EDGE ( 'NONE', *, *, #1901, .T. ) ;
#2589 = TOROIDAL_SURFACE ( 'NONE', #662, 3.799999999999999800, 0.2000000000000000100 ) ;
#2590 = CARTESIAN_POINT ( 'NONE',  ( 4.000000000000000000, 0.0000000000000000000, 0.0000000000000000000 ) ) ;
#2591 = ORIENTED_EDGE ( 'NONE', *, *, #705, .F. ) ;
#2592 = EDGE_LOOP ( 'NONE', ( #4639, #723, #2400, #3065 ) ) ;
#2593 = CARTESIAN_POINT ( 'NONE',  ( -0.3500000000000000300, 0.01382859365527111500, 2.737314129590612900 ) ) ;
#2594 = ORIENTED_EDGE ( 'NONE', *, *, #2855, .T. ) ;
#2595 = AXIS2_PLACEMENT_3D ( 'NONE', #2779, #2814, #4606 ) ;
#2596 = CARTESIAN_POINT ( 'NONE',  ( 0.1660638834219381700, -1.476574035646207200, 3.246003810518683300 ) ) ;
#2597 = VERTEX_POINT ( 'NONE', #1672 ) ;
#2598 = EDGE_CURVE ( 'NONE', #1373, #2406, #2761, .T. ) ;
#2599 = PLANE ( 'NONE',  #3127 ) ;
#2600 = VERTEX_POINT ( 'NONE', #3911 ) ;
#2601 = ADVANCED_FACE ( 'NONE', ( #892 ), #3838, .T. ) ;
#2602 = CARTESIAN_POINT ( 'NONE',  ( 0.6000000000000007500, 0.0000000000000000000, -4.000000000000000000 ) ) ;
#2603 = CARTESIAN_POINT ( 'NONE',  ( 0.5414213562373099100, 0.0000000000000000000, 0.0000000000000000000 ) ) ;
#2604 = DIRECTION ( 'NONE',  ( -0.0000000000000000000, 0.1548655729669035400, -0.9879355516984054100 ) ) ;
#2605 = DIRECTION ( 'NONE',  ( -1.000000000000000000, 0.0000000000000000000, 0.0000000000000000000 ) ) ;
#2606 = CARTESIAN_POINT ( 'NONE',  ( 3.867028257739602900, -0.5361418639796042800, 3.896461195244149200 ) ) ;
#2607 = EDGE_CURVE ( 'NONE', #2350, #2955, #3949, .T. ) ;
#2608 = CARTESIAN_POINT ( 'NONE',  ( -0.5000000000000000000, 0.3764020410070223500, 0.7637271773021223600 ) ) ;
#2609 = VERTEX_POINT ( 'NONE', #911 ) ;
#2610 = VERTEX_POINT ( 'NONE', #2452 ) ;
#2611 = AXIS2_PLACEMENT_3D ( 'NONE', #393, #900, #3484 ) ;
#2612 = CARTESIAN_POINT ( 'NONE',  ( -0.3500000000000000300, -2.740017273875385400, -0.01300691249285468500 ) ) ;
#2613 = EDGE_CURVE ( 'NONE', #127, #3938, #2064, .T. ) ;
#2614 = EDGE_LOOP ( 'NONE', ( #2336, #2904, #4588 ) ) ;
#2615 = CYLINDRICAL_SURFACE ( 'NONE', #2346, 4.000000000000000000 ) ;
#2616 = VERTEX_POINT ( 'NONE', #3500 ) ;
#2617 = CARTESIAN_POINT ( 'NONE',  ( 4.000000000000000000, 0.0000000000000000000, 0.0000000000000000000 ) ) ;
#2618 = ORIENTED_EDGE ( 'NONE', *, *, #2547, .F. ) ;
#2619 = AXIS2_PLACEMENT_3D ( 'NONE', #1857, #325, #2950 ) ;
#2621 = EDGE_LOOP ( 'NONE', ( #4159, #868, #1470 ) ) ;
#2620 = CARTESIAN_POINT ( 'NONE',  ( 3.800000000000004700, 0.0000000000000000000, 0.0000000000000000000 ) ) ;
#2622 = DIRECTION ( 'NONE',  ( -0.0000000000000000000, -0.7091940678631684100, 0.7050133148442601100 ) ) ;
#2623 = CARTESIAN_POINT ( 'NONE',  ( 0.1660638834218254900, -0.3442512798212759600, 3.549408778513254000 ) ) ;
#2624 = PLANE ( 'NONE',  #2058 ) ;
#2625 = VECTOR ( 'NONE', #2740, 1000.000000000000100 ) ;
#2626 = ADVANCED_FACE ( 'NONE', ( #3721 ), #2023, .T. ) ;
#2627 = VECTOR ( 'NONE', #4458, 1000.000000000000100 ) ;
#2628 = DIRECTION ( 'NONE',  ( 0.0000000000000000000, 0.0000000000000000000, 1.000000000000000000 ) ) ;
#2629 = B_SPLINE_CURVE_WITH_KNOTS ( 'NONE', 3,
 ( #399, #382, #3022, #3355 ),
 .UNSPECIFIED., .F., .F.,
 ( 4, 4 ),
 ( 3.030525493993996800E-007, 0.0005743305423742269800 ),
 .UNSPECIFIED. ) ;
#2630 = ORIENTED_EDGE ( 'NONE', *, *, #1164, .T. ) ;
#2631 = CARTESIAN_POINT ( 'NONE',  ( -0.3500000000000000300, -0.01422933622158328900, -2.741961510399197900 ) ) ;
#2632 = VECTOR ( 'NONE', #285, 1000.000000000000100 ) ;
#2633 = CIRCLE ( 'NONE', #1376, 3.800000000000004700 ) ;
#2634 = CARTESIAN_POINT ( 'NONE',  ( 0.6287100716745607200, 2.534936046435304100, -3.094204325467591100 ) ) ;
#2635 = ORIENTED_EDGE ( 'NONE', *, *, #2269, .F. ) ;
#2636 = CARTESIAN_POINT ( 'NONE',  ( 0.4151494614774988200, -1.438869663172210700, -3.534082947153156500 ) ) ;
#2637 = CARTESIAN_POINT ( 'NONE',  ( -0.5000000000000000000, 2.739334978862470100, 0.01330531019697966900 ) ) ;
#2638 = ORIENTED_EDGE ( 'NONE', *, *, #1172, .F. ) ;
#2639 = EDGE_CURVE ( 'NONE', #3629, #1250, #249, .T. ) ;
#2640 = ORIENTED_EDGE ( 'NONE', *, *, #714, .T. ) ;
#2641 = DIRECTION ( 'NONE',  ( -1.000000000000000000, 0.0000000000000000000, 0.0000000000000000000 ) ) ;
#2642 = VECTOR ( 'NONE', #3095, 1000.000000000000100 ) ;
#2643 = CARTESIAN_POINT ( 'NONE',  ( -0.5000000000000000000, 2.730857209087098200, 1.514634258478215800 ) ) ;
#2644 = FACE_OUTER_BOUND ( 'NONE', #4274, .T. ) ;
#2645 = CARTESIAN_POINT ( 'NONE',  ( 0.4151494614774431400, 0.5209437925347947300, -3.780040442902045800 ) ) ;
#2646 = PLANE ( 'NONE',  #3280 ) ;
#2647 = CIRCLE ( 'NONE', #1974, 0.2000000000000000900 ) ;
#2648 = EDGE_CURVE ( 'NONE', #1739, #2851, #4298, .T. ) ;
#2649 = CARTESIAN_POINT ( 'NONE',  ( 0.1660638834218678700, -3.549408778513339700, -0.3442512798208295900 ) ) ;
#2650 = EDGE_CURVE ( 'NONE', #3447, #3651, #2244, .T. ) ;
#2651 = CARTESIAN_POINT ( 'NONE',  ( -0.3500000000000000300, 0.3983898996960658600, 0.4504065753789245900 ) ) ;
#2652 = CARTESIAN_POINT ( 'NONE',  ( -0.5000000000000000000, -0.0003022024523184896300, -2.849192986511581700 ) ) ;
#2653 = ORIENTED_EDGE ( 'NONE', *, *, #616, .F. ) ;
#2654 = ADVANCED_FACE ( 'NONE', ( #2711 ), #2859, .T. ) ;
#2655 = CARTESIAN_POINT ( 'NONE',  ( 0.2898795043562124600, -1.457620430468271400, -3.390649609695939300 ) ) ;
#2656 = ORIENTED_EDGE ( 'NONE', *, *, #669, .F. ) ;
#2657 = ORIENTED_EDGE ( 'NONE', *, *, #692, .T. ) ;
#2658 = DIRECTION ( 'NONE',  ( 0.0000000000000000000, -0.1788848935758755000, 0.9838700091223168100 ) ) ;
#2659 = CARTESIAN_POINT ( 'NONE',  ( 0.1660638834212876100, 2.901752530696762200, -2.072834742867032200 ) ) ;
#2660 = CARTESIAN_POINT ( 'NONE',  ( -0.3500000000000000300, -0.7335889902580797800, -0.3818547316938720700 ) ) ;
#2661 = ORIENTED_EDGE ( 'NONE', *, *, #604, .F. ) ;
#2662 = AXIS2_PLACEMENT_3D ( 'NONE', #496, #3092, #3449 ) ;
#2663 = VERTEX_POINT ( 'NONE', #310 ) ;
#2664 = CARTESIAN_POINT ( 'NONE',  ( -0.5000000000000000000, -4.102746436075252100, -0.7962889350200901300 ) ) ;
#2665 = CARTESIAN_POINT ( 'NONE',  ( -0.5000000000000000000, 3.951227106437047400, 1.361766771557418700 ) ) ;
#2666 = VERTEX_POINT ( 'NONE', #1763 ) ;
#2667 = CARTESIAN_POINT ( 'NONE',  ( 0.6828427124746195800, 3.947302365365815500, -0.6471507060781417400 ) ) ;
#2668 = EDGE_CURVE ( 'NONE', #1564, #2032, #3325, .T. ) ;
#2669 = CARTESIAN_POINT ( 'NONE',  ( 0.6828427124746188100, 2.534100134223360000, -3.094888771786338900 ) ) ;
#2670 = CARTESIAN_POINT ( 'NONE',  ( 3.800000000000001200, 0.5854122203253723200, 3.956929685032793300 ) ) ;
#2671 = CARTESIAN_POINT ( 'NONE',  ( -0.5000000000000000000, 1.598996786843808400, 1.585296749758803300 ) ) ;
#2672 = CARTESIAN_POINT ( 'NONE',  ( 3.800000000000001200, 3.719507738389963500, -1.471482988028463700 ) ) ;
#2673 = CARTESIAN_POINT ( 'NONE',  ( 4.000000000000000000, -3.131833979600144900, -1.808165191179396600 ) ) ;
#2674 = EDGE_CURVE ( 'NONE', #1391, #2350, #1061, .T. ) ;
#2675 = ORIENTED_EDGE ( 'NONE', *, *, #4095, .T. ) ;
#2676 = ADVANCED_FACE ( 'NONE', ( #1000 ), #1384, .T. ) ;
#2677 = ORIENTED_EDGE ( 'NONE', *, *, #4237, .T. ) ;
#2678 = ORIENTED_EDGE ( 'NONE', *, *, #3400, .T. ) ;
#2679 = CARTESIAN_POINT ( 'NONE',  ( 4.000000000000000000, 1.508903877460869000, 3.487579259111338400 ) ) ;
#2680 = DIRECTION ( 'NONE',  ( -1.000000000000000000, -0.0000000000000000000, -0.0000000000000000000 ) ) ;
#2681 = PLANE ( 'NONE',  #1046 ) ;
#2682 = ORIENTED_EDGE ( 'NONE', *, *, #1901, .F. ) ;
#2683 = ORIENTED_EDGE ( 'NONE', *, *, #3546, .F. ) ;
#2684 = AXIS2_PLACEMENT_3D ( 'NONE', #4611, #1712, #3177 ) ;
#2685 = FACE_OUTER_BOUND ( 'NONE', #693, .T. ) ;
#2686 = DIRECTION ( 'NONE',  ( 0.0000000000000000000, 0.0000000000000000000, -1.000000000000000000 ) ) ;
#2687 = EDGE_CURVE ( 'NONE', #2835, #2616, #1713, .T. ) ;
#2688 = CARTESIAN_POINT ( 'NONE',  ( -0.3500000000000000300, -1.574124474119790000, -2.849192986511581700 ) ) ;
#2689 = CARTESIAN_POINT ( 'NONE',  ( -0.3500000000000000300, -0.0006348297072971131900, -2.637172296128151800 ) ) ;
#2690 = VECTOR ( 'NONE', #4021, 1000.000000000000100 ) ;
#2691 = DIRECTION ( 'NONE',  ( -0.0000000000000000000, 0.7050134676720895000, 0.7091939159362379300 ) ) ;
#2692 = B_SPLINE_CURVE_WITH_KNOTS ( 'NONE', 3,
 ( #406, #4080, #4511, #2320 ),
 .UNSPECIFIED., .F., .F.,
 ( 4, 4 ),
 ( 1.613687283336309200E-006, 0.0005756412032288213600 ),
 .UNSPECIFIED. ) ;
#2693 = FACE_OUTER_BOUND ( 'NONE', #3502, .T. ) ;
#2694 = FACE_OUTER_BOUND ( 'NONE', #1780, .T. ) ;
#2695 = ORIENTED_EDGE ( 'NONE', *, *, #4175, .T. ) ;
#2696 = B_SPLINE_CURVE_WITH_KNOTS ( 'NONE', 3,
 ( #1089, #2971, #4395, #2205 ),
 .UNSPECIFIED., .F., .F.,
 ( 4, 4 ),
 ( 3.030529287562303100E-007, 0.0005743305625281119400 ),
 .UNSPECIFIED. ) ;
#2697 = ORIENTED_EDGE ( 'NONE', *, *, #3684, .F. ) ;
#2698 = CARTESIAN_POINT ( 'NONE',  ( 0.1660638834218446700, -3.246003810518802700, -1.476574035645719500 ) ) ;
#2699 = CARTESIAN_POINT ( 'NONE',  ( 0.5414213562373099100, 3.068303578259742100, -2.473927132928942700 ) ) ;
#2700 = EDGE_CURVE ( 'NONE', #3688, #1748, #2185, .T. ) ;
#2701 = LINE ( 'NONE', #4306, #4531 ) ;
#2702 = FACE_OUTER_BOUND ( 'NONE', #3631, .T. ) ;
#2703 = DIRECTION ( 'NONE',  ( 0.0000000000000000000, 0.0000000000000000000, 1.000000000000000000 ) ) ;
#2704 = ORIENTED_EDGE ( 'NONE', *, *, #3586, .F. ) ;
#2705 = CARTESIAN_POINT ( 'NONE',  ( 3.800000000000004700, 0.0000000000000000000, 0.0000000000000000000 ) ) ;
#2706 = ADVANCED_FACE ( 'NONE', ( #1891 ), #839, .T. ) ;
#2707 = CIRCLE ( 'NONE', #4328, 3.941421356237309900 ) ;
#2708 = B_SPLINE_CURVE_WITH_KNOTS ( 'NONE', 3,
 ( #1444, #3233, #1081, #1835 ),
 .UNSPECIFIED., .F., .F.,
 ( 4, 4 ),
 ( 1.613687283336415500E-006, 0.0005756412032291666800 ),
 .UNSPECIFIED. ) ;
#2709 = CARTESIAN_POINT ( 'NONE',  ( -0.5000000000000000000, 0.0000000000000000000, 0.0000000000000000000 ) ) ;
#2710 = EDGE_CURVE ( 'NONE', #3329, #3811, #108, .T. ) ;
#2711 = FACE_OUTER_BOUND ( 'NONE', #2592, .T. ) ;
#2712 = ORIENTED_EDGE ( 'NONE', *, *, #291, .F. ) ;
#2713 = VECTOR ( 'NONE', #2354, 1000.000000000000100 ) ;
#2714 = CARTESIAN_POINT ( 'NONE',  ( 0.5414213562373275700, 3.894192411760167600, 0.6083319550979153800 ) ) ;
#2715 = EDGE_CURVE ( 'NONE', #1216, #3770, #4022, .T. ) ;
#2716 = EDGE_LOOP ( 'NONE', ( #2065, #3969, #1720, #4483 ) ) ;
#2717 = DIRECTION ( 'NONE',  ( -0.0000000000000000000, -0.0000000000000000000, -1.000000000000000000 ) ) ;
#2718 = ORIENTED_EDGE ( 'NONE', *, *, #1064, .F. ) ;
#2719 = ORIENTED_EDGE ( 'NONE', *, *, #1430, .T. ) ;
#2720 = CARTESIAN_POINT ( 'NONE',  ( 0.1660638834216568400, 2.072834742866870100, 2.901752530697332000 ) ) ;
#2721 = ORIENTED_EDGE ( 'NONE', *, *, #549, .F. ) ;
#2722 = ORIENTED_EDGE ( 'NONE', *, *, #775, .F. ) ;
#2723 = B_SPLINE_CURVE_WITH_KNOTS ( 'NONE', 3,
 ( #4428, #2964, #2949, #324 ),
 .UNSPECIFIED., .F., .F.,
 ( 4, 4 ),
 ( 3.103214056987643300E-007, 0.0003088409397669976800 ),
 .UNSPECIFIED. ) ;
#2724 = CARTESIAN_POINT ( 'NONE',  ( -0.3500000000000000300, -1.580687632869015600, 1.598184716485557800 ) ) ;
#2725 = ADVANCED_FACE ( 'NONE', ( #1246 ), #2871, .F. ) ;
#2726 = DIRECTION ( 'NONE',  ( 0.0000000000000000000, -0.7068949774621959800, 0.7073185214871171600 ) ) ;
#2727 = CARTESIAN_POINT ( 'NONE',  ( -0.5000000000000000000, -2.849667141383537100, 1.574077238433924100 ) ) ;
#2728 = CARTESIAN_POINT ( 'NONE',  ( -0.3500000000000000300, 0.7655777760227657800, -0.3736647840748928400 ) ) ;
#2729 = CARTESIAN_POINT ( 'NONE',  ( -0.3500000000000000300, 2.849155096921835600, 0.0002556054465696622700 ) ) ;
#2730 = EDGE_CURVE ( 'NONE', #975, #2478, #1770, .T. ) ;
#2731 = CARTESIAN_POINT ( 'NONE',  ( 0.1435160840383331600, 1.675140825583455500, 3.130906761592009900 ) ) ;
#2732 = ORIENTED_EDGE ( 'NONE', *, *, #2108, .F. ) ;
#2733 = ORIENTED_EDGE ( 'NONE', *, *, #2017, .F. ) ;
#2734 = CARTESIAN_POINT ( 'NONE',  ( -0.5000000000000000000, 3.154938171416596500, 2.740979664517704300 ) ) ;
#2735 = ORIENTED_EDGE ( 'NONE', *, *, #4200, .F. ) ;
#2736 = EDGE_LOOP ( 'NONE', ( #3232, #747, #4733 ) ) ;
#2737 = CIRCLE ( 'NONE', #4004, 3.800000000000004700 ) ;
#2738 = ORIENTED_EDGE ( 'NONE', *, *, #2927, .T. ) ;
#2739 = EDGE_CURVE ( 'NONE', #3753, #741, #2994, .T. ) ;
#2740 = DIRECTION ( 'NONE',  ( -0.9998119760941958100, 0.01745178295873393200, -0.008452675918340528400 ) ) ;
#2741 = VERTEX_POINT ( 'NONE', #361 ) ;
#2742 = CARTESIAN_POINT ( 'NONE',  ( -0.3500000000000000300, -1.574124474119790000, -2.849192986511581700 ) ) ;
#2743 = VECTOR ( 'NONE', #4151, 1000.000000000000000 ) ;
#2744 = PLANE ( 'NONE',  #4561 ) ;
#2745 = DIRECTION ( 'NONE',  ( -1.000000000000000000, -0.0000000000000000000, -0.0000000000000000000 ) ) ;
#2746 = LINE ( 'NONE', #2264, #1111 ) ;
#2747 = CARTESIAN_POINT ( 'NONE',  ( 3.999999999999999100, -2.975914896652291000, 2.078224964714972000 ) ) ;
#2748 = CARTESIAN_POINT ( 'NONE',  ( -0.3500000000000000300, 1.598996786843808400, 1.585296749758803300 ) ) ;
#2749 = EDGE_LOOP ( 'NONE', ( #1621, #1902, #1833, #4508 ) ) ;
#2750 = CONICAL_SURFACE ( 'NONE', #2288, 3.800000000000004700, 0.7853981633974482800 ) ;
#2751 = LINE ( 'NONE', #1823, #2468 ) ;
#2752 = ORIENTED_EDGE ( 'NONE', *, *, #4512, .F. ) ;
#2753 = AXIS2_PLACEMENT_3D ( 'NONE', #390, #4533, #4167 ) ;
#2754 = ORIENTED_EDGE ( 'NONE', *, *, #4195, .T. ) ;
#2755 = ORIENTED_EDGE ( 'NONE', *, *, #56, .T. ) ;
#2756 = LINE ( 'NONE', #4315, #939 ) ;
#2757 = CONICAL_SURFACE ( 'NONE', #2925, 3.800000000000004700, 0.7853981633974482800 ) ;
#2758 = CARTESIAN_POINT ( 'NONE',  ( 0.5770793052462515100, 3.083881472367466800, 2.511416229627252900 ) ) ;
#2759 = EDGE_CURVE ( 'NONE', #1517, #502, #2483, .T. ) ;
#2760 = PLANE ( 'NONE',  #2611 ) ;
#2761 = LINE ( 'NONE', #2785, #4000 ) ;
#2762 = FACE_OUTER_BOUND ( 'NONE', #1453, .T. ) ;
#2763 = PLANE ( 'NONE',  #2782 ) ;
#2764 = EDGE_CURVE ( 'NONE', #3315, #397, #2647, .T. ) ;
#2765 = ORIENTED_EDGE ( 'NONE', *, *, #3848, .T. ) ;
#2766 = VERTEX_POINT ( 'NONE', #2980 ) ;
#2767 = CARTESIAN_POINT ( 'NONE',  ( -0.3500000000000000300, 2.733308109349561900, -1.517493141288927600 ) ) ;
#2768 = ORIENTED_EDGE ( 'NONE', *, *, #1197, .T. ) ;
#2769 = AXIS2_PLACEMENT_3D ( 'NONE', #4362, #2171, #2917 ) ;
#2770 = ORIENTED_EDGE ( 'NONE', *, *, #235, .F. ) ;
#2771 = CARTESIAN_POINT ( 'NONE',  ( -0.3500000000000000300, 0.01382859365527111500, 2.737314129590612900 ) ) ;
#2772 = EDGE_CURVE ( 'NONE', #3520, #3164, #3179, .T. ) ;
#2773 = CARTESIAN_POINT ( 'NONE',  ( -0.5000000000000000000, -0.0003022024523184896300, 2.849705030973278300 ) ) ;
#2774 = CARTESIAN_POINT ( 'NONE',  ( 4.000000000000000000, 3.131833979599881100, 1.808165191179275100 ) ) ;
#2775 = CARTESIAN_POINT ( 'NONE',  ( -0.5000000000000000000, 0.0000000000000000000, 0.0000000000000000000 ) ) ;
#2776 = ORIENTED_EDGE ( 'NONE', *, *, #3979, .F. ) ;
#2777 = DIRECTION ( 'NONE',  ( 0.0000000000000000000, 5.329070518200751400E-015, 1.000000000000000000 ) ) ;
#2778 = ORIENTED_EDGE ( 'NONE', *, *, #2024, .T. ) ;
#2779 = CARTESIAN_POINT ( 'NONE',  ( 0.5414213562373099100, 0.0000000000000000000, 0.0000000000000000000 ) ) ;
#2780 = B_SPLINE_CURVE_WITH_KNOTS ( 'NONE', 3,
 ( #679, #1443, #664, #1039 ),
 .UNSPECIFIED., .F., .F.,
 ( 4, 4 ),
 ( 3.103214057015638300E-007, 0.0003088409397669960500 ),
 .UNSPECIFIED. ) ;
#2781 = DIRECTION ( 'NONE',  ( -0.0000000000000000000, 0.8232490318544014600, -0.5676803956019537100 ) ) ;
#2782 = AXIS2_PLACEMENT_3D ( 'NONE', #1300, #3138, #3173 ) ;
#2783 = CARTESIAN_POINT ( 'NONE',  ( -0.5000000000000000000, 0.3813478195197339500, -0.7305789357416188100 ) ) ;
#2784 = CARTESIAN_POINT ( 'NONE',  ( 4.000000000000000000, 1.855980154052316200, -0.7380570107100374900 ) ) ;
#2785 = CARTESIAN_POINT ( 'NONE',  ( -0.3500000000000000300, -1.580687632869015600, 1.598184716485557800 ) ) ;
#2786 = CARTESIAN_POINT ( 'NONE',  ( -0.5000000000000000000, -1.574124474119790000, 2.849705030973278300 ) ) ;
#2787 = CARTESIAN_POINT ( 'NONE',  ( 3.800000000000001200, 0.5854122203253723200, 3.956929685032793300 ) ) ;
#2788 = ORIENTED_EDGE ( 'NONE', *, *, #4492, .T. ) ;
#2789 = VERTEX_POINT ( 'NONE', #3645 ) ;
#2790 = DIRECTION ( 'NONE',  ( 0.0000000000000000000, 0.0000000000000000000, -1.000000000000000000 ) ) ;
#2791 = ORIENTED_EDGE ( 'NONE', *, *, #2730, .F. ) ;
#2792 = APPLICATION_PROTOCOL_DEFINITION ( 'draft international standard', 'automotive_design', 1998, #2012 ) ;
#2793 = EDGE_CURVE ( 'NONE', #1681, #4385, #3320, .T. ) ;
#2794 = ORIENTED_EDGE ( 'NONE', *, *, #2421, .T. ) ;
#2795 = ORIENTED_EDGE ( 'NONE', *, *, #3772, .T. ) ;
#2796 = CARTESIAN_POINT ( 'NONE',  ( -0.5000000000000000000, -1.584765133570547900, -1.601955306955402400 ) ) ;
#2797 = LINE ( 'NONE', #3919, #1323 ) ;
#2798 = CARTESIAN_POINT ( 'NONE',  ( 0.2898795043561656100, 3.390649609696071200, 1.457620430467846400 ) ) ;
#2799 = CARTESIAN_POINT ( 'NONE',  ( -0.3500000000000000300, -2.730874819275297400, 1.515136497604291600 ) ) ;
#2800 = EDGE_CURVE ( 'NONE', #2331, #4097, #259, .T. ) ;
#2801 = CARTESIAN_POINT ( 'NONE',  ( 0.1660638834213047400, 2.072834742866552600, -2.901752530697125500 ) ) ;
#2802 = VECTOR ( 'NONE', #2985, 1000.000000000000100 ) ;
#2803 = EDGE_CURVE ( 'NONE', #3985, #4316, #1649, .T. ) ;
#2804 = VERTEX_POINT ( 'NONE', #1106 ) ;
#2805 = DIRECTION ( 'NONE',  ( -1.000000000000000000, -0.0000000000000000000, -0.0000000000000000000 ) ) ;
#2806 = PLANE ( 'NONE',  #1867 ) ;
#2807 = FACE_BOUND ( 'NONE', #1886, .T. ) ;
#2808 = LINE ( 'NONE', #3762, #1993 ) ;
#2809 = ORIENTED_EDGE ( 'NONE', *, *, #4575, .F. ) ;
#2810 = AXIS2_PLACEMENT_3D ( 'NONE', #2385, #4174, #2726 ) ;
#2811 = ORIENTED_EDGE ( 'NONE', *, *, #568, .F. ) ;
#2812 = LINE ( 'NONE', #2081, #2923 ) ;
#2813 = FACE_OUTER_BOUND ( 'NONE', #3607, .T. ) ;
#2814 = DIRECTION ( 'NONE',  ( -1.000000000000000000, 0.0000000000000000000, 0.0000000000000000000 ) ) ;
#2815 = ADVANCED_FACE ( 'NONE', ( #779 ), #4791, .T. ) ;
#2816 = ORIENTED_EDGE ( 'NONE', *, *, #1616, .F. ) ;
#2817 = LINE ( 'NONE', #1631, #4349 ) ;
#2818 = CARTESIAN_POINT ( 'NONE',  ( 1.726467076573318800, -1.432687615719074000, 3.734680712912270600 ) ) ;
#2819 = CARTESIAN_POINT ( 'NONE',  ( 0.6828427124746195800, 0.0000000000000000000, 0.0000000000000000000 ) ) ;
#2820 = AXIS2_PLACEMENT_3D ( 'NONE', #3318, #685, #2202 ) ;
#2821 = CIRCLE ( 'NONE', #413, 3.941421356237309900 ) ;
#2822 = PLANE ( 'NONE',  #4320 ) ;
#2823 = DIRECTION ( 'NONE',  ( -0.0000000000000000000, -0.1806890674644569500, 0.9835402690784069700 ) ) ;
#2824 = VECTOR ( 'NONE', #3955, 1000.000000000000000 ) ;
#2825 = DIRECTION ( 'NONE',  ( 0.0000000000000000000, 0.0000000000000000000, -1.000000000000000000 ) ) ;
#2826 = ORIENTED_EDGE ( 'NONE', *, *, #1838, .F. ) ;
#2827 = EDGE_CURVE ( 'NONE', #23, #3209, #4066, .T. ) ;
#2828 = VECTOR ( 'NONE', #712, 999.9999999999998900 ) ;
#2829 = CARTESIAN_POINT ( 'NONE',  ( 4.000000000000000000, -3.131833979600341200, 1.808165191179390800 ) ) ;
#2830 = CARTESIAN_POINT ( 'NONE',  ( -0.4940862277297996500, 2.071906622145795600, -2.888982809804634800 ) ) ;
#2831 = ORIENTED_EDGE ( 'NONE', *, *, #3208, .F. ) ;
#2832 = ORIENTED_EDGE ( 'NONE', *, *, #371, .F. ) ;
#2833 = CARTESIAN_POINT ( 'NONE',  ( -0.4939148480512968700, 1.465981943810463500, -3.238817040171491500 ) ) ;
#2834 = EDGE_CURVE ( 'NONE', #1537, #3219, #1303, .T. ) ;
#2835 = VERTEX_POINT ( 'NONE', #2254 ) ;
#2836 = CARTESIAN_POINT ( 'NONE',  ( 0.6828427124746195800, 0.0000000000000000000, 0.0000000000000000000 ) ) ;
#2837 = CARTESIAN_POINT ( 'NONE',  ( -0.5000000000000000000, -0.0006348297072971131900, -0.04849563989301527300 ) ) ;
#2838 = ORIENTED_EDGE ( 'NONE', *, *, #1667, .T. ) ;
#2839 = DIRECTION ( 'NONE',  ( 0.0000000000000000000, -1.000000000000000000, 0.0000000000000000000 ) ) ;
#2840 =( BOUNDED_CURVE ( )  B_SPLINE_CURVE ( 3, ( #3261, #4109, #4130, #1130 ),
 .UNSPECIFIED., .F., .F. ) 
 B_SPLINE_CURVE_WITH_KNOTS ( ( 4, 4 ),
 ( 2.077000745848179600, 2.092622056020770200 ),
 .UNSPECIFIED. ) 
 CURVE ( )  GEOMETRIC_REPRESENTATION_ITEM ( )  RATIONAL_B_SPLINE_CURVE ( ( 1.000000000000000000, 0.9999796646590899400, 0.9999796646590899400, 1.000000000000000000 ) ) 
 REPRESENTATION_ITEM ( '' )  );
#2841 = ORIENTED_EDGE ( 'NONE', *, *, #2889, .T. ) ;
#2842 = ADVANCED_FACE ( 'NONE', ( #4475 ), #2203, .T. ) ;
#2843 = DIRECTION ( 'NONE',  ( -0.0000000000000000000, 0.1548655729669035400, -0.9879355516984054100 ) ) ;
#2844 = CARTESIAN_POINT ( 'NONE',  ( 4.000000000000000000, -1.808165191179258700, -3.131833979600038300 ) ) ;
#2845 = B_SPLINE_CURVE_WITH_KNOTS ( 'NONE', 3,
 ( #1011, #3600, #2910, #1383 ),
 .UNSPECIFIED., .F., .F.,
 ( 4, 4 ),
 ( 1.953636225323297200E-005, 0.0005935638520780068600 ),
 .UNSPECIFIED. ) ;
#2846 = CARTESIAN_POINT ( 'NONE',  ( 0.5414213562373099100, -3.894192411760163200, 0.6083319550978117900 ) ) ;
#2847 = DIRECTION ( 'NONE',  ( -0.0000000000000000000, 0.5676803956019537100, 0.8232490318544014600 ) ) ;
#2848 = AXIS2_PLACEMENT_3D ( 'NONE', #564, #949, #3493 ) ;
#2849 = ORIENTED_EDGE ( 'NONE', *, *, #4582, .T. ) ;
#2850 = CARTESIAN_POINT ( 'NONE',  ( 0.1660638834214885600, 3.246003810518219600, 1.476574035646141200 ) ) ;
#2851 = VERTEX_POINT ( 'NONE', #760 ) ;
#2852 = ADVANCED_FACE ( 'NONE', ( #94 ), #2624, .T. ) ;
#2853 = CARTESIAN_POINT ( 'NONE',  ( 0.1435183544352850700, -3.016156369887335000, 1.873894413464821400 ) ) ;
#2854 = CARTESIAN_POINT ( 'NONE',  ( 0.6287625125013219800, 3.094204988520138100, -2.534935236642682300 ) ) ;
#2855 = EDGE_CURVE ( 'NONE', #509, #269, #3892, .T. ) ;
#2856 = ORIENTED_EDGE ( 'NONE', *, *, #4610, .T. ) ;
#2857 = CYLINDRICAL_SURFACE ( 'NONE', #1036, 4.000000000000000000 ) ;
#2858 = VERTEX_POINT ( 'NONE', #1138 ) ;
#2859 = PLANE ( 'NONE',  #137 ) ;
#2860 = VERTEX_POINT ( 'NONE', #1911 ) ;
#2861 = EDGE_CURVE ( 'NONE', #3924, #1236, #4652, .T. ) ;
#2862 = VECTOR ( 'NONE', #1689, 999.9999999999998900 ) ;
#2863 = ADVANCED_FACE ( 'NONE', ( #3551 ), #2646, .T. ) ;
#2864 = FACE_OUTER_BOUND ( 'NONE', #1200, .T. ) ;
#2865 = CARTESIAN_POINT ( 'NONE',  ( 4.500000000000000900, 0.0000000000000000000, 0.0000000000000000000 ) ) ;
#2866 = VERTEX_POINT ( 'NONE', #3340 ) ;
#2867 = EDGE_CURVE ( 'NONE', #3051, #1496, #593, .T. ) ;
#2868 = VECTOR ( 'NONE', #790, 1000.000000000000100 ) ;
#2869 = LINE ( 'NONE', #344, #4290 ) ;
#2870 =( NAMED_UNIT ( * ) PLANE_ANGLE_UNIT ( ) SI_UNIT ( $, .RADIAN. ) );
#2871 = PLANE ( 'NONE',  #875 ) ;
#2872 = ORIENTED_EDGE ( 'NONE', *, *, #3933, .T. ) ;
#2873 = ORIENTED_EDGE ( 'NONE', *, *, #4610, .F. ) ;
#2874 = LINE ( 'NONE', #1016, #194 ) ;
#2875 = VECTOR ( 'NONE', #2506, 999.9999999999998900 ) ;
#2876 = ADVANCED_FACE ( 'NONE', ( #661 ), #4504, .T. ) ;
#2877 = CARTESIAN_POINT ( 'NONE',  ( 0.5414213562373106900, -2.473927132928381000, 3.068303578260194600 ) ) ;
#2878 = CYLINDRICAL_SURFACE ( 'NONE', #2319, 1.989919402821355400 ) ;
#2879 = DIRECTION ( 'NONE',  ( 0.0000000000000000000, 0.1794644927590070300, -0.9837644514002081800 ) ) ;
#2880 = CARTESIAN_POINT ( 'NONE',  ( -0.3500000000000000300, -1.528480301339826900, -1.531786542273332300 ) ) ;
#2881 = DIRECTION ( 'NONE',  ( 0.0000000000000000000, -0.9837832558475314600, -0.1793613824490389300 ) ) ;
#2882 = ORIENTED_EDGE ( 'NONE', *, *, #1172, .T. ) ;
#2883 = CARTESIAN_POINT ( 'NONE',  ( 0.5770714368074092400, 0.6330040727081797100, 3.926420698961971700 ) ) ;
#2884 = EDGE_CURVE ( 'NONE', #3087, #2159, #1299, .T. ) ;
#2885 = EDGE_LOOP ( 'NONE', ( #3970, #2498, #1967, #1074 ) ) ;
#2886 = ORIENTED_EDGE ( 'NONE', *, *, #4566, .F. ) ;
#2887 = DIRECTION ( 'NONE',  ( -1.000000000000000000, -0.0000000000000000000, -0.0000000000000000000 ) ) ;
#2888 = ORIENTED_EDGE ( 'NONE', *, *, #395, .F. ) ;
#2889 = EDGE_CURVE ( 'NONE', #4660, #456, #3104, .T. ) ;
#2890 = CARTESIAN_POINT ( 'NONE',  ( -0.3500000000000000300, 2.739462666775876800, -0.01379006502842661200 ) ) ;
#2891 = CARTESIAN_POINT ( 'NONE',  ( 0.1660638834219335700, -3.246003810518583300, 1.476574035646416500 ) ) ;
#2892 = ORIENTED_EDGE ( 'NONE', *, *, #1609, .T. ) ;
#2893 = ADVANCED_FACE ( 'NONE', ( #4188 ), #2473, .T. ) ;
#2894 = DIRECTION ( 'NONE',  ( 0.0000000000000000000, 0.0000000000000000000, 1.000000000000000000 ) ) ;
#2895 = CARTESIAN_POINT ( 'NONE',  ( 4.000000000000000000, 2.265880297371502600, -3.050538719305766500 ) ) ;
#2896 = CARTESIAN_POINT ( 'NONE',  ( 0.1491128979614517200, -0.1147504266070917500, 3.549112897961449700 ) ) ;
#2897 = DIRECTION ( 'NONE',  ( -1.000000000000000000, -0.0000000000000000000, -0.0000000000000000000 ) ) ;
#2898 = DIRECTION ( 'NONE',  ( 0.0000000000000000000, -0.8660254037844430400, -0.4999999999999925100 ) ) ;
#2899 = ORIENTED_EDGE ( 'NONE', *, *, #3944, .F. ) ;
#2900 = ORIENTED_EDGE ( 'NONE', *, *, #3150, .T. ) ;
#2901 = ORIENTED_EDGE ( 'NONE', *, *, #4693, .T. ) ;
#2902 = AXIS2_PLACEMENT_3D ( 'NONE', #4, #4088, #2956 ) ;
#2903 = PRODUCT ( 'putnik_3', 'putnik_3', '', ( #3470 ) ) ;
#2904 = ORIENTED_EDGE ( 'NONE', *, *, #3663, .F. ) ;
#2905 = DIRECTION ( 'NONE',  ( 0.01745240643728355000, -1.053418623094682900E-014, 0.9998476951563912700 ) ) ;
#2906 = EDGE_LOOP ( 'NONE', ( #1266, #3945, #2459, #3224, #2396, #2332 ) ) ;
#2907 = FACE_OUTER_BOUND ( 'NONE', #4696, .T. ) ;
#2908 = CARTESIAN_POINT ( 'NONE',  ( 3.800000000000004700, 0.0000000000000000000, 0.0000000000000000000 ) ) ;
#2909 = EDGE_CURVE ( 'NONE', #1782, #1832, #4771, .T. ) ;
#2910 = CARTESIAN_POINT ( 'NONE',  ( 0.4151494614776000700, -3.780040442902208800, -0.5209437925347536500 ) ) ;
#2911 = CARTESIAN_POINT ( 'NONE',  ( 3.867028257739602900, 2.412543071860642200, 3.106363447951995000 ) ) ;
#2912 = CARTESIAN_POINT ( 'NONE',  ( 0.6828427124746188100, 0.6471507060777201800, 3.947302365365885600 ) ) ;
#2913 = LINE ( 'NONE', #4374, #3761 ) ;
#2914 = CARTESIAN_POINT ( 'NONE',  ( 3.867028257739602500, 2.412543071860683100, -3.106363447951963500 ) ) ;
#2915 = ORIENTED_EDGE ( 'NONE', *, *, #2260, .F. ) ;
#2916 = EDGE_CURVE ( 'NONE', #1739, #902, #2122, .T. ) ;
#2917 = DIRECTION ( 'NONE',  ( 0.0000000000000000000, -0.1445988709998246600, -0.9894903569543142000 ) ) ;
#2918 = CIRCLE ( 'NONE', #688, 3.800000000000004700 ) ;
#2919 = VECTOR ( 'NONE', #11, 1000.000000000000000 ) ;
#2920 = ORIENTED_EDGE ( 'NONE', *, *, #4175, .F. ) ;
#2921 = CARTESIAN_POINT ( 'NONE',  ( 0.5414213562373104700, 2.473927132928456900, -3.068303578260133300 ) ) ;
#2922 = ORIENTED_EDGE ( 'NONE', *, *, #2260, .T. ) ;
#2923 = VECTOR ( 'NONE', #4651, 1000.000000000000000 ) ;
#2924 = LINE ( 'NONE', #3570, #4592 ) ;
#2925 = AXIS2_PLACEMENT_3D ( 'NONE', #3476, #3809, #3114 ) ;
#2926 = B_SPLINE_CURVE_WITH_KNOTS ( 'NONE', 3,
 ( #1619, #1958, #3824, #107 ),
 .UNSPECIFIED., .F., .F.,
 ( 4, 4 ),
 ( 0.0005172839673736023400, 0.0006775162349113323300 ),
 .UNSPECIFIED. ) ;
#2927 = EDGE_CURVE ( 'NONE', #398, #1554, #455, .T. ) ;
#2928 = ORIENTED_EDGE ( 'NONE', *, *, #3341, .F. ) ;
#2929 = DIRECTION ( 'NONE',  ( 0.0000000000000000000, 0.1793584804138707000, 0.9837837849363176800 ) ) ;
#2930 = FACE_OUTER_BOUND ( 'NONE', #2906, .T. ) ;
#2931 = CARTESIAN_POINT ( 'NONE',  ( 0.1660638834215690000, -1.476574035646566600, -3.246003810518114400 ) ) ;
#2932 = DIRECTION ( 'NONE',  ( 0.0000000000000000000, 0.0000000000000000000, 1.000000000000000000 ) ) ;
#2933 = TOROIDAL_SURFACE ( 'NONE', #229, 3.105916497100035900, 0.2000000000000000100 ) ;
#2934 = CARTESIAN_POINT ( 'NONE',  ( 4.000000000000000000, 3.050538719305395200, -2.265880297372002700 ) ) ;
#2935 = VECTOR ( 'NONE', #3725, 1000.000000000000000 ) ;
#2936 = ORIENTED_EDGE ( 'NONE', *, *, #395, .T. ) ;
#2937 = CYLINDRICAL_SURFACE ( 'NONE', #1304, 4.000000000000000000 ) ;
#2938 = CARTESIAN_POINT ( 'NONE',  ( 4.000000000000000000, -1.855980154052942400, 0.7380570107103006100 ) ) ;
#2939 = EDGE_LOOP ( 'NONE', ( #2133, #2073, #3081, #2088, #141, #3609 ) ) ;
#2940 = EDGE_CURVE ( 'NONE', #3904, #2600, #4765, .T. ) ;
#2941 = EDGE_LOOP ( 'NONE', ( #539, #4034, #2316, #3748 ) ) ;
#2942 = CARTESIAN_POINT ( 'NONE',  ( -0.3500000000000000300, 0.7337409229461024900, 0.3800760726732069800 ) ) ;
#2943 = CARTESIAN_POINT ( 'NONE',  ( -0.3500000000000000300, -1.528480301339826900, -1.531786542273332300 ) ) ;
#2944 = ADVANCED_FACE ( 'NONE', ( #1343 ), #414, .F. ) ;
#2945 = ORIENTED_EDGE ( 'NONE', *, *, #1202, .F. ) ;
#2946 = CARTESIAN_POINT ( 'NONE',  ( 0.6828427124746195800, 0.0000000000000000000, 0.0000000000000000000 ) ) ;
#2947 = PRESENTATION_STYLE_ASSIGNMENT (( #3821 ) ) ;
#2948 = DIRECTION ( 'NONE',  ( 0.01745240643728355000, -0.1445768478913915200, 0.9893396527802458300 ) ) ;
#2949 = CARTESIAN_POINT ( 'NONE',  ( 3.867028257739601600, -3.106363447951928400, 2.412543071860731000 ) ) ;
#2950 = DIRECTION ( 'NONE',  ( 0.0000000000000000000, 1.687538997430237900E-014, -1.000000000000000000 ) ) ;
#2951 = EDGE_CURVE ( 'NONE', #2037, #2310, #494, .T. ) ;
#2952 = ORIENTED_EDGE ( 'NONE', *, *, #4314, .T. ) ;
#2953 = ORIENTED_EDGE ( 'NONE', *, *, #515, .F. ) ;
#2954 = CARTESIAN_POINT ( 'NONE',  ( 4.000000000000000000, 1.538105417643822000, 3.287753062548052000 ) ) ;
#2955 = VERTEX_POINT ( 'NONE', #1551 ) ;
#2956 = DIRECTION ( 'NONE',  ( 0.0000000000000000000, 0.9836838611794305200, -0.1799057010078526100 ) ) ;
#2957 = EDGE_CURVE ( 'NONE', #3564, #3795, #4409, .T. ) ;
#2958 = CARTESIAN_POINT ( 'NONE',  ( 1.726467076573307900, -3.108084227356450000, -2.517984564545972900 ) ) ;
#2959 = CARTESIAN_POINT ( 'NONE',  ( -0.5000000000000000000, -0.3751349672085616500, -0.7633777044326348600 ) ) ;
#2960 = AXIS2_PLACEMENT_3D ( 'NONE', #2664, #4446, #32 ) ;
#2961 = CARTESIAN_POINT ( 'NONE',  ( 3.933718438465838600, 3.565212652512021100, -1.496389708009192600 ) ) ;
#2962 = EDGE_LOOP ( 'NONE', ( #646, #1989, #4716, #4073 ) ) ;
#2963 = EDGE_LOOP ( 'NONE', ( #293, #2712, #4162, #719 ) ) ;
#2964 = CARTESIAN_POINT ( 'NONE',  ( 3.933718438465838600, -3.078517827353652000, 2.339369872964381700 ) ) ;
#2965 = CARTESIAN_POINT ( 'NONE',  ( -0.3500000000000000300, 0.7641227918010564700, 0.3745088796485753800 ) ) ;
#2966 = CARTESIAN_POINT ( 'NONE',  ( 0.1660638834216769900, 1.476574035645963800, 3.246003810518507400 ) ) ;
#2967 = ORIENTED_EDGE ( 'NONE', *, *, #4351, .F. ) ;
#2968 = ADVANCED_FACE ( 'NONE', ( #2930 ), #3373, .F. ) ;
#2969 = VECTOR ( 'NONE', #2060, 999.9999999999998900 ) ;
#2970 = VERTEX_POINT ( 'NONE', #2987 ) ;
#2971 = CARTESIAN_POINT ( 'NONE',  ( 0.4151494614775939600, -3.534082947153586000, -1.438869663171403500 ) ) ;
#2972 = ORIENTED_EDGE ( 'NONE', *, *, #798, .F. ) ;
#2973 = DIRECTION ( 'NONE',  ( -0.0000000000000000000, 0.5686221331907659300, 0.8225988509872735900 ) ) ;
#2974 = CARTESIAN_POINT ( 'NONE',  ( -0.3500000000000000300, 2.739462666775876800, -0.01379006502842661200 ) ) ;
#2975 = VECTOR ( 'NONE', #2192, 1000.000000000000000 ) ;
#2976 = DIRECTION ( 'NONE',  ( 1.000000000000000000, 0.0000000000000000000, 0.0000000000000000000 ) ) ;
#2977 = CARTESIAN_POINT ( 'NONE',  ( 0.1491128979610886800, 0.1147504266068843900, -3.549112897961086900 ) ) ;
#2978 = EDGE_CURVE ( 'NONE', #846, #3904, #1822, .T. ) ;
#2979 = FACE_OUTER_BOUND ( 'NONE', #3369, .T. ) ;
#2980 = CARTESIAN_POINT ( 'NONE',  ( 4.000000000000000000, -3.287753062548343300, -1.538105417643576200 ) ) ;
#2981 = EDGE_LOOP ( 'NONE', ( #1978, #1114, #124, #2368 ) ) ;
#2982 = LINE ( 'NONE', #980, #4225 ) ;
#2983 = LINE ( 'NONE', #4459, #1638 ) ;
#2984 = AXIS2_PLACEMENT_3D ( 'NONE', #2775, #2422, #4629 ) ;
#2985 = DIRECTION ( 'NONE',  ( -0.9998119760941958100, 0.001405659404127059400, -0.01934002534276620800 ) ) ;
#2986 = VERTEX_POINT ( 'NONE', #2608 ) ;
#2987 = CARTESIAN_POINT ( 'NONE',  ( 3.800000000000008300, 3.719507738389911100, 1.471482988028597300 ) ) ;
#2988 = ORIENTED_EDGE ( 'NONE', *, *, #958, .F. ) ;
#2989 = FACE_OUTER_BOUND ( 'NONE', #1862, .T. ) ;
#2990 = B_SPLINE_CURVE_WITH_KNOTS ( 'NONE', 3,
 ( #2044, #1301, #1685, #1666 ),
 .UNSPECIFIED., .F., .F.,
 ( 4, 4 ),
 ( 5.000000000000000000, 6.000000000000000000 ),
 .UNSPECIFIED. ) ;
#2991 = CARTESIAN_POINT ( 'NONE',  ( -0.5000000000000000000, -0.3787953540596211100, 0.7352953352497012500 ) ) ;
#2992 = CARTESIAN_POINT ( 'NONE',  ( 4.000000000000000000, -1.538105417644426400, -3.287753062547659900 ) ) ;
#2993 = ADVANCED_FACE ( 'NONE', ( #3101 ), #3437, .T. ) ;
#2994 = LINE ( 'NONE', #713, #2004 ) ;
#2995 = CARTESIAN_POINT ( 'NONE',  ( 0.4151494614776415300, -3.013139154618265100, 2.341170779730400700 ) ) ;
#2996 = FACE_OUTER_BOUND ( 'NONE', #1406, .T. ) ;
#2997 = CARTESIAN_POINT ( 'NONE',  ( 0.6828427124746188100, -2.534100134223849800, -3.094888771785936600 ) ) ;
#2998 = PLANE ( 'NONE',  #4444 ) ;
#2999 = CARTESIAN_POINT ( 'NONE',  ( -0.3000000000000000400, 3.803650696592518300E-016, -3.105916497100035900 ) ) ;
#3000 = ORIENTED_EDGE ( 'NONE', *, *, #1711, .F. ) ;
#3001 = DIRECTION ( 'NONE',  ( -1.000000000000000000, 0.0000000000000000000, 0.0000000000000000000 ) ) ;
#3002 = DIRECTION ( 'NONE',  ( -1.000000000000000000, -0.0000000000000000000, -0.0000000000000000000 ) ) ;
#3003 = CARTESIAN_POINT ( 'NONE',  ( -0.3500000000000000300, -1.517345915290555100, -2.734393873397825000 ) ) ;
#3004 = ORIENTED_EDGE ( 'NONE', *, *, #2196, .T. ) ;
#3005 = CARTESIAN_POINT ( 'NONE',  ( -0.3500000000000000300, -2.849667141383537100, 0.0002556054465696622700 ) ) ;
#3006 = EDGE_CURVE ( 'NONE', #4515, #952, #1189, .T. ) ;
#3007 = DIRECTION ( 'NONE',  ( -1.000000000000000000, -0.0000000000000000000, -0.0000000000000000000 ) ) ;
#3008 = CARTESIAN_POINT ( 'NONE',  ( 0.1660638834216864900, -2.072834742867472300, -2.901752530696938100 ) ) ;
#3009 = ORIENTED_EDGE ( 'NONE', *, *, #1869, .T. ) ;
#3010 = DIRECTION ( 'NONE',  ( -0.0000000000000000000, -0.9836838611794305200, 0.1799057010078526100 ) ) ;
#3011 = DIRECTION ( 'NONE',  ( 0.0000000000000000000, 0.0000000000000000000, 1.000000000000000000 ) ) ;
#3012 = ORIENTED_EDGE ( 'NONE', *, *, #1633, .F. ) ;
#3013 = DIRECTION ( 'NONE',  ( 0.01745240643728355000, 0.3694626033171047300, -0.9290816962246623000 ) ) ;
#3014 = DIRECTION ( 'NONE',  ( 0.0000000000000000000, 0.0000000000000000000, -1.000000000000000000 ) ) ;
#3015 = EDGE_CURVE ( 'NONE', #1794, #1391, #307, .T. ) ;
#3016 = B_SPLINE_CURVE_WITH_KNOTS ( 'NONE', 3,
 ( #1939, #2655, #2636, #1519 ),
 .UNSPECIFIED., .F., .F.,
 ( 4, 4 ),
 ( 9.857291678282816800E-006, 0.0005838848012781131000 ),
 .UNSPECIFIED. ) ;
#3017 = ADVANCED_FACE ( 'NONE', ( #433 ), #4418, .T. ) ;
#3018 = CARTESIAN_POINT ( 'NONE',  ( -0.3500000000000000300, 0.4404162482627732000, -0.4329384095850645200 ) ) ;
#3019 = CARTESIAN_POINT ( 'NONE',  ( -0.5000000000000000000, -3.951227106437625200, -1.361766771556986100 ) ) ;
#3020 = CARTESIAN_POINT ( 'NONE',  ( 4.500000000000000900, 2.436948427226385200E-016, -1.989919402821355400 ) ) ;
#3021 = AXIS2_PLACEMENT_3D ( 'NONE', #2603, #376, #4028 ) ;
#3022 = CARTESIAN_POINT ( 'NONE',  ( 0.2898795043563885400, 0.4329884829876313700, 3.665198912562728200 ) ) ;
#3023 = EDGE_CURVE ( 'NONE', #3238, #404, #834, .T. ) ;
#3024 = DIRECTION ( 'NONE',  ( -0.0000000000000000000, 0.7063669628695037300, -0.7078458262690493500 ) ) ;
#3025 = VERTEX_POINT ( 'NONE', #2173 ) ;
#3026 = ORIENTED_EDGE ( 'NONE', *, *, #2607, .F. ) ;
#3027 = ORIENTED_EDGE ( 'NONE', *, *, #699, .F. ) ;
#3029 = EDGE_LOOP ( 'NONE', ( #3664, #2070, #3971, #2872, #4485, #3004 ) ) ;
#3028 = CARTESIAN_POINT ( 'NONE',  ( -0.3500000000000000300, 2.637210185717893100, 0.0002556054465696622700 ) ) ;
#3030 = ORIENTED_EDGE ( 'NONE', *, *, #972, .T. ) ;
#3031 = VECTOR ( 'NONE', #501, 1000.000000000000000 ) ;
#3032 = CARTESIAN_POINT ( 'NONE',  ( -0.5000000000000000000, -2.071898307833819300, -2.888868415790053500 ) ) ;
#3033 = FACE_OUTER_BOUND ( 'NONE', #768, .T. ) ;
#3034 = DIRECTION ( 'NONE',  ( 0.0000000000000000000, 5.329070518200751400E-015, 1.000000000000000000 ) ) ;
#3035 = ORIENTED_EDGE ( 'NONE', *, *, #1692, .F. ) ;
#3036 = CARTESIAN_POINT ( 'NONE',  ( -0.5000000000000000000, 1.530087876240711500, -1.524891394949245100 ) ) ;
#3037 = LINE ( 'NONE', #303, #4585 ) ;
#3038 = VECTOR ( 'NONE', #2558, 1000.000000000000000 ) ;
#3039 = ORIENTED_EDGE ( 'NONE', *, *, #168, .T. ) ;
#3040 = CARTESIAN_POINT ( 'NONE',  ( -0.5000000000000000000, -0.4346545599123110600, -0.4368030970975792500 ) ) ;
#3041 = VERTEX_POINT ( 'NONE', #3324 ) ;
#3042 = ADVANCED_FACE ( 'NONE', ( #4184 ), #1438, .F. ) ;
#3043 = DIRECTION ( 'NONE',  ( 0.0000000000000000000, 0.0000000000000000000, 1.000000000000000000 ) ) ;
#3044 = VERTEX_POINT ( 'NONE', #369 ) ;
#3045 = EDGE_CURVE ( 'NONE', #2766, #3749, #1594, .T. ) ;
#3046 = CARTESIAN_POINT ( 'NONE',  ( 0.0000000000000000000, 0.0000000000000000000, 0.0000000000000000000 ) ) ;
#3048 =( BOUNDED_CURVE ( )  B_SPLINE_CURVE ( 3, ( #617, #263, #629, #3613 ),
 .UNSPECIFIED., .F., .F. ) 
 B_SPLINE_CURVE_WITH_KNOTS ( ( 4, 4 ),
 ( 4.190563251158829800, 4.206184561331420800 ),
 .UNSPECIFIED. ) 
 CURVE ( )  GEOMETRIC_REPRESENTATION_ITEM ( )  RATIONAL_B_SPLINE_CURVE ( ( 1.000000000000000000, 0.9999796646590899400, 0.9999796646590899400, 1.000000000000000000 ) ) 
 REPRESENTATION_ITEM ( '' )  );
#3047 = LINE ( 'NONE', #3905, #829 ) ;
#3049 = VECTOR ( 'NONE', #519, 1000.000000000000000 ) ;
#3050 = CARTESIAN_POINT ( 'NONE',  ( -0.4939148480512971000, -3.537888806904247600, 0.3498309152565220500 ) ) ;
#3051 = VERTEX_POINT ( 'NONE', #3652 ) ;
#3052 = LINE ( 'NONE', #2938, #2174 ) ;
#3053 =( BOUNDED_CURVE ( )  B_SPLINE_CURVE ( 3, ( #1135, #4772, #4529, #845 ),
 .UNSPECIFIED., .F., .F. ) 
 B_SPLINE_CURVE_WITH_KNOTS ( ( 4, 4 ),
 ( 2.077000745848045100, 2.092622056020634300 ),
 .UNSPECIFIED. ) 
 CURVE ( )  GEOMETRIC_REPRESENTATION_ITEM ( )  RATIONAL_B_SPLINE_CURVE ( ( 1.000000000000000000, 0.9999796646590899400, 0.9999796646590899400, 1.000000000000000000 ) ) 
 REPRESENTATION_ITEM ( '' )  );
#3054 = FACE_OUTER_BOUND ( 'NONE', #1664, .T. ) ;
#3055 = CARTESIAN_POINT ( 'NONE',  ( -0.3500000000000000300, -1.584765133570547900, -1.601955306955402400 ) ) ;
#3056 = EDGE_CURVE ( 'NONE', #1489, #1965, #4372, .T. ) ;
#3057 = CARTESIAN_POINT ( 'NONE',  ( -0.3500000000000000300, -0.0003022024523184896300, 2.849705030973278300 ) ) ;
#3058 = EDGE_LOOP ( 'NONE', ( #37, #522, #2208, #2502, #3372, #225 ) ) ;
#3059 = TOROIDAL_SURFACE ( 'NONE', #907, 3.799999999999999800, 0.2000000000000000100 ) ;
#3060 = CARTESIAN_POINT ( 'NONE',  ( 4.000000000000000000, -1.238297456974458500, 1.567166197742761800 ) ) ;
#3061 = CARTESIAN_POINT ( 'NONE',  ( -0.3500000000000000300, -0.01422933622158328900, -2.741961510399197900 ) ) ;
#3062 = EDGE_LOOP ( 'NONE', ( #2474, #855, #2433, #2515 ) ) ;
#3063 = ORIENTED_EDGE ( 'NONE', *, *, #2764, .F. ) ;
#3064 = DIRECTION ( 'NONE',  ( 1.000000000000000000, 0.0000000000000000000, 0.0000000000000000000 ) ) ;
#3065 = ORIENTED_EDGE ( 'NONE', *, *, #2739, .T. ) ;
#3066 = CARTESIAN_POINT ( 'NONE',  ( -0.3500000000000000300, 0.7655777760227657800, -0.3736647840748928400 ) ) ;
#3067 = ORIENTED_EDGE ( 'NONE', *, *, #3944, .T. ) ;
#3068 = ADVANCED_FACE ( 'NONE', ( #4126 ), #3273, .T. ) ;
#3069 = AXIS2_PLACEMENT_3D ( 'NONE', #1428, #1824, #341 ) ;
#3070 = ORIENTED_EDGE ( 'NONE', *, *, #331, .T. ) ;
#3071 = CARTESIAN_POINT ( 'NONE',  ( 3.800000000000015400, 3.956929685032730700, 0.5854122203257979800 ) ) ;
#3072 = ORIENTED_EDGE ( 'NONE', *, *, #4721, .F. ) ;
#3073 = DIRECTION ( 'NONE',  ( 0.0000000000000000000, 0.0000000000000000000, -1.000000000000000000 ) ) ;
#3074 = EDGE_CURVE ( 'NONE', #2032, #1820, #2115, .T. ) ;
#3075 = CARTESIAN_POINT ( 'NONE',  ( 0.1660638834216769900, 1.476574035645963800, 3.246003810518507400 ) ) ;
#3076 = VERTEX_POINT ( 'NONE', #4764 ) ;
#3077 = DIRECTION ( 'NONE',  ( 0.0000000000000000000, -0.1445988709998246600, -0.9894903569543142000 ) ) ;
#3078 = UNCERTAINTY_MEASURE_WITH_UNIT (LENGTH_MEASURE( 1.000000000000000100E-005 ), #1608, 'distance_accuracy_value', 'NONE');
#3079 = EDGE_CURVE ( 'NONE', #404, #345, #198, .T. ) ;
#3080 = ORIENTED_EDGE ( 'NONE', *, *, #3908, .F. ) ;
#3081 = ORIENTED_EDGE ( 'NONE', *, *, #913, .F. ) ;
#3082 = CARTESIAN_POINT ( 'NONE',  ( -0.3551274711633997700, -4.101445512754139600E-016, -3.298168836287699500 ) ) ;
#3083 = ORIENTED_EDGE ( 'NONE', *, *, #3848, .F. ) ;
#3084 = ORIENTED_EDGE ( 'NONE', *, *, #3501, .F. ) ;
#3085 = AXIS2_PLACEMENT_3D ( 'NONE', #4201, #835, #3481 ) ;
#3086 = FACE_OUTER_BOUND ( 'NONE', #3120, .T. ) ;
#3087 = VERTEX_POINT ( 'NONE', #1055 ) ;
#3088 = DIRECTION ( 'NONE',  ( 0.0000000000000000000, 0.0000000000000000000, -1.000000000000000000 ) ) ;
#3089 = ORIENTED_EDGE ( 'NONE', *, *, #155, .F. ) ;
#3090 = CARTESIAN_POINT ( 'NONE',  ( 0.1660638834219335700, -3.246003810518583300, 1.476574035646416500 ) ) ;
#3091 = FACE_OUTER_BOUND ( 'NONE', #1388, .T. ) ;
#3092 = DIRECTION ( 'NONE',  ( -0.0000000000000000000, 0.9879355516984054100, 0.1548655729669035400 ) ) ;
#3093 = FACE_OUTER_BOUND ( 'NONE', #3506, .T. ) ;
#3094 = ORIENTED_EDGE ( 'NONE', *, *, #1769, .F. ) ;
#3095 = DIRECTION ( 'NONE',  ( 0.0000000000000000000, -0.9292232214220812500, -0.3695188828327581900 ) ) ;
#3096 = EDGE_CURVE ( 'NONE', #4450, #3076, #370, .T. ) ;
#3097 = LINE ( 'NONE', #327, #3038 ) ;
#3098 = VERTEX_POINT ( 'NONE', #4376 ) ;
#3099 = ORIENTED_EDGE ( 'NONE', *, *, #4217, .T. ) ;
#3100 = CARTESIAN_POINT ( 'NONE',  ( 0.5414213562373099100, -1.420265278831798000, 3.676635533357691400 ) ) ;
#3101 = FACE_OUTER_BOUND ( 'NONE', #1009, .T. ) ;
#3102 = CARTESIAN_POINT ( 'NONE',  ( -0.3500000000000000300, -0.0006348297072971131900, -2.637172296128151800 ) ) ;
#3103 = EDGE_CURVE ( 'NONE', #1158, #4515, #3825, .T. ) ;
#3104 = LINE ( 'NONE', #452, #2935 ) ;
#3105 = VECTOR ( 'NONE', #4288, 1000.000000000000100 ) ;
#3106 = CARTESIAN_POINT ( 'NONE',  ( -0.3500000000000000300, -2.849667141383537100, 0.0002556054465696622700 ) ) ;
#3107 = CARTESIAN_POINT ( 'NONE',  ( 0.6828427124746195800, 0.0000000000000000000, 0.0000000000000000000 ) ) ;
#3108 = EDGE_CURVE ( 'NONE', #3051, #2804, #4539, .T. ) ;
#3109 = ORIENTED_EDGE ( 'NONE', *, *, #1869, .F. ) ;
#3110 = CARTESIAN_POINT ( 'NONE',  ( -0.3500000000000000300, 2.849155096921835600, 0.0002556054465696622700 ) ) ;
#3111 = CARTESIAN_POINT ( 'NONE',  ( 4.000000000000000000, 0.0000000000000000000, 0.0000000000000000000 ) ) ;
#3112 = CARTESIAN_POINT ( 'NONE',  ( 4.000000000000000000, 0.2888139563100233200, 1.976354467684228600 ) ) ;
#3113 = AXIS2_PLACEMENT_3D ( 'NONE', #183, #3845, #204 ) ;
#3114 = DIRECTION ( 'NONE',  ( 0.0000000000000000000, 0.0000000000000000000, 1.000000000000000000 ) ) ;
#3115 = ORIENTED_EDGE ( 'NONE', *, *, #608, .T. ) ;
#3116 = CARTESIAN_POINT ( 'NONE',  ( -0.5000000000000000000, -0.3751349672085616500, -0.7633777044326348600 ) ) ;
#3117 = DIRECTION ( 'NONE',  ( -0.0000000000000000000, -0.0000000000000000000, -1.000000000000000000 ) ) ;
#3118 = EDGE_CURVE ( 'NONE', #1554, #1681, #3052, .T. ) ;
#3119 = CARTESIAN_POINT ( 'NONE',  ( -0.5000000000000000000, -1.594988679170833400, 1.584053920734950400 ) ) ;
#3120 = EDGE_LOOP ( 'NONE', ( #357, #2640, #4193, #4145, #170 ) ) ;
#3121 = CARTESIAN_POINT ( 'NONE',  ( -0.3500000000000000300, 0.3764020410070223500, 0.7637271773021223600 ) ) ;
#3122 = B_SPLINE_CURVE_WITH_KNOTS ( 'NONE', 3,
 ( #3682, #2896, #3718, #2623 ),
 .UNSPECIFIED., .F., .F.,
 ( 4, 4 ),
 ( 0.0003500823607463940100, 0.0006943336405676706200 ),
 .UNSPECIFIED. ) ;
#3123 = CARTESIAN_POINT ( 'NONE',  ( 3.800000000000008300, 2.485446697004064300, 3.134095518064437000 ) ) ;
#3124 = EDGE_LOOP ( 'NONE', ( #826, #2768, #2499, #3351 ) ) ;
#3125 = VERTEX_POINT ( 'NONE', #2954 ) ;
#3126 = VERTEX_POINT ( 'NONE', #4060 ) ;
#3127 = AXIS2_PLACEMENT_3D ( 'NONE', #1120, #3343, #2250 ) ;
#3128 = CARTESIAN_POINT ( 'NONE',  ( -0.3500000000000000300, 0.01196371108239513400, -2.741995560509439900 ) ) ;
#3129 = EDGE_CURVE ( 'NONE', #4090, #1216, #2707, .T. ) ;
#3130 = DIRECTION ( 'NONE',  ( 0.0000000000000000000, 0.0000000000000000000, -1.000000000000000000 ) ) ;
#3131 = ORIENTED_EDGE ( 'NONE', *, *, #2909, .F. ) ;
#3132 = CARTESIAN_POINT ( 'NONE',  ( 0.5414213562373099100, -2.473927132928949800, -3.068303578259737200 ) ) ;
#3133 = CIRCLE ( 'NONE', #652, 4.000000000000000000 ) ;
#3134 = CARTESIAN_POINT ( 'NONE',  ( -0.5000000000000000000, 2.849155096921835600, 0.0002556054465696622700 ) ) ;
#3135 = CARTESIAN_POINT ( 'NONE',  ( -0.5000000000000000000, 2.888868415789885200, -2.071898307833378800 ) ) ;
#3136 = AXIS2_PLACEMENT_3D ( 'NONE', #2134, #1785, #3587 ) ;
#3137 = VECTOR ( 'NONE', #3750, 999.9999999999998900 ) ;
#3138 = DIRECTION ( 'NONE',  ( 0.01745240643728354600, 0.4999238475782120700, -0.8658935039207446000 ) ) ;
#3139 = CARTESIAN_POINT ( 'NONE',  ( 0.1435183544350869800, -3.016156369887542900, -1.873894413464114200 ) ) ;
#3140 = ORIENTED_EDGE ( 'NONE', *, *, #4006, .T. ) ;
#3141 = FACE_OUTER_BOUND ( 'NONE', #761, .T. ) ;
#3142 = ORIENTED_EDGE ( 'NONE', *, *, #3361, .F. ) ;
#3143 = AXIS2_PLACEMENT_3D ( 'NONE', #3804, #3404, #1590 ) ;
#3144 = ORIENTED_EDGE ( 'NONE', *, *, #202, .F. ) ;
#3145 = CARTESIAN_POINT ( 'NONE',  ( 0.1660638834219855500, -2.901752530697415000, 2.072834742867319500 ) ) ;
#3146 = CARTESIAN_POINT ( 'NONE',  ( 0.6828427124746188100, 3.094888771785941900, -2.534100134223844100 ) ) ;
#3147 = CIRCLE ( 'NONE', #3511, 1.989919402821355400 ) ;
#3148 = CYLINDRICAL_SURFACE ( 'NONE', #1479, 4.000000000000000000 ) ;
#3149 = DIRECTION ( 'NONE',  ( -0.0000000000000000000, -0.7049754928483054100, -0.7092316648904566400 ) ) ;
#3150 = EDGE_CURVE ( 'NONE', #3929, #2866, #1706, .T. ) ;
#3151 = DIRECTION ( 'NONE',  ( 0.0000000000000000000, 0.0000000000000000000, 1.000000000000000000 ) ) ;
#3152 = EDGE_LOOP ( 'NONE', ( #2077, #4422, #1378, #3488 ) ) ;
#3153 = FACE_OUTER_BOUND ( 'NONE', #3152, .T. ) ;
#3154 = CARTESIAN_POINT ( 'NONE',  ( 4.000000000000000000, 0.0000000000000000000, 0.0000000000000000000 ) ) ;
#3155 = VECTOR ( 'NONE', #753, 1000.000000000000000 ) ;
#3156 = PLANE ( 'NONE',  #4714 ) ;
#3157 = DIRECTION ( 'NONE',  ( 0.0000000000000000000, 0.6199714741215771600, -0.7846243504222377700 ) ) ;
#3158 = EDGE_CURVE ( 'NONE', #2666, #2079, #3380, .T. ) ;
#3159 = ORIENTED_EDGE ( 'NONE', *, *, #1038, .F. ) ;
#3160 = LINE ( 'NONE', #3798, #3786 ) ;
#3161 = CARTESIAN_POINT ( 'NONE',  ( -0.3500000000000000300, -2.739855535851734000, 0.01426722581132477800 ) ) ;
#3162 = CARTESIAN_POINT ( 'NONE',  ( 0.6828427124746188100, -3.094888771786298100, 2.534100134223409300 ) ) ;
#3163 = DIRECTION ( 'NONE',  ( -1.000000000000000000, 0.0000000000000000000, 0.0000000000000000000 ) ) ;
#3164 = VERTEX_POINT ( 'NONE', #787 ) ;
#3165 = AXIS2_PLACEMENT_3D ( 'NONE', #931, #3519, #3157 ) ;
#3166 = ADVANCED_FACE ( 'NONE', ( #3210 ), #2681, .F. ) ;
#3167 = ORIENTED_EDGE ( 'NONE', *, *, #3729, .T. ) ;
#3168 = CARTESIAN_POINT ( 'NONE',  ( -0.3500000000000000300, 1.586032207369008700, -1.595467895713894400 ) ) ;
#3169 = EDGE_CURVE ( 'NONE', #3629, #2020, #2840, .T. ) ;
#3170 = ORIENTED_EDGE ( 'NONE', *, *, #2867, .F. ) ;
#3171 = CARTESIAN_POINT ( 'NONE',  ( -0.3500000000000000300, 0.7641227918010564700, 0.3745088796485753800 ) ) ;
#3172 = ORIENTED_EDGE ( 'NONE', *, *, #3799, .T. ) ;
#3173 = DIRECTION ( 'NONE',  ( 0.0000000000000000000, 0.8660254037844291600, 0.5000000000000164300 ) ) ;
#3174 = AXIS2_PLACEMENT_3D ( 'NONE', #1575, #4148, #873 ) ;
#3175 = DIRECTION ( 'NONE',  ( 1.000000000000000000, -0.0000000000000000000, -0.0000000000000000000 ) ) ;
#3176 = CARTESIAN_POINT ( 'NONE',  ( -0.5000000000000000000, -2.849667141383537100, -1.573566027540784800 ) ) ;
#3177 = DIRECTION ( 'NONE',  ( 0.0000000000000000000, 0.9292232214220916800, -0.3695188828327321500 ) ) ;
#3178 = EDGE_CURVE ( 'NONE', #1794, #4097, #3946, .T. ) ;
#3179 = B_SPLINE_CURVE_WITH_KNOTS ( 'NONE', 3,
 ( #3298, #3335, #4429, #3683 ),
 .UNSPECIFIED., .F., .F.,
 ( 4, 4 ),
 ( 2.994722214287358200E-007, 0.0001603664431302775100 ),
 .UNSPECIFIED. ) ;
#3180 = VERTEX_POINT ( 'NONE', #3402 ) ;
#3181 = EDGE_LOOP ( 'NONE', ( #3448, #2952 ) ) ;
#3182 = DIRECTION ( 'NONE',  ( -0.0000000000000000000, -0.7071064753665270400, 0.7071070870064357600 ) ) ;
#3183 = ORIENTED_EDGE ( 'NONE', *, *, #1441, .F. ) ;
#3184 =( BOUNDED_CURVE ( )  B_SPLINE_CURVE ( 3, ( #1727, #4672, #4230, #2099 ),
 .UNSPECIFIED., .F., .F. ) 
 B_SPLINE_CURVE_WITH_KNOTS ( ( 4, 4 ),
 ( 4.190563251158901700, 4.206184561331491900 ),
 .UNSPECIFIED. ) 
 CURVE ( )  GEOMETRIC_REPRESENTATION_ITEM ( )  RATIONAL_B_SPLINE_CURVE ( ( 1.000000000000000000, 0.9999796646590899400, 0.9999796646590899400, 1.000000000000000000 ) ) 
 REPRESENTATION_ITEM ( '' )  );
#3185 = EDGE_CURVE ( 'NONE', #2610, #2543, #4536, .T. ) ;
#3186 = ORIENTED_EDGE ( 'NONE', *, *, #2339, .F. ) ;
#3187 = VERTEX_POINT ( 'NONE', #3020 ) ;
#3188 = CARTESIAN_POINT ( 'NONE',  ( 2.765540635663498800, 1.452114929741459300, -3.727169980354487300 ) ) ;
#3189 = CIRCLE ( 'NONE', #4518, 4.000000000000000000 ) ;
#3190 = VERTEX_POINT ( 'NONE', #1866 ) ;
#3191 = ORIENTED_EDGE ( 'NONE', *, *, #1116, .F. ) ;
#3192 = DIRECTION ( 'NONE',  ( -1.000000000000000000, 0.0000000000000000000, 0.0000000000000000000 ) ) ;
#3193 = DIRECTION ( 'NONE',  ( -0.0000000000000000000, 0.1794644865654998500, -0.9837644525300665000 ) ) ;
#3194 = AXIS2_PLACEMENT_3D ( 'NONE', #3254, #306, #2491 ) ;
#3195 = DIRECTION ( 'NONE',  ( 0.0000000000000000000, 0.3695188828327410900, 0.9292232214220880200 ) ) ;
#3196 = LINE ( 'NONE', #4584, #2042 ) ;
#3197 = EDGE_CURVE ( 'NONE', #1236, #1358, #1056, .T. ) ;
#3198 = CARTESIAN_POINT ( 'NONE',  ( 2.765540635663579200, 3.121153408548223300, 2.501766422338727500 ) ) ;
#3199 = LINE ( 'NONE', #1274, #4283 ) ;
#3200 = CIRCLE ( 'NONE', #681, 3.941421356237309900 ) ;
#3201 = ORIENTED_EDGE ( 'NONE', *, *, #531, .T. ) ;
#3202 = ADVANCED_FACE ( 'NONE', ( #1458 ), #2302, .T. ) ;
#3203 = ORIENTED_EDGE ( 'NONE', *, *, #3361, .T. ) ;
#3204 = CARTESIAN_POINT ( 'NONE',  ( 0.2898795043564788600, -3.665198912562770000, 0.4329884829880380500 ) ) ;
#3205 = VECTOR ( 'NONE', #38, 1000.000000000000000 ) ;
#3206 = FACE_OUTER_BOUND ( 'NONE', #4340, .T. ) ;
#3207 = DIRECTION ( 'NONE',  ( 0.0000000000000000000, 0.0000000000000000000, 1.000000000000000000 ) ) ;
#3208 = EDGE_CURVE ( 'NONE', #4589, #3665, #460, .T. ) ;
#3209 = VERTEX_POINT ( 'NONE', #4075 ) ;
#3210 = FACE_OUTER_BOUND ( 'NONE', #4440, .T. ) ;
#3211 = DIRECTION ( 'NONE',  ( 0.0000000000000000000, 1.509903313490212900E-014, -1.000000000000000000 ) ) ;
#3212 = CARTESIAN_POINT ( 'NONE',  ( -0.5000000000000000000, 0.3983898996960658600, 0.4504065753789245900 ) ) ;
#3213 = DIRECTION ( 'NONE',  ( 1.000000000000000000, -0.0000000000000000000, -0.0000000000000000000 ) ) ;
#3214 = FACE_BOUND ( 'NONE', #4563, .T. ) ;
#3215 = ADVANCED_FACE ( 'NONE', ( #4239 ), #34, .F. ) ;
#3216 = EDGE_CURVE ( 'NONE', #3811, #110, #2471, .T. ) ;
#3217 = FACE_OUTER_BOUND ( 'NONE', #1728, .T. ) ;
#3218 = CARTESIAN_POINT ( 'NONE',  ( -0.3500000000000000300, 0.4498906914377232000, -0.3988116865945969800 ) ) ;
#3219 = VERTEX_POINT ( 'NONE', #771 ) ;
#3220 = AXIS2_PLACEMENT_3D ( 'NONE', #3505, #4240, #2138 ) ;
#3221 = CARTESIAN_POINT ( 'NONE',  ( 0.6828427124746188100, -1.413202231142562000, 3.742039477864135000 ) ) ;
#3222 = ADVANCED_FACE ( 'NONE', ( #143 ), #2059, .T. ) ;
#3224 = ORIENTED_EDGE ( 'NONE', *, *, #1257, .T. ) ;
#3223 = CARTESIAN_POINT ( 'NONE',  ( 0.6828427124746195800, 0.0000000000000000000, 0.0000000000000000000 ) ) ;
#3225 = DIRECTION ( 'NONE',  ( 0.0000000000000000000, 0.1445988709998183300, 0.9894903569543150900 ) ) ;
#3226 = CARTESIAN_POINT ( 'NONE',  ( -0.3500000000000000300, -0.4333266056128595200, 0.4361906543527140900 ) ) ;
#3227 = DIRECTION ( 'NONE',  ( -0.0000000000000000000, -0.9836988739639051000, -0.1798235951207325400 ) ) ;
#3228 = CARTESIAN_POINT ( 'NONE',  ( 0.6828427124746188100, -0.6471507060779135800, 3.947302365365852800 ) ) ;
#3229 = CARTESIAN_POINT ( 'NONE',  ( 0.5414213562373099100, 1.420265278831073700, -3.676635533357971700 ) ) ;
#3230 = AXIS2_PLACEMENT_3D ( 'NONE', #3378, #1573, #3442 ) ;
#3231 = CARTESIAN_POINT ( 'NONE',  ( -0.3500000000000000300, -2.739855535851734000, 0.01426722581132477800 ) ) ;
#3232 = ORIENTED_EDGE ( 'NONE', *, *, #3295, .F. ) ;
#3233 = CARTESIAN_POINT ( 'NONE',  ( 0.2898795043561841500, 2.957661126708238000, 2.207578482094894500 ) ) ;
#3234 = ORIENTED_EDGE ( 'NONE', *, *, #3250, .T. ) ;
#3235 = DIRECTION ( 'NONE',  ( -1.000000000000000000, 0.0000000000000000000, 0.0000000000000000000 ) ) ;
#3236 = EDGE_CURVE ( 'NONE', #3025, #3044, #1976, .T. ) ;
#3237 = EDGE_LOOP ( 'NONE', ( #1321, #3080, #349, #1829 ) ) ;
#3238 = VERTEX_POINT ( 'NONE', #100 ) ;
#3239 = VERTEX_POINT ( 'NONE', #1605 ) ;
#3240 = CARTESIAN_POINT ( 'NONE',  ( 0.6828427124746188100, -3.094888771786298100, 2.534100134223409300 ) ) ;
#3241 = CARTESIAN_POINT ( 'NONE',  ( 0.1660638834215157300, -0.3442512798217145500, -3.549408778512900500 ) ) ;
#3242 = EDGE_CURVE ( 'NONE', #510, #1919, #258, .T. ) ;
#3243 = LINE ( 'NONE', #1008, #2278 ) ;
#3244 = LINE ( 'NONE', #1264, #4166 ) ;
#3245 = DIRECTION ( 'NONE',  ( 0.9998476951563911600, 0.01745240643728354600, 0.0000000000000000000 ) ) ;
#3246 = CARTESIAN_POINT ( 'NONE',  ( 4.000000000000000000, 0.0000000000000000000, 0.0000000000000000000 ) ) ;
#3247 = AXIS2_PLACEMENT_3D ( 'NONE', #3111, #1632, #1532 ) ;
#3248 = ORIENTED_EDGE ( 'NONE', *, *, #2687, .T. ) ;
#3249 = CARTESIAN_POINT ( 'NONE',  ( -0.3500000000000000300, -1.528480301339826900, -1.531786542273332300 ) ) ;
#3250 = EDGE_CURVE ( 'NONE', #3674, #1604, #4294, .T. ) ;
#3251 = LINE ( 'NONE', #3040, #2868 ) ;
#3252 = CYLINDRICAL_SURFACE ( 'NONE', #4671, 1.989919402821355400 ) ;
#3253 = ORIENTED_EDGE ( 'NONE', *, *, #1591, .F. ) ;
#3254 = CARTESIAN_POINT ( 'NONE',  ( 3.800000000000004700, 0.0000000000000000000, 0.0000000000000000000 ) ) ;
#3255 = CARTESIAN_POINT ( 'NONE',  ( 3.800000000000008300, 2.485446697004064300, 3.134095518064437000 ) ) ;
#3256 = CARTESIAN_POINT ( 'NONE',  ( 0.5414213562373099100, 0.6083319550974780600, 3.894192411760214700 ) ) ;
#3257 = ORIENTED_EDGE ( 'NONE', *, *, #4224, .T. ) ;
#3258 = VECTOR ( 'NONE', #2887, 1000.000000000000000 ) ;
#3259 = LINE ( 'NONE', #552, #1287 ) ;
#3260 = CARTESIAN_POINT ( 'NONE',  ( 3.800000000000015400, -3.134095518064682100, -2.485446697003754800 ) ) ;
#3261 = CARTESIAN_POINT ( 'NONE',  ( 0.6828427124746188100, 0.6471507060777201800, 3.947302365365885600 ) ) ;
#3262 = VECTOR ( 'NONE', #1511, 1000.000000000000200 ) ;
#3263 = B_SPLINE_SURFACE_WITH_KNOTS ( 'NONE', 3, 1, ( 
 ( #1137, #1468 ),
 ( #2201, #3716 ),
 ( #1501, #2643 ),
 ( #408, #42 ) ),
 .UNSPECIFIED., .F., .F., .F.,
 ( 4, 4 ),
 ( 2, 2 ),
 ( 5.000000000000000000, 6.000000000000000000 ),
 ( 0.0000000000000000000, 1.000000000000000000 ),
 .UNSPECIFIED. ) ;
#3264 = CARTESIAN_POINT ( 'NONE',  ( 4.000000000000000000, -1.508903877461454900, -3.487579259111084800 ) ) ;
#3265 = B_SPLINE_CURVE_WITH_KNOTS ( 'NONE', 3,
 ( #3075, #1593, #825, #118 ),
 .UNSPECIFIED., .F., .F.,
 ( 4, 4 ),
 ( 9.857291678285020800E-006, 0.0005838848012779159900 ),
 .UNSPECIFIED. ) ;
#3266 = CARTESIAN_POINT ( 'NONE',  ( -0.3500000000000000300, 0.4358797207719509700, -0.4337632301709910000 ) ) ;
#3267 = ORIENTED_EDGE ( 'NONE', *, *, #1073, .T. ) ;
#3268 = CARTESIAN_POINT ( 'NONE',  ( 3.999999999999999100, 1.538105417643428100, -3.287753062547901500 ) ) ;
#3269 = EDGE_CURVE ( 'NONE', #2271, #2220, #3888, .T. ) ;
#3270 = ORIENTED_EDGE ( 'NONE', *, *, #841, .F. ) ;
#3271 = ORIENTED_EDGE ( 'NONE', *, *, #2793, .F. ) ;
#3272 = ORIENTED_EDGE ( 'NONE', *, *, #1210, .F. ) ;
#3273 = PLANE ( 'NONE',  #3590 ) ;
#3274 = AXIS2_PLACEMENT_3D ( 'NONE', #3218, #1401, #674 ) ;
#3275 = EDGE_LOOP ( 'NONE', ( #3338, #3462, #3797, #2495 ) ) ;
#3276 = EDGE_CURVE ( 'NONE', #3315, #2835, #2817, .T. ) ;
#3277 = CARTESIAN_POINT ( 'NONE',  ( 3.800000000000015400, -3.134095518064682100, -2.485446697003754800 ) ) ;
#3278 = PLANE ( 'NONE',  #392 ) ;
#3279 = ORIENTED_EDGE ( 'NONE', *, *, #147, .T. ) ;
#3280 = AXIS2_PLACEMENT_3D ( 'NONE', #1895, #1528, #1503 ) ;
#3281 = DIRECTION ( 'NONE',  ( 0.0000000000000000000, -0.7071070870064358700, -0.7071064753665270400 ) ) ;
#3282 = CARTESIAN_POINT ( 'NONE',  ( -0.3500000000000000300, -0.0006348297072971131900, 0.04897280067591314200 ) ) ;
#3283 = ADVANCED_FACE ( 'NONE', ( #1289 ), #144, .T. ) ;
#3284 = CARTESIAN_POINT ( 'NONE',  ( 4.000000000000000000, -0.7380570107102090200, -1.855980154052244900 ) ) ;
#3285 = EDGE_LOOP ( 'NONE', ( #4739, #1213, #991, #3879 ) ) ;
#3286 = CARTESIAN_POINT ( 'NONE',  ( 3.933718438465839500, -0.4866948251589665600, -3.835759580973644700 ) ) ;
#3287 = ORIENTED_EDGE ( 'NONE', *, *, #616, .T. ) ;
#3288 = ORIENTED_EDGE ( 'NONE', *, *, #3197, .F. ) ;
#3289 = ORIENTED_EDGE ( 'NONE', *, *, #1828, .T. ) ;
#3290 = CARTESIAN_POINT ( 'NONE',  ( -0.5000000000000000000, -2.734288342827098100, -1.516455480136687900 ) ) ;
#3291 = DIRECTION ( 'NONE',  ( -0.0000000000000000000, 0.9837644525300665000, 0.1794644865654998500 ) ) ;
#3292 = ORIENTED_EDGE ( 'NONE', *, *, #3856, .F. ) ;
#3293 = CONICAL_SURFACE ( 'NONE', #243, 3.800000000000004700, 0.7853981633974482800 ) ;
#3294 = ORIENTED_EDGE ( 'NONE', *, *, #498, .T. ) ;
#3295 = EDGE_CURVE ( 'NONE', #4497, #2610, #2414, .T. ) ;
#3296 = PLANE ( 'NONE',  #1350 ) ;
#3297 = DIRECTION ( 'NONE',  ( 1.000000000000000000, 0.0000000000000000000, 0.0000000000000000000 ) ) ;
#3298 = CARTESIAN_POINT ( 'NONE',  ( 0.5414213562373106900, -2.473927132928381000, 3.068303578260194600 ) ) ;
#3299 = LINE ( 'NONE', #200, #2862 ) ;
#3300 = CARTESIAN_POINT ( 'NONE',  ( 4.000000000000000000, -2.265880297371404100, 3.050538719305839800 ) ) ;
#3301 = EDGE_CURVE ( 'NONE', #3553, #2392, #3779, .T. ) ;
#3302 = CARTESIAN_POINT ( 'NONE',  ( -0.5000000000000000000, -2.740017273875385900, -0.01300691249285458200 ) ) ;
#3303 = VECTOR ( 'NONE', #467, 1000.000000000000000 ) ;
#3304 = LINE ( 'NONE', #4280, #1034 ) ;
#3305 = ORIENTED_EDGE ( 'NONE', *, *, #4665, .T. ) ;
#3306 = DIRECTION ( 'NONE',  ( -1.000000000000000000, 0.0000000000000000000, 0.0000000000000000000 ) ) ;
#3307 = ORIENTED_EDGE ( 'NONE', *, *, #1769, .T. ) ;
#3308 = CARTESIAN_POINT ( 'NONE',  ( -0.3500000000000000300, -0.0006348297072971131900, 2.637727041838946000 ) ) ;
#3309 = LINE ( 'NONE', #3690, #2352 ) ;
#3310 = VECTOR ( 'NONE', #3998, 1000.000000000000100 ) ;
#3311 = CARTESIAN_POINT ( 'NONE',  ( 0.5414213562373105800, -3.894192411760255500, -0.6083319550972150500 ) ) ;
#3312 = ADVANCED_FACE ( 'NONE', ( #3153 ), #1743, .F. ) ;
#3313 = AXIS2_PLACEMENT_3D ( 'NONE', #3419, #1613, #3816 ) ;
#3314 = CARTESIAN_POINT ( 'NONE',  ( -0.3500000000000000300, 0.01196371108239513400, -2.741995560509439900 ) ) ;
#3315 = VERTEX_POINT ( 'NONE', #3082 ) ;
#3316 = CARTESIAN_POINT ( 'NONE',  ( -0.5000000000000000000, 2.637210185717893100, 0.0002556054465696622700 ) ) ;
#3317 = VECTOR ( 'NONE', #2973, 1000.000000000000100 ) ;
#3318 = CARTESIAN_POINT ( 'NONE',  ( -0.5000000000000000000, 0.0000000000000000000, 0.0000000000000000000 ) ) ;
#3319 = DIRECTION ( 'NONE',  ( 0.0000000000000000000, -1.224646799147353200E-016, 1.000000000000000000 ) ) ;
#3320 = LINE ( 'NONE', #4033, #717 ) ;
#3321 = CARTESIAN_POINT ( 'NONE',  ( -0.3500000000000000300, -0.0006348297072971131900, 0.04897280067591314200 ) ) ;
#3322 = AXIS2_PLACEMENT_3D ( 'NONE', #2516, #2112, #3605 ) ;
#3323 = CYLINDRICAL_SURFACE ( 'NONE', #2753, 4.000000000000000000 ) ;
#3324 = CARTESIAN_POINT ( 'NONE',  ( 4.000000000000000000, 2.078224964714204600, -2.975914896652015700 ) ) ;
#3325 =( BOUNDED_CURVE ( )  B_SPLINE_CURVE ( 3, ( #3240, #2123, #1731, #4327 ),
 .UNSPECIFIED., .F., .F. ) 
 B_SPLINE_CURVE_WITH_KNOTS ( ( 4, 4 ),
 ( 2.077000745848137400, 2.092622056020727600 ),
 .UNSPECIFIED. ) 
 CURVE ( )  GEOMETRIC_REPRESENTATION_ITEM ( )  RATIONAL_B_SPLINE_CURVE ( ( 1.000000000000000000, 0.9999796646590899400, 0.9999796646590899400, 1.000000000000000000 ) ) 
 REPRESENTATION_ITEM ( '' )  );
#3326 = CARTESIAN_POINT ( 'NONE',  ( -0.5000000000000000000, 0.7641227918010564700, 0.3745088796485753800 ) ) ;
#3327 = ORIENTED_EDGE ( 'NONE', *, *, #168, .F. ) ;
#3328 = EDGE_CURVE ( 'NONE', #3553, #1721, #4591, .T. ) ;
#3329 = VERTEX_POINT ( 'NONE', #3464 ) ;
#3330 = PLANE ( 'NONE',  #449 ) ;
#3331 = DIRECTION ( 'NONE',  ( 1.000000000000000000, -0.0000000000000000000, -0.0000000000000000000 ) ) ;
#3332 = CARTESIAN_POINT ( 'NONE',  ( 1.726467076573295000, -2.517984564546806000, -3.108084227355775400 ) ) ;
#3333 = CARTESIAN_POINT ( 'NONE',  ( 1.726467076569336000, 3.734680712912401600, -1.432687615718730500 ) ) ;
#3334 = CARTESIAN_POINT ( 'NONE',  ( 3.933718438465840400, -3.565212652512117100, -1.496389708008959400 ) ) ;
#3335 = CARTESIAN_POINT ( 'NONE',  ( 0.5770793052462337400, -2.511416229626887400, 3.083881472367753700 ) ) ;
#3336 = EDGE_CURVE ( 'NONE', #562, #2275, #2298, .T. ) ;
#3337 = ORIENTED_EDGE ( 'NONE', *, *, #3827, .T. ) ;
#3338 = ORIENTED_EDGE ( 'NONE', *, *, #3250, .F. ) ;
#3339 = ADVANCED_FACE ( 'NONE', ( #2576 ), #503, .T. ) ;
#3340 = CARTESIAN_POINT ( 'NONE',  ( 0.6828427124746195800, 3.947302365365815500, -0.6471507060781417400 ) ) ;
#3341 = EDGE_CURVE ( 'NONE', #1938, #101, #896, .T. ) ;
#3342 = CARTESIAN_POINT ( 'NONE',  ( -0.3500000000000000300, -1.584765133570547900, -1.601955306955402400 ) ) ;
#3343 = DIRECTION ( 'NONE',  ( 0.0000000000000000000, -0.7050133148442601100, -0.7091940678631684100 ) ) ;
#3344 = CARTESIAN_POINT ( 'NONE',  ( 0.5414213562373099100, 1.420265278831073700, -3.676635533357971700 ) ) ;
#3345 = AXIS2_PLACEMENT_3D ( 'NONE', #314, #2531, #332 ) ;
#3346 = DIRECTION ( 'NONE',  ( 0.0000000000000000000, 0.0000000000000000000, -1.000000000000000000 ) ) ;
#3347 = ORIENTED_EDGE ( 'NONE', *, *, #1574, .T. ) ;
#3348 = EDGE_LOOP ( 'NONE', ( #691, #3366, #2189, #264 ) ) ;
#3349 = PLANE ( 'NONE',  #4278 ) ;
#3350 = CARTESIAN_POINT ( 'NONE',  ( -0.3500000000000000300, -2.739855535851734000, 0.01426722581132477800 ) ) ;
#3351 = ORIENTED_EDGE ( 'NONE', *, *, #945, .T. ) ;
#3352 = ORIENTED_EDGE ( 'NONE', *, *, #431, .T. ) ;
#3353 = EDGE_LOOP ( 'NONE', ( #1308, #152, #4755, #3612 ) ) ;
#3354 = DIRECTION ( 'NONE',  ( 0.0000000000000000000, 0.0000000000000000000, 1.000000000000000000 ) ) ;
#3355 = CARTESIAN_POINT ( 'NONE',  ( 0.1660638834218191300, 0.3442512798210885500, 3.549408778513265500 ) ) ;
#3356 = LINE ( 'NONE', #526, #2395 ) ;
#3357 = CARTESIAN_POINT ( 'NONE',  ( -0.4939148480512971000, -3.238817040171934700, -1.465981943810611200 ) ) ;
#3358 = ADVANCED_FACE ( 'NONE', ( #2411 ), #4601, .T. ) ;
#3359 = CARTESIAN_POINT ( 'NONE',  ( 0.6828427124689098200, 3.742039477892668200, -1.413202231138037700 ) ) ;
#3360 = PLANE ( 'NONE',  #3954 ) ;
#3361 = EDGE_CURVE ( 'NONE', #1324, #4526, #1703, .T. ) ;
#3362 = LINE ( 'NONE', #1414, #4638 ) ;
#3363 = DIRECTION ( 'NONE',  ( -1.000000000000000000, -0.0000000000000000000, -0.0000000000000000000 ) ) ;
#3364 = CARTESIAN_POINT ( 'NONE',  ( 0.6828427124689098200, 3.742039477892668200, -1.413202231138037700 ) ) ;
#3365 = CARTESIAN_POINT ( 'NONE',  ( -0.3500000000000000300, 0.01382859365527111500, 2.737314129590612900 ) ) ;
#3366 = ORIENTED_EDGE ( 'NONE', *, *, #3963, .F. ) ;
#3367 = FACE_OUTER_BOUND ( 'NONE', #3275, .T. ) ;
#3368 = FACE_OUTER_BOUND ( 'NONE', #1044, .T. ) ;
#3369 = EDGE_LOOP ( 'NONE', ( #1072, #4547, #4702, #4323 ) ) ;
#3370 = AXIS2_PLACEMENT_3D ( 'NONE', #3246, #2157, #1018 ) ;
#3371 = CARTESIAN_POINT ( 'NONE',  ( 0.6287100716745643900, -3.947127573572336300, -0.6482168504477121600 ) ) ;
#3372 = ORIENTED_EDGE ( 'NONE', *, *, #4165, .T. ) ;
#3373 = PLANE ( 'NONE',  #2960 ) ;
#3374 = EDGE_CURVE ( 'NONE', #445, #4515, #1199, .T. ) ;
#3375 = DIRECTION ( 'NONE',  ( -0.0000000000000000000, 1.000000000000000000, -0.0000000000000000000 ) ) ;
#3376 = FACE_OUTER_BOUND ( 'NONE', #3864, .T. ) ;
#3377 = VECTOR ( 'NONE', #1121, 999.9999999999998900 ) ;
#3378 = CARTESIAN_POINT ( 'NONE',  ( 4.000000000000000000, 0.0000000000000000000, 0.0000000000000000000 ) ) ;
#3379 = AXIS2_PLACEMENT_3D ( 'NONE', #2181, #1801, #321 ) ;
#3380 = LINE ( 'NONE', #3704, #1124 ) ;
#3381 = CONICAL_SURFACE ( 'NONE', #2325, 3.399999999999998100, 0.2792526803190927800 ) ;
#3382 = DIRECTION ( 'NONE',  ( 0.0000000000000000000, -0.9838700091223168100, -0.1788848935758755000 ) ) ;
#3383 = B_SPLINE_CURVE_WITH_KNOTS ( 'NONE', 3,
 ( #3344, #336, #2587, #4369 ),
 .UNSPECIFIED., .F., .F.,
 ( 4, 4 ),
 ( 3.030529287557631700E-007, 0.0005743305625288292500 ),
 .UNSPECIFIED. ) ;
#3384 = PLANE ( 'NONE',  #1898 ) ;
#3385 = VERTEX_POINT ( 'NONE', #4614 ) ;
#3386 = ADVANCED_FACE ( 'NONE', ( #3376 ), #1645, .T. ) ;
#3387 = B_SPLINE_CURVE_WITH_KNOTS ( 'NONE', 3,
 ( #4752, #2995, #3639, #355 ),
 .UNSPECIFIED., .F., .F.,
 ( 4, 4 ),
 ( 3.030532451151331900E-007, 0.0005743305691901836600 ),
 .UNSPECIFIED. ) ;
#3388 = CARTESIAN_POINT ( 'NONE',  ( 1.726467076569306900, -3.734680712912227900, 1.432687615719185500 ) ) ;
#3389 = AXIS2_PLACEMENT_3D ( 'NONE', #4558, #2317, #3406 ) ;
#3390 = ORIENTED_EDGE ( 'NONE', *, *, #4521, .T. ) ;
#3391 = CARTESIAN_POINT ( 'NONE',  ( -0.3500000000000000300, -1.574124474119790000, 2.849705030973278300 ) ) ;
#3392 = EDGE_LOOP ( 'NONE', ( #46, #2485, #919, #1662, #2432, #3881 ) ) ;
#3393 = CARTESIAN_POINT ( 'NONE',  ( -0.3500000000000000300, 2.849155096921835600, 0.0002556054465696622700 ) ) ;
#3394 = EDGE_CURVE ( 'NONE', #2860, #2600, #428, .T. ) ;
#3395 = CARTESIAN_POINT ( 'NONE',  ( -0.3500000000000000300, -0.4344076966130563400, -0.4383779146962937200 ) ) ;
#3396 = CARTESIAN_POINT ( 'NONE',  ( -0.5000000000000000000, -0.01422933622158328900, -2.741961510399197900 ) ) ;
#3397 = ORIENTED_EDGE ( 'NONE', *, *, #3624, .F. ) ;
#3398 = CARTESIAN_POINT ( 'NONE',  ( 0.1660638834219181900, -2.072834742867097500, 2.901752530697490500 ) ) ;
#3399 = DIRECTION ( 'NONE',  ( -0.9998119760941959200, 0.01745178295873357800, 0.008452675918341258700 ) ) ;
#3400 = EDGE_CURVE ( 'NONE', #908, #4367, #1249, .T. ) ;
#3401 = CARTESIAN_POINT ( 'NONE',  ( -0.3500000000000000300, -0.3733047737830299000, 0.7656339834756988900 ) ) ;
#3402 = CARTESIAN_POINT ( 'NONE',  ( 4.000000000000000000, 3.616330382358305500, -0.3118381658958449000 ) ) ;
#3403 = AXIS2_PLACEMENT_3D ( 'NONE', #1272, #4248, #1320 ) ;
#3404 = DIRECTION ( 'NONE',  ( -1.000000000000000000, -0.0000000000000000000, -0.0000000000000000000 ) ) ;
#3405 = EDGE_CURVE ( 'NONE', #1403, #2597, #1049, .T. ) ;
#3406 = DIRECTION ( 'NONE',  ( 0.0000000000000000000, 0.0000000000000000000, 1.000000000000000000 ) ) ;
#3407 = EDGE_LOOP ( 'NONE', ( #3429, #3026, #65, #724 ) ) ;
#3408 = ADVANCED_FACE ( 'NONE', ( #4468 ), #1394, .T. ) ;
#3409 = ORIENTED_EDGE ( 'NONE', *, *, #2668, .T. ) ;
#3410 = ORIENTED_EDGE ( 'NONE', *, *, #2041, .F. ) ;
#3411 = CARTESIAN_POINT ( 'NONE',  ( 0.5768099451881127900, -3.716586900893991800, 1.415051268926235300 ) ) ;
#3413 = ORIENTED_EDGE ( 'NONE', *, *, #3894, .T. ) ;
#3412 = DIRECTION ( 'NONE',  ( -1.000000000000000000, -0.0000000000000000000, -0.0000000000000000000 ) ) ;
#3414 = ORIENTED_EDGE ( 'NONE', *, *, #4189, .F. ) ;
#3415 = UNCERTAINTY_MEASURE_WITH_UNIT (LENGTH_MEASURE( 1.000000000000000100E-005 ), #3839, 'distance_accuracy_value', 'NONE');
#3416 = LINE ( 'NONE', #4276, #1098 ) ;
#3417 = ORIENTED_EDGE ( 'NONE', *, *, #1828, .F. ) ;
#3418 = AXIS2_PLACEMENT_3D ( 'NONE', #3752, #1914, #2628 ) ;
#3419 = CARTESIAN_POINT ( 'NONE',  ( -0.5000000000000000000, 4.102746436074717500, 0.7962889350204304100 ) ) ;
#3420 = CARTESIAN_POINT ( 'NONE',  ( 4.500000000000000900, 2.436948427226385200E-016, -1.989919402821355400 ) ) ;
#3421 = VECTOR ( 'NONE', #1290, 1000.000000000000000 ) ;
#3422 = CARTESIAN_POINT ( 'NONE',  ( -0.3500000000000000300, -2.849667141383537100, 0.0002556054465696622700 ) ) ;
#3423 = EDGE_CURVE ( 'NONE', #2291, #960, #592, .T. ) ;
#3424 = DIRECTION ( 'NONE',  ( -0.0000000000000000000, 0.7050439625149885800, 0.7091635995460874300 ) ) ;
#3425 = FACE_BOUND ( 'NONE', #4683, .T. ) ;
#3426 = VECTOR ( 'NONE', #4371, 1000.000000000000000 ) ;
#3427 = CARTESIAN_POINT ( 'NONE',  ( 4.000000000000000000, 0.2888139563100141600, -1.976354467684115800 ) ) ;
#3428 = VERTEX_POINT ( 'NONE', #3841 ) ;
#3429 = ORIENTED_EDGE ( 'NONE', *, *, #3517, .F. ) ;
#3430 = EDGE_CURVE ( 'NONE', #1358, #1746, #2063, .T. ) ;
#3431 = VECTOR ( 'NONE', #532, 1000.000000000000100 ) ;
#3432 = VECTOR ( 'NONE', #3843, 1000.000000000000000 ) ;
#3433 = CARTESIAN_POINT ( 'NONE',  ( 0.6828427124746195800, 0.0000000000000000000, 0.0000000000000000000 ) ) ;
#3434 = CARTESIAN_POINT ( 'NONE',  ( -0.5000000000000000000, 1.515744267301090400, -2.735389839122410300 ) ) ;
#3435 = ORIENTED_EDGE ( 'NONE', *, *, #2421, .F. ) ;
#3436 = ADVANCED_FACE ( 'NONE', ( #3715 ), #2763, .F. ) ;
#3437 = CYLINDRICAL_SURFACE ( 'NONE', #4355, 4.000000000000000000 ) ;
#3438 = AXIS2_PLACEMENT_3D ( 'NONE', #2013, #4571, #146 ) ;
#3439 = DIRECTION ( 'NONE',  ( -0.0000000000000000000, -0.8232532873721725200, 0.5676742242086660900 ) ) ;
#3440 = EDGE_CURVE ( 'NONE', #3788, #3385, #545, .T. ) ;
#3441 = VECTOR ( 'NONE', #2469, 1000.000000000000100 ) ;
#3442 = DIRECTION ( 'NONE',  ( 0.0000000000000000000, 0.0000000000000000000, -1.000000000000000000 ) ) ;
#3443 = VERTEX_POINT ( 'NONE', #4256 ) ;
#3444 = LINE ( 'NONE', #2673, #1128 ) ;
#3445 = CARTESIAN_POINT ( 'NONE',  ( 0.6287625125013168700, 2.534935236642165400, 3.094204988520562200 ) ) ;
#3446 = CARTESIAN_POINT ( 'NONE',  ( 0.1660638834218446700, -3.246003810518802700, -1.476574035645719500 ) ) ;
#3447 = VERTEX_POINT ( 'NONE', #2062 ) ;
#3448 = ORIENTED_EDGE ( 'NONE', *, *, #642, .T. ) ;
#3449 = DIRECTION ( 'NONE',  ( 0.0000000000000000000, -0.1548655729669035400, 0.9879355516984054100 ) ) ;
#3450 = EDGE_CURVE ( 'NONE', #4778, #2860, #4705, .T. ) ;
#3451 = DIRECTION ( 'NONE',  ( -0.0000000000000000000, -0.8232532873721725200, 0.5676742242086660900 ) ) ;
#3452 = VERTEX_POINT ( 'NONE', #2440 ) ;
#3453 = CARTESIAN_POINT ( 'NONE',  ( 0.4151494614775295700, 2.341170779730196800, 3.013139154618283300 ) ) ;
#3454 = DIRECTION ( 'NONE',  ( 0.0000000000000000000, 0.0000000000000000000, -1.000000000000000000 ) ) ;
#3455 = ORIENTED_EDGE ( 'NONE', *, *, #300, .F. ) ;
#3456 =( NAMED_UNIT ( * ) PLANE_ANGLE_UNIT ( ) SI_UNIT ( $, .RADIAN. ) );
#3457 = CARTESIAN_POINT ( 'NONE',  ( -0.3500000000000000300, 0.7641227918010564700, 0.3745088796485753800 ) ) ;
#3458 = EDGE_CURVE ( 'NONE', #2384, #79, #1815, .T. ) ;
#3459 = CARTESIAN_POINT ( 'NONE',  ( -0.3500000000000000300, -0.7591940536514058000, 0.3763390730740987500 ) ) ;
#3460 = AXIS2_PLACEMENT_3D ( 'NONE', #2190, #1842, #4019 ) ;
#3461 = CARTESIAN_POINT ( 'NONE',  ( -0.5000000000000000000, 3.238750776536642600, 1.465884282348331300 ) ) ;
#3462 = ORIENTED_EDGE ( 'NONE', *, *, #1667, .F. ) ;
#3463 = EDGE_LOOP ( 'NONE', ( #3289, #4037, #2900, #874 ) ) ;
#3464 = CARTESIAN_POINT ( 'NONE',  ( 3.800000000000008300, 0.5854122203252565300, -3.956929685032809700 ) ) ;
#3465 = CARTESIAN_POINT ( 'NONE',  ( 4.000000000000000000, -2.265880297372009400, -3.050538719305390800 ) ) ;
#3466 = ORIENTED_EDGE ( 'NONE', *, *, #2041, .T. ) ;
#3467 = VERTEX_POINT ( 'NONE', #1665 ) ;
#3468 = ORIENTED_EDGE ( 'NONE', *, *, #2455, .T. ) ;
#3469 = ORIENTED_EDGE ( 'NONE', *, *, #1291, .T. ) ;
#3470 = PRODUCT_CONTEXT ( 'NONE', #2012, 'mechanical' ) ;
#3471 = DIRECTION ( 'NONE',  ( 1.000000000000000000, -0.0000000000000000000, -0.0000000000000000000 ) ) ;
#3472 = ORIENTED_EDGE ( 'NONE', *, *, #1758, .T. ) ;
#3473 = ORIENTED_EDGE ( 'NONE', *, *, #1661, .F. ) ;
#3474 = CARTESIAN_POINT ( 'NONE',  ( -0.5000000000000000000, -2.730874819275297400, 1.515136497604291600 ) ) ;
#3475 =( BOUNDED_CURVE ( )  B_SPLINE_CURVE ( 3, ( #3277, #1407, #2958, #4366 ),
 .UNSPECIFIED., .F., .F. ) 
 B_SPLINE_CURVE_WITH_KNOTS ( ( 4, 4 ),
 ( 4.190563251158705400, 4.206184561331296500 ),
 .UNSPECIFIED. ) 
 CURVE ( )  GEOMETRIC_REPRESENTATION_ITEM ( )  RATIONAL_B_SPLINE_CURVE ( ( 1.000000000000000000, 0.9999796646590899400, 0.9999796646590899400, 1.000000000000000000 ) ) 
 REPRESENTATION_ITEM ( '' )  );
#3476 = CARTESIAN_POINT ( 'NONE',  ( 4.000000000000000000, 0.0000000000000000000, 0.0000000000000000000 ) ) ;
#3477 = LINE ( 'NONE', #3249, #1630 ) ;
#3478 = AXIS2_PLACEMENT_3D ( 'NONE', #2363, #2330, #843 ) ;
#3479 = FACE_OUTER_BOUND ( 'NONE', #1565, .T. ) ;
#3480 = VERTEX_POINT ( 'NONE', #3852 ) ;
#3481 = DIRECTION ( 'NONE',  ( 0.0000000000000000000, 0.0000000000000000000, -1.000000000000000000 ) ) ;
#3482 = DIRECTION ( 'NONE',  ( -0.9998119760941958100, 0.001405659404126514900, 0.01934002534276624300 ) ) ;
#3483 = EDGE_CURVE ( 'NONE', #2610, #2609, #657, .T. ) ;
#3484 = DIRECTION ( 'NONE',  ( 0.0000000000000000000, 0.9894903569543096500, 0.1445988709998561100 ) ) ;
#3485 = VECTOR ( 'NONE', #2521, 1000.000000000000200 ) ;
#3486 = VECTOR ( 'NONE', #2745, 1000.000000000000000 ) ;
#3487 = VERTEX_POINT ( 'NONE', #270 ) ;
#3488 = ORIENTED_EDGE ( 'NONE', *, *, #1184, .T. ) ;
#3489 = VERTEX_POINT ( 'NONE', #4272 ) ;
#3490 = DIRECTION ( 'NONE',  ( -1.000000000000000000, 0.0000000000000000000, 0.0000000000000000000 ) ) ;
#3491 = LINE ( 'NONE', #2496, #3989 ) ;
#3492 = VECTOR ( 'NONE', #4119, 1000.000000000000000 ) ;
#3493 = DIRECTION ( 'NONE',  ( 0.0000000000000000000, 0.0000000000000000000, 1.000000000000000000 ) ) ;
#3494 = EDGE_CURVE ( 'NONE', #1373, #2789, #25, .T. ) ;
#3495 = LINE ( 'NONE', #2439, #3431 ) ;
#3496 = FACE_OUTER_BOUND ( 'NONE', #3597, .T. ) ;
#3497 = CARTESIAN_POINT ( 'NONE',  ( -0.3500000000000000300, -0.3733047737830299000, 0.7656339834756988900 ) ) ;
#3498 = PLANE ( 'NONE',  #2684 ) ;
#3499 = AXIS2_PLACEMENT_3D ( 'NONE', #1883, #3001, #1141 ) ;
#3500 = CARTESIAN_POINT ( 'NONE',  ( 0.0000000000000000000, 4.495324082554032300E-016, 3.399999999999997700 ) ) ;
#3501 = EDGE_CURVE ( 'NONE', #3487, #426, #4481, .T. ) ;
#3502 = EDGE_LOOP ( 'NONE', ( #4326, #2517, #577, #3099 ) ) ;
#3503 = DIRECTION ( 'NONE',  ( 0.0000000000000000000, -0.9835384921085179600, 0.1806987397324693900 ) ) ;
#3504 = DIRECTION ( 'NONE',  ( 0.0000000000000000000, 0.0000000000000000000, 1.000000000000000000 ) ) ;
#3505 = CARTESIAN_POINT ( 'NONE',  ( -0.5000000000000000000, -3.537782590181884700, 0.3498823607468405400 ) ) ;
#3506 = EDGE_LOOP ( 'NONE', ( #1013, #4530, #4726, #3646 ) ) ;
#3507 = ORIENTED_EDGE ( 'NONE', *, *, #1377, .T. ) ;
#3508 = CARTESIAN_POINT ( 'NONE',  ( 3.800000000000008300, -0.5854122203261884500, -3.956929685032672500 ) ) ;
#3509 = CARTESIAN_POINT ( 'NONE',  ( -0.4939148480512965400, 2.888986124914917600, -2.071906863093034600 ) ) ;
#3510 = ORIENTED_EDGE ( 'NONE', *, *, #4386, .T. ) ;
#3511 = AXIS2_PLACEMENT_3D ( 'NONE', #2865, #2476, #2130 ) ;
#3513 = ORIENTED_EDGE ( 'NONE', *, *, #555, .F. ) ;
#3512 = CARTESIAN_POINT ( 'NONE',  ( -0.5000000000000000000, -0.0003022024523184896300, -2.849192986511581700 ) ) ;
#3514 = CARTESIAN_POINT ( 'NONE',  ( 3.800000000000004700, 0.0000000000000000000, 0.0000000000000000000 ) ) ;
#3515 = CARTESIAN_POINT ( 'NONE',  ( -0.5000000000000000000, 0.3764020410070223500, 0.7637271773021223600 ) ) ;
#3516 = FILL_AREA_STYLE ('',( #2438 ) ) ;
#3517 = EDGE_CURVE ( 'NONE', #2955, #1794, #2874, .T. ) ;
#3518 = ADVANCED_FACE ( 'NONE', ( #1766 ), #2519, .T. ) ;
#3519 = DIRECTION ( 'NONE',  ( 0.01745240643728355000, -0.7845048483332550700, -0.6198770494631691300 ) ) ;
#3520 = VERTEX_POINT ( 'NONE', #2877 ) ;
#3521 = ORIENTED_EDGE ( 'NONE', *, *, #3736, .F. ) ;
#3522 = ORIENTED_EDGE ( 'NONE', *, *, #2710, .T. ) ;
#3523 = AXIS2_PLACEMENT_3D ( 'NONE', #3623, #1408, #3992 ) ;
#3524 = EDGE_CURVE ( 'NONE', #1426, #227, #890, .T. ) ;
#3525 = CARTESIAN_POINT ( 'NONE',  ( 4.000000000000000000, 0.0000000000000000000, 0.0000000000000000000 ) ) ;
#3526 = VERTEX_POINT ( 'NONE', #660 ) ;
#3527 = B_SPLINE_CURVE_WITH_KNOTS ( 'NONE', 3,
 ( #2436, #207, #169, #2787 ),
 .UNSPECIFIED., .F., .F.,
 ( 4, 4 ),
 ( 3.103214057020580200E-007, 0.0003088409397670059200 ),
 .UNSPECIFIED. ) ;
#3528 = ORIENTED_EDGE ( 'NONE', *, *, #1441, .T. ) ;
#3529 = FACE_OUTER_BOUND ( 'NONE', #3348, .T. ) ;
#3530 = DIRECTION ( 'NONE',  ( -1.000000000000000000, -0.0000000000000000000, -0.0000000000000000000 ) ) ;
#3531 = CARTESIAN_POINT ( 'NONE',  ( 0.1660638834219855500, -2.901752530697415000, 2.072834742867319500 ) ) ;
#3532 = CARTESIAN_POINT ( 'NONE',  ( 4.000000000000000000, 0.0000000000000000000, 0.0000000000000000000 ) ) ;
#3533 = B_SPLINE_CURVE_WITH_KNOTS ( 'NONE', 3,
 ( #1201, #4456, #1908, #1576 ),
 .UNSPECIFIED., .F., .F.,
 ( 4, 4 ),
 ( 2.994722214258573900E-007, 0.0001603664431302747200 ),
 .UNSPECIFIED. ) ;
#3534 = FACE_OUTER_BOUND ( 'NONE', #4180, .T. ) ;
#3535 = CARTESIAN_POINT ( 'NONE',  ( -0.3500000000000000300, -0.7335889902580797800, -0.3818547316938720700 ) ) ;
#3536 = VECTOR ( 'NONE', #583, 1000.000000000000000 ) ;
#3537 = ORIENTED_EDGE ( 'NONE', *, *, #2700, .F. ) ;
#3538 = CARTESIAN_POINT ( 'NONE',  ( -0.3500000000000000300, -0.01426274800436533100, 2.737314129590612900 ) ) ;
#3539 = AXIS2_PLACEMENT_3D ( 'NONE', #1026, #3615, #1398 ) ;
#3540 = VERTEX_POINT ( 'NONE', #3550 ) ;
#3541 = PLANE ( 'NONE',  #3403 ) ;
#3542 = CARTESIAN_POINT ( 'NONE',  ( -0.3500000000000000300, 1.530087876240711500, -1.524891394949245100 ) ) ;
#3543 = VECTOR ( 'NONE', #3889, 1000.000000000000000 ) ;
#3544 = LINE ( 'NONE', #109, #3990 ) ;
#3545 = DIRECTION ( 'NONE',  ( 1.000000000000000000, 0.0000000000000000000, 0.0000000000000000000 ) ) ;
#3546 = EDGE_CURVE ( 'NONE', #362, #4703, #3491, .T. ) ;
#3547 = ORIENTED_EDGE ( 'NONE', *, *, #3129, .T. ) ;
#3548 = VECTOR ( 'NONE', #2257, 1000.000000000000000 ) ;
#3549 = PLANE ( 'NONE',  #2984 ) ;
#3550 = CARTESIAN_POINT ( 'NONE',  ( -0.5000000000000000000, -0.3733047737830300100, 0.7656339834756987800 ) ) ;
#3551 = FACE_OUTER_BOUND ( 'NONE', #1977, .T. ) ;
#3552 = EDGE_CURVE ( 'NONE', #3180, #1678, #1700, .T. ) ;
#3553 = VERTEX_POINT ( 'NONE', #1330 ) ;
#3554 = LINE ( 'NONE', #3673, #1600 ) ;
#3555 = CARTESIAN_POINT ( 'NONE',  ( -0.3500000000000000300, -1.515268858565764300, 2.729755005116797100 ) ) ;
#3556 = CARTESIAN_POINT ( 'NONE',  ( -0.5000000000000000000, 2.849155096921835600, 0.0002556054465696622700 ) ) ;
#3557 = DIRECTION ( 'NONE',  ( 0.0000000000000000000, -0.8225988509872735900, 0.5686221331907660400 ) ) ;
#3558 = ORIENTED_EDGE ( 'NONE', *, *, #4314, .F. ) ;
#3559 = ORIENTED_EDGE ( 'NONE', *, *, #2759, .F. ) ;
#3560 = B_SPLINE_CURVE_WITH_KNOTS ( 'NONE', 3,
 ( #3730, #1516, #1132, #1907 ),
 .UNSPECIFIED., .F., .F.,
 ( 4, 4 ),
 ( 3.068613754421949700E-007, 0.0003088374797367405200 ),
 .UNSPECIFIED. ) ;
#3561 = EDGE_LOOP ( 'NONE', ( #3172, #3572, #120, #656, #3604, #451 ) ) ;
#3562 = CARTESIAN_POINT ( 'NONE',  ( 0.5414213562373108000, -0.6083319550976703500, 3.894192411760184500 ) ) ;
#3563 = ORIENTED_EDGE ( 'NONE', *, *, #3571, .T. ) ;
#3564 = VERTEX_POINT ( 'NONE', #640 ) ;
#3565 = CARTESIAN_POINT ( 'NONE',  ( 0.5414213562373106900, -3.676635533357617300, 1.420265278831987200 ) ) ;
#3566 = ADVANCED_FACE ( 'NONE', ( #1524 ), #4331, .T. ) ;
#3567 = AXIS2_PLACEMENT_3D ( 'NONE', #4216, #3503, #185 ) ;
#3568 = CARTESIAN_POINT ( 'NONE',  ( -0.5000000000000000000, 1.584738303179798400, 1.599512670785013800 ) ) ;
#3569 = DIRECTION ( 'NONE',  ( -1.000000000000000000, -0.0000000000000000000, -0.0000000000000000000 ) ) ;
#3570 = CARTESIAN_POINT ( 'NONE',  ( -0.4940862277298009900, 2.888982809804531400, 2.071906622146281400 ) ) ;
#3571 = EDGE_CURVE ( 'NONE', #2008, #3849, #2001, .T. ) ;
#3572 = ORIENTED_EDGE ( 'NONE', *, *, #2803, .T. ) ;
#3573 = ORIENTED_EDGE ( 'NONE', *, *, #3158, .T. ) ;
#3574 = ADVANCED_FACE ( 'NONE', ( #543 ), #1943, .T. ) ;
#3575 = EDGE_CURVE ( 'NONE', #222, #404, #2812, .T. ) ;
#3576 = VERTEX_POINT ( 'NONE', #4291 ) ;
#3577 = DIRECTION ( 'NONE',  ( -0.0000000000000000000, -1.000000000000000000, -0.0000000000000000000 ) ) ;
#3578 = FACE_OUTER_BOUND ( 'NONE', #1607, .T. ) ;
#3579 = ORIENTED_EDGE ( 'NONE', *, *, #4432, .T. ) ;
#3580 = ORIENTED_EDGE ( 'NONE', *, *, #387, .F. ) ;
#3581 = ORIENTED_EDGE ( 'NONE', *, *, #462, .F. ) ;
#3582 = DIRECTION ( 'NONE',  ( 0.0000000000000000000, -0.7060705183832675100, -0.7081415275705724700 ) ) ;
#3583 = CARTESIAN_POINT ( 'NONE',  ( 0.1435160840381560200, 3.130906761591715400, 1.675140825583631500 ) ) ;
#3584 = CARTESIAN_POINT ( 'NONE',  ( -0.5000000000000000000, 1.515744267301090400, -2.735389839122410300 ) ) ;
#3585 = VECTOR ( 'NONE', #196, 1000.000000000000000 ) ;
#3586 = EDGE_CURVE ( 'NONE', #7, #3487, #2053, .T. ) ;
#3587 = DIRECTION ( 'NONE',  ( 0.0000000000000000000, -0.3695188828327669600, 0.9292232214220778100 ) ) ;
#3588 = CARTESIAN_POINT ( 'NONE',  ( 0.5414213562373275700, 3.894192411760167600, 0.6083319550979153800 ) ) ;
#3589 = FACE_OUTER_BOUND ( 'NONE', #1956, .T. ) ;
#3590 = AXIS2_PLACEMENT_3D ( 'NONE', #3621, #1792, #1474 ) ;
#3591 = CARTESIAN_POINT ( 'NONE',  ( -0.5000000000000000000, 1.465884282347756300, -3.238750776536778000 ) ) ;
#3592 = ORIENTED_EDGE ( 'NONE', *, *, #3742, .F. ) ;
#3593 = TOROIDAL_SURFACE ( 'NONE', #3389, 3.799999999999999800, 0.2000000000000000100 ) ;
#3594 = CONICAL_SURFACE ( 'NONE', #1140, 3.800000000000004700, 0.7853981633974482800 ) ;
#3595 = ORIENTED_EDGE ( 'NONE', *, *, #291, .T. ) ;
#3596 = VERTEX_POINT ( 'NONE', #3565 ) ;
#3597 = EDGE_LOOP ( 'NONE', ( #2754, #1372, #4620, #4250 ) ) ;
#3598 = VECTOR ( 'NONE', #3482, 1000.000000000000000 ) ;
#3599 = CARTESIAN_POINT ( 'NONE',  ( 3.800000000000004700, 0.0000000000000000000, 0.0000000000000000000 ) ) ;
#3600 = CARTESIAN_POINT ( 'NONE',  ( 0.2898795043564207400, -3.665198912562791700, -0.4329884829873714700 ) ) ;
#3601 = EDGE_CURVE ( 'NONE', #846, #2860, #2756, .T. ) ;
#3602 = VECTOR ( 'NONE', #3644, 999.9999999999998900 ) ;
#3603 = CARTESIAN_POINT ( 'NONE',  ( 0.5414213562373099100, -2.473927132928949800, -3.068303578259737200 ) ) ;
#3604 = ORIENTED_EDGE ( 'NONE', *, *, #4386, .F. ) ;
#3605 = DIRECTION ( 'NONE',  ( 0.0000000000000000000, 0.0000000000000000000, 1.000000000000000000 ) ) ;
#3606 = AXIS2_PLACEMENT_3D ( 'NONE', #3154, #589, #2790 ) ;
#3607 = EDGE_LOOP ( 'NONE', ( #1248, #2721, #1747, #2838 ) ) ;
#3608 = EDGE_CURVE ( 'NONE', #3447, #2663, #4345, .T. ) ;
#3609 = ORIENTED_EDGE ( 'NONE', *, *, #3301, .F. ) ;
#3610 = DIRECTION ( 'NONE',  ( -1.000000000000000000, -0.0000000000000000000, -0.0000000000000000000 ) ) ;
#3611 = B_SPLINE_CURVE_WITH_KNOTS ( 'NONE', 3,
 ( #1469, #1804, #2911, #3255 ),
 .UNSPECIFIED., .F., .F.,
 ( 4, 4 ),
 ( 3.103214056987643300E-007, 0.0003088409397669969200 ),
 .UNSPECIFIED. ) ;
#3612 = ORIENTED_EDGE ( 'NONE', *, *, #2141, .T. ) ;
#3613 = CARTESIAN_POINT ( 'NONE',  ( 0.6828427124746188100, -0.6471507060779135800, 3.947302365365852800 ) ) ;
#3614 = DIRECTION ( 'NONE',  ( 0.0000000000000000000, 0.9837837849363178000, -0.1793584804138707300 ) ) ;
#3615 = DIRECTION ( 'NONE',  ( 1.000000000000000000, 0.0000000000000000000, 0.0000000000000000000 ) ) ;
#3616 = CARTESIAN_POINT ( 'NONE',  ( 0.0000000000000000000, 0.0000000000000000000, 0.0000000000000000000 ) ) ;
#3617 = EDGE_LOOP ( 'NONE', ( #1841, #1283, #2675, #2093 ) ) ;
#3618 = CARTESIAN_POINT ( 'NONE',  ( -0.3500000000000000300, -1.598972542069196300, -1.587739385929191900 ) ) ;
#3619 = ORIENTED_EDGE ( 'NONE', *, *, #4636, .F. ) ;
#3620 = ADVANCED_FACE ( 'NONE', ( #772 ), #2744, .T. ) ;
#3621 = CARTESIAN_POINT ( 'NONE',  ( -0.3500000000000000300, 0.3813478195197339500, -0.7305789357416188100 ) ) ;
#3622 = STYLED_ITEM ( 'NONE', ( #2947 ), #2216 ) ;
#3623 = CARTESIAN_POINT ( 'NONE',  ( 0.6828427124746195800, 0.0000000000000000000, 0.0000000000000000000 ) ) ;
#3624 = EDGE_CURVE ( 'NONE', #1583, #4228, #3047, .T. ) ;
#3625 = ORIENTED_EDGE ( 'NONE', *, *, #265, .F. ) ;
#3626 = CARTESIAN_POINT ( 'NONE',  ( -0.3500000000000000300, -1.524828427016325700, 1.527693419894153400 ) ) ;
#3627 = ORIENTED_EDGE ( 'NONE', *, *, #3056, .F. ) ;
#3628 = ORIENTED_EDGE ( 'NONE', *, *, #1934, .T. ) ;
#3629 = VERTEX_POINT ( 'NONE', #995 ) ;
#3630 = CARTESIAN_POINT ( 'NONE',  ( 0.1491128979610898400, -1.013686263209000200E-022, -3.549112897961087800 ) ) ;
#3631 = EDGE_LOOP ( 'NONE', ( #250, #3203, #3167, #3528 ) ) ;
#3632 = EDGE_CURVE ( 'NONE', #1746, #3540, #993, .T. ) ;
#3633 = DIRECTION ( 'NONE',  ( -0.0000000000000000000, 0.1806263837754532300, 0.9835517828178659300 ) ) ;
#3634 = CARTESIAN_POINT ( 'NONE',  ( -0.4939148480512971000, 3.238817040171356100, 1.465981943811038600 ) ) ;
#3635 = FACE_OUTER_BOUND ( 'NONE', #4270, .T. ) ;
#3636 = CARTESIAN_POINT ( 'NONE',  ( 4.000000000000000000, 2.975914896651910900, 2.078224964714695300 ) ) ;
#3637 = CARTESIAN_POINT ( 'NONE',  ( -0.5000000000000000000, 2.740979664517130000, -3.154938171416737300 ) ) ;
#3638 = EDGE_CURVE ( 'NONE', #3576, #101, #4644, .T. ) ;
#3639 = CARTESIAN_POINT ( 'NONE',  ( 0.2898795043565011700, -2.957661126708556900, 2.207578482094992600 ) ) ;
#3640 = FACE_OUTER_BOUND ( 'NONE', #4735, .T. ) ;
#3641 = VECTOR ( 'NONE', #3643, 1000.000000000000000 ) ;
#3642 = ORIENTED_EDGE ( 'NONE', *, *, #4542, .T. ) ;
#3643 = DIRECTION ( 'NONE',  ( -1.000000000000000000, -0.0000000000000000000, -0.0000000000000000000 ) ) ;
#3644 = DIRECTION ( 'NONE',  ( -0.9998119760941959200, -0.01088734942442474300, 0.01604612355460723400 ) ) ;
#3645 = CARTESIAN_POINT ( 'NONE',  ( -0.3500000000000000300, -1.594988679170833400, 1.584053920734950400 ) ) ;
#3646 = ORIENTED_EDGE ( 'NONE', *, *, #2940, .T. ) ;
#3647 = VECTOR ( 'NONE', #4275, 1000.000000000000100 ) ;
#3648 = VECTOR ( 'NONE', #4094, 1000.000000000000000 ) ;
#3649 = CARTESIAN_POINT ( 'NONE',  ( -0.3500000000000000300, 2.739462666775876800, -0.01379006502842661200 ) ) ;
#3650 = CARTESIAN_POINT ( 'NONE',  ( -0.5000000000000000000, 0.3757812746759285900, -0.7609260964951746200 ) ) ;
#3651 = VERTEX_POINT ( 'NONE', #4686 ) ;
#3652 = CARTESIAN_POINT ( 'NONE',  ( 3.800000000000008300, -3.956929685032832400, -0.5854122203251097600 ) ) ;
#3653 = VECTOR ( 'NONE', #4555, 1000.000000000000000 ) ;
#3654 = PLANE ( 'NONE',  #2902 ) ;
#3655 = EDGE_CURVE ( 'NONE', #2858, #3688, #2701, .T. ) ;
#3656 = DIRECTION ( 'NONE',  ( -1.000000000000000000, 0.0000000000000000000, 0.0000000000000000000 ) ) ;
#3657 = CARTESIAN_POINT ( 'NONE',  ( -0.5000000000000000000, 1.600248128395219200, -1.581210277290207500 ) ) ;
#3658 = LINE ( 'NONE', #559, #497 ) ;
#3659 = VERTEX_POINT ( 'NONE', #2487 ) ;
#3660 = LINE ( 'NONE', #4549, #2713 ) ;
#3661 = CARTESIAN_POINT ( 'NONE',  ( 3.800000000000008300, 3.134095518064178500, 2.485446697004389800 ) ) ;
#3662 = DIRECTION ( 'NONE',  ( 0.0000000000000000000, 0.8660254037844461500, -0.4999999999999870700 ) ) ;
#3663 = EDGE_CURVE ( 'NONE', #2220, #558, #4760, .T. ) ;
#3664 = ORIENTED_EDGE ( 'NONE', *, *, #2076, .T. ) ;
#3665 = VERTEX_POINT ( 'NONE', #1687 ) ;
#3666 = B_SPLINE_CURVE_WITH_KNOTS ( 'NONE', 3,
 ( #3465, #4484, #1912, #2273 ),
 .UNSPECIFIED., .F., .F.,
 ( 4, 4 ),
 ( 3.103214057022291200E-007, 0.0003088409397669856400 ),
 .UNSPECIFIED. ) ;
#3667 = DIRECTION ( 'NONE',  ( -1.000000000000000000, -0.0000000000000000000, -0.0000000000000000000 ) ) ;
#3668 = ADVANCED_FACE ( 'NONE', ( #3833 ), #4257, .T. ) ;
#3669 = ORIENTED_EDGE ( 'NONE', *, *, #1352, .F. ) ;
#3670 = DIRECTION ( 'NONE',  ( -0.9998476951563911600, 0.0000000000000000000, -0.01745240643728354600 ) ) ;
#3671 = CARTESIAN_POINT ( 'NONE',  ( 2.765540635663533000, -3.953881352080626900, -0.6060165718054128000 ) ) ;
#3672 = B_SPLINE_CURVE_WITH_KNOTS ( 'NONE', 3,
 ( #2448, #4730, #2282, #4085 ),
 .UNSPECIFIED., .F., .F.,
 ( 4, 4 ),
 ( 5.831080925301811500E-006, 0.0006943336405676742000 ),
 .UNSPECIFIED. ) ;
#3673 = CARTESIAN_POINT ( 'NONE',  ( -0.3500000000000000300, 0.3813478195197339500, -0.7305789357416188100 ) ) ;
#3674 = VERTEX_POINT ( 'NONE', #2837 ) ;
#3675 = EDGE_CURVE ( 'NONE', #3187, #1624, #3147, .T. ) ;
#3676 = CARTESIAN_POINT ( 'NONE',  ( 4.000000000000000000, 0.0000000000000000000, 0.0000000000000000000 ) ) ;
#3677 = ORIENTED_EDGE ( 'NONE', *, *, #2730, .T. ) ;
#3678 = CARTESIAN_POINT ( 'NONE',  ( -0.5000000000000000000, -2.849667141383537100, 0.0002556054465696622700 ) ) ;
#3679 = AXIS2_PLACEMENT_3D ( 'NONE', #3514, #3163, #914 ) ;
#3680 = CARTESIAN_POINT ( 'NONE',  ( 3.933718438465840400, 3.835759580973695300, -0.4866948251585681000 ) ) ;
#3681 = CARTESIAN_POINT ( 'NONE',  ( 0.1660638834218254900, -0.3442512798212759600, 3.549408778513254000 ) ) ;
#3682 = CARTESIAN_POINT ( 'NONE',  ( 0.1491128979614537400, 4.346408736609300500E-016, 3.549112897961451900 ) ) ;
#3683 = CARTESIAN_POINT ( 'NONE',  ( 0.6828427124746188100, -2.534100134223290700, 3.094888771786395800 ) ) ;
#3684 = EDGE_CURVE ( 'NONE', #383, #749, #2127, .T. ) ;
#3685 = CARTESIAN_POINT ( 'NONE',  ( 4.000000000000000000, 0.0000000000000000000, 0.0000000000000000000 ) ) ;
#3686 = CARTESIAN_POINT ( 'NONE',  ( 3.867028257739602900, -0.5361418639802328900, -3.896461195244063100 ) ) ;
#3687 = ORIENTED_EDGE ( 'NONE', *, *, #4602, .T. ) ;
#3688 = VERTEX_POINT ( 'NONE', #3917 ) ;
#3689 = CARTESIAN_POINT ( 'NONE',  ( 0.1435183544352404700, -1.873894413464601400, 3.016156369887419400 ) ) ;
#3690 = CARTESIAN_POINT ( 'NONE',  ( -0.3500000000000000300, -0.4346545599123110600, -0.4368030970975792500 ) ) ;
#3691 = ORIENTED_EDGE ( 'NONE', *, *, #2366, .T. ) ;
#3692 = ADVANCED_FACE ( 'NONE', ( #4402 ), #649, .T. ) ;
#3693 = ORIENTED_EDGE ( 'NONE', *, *, #4322, .T. ) ;
#3694 = LINE ( 'NONE', #2959, #4273 ) ;
#3695 = ORIENTED_EDGE ( 'NONE', *, *, #4373, .T. ) ;
#3696 = EDGE_CURVE ( 'NONE', #2789, #4143, #1880, .T. ) ;
#3697 = ORIENTED_EDGE ( 'NONE', *, *, #4108, .T. ) ;
#3698 = CARTESIAN_POINT ( 'NONE',  ( 0.5414213562373099100, -0.6083319550982898600, -3.894192411760088100 ) ) ;
#3699 = PLANE ( 'NONE',  #2415 ) ;
#3700 = DIRECTION ( 'NONE',  ( 0.0000000000000000000, 0.9836876070876796600, -0.1798852180200326600 ) ) ;
#3701 = VECTOR ( 'NONE', #1241, 1000.000000000000100 ) ;
#3702 = CARTESIAN_POINT ( 'NONE',  ( 3.800000000000015400, -3.134095518064682100, -2.485446697003754800 ) ) ;
#3703 = CIRCLE ( 'NONE', #3021, 3.941421356237309900 ) ;
#3704 = CARTESIAN_POINT ( 'NONE',  ( -0.3500000000000000300, 2.739334978862470100, 0.01330531019698044700 ) ) ;
#3705 = EDGE_LOOP ( 'NONE', ( #1611, #4039, #3863, #3860 ) ) ;
#3706 = DIRECTION ( 'NONE',  ( -1.000000000000000000, -0.0000000000000000000, -0.0000000000000000000 ) ) ;
#3707 = FACE_OUTER_BOUND ( 'NONE', #61, .T. ) ;
#3708 = VECTOR ( 'NONE', #2622, 1000.000000000000000 ) ;
#3709 = DIRECTION ( 'NONE',  ( 0.0000000000000000000, 1.000000000000000000, 0.0000000000000000000 ) ) ;
#3710 = ORIENTED_EDGE ( 'NONE', *, *, #3374, .F. ) ;
#3711 = DIRECTION ( 'NONE',  ( 0.0000000000000000000, 0.0000000000000000000, 1.000000000000000000 ) ) ;
#3712 = EDGE_LOOP ( 'NONE', ( #3070, #1983, #2114, #3140, #2794, #4541 ) ) ;
#3713 = ORIENTED_EDGE ( 'NONE', *, *, #3276, .T. ) ;
#3714 = DIRECTION ( 'NONE',  ( -0.0000000000000000000, 0.5690646853558800600, -0.8222927604453375000 ) ) ;
#3715 = FACE_OUTER_BOUND ( 'NONE', #521, .T. ) ;
#3716 = CARTESIAN_POINT ( 'NONE',  ( -0.5000000000000000000, 1.515284590812818100, 2.729669879841181600 ) ) ;
#3717 = FACE_OUTER_BOUND ( 'NONE', #1761, .T. ) ;
#3718 = CARTESIAN_POINT ( 'NONE',  ( 0.1547905513578937400, -0.2295008532141839300, 3.549212001770122500 ) ) ;
#3719 = DIRECTION ( 'NONE',  ( 0.0000000000000000000, -0.1794496928200959300, 0.9837671511830293800 ) ) ;
#3720 = ADVANCED_FACE ( 'NONE', ( #1117 ), #247, .T. ) ;
#3721 = FACE_OUTER_BOUND ( 'NONE', #4020, .T. ) ;
#3722 = CARTESIAN_POINT ( 'NONE',  ( -0.5000000000000000000, -2.739855535851734000, 0.01426722581132477800 ) ) ;
#3723 = PRODUCT_RELATED_PRODUCT_CATEGORY ( 'part', '', ( #2903 ) ) ;
#3724 = FACE_OUTER_BOUND ( 'NONE', #910, .T. ) ;
#3725 = DIRECTION ( 'NONE',  ( -0.0000000000000000000, 0.6199714741215497400, 0.7846243504222594200 ) ) ;
#3726 = DIRECTION ( 'NONE',  ( 1.000000000000000000, 0.0000000000000000000, 0.0000000000000000000 ) ) ;
#3727 = CARTESIAN_POINT ( 'NONE',  ( 0.6287625125013293100, 3.947127742896366700, -0.6482158176205199400 ) ) ;
#3728 = ORIENTED_EDGE ( 'NONE', *, *, #4224, .F. ) ;
#3729 = EDGE_CURVE ( 'NONE', #4526, #2741, #4338, .T. ) ;
#3730 = CARTESIAN_POINT ( 'NONE',  ( 3.800000000000015400, -2.485446697004026100, 3.134095518064466300 ) ) ;
#3731 = VERTEX_POINT ( 'NONE', #3568 ) ;
#3732 = CARTESIAN_POINT ( 'NONE',  ( 3.800000000000001200, -2.485446697004599900, -3.134095518064011500 ) ) ;
#3733 = DIRECTION ( 'NONE',  ( 0.0000000000000000000, 0.7846243504222484300, -0.6199714741215637300 ) ) ;
#3734 = DIRECTION ( 'NONE',  ( -0.0000000000000000000, 0.5686221331907659300, 0.8225988509872735900 ) ) ;
#3735 = DIRECTION ( 'NONE',  ( -0.0000000000000000000, 0.9838700091223168100, 0.1788848935758755000 ) ) ;
#3736 = EDGE_CURVE ( 'NONE', #4005, #4778, #2982, .T. ) ;
#3737 = ORIENTED_EDGE ( 'NONE', *, *, #1758, .F. ) ;
#3738 = ORIENTED_EDGE ( 'NONE', *, *, #1838, .T. ) ;
#3739 = ORIENTED_EDGE ( 'NONE', *, *, #4727, .F. ) ;
#3740 = AXIS2_PLACEMENT_3D ( 'NONE', #2322, #2691, #92 ) ;
#3741 = CARTESIAN_POINT ( 'NONE',  ( -0.5000000000000000000, 0.0000000000000000000, 0.0000000000000000000 ) ) ;
#3742 = EDGE_CURVE ( 'NONE', #509, #4461, #4113, .T. ) ;
#3743 = CARTESIAN_POINT ( 'NONE',  ( 0.6287100716745717100, 3.947127573572225300, 0.6482168504483921700 ) ) ;
#3744 = ADVANCED_FACE ( 'NONE', ( #1759 ), #3991, .T. ) ;
#3745 = CARTESIAN_POINT ( 'NONE',  ( 0.1435183544345889400, 3.016156369886719100, -1.873894413464502800 ) ) ;
#3746 = DIRECTION ( 'NONE',  ( 0.0000000000000000000, -0.7076581535678636600, -0.7065549785324011200 ) ) ;
#3747 = VERTEX_POINT ( 'NONE', #3311 ) ;
#3748 = ORIENTED_EDGE ( 'NONE', *, *, #1263, .F. ) ;
#3749 = VERTEX_POINT ( 'NONE', #3960 ) ;
#3750 = DIRECTION ( 'NONE',  ( -0.0000000000000000000, 0.7091939159362379300, -0.7050134676720895000 ) ) ;
#3751 = DIRECTION ( 'NONE',  ( -0.0000000000000000000, -0.1791533693458482200, -0.9838211576562226900 ) ) ;
#3752 = CARTESIAN_POINT ( 'NONE',  ( 0.0000000000000000000, 0.0000000000000000000, 0.0000000000000000000 ) ) ;
#3753 = VERTEX_POINT ( 'NONE', #2942 ) ;
#3754 = ORIENTED_EDGE ( 'NONE', *, *, #3074, .T. ) ;
#3755 = VECTOR ( 'NONE', #4718, 1000.000000000000000 ) ;
#3756 = DIRECTION ( 'NONE',  ( -0.0000000000000000000, -0.7081629508601702300, 0.7060490316040495300 ) ) ;
#3757 = CARTESIAN_POINT ( 'NONE',  ( 0.5414213562373277900, 3.894192411760167200, -0.6083319550979152700 ) ) ;
#3758 = DIRECTION ( 'NONE',  ( -0.0000000000000000000, 0.7846243504222358800, 0.6199714741215794900 ) ) ;
#3759 = CARTESIAN_POINT ( 'NONE',  ( 4.500000000000000900, 0.0000000000000000000, 0.0000000000000000000 ) ) ;
#3760 = EDGE_CURVE ( 'NONE', #1782, #2000, #3037, .T. ) ;
#3761 = VECTOR ( 'NONE', #312, 1000.000000000000000 ) ;
#3762 = CARTESIAN_POINT ( 'NONE',  ( -0.3500000000000000300, -0.01426274800436533100, 2.737314129590612900 ) ) ;
#3763 = DIRECTION ( 'NONE',  ( 0.0000000000000000000, 0.9292232214220784700, 0.3695188828327650200 ) ) ;
#3764 = B_SPLINE_CURVE_WITH_KNOTS ( 'NONE', 3,
 ( #1916, #473, #3391, #3057, #83, #1556, #2729 ),
 .UNSPECIFIED., .F., .F.,
 ( 4, 3, 4 ),
 ( 2.000000000000000000, 3.000000000000000000, 4.000000000000000000 ),
 .UNSPECIFIED. ) ;
#3765 = ORIENTED_EDGE ( 'NONE', *, *, #714, .F. ) ;
#3766 = FACE_BOUND ( 'NONE', #1417, .T. ) ;
#3767 = LINE ( 'NONE', #1778, #4333 ) ;
#3768 = ORIENTED_EDGE ( 'NONE', *, *, #3374, .T. ) ;
#3769 = ADVANCED_FACE ( 'NONE', ( #2467 ), #1278, .T. ) ;
#3770 = VERTEX_POINT ( 'NONE', #1772 ) ;
#3771 = CARTESIAN_POINT ( 'NONE',  ( -0.3500000000000000300, -2.849667141383537100, -1.573566027540784800 ) ) ;
#3772 = EDGE_CURVE ( 'NONE', #1855, #4622, #4697, .T. ) ;
#3773 = DIRECTION ( 'NONE',  ( 0.0000000000000000000, 0.4999999999999827400, 0.8660254037844485900 ) ) ;
#3774 = VECTOR ( 'NONE', #643, 1000.000000000000000 ) ;
#3775 = LINE ( 'NONE', #4309, #195 ) ;
#3776 = DIRECTION ( 'NONE',  ( 0.0000000000000000000, 0.0000000000000000000, 1.000000000000000000 ) ) ;
#3777 = ORIENTED_EDGE ( 'NONE', *, *, #4436, .F. ) ;
#3778 = CARTESIAN_POINT ( 'NONE',  ( 0.6828427124746188100, 2.534100134223327100, 3.094888771786366500 ) ) ;
#3779 = LINE ( 'NONE', #836, #3598 ) ;
#3780 = DIRECTION ( 'NONE',  ( 0.0000000000000000000, -0.7846243504222484300, -0.6199714741215637300 ) ) ;
#3781 = FACE_OUTER_BOUND ( 'NONE', #1298, .T. ) ;
#3782 = CARTESIAN_POINT ( 'NONE',  ( 0.2898795043564549300, -2.207578482094805200, 2.957661126708640300 ) ) ;
#3783 = DIRECTION ( 'NONE',  ( 0.0000000000000000000, 0.0000000000000000000, 1.000000000000000000 ) ) ;
#3784 = VECTOR ( 'NONE', #2480, 999.9999999999998900 ) ;
#3785 = ORIENTED_EDGE ( 'NONE', *, *, #699, .T. ) ;
#3786 = VECTOR ( 'NONE', #2369, 1000.000000000000200 ) ;
#3787 = CARTESIAN_POINT ( 'NONE',  ( 0.1660638834216568400, 2.072834742866870100, 2.901752530697332000 ) ) ;
#3788 = VERTEX_POINT ( 'NONE', #4024 ) ;
#3789 = CARTESIAN_POINT ( 'NONE',  ( -0.3500000000000000300, -1.580687632869015600, 1.598184716485557800 ) ) ;
#3790 = VERTEX_POINT ( 'NONE', #3973 ) ;
#3791 = CARTESIAN_POINT ( 'NONE',  ( 4.000000000000000000, -1.508903877461454900, -3.487579259111084800 ) ) ;
#3792 = ORIENTED_EDGE ( 'NONE', *, *, #3242, .T. ) ;
#3793 = EDGE_CURVE ( 'NONE', #398, #3659, #3475, .T. ) ;
#3794 = DIRECTION ( 'NONE',  ( -1.000000000000000000, 0.0000000000000000000, 0.0000000000000000000 ) ) ;
#3795 = VERTEX_POINT ( 'NONE', #1834 ) ;
#3796 = ORIENTED_EDGE ( 'NONE', *, *, #3023, .T. ) ;
#3797 = ORIENTED_EDGE ( 'NONE', *, *, #3269, .T. ) ;
#3798 = CARTESIAN_POINT ( 'NONE',  ( -0.3500000000000000300, 1.598996786843808400, 1.585296749758803300 ) ) ;
#3799 = EDGE_CURVE ( 'NONE', #4724, #3985, #1389, .T. ) ;
#3800 = CARTESIAN_POINT ( 'NONE',  ( 4.000000000000000000, 0.3118381658953159900, -3.616330382358409900 ) ) ;
#3801 = DIRECTION ( 'NONE',  ( 0.0000000000000000000, 0.0000000000000000000, -1.000000000000000000 ) ) ;
#3802 = CARTESIAN_POINT ( 'NONE',  ( -0.3500000000000000300, -1.574124474119790000, 2.849705030973278300 ) ) ;
#3803 = AXIS2_PLACEMENT_3D ( 'NONE', #3223, #983, #2894 ) ;
#3804 = CARTESIAN_POINT ( 'NONE',  ( 4.000000000000000000, 0.0000000000000000000, 0.0000000000000000000 ) ) ;
#3805 = B_SPLINE_CURVE_WITH_KNOTS ( 'NONE', 3,
 ( #1477, #1460, #4065, #1871 ),
 .UNSPECIFIED., .F., .F.,
 ( 4, 4 ),
 ( 3.030525495848609400E-007, 0.0005743305423751445400 ),
 .UNSPECIFIED. ) ;
#3806 = DIRECTION ( 'NONE',  ( 0.0000000000000000000, 0.0000000000000000000, -1.000000000000000000 ) ) ;
#3807 = ORIENTED_EDGE ( 'NONE', *, *, #4373, .F. ) ;
#3808 = VERTEX_POINT ( 'NONE', #3636 ) ;
#3809 = DIRECTION ( 'NONE',  ( -1.000000000000000000, 0.0000000000000000000, 0.0000000000000000000 ) ) ;
#3810 = PRODUCT_DEFINITION_CONTEXT ( 'detailed design', #209, 'design' ) ;
#3811 = VERTEX_POINT ( 'NONE', #1080 ) ;
#3812 = CARTESIAN_POINT ( 'NONE',  ( -0.5000000000000000000, -0.4507851723396528200, 0.3991185968262808700 ) ) ;
#3813 = VECTOR ( 'NONE', #3193, 1000.000000000000100 ) ;
#3814 = EDGE_LOOP ( 'NONE', ( #2151, #492, #1765, #4653 ) ) ;
#3815 = AXIS2_PLACEMENT_3D ( 'NONE', #4668, #242, #3207 ) ;
#3816 = DIRECTION ( 'NONE',  ( 0.0000000000000000000, -0.7846243504222484300, -0.6199714741215637300 ) ) ;
#3817 = ORIENTED_EDGE ( 'NONE', *, *, #1142, .F. ) ;
#3818 = ADVANCED_FACE ( 'NONE', ( #2289 ), #4381, .F. ) ;
#3819 = LINE ( 'NONE', #970, #3421 ) ;
#3820 = EDGE_CURVE ( 'NONE', #952, #4724, #4624, .T. ) ;
#3821 = SURFACE_STYLE_USAGE ( .BOTH. , #872 ) ;
#3822 = PLANE ( 'NONE',  #3438 ) ;
#3823 = FACE_OUTER_BOUND ( 'NONE', #450, .T. ) ;
#3824 = CARTESIAN_POINT ( 'NONE',  ( 0.6292760809697590700, 1.412202095029161400, 3.742417184884194700 ) ) ;
#3825 = B_SPLINE_CURVE_WITH_KNOTS ( 'NONE', 3,
 ( #4783, #3286, #3686, #2583 ),
 .UNSPECIFIED., .F., .F.,
 ( 4, 4 ),
 ( 3.103214057013915100E-007, 0.0003088409397669782700 ),
 .UNSPECIFIED. ) ;
#3826 = ORIENTED_EDGE ( 'NONE', *, *, #17, .F. ) ;
#3827 = EDGE_CURVE ( 'NONE', #1919, #3190, #1454, .T. ) ;
#3828 = TOROIDAL_SURFACE ( 'NONE', #3478, 3.799999999999999800, 0.2000000000000000100 ) ;
#3829 = VECTOR ( 'NONE', #1418, 1000.000000000000100 ) ;
#3830 = VERTEX_POINT ( 'NONE', #4404 ) ;
#3831 = PLANE ( 'NONE',  #4646 ) ;
#3832 = VERTEX_POINT ( 'NONE', #4334 ) ;
#3833 = FACE_OUTER_BOUND ( 'NONE', #1342, .T. ) ;
#3834 = LINE ( 'NONE', #3061, #3648 ) ;
#3835 = CARTESIAN_POINT ( 'NONE',  ( -0.5000000000000000000, -1.580687632869015600, 1.598184716485557800 ) ) ;
#3836 = EDGE_CURVE ( 'NONE', #205, #2970, #2780, .T. ) ;
#3837 = CARTESIAN_POINT ( 'NONE',  ( -0.5000000000000000000, 0.3983898996960658600, 0.4504065753789246500 ) ) ;
#3838 = CONICAL_SURFACE ( 'NONE', #4676, 3.800000000000004700, 0.7853981633974482800 ) ;
#3839 =( LENGTH_UNIT ( ) NAMED_UNIT ( * ) SI_UNIT ( .MILLI., .METRE. ) );
#3840 = FACE_OUTER_BOUND ( 'NONE', #540, .T. ) ;
#3841 = CARTESIAN_POINT ( 'NONE',  ( -0.5000000000000000000, 0.01196371108239514800, -2.741995560509439900 ) ) ;
#3842 = VERTEX_POINT ( 'NONE', #4749 ) ;
#3843 = DIRECTION ( 'NONE',  ( -0.0000000000000000000, -0.5687384891984870200, -0.8225184076385296800 ) ) ;
#3844 = ORIENTED_EDGE ( 'NONE', *, *, #2141, .F. ) ;
#3845 = DIRECTION ( 'NONE',  ( -1.000000000000000000, 0.0000000000000000000, 0.0000000000000000000 ) ) ;
#3846 = B_SPLINE_CURVE_WITH_KNOTS ( 'NONE', 3,
 ( #2667, #3727, #1906, #3757 ),
 .UNSPECIFIED., .F., .F.,
 ( 4, 4 ),
 ( 1.970706029162247000E-007, 0.0001600763227396476100 ),
 .UNSPECIFIED. ) ;
#3847 = CARTESIAN_POINT ( 'NONE',  ( 3.800000000000004700, 0.0000000000000000000, 0.0000000000000000000 ) ) ;
#3848 = EDGE_CURVE ( 'NONE', #4154, #695, #139, .T. ) ;
#3849 = VERTEX_POINT ( 'NONE', #4717 ) ;
#3850 = CARTESIAN_POINT ( 'NONE',  ( 0.6287625125013220900, -1.412192506254273700, 3.742420806140708900 ) ) ;
#3851 = ORIENTED_EDGE ( 'NONE', *, *, #387, .T. ) ;
#3852 = CARTESIAN_POINT ( 'NONE',  ( -0.5000000000000000000, 0.7655777760227657800, -0.3736647840748928400 ) ) ;
#3853 = CARTESIAN_POINT ( 'NONE',  ( 4.000000000000000000, -1.808165191179496700, 3.131833979600243500 ) ) ;
#3854 = AXIS2_PLACEMENT_3D ( 'NONE', #2880, #644, #1060 ) ;
#3855 = CARTESIAN_POINT ( 'NONE',  ( 0.1435160840386157900, -3.130906761592087100, 1.675140825583909300 ) ) ;
#3856 = EDGE_CURVE ( 'NONE', #4448, #527, #487, .T. ) ;
#3857 = CARTESIAN_POINT ( 'NONE',  ( -0.3551274711633997700, 0.0000000000000000000, 0.0000000000000000000 ) ) ;
#3858 = CARTESIAN_POINT ( 'NONE',  ( -0.5000000000000000000, -2.849667141383537100, 0.0002556054465696622700 ) ) ;
#3859 = DIRECTION ( 'NONE',  ( 0.01745240643728355300, -0.8658935039207290600, 0.4999238475782389900 ) ) ;
#3860 = ORIENTED_EDGE ( 'NONE', *, *, #2803, .F. ) ;
#3861 = ORIENTED_EDGE ( 'NONE', *, *, #1606, .F. ) ;
#3862 = CARTESIAN_POINT ( 'NONE',  ( 2.765540635663491300, 3.953881352080522000, -0.6060165718060994700 ) ) ;
#3863 = ORIENTED_EDGE ( 'NONE', *, *, #132, .T. ) ;
#3864 = EDGE_LOOP ( 'NONE', ( #4556, #1259, #3559, #4287 ) ) ;
#3865 = CARTESIAN_POINT ( 'NONE',  ( 4.000000000000000000, 0.0000000000000000000, 0.0000000000000000000 ) ) ;
#3866 = LINE ( 'NONE', #4787, #1683 ) ;
#3867 = DIRECTION ( 'NONE',  ( 0.0000000000000000000, -0.9292232214220812500, -0.3695188828327581900 ) ) ;
#3868 = PRESENTATION_LAYER_ASSIGNMENT (  '', '', ( #3622 ) ) ;
#3869 = CARTESIAN_POINT ( 'NONE',  ( 0.1660638834219335700, -3.246003810518583300, 1.476574035646416500 ) ) ;
#3870 = VECTOR ( 'NONE', #1693, 1000.000000000000100 ) ;
#3871 = CARTESIAN_POINT ( 'NONE',  ( -0.3500000000000000300, 1.598996786843808400, 1.585296749758803300 ) ) ;
#3872 = B_SPLINE_CURVE_WITH_KNOTS ( 'NONE', 3,
 ( #323, #739, #3290, #3302 ),
 .UNSPECIFIED., .F., .F.,
 ( 4, 4 ),
 ( 5.000000000000000000, 6.000000000000000000 ),
 .UNSPECIFIED. ) ;
#3873 = ORIENTED_EDGE ( 'NONE', *, *, #2087, .T. ) ;
#3874 = CARTESIAN_POINT ( 'NONE',  ( 4.500000000000000900, 0.0000000000000000000, 0.0000000000000000000 ) ) ;
#3875 = EDGE_CURVE ( 'NONE', #1624, #1994, #537, .T. ) ;
#3876 = DIRECTION ( 'NONE',  ( -1.000000000000000000, -0.0000000000000000000, -0.0000000000000000000 ) ) ;
#3877 = VECTOR ( 'NONE', #1145, 1000.000000000000200 ) ;
#3878 = LINE ( 'NONE', #2578, #2919 ) ;
#3879 = ORIENTED_EDGE ( 'NONE', *, *, #2429, .F. ) ;
#3880 =( BOUNDED_CURVE ( )  B_SPLINE_CURVE ( 3, ( #1549, #2011, #3388, #1176 ),
 .UNSPECIFIED., .F., .F. ) 
 B_SPLINE_CURVE_WITH_KNOTS ( ( 4, 4 ),
 ( 4.190563251158739200, 4.206184561331359500 ),
 .UNSPECIFIED. ) 
 CURVE ( )  GEOMETRIC_REPRESENTATION_ITEM ( )  RATIONAL_B_SPLINE_CURVE ( ( 1.000000000000000000, 0.9999796646590898300, 0.9999796646590898300, 1.000000000000000000 ) ) 
 REPRESENTATION_ITEM ( '' )  );
#3881 = ORIENTED_EDGE ( 'NONE', *, *, #4147, .F. ) ;
#3882 = DIRECTION ( 'NONE',  ( 0.0000000000000000000, 0.5686007145592888400, -0.8226136562218415700 ) ) ;
#3883 = LINE ( 'NONE', #2381, #2577 ) ;
#3884 = DIRECTION ( 'NONE',  ( -0.0000000000000000000, -0.5676552214183280300, -0.8232663904208097300 ) ) ;
#3885 = PLANE ( 'NONE',  #2407 ) ;
#3886 = EDGE_CURVE ( 'NONE', #1965, #1659, #489, .T. ) ;
#3887 = VERTEX_POINT ( 'NONE', #54 ) ;
#3888 = LINE ( 'NONE', #1252, #2525 ) ;
#3889 = DIRECTION ( 'NONE',  ( -0.0000000000000000000, -0.1791533693458482200, -0.9838211576562226900 ) ) ;
#3890 = PLANE ( 'NONE',  #2372 ) ;
#3891 = DIRECTION ( 'NONE',  ( -1.000000000000000000, -0.0000000000000000000, -0.0000000000000000000 ) ) ;
#3892 = CIRCLE ( 'NONE', #1874, 3.800000000000004700 ) ;
#3893 = CARTESIAN_POINT ( 'NONE',  ( 3.867028257739604700, -1.483918123383538600, 3.642505311931453000 ) ) ;
#3894 = EDGE_CURVE ( 'NONE', #345, #3790, #3251, .T. ) ;
#3895 = ORIENTED_EDGE ( 'NONE', *, *, #3997, .F. ) ;
#3896 = TOROIDAL_SURFACE ( 'NONE', #3069, 3.799999999999999800, 0.2000000000000000100 ) ;
#3897 = CARTESIAN_POINT ( 'NONE',  ( -0.3500000000000000300, 0.3757812746759285900, -0.7609260964951746200 ) ) ;
#3898 = DIRECTION ( 'NONE',  ( 0.0000000000000000000, 0.0000000000000000000, 1.000000000000000000 ) ) ;
#3899 = CARTESIAN_POINT ( 'NONE',  ( 4.000000000000000000, -1.976354467684342800, 0.2888139563100334800 ) ) ;
#3900 = ORIENTED_EDGE ( 'NONE', *, *, #3836, .T. ) ;
#3901 = EDGE_LOOP ( 'NONE', ( #2351, #1159, #2152, #703, #4332, #298, #4781, #3435, #2182, #3144, #3327, #2047, #1592, #3537, #979, #2148, #1260, #1431, #2811, #1730, #606, #3627, #967, #3903, #1723, #3777, #313, #965 ) ) ;
#3902 = CARTESIAN_POINT ( 'NONE',  ( 0.5414213562373099100, -3.894192411760163200, 0.6083319550978117900 ) ) ;
#3903 = ORIENTED_EDGE ( 'NONE', *, *, #1954, .F. ) ;
#3904 = VERTEX_POINT ( 'NONE', #3342 ) ;
#3905 = CARTESIAN_POINT ( 'NONE',  ( -0.3500000000000000300, -0.4507851723396528200, 0.3991185968262809200 ) ) ;
#3906 = ORIENTED_EDGE ( 'NONE', *, *, #4158, .F. ) ;
#3907 = PLANE ( 'NONE',  #4146 ) ;
#3908 = EDGE_CURVE ( 'NONE', #2310, #3540, #75, .T. ) ;
#3909 = VECTOR ( 'NONE', #2510, 1000.000000000000100 ) ;
#3910 = B_SPLINE_CURVE_WITH_KNOTS ( 'NONE', 3,
 ( #2974, #1904, #2210, #1490 ),
 .UNSPECIFIED., .F., .F.,
 ( 4, 4 ),
 ( 5.000000000000000000, 6.000000000000000000 ),
 .UNSPECIFIED. ) ;
#3911 = CARTESIAN_POINT ( 'NONE',  ( -0.5000000000000000000, -1.584765133570547900, -1.601955306955402400 ) ) ;
#3912 = PLANE ( 'NONE',  #218 ) ;
#3913 = ADVANCED_FACE ( 'NONE', ( #3367 ), #3330, .T. ) ;
#3914 = EDGE_CURVE ( 'NONE', #1820, #509, #3560, .T. ) ;
#3915 = CARTESIAN_POINT ( 'NONE',  ( -0.3500000000000000300, 1.586032207369008700, -1.595467895713894400 ) ) ;
#3916 = DIRECTION ( 'NONE',  ( 0.0000000000000000000, -0.9835225804609072400, 0.1807853249672611600 ) ) ;
#3917 = CARTESIAN_POINT ( 'NONE',  ( 0.1660638834213522300, 3.549408778512787200, 0.3442512798211863100 ) ) ;
#3918 = EDGE_LOOP ( 'NONE', ( #86, #444, #1522, #328 ) ) ;
#3919 = CARTESIAN_POINT ( 'NONE',  ( -0.4939148480512969800, 2.071906863092872500, 2.888986124915480200 ) ) ;
#3920 = ORIENTED_EDGE ( 'NONE', *, *, #3997, .T. ) ;
#3921 = DIRECTION ( 'NONE',  ( 0.0000000000000000000, -0.8232611242582170700, 0.5676628588212342400 ) ) ;
#3922 = EDGE_CURVE ( 'NONE', #1832, #1855, #989, .T. ) ;
#3923 = CARTESIAN_POINT ( 'NONE',  ( 0.6828427124746188100, -3.947302365365831000, 0.6471507060780514700 ) ) ;
#3924 = VERTEX_POINT ( 'NONE', #803 ) ;
#3925 = VERTEX_POINT ( 'NONE', #1848 ) ;
#3926 = CIRCLE ( 'NONE', #3523, 4.000000000000000000 ) ;
#3927 = ORIENTED_EDGE ( 'NONE', *, *, #1960, .F. ) ;
#3928 = CARTESIAN_POINT ( 'NONE',  ( 0.1660638834213522300, 3.549408778512787200, 0.3442512798211863100 ) ) ;
#3929 = VERTEX_POINT ( 'NONE', #735 ) ;
#3930 = FACE_OUTER_BOUND ( 'NONE', #4354, .T. ) ;
#3931 = CARTESIAN_POINT ( 'NONE',  ( -0.3500000000000000300, -0.01422933622158328900, -2.741961510399197900 ) ) ;
#3932 = CARTESIAN_POINT ( 'NONE',  ( 0.6828427124746188100, 1.413202231141837700, -3.742039477864408200 ) ) ;
#3933 = EDGE_CURVE ( 'NONE', #1748, #975, #4124, .T. ) ;
#3934 = VECTOR ( 'NONE', #3010, 1000.000000000000000 ) ;
#3935 = DIRECTION ( 'NONE',  ( -0.0000000000000000000, 0.9835193818054731600, -0.1808027256790672200 ) ) ;
#3936 = DIRECTION ( 'NONE',  ( 0.0000000000000000000, -0.5697340524815997000, 0.8218291242362331100 ) ) ;
#3937 = ADVANCED_FACE ( 'NONE', ( #2403 ), #2261, .T. ) ;
#3938 = VERTEX_POINT ( 'NONE', #3395 ) ;
#3939 = CARTESIAN_POINT ( 'NONE',  ( -0.5000000000000000000, 2.739462666775876800, -0.01379006502842661200 ) ) ;
#3940 = VECTOR ( 'NONE', #226, 1000.000000000000200 ) ;
#3941 = VECTOR ( 'NONE', #366, 1000.000000000000000 ) ;
#3942 = CARTESIAN_POINT ( 'NONE',  ( -0.3500000000000000300, 0.7337409229461024900, 0.3800760726732069800 ) ) ;
#3943 = ORIENTED_EDGE ( 'NONE', *, *, #2512, .T. ) ;
#3944 = EDGE_CURVE ( 'NONE', #343, #960, #1996, .T. ) ;
#3945 = ORIENTED_EDGE ( 'NONE', *, *, #1711, .T. ) ;
#3946 = LINE ( 'NONE', #2247, #710 ) ;
#3947 = CARTESIAN_POINT ( 'NONE',  ( 4.000000000000000000, 1.567166197742443100, 1.238297456974198700 ) ) ;
#3948 = DIRECTION ( 'NONE',  ( -0.0000000000000000000, 0.1806987397324693900, 0.9835384921085179600 ) ) ;
#3949 = LINE ( 'NONE', #4663, #3441 ) ;
#3950 = LINE ( 'NONE', #3119, #2362 ) ;
#3951 = DIRECTION ( 'NONE',  ( 0.0000000000000000000, 0.0000000000000000000, -1.000000000000000000 ) ) ;
#3952 = DIRECTION ( 'NONE',  ( -0.0000000000000000000, 0.8225311054394263100, -0.5687201250040263600 ) ) ;
#3953 = ORIENTED_EDGE ( 'NONE', *, *, #3458, .T. ) ;
#3954 = AXIS2_PLACEMENT_3D ( 'NONE', #461, #827, #1147 ) ;
#3955 = DIRECTION ( 'NONE',  ( -0.0000000000000000000, 0.7063669628695037300, -0.7078458262690493500 ) ) ;
#3956 = DIRECTION ( 'NONE',  ( 0.01745240643728355000, -0.4999238475781880900, 0.8658935039207583700 ) ) ;
#3957 = EDGE_LOOP ( 'NONE', ( #4773, #786, #1570, #3159 ) ) ;
#3958 = CARTESIAN_POINT ( 'NONE',  ( 4.000000000000000000, 1.238297456974009100, 1.567166197742258600 ) ) ;
#3959 = ORIENTED_EDGE ( 'NONE', *, *, #95, .F. ) ;
#3960 = CARTESIAN_POINT ( 'NONE',  ( 4.000000000000000000, -3.487579259111429900, -1.508903877460657400 ) ) ;
#3961 = ORIENTED_EDGE ( 'NONE', *, *, #1917, .F. ) ;
#3962 = CARTESIAN_POINT ( 'NONE',  ( -0.3500000000000000300, -0.4333266056128595200, 0.4361906543527140900 ) ) ;
#3963 = EDGE_CURVE ( 'NONE', #4724, #1158, #2918, .T. ) ;
#3964 = PLANE ( 'NONE',  #613 ) ;
#3965 = DIRECTION ( 'NONE',  ( 0.0000000000000000000, 0.0000000000000000000, 1.000000000000000000 ) ) ;
#3966 = CARTESIAN_POINT ( 'NONE',  ( 4.000000000000000000, 0.4370405398053576200, 3.774784174832606100 ) ) ;
#3967 = ORIENTED_EDGE ( 'NONE', *, *, #4260, .T. ) ;
#3968 = EDGE_CURVE ( 'NONE', #4293, #127, #3309, .T. ) ;
#3969 = ORIENTED_EDGE ( 'NONE', *, *, #3922, .F. ) ;
#3970 = ORIENTED_EDGE ( 'NONE', *, *, #1352, .T. ) ;
#3971 = ORIENTED_EDGE ( 'NONE', *, *, #2700, .T. ) ;
#3972 = ORIENTED_EDGE ( 'NONE', *, *, #4147, .T. ) ;
#3973 = CARTESIAN_POINT ( 'NONE',  ( -0.5000000000000000000, -0.4346545599123110000, -0.4368030970975799200 ) ) ;
#3974 = CARTESIAN_POINT ( 'NONE',  ( 0.1660638834219381700, -1.476574035646207200, 3.246003810518683300 ) ) ;
#3975 = ORIENTED_EDGE ( 'NONE', *, *, #1512, .F. ) ;
#3976 = ADVANCED_FACE ( 'NONE', ( #3141 ), #2750, .T. ) ;
#3977 = VECTOR ( 'NONE', #3182, 1000.000000000000100 ) ;
#3978 = FACE_OUTER_BOUND ( 'NONE', #1194, .T. ) ;
#3979 = EDGE_CURVE ( 'NONE', #4047, #398, #187, .T. ) ;
#3980 = CARTESIAN_POINT ( 'NONE',  ( -0.3500000000000000300, -1.524828427016324600, 1.527693419894152500 ) ) ;
#3981 = PLANE ( 'NONE',  #924 ) ;
#3982 = CARTESIAN_POINT ( 'NONE',  ( 0.5414213562373099100, 0.0000000000000000000, 0.0000000000000000000 ) ) ;
#3983 = CARTESIAN_POINT ( 'NONE',  ( 4.000000000000000000, -0.2888139563101531600, 1.976354467684635400 ) ) ;
#3984 = CARTESIAN_POINT ( 'NONE',  ( 3.867028257739602500, 3.106363447951740600, 2.412543071860969900 ) ) ;
#3985 = VERTEX_POINT ( 'NONE', #2992 ) ;
#3986 = FACE_OUTER_BOUND ( 'NONE', #4487, .T. ) ;
#3987 = ORIENTED_EDGE ( 'NONE', *, *, #2800, .T. ) ;
#3988 = EDGE_LOOP ( 'NONE', ( #4214, #611, #1048, #632, #572, #2146 ) ) ;
#3989 = VECTOR ( 'NONE', #2486, 1000.000000000000000 ) ;
#3990 = VECTOR ( 'NONE', #3780, 1000.000000000000000 ) ;
#3991 = PLANE ( 'NONE',  #1191 ) ;
#3992 = DIRECTION ( 'NONE',  ( 0.0000000000000000000, 0.0000000000000000000, 1.000000000000000000 ) ) ;
#3993 = PLANE ( 'NONE',  #3379 ) ;
#3994 = VERTEX_POINT ( 'NONE', #1187 ) ;
#3995 = CARTESIAN_POINT ( 'NONE',  ( -0.3500000000000000300, -0.7335889902580797800, -0.3818547316938720700 ) ) ;
#3996 = CARTESIAN_POINT ( 'NONE',  ( -0.5000000000000000000, 0.0000000000000000000, 0.0000000000000000000 ) ) ;
#3997 = EDGE_CURVE ( 'NONE', #4450, #205, #2110, .T. ) ;
#3998 = DIRECTION ( 'NONE',  ( -0.0000000000000000000, -0.5676552214183280300, -0.8232663904208097300 ) ) ;
#3999 = ADVANCED_FACE ( 'NONE', ( #3707 ), #4177, .T. ) ;
#4000 = VECTOR ( 'NONE', #3530, 1000.000000000000000 ) ;
#4001 = DIRECTION ( 'NONE',  ( -1.000000000000000000, -0.0000000000000000000, -0.0000000000000000000 ) ) ;
#4002 = VERTEX_POINT ( 'NONE', #506 ) ;
#4003 = FACE_OUTER_BOUND ( 'NONE', #3712, .T. ) ;
#4004 = AXIS2_PLACEMENT_3D ( 'NONE', #2565, #334, #1890 ) ;
#4005 = VERTEX_POINT ( 'NONE', #4544 ) ;
#4006 = EDGE_CURVE ( 'NONE', #2270, #1240, #687, .T. ) ;
#4007 = ORIENTED_EDGE ( 'NONE', *, *, #2375, .F. ) ;
#4008 = ORIENTED_EDGE ( 'NONE', *, *, #1591, .T. ) ;
#4009 = CARTESIAN_POINT ( 'NONE',  ( -0.5000000000000000000, 1.528419420838835800, 1.529352418630502100 ) ) ;
#4010 = CARTESIAN_POINT ( 'NONE',  ( 4.000000000000000000, -3.050538719305738500, 2.265880297371540800 ) ) ;
#4011 = ORIENTED_EDGE ( 'NONE', *, *, #3799, .F. ) ;
#4012 = DIRECTION ( 'NONE',  ( 0.0000000000000000000, 0.0000000000000000000, 1.000000000000000000 ) ) ;
#4013 = ORIENTED_EDGE ( 'NONE', *, *, #3736, .T. ) ;
#4014 = AXIS2_PLACEMENT_3D ( 'NONE', #3019, #381, #1178 ) ;
#4015 = CARTESIAN_POINT ( 'NONE',  ( 0.6828427124746188100, 0.6471507060776069400, -3.947302365365903800 ) ) ;
#4016 = CARTESIAN_POINT ( 'NONE',  ( 0.1660638834218191300, 0.3442512798210885500, 3.549408778513265500 ) ) ;
#4017 = EDGE_LOOP ( 'NONE', ( #862, #2791, #8, #992 ) ) ;
#4018 =( BOUNDED_CURVE ( )  B_SPLINE_CURVE ( 3, ( #2419, #3198, #4281, #4236 ),
 .UNSPECIFIED., .F., .F. ) 
 B_SPLINE_CURVE_WITH_KNOTS ( ( 4, 4 ),
 ( 4.190563251158900800, 4.206184561331490100 ),
 .UNSPECIFIED. ) 
 CURVE ( )  GEOMETRIC_REPRESENTATION_ITEM ( )  RATIONAL_B_SPLINE_CURVE ( ( 1.000000000000000000, 0.9999796646590899400, 0.9999796646590899400, 1.000000000000000000 ) ) 
 REPRESENTATION_ITEM ( '' )  );
#4019 = DIRECTION ( 'NONE',  ( 0.0000000000000000000, 0.0000000000000000000, 1.000000000000000000 ) ) ;
#4020 = EDGE_LOOP ( 'NONE', ( #615, #680, #2677, #2778 ) ) ;
#4021 = DIRECTION ( 'NONE',  ( 0.0000000000000000000, -0.9292232214220561600, 0.3695188828328214700 ) ) ;
#4022 = B_SPLINE_CURVE_WITH_KNOTS ( 'NONE', 3,
 ( #3562, #2103, #255, #3228 ),
 .UNSPECIFIED., .F., .F.,
 ( 4, 4 ),
 ( 2.994722188202076500E-007, 0.0001603664431276487300 ),
 .UNSPECIFIED. ) ;
#4023 = AXIS2_PLACEMENT_3D ( 'NONE', #4480, #3013, #3763 ) ;
#4024 = CARTESIAN_POINT ( 'NONE',  ( 0.6828427124746188100, -3.947302365365831000, 0.6471507060780514700 ) ) ;
#4025 = ADVANCED_FACE ( 'NONE', ( #3986 ), #136, .T. ) ;
#4026 = CARTESIAN_POINT ( 'NONE',  ( 3.933718438465839500, -3.835759580973706400, 0.4866948251584800600 ) ) ;
#4027 = EDGE_CURVE ( 'NONE', #1496, #3564, #1339, .T. ) ;
#4028 = DIRECTION ( 'NONE',  ( 0.0000000000000000000, 0.0000000000000000000, -1.000000000000000000 ) ) ;
#4029 = CARTESIAN_POINT ( 'NONE',  ( -0.5000000000000000000, -0.4344076966130562800, -0.4383779146962940600 ) ) ;
#4030 = ORIENTED_EDGE ( 'NONE', *, *, #3608, .F. ) ;
#4031 = ORIENTED_EDGE ( 'NONE', *, *, #2305, .T. ) ;
#4032 = DIRECTION ( 'NONE',  ( 0.0000000000000000000, 0.0000000000000000000, 1.000000000000000000 ) ) ;
#4033 = CARTESIAN_POINT ( 'NONE',  ( -0.4940862277298009900, -2.888982809805114000, -2.071906622145856000 ) ) ;
#4034 = ORIENTED_EDGE ( 'NONE', *, *, #4370, .F. ) ;
#4035 = VERTEX_POINT ( 'NONE', #2747 ) ;
#4036 = VECTOR ( 'NONE', #4301, 1000.000000000000200 ) ;
#4037 = ORIENTED_EDGE ( 'NONE', *, *, #585, .T. ) ;
#4038 = EDGE_CURVE ( 'NONE', #3832, #3665, #2926, .T. ) ;
#4039 = ORIENTED_EDGE ( 'NONE', *, *, #3301, .T. ) ;
#4040 = CARTESIAN_POINT ( 'NONE',  ( 0.6828427124746188100, -3.947302365365927400, -0.6471507060774613900 ) ) ;
#4041 = CARTESIAN_POINT ( 'NONE',  ( 4.000000000000000000, 0.3118381658957502000, 3.616330382358775800 ) ) ;
#4042 = LINE ( 'NONE', #434, #582 ) ;
#4043 = DIRECTION ( 'NONE',  ( -0.0000000000000000000, 0.8218291242362331100, 0.5697340524815997000 ) ) ;
#4044 = CARTESIAN_POINT ( 'NONE',  ( 4.000000000000000000, -3.774784174832565700, 0.4370405398057015700 ) ) ;
#4045 = LINE ( 'NONE', #4261, #3536 ) ;
#4046 = SURFACE_STYLE_FILL_AREA ( #276 ) ;
#4047 = VERTEX_POINT ( 'NONE', #4525 ) ;
#4048 = CARTESIAN_POINT ( 'NONE',  ( 3.867028257739604700, 3.896461195244115900, -0.5361418639798376500 ) ) ;
#4049 = DIRECTION ( 'NONE',  ( -1.000000000000000000, 0.0000000000000000000, 0.0000000000000000000 ) ) ;
#4050 = ORIENTED_EDGE ( 'NONE', *, *, #1661, .T. ) ;
#4051 = VECTOR ( 'NONE', #3758, 1000.000000000000100 ) ;
#4052 = VECTOR ( 'NONE', #26, 1000.000000000000100 ) ;
#4053 = CARTESIAN_POINT ( 'NONE',  ( 4.000000000000000000, -0.4370405398055474700, 3.774784174832583900 ) ) ;
#4054 = ADVANCED_FACE ( 'NONE', ( #1237 ), #18, .T. ) ;
#4055 = DIRECTION ( 'NONE',  ( 1.000000000000000000, -0.0000000000000000000, -0.0000000000000000000 ) ) ;
#4056 = AXIS2_PLACEMENT_3D ( 'NONE', #3865, #2166, #1157 ) ;
#4057 = EDGE_LOOP ( 'NONE', ( #2447, #1122, #1636, #2388 ) ) ;
#4058 = DIRECTION ( 'NONE',  ( -0.9998119760941959200, 0.008452675918340708800, 0.01745178295873384100 ) ) ;
#4059 = ORIENTED_EDGE ( 'NONE', *, *, #4401, .T. ) ;
#4060 = CARTESIAN_POINT ( 'NONE',  ( -0.3500000000000000300, -2.740017273875385400, -0.01300691249285468500 ) ) ;
#4061 = VECTOR ( 'NONE', #769, 1000.000000000000100 ) ;
#4062 = CARTESIAN_POINT ( 'NONE',  ( 0.5414213562373105800, 3.676635533357794900, -1.420265278831529800 ) ) ;
#4063 = EDGE_CURVE ( 'NONE', #317, #1223, #4289, .T. ) ;
#4064 = DIRECTION ( 'NONE',  ( -1.000000000000000000, -0.0000000000000000000, -0.0000000000000000000 ) ) ;
#4065 = CARTESIAN_POINT ( 'NONE',  ( 0.2898795043560805600, 3.665198912562395200, -0.4329884829878435900 ) ) ;
#4066 = CIRCLE ( 'NONE', #2619, 3.941421356237309900 ) ;
#4067 = DIRECTION ( 'NONE',  ( 1.000000000000000000, -0.0000000000000000000, -0.0000000000000000000 ) ) ;
#4068 = LINE ( 'NONE', #3050, #1893 ) ;
#4069 = CARTESIAN_POINT ( 'NONE',  ( -0.5000000000000000000, 0.0000000000000000000, 0.0000000000000000000 ) ) ;
#4070 = CARTESIAN_POINT ( 'NONE',  ( -0.5000000000000000000, 0.0000000000000000000, 0.0000000000000000000 ) ) ;
#4071 = DIRECTION ( 'NONE',  ( 0.0000000000000000000, -1.065814103640150300E-014, 1.000000000000000000 ) ) ;
#4072 = EDGE_CURVE ( 'NONE', #3830, #3051, #1637, .T. ) ;
#4073 = ORIENTED_EDGE ( 'NONE', *, *, #3696, .T. ) ;
#4074 = CARTESIAN_POINT ( 'NONE',  ( -0.3500000000000000300, -0.7591940536514058000, 0.3763390730740987500 ) ) ;
#4075 = CARTESIAN_POINT ( 'NONE',  ( 0.5414213562373103600, 0.6083319550973614900, -3.894192411760232000 ) ) ;
#4076 = CARTESIAN_POINT ( 'NONE',  ( -0.3500000000000000300, -0.7636807751848184700, -0.3763215887794814600 ) ) ;
#4077 = EDGE_LOOP ( 'NONE', ( #236, #3089, #3201, #2765 ) ) ;
#4078 = EDGE_CURVE ( 'NONE', #484, #3832, #3265, .T. ) ;
#4079 = ADVANCED_FACE ( 'NONE', ( #364 ), #3828, .T. ) ;
#4080 = CARTESIAN_POINT ( 'NONE',  ( 0.2898795043563320900, -2.957661126708794400, -2.207578482094394900 ) ) ;
#4081 = AXIS2_PLACEMENT_3D ( 'NONE', #2230, #3306, #1090 ) ;
#4082 = CARTESIAN_POINT ( 'NONE',  ( 4.000000000000000000, 3.774784174832556300, -0.4370405398057888300 ) ) ;
#4083 = CARTESIAN_POINT ( 'NONE',  ( -0.3500000000000000300, 0.4498906914377232000, -0.3988116865945969800 ) ) ;
#4084 = DIRECTION ( 'NONE',  ( 1.000000000000000000, 0.0000000000000000000, 0.0000000000000000000 ) ) ;
#4085 = CARTESIAN_POINT ( 'NONE',  ( 0.1660638834213522300, 3.549408778512787200, 0.3442512798211863100 ) ) ;
#4086 = CARTESIAN_POINT ( 'NONE',  ( -0.4940862277298009900, 0.3498323641449470600, -3.537885815460376700 ) ) ;
#4087 = ORIENTED_EDGE ( 'NONE', *, *, #841, .T. ) ;
#4088 = DIRECTION ( 'NONE',  ( 0.0000000000000000000, -0.1799057010078526100, -0.9836838611794305200 ) ) ;
#4089 = DIRECTION ( 'NONE',  ( 0.0000000000000000000, -0.0000000000000000000, 1.000000000000000000 ) ) ;
#4090 = VERTEX_POINT ( 'NONE', #3100 ) ;
#4091 = EDGE_LOOP ( 'NONE', ( #678, #4325, #904, #1030 ) ) ;
#4092 = ORIENTED_EDGE ( 'NONE', *, *, #1369, .T. ) ;
#4093 = B_SPLINE_CURVE_WITH_KNOTS ( 'NONE', 3,
 ( #2116, #4296, #248, #580 ),
 .UNSPECIFIED., .F., .F.,
 ( 4, 4 ),
 ( 0.0005172839673736254300, 0.0006775162349113571500 ),
 .UNSPECIFIED. ) ;
#4094 = DIRECTION ( 'NONE',  ( -1.000000000000000000, -0.0000000000000000000, -0.0000000000000000000 ) ) ;
#4095 = EDGE_CURVE ( 'NONE', #2048, #484, #1387, .T. ) ;
#4097 = VERTEX_POINT ( 'NONE', #1212 ) ;
#4096 = CARTESIAN_POINT ( 'NONE',  ( 0.4151494614776178900, -2.341170779730245700, 3.013139154618356100 ) ) ;
#4098 = CARTESIAN_POINT ( 'NONE',  ( 0.5414213562373099100, 0.0000000000000000000, 0.0000000000000000000 ) ) ;
#4099 = CARTESIAN_POINT ( 'NONE',  ( 0.1660638834219381700, -1.476574035646207200, 3.246003810518683300 ) ) ;
#4100 = CARTESIAN_POINT ( 'NONE',  ( 4.000000000000000000, 0.0000000000000000000, 0.0000000000000000000 ) ) ;
#4101 = EDGE_LOOP ( 'NONE', ( #2497, #4580, #5, #2967 ) ) ;
#4102 = LINE ( 'NONE', #2118, #2153 ) ;
#4103 = ADVANCED_FACE ( 'NONE', ( #763 ), #3593, .T. ) ;
#4104 = AXIS2_PLACEMENT_3D ( 'NONE', #3532, #190, #1295 ) ;
#4105 = CARTESIAN_POINT ( 'NONE',  ( 0.5770793052463005800, -3.926427812144178900, -0.6330095181493201600 ) ) ;
#4106 = CARTESIAN_POINT ( 'NONE',  ( 3.867028257739602900, -3.896461195244212700, -0.5361418639791431000 ) ) ;
#4107 = VECTOR ( 'NONE', #928, 1000.000000000000100 ) ;
#4108 = EDGE_CURVE ( 'NONE', #3041, #1489, #4462, .T. ) ;
#4109 = CARTESIAN_POINT ( 'NONE',  ( 1.726467076573300800, 0.6265964855560195400, 3.950672180265348400 ) ) ;
#4110 = ORIENTED_EDGE ( 'NONE', *, *, #3729, .F. ) ;
#4111 = CARTESIAN_POINT ( 'NONE',  ( -0.5000000000000000000, -0.7636807751848184700, -0.3763215887794815800 ) ) ;
#4112 = CARTESIAN_POINT ( 'NONE',  ( -0.5000000000000000000, 2.849155096921835600, -1.573566027540784800 ) ) ;
#4113 = LINE ( 'NONE', #2067, #3940 ) ;
#4114 = LINE ( 'NONE', #2593, #3941 ) ;
#4115 = CARTESIAN_POINT ( 'NONE',  ( -0.3500000000000000300, -0.0006348297072971131900, -2.637172296128151800 ) ) ;
#4116 = ORIENTED_EDGE ( 'NONE', *, *, #2170, .T. ) ;
#4117 = AXIS2_PLACEMENT_3D ( 'NONE', #1913, #2680, #4486 ) ;
#4118 = CARTESIAN_POINT ( 'NONE',  ( 0.5768099451880817100, 3.716586900894129000, -1.415051268925784400 ) ) ;
#4119 = DIRECTION ( 'NONE',  ( -0.0000000000000000000, 1.000000000000000000, -0.0000000000000000000 ) ) ;
#4120 = VERTEX_POINT ( 'NONE', #2391 ) ;
#4121 = VECTOR ( 'NONE', #3577, 1000.000000000000000 ) ;
#4122 = VECTOR ( 'NONE', #165, 1000.000000000000000 ) ;
#4123 = CARTESIAN_POINT ( 'NONE',  ( 0.6828427124689098200, -1.413202231138590600, -3.742039477892459900 ) ) ;
#4124 = B_SPLINE_CURVE_WITH_KNOTS ( 'NONE', 3,
 ( #1459, #1889, #3743, #4453 ),
 .UNSPECIFIED., .F., .F.,
 ( 4, 4 ),
 ( 2.994722214601461300E-007, 0.0001603664431302778100 ),
 .UNSPECIFIED. ) ;
#4125 = ORIENTED_EDGE ( 'NONE', *, *, #3015, .T. ) ;
#4126 = FACE_OUTER_BOUND ( 'NONE', #1071, .T. ) ;
#4127 = PLANE ( 'NONE',  #272 ) ;
#4128 =( GEOMETRIC_REPRESENTATION_CONTEXT ( 3 ) GLOBAL_UNCERTAINTY_ASSIGNED_CONTEXT ( ( #3415 ) ) GLOBAL_UNIT_ASSIGNED_CONTEXT ( ( #3839, #3456, #1618 ) ) REPRESENTATION_CONTEXT ( 'NONE', 'WORKASPACE' ) );
#4129 = SHAPE_DEFINITION_REPRESENTATION ( #1735, #2216 ) ;
#4130 = CARTESIAN_POINT ( 'NONE',  ( 2.765540635663486400, 0.6060165718056744800, 3.953881352080586400 ) ) ;
#4131 = CARTESIAN_POINT ( 'NONE',  ( -0.5000000000000000000, 3.951227106436869800, -1.361766771557317400 ) ) ;
#4132 = ORIENTED_EDGE ( 'NONE', *, *, #322, .F. ) ;
#4133 = EDGE_CURVE ( 'NONE', #4622, #2000, #3495, .T. ) ;
#4134 = CARTESIAN_POINT ( 'NONE',  ( 0.1660638834216769900, 1.476574035645963800, 3.246003810518507400 ) ) ;
#4135 = ADVANCED_FACE ( 'NONE', ( #1514 ), #162, .T. ) ;
#4136 = CARTESIAN_POINT ( 'NONE',  ( 0.6292760809697647300, 3.742417184884183200, -1.412202095029191400 ) ) ;
#4137 = CARTESIAN_POINT ( 'NONE',  ( 0.5414213562373099100, 3.068303578259742100, -2.473927132928942700 ) ) ;
#4138 = ORIENTED_EDGE ( 'NONE', *, *, #3575, .T. ) ;
#4139 = ORIENTED_EDGE ( 'NONE', *, *, #1345, .T. ) ;
#4140 = CARTESIAN_POINT ( 'NONE',  ( 3.800000000000008300, -1.471482988029018600, -3.719507738389744600 ) ) ;
#4141 = EDGE_CURVE ( 'NONE', #2970, #4002, #950, .T. ) ;
#4142 = ORIENTED_EDGE ( 'NONE', *, *, #3886, .T. ) ;
#4143 = VERTEX_POINT ( 'NONE', #4243 ) ;
#4144 = PLANE ( 'NONE',  #4528 ) ;
#4145 = ORIENTED_EDGE ( 'NONE', *, *, #1858, .T. ) ;
#4146 = AXIS2_PLACEMENT_3D ( 'NONE', #959, #2839, #603 ) ;
#4147 = EDGE_CURVE ( 'NONE', #3180, #627, #4346, .T. ) ;
#4148 = DIRECTION ( 'NONE',  ( 0.0000000000000000000, 0.8232663904208096200, -0.5676552214183281400 ) ) ;
#4149 = CARTESIAN_POINT ( 'NONE',  ( 0.5414213562373099100, -3.676635533357885100, -1.420265278831297100 ) ) ;
#4150 = AXIS2_PLACEMENT_3D ( 'NONE', #899, #2009, #2386 ) ;
#4151 = DIRECTION ( 'NONE',  ( -1.000000000000000000, -0.0000000000000000000, -0.0000000000000000000 ) ) ;
#4152 = ORIENTED_EDGE ( 'NONE', *, *, #1574, .F. ) ;
#4153 = ADVANCED_FACE ( 'NONE', ( #953 ), #3156, .F. ) ;
#4154 = VERTEX_POINT ( 'NONE', #2378 ) ;
#4155 = ORIENTED_EDGE ( 'NONE', *, *, #210, .F. ) ;
#4156 = CARTESIAN_POINT ( 'NONE',  ( -0.5000000000000000000, -1.580687632869015600, 1.598184716485557800 ) ) ;
#4157 = CARTESIAN_POINT ( 'NONE',  ( -0.5000000000000000000, -0.0003022024523184896300, 2.849705030973278300 ) ) ;
#4158 = EDGE_CURVE ( 'NONE', #383, #4090, #2370, .T. ) ;
#4159 = ORIENTED_EDGE ( 'NONE', *, *, #2580, .T. ) ;
#4160 = ORIENTED_EDGE ( 'NONE', *, *, #4344, .T. ) ;
#4161 = LINE ( 'NONE', #2089, #2969 ) ;
#4162 = ORIENTED_EDGE ( 'NONE', *, *, #2196, .F. ) ;
#4163 = ORIENTED_EDGE ( 'NONE', *, *, #420, .F. ) ;
#4164 = CARTESIAN_POINT ( 'NONE',  ( 0.1660638834217368900, -2.901752530697613100, -2.072834742866614300 ) ) ;
#4165 = EDGE_CURVE ( 'NONE', #2406, #4143, #3950, .T. ) ;
#4166 = VECTOR ( 'NONE', #2256, 1000.000000000000000 ) ;
#4167 = DIRECTION ( 'NONE',  ( 0.0000000000000000000, 0.0000000000000000000, 1.000000000000000000 ) ) ;
#4168 = PLANE ( 'NONE',  #2251 ) ;
#4169 = FACE_BOUND ( 'NONE', #4442, .T. ) ;
#4170 = LINE ( 'NONE', #1448, #1873 ) ;
#4171 = ORIENTED_EDGE ( 'NONE', *, *, #1311, .T. ) ;
#4172 = AXIS2_PLACEMENT_3D ( 'NONE', #4131, #2948, #711 ) ;
#4173 = ORIENTED_EDGE ( 'NONE', *, *, #1934, .F. ) ;
#4174 = DIRECTION ( 'NONE',  ( -0.0000000000000000000, 0.7073185214871171600, 0.7068949774621959800 ) ) ;
#4175 = EDGE_CURVE ( 'NONE', #2666, #2551, #206, .T. ) ;
#4176 = DIRECTION ( 'NONE',  ( -0.0000000000000000000, -0.7091940678631684100, 0.7050133148442601100 ) ) ;
#4177 = CONICAL_SURFACE ( 'NONE', #4501, 3.800000000000004700, 0.7853981633974482800 ) ;
#4178 = VECTOR ( 'NONE', #3024, 1000.000000000000000 ) ;
#4179 =( NAMED_UNIT ( * ) PLANE_ANGLE_UNIT ( ) SI_UNIT ( $, .RADIAN. ) );
#4180 = EDGE_LOOP ( 'NONE', ( #1334, #2092, #3873, #4603, #4491, #2738 ) ) ;
#4181 = CARTESIAN_POINT ( 'NONE',  ( 0.1435183544349776200, 1.873894413464368500, 3.016156369887255600 ) ) ;
#4182 = ADVANCED_FACE ( 'NONE', ( #2996 ), #299, .T. ) ;
#4183 = AXIS2_PLACEMENT_3D ( 'NONE', #3874, #3545, #223 ) ;
#4184 = FACE_OUTER_BOUND ( 'NONE', #4742, .T. ) ;
#4185 = B_SPLINE_CURVE_WITH_KNOTS ( 'NONE', 3,
 ( #1480, #2977, #4387, #738 ),
 .UNSPECIFIED., .F., .F.,
 ( 4, 4 ),
 ( 0.0003500823607470207300, 0.0006943336405676739900 ),
 .UNSPECIFIED. ) ;
#4186 = CARTESIAN_POINT ( 'NONE',  ( 0.1660638834218678700, -3.549408778513339700, -0.3442512798208295900 ) ) ;
#4187 = CARTESIAN_POINT ( 'NONE',  ( 3.800000000000008300, 3.134095518064016900, -2.485446697004593200 ) ) ;
#4188 = FACE_OUTER_BOUND ( 'NONE', #2885, .T. ) ;
#4189 = EDGE_CURVE ( 'NONE', #527, #4526, #2276, .T. ) ;
#4190 = LINE ( 'NONE', #1068, #3602 ) ;
#4191 = DIRECTION ( 'NONE',  ( -0.9998119760941958100, 0.008452675918341199700, -0.01745178295873360900 ) ) ;
#4192 = DIRECTION ( 'NONE',  ( -0.0000000000000000000, -0.5687384891984870200, -0.8225184076385296800 ) ) ;
#4193 = ORIENTED_EDGE ( 'NONE', *, *, #454, .T. ) ;
#4194 = CARTESIAN_POINT ( 'NONE',  ( 0.6000000000000007500, 4.898587196589412800E-016, 4.000000000000000000 ) ) ;
#4195 = EDGE_CURVE ( 'NONE', #3659, #794, #1193, .T. ) ;
#4196 = CARTESIAN_POINT ( 'NONE',  ( 4.000000000000000000, 0.0000000000000000000, 0.0000000000000000000 ) ) ;
#4197 = DIRECTION ( 'NONE',  ( -0.9998119760941958100, -0.01934002534276649600, 0.001405659404127084300 ) ) ;
#4198 = ORIENTED_EDGE ( 'NONE', *, *, #3423, .F. ) ;
#4199 = AXIS2_PLACEMENT_3D ( 'NONE', #1318, #1708, #3951 ) ;
#4200 = EDGE_CURVE ( 'NONE', #3025, #1965, #2124, .T. ) ;
#4201 = CARTESIAN_POINT ( 'NONE',  ( -0.3000000000000000400, 0.0000000000000000000, 3.105916497100035900 ) ) ;
#4202 = DIRECTION ( 'NONE',  ( 0.01745240643728355000, 0.4999238475781872500, 0.8658935039207589200 ) ) ;
#4203 = AXIS2_PLACEMENT_3D ( 'NONE', #4435, #2252, #1445 ) ;
#4204 = CARTESIAN_POINT ( 'NONE',  ( 0.5414213562373099100, 0.0000000000000000000, 0.0000000000000000000 ) ) ;
#4205 = EDGE_LOOP ( 'NONE', ( #1715, #1063 ) ) ;
#4206 = ORIENTED_EDGE ( 'NONE', *, *, #4542, .F. ) ;
#4207 = CARTESIAN_POINT ( 'NONE',  ( -0.3500000000000000300, 0.04845691673471174500, 0.0002556054465696622700 ) ) ;
#4208 = PLANE ( 'NONE',  #837 ) ;
#4209 = EDGE_LOOP ( 'NONE', ( #2899, #2722, #466, #2095 ) ) ;
#4210 = ORIENTED_EDGE ( 'NONE', *, *, #491, .F. ) ;
#4211 = VERTEX_POINT ( 'NONE', #1285 ) ;
#4212 = CARTESIAN_POINT ( 'NONE',  ( -0.3500000000000000300, 2.739462666775876800, -0.01379006502842661200 ) ) ;
#4213 = CARTESIAN_POINT ( 'NONE',  ( 3.800000000000001200, -3.719507738389783200, 1.471482988028920200 ) ) ;
#4214 = ORIENTED_EDGE ( 'NONE', *, *, #1552, .T. ) ;
#4215 = LINE ( 'NONE', #4577, #3701 ) ;
#4216 = CARTESIAN_POINT ( 'NONE',  ( -0.3500000000000000300, 0.4358797207719509700, -0.4337632301709910000 ) ) ;
#4217 = EDGE_CURVE ( 'NONE', #4293, #345, #1466, .T. ) ;
#4218 = CARTESIAN_POINT ( 'NONE',  ( -0.3500000000000000300, -1.580687632869015600, 1.598184716485557800 ) ) ;
#4219 = VECTOR ( 'NONE', #2781, 1000.000000000000100 ) ;
#4220 = CARTESIAN_POINT ( 'NONE',  ( -0.3500000000000000300, 0.7655777760227657800, -0.3736647840748928400 ) ) ;
#4221 = CARTESIAN_POINT ( 'NONE',  ( 4.000000000000000000, 0.0000000000000000000, 0.0000000000000000000 ) ) ;
#4222 = CARTESIAN_POINT ( 'NONE',  ( 3.867028257739604700, 3.896461195244115500, 0.5361418639798374300 ) ) ;
#4223 = ORIENTED_EDGE ( 'NONE', *, *, #2082, .T. ) ;
#4224 = EDGE_CURVE ( 'NONE', #553, #704, #1771, .T. ) ;
#4225 = VECTOR ( 'NONE', #3935, 1000.000000000000000 ) ;
#4226 = CIRCLE ( 'NONE', #1640, 3.941421356237309900 ) ;
#4227 = ORIENTED_EDGE ( 'NONE', *, *, #2359, .F. ) ;
#4228 = VERTEX_POINT ( 'NONE', #1329 ) ;
#4229 = ORIENTED_EDGE ( 'NONE', *, *, #28, .T. ) ;
#4230 = CARTESIAN_POINT ( 'NONE',  ( 1.726467076573264600, 2.517984564546312600, -3.108084227356174200 ) ) ;
#4231 = DIRECTION ( 'NONE',  ( 0.0000000000000000000, 0.0000000000000000000, 1.000000000000000000 ) ) ;
#4233 = B_SPLINE_CURVE_WITH_KNOTS ( 'NONE', 3,
 ( #117, #388, #2961, #2238 ),
 .UNSPECIFIED., .F., .F.,
 ( 4, 4 ),
 ( 3.068613754307985200E-007, 0.0003088374797367251800 ),
 .UNSPECIFIED. ) ;
#4232 = VECTOR ( 'NONE', #1682, 1000.000000000000000 ) ;
#4234 = LINE ( 'NONE', #2689, #1701 ) ;
#4235 = AXIS2_PLACEMENT_3D ( 'NONE', #3046, #1923, #1204 ) ;
#4236 = CARTESIAN_POINT ( 'NONE',  ( 0.6828427124746188100, 3.094888771786105300, 2.534100134223645600 ) ) ;
#4237 = EDGE_CURVE ( 'NONE', #1865, #961, #607, .T. ) ;
#4238 = CARTESIAN_POINT ( 'NONE',  ( -0.5000000000000000000, 2.849155096921835600, 1.574077238433924100 ) ) ;
#4239 = FACE_OUTER_BOUND ( 'NONE', #4699, .T. ) ;
#4240 = DIRECTION ( 'NONE',  ( 0.01745240643728355000, 0.9998476951563912700, 2.106837246189365000E-014 ) ) ;
#4241 = B_SPLINE_CURVE_WITH_KNOTS ( 'NONE', 3,
 ( #882, #48, #1254, #2679 ),
 .UNSPECIFIED., .F., .F.,
 ( 4, 4 ),
 ( 3.068613754351722800E-007, 0.0003088374797367278900 ),
 .UNSPECIFIED. ) ;
#4242 = VECTOR ( 'NONE', #2259, 1000.000000000000000 ) ;
#4243 = CARTESIAN_POINT ( 'NONE',  ( -0.5000000000000000000, -1.594988679170833400, 1.584053920734950400 ) ) ;
#4244 = CARTESIAN_POINT ( 'NONE',  ( 0.1660638834214885600, 3.246003810518219600, 1.476574035646141200 ) ) ;
#4245 = AXIS2_PLACEMENT_3D ( 'NONE', #1973, #493, #3088 ) ;
#4246 = ORIENTED_EDGE ( 'NONE', *, *, #998, .F. ) ;
#4247 = ORIENTED_EDGE ( 'NONE', *, *, #2082, .F. ) ;
#4248 = DIRECTION ( 'NONE',  ( 0.0000000000000000000, 0.5688625489174602400, -0.8224326114880964300 ) ) ;
#4249 = CARTESIAN_POINT ( 'NONE',  ( -0.3500000000000000300, -0.3733047737830299000, 0.7656339834756992200 ) ) ;
#4250 = ORIENTED_EDGE ( 'NONE', *, *, #3793, .T. ) ;
#4251 = ORIENTED_EDGE ( 'NONE', *, *, #3483, .F. ) ;
#4252 = ORIENTED_EDGE ( 'NONE', *, *, #3074, .F. ) ;
#4253 = EDGE_CURVE ( 'NONE', #3385, #3087, #44, .T. ) ;
#4254 = EDGE_LOOP ( 'NONE', ( #1882, #1941, #1203, #2235 ) ) ;
#4255 = EDGE_LOOP ( 'NONE', ( #2770, #2022, #3305, #4031 ) ) ;
#4256 = CARTESIAN_POINT ( 'NONE',  ( -0.5000000000000000000, 0.3757812746759285300, -0.7609260964951747300 ) ) ;
#4257 = PLANE ( 'NONE',  #4305 ) ;
#4258 = CARTESIAN_POINT ( 'NONE',  ( 0.1660638834215061300, 2.901752530697025500, 2.072834742867039700 ) ) ;
#4259 = PLANE ( 'NONE',  #403 ) ;
#4260 = EDGE_CURVE ( 'NONE', #2188, #456, #4300, .T. ) ;
#4261 = CARTESIAN_POINT ( 'NONE',  ( -0.3500000000000000300, 0.3757812746759285900, -0.7609260964951746200 ) ) ;
#4262 = DIRECTION ( 'NONE',  ( 0.0000000000000000000, 0.5000000000000138800, -0.8660254037844306000 ) ) ;
#4263 = B_SPLINE_CURVE_WITH_KNOTS ( 'NONE', 3,
 ( #1972, #821, #116, #840 ),
 .UNSPECIFIED., .F., .F.,
 ( 4, 4 ),
 ( 1.970706031258093200E-007, 0.0001600763227399103100 ),
 .UNSPECIFIED. ) ;
#4264 = ADVANCED_FACE ( 'NONE', ( #3724 ), #966, .T. ) ;
#4265 = ORIENTED_EDGE ( 'NONE', *, *, #3295, .T. ) ;
#4266 = VERTEX_POINT ( 'NONE', #1856 ) ;
#4267 = CARTESIAN_POINT ( 'NONE',  ( 0.6828427124746188100, -1.413202231142562000, 3.742039477864135000 ) ) ;
#4268 = VERTEX_POINT ( 'NONE', #2555 ) ;
#4269 = CARTESIAN_POINT ( 'NONE',  ( 3.867028257739602500, 3.106363447951578500, -2.412543071861178200 ) ) ;
#4270 = EDGE_LOOP ( 'NONE', ( #2249, #3851, #1281, #172, #2444, #470 ) ) ;
#4271 = ORIENTED_EDGE ( 'NONE', *, *, #4727, .T. ) ;
#4272 = CARTESIAN_POINT ( 'NONE',  ( 4.000000000000000000, 3.774784174832556300, 0.4370405398057888300 ) ) ;
#4273 = VECTOR ( 'NONE', #4043, 1000.000000000000100 ) ;
#4274 = EDGE_LOOP ( 'NONE', ( #2338, #4160, #2097, #3267, #2588, #1654 ) ) ;
#4275 = DIRECTION ( 'NONE',  ( -0.0000000000000000000, -0.1794644927590070000, 0.9837644514002080700 ) ) ;
#4276 = CARTESIAN_POINT ( 'NONE',  ( -0.5000000000000000000, -0.7591940536514058000, 0.3763390730740987500 ) ) ;
#4277 = ADVANCED_FACE ( 'NONE', ( #1001 ), #374, .T. ) ;
#4278 = AXIS2_PLACEMENT_3D ( 'NONE', #4460, #58, #743 ) ;
#4279 = LINE ( 'NONE', #2402, #73 ) ;
#4280 = CARTESIAN_POINT ( 'NONE',  ( -0.3500000000000000300, -0.4346545599123110600, -0.4368030970975792500 ) ) ;
#4281 = CARTESIAN_POINT ( 'NONE',  ( 1.726467076573426500, 3.108084227355944600, 2.517984564546596400 ) ) ;
#4282 = EDGE_CURVE ( 'NONE', #4228, #339, #1247, .T. ) ;
#4283 = VECTOR ( 'NONE', #4657, 1000.000000000000000 ) ;
#4284 = FACE_OUTER_BOUND ( 'NONE', #1521, .T. ) ;
#4285 = ORIENTED_EDGE ( 'NONE', *, *, #1491, .F. ) ;
#4286 = DIRECTION ( 'NONE',  ( -1.000000000000000000, 0.0000000000000000000, 0.0000000000000000000 ) ) ;
#4287 = ORIENTED_EDGE ( 'NONE', *, *, #1412, .F. ) ;
#4288 = DIRECTION ( 'NONE',  ( -0.0000000000000000000, 0.1445988709998183300, 0.9894903569543150900 ) ) ;
#4289 = LINE ( 'NONE', #3427, #2232 ) ;
#4290 = VECTOR ( 'NONE', #3667, 1000.000000000000000 ) ;
#4291 = CARTESIAN_POINT ( 'NONE',  ( -0.3500000000000000300, 2.849155096921835600, 0.0002556054465696622700 ) ) ;
#4292 = ADVANCED_FACE ( 'NONE', ( #1348, #781 ), #290, .T. ) ;
#4293 = VERTEX_POINT ( 'NONE', #3995 ) ;
#4294 = LINE ( 'NONE', #1995, #1950 ) ;
#4295 = DIRECTION ( 'NONE',  ( -0.9998119760941958100, -0.01745178295873375500, 0.008452675918340889200 ) ) ;
#4296 = CARTESIAN_POINT ( 'NONE',  ( 0.5768099451880937000, -1.415051268926336100, -3.716586900893932300 ) ) ;
#4297 = PLANE ( 'NONE',  #1836 ) ;
#4298 = LINE ( 'NONE', #277, #1126 ) ;
#4299 = CARTESIAN_POINT ( 'NONE',  ( -0.3000000000000000400, 0.0000000000000000000, 0.0000000000000000000 ) ) ;
#4300 = CIRCLE ( 'NONE', #817, 3.800000000000004700 ) ;
#4301 = DIRECTION ( 'NONE',  ( -0.0000000000000000000, 0.9292232214220784700, 0.3695188828327650200 ) ) ;
#4302 = EDGE_LOOP ( 'NONE', ( #3414, #4635, #4163, #4110 ) ) ;
#4303 = EDGE_LOOP ( 'NONE', ( #1610, #3417, #1025, #1924 ) ) ;
#4304 = DIRECTION ( 'NONE',  ( -0.0000000000000000000, 0.1807853249672611900, 0.9835225804609073500 ) ) ;
#4305 = AXIS2_PLACEMENT_3D ( 'NONE', #3231, #1335, #1754 ) ;
#4306 = CARTESIAN_POINT ( 'NONE',  ( -0.4940862277298009900, 3.537885815460273700, 0.3498323641454770300 ) ) ;
#4307 = CARTESIAN_POINT ( 'NONE',  ( -0.3500000000000000300, -1.515268858565764300, 2.729755005116797100 ) ) ;
#4308 = ORIENTED_EDGE ( 'NONE', *, *, #431, .F. ) ;
#4309 = CARTESIAN_POINT ( 'NONE',  ( -0.3500000000000000300, -2.740017273875385400, -0.01300691249285468500 ) ) ;
#4310 = EDGE_CURVE ( 'NONE', #517, #2164, #3611, .T. ) ;
#4311 = ORIENTED_EDGE ( 'NONE', *, *, #4665, .F. ) ;
#4312 = CARTESIAN_POINT ( 'NONE',  ( -0.4939148480512971000, -2.888986124915556600, 2.071906863093321900 ) ) ;
#4313 = DIRECTION ( 'NONE',  ( 0.0000000000000000000, 0.0000000000000000000, -1.000000000000000000 ) ) ;
#4314 = EDGE_CURVE ( 'NONE', #397, #4736, #4597, .T. ) ;
#4315 = CARTESIAN_POINT ( 'NONE',  ( -0.3500000000000000300, -1.598972542069196300, -1.587739385929191900 ) ) ;
#4316 = VERTEX_POINT ( 'NONE', #2931 ) ;
#4317 = CARTESIAN_POINT ( 'NONE',  ( -0.3500000000000000300, 0.7655777760227657800, -0.3736647840748928400 ) ) ;
#4318 = EDGE_LOOP ( 'NONE', ( #782, #1550, #192, #2387, #1092, #920 ) ) ;
#4319 = ADVANCED_FACE ( 'NONE', ( #97 ), #2937, .T. ) ;
#4320 = AXIS2_PLACEMENT_3D ( 'NONE', #602, #2084, #3195 ) ;
#4321 = CARTESIAN_POINT ( 'NONE',  ( 0.1491128979610898400, -1.013686263209000200E-022, -3.549112897961087800 ) ) ;
#4322 = EDGE_CURVE ( 'NONE', #1223, #806, #4190, .T. ) ;
#4323 = ORIENTED_EDGE ( 'NONE', *, *, #3108, .T. ) ;
#4324 = FILL_AREA_STYLE_COLOUR ( '', #2570 ) ;
#4325 = ORIENTED_EDGE ( 'NONE', *, *, #2180, .T. ) ;
#4326 = ORIENTED_EDGE ( 'NONE', *, *, #3079, .F. ) ;
#4327 = CARTESIAN_POINT ( 'NONE',  ( 3.800000000000001200, -3.134095518064369000, 2.485446697004149100 ) ) ;
#4328 = AXIS2_PLACEMENT_3D ( 'NONE', #1179, #436, #396 ) ;
#4329 = LINE ( 'NONE', #1258, #3031 ) ;
#4330 = AXIS2_PLACEMENT_3D ( 'NONE', #4707, #271, #2879 ) ;
#4331 = PLANE ( 'NONE',  #1420 ) ;
#4332 = ORIENTED_EDGE ( 'NONE', *, *, #4351, .T. ) ;
#4333 = VECTOR ( 'NONE', #1762, 1000.000000000000000 ) ;
#4334 = CARTESIAN_POINT ( 'NONE',  ( 0.5414213562373102500, 1.420265278831502000, 3.676635533357804700 ) ) ;
#4335 = CARTESIAN_POINT ( 'NONE',  ( -0.5000000000000000000, -0.0006348297072971131900, 2.637727041838946000 ) ) ;
#4336 = ORIENTED_EDGE ( 'NONE', *, *, #3655, .F. ) ;
#4337 = DIRECTION ( 'NONE',  ( -1.000000000000000000, 0.0000000000000000000, 0.0000000000000000000 ) ) ;
#4338 = CIRCLE ( 'NONE', #4595, 4.000000000000000000 ) ;
#4339 = CIRCLE ( 'NONE', #153, 3.941421356237309900 ) ;
#4340 = EDGE_LOOP ( 'NONE', ( #1040, #1192, #337, #2559, #637, #2356, #4788, #524, #2618, #4763, #4572, #4377, #3817, #3279, #2272, #287, #368, #2936, #2732, #4285, #2682, #3738, #1905, #590, #1744, #3547, #3109, #3807 ) ) ;
#4341 = DIRECTION ( 'NONE',  ( -0.0000000000000000000, 0.7050439625149885800, 0.7091635995460874300 ) ) ;
#4342 = CARTESIAN_POINT ( 'NONE',  ( 3.867028257739603300, 0.5361418639792918700, -3.896461195244192300 ) ) ;
#4343 = ORIENTED_EDGE ( 'NONE', *, *, #515, .T. ) ;
#4344 = EDGE_CURVE ( 'NONE', #269, #2032, #2723, .T. ) ;
#4345 = CIRCLE ( 'NONE', #4056, 3.800000000000004700 ) ;
#4346 = LINE ( 'NONE', #2061, #148 ) ;
#4347 = CARTESIAN_POINT ( 'NONE',  ( 3.800000000000008300, 3.719507738389911100, 1.471482988028597300 ) ) ;
#4348 = ADVANCED_FACE ( 'NONE', ( #4417 ), #2589, .T. ) ;
#4349 = VECTOR ( 'NONE', #881, 1000.000000000000000 ) ;
#4350 = CYLINDRICAL_SURFACE ( 'NONE', #3143, 4.000000000000000000 ) ;
#4351 = EDGE_CURVE ( 'NONE', #1250, #3832, #1957, .T. ) ;
#4352 = CARTESIAN_POINT ( 'NONE',  ( 3.867028257739602900, -1.483918123383827000, -3.642505311931337500 ) ) ;
#4353 = DIRECTION ( 'NONE',  ( -0.0000000000000000000, -0.9837610585915934600, -0.1794830900077979100 ) ) ;
#4354 = EDGE_LOOP ( 'NONE', ( #1436, #2988, #1569, #4712 ) ) ;
#4355 = AXIS2_PLACEMENT_3D ( 'NONE', #394, #3002, #3354 ) ;
#4356 = DIRECTION ( 'NONE',  ( -1.000000000000000000, 0.0000000000000000000, 0.0000000000000000000 ) ) ;
#4357 = CARTESIAN_POINT ( 'NONE',  ( 0.6287625125013185400, 0.6482158176200978300, 3.947127742896436000 ) ) ;
#4358 = VERTEX_POINT ( 'NONE', #3661 ) ;
#4359 = ORIENTED_EDGE ( 'NONE', *, *, #1345, .F. ) ;
#4360 = CARTESIAN_POINT ( 'NONE',  ( 3.933718438465839500, 2.339369872964338600, -3.078517827353683100 ) ) ;
#4361 = ORIENTED_EDGE ( 'NONE', *, *, #3440, .T. ) ;
#4362 = CARTESIAN_POINT ( 'NONE',  ( -0.5000000000000000000, 1.361766771556841100, -3.951227106437183800 ) ) ;
#4363 = DIRECTION ( 'NONE',  ( 0.0000000000000000000, 0.7113282007980353800, 0.7028600079314726300 ) ) ;
#4364 = AXIS2_PLACEMENT_3D ( 'NONE', #67, #4570, #191 ) ;
#4365 = ORIENTED_EDGE ( 'NONE', *, *, #1452, .F. ) ;
#4366 = CARTESIAN_POINT ( 'NONE',  ( 0.6828427124746188100, -3.094888771786613400, -2.534100134223024300 ) ) ;
#4367 = VERTEX_POINT ( 'NONE', #2573 ) ;
#4368 = ADVANCED_FACE ( 'NONE', ( #3217 ), #3896, .T. ) ;
#4369 = CARTESIAN_POINT ( 'NONE',  ( 0.1660638834213719600, 1.476574035645564100, -3.246003810518353700 ) ) ;
#4370 = EDGE_CURVE ( 'NONE', #1624, #3187, #2246, .T. ) ;
#4371 = DIRECTION ( 'NONE',  ( -0.9998119760941958100, 0.01934002534276625700, -0.001405659404126320400 ) ) ;
#4372 = B_SPLINE_CURVE_WITH_KNOTS ( 'NONE', 3,
 ( #1035, #350, #2545, #2921 ),
 .UNSPECIFIED., .F., .F.,
 ( 4, 4 ),
 ( 1.613687283335063200E-006, 0.0005756412032294465100 ),
 .UNSPECIFIED. ) ;
#4373 = EDGE_CURVE ( 'NONE', #3219, #673, #3122, .T. ) ;
#4374 = CARTESIAN_POINT ( 'NONE',  ( -0.3500000000000000300, -2.849667141383537100, 0.0002556054465696622700 ) ) ;
#4375 = VERTEX_POINT ( 'NONE', #1104 ) ;
#4376 = CARTESIAN_POINT ( 'NONE',  ( -0.3500000000000000300, -0.0006348297072971131900, 2.637727041838946000 ) ) ;
#4377 = ORIENTED_EDGE ( 'NONE', *, *, #2119, .F. ) ;
#4378 = ORIENTED_EDGE ( 'NONE', *, *, #549, .T. ) ;
#4379 = B_SPLINE_CURVE_WITH_KNOTS ( 'NONE', 3,
 ( #513, #3453, #2326, #3787 ),
 .UNSPECIFIED., .F., .F.,
 ( 4, 4 ),
 ( 3.030532451146883900E-007, 0.0005743305691906975700 ),
 .UNSPECIFIED. ) ;
#4380 = ORIENTED_EDGE ( 'NONE', *, *, #4237, .F. ) ;
#4381 = PLANE ( 'NONE',  #1529 ) ;
#4382 = CARTESIAN_POINT ( 'NONE',  ( -0.3500000000000000300, 0.01382859365527111500, 2.737314129590612900 ) ) ;
#4383 = ORIENTED_EDGE ( 'NONE', *, *, #2834, .T. ) ;
#4384 = VECTOR ( 'NONE', #1327, 1000.000000000000100 ) ;
#4385 = VERTEX_POINT ( 'NONE', #1483 ) ;
#4386 = EDGE_CURVE ( 'NONE', #952, #3526, #4413, .T. ) ;
#4387 = CARTESIAN_POINT ( 'NONE',  ( 0.1547905513575118500, 0.2295008532137697000, -3.549212001769760100 ) ) ;
#4388 = PLANE ( 'NONE',  #129 ) ;
#4389 = CARTESIAN_POINT ( 'NONE',  ( -0.5000000000000000000, 4.102746436074717500, -0.7962889350204304100 ) ) ;
#4390 = DIRECTION ( 'NONE',  ( 0.0000000000000000000, 0.0000000000000000000, 1.000000000000000000 ) ) ;
#4391 = B_SPLINE_CURVE_WITH_KNOTS ( 'NONE', 3,
 ( #2850, #3583, #1688, #4258 ),
 .UNSPECIFIED., .F., .F.,
 ( 4, 4 ),
 ( 1.258644457447424900E-005, 0.0007010889138256583700 ),
 .UNSPECIFIED. ) ;
#4392 = LINE ( 'NONE', #176, #4219 ) ;
#4393 = CARTESIAN_POINT ( 'NONE',  ( -0.3500000000000000300, 0.4361350966052695000, 0.4387708668330985700 ) ) ;
#4394 = ADVANCED_FACE ( 'NONE', ( #500 ), #31, .T. ) ;
#4395 = CARTESIAN_POINT ( 'NONE',  ( 0.2898795043564000900, -3.390649609696496600, -1.457620430467444900 ) ) ;
#4396 = AXIS2_PLACEMENT_3D ( 'NONE', #3789, #1586, #1228 ) ;
#4397 = FACE_BOUND ( 'NONE', #3407, .T. ) ;
#4398 = FACE_OUTER_BOUND ( 'NONE', #3058, .T. ) ;
#4399 = ORIENTED_EDGE ( 'NONE', *, *, #927, .F. ) ;
#4400 = ORIENTED_EDGE ( 'NONE', *, *, #3450, .T. ) ;
#4401 = EDGE_CURVE ( 'NONE', #4090, #256, #1915, .T. ) ;
#4402 = FACE_OUTER_BOUND ( 'NONE', #2553, .T. ) ;
#4403 = LINE ( 'NONE', #1224, #3432 ) ;
#4404 = CARTESIAN_POINT ( 'NONE',  ( 3.800000000000015400, -3.719507738390056800, -1.471482988028230300 ) ) ;
#4405 = DIRECTION ( 'NONE',  ( 0.9998476951563911600, 0.0000000000000000000, -0.01745240643728354600 ) ) ;
#4406 = CARTESIAN_POINT ( 'NONE',  ( 0.1660638834218254900, -0.3442512798212759600, 3.549408778513254000 ) ) ;
#4407 = ORIENTED_EDGE ( 'NONE', *, *, #705, .T. ) ;
#4408 = CARTESIAN_POINT ( 'NONE',  ( -0.3500000000000000300, 0.4369261119629236400, 0.4343604609271907200 ) ) ;
#4409 = LINE ( 'NONE', #1929, #547 ) ;
#4410 = DIRECTION ( 'NONE',  ( -1.000000000000000000, 0.0000000000000000000, 0.0000000000000000000 ) ) ;
#4411 = EDGE_CURVE ( 'NONE', #1681, #2766, #3444, .T. ) ;
#4412 = CARTESIAN_POINT ( 'NONE',  ( 0.6828427124746195800, 3.742039477864185200, 1.413202231142427300 ) ) ;
#4413 =( BOUNDED_CURVE ( )  B_SPLINE_CURVE ( 3, ( #409, #1546, #1150, #4123 ),
 .UNSPECIFIED., .F., .F. ) 
 B_SPLINE_CURVE_WITH_KNOTS ( ( 4, 4 ),
 ( 4.190563251158721400, 4.206184561331342700 ),
 .UNSPECIFIED. ) 
 CURVE ( )  GEOMETRIC_REPRESENTATION_ITEM ( )  RATIONAL_B_SPLINE_CURVE ( ( 1.000000000000000000, 0.9999796646590898300, 0.9999796646590898300, 1.000000000000000000 ) ) 
 REPRESENTATION_ITEM ( '' )  );
#4414 = VECTOR ( 'NONE', #1952, 1000.000000000000100 ) ;
#4415 = PLANE ( 'NONE',  #2769 ) ;
#4416 = ORIENTED_EDGE ( 'NONE', *, *, #2269, .T. ) ;
#4417 = FACE_OUTER_BOUND ( 'NONE', #2090, .T. ) ;
#4418 = PLANE ( 'NONE',  #2125 ) ;
#4419 = DIRECTION ( 'NONE',  ( -0.0000000000000000000, -0.0000000000000000000, 1.000000000000000000 ) ) ;
#4420 = EDGE_CURVE ( 'NONE', #222, #4293, #2005, .T. ) ;
#4421 = ORIENTED_EDGE ( 'NONE', *, *, #476, .F. ) ;
#4422 = ORIENTED_EDGE ( 'NONE', *, *, #3638, .F. ) ;
#4423 = CARTESIAN_POINT ( 'NONE',  ( 0.5414213562373104700, 2.473927132928456900, -3.068303578260133300 ) ) ;
#4424 = ADVANCED_FACE ( 'NONE', ( #4003 ), #2324, .F. ) ;
#4425 = CARTESIAN_POINT ( 'NONE',  ( -0.4940862277298009900, -0.3498323641455704500, 3.537885815460732000 ) ) ;
#4426 = AXIS2_PLACEMENT_3D ( 'NONE', #3616, #2897, #4313 ) ;
#4427 = DIRECTION ( 'NONE',  ( 1.000000000000000000, -0.0000000000000000000, -0.0000000000000000000 ) ) ;
#4428 = CARTESIAN_POINT ( 'NONE',  ( 4.000000000000000000, -3.050538719305738500, 2.265880297371540800 ) ) ;
#4429 = CARTESIAN_POINT ( 'NONE',  ( 0.6287100716745625000, -2.534936046435234400, 3.094204325467647900 ) ) ;
#4430 = ORIENTED_EDGE ( 'NONE', *, *, #3624, .T. ) ;
#4431 = ORIENTED_EDGE ( 'NONE', *, *, #2211, .F. ) ;
#4432 = EDGE_CURVE ( 'NONE', #2575, #2666, #1032, .T. ) ;
#4433 = DIRECTION ( 'NONE',  ( -1.000000000000000000, 0.0000000000000000000, 0.0000000000000000000 ) ) ;
#4434 = CARTESIAN_POINT ( 'NONE',  ( 4.000000000000000000, 0.0000000000000000000, 0.0000000000000000000 ) ) ;
#4435 = CARTESIAN_POINT ( 'NONE',  ( -0.3500000000000000300, -0.0006348297072971131900, -0.04849563989301497500 ) ) ;
#4436 = EDGE_CURVE ( 'NONE', #902, #3209, #838, .T. ) ;
#4437 = ORIENTED_EDGE ( 'NONE', *, *, #964, .T. ) ;
#4438 = ORIENTED_EDGE ( 'NONE', *, *, #669, .T. ) ;
#4439 = CARTESIAN_POINT ( 'NONE',  ( 3.800000000000015400, -3.719507738390056800, -1.471482988028230300 ) ) ;
#4440 = EDGE_LOOP ( 'NONE', ( #3920, #3900, #3513, #2788, #1354, #1322 ) ) ;
#4441 = ADVANCED_FACE ( 'NONE', ( #3840 ), #3349, .T. ) ;
#4442 = EDGE_LOOP ( 'NONE', ( #4311, #4550, #4206 ) ) ;
#4443 = ORIENTED_EDGE ( 'NONE', *, *, #1217, .T. ) ;
#4444 = AXIS2_PLACEMENT_3D ( 'NONE', #338, #389, #759 ) ;
#4445 = CARTESIAN_POINT ( 'NONE',  ( -0.3500000000000000300, -2.739855535851734000, 0.01426722581132477800 ) ) ;
#4446 = DIRECTION ( 'NONE',  ( 0.01745240643728355000, 0.6198770494631715700, -0.7845048483332532900 ) ) ;
#4447 = EDGE_CURVE ( 'NONE', #3795, #3087, #4068, .T. ) ;
#4448 = VERTEX_POINT ( 'NONE', #795 ) ;
#4449 = CARTESIAN_POINT ( 'NONE',  ( 2.765540635661610600, 1.452114929741851200, 3.727169980354334100 ) ) ;
#4450 = VERTEX_POINT ( 'NONE', #1125 ) ;
#4451 = CARTESIAN_POINT ( 'NONE',  ( 0.5414213562373099100, -3.068303578260096000, 2.473927132928504400 ) ) ;
#4452 = VECTOR ( 'NONE', #4191, 1000.000000000000100 ) ;
#4453 = CARTESIAN_POINT ( 'NONE',  ( 0.6828427124746188100, 3.947302365365815500, 0.6471507060781416200 ) ) ;
#4454 = CARTESIAN_POINT ( 'NONE',  ( 4.000000000000000000, 3.616330382358306000, 0.0000000000000000000 ) ) ;
#4455 = AXIS2_PLACEMENT_3D ( 'NONE', #2734, #1975, #4546 ) ;
#4456 = CARTESIAN_POINT ( 'NONE',  ( 0.5770793052462336300, 0.6330095181494195300, -3.926427812144095400 ) ) ;
#4457 = CIRCLE ( 'NONE', #1113, 4.000000000000000000 ) ;
#4458 = DIRECTION ( 'NONE',  ( -0.0000000000000000000, 0.8218291242362331100, 0.5697340524815997000 ) ) ;
#4459 = CARTESIAN_POINT ( 'NONE',  ( 4.000000000000000000, 1.976354467684177100, 0.2888139563100792800 ) ) ;
#4460 = CARTESIAN_POINT ( 'NONE',  ( -0.3500000000000000300, 0.4361350966052692200, 0.4387708668330989000 ) ) ;
#4461 = VERTEX_POINT ( 'NONE', #1170 ) ;
#4462 = LINE ( 'NONE', #2830, #2513 ) ;
#4463 = FACE_OUTER_BOUND ( 'NONE', #1405, .T. ) ;
#4464 = ORIENTED_EDGE ( 'NONE', *, *, #3914, .T. ) ;
#4465 = AXIS2_PLACEMENT_3D ( 'NONE', #173, #3471, #2777 ) ;
#4466 = ORIENTED_EDGE ( 'NONE', *, *, #1892, .T. ) ;
#4467 = ORIENTED_EDGE ( 'NONE', *, *, #3760, .F. ) ;
#4468 = FACE_OUTER_BOUND ( 'NONE', #4017, .T. ) ;
#4469 = FACE_OUTER_BOUND ( 'NONE', #2409, .T. ) ;
#4470 = CARTESIAN_POINT ( 'NONE',  ( 3.933718438465838600, -3.565212652511826200, 1.496389708009656600 ) ) ;
#4471 = CARTESIAN_POINT ( 'NONE',  ( 3.933718438465839500, 1.496389708008734300, -3.565212652512212500 ) ) ;
#4472 = EDGE_CURVE ( 'NONE', #3749, #3830, #1850, .T. ) ;
#4473 = DIRECTION ( 'NONE',  ( -0.0000000000000000000, 0.9835225804609072400, -0.1807853249672611600 ) ) ;
#4474 = ADVANCED_FACE ( 'NONE', ( #4654 ), #3699, .T. ) ;
#4475 = FACE_OUTER_BOUND ( 'NONE', #3988, .T. ) ;
#4476 = CARTESIAN_POINT ( 'NONE',  ( 0.5770714368074104600, 3.083878034891572200, -2.511407957145844100 ) ) ;
#4477 = LINE ( 'NONE', #856, #2527 ) ;
#4478 = PLANE ( 'NONE',  #3740 ) ;
#4479 = CARTESIAN_POINT ( 'NONE',  ( 0.1435160840379359200, 3.130906761591507200, -1.675140825583560700 ) ) ;
#4480 = CARTESIAN_POINT ( 'NONE',  ( -0.5000000000000000000, 2.740979664517526600, 3.154938171416922000 ) ) ;
#4481 =( BOUNDED_CURVE ( )  B_SPLINE_CURVE ( 3, ( #3932, #4681, #3188, #968 ),
 .UNSPECIFIED., .F., .F. ) 
 B_SPLINE_CURVE_WITH_KNOTS ( ( 4, 4 ),
 ( 2.077000745847981600, 2.092622056020570400 ),
 .UNSPECIFIED. ) 
 CURVE ( )  GEOMETRIC_REPRESENTATION_ITEM ( )  RATIONAL_B_SPLINE_CURVE ( ( 1.000000000000000000, 0.9999796646590899400, 0.9999796646590899400, 1.000000000000000000 ) ) 
 REPRESENTATION_ITEM ( '' )  );
#4482 = EDGE_CURVE ( 'NONE', #2270, #2164, #181, .T. ) ;
#4483 = ORIENTED_EDGE ( 'NONE', *, *, #1010, .T. ) ;
#4484 = CARTESIAN_POINT ( 'NONE',  ( 3.933718438465837700, -2.339369872964844400, -3.078517827353300700 ) ) ;
#4485 = ORIENTED_EDGE ( 'NONE', *, *, #2435, .F. ) ;
#4486 = DIRECTION ( 'NONE',  ( 0.0000000000000000000, 0.0000000000000000000, 1.000000000000000000 ) ) ;
#4487 = EDGE_LOOP ( 'NONE', ( #1447, #2635, #2445, #1066 ) ) ;
#4488 = DIRECTION ( 'NONE',  ( -1.000000000000000000, -0.0000000000000000000, -0.0000000000000000000 ) ) ;
#4489 = AXIS2_PLACEMENT_3D ( 'NONE', #348, #1075, #12 ) ;
#4490 = CARTESIAN_POINT ( 'NONE',  ( -0.5000000000000000000, -0.0006348297072972328800, 2.637727041838946500 ) ) ;
#4491 = ORIENTED_EDGE ( 'NONE', *, *, #3793, .F. ) ;
#4492 = EDGE_CURVE ( 'NONE', #2478, #1022, #2566, .T. ) ;
#4493 = DIRECTION ( 'NONE',  ( -0.9998119760941959200, -0.008452675918341080000, 0.01745178295873366400 ) ) ;
#4494 = CARTESIAN_POINT ( 'NONE',  ( 4.000000000000000000, 0.0000000000000000000, 0.0000000000000000000 ) ) ;
#4495 = CARTESIAN_POINT ( 'NONE',  ( -0.3500000000000000300, 0.4498906914377232000, -0.3988116865945969800 ) ) ;
#4496 = PLANE ( 'NONE',  #1998 ) ;
#4497 = VERTEX_POINT ( 'NONE', #1894 ) ;
#4498 = PLANE ( 'NONE',  #1931 ) ;
#4499 = ORIENTED_EDGE ( 'NONE', *, *, #4432, .F. ) ;
#4500 = CARTESIAN_POINT ( 'NONE',  ( 0.4151494614776247100, -1.438869663171900500, 3.534082947153417200 ) ) ;
#4501 = AXIS2_PLACEMENT_3D ( 'NONE', #756, #20, #149 ) ;
#4502 = ADVANCED_FACE ( 'NONE', ( #2762 ), #3323, .T. ) ;
#4503 = CARTESIAN_POINT ( 'NONE',  ( 0.6828427124746188100, 3.094888771785941900, -2.534100134223844100 ) ) ;
#4504 = PLANE ( 'NONE',  #2379 ) ;
#4505 = DIRECTION ( 'NONE',  ( 0.0000000000000000000, 0.0000000000000000000, -1.000000000000000000 ) ) ;
#4506 = CARTESIAN_POINT ( 'NONE',  ( 0.6828427124746188100, -0.6471507060785274300, -3.947302365365752900 ) ) ;
#4507 = CARTESIAN_POINT ( 'NONE',  ( 3.867028257739602900, 1.483918123382811100, -3.642505311931751400 ) ) ;
#4508 = ORIENTED_EDGE ( 'NONE', *, *, #147, .F. ) ;
#4509 = ORIENTED_EDGE ( 'NONE', *, *, #4282, .T. ) ;
#4510 = VERTEX_POINT ( 'NONE', #3812 ) ;
#4511 = CARTESIAN_POINT ( 'NONE',  ( 0.4151494614775555500, -3.013139154618541800, -2.341170779729907300 ) ) ;
#4512 = EDGE_CURVE ( 'NONE', #2551, #2291, #3160, .T. ) ;
#4514 = VERTEX_POINT ( 'NONE', #1991 ) ;
#4513 = CARTESIAN_POINT ( 'NONE',  ( 0.5414213562373106900, -2.473927132928381000, 3.068303578260194600 ) ) ;
#4515 = VERTEX_POINT ( 'NONE', #1612 ) ;
#4516 = DIRECTION ( 'NONE',  ( 0.0000000000000000000, 0.0000000000000000000, 1.000000000000000000 ) ) ;
#4517 = LINE ( 'NONE', #4382, #2337 ) ;
#4518 = AXIS2_PLACEMENT_3D ( 'NONE', #2819, #3175, #2461 ) ;
#4519 = CARTESIAN_POINT ( 'NONE',  ( 0.6828427124746188100, 3.094888771786105300, 2.534100134223645600 ) ) ;
#4520 = LINE ( 'NONE', #1305, #1990 ) ;
#4521 = EDGE_CURVE ( 'NONE', #3041, #1426, #1830, .T. ) ;
#4522 = CARTESIAN_POINT ( 'NONE',  ( 0.4151494614774046100, 3.013139154617813000, -2.341170779730600500 ) ) ;
#4523 = CARTESIAN_POINT ( 'NONE',  ( 0.0000000000000000000, 0.0000000000000000000, 0.0000000000000000000 ) ) ;
#4524 = LINE ( 'NONE', #4554, #2104 ) ;
#4525 = CARTESIAN_POINT ( 'NONE',  ( 3.800000000000001200, -2.485446697004599900, -3.134095518064011500 ) ) ;
#4526 = VERTEX_POINT ( 'NONE', #4187 ) ;
#4527 = ADVANCED_FACE ( 'NONE', ( #894 ), #3059, .T. ) ;
#4528 = AXIS2_PLACEMENT_3D ( 'NONE', #529, #130, #3801 ) ;
#4529 = CARTESIAN_POINT ( 'NONE',  ( 2.765540635663438000, -3.727169980354401200, -1.452114929741681500 ) ) ;
#4530 = ORIENTED_EDGE ( 'NONE', *, *, #3601, .F. ) ;
#4531 = VECTOR ( 'NONE', #4295, 1000.000000000000100 ) ;
#4532 = LINE ( 'NONE', #151, #1887 ) ;
#4533 = DIRECTION ( 'NONE',  ( -1.000000000000000000, -0.0000000000000000000, -0.0000000000000000000 ) ) ;
#4534 = CARTESIAN_POINT ( 'NONE',  ( -0.4940862277298009900, -3.537885815460817300, -0.3498323641451244200 ) ) ;
#4535 = ORIENTED_EDGE ( 'NONE', *, *, #4133, .F. ) ;
#4536 = LINE ( 'NONE', #2258, #4649 ) ;
#4537 = DIRECTION ( 'NONE',  ( 0.0000000000000000000, 1.154631945610163000E-014, 1.000000000000000000 ) ) ;
#4538 = CARTESIAN_POINT ( 'NONE',  ( -0.3500000000000000300, 0.4361350966052692200, 0.4387708668330989000 ) ) ;
#4539 =( BOUNDED_CURVE ( )  B_SPLINE_CURVE ( 3, ( #4728, #3671, #2562, #4040 ),
 .UNSPECIFIED., .F., .F. ) 
 B_SPLINE_CURVE_WITH_KNOTS ( ( 4, 4 ),
 ( 4.190563251158711600, 4.206184561331302700 ),
 .UNSPECIFIED. ) 
 CURVE ( )  GEOMETRIC_REPRESENTATION_ITEM ( )  RATIONAL_B_SPLINE_CURVE ( ( 1.000000000000000000, 0.9999796646590899400, 0.9999796646590899400, 1.000000000000000000 ) ) 
 REPRESENTATION_ITEM ( '' )  );
#4540 = CIRCLE ( 'NONE', #1356, 3.298168836287699500 ) ;
#4541 = ORIENTED_EDGE ( 'NONE', *, *, #115, .F. ) ;
#4542 = EDGE_CURVE ( 'NONE', #3098, #2420, #3660, .T. ) ;
#4543 = VECTOR ( 'NONE', #1578, 1000.000000000000000 ) ;
#4544 = CARTESIAN_POINT ( 'NONE',  ( -0.5000000000000000000, -2.740017273875385900, -0.01300691249285458200 ) ) ;
#4545 = B_SPLINE_CURVE_WITH_KNOTS ( 'NONE', 3,
 ( #2147, #2135, #1803, #999 ),
 .UNSPECIFIED., .F., .F.,
 ( 4, 4 ),
 ( 1.970706030395921900E-007, 0.0001600763227398257100 ),
 .UNSPECIFIED. ) ;
#4546 = DIRECTION ( 'NONE',  ( 0.0000000000000000000, -0.3695188828327350400, -0.9292232214220904600 ) ) ;
#4547 = ORIENTED_EDGE ( 'NONE', *, *, #1960, .T. ) ;
#4548 = ORIENTED_EDGE ( 'NONE', *, *, #3103, .T. ) ;
#4549 = CARTESIAN_POINT ( 'NONE',  ( -0.3500000000000000300, 0.3983898996960658600, 0.4504065753789245900 ) ) ;
#4550 = ORIENTED_EDGE ( 'NONE', *, *, #498, .F. ) ;
#4551 = DIRECTION ( 'NONE',  ( 0.01745240643728355300, -0.8658935039207460400, -0.4999238475782095100 ) ) ;
#4552 = ADVANCED_FACE ( 'NONE', ( #1716 ), #1239, .T. ) ;
#4553 = ORIENTED_EDGE ( 'NONE', *, *, #4759, .F. ) ;
#4554 = CARTESIAN_POINT ( 'NONE',  ( -0.5000000000000000000, 0.7337409229461024900, 0.3800760726732069800 ) ) ;
#4555 = DIRECTION ( 'NONE',  ( -1.000000000000000000, -0.0000000000000000000, -0.0000000000000000000 ) ) ;
#4556 = ORIENTED_EDGE ( 'NONE', *, *, #2522, .F. ) ;
#4557 = AXIS2_PLACEMENT_3D ( 'NONE', #2908, #1757, #1353 ) ;
#4558 = CARTESIAN_POINT ( 'NONE',  ( 0.6828427124746195800, 0.0000000000000000000, 0.0000000000000000000 ) ) ;
#4559 = DIRECTION ( 'NONE',  ( -0.0000000000000000000, -0.1765352089688959100, 0.9842943258976495400 ) ) ;
#4560 = CARTESIAN_POINT ( 'NONE',  ( 2.765540635663464200, 2.501766422338406800, 3.121153408548481800 ) ) ;
#4561 = AXIS2_PLACEMENT_3D ( 'NONE', #1346, #1653, #3582 ) ;
#4562 = CARTESIAN_POINT ( 'NONE',  ( -0.3500000000000000300, 0.3757812746759285900, -0.7609260964951746200 ) ) ;
#4563 = EDGE_LOOP ( 'NONE', ( #770, #112, #2886, #3012, #4431, #128 ) ) ;
#4564 = ORIENTED_EDGE ( 'NONE', *, *, #4195, .F. ) ;
#4565 = PLANE ( 'NONE',  #2810 ) ;
#4566 = EDGE_CURVE ( 'NONE', #2389, #828, #720, .T. ) ;
#4567 = ORIENTED_EDGE ( 'NONE', *, *, #3760, .T. ) ;
#4568 = VECTOR ( 'NONE', #2078, 1000.000000000000000 ) ;
#4569 = ORIENTED_EDGE ( 'NONE', *, *, #2861, .T. ) ;
#4570 = DIRECTION ( 'NONE',  ( 0.0000000000000000000, 0.0000000000000000000, 1.000000000000000000 ) ) ;
#4571 = DIRECTION ( 'NONE',  ( -1.000000000000000000, 0.0000000000000000000, 0.0000000000000000000 ) ) ;
#4572 = ORIENTED_EDGE ( 'NONE', *, *, #2087, .F. ) ;
#4573 = ORIENTED_EDGE ( 'NONE', *, *, #2204, .F. ) ;
#4574 = DIRECTION ( 'NONE',  ( 0.0000000000000000000, -0.5000000000000074400, 0.8660254037844342700 ) ) ;
#4575 = EDGE_CURVE ( 'NONE', #2275, #3447, #4780, .T. ) ;
#4576 = LINE ( 'NONE', #2428, #3585 ) ;
#4577 = CARTESIAN_POINT ( 'NONE',  ( -0.5000000000000000000, -0.3996595591106602000, -0.4498519076669932900 ) ) ;
#4578 = LINE ( 'NONE', #730, #1695 ) ;
#4579 = AXIS2_PLACEMENT_3D ( 'NONE', #2836, #4427, #3011 ) ;
#4580 = ORIENTED_EDGE ( 'NONE', *, *, #2398, .F. ) ;
#4581 = DIRECTION ( 'NONE',  ( 0.0000000000000000000, 0.0000000000000000000, 1.000000000000000000 ) ) ;
#4582 = EDGE_CURVE ( 'NONE', #4154, #1948, #3910, .T. ) ;
#4583 = CARTESIAN_POINT ( 'NONE',  ( -0.3500000000000000300, 1.573476229217115400, 2.849705030973278300 ) ) ;
#4584 = CARTESIAN_POINT ( 'NONE',  ( -0.3500000000000000300, -0.3751349672085616500, -0.7633777044326348600 ) ) ;
#4585 = VECTOR ( 'NONE', #1422, 1000.000000000000000 ) ;
#4586 = VECTOR ( 'NONE', #2242, 1000.000000000000000 ) ;
#4587 = ORIENTED_EDGE ( 'NONE', *, *, #3079, .T. ) ;
#4588 = ORIENTED_EDGE ( 'NONE', *, *, #3269, .F. ) ;
#4589 = VERTEX_POINT ( 'NONE', #418 ) ;
#4590 = DIRECTION ( 'NONE',  ( -1.000000000000000000, 0.0000000000000000000, 0.0000000000000000000 ) ) ;
#4591 = LINE ( 'NONE', #853, #2642 ) ;
#4592 = VECTOR ( 'NONE', #1729, 1000.000000000000000 ) ;
#4593 = CARTESIAN_POINT ( 'NONE',  ( -0.5000000000000000000, -2.739855535851734000, 0.01426722581132477800 ) ) ;
#4594 = DIRECTION ( 'NONE',  ( 0.01745240643728354600, 0.8658935039207497100, 0.4999238475782030700 ) ) ;
#4595 = AXIS2_PLACEMENT_3D ( 'NONE', #1707, #3192, #3211 ) ;
#4596 = FACE_OUTER_BOUND ( 'NONE', #2128, .T. ) ;
#4597 = CIRCLE ( 'NONE', #2820, 3.105916497100035900 ) ;
#4598 = CARTESIAN_POINT ( 'NONE',  ( -0.5000000000000000000, 2.739462666775876800, -0.01379006502842661200 ) ) ;
#4599 = CARTESIAN_POINT ( 'NONE',  ( 0.2898795043563004400, -2.207578482095244400, -2.957661126708119900 ) ) ;
#4600 = ORIENTED_EDGE ( 'NONE', *, *, #3158, .F. ) ;
#4601 = PLANE ( 'NONE',  #3567 ) ;
#4602 = EDGE_CURVE ( 'NONE', #2955, #2331, #3554, .T. ) ;
#4603 = ORIENTED_EDGE ( 'NONE', *, *, #2204, .T. ) ;
#4604 = CARTESIAN_POINT ( 'NONE',  ( -0.5000000000000000000, -0.01422933622158328900, -2.741961510399197900 ) ) ;
#4605 = ORIENTED_EDGE ( 'NONE', *, *, #635, .T. ) ;
#4606 = DIRECTION ( 'NONE',  ( 0.0000000000000000000, 5.329070518200751400E-015, -1.000000000000000000 ) ) ;
#4607 = CARTESIAN_POINT ( 'NONE',  ( 0.5414213562373281200, 3.676635533357766500, 1.420265278831660500 ) ) ;
#4608 = ORIENTED_EDGE ( 'NONE', *, *, #1402, .F. ) ;
#4609 = ORIENTED_EDGE ( 'NONE', *, *, #888, .F. ) ;
#4610 = EDGE_CURVE ( 'NONE', #3126, #59, #4766, .T. ) ;
#4611 = CARTESIAN_POINT ( 'NONE',  ( -0.5000000000000000000, -2.740979664517762400, 3.154938171417051200 ) ) ;
#4612 = ORIENTED_EDGE ( 'NONE', *, *, #938, .T. ) ;
#4613 = DIRECTION ( 'NONE',  ( 0.0000000000000000000, 0.0000000000000000000, 1.000000000000000000 ) ) ;
#4614 = CARTESIAN_POINT ( 'NONE',  ( 0.5414213562373099100, -3.894192411760163200, 0.6083319550978117900 ) ) ;
#4615 = DIRECTION ( 'NONE',  ( -1.000000000000000000, -0.0000000000000000000, -0.0000000000000000000 ) ) ;
#4616 = DIRECTION ( 'NONE',  ( -0.9998119760941958100, -0.01745178295873375500, -0.008452675918340889200 ) ) ;
#4617 = CARTESIAN_POINT ( 'NONE',  ( 0.6828427124746188100, -0.6471507060785274300, -3.947302365365752900 ) ) ;
#4618 = ORIENTED_EDGE ( 'NONE', *, *, #2855, .F. ) ;
#4619 = ORIENTED_EDGE ( 'NONE', *, *, #2650, .F. ) ;
#4620 = ORIENTED_EDGE ( 'NONE', *, *, #3979, .T. ) ;
#4621 = DIRECTION ( 'NONE',  ( -1.000000000000000000, -0.0000000000000000000, -0.0000000000000000000 ) ) ;
#4622 = VERTEX_POINT ( 'NONE', #2991 ) ;
#4623 = ORIENTED_EDGE ( 'NONE', *, *, #3045, .F. ) ;
#4624 = B_SPLINE_CURVE_WITH_KNOTS ( 'NONE', 3,
 ( #2197, #4352, #4729, #3264 ),
 .UNSPECIFIED., .F., .F.,
 ( 4, 4 ),
 ( 3.068613754348199100E-007, 0.0003088374797367448600 ),
 .UNSPECIFIED. ) ;
#4625 = CIRCLE ( 'NONE', #3606, 3.800000000000004700 ) ;
#4626 = CARTESIAN_POINT ( 'NONE',  ( -0.3500000000000000300, -0.4344076966130562800, -0.4383779146962940600 ) ) ;
#4627 = EDGE_CURVE ( 'NONE', #961, #3126, #2427, .T. ) ;
#4628 = DIRECTION ( 'NONE',  ( -0.0000000000000000000, -0.8224326114880964300, -0.5688625489174602400 ) ) ;
#4629 = DIRECTION ( 'NONE',  ( 0.0000000000000000000, 0.0000000000000000000, 1.000000000000000000 ) ) ;
#4630 = CIRCLE ( 'NONE', #1182, 4.000000000000000000 ) ;
#4631 = CARTESIAN_POINT ( 'NONE',  ( -0.5000000000000000000, -2.740017273875385400, -0.01300691249285468500 ) ) ;
#4632 = CARTESIAN_POINT ( 'NONE',  ( 0.5414213562373099100, -0.6083319550982898600, -3.894192411760088100 ) ) ;
#4633 = ADVANCED_FACE ( 'NONE', ( #435 ), #2933, .T. ) ;
#4634 = CARTESIAN_POINT ( 'NONE',  ( -0.5000000000000000000, -2.740979664518130100, -3.154938171416521900 ) ) ;
#4635 = ORIENTED_EDGE ( 'NONE', *, *, #635, .F. ) ;
#4636 = EDGE_CURVE ( 'NONE', #2420, #1302, #663, .T. ) ;
#4637 = CIRCLE ( 'NONE', #1648, 3.800000000000004700 ) ;
#4638 = VECTOR ( 'NONE', #4692, 1000.000000000000000 ) ;
#4639 = ORIENTED_EDGE ( 'NONE', *, *, #2455, .F. ) ;
#4640 = CARTESIAN_POINT ( 'NONE',  ( 0.1660638834215690000, -1.476574035646566600, -3.246003810518114400 ) ) ;
#4641 = ORIENTED_EDGE ( 'NONE', *, *, #2512, .F. ) ;
#4642 = CARTESIAN_POINT ( 'NONE',  ( 0.1660638834218191300, 0.3442512798210885500, 3.549408778513265500 ) ) ;
#4643 = CARTESIAN_POINT ( 'NONE',  ( -0.3500000000000000300, 1.600248128395219200, -1.581210277290207500 ) ) ;
#4644 = LINE ( 'NONE', #2460, #3774 ) ;
#4645 = LINE ( 'NONE', #2263, #1817 ) ;
#4646 = AXIS2_PLACEMENT_3D ( 'NONE', #4562, #2382, #1580 ) ;
#4647 = EDGE_CURVE ( 'NONE', #1250, #1537, #2629, .T. ) ;
#4648 = ORIENTED_EDGE ( 'NONE', *, *, #3197, .T. ) ;
#4649 = VECTOR ( 'NONE', #3375, 1000.000000000000000 ) ;
#4650 = CARTESIAN_POINT ( 'NONE',  ( -0.3500000000000000300, -0.01422933622158328900, -2.741961510399197900 ) ) ;
#4651 = DIRECTION ( 'NONE',  ( -1.000000000000000000, -0.0000000000000000000, -0.0000000000000000000 ) ) ;
#4652 = LINE ( 'NONE', #3350, #2586 ) ;
#4653 = ORIENTED_EDGE ( 'NONE', *, *, #476, .T. ) ;
#4654 = FACE_OUTER_BOUND ( 'NONE', #4715, .T. ) ;
#4655 = CARTESIAN_POINT ( 'NONE',  ( -0.3500000000000000300, -0.3751349672085616500, -0.7633777044326348600 ) ) ;
#4656 = CARTESIAN_POINT ( 'NONE',  ( -0.3500000000000000300, 1.598996786843808400, 1.585296749758803300 ) ) ;
#4657 = DIRECTION ( 'NONE',  ( -1.000000000000000000, -0.0000000000000000000, -0.0000000000000000000 ) ) ;
#4658 = ORIENTED_EDGE ( 'NONE', *, *, #3336, .T. ) ;
#4659 = EDGE_CURVE ( 'NONE', #806, #2597, #330, .T. ) ;
#4660 = VERTEX_POINT ( 'NONE', #4041 ) ;
#4661 = ADVANCED_FACE ( 'NONE', ( #91 ), #3654, .T. ) ;
#4662 = ORIENTED_EDGE ( 'NONE', *, *, #1692, .T. ) ;
#4663 = CARTESIAN_POINT ( 'NONE',  ( -0.3500000000000000300, 0.3813478195197339500, -0.7305789357416188100 ) ) ;
#4664 = CARTESIAN_POINT ( 'NONE',  ( 1.726467076573306800, 3.950672180265281800, -0.6265964855564427600 ) ) ;
#4665 = EDGE_CURVE ( 'NONE', #1233, #3098, #1951, .T. ) ;
#4666 = EDGE_LOOP ( 'NONE', ( #2841, #943, #77, #935, #2334, #3473 ) ) ;
#4667 = VERTEX_POINT ( 'NONE', #4451 ) ;
#4668 = CARTESIAN_POINT ( 'NONE',  ( 0.6828427124746195800, 0.0000000000000000000, 0.0000000000000000000 ) ) ;
#4669 = DIRECTION ( 'NONE',  ( 0.0000000000000000000, 0.0000000000000000000, 1.000000000000000000 ) ) ;
#4670 = CARTESIAN_POINT ( 'NONE',  ( -0.5000000000000000000, -2.730874819275297400, 1.515136497604291600 ) ) ;
#4671 = AXIS2_PLACEMENT_3D ( 'NONE', #3759, #1539, #2303 ) ;
#4672 = CARTESIAN_POINT ( 'NONE',  ( 2.765540635663478400, 2.501766422338441900, -3.121153408548453400 ) ) ;
#4673 = EDGE_CURVE ( 'NONE', #256, #1922, #133, .T. ) ;
#4674 = DIRECTION ( 'NONE',  ( 0.01745240643728355000, 0.9893396527802468300, -0.1445768478913847200 ) ) ;
#4675 = CARTESIAN_POINT ( 'NONE',  ( 3.800000000000008300, 0.5854122203252565300, -3.956929685032809700 ) ) ;
#4676 = AXIS2_PLACEMENT_3D ( 'NONE', #167, #1714, #2075 ) ;
#4677 = EDGE_LOOP ( 'NONE', ( #3521, #535, #2856, #4416 ) ) ;
#4678 = CARTESIAN_POINT ( 'NONE',  ( 4.000000000000000000, 3.050538719305558200, 2.265880297371783800 ) ) ;
#4679 = ORIENTED_EDGE ( 'NONE', *, *, #202, .T. ) ;
#4680 = ORIENTED_EDGE ( 'NONE', *, *, #1776, .F. ) ;
#4681 = CARTESIAN_POINT ( 'NONE',  ( 1.726467076573296800, 1.432687615718348800, -3.734680712912549000 ) ) ;
#4682 = LINE ( 'NONE', #694, #925 ) ;
#4683 = EDGE_LOOP ( 'NONE', ( #3, #633, #3131 ) ) ;
#4684 = EDGE_CURVE ( 'NONE', #448, #465, #2821, .T. ) ;
#4685 = ORIENTED_EDGE ( 'NONE', *, *, #1504, .F. ) ;
#4686 = CARTESIAN_POINT ( 'NONE',  ( 3.999999999999999100, -3.287753062548124800, 1.538105417644270300 ) ) ;
#4687 = CARTESIAN_POINT ( 'NONE',  ( 4.000000000000000000, 1.508903877460431300, -3.487579259111527600 ) ) ;
#4688 = B_SPLINE_CURVE_WITH_KNOTS ( 'NONE', 3,
 ( #3145, #2853, #3855, #3869 ),
 .UNSPECIFIED., .F., .F.,
 ( 4, 4 ),
 ( 1.617999822216626800E-005, 0.0007046824674733413800 ),
 .UNSPECIFIED. ) ;
#4689 = CARTESIAN_POINT ( 'NONE',  ( -0.4939148480512971000, 0.3498309152560761800, 3.537888806904159600 ) ) ;
#4690 = VECTOR ( 'NONE', #1966, 1000.000000000000000 ) ;
#4691 = DIRECTION ( 'NONE',  ( 0.0000000000000000000, 0.0000000000000000000, -1.000000000000000000 ) ) ;
#4692 = DIRECTION ( 'NONE',  ( -0.9998119760941958100, -0.01604612355460687300, -0.01088734942442558100 ) ) ;
#4693 = EDGE_CURVE ( 'NONE', #2079, #343, #1650, .T. ) ;
#4694 = FACE_OUTER_BOUND ( 'NONE', #1658, .T. ) ;
#4695 = ADVANCED_FACE ( 'NONE', ( #3054 ), #104, .T. ) ;
#4696 = EDGE_LOOP ( 'NONE', ( #4443, #3768, #1542, #3510 ) ) ;
#4697 = LINE ( 'NONE', #1017, #2632 ) ;
#4698 = LINE ( 'NONE', #4083, #4052 ) ;
#4699 = EDGE_LOOP ( 'NONE', ( #2470, #1319, #842, #3580 ) ) ;
#4700 = DIRECTION ( 'NONE',  ( -1.000000000000000000, 0.0000000000000000000, 0.0000000000000000000 ) ) ;
#4701 = AXIS2_PLACEMENT_3D ( 'NONE', #2178, #3291, #4708 ) ;
#4702 = ORIENTED_EDGE ( 'NONE', *, *, #4072, .T. ) ;
#4703 = VERTEX_POINT ( 'NONE', #722 ) ;
#4704 = EDGE_CURVE ( 'NONE', #898, #3674, #946, .T. ) ;
#4705 = LINE ( 'NONE', #2015, #1286 ) ;
#4706 = LINE ( 'NONE', #2602, #2054 ) ;
#4707 = CARTESIAN_POINT ( 'NONE',  ( -0.3500000000000000300, -0.3996595591106602000, -0.4498519076669932900 ) ) ;
#4708 = DIRECTION ( 'NONE',  ( 0.0000000000000000000, -0.1794644865654998500, 0.9837644525300665000 ) ) ;
#4709 = VECTOR ( 'NONE', #2843, 1000.000000000000100 ) ;
#4710 = CARTESIAN_POINT ( 'NONE',  ( -0.3500000000000000300, -0.7636807751848184700, -0.3763215887794814600 ) ) ;
#4711 = DIRECTION ( 'NONE',  ( -1.000000000000000000, 0.0000000000000000000, 0.0000000000000000000 ) ) ;
#4712 = ORIENTED_EDGE ( 'NONE', *, *, #3908, .T. ) ;
#4713 = CARTESIAN_POINT ( 'NONE',  ( -0.3500000000000000300, -0.4346545599123110600, -0.4368030970975792500 ) ) ;
#4714 = AXIS2_PLACEMENT_3D ( 'NONE', #930, #1268, #1679 ) ;
#4715 = EDGE_LOOP ( 'NONE', ( #752, #1306, #1215, #2755 ) ) ;
#4716 = ORIENTED_EDGE ( 'NONE', *, *, #3494, .T. ) ;
#4717 = CARTESIAN_POINT ( 'NONE',  ( -0.5000000000000000000, -2.638105293919822600, 0.0001279175331588195700 ) ) ;
#4718 = DIRECTION ( 'NONE',  ( -0.0000000000000000000, -0.5686007145592888400, 0.8226136562218415700 ) ) ;
#4719 = VERTEX_POINT ( 'NONE', #2328 ) ;
#4720 = CARTESIAN_POINT ( 'NONE',  ( -0.3500000000000000300, 2.739462666775876800, -0.01379006502842661200 ) ) ;
#4721 = EDGE_CURVE ( 'NONE', #445, #908, #1555, .T. ) ;
#4722 = PLANE ( 'NONE',  #955 ) ;
#4723 = DIRECTION ( 'NONE',  ( 0.0000000000000000000, -1.000000000000000000, -1.053579088292954900E-014 ) ) ;
#4724 = VERTEX_POINT ( 'NONE', #3791 ) ;
#4725 = CARTESIAN_POINT ( 'NONE',  ( 3.800000000000008300, 3.134095518064178500, 2.485446697004389800 ) ) ;
#4726 = ORIENTED_EDGE ( 'NONE', *, *, #2978, .T. ) ;
#4727 = EDGE_CURVE ( 'NONE', #3842, #517, #1058, .T. ) ;
#4728 = CARTESIAN_POINT ( 'NONE',  ( 3.800000000000008300, -3.956929685032832400, -0.5854122203251097600 ) ) ;
#4729 = CARTESIAN_POINT ( 'NONE',  ( 3.933718438465840400, -1.496389708009753700, -3.565212652511784400 ) ) ;
#4730 = CARTESIAN_POINT ( 'NONE',  ( 0.1435172192934945400, 3.549015225026520800, -0.1147504266070621300 ) ) ;
#4731 = EDGE_CURVE ( 'NONE', #1680, #3576, #3764, .T. ) ;
#4732 = DIRECTION ( 'NONE',  ( -1.000000000000000000, -0.0000000000000000000, -0.0000000000000000000 ) ) ;
#4733 = ORIENTED_EDGE ( 'NONE', *, *, #3185, .F. ) ;
#4734 = DIRECTION ( 'NONE',  ( -1.000000000000000000, 0.0000000000000000000, 0.0000000000000000000 ) ) ;
#4735 = EDGE_LOOP ( 'NONE', ( #1812, #2630, #3030, #2080, #2953, #4464 ) ) ;
#4736 = VERTEX_POINT ( 'NONE', #2361 ) ;
#4737 = CARTESIAN_POINT ( 'NONE',  ( -0.5000000000000000000, 0.0000000000000000000, 0.0000000000000000000 ) ) ;
#4738 = DIRECTION ( 'NONE',  ( 1.000000000000000000, -0.0000000000000000000, -0.0000000000000000000 ) ) ;
#4739 = ORIENTED_EDGE ( 'NONE', *, *, #1197, .F. ) ;
#4740 = B_SPLINE_CURVE_WITH_KNOTS ( 'NONE', 3,
 ( #3398, #3782, #4096, #4513 ),
 .UNSPECIFIED., .F., .F.,
 ( 4, 4 ),
 ( 1.613687283337163200E-006, 0.0005756412032285262400 ),
 .UNSPECIFIED. ) ;
#4741 = CARTESIAN_POINT ( 'NONE',  ( 0.5414213562373099100, 0.0000000000000000000, 0.0000000000000000000 ) ) ;
#4742 = EDGE_LOOP ( 'NONE', ( #3287, #2333, #2323, #1171, #2831, #4777 ) ) ;
#4743 = ADVANCED_FACE ( 'NONE', ( #3496 ), #4350, .T. ) ;
#4744 = LINE ( 'NONE', #4454, #977 ) ;
#4745 = CARTESIAN_POINT ( 'NONE',  ( 0.5414213562373099100, 2.473927132928420500, 3.068303578260164400 ) ) ;
#4746 = DIRECTION ( 'NONE',  ( -0.0000000000000000000, -0.7073213802703299800, -0.7068921169545430100 ) ) ;
#4747 = B_SPLINE_CURVE_WITH_KNOTS ( 'NONE', 3,
 ( #1310, #926, #3893, #1292 ),
 .UNSPECIFIED., .F., .F.,
 ( 4, 4 ),
 ( 3.103214057021261000E-007, 0.0003088409397669953500 ),
 .UNSPECIFIED. ) ;
#4748 = LINE ( 'NONE', #701, #2802 ) ;
#4749 = CARTESIAN_POINT ( 'NONE',  ( 4.000000000000000000, 3.050538719305558200, 2.265880297371783800 ) ) ;
#4750 = CARTESIAN_POINT ( 'NONE',  ( -0.5000000000000000000, 0.7655777760227657800, -0.3736647840748928400 ) ) ;
#4751 = EDGE_LOOP ( 'NONE', ( #174, #4600, #2695, #1275 ) ) ;
#4752 = CARTESIAN_POINT ( 'NONE',  ( 0.5414213562373099100, -3.068303578260096000, 2.473927132928504400 ) ) ;
#4753 = FACE_OUTER_BOUND ( 'NONE', #2313, .T. ) ;
#4754 = LINE ( 'NONE', #1845, #1333 ) ;
#4755 = ORIENTED_EDGE ( 'NONE', *, *, #858, .T. ) ;
#4756 = CARTESIAN_POINT ( 'NONE',  ( 4.000000000000000000, 0.0000000000000000000, 0.0000000000000000000 ) ) ;
#4757 = DIRECTION ( 'NONE',  ( 0.0000000000000000000, -0.1798852180200326800, -0.9836876070876797700 ) ) ;
#4758 = EDGE_LOOP ( 'NONE', ( #1175, #4609, #4229, #3307 ) ) ;
#4759 = EDGE_CURVE ( 'NONE', #794, #448, #4263, .T. ) ;
#4760 = LINE ( 'NONE', #260, #3647 ) ;
#4761 = CIRCLE ( 'NONE', #4557, 4.000000000000000000 ) ;
#4762 = CARTESIAN_POINT ( 'NONE',  ( 2.765540635663533000, -2.501766422338368700, 3.121153408548511500 ) ) ;
#4763 = ORIENTED_EDGE ( 'NONE', *, *, #4684, .T. ) ;
#4764 = CARTESIAN_POINT ( 'NONE',  ( 0.1660638834214885600, 3.246003810518219600, 1.476574035646141200 ) ) ;
#4765 = LINE ( 'NONE', #50, #3548 ) ;
#4766 = LINE ( 'NONE', #4076, #4242 ) ;
#4767 = EDGE_CURVE ( 'NONE', #1994, #1921, #2175, .T. ) ;
#4768 = CARTESIAN_POINT ( 'NONE',  ( -0.5000000000000000000, 0.0000000000000000000, 0.0000000000000000000 ) ) ;
#4769 = PLANE ( 'NONE',  #3370 ) ;
#4770 = ADVANCED_FACE ( 'NONE', ( #3781 ), #2306, .T. ) ;
#4771 = LINE ( 'NONE', #62, #1597 ) ;
#4772 = CARTESIAN_POINT ( 'NONE',  ( 1.726467076573247900, -3.734680712912463700, -1.432687615718571300 ) ) ;
#4773 = ORIENTED_EDGE ( 'NONE', *, *, #692, .F. ) ;
#4774 = VECTOR ( 'NONE', #3734, 1000.000000000000100 ) ;
#4775 = DIRECTION ( 'NONE',  ( -0.0000000000000000000, 0.8232490318544014600, -0.5676803956019537100 ) ) ;
#4776 = CARTESIAN_POINT ( 'NONE',  ( 0.6828427124746195800, 0.0000000000000000000, 0.0000000000000000000 ) ) ;
#4777 = ORIENTED_EDGE ( 'NONE', *, *, #1284, .T. ) ;
#4778 = VERTEX_POINT ( 'NONE', #4111 ) ;
#4779 = CARTESIAN_POINT ( 'NONE',  ( 0.6828427124746188100, -2.534100134223290700, 3.094888771786395800 ) ) ;
#4780 = B_SPLINE_CURVE_WITH_KNOTS ( 'NONE', 3,
 ( #35, #2248, #4470, #2277 ),
 .UNSPECIFIED., .F., .F.,
 ( 4, 4 ),
 ( 3.068613754295842400E-007, 0.0003088374797367424800 ),
 .UNSPECIFIED. ) ;
#4781 = ORIENTED_EDGE ( 'NONE', *, *, #4095, .F. ) ;
#4782 = PLANE ( 'NONE',  #4489 ) ;
#4783 = CARTESIAN_POINT ( 'NONE',  ( 4.000000000000000000, -0.4370405398061911200, -3.774784174832509300 ) ) ;
#4784 = MECHANICAL_DESIGN_GEOMETRIC_PRESENTATION_REPRESENTATION (  '', ( #3622 ), #4128 ) ;
#4785 = CARTESIAN_POINT ( 'NONE',  ( 0.1660638834212815900, 3.246003810518038400, -1.476574035646039300 ) ) ;
#4786 = VERTEX_POINT ( 'NONE', #4490 ) ;
#4787 = CARTESIAN_POINT ( 'NONE',  ( -0.3500000000000000300, -2.638105293919822200, 0.0001279175331589943200 ) ) ;
#4788 = ORIENTED_EDGE ( 'NONE', *, *, #762, .F. ) ;
#4789 = CARTESIAN_POINT ( 'NONE',  ( -0.5000000000000000000, 0.4361350966052692800, 0.4387708668330988500 ) ) ;
#4790 = EDGE_CURVE ( 'NONE', #2291, #2384, #4477, .T. ) ;
#4791 = PLANE ( 'NONE',  #1802 ) ;
#4792 = DIRECTION ( 'NONE',  ( -0.0000000000000000000, 0.9837832558475314600, 0.1793613824490389300 ) ) ;
#4793 = ADVANCED_FACE ( 'NONE', ( #550 ), #3381, .T. ) ;
ENDSEC;
END-ISO-10303-21;
